{
  "model": "glockvar:gun/daewook2_geo",
  "texture": "glockvar:gun/uv/daewook2",
  "lod": {
    "model": "glockvar:gun/lod/daewook2_geo",
    "texture": "glockvar:gun/lod/daewook2"
  },
  "hud": "glockvar:gun/hud/daewook2",
  "slot": "glockvar:gun/slot/daewook2",
  "animation": "glockvar:daewook2",
  "use_default_animation": "rifle",
  "third_person_animation": "default",
  "transform": {
    "scale": {
      "thirdperson": [0.6, 0.6, 0.6],
      "ground": [0.6, 0.6, 0.6],
      "fixed": [1.2, 1.2, 1.2]
    }
  },
  "muzzle_flash": {
    "texture": "tacz:flash/common_muzzle_flash",
    "scale": 0.75
  },
  "iron_zoom": 1.33,
  "zoom_model_fov": 55,
  "shell": {
    "initial_velocity": [5, 2, 1],
    "random_velocity": [1, 1, 0.25],
    "acceleration": [0.0, -10, 0.0],
    "angular_velocity": [360, -1200, 90],
    "living_time": 1.0
  },
  "sounds": {
    "shoot": "glockvar:daewook2/k2_shoot",
    "shoot_3p": "glockvar:daewook2/k2_shoot_3p",
    "reload_empty": "glockvar:daewook2/k2_reload_empty",
    "reload_tactical": "glockvar:daewook2/k2_reload_tactical",
    "inspect": "glockvar:daewook2/k2_inspect",
    "inspect_empty": "glockvar:daewook2/k2_inspect_empty",
    "draw": "glockvar:daewook2/k2_draw",
    "put_away": "glockvar:daewook2/k2_put_away",
    "silence": "glockvar:daewook2/k2_silence",
    "silence_3p": "glockvar:daewook2/k2_silence_3p",
    "melee_push": "tacz:melee_stock/melee_stock_01",
    "melee_stock": "tacz:melee_stock/melee_stock_02"
  },
  "offhand_show": {
    "pos": [1, 19, 4],
    "rotate": [0, 0, 50],
    "scale": [0.5, 0.5, 0.5]
  },
  "hotbar_show": {
    "0": {
      "pos": [-1, 19, 3],
      "rotate": [-180, 0, 130],
      "scale": [0.5, 0.5, 0.5]
    }
  }
}