{
  "model": "glockvar:gun/glock_17_green_geo",
  "texture": "glockvar:gun/uv/glock_17_green",
  "lod": {
    "model": "glockvar:gun/lod/glock_17",
    "texture": "glockvar:gun/lod/glock_17"
  },
  "hud": "glockvar:gun/hud/glock_17",
  "slot": "glockvar:gun/slot/glock_17_green",
  "state_machine": "glockvar:pistols_state_machine",
  "animation": "glockvar:glock_17",
  "use_default_animation": "pistol",
  "third_person_animation": "tacz:pistol_default.player_animation",
  "transform": {
    "scale": {
      "thirdperson": [0.6, 0.6, 0.6],
      "ground": [0.6, 0.6, 0.6],
      "fixed": [1.2, 1.2, 1.2]
    }
  },
  "shell": {
    "initial_velocity": [8.0, 5.0, -0.5],
    "random_velocity": [2.5, 1.5, 0.25],
    "acceleration": [0.0, -20, 0.0],
    "angular_velocity": [360, -720, 90],
    "living_time": 1.0
  },
  "muzzle_flash": {
    "texture": "tacz:flash/common_muzzle_flash",
    "scale": 0.4
  },
  "sounds": {
    "reload_empty": "glockvar:glock_17/glock17_reload_empty",
    "reload_tactical": "glockvar:glock_17/glock17_reload_tactical",
    "inspect": "glockvar:glock_17/glock17_inspect",
    "inspect_empty": "glockvar:glock_17/glock17_inspect_empty",
    "draw": "glockvar:glock_17/glock17_draw",
    "shoot": "glockvar:glock_17/glock17_shoot",
    "shoot_3p": "glockvar:glock_17/glock17_shoot_3p",
    "silence": "glockvar:glock_17/glock17_silence",
    "silence_3p": "glockvar:glock_17/glock17_silence_3p",
    "melee_push": "tacz:melee_stock/melee_stock_01",
    "melee_stock": "tacz:melee_stock/melee_stock_02",
    "flesh_hit": "glockvar:hit/hit",
    "dry_fire": "glockvar:dry_fire/dry_fire",
    "head_hit": "glockvar:hit/head_hit",
    "fire_select": "glockvar:fire_select/fire_select",
    "kill": "glockvar:kill/kill"
  },
  "offhand_show": {
    "pos": [4, 13, -1],
    "rotate": [-90, -35, 90],
    "scale": [0.5, 0.5, 0.5]
  },
  "hotbar_show": {
    "0": {
      "pos": [-5, 13, -1],
      "rotate": [-90, -35, 90],
      "scale": [0.5, 0.5, 0.5]
    }
  }
}