{
  "model": "glockvar:gun/glocket_geo",
  "texture": "glockvar:gun/uv/glocket",
  "hud": "glockvar:gun/hud/glocket",
  "slot": "glockvar:gun/slot/glocket",
  "animation": "glockvar:glocket",
  "use_default_animation": "rifle",
  "player_animator_3rd": "glockvar:rifle_default.player_animation",
  "lod": {
    "model": "tacz:gun/glocket_geo",
    "texture": "tacz:gun/glocket_geo"
  },
  "transform": {
    "scale": {
      "thirdperson": [0.6, 0.6, 0.6],
      "ground": [0.6, 0.6, 0.6],
      "fixed": [1.2, 1.2, 1.2]
    }
  },
  "sounds": {
    "reload_empty": "glockvar:glocket/g320_reload_empty",
    "inspect": "glockvar:glocket/g320_inspect",
    "inspect_empty": "glockvar:glocket/g320_inspect",
    "draw": "glockvar:glocket/g320_draw",
    "put_away":"glockvar:glocket/g320_put_away",
    "shoot": "glockvar:glocket/g320_shoot",
    "shoot_3p": "glockvar:glocket/g320_shoot",
    "melee_push": "glockvar:melee_stock/melee_stock_02",
    "melee_stock": "glockvar:melee_stock/melee_stock_03"
  },
  "offhand_show": {
    "pos": [1, 20, 4],
    "rotate": [0, 0, 45],
    "scale": [0.5, 0.5, 0.5]
  },
  "hotbar_show": {
    "0": {
      "pos": [1, 16, -2],
    "rotate": [0, 0, 20],
    "scale": [0.5, 0.5, 0.5]
    }
  }
}