{
  "model": "bf1:melee/sledge_hammer.geo",
  "animation": "bf1:sledge_hammer",
  "state_machine": "lrtactical:default_melee_state_machine",
  "texture": "bf1:melee/uv/sledge_hammer",
  "slot_texture": "bf1:melee/slot/sledge_hammer",
  "transforms": {
    "thirdperson_righthand": {
      "translation": [0, 2.5, 1]
    },
    "thirdperson_lefthand": {
      "translation": [0, 2.5, 1]
    },
    "ground": {
      "rotation": [45, 0, 0],
      "translation": [0, 6, -4]
    },
    "gui": {
      "rotation": [0, 0, -45],
      "translation": [4.5, 4, 0]
    },
    "head": {
      "translation": [0, 4.75, 0]
    },
    "fixed": {
      "rotation": [0, 0, 45],
      "translation": [4, -6, 0],
      "scale": [0.8, 0.8, 0.8]
    }
  }
}