{
    "model": "rfp:gun/6p41bp_geo",
    "texture": "rfp:gun/uv/6p41bp",
    "slot": "rfp:gun/slot/6p41bp",
    "third_person_animation": "default",
    "animation":"rfp:6p41bp",
    "use_default_animation": "rifle",
    "hud":"rfp:gun/hud/6p41bp",
    "state_machine": "rfp:test_state_machine",
    "sounds": {
        "draw": "rfp:6p41bp/draw",
        "reload_empty": "rfp:6p41bp/reload_empty",
        "reload_tactical": "rfp:6p41bp/reload_tactical",
        "inspect": "rfp:6p41bp/inspect",
        "inspect_empty": "rfp:6p41bp/inspect_empty",
        "put_away": "rfp:6p41bp/put_away",
        "shoot": "rfp:6p41bp/shoot",
        "shoot_3p": "rfp:6p41bp/shoot_3p",
        "silence":"rfp:6p41bp/silence",
        "silence_3p":"rfp:6p41bp/silence_3p"
    },
    "muzzle_flash":{
        "texture":"rfp:flash/muzzle_flash",
        "scale":1
    },
    "shell": {
        "initial_velocity": [-5, 2, 1],
        "random_velocity": [1, 1, 0.25],
        "acceleration": [0.0, -10, 0.0],
        "angular_velocity": [360, -1200, 90],
        "living_time": 3.0
    }
}