{
    "model": "rfp:gun/m2hb_geo",
    "texture": "rfp:gun/uv/m2hb",
    "slot": "rfp:gun/slot/m2hb",
    "third_person_animation": "default",
    "animation":"rfp:m2hb",
    "use_default_animation": "rifle",
    "hud":"rfp:gun/hud/m2hb",
    "state_machine": "rfp:m2hb_state_machine",
    "sounds": {
        "draw": "rfp:m2hb/draw",
        "dry_fire": "rfp:m2hb/dry_fire",
        "reload_empty": "rfp:m2hb/reload_empty",
        "reload_tactical": "rfp:m2hb/reload_tactical",
        "inspect": "rfp:m2hb/inspect",
        "inspect_empty": "rfp:m2hb/inspect_empty",
        "put_away": "rfp:m2hb/put_away",
        "shoot": "rfp:m2hb/shoot",
        "shoot_3p": "rfp:m2hb/shoot_3p"
    },
    "muzzle_flash":{
        "texture":"rfp:flash/muzzle_flash",
        "scale":1.5
    },
    "shell": {
        "initial_velocity": [0, -2, 0],
        "random_velocity": [1, 1, 0.25],
        "acceleration": [0.0, -10, 0.0],
        "angular_velocity": [360, -1200, 90],
        "living_time": 3.0
    },
    "ammo": {
        "tracer_color": "#ef3846",
        "particle": {
          "name": "crimson_spore",
          "delta": [
            0,
            0,
            0
          ],
          "speed": 0,
          "life_time": 1,
          "count": 3
        }
}
}