{
  "materials": [
    {
      "item": {
        "tag": "forge:ingots/netherite"
      },
      "count": 3
    },
    {
      "item": {
        "tag": "forge:ingots/iron"
      },
      "count": 128
    },
    {
      "item": {
        "tag": "forge:ingots/gold"
      },
      "count": 32
    },
    {
      "item": {
        "tag": "forge:leather"
      },
      "count": 24
    },
    {
      "item": {
        "tag": "forge:rods/blaze"
      },
      "count": 64
    }
  ],
  "result": {
    "type": "gun",
    "id": "bf1:m2_2"
  },
  "type": "tacz:gun_smith_table_crafting"
}