{
  "materials": [
    {
      "item": {
        "tag": "forge:gems/diamond"
      },
      "count": 2
    },
    {
      "item": {
        "tag": "forge:ingots/iron"
      },
      "count": 64
    },
    {
      "item": {
        "tag": "forge:gems/quartz"
      },
      "count": 64
    },
        {
      "item": {
        "tag": "forge:dusts/redstone"
      },
      "count": 32
    }
  ],
  "result": {
    "type": "gun",
    "id": "bf1:rorsch_mk4"
  },
  "type": "tacz:gun_smith_table_crafting"
}