{
	"format_version": "1.12.0",
	"minecraft:geometry": [
		{
			"description": {
				"identifier": "geometry.unknown",
				"texture_width": 32,
				"texture_height": 32,
				"visible_bounds_width": 5,
				"visible_bounds_height": 4,
				"visible_bounds_offset": [0, 1, 0]
			},
			"bones": [
				{
					"name": "root",
					"pivot": [0, 8, 0]
				},
				{
					"name": "weapon",
					"parent": "root",
					"pivot": [0, 16, 0]
				},
				{
					"name": "mid",
					"parent": "weapon",
					"pivot": [0, 0, 0],
					"rotation": [0, 90, 0],
					"cubes": [
						{
							"origin": [-0.50888, 3, 0.125],
							"size": [0.51776, 24, 0.5],
							"pivot": [-0.25, 0, 0],
							"rotation": [0, -45, 0],
							"uv": {
								"south": {"uv": [2, 0], "uv_size": [0.5, 24]}
							}
						},
						{
							"origin": [-0.50888, 3, -0.625],
							"size": [1.01776, 24, 1.25],
							"uv": {
								"north": {"uv": [0, 0], "uv_size": [1, 24]},
								"south": {"uv": [1, 0], "uv_size": [1, 24]}
							}
						},
						{
							"origin": [-0.875, 3, -0.25888],
							"size": [0.5, 24, 0.51776],
							"pivot": [-0.25, 0, 0],
							"rotation": [0, -45, 0],
							"uv": {
								"east": {"uv": [3, 0], "uv_size": [0.5, 24]}
							}
						},
						{
							"origin": [-0.00888, 3, 0.125],
							"size": [0.51776, 24, 0.5],
							"pivot": [0.25, 0, 0],
							"rotation": [0, 45, 0],
							"uv": {
								"south": {"uv": [7, 0], "uv_size": [0.5, 24]}
							}
						},
						{
							"origin": [0.375, 3, -0.25888],
							"size": [0.5, 24, 0.51776],
							"pivot": [0.25, 0, 0],
							"rotation": [0, 45, 0],
							"uv": {
								"west": {"uv": [6, 0], "uv_size": [0.5, 24]}
							}
						},
						{
							"origin": [-0.875, 3, -0.25888],
							"size": [1.75, 24, 0.51776],
							"uv": {
								"east": {"uv": [4, 0], "uv_size": [0.5, 24]},
								"west": {"uv": [5, 0], "uv_size": [0.5, 24]}
							}
						}
					]
				},
				{
					"name": "band1",
					"parent": "weapon",
					"pivot": [0, 25.5, 0],
					"rotation": [0, 90, 0],
					"cubes": [
						{
							"origin": [-0.47922, 25, 0.33195],
							"size": [0.56953, 1.25, 0.55],
							"pivot": [0, 25.625, 0],
							"rotation": [0, -45, 0],
							"uv": {
								"south": {"uv": [22, 3], "uv_size": [0.5, 1.25]},
								"up": {"uv": [24, 27], "uv_size": [0.5, 0.5]},
								"down": {"uv": [27, 24.5], "uv_size": [0.5, -0.5]}
							}
						},
						{
							"origin": [-0.55977, 25, -0.6875],
							"size": [1.11954, 1.25, 1.375],
							"uv": {
								"north": {"uv": [17, 20], "uv_size": [1, 1.25]},
								"south": {"uv": [18, 20], "uv_size": [1, 1.25]},
								"up": {"uv": [14, 19], "uv_size": [1, 1.5]},
								"down": {"uv": [15, 20.5], "uv_size": [1, -1.5]}
							}
						},
						{
							"origin": [-0.88195, 25, -0.09031],
							"size": [0.55, 1.25, 0.56953],
							"pivot": [0, 25.625, 0],
							"rotation": [0, -45, 0],
							"uv": {
								"east": {"uv": [22, 5], "uv_size": [0.5, 1.25]},
								"up": {"uv": [25, 27], "uv_size": [0.5, 0.5]},
								"down": {"uv": [27, 25.5], "uv_size": [0.5, -0.5]}
							}
						},
						{
							"origin": [-1.09388, 25.1875, -0.29852],
							"size": [0.125, 0.875, 0.63472],
							"pivot": [-1.09388, 26.0625, 0.3362],
							"rotation": [0, -11.94618, 0],
							"uv": {
								"east": {"uv": [16, 21], "uv_size": [0.75, 1]},
								"up": {"uv": [1, 28], "uv_size": [0.25, 0.75]},
								"down": {"uv": [28, 1.75], "uv_size": [0.25, -0.75]}
							}
						},
						{
							"origin": [-1.09388, 25.1875, 0.3362],
							"size": [0.125, 0.875, 0.63558],
							"pivot": [-1.09388, 26.0625, 0.3362],
							"rotation": [0, 50.5, 0],
							"uv": {
								"east": {"uv": [22, 0], "uv_size": [0.75, 1]},
								"south": {"uv": [28, 0], "uv_size": [0.25, 1]},
								"up": {"uv": [2, 28], "uv_size": [0.25, 0.75]},
								"down": {"uv": [28, 2.75], "uv_size": [0.25, -0.75]}
							}
						},
						{
							"origin": [-0.09031, 25, 0.33195],
							"size": [0.56953, 1.25, 0.55],
							"pivot": [0, 25.625, 0],
							"rotation": [0, 45, 0],
							"uv": {
								"south": {"uv": [22, 7], "uv_size": [0.5, 1.25]},
								"up": {"uv": [26, 27], "uv_size": [0.5, 0.5]},
								"down": {"uv": [27, 26.5], "uv_size": [0.5, -0.5]}
							}
						},
						{
							"origin": [0.33195, 25, -0.09031],
							"size": [0.55, 1.25, 0.56953],
							"pivot": [0, 25.625, 0],
							"rotation": [0, 45, 0],
							"uv": {
								"west": {"uv": [8, 22], "uv_size": [0.5, 1.25]},
								"up": {"uv": [27, 27], "uv_size": [0.5, 0.5]},
								"down": {"uv": [0, 28.5], "uv_size": [0.5, -0.5]}
							}
						},
						{
							"origin": [-0.9625, 25, -0.28477],
							"size": [1.925, 1.25, 0.56954],
							"uv": {
								"east": {"uv": [22, 9], "uv_size": [0.5, 1.25]},
								"west": {"uv": [22, 11], "uv_size": [0.5, 1.25]},
								"up": {"uv": [21, 16], "uv_size": [2, 0.5]},
								"down": {"uv": [21, 17.5], "uv_size": [2, -0.5]}
							}
						}
					]
				},
				{
					"name": "band2",
					"parent": "weapon",
					"pivot": [0, 8.5, 0],
					"rotation": [0, 90, 0],
					"cubes": [
						{
							"origin": [-0.47922, 8, 0.33195],
							"size": [0.56953, 1.25, 0.55],
							"pivot": [0, 8.625, 0],
							"rotation": [0, -45, 0],
							"uv": {
								"south": {"uv": [22, 3], "uv_size": [0.5, 1.25]},
								"up": {"uv": [24, 27], "uv_size": [0.5, 0.5]},
								"down": {"uv": [27, 24.5], "uv_size": [0.5, -0.5]}
							}
						},
						{
							"origin": [-0.55977, 8, -0.6875],
							"size": [1.11954, 1.25, 1.375],
							"uv": {
								"north": {"uv": [17, 20], "uv_size": [1, 1.25]},
								"south": {"uv": [18, 20], "uv_size": [1, 1.25]},
								"up": {"uv": [14, 19], "uv_size": [1, 1.5]},
								"down": {"uv": [15, 20.5], "uv_size": [1, -1.5]}
							}
						},
						{
							"origin": [-0.88195, 8, -0.09031],
							"size": [0.55, 1.25, 0.56953],
							"pivot": [0, 8.625, 0],
							"rotation": [0, -45, 0],
							"uv": {
								"east": {"uv": [22, 5], "uv_size": [0.5, 1.25]},
								"up": {"uv": [25, 27], "uv_size": [0.5, 0.5]},
								"down": {"uv": [27, 25.5], "uv_size": [0.5, -0.5]}
							}
						},
						{
							"origin": [-1.09388, 8.1875, -0.29852],
							"size": [0.125, 0.875, 0.63472],
							"pivot": [-1.09388, 9.0625, 0.3362],
							"rotation": [0, -11.94618, 0],
							"uv": {
								"east": {"uv": [16, 21], "uv_size": [0.75, 1]},
								"up": {"uv": [1, 28], "uv_size": [0.25, 0.75]},
								"down": {"uv": [28, 1.75], "uv_size": [0.25, -0.75]}
							}
						},
						{
							"origin": [-1.09388, 8.1875, 0.3362],
							"size": [0.125, 0.875, 0.63558],
							"pivot": [-1.09388, 9.0625, 0.3362],
							"rotation": [0, 50.5, 0],
							"uv": {
								"east": {"uv": [22, 0], "uv_size": [0.75, 1]},
								"south": {"uv": [28, 0], "uv_size": [0.25, 1]},
								"up": {"uv": [2, 28], "uv_size": [0.25, 0.75]},
								"down": {"uv": [28, 2.75], "uv_size": [0.25, -0.75]}
							}
						},
						{
							"origin": [-0.09031, 8, 0.33195],
							"size": [0.56953, 1.25, 0.55],
							"pivot": [0, 8.625, 0],
							"rotation": [0, 45, 0],
							"uv": {
								"south": {"uv": [22, 7], "uv_size": [0.5, 1.25]},
								"up": {"uv": [26, 27], "uv_size": [0.5, 0.5]},
								"down": {"uv": [27, 26.5], "uv_size": [0.5, -0.5]}
							}
						},
						{
							"origin": [0.33195, 8, -0.09031],
							"size": [0.55, 1.25, 0.56953],
							"pivot": [0, 8.625, 0],
							"rotation": [0, 45, 0],
							"uv": {
								"west": {"uv": [8, 22], "uv_size": [0.5, 1.25]},
								"up": {"uv": [27, 27], "uv_size": [0.5, 0.5]},
								"down": {"uv": [0, 28.5], "uv_size": [0.5, -0.5]}
							}
						},
						{
							"origin": [-0.9625, 8, -0.28477],
							"size": [1.925, 1.25, 0.56954],
							"uv": {
								"east": {"uv": [22, 9], "uv_size": [0.5, 1.25]},
								"west": {"uv": [22, 11], "uv_size": [0.5, 1.25]},
								"up": {"uv": [21, 16], "uv_size": [2, 0.5]},
								"down": {"uv": [21, 17.5], "uv_size": [2, -0.5]}
							}
						}
					]
				},
				{
					"name": "top",
					"parent": "weapon",
					"pivot": [0, 27, 0],
					"rotation": [0, 90, 0]
				},
				{
					"name": "bone1",
					"parent": "top",
					"pivot": [0, 29, 0],
					"cubes": [
						{
							"origin": [-1.5, 27.625, -1.499],
							"size": [3, 2.75, 2.998],
							"uv": {
								"north": {"uv": [16, 6], "uv_size": [3, 2.75]},
								"south": {"uv": [8, 16], "uv_size": [3, 2.75]}
							}
						},
						{
							"origin": [-1.5, 27.5, -1.375],
							"size": [3, 2.999, 2.75],
							"uv": {
								"up": {"uv": [16, 0], "uv_size": [3, 2.75]},
								"down": {"uv": [16, 5.75], "uv_size": [3, -2.75]}
							}
						},
						{
							"origin": [-1.5, 26.96707, -0.08839],
							"size": [3, 4.06586, 0.17678],
							"pivot": [0, 29, 0],
							"rotation": [-45, 0, 0],
							"uv": {
								"up": {"uv": [21, 19], "uv_size": [3, 0.25]},
								"down": {"uv": [21, 20.25], "uv_size": [3, -0.25]}
							}
						},
						{
							"origin": [-1.5, 26.96707, -0.08839],
							"size": [3, 4.06586, 0.17678],
							"pivot": [0, 29, 0],
							"rotation": [45, 0, 0],
							"uv": {
								"up": {"uv": [21, 18], "uv_size": [3, 0.25]},
								"down": {"uv": [19, 21.25], "uv_size": [3, -0.25]}
							}
						}
					]
				},
				{
					"name": "bone2",
					"parent": "top",
					"pivot": [1.60817, 31, 0],
					"cubes": [
						{
							"origin": [1.5, 27.5, -1.67678],
							"size": [1.1, 1.06586, 0.30178],
							"pivot": [1.5, 27.5, -1.375],
							"rotation": [-54.73561, -45, 0],
							"uv": {
								"down": {"uv": [26, 1.25], "uv_size": [1, -0.25]}
							}
						},
						{
							"origin": [2, 27.501, -1.80178],
							"size": [0.5, 1.06486, 0.67678],
							"pivot": [1.5, 27.5, -1.375],
							"rotation": [-39.23152, -24.09484, -26.56505],
							"uv": {
								"down": {"uv": [2, 25.75], "uv_size": [0.5, -0.75]}
							}
						},
						{
							"origin": [1.5, 27.625, -1.5],
							"size": [1.1, 1.06586, 0.30178],
							"pivot": [1.5, 27.625, -1.5],
							"rotation": [-35.26439, 0, -45],
							"uv": {
								"down": {"uv": [1, 26.25], "uv_size": [1, -0.25]}
							}
						},
						{
							"origin": [1.5, 27.501, -1.55178],
							"size": [0.5, 1.06486, 0.17678],
							"pivot": [1.5, 27.5, -1.375],
							"rotation": [-39.23152, -24.09484, -26.56505],
							"uv": {
								"down": {"uv": [28, 4.25], "uv_size": [0.5, -0.25]}
							}
						},
						{
							"origin": [1.975, 27.501, 1.1125],
							"size": [0.525, 1.06486, 0.70178],
							"pivot": [1.5, 27.5, 1.375],
							"rotation": [39.23152, 24.09484, -26.56505],
							"uv": {
								"down": {"uv": [25, 1.75], "uv_size": [0.5, -0.75]}
							}
						},
						{
							"origin": [1.5, 27.5, 1.375],
							"size": [1.1, 1.06586, 0.23928],
							"pivot": [1.5, 27.5, 1.375],
							"rotation": [54.73561, 45, 0],
							"uv": {
								"down": {"uv": [26, 0.25], "uv_size": [1, -0.25]}
							}
						},
						{
							"origin": [1.5, 27.625, 1.26072],
							"size": [1.1, 1.06586, 0.23928],
							"pivot": [1.5, 27.625, 1.5],
							"rotation": [35.26439, 0, -45],
							"uv": {
								"down": {"uv": [25, 25.25], "uv_size": [1, -0.25]}
							}
						},
						{
							"origin": [1.5, 27.501, 1.375],
							"size": [0.475, 1.06486, 0.17678],
							"pivot": [1.5, 27.5, 1.375],
							"rotation": [39.23152, 24.09484, -26.56505],
							"uv": {
								"down": {"uv": [4, 28.25], "uv_size": [0.5, -0.25]}
							}
						},
						{
							"origin": [1.5, 29.43414, -1.55178],
							"size": [0.5, 1.06486, 0.17678],
							"pivot": [1.5, 30.5, -1.375],
							"rotation": [39.23152, -24.09484, 26.56505],
							"uv": {
								"up": {"uv": [28, 3], "uv_size": [0.5, 0.25]}
							}
						},
						{
							"origin": [1.975, 29.43414, -1.81428],
							"size": [0.525, 1.06486, 0.70178],
							"pivot": [1.5, 30.5, -1.375],
							"rotation": [39.23152, -24.09484, 26.56505],
							"uv": {
								"up": {"uv": [1, 25], "uv_size": [0.5, 0.75]}
							}
						},
						{
							"origin": [1.5, 29.30914, -1.5],
							"size": [1.1, 1.06586, 0.23928],
							"pivot": [1.5, 30.375, -1.5],
							"rotation": [35.26439, 0, 45],
							"uv": {
								"up": {"uv": [24, 25], "uv_size": [1, 0.25]}
							}
						},
						{
							"origin": [1.5, 29.43414, -1.61428],
							"size": [1.1, 1.06586, 0.23928],
							"pivot": [1.5, 30.5, -1.375],
							"rotation": [54.73561, -45, 0],
							"uv": {
								"up": {"uv": [25, 24], "uv_size": [1, 0.25]}
							}
						},
						{
							"origin": [1.5, 29.43414, 1.375],
							"size": [1.1, 1.06586, 0.23928],
							"pivot": [1.5, 30.5, 1.375],
							"rotation": [-54.73561, 45, 0],
							"uv": {
								"up": {"uv": [23, 25], "uv_size": [1, 0.25]}
							}
						},
						{
							"origin": [1.5, 29.30914, 1.26072],
							"size": [1.1, 1.06586, 0.23928],
							"pivot": [1.5, 30.375, 1.5],
							"rotation": [-35.26439, 0, 45],
							"uv": {
								"up": {"uv": [25, 23], "uv_size": [1, 0.25]}
							}
						},
						{
							"origin": [1.5, 29.43414, 1.375],
							"size": [0.475, 1.06486, 0.17678],
							"pivot": [1.5, 30.5, 1.375],
							"rotation": [-39.23152, 24.09484, 26.56505],
							"uv": {
								"up": {"uv": [3, 28], "uv_size": [0.5, 0.25]}
							}
						},
						{
							"origin": [1.975, 29.43414, 1.1125],
							"size": [0.525, 1.06486, 0.70178],
							"pivot": [1.5, 30.5, 1.375],
							"rotation": [-39.23152, 24.09484, 26.56505],
							"uv": {
								"up": {"uv": [25, 0], "uv_size": [0.5, 0.75]}
							}
						},
						{
							"origin": [0.52773, 28.02773, -1.498],
							"size": [1.94454, 1.94454, 2.996],
							"pivot": [1.5, 29, 0],
							"rotation": [0, 0, 45],
							"uv": {
								"north": {"uv": [16, 9], "uv_size": [2, 2]},
								"south": {"uv": [11, 16], "uv_size": [2, 2]}
							}
						},
						{
							"origin": [0.52773, 28.02773, -1.498],
							"size": [1.94454, 1.94454, 2.997],
							"pivot": [1.5, 29, 0],
							"rotation": [-90, 45, 0],
							"uv": {
								"north": {"uv": [16, 11], "uv_size": [2, 2]},
								"south": {"uv": [13, 16], "uv_size": [2, 2]}
							}
						}
					]
				},
				{
					"name": "bone3",
					"parent": "top",
					"pivot": [-1.60817, 31, 0],
					"cubes": [
						{
							"origin": [-2.6, 27.5, -1.61428],
							"size": [1.1, 1.06586, 0.23928],
							"pivot": [-1.5, 27.5, -1.375],
							"rotation": [-54.73561, 45, 0],
							"uv": {
								"down": {"uv": [2, 26.25], "uv_size": [1, -0.25]}
							}
						},
						{
							"origin": [-2.5, 27.501, -1.81428],
							"size": [0.525, 1.06486, 0.70178],
							"pivot": [-1.5, 27.5, -1.375],
							"rotation": [-39.23152, 24.09484, 26.56505],
							"uv": {
								"down": {"uv": [25, 2.75], "uv_size": [0.5, -0.75]}
							}
						},
						{
							"origin": [-2.6, 27.625, -1.5],
							"size": [1.1, 1.06586, 0.23928],
							"pivot": [-1.5, 27.625, -1.5],
							"rotation": [-35.26439, 0, 45],
							"uv": {
								"down": {"uv": [26, 2.25], "uv_size": [1, -0.25]}
							}
						},
						{
							"origin": [-1.975, 27.501, -1.55178],
							"size": [0.475, 1.06486, 0.17678],
							"pivot": [-1.5, 27.5, -1.375],
							"rotation": [-39.23152, 24.09484, 26.56505],
							"uv": {
								"down": {"uv": [5, 28.25], "uv_size": [0.5, -0.25]}
							}
						},
						{
							"origin": [-2.5, 27.501, 1.1125],
							"size": [0.525, 1.06486, 0.70178],
							"pivot": [-1.5, 27.5, 1.375],
							"rotation": [39.23152, -24.09484, 26.56505],
							"uv": {
								"down": {"uv": [3, 25.75], "uv_size": [0.5, -0.75]}
							}
						},
						{
							"origin": [-2.6, 27.5, 1.375],
							"size": [1.1, 1.06586, 0.23928],
							"pivot": [-1.5, 27.5, 1.375],
							"rotation": [54.73561, -45, 0],
							"uv": {
								"down": {"uv": [3, 26.25], "uv_size": [1, -0.25]}
							}
						},
						{
							"origin": [-2.6, 27.625, 1.26072],
							"size": [1.1, 1.06586, 0.23928],
							"pivot": [-1.5, 27.625, 1.5],
							"rotation": [35.26439, 0, 45],
							"uv": {
								"down": {"uv": [26, 3.25], "uv_size": [1, -0.25]}
							}
						},
						{
							"origin": [-1.975, 27.501, 1.375],
							"size": [0.475, 1.06486, 0.17678],
							"pivot": [-1.5, 27.5, 1.375],
							"rotation": [39.23152, -24.09484, 26.56505],
							"uv": {
								"down": {"uv": [28, 5.25], "uv_size": [0.5, -0.25]}
							}
						},
						{
							"origin": [-2, 29.43414, -1.55178],
							"size": [0.5, 1.06486, 0.17678],
							"pivot": [-1.5, 30.5, -1.375],
							"rotation": [39.23152, 24.09484, -26.56505],
							"uv": {
								"up": {"uv": [6, 28], "uv_size": [0.5, 0.25]}
							}
						},
						{
							"origin": [-2.5, 29.43414, -1.80178],
							"size": [0.5, 1.06486, 0.67678],
							"pivot": [-1.5, 30.5, -1.375],
							"rotation": [39.23152, 24.09484, -26.56505],
							"uv": {
								"up": {"uv": [25, 3], "uv_size": [0.5, 0.75]}
							}
						},
						{
							"origin": [-2.6, 29.30914, -1.5],
							"size": [1.1, 1.06586, 0.23928],
							"pivot": [-1.5, 30.375, -1.5],
							"rotation": [35.26439, 0, -45],
							"uv": {
								"up": {"uv": [4, 26], "uv_size": [1, 0.25]}
							}
						},
						{
							"origin": [-2.6, 29.43414, -1.61428],
							"size": [1.1, 1.06586, 0.23928],
							"pivot": [-1.5, 30.5, -1.375],
							"rotation": [54.73561, 45, 0],
							"uv": {
								"up": {"uv": [5, 26], "uv_size": [1, 0.25]}
							}
						},
						{
							"origin": [-2.6, 29.43414, 1.375],
							"size": [1.1, 1.06586, 0.23928],
							"pivot": [-1.5, 30.5, 1.375],
							"rotation": [-54.73561, -45, 0],
							"uv": {
								"up": {"uv": [6, 26], "uv_size": [1, 0.25]}
							}
						},
						{
							"origin": [-2.6, 29.30914, 1.26072],
							"size": [1.1, 1.06586, 0.23928],
							"pivot": [-1.5, 30.375, 1.5],
							"rotation": [-35.26439, 0, -45],
							"uv": {
								"up": {"uv": [7, 26], "uv_size": [1, 0.25]}
							}
						},
						{
							"origin": [-1.975, 29.43414, 1.375],
							"size": [0.475, 1.06486, 0.17678],
							"pivot": [-1.5, 30.5, 1.375],
							"rotation": [-39.23152, -24.09484, -26.56505],
							"uv": {
								"up": {"uv": [28, 6], "uv_size": [0.5, 0.25]}
							}
						},
						{
							"origin": [-2.5, 29.43414, 1.1125],
							"size": [0.525, 1.06486, 0.70178],
							"pivot": [-1.5, 30.5, 1.375],
							"rotation": [-39.23152, -24.09484, -26.56505],
							"uv": {
								"up": {"uv": [4, 25], "uv_size": [0.5, 0.75]}
							}
						},
						{
							"origin": [-2.47227, 28.02773, -1.498],
							"size": [1.94454, 1.94454, 2.996],
							"pivot": [-1.5, 29, 0],
							"rotation": [0, 0, -45],
							"uv": {
								"north": {"uv": [16, 13], "uv_size": [2, 2]},
								"south": {"uv": [15, 16], "uv_size": [2, 2]}
							}
						},
						{
							"origin": [-2.47227, 28.02773, -1.498],
							"size": [1.94454, 1.94454, 2.997],
							"pivot": [-1.5, 29, 0],
							"rotation": [-90, -45, 0],
							"uv": {
								"north": {"uv": [17, 15], "uv_size": [2, 2]},
								"south": {"uv": [17, 17], "uv_size": [2, 2]}
							}
						}
					]
				},
				{
					"name": "octagon2",
					"parent": "top",
					"pivot": [0, 29, 0],
					"cubes": [
						{
							"origin": [-4, 28.37868, -1.5],
							"size": [8, 1.24264, 3],
							"pivot": [0, 29, 0],
							"rotation": [-45, 0, 0],
							"uv": {
								"north": {"uv": [8, 0], "uv_size": [8, 1.25]},
								"south": {"uv": [8, 2], "uv_size": [8, 1.25]}
							}
						},
						{
							"origin": [-4, 28.37868, -1.5],
							"size": [8, 1.24264, 3],
							"uv": {
								"north": {"uv": [8, 4], "uv_size": [8, 1.25]},
								"south": {"uv": [8, 6], "uv_size": [8, 1.25]}
							}
						},
						{
							"origin": [-4, 27.5, -0.62132],
							"size": [8, 3, 1.24264],
							"pivot": [0, 29, 0],
							"rotation": [-45, 0, 0],
							"uv": {
								"up": {"uv": [8, 8], "uv_size": [8, 1.25]},
								"down": {"uv": [8, 11.25], "uv_size": [8, -1.25]}
							}
						},
						{
							"origin": [-4, 27.5, -0.62132],
							"size": [8, 3, 1.24264],
							"uv": {
								"up": {"uv": [8, 12], "uv_size": [8, 1.25]},
								"down": {"uv": [8, 15.25], "uv_size": [8, -1.25]}
							}
						},
						{
							"origin": [-2, 28.25, -1.5125],
							"size": [4, 1.5, 3.025],
							"pivot": [0, 29, 0],
							"rotation": [0, 0, -5],
							"uv": {
								"north": {"uv": [7.25, 29], "uv_size": [7.25, 3]}
							}
						}
					]
				},
				{
					"name": "octagon3",
					"parent": "top",
					"pivot": [0, 29, 0],
					"cubes": [
						{
							"origin": [-4.188, 28.45634, -1.3125],
							"size": [8.376, 1.08732, 2.625],
							"pivot": [0, 29, 0],
							"rotation": [-45, 0, 0],
							"uv": {
								"east": {"uv": [13, 18], "uv_size": [2.75, 1]},
								"west": {"uv": [18, 14], "uv_size": [2.75, 1]}
							}
						},
						{
							"origin": [-4.1865, 28.45634, -1.3125],
							"size": [8.373, 1.08732, 2.625],
							"uv": {
								"east": {"uv": [19, 0], "uv_size": [2.75, 1]},
								"west": {"uv": [19, 1], "uv_size": [2.75, 1]}
							}
						},
						{
							"origin": [-4.1875, 27.6875, -0.54366],
							"size": [8.375, 2.625, 1.08732],
							"pivot": [0, 29, 0],
							"rotation": [-45, 0, 0],
							"uv": {
								"east": {"uv": [16, 18], "uv_size": [1, 2.75]},
								"west": {"uv": [19, 2], "uv_size": [1, 2.75]}
							}
						},
						{
							"origin": [-4.1865, 27.6875, -0.54366],
							"size": [8.373, 2.625, 1.08732],
							"uv": {
								"east": {"uv": [19, 5], "uv_size": [1, 2.75]},
								"west": {"uv": [8, 19], "uv_size": [1, 2.75]}
							}
						}
					]
				},
				{
					"name": "bone4",
					"parent": "octagon3",
					"pivot": [0, 29, 0],
					"cubes": [
						{
							"origin": [3.77367, 30.14108, -0.54366],
							"size": [0.375, 0.26517, 1.08732],
							"pivot": [3.96117, 30.27367, 0],
							"rotation": [0, 0, -45],
							"uv": {
								"west": {"uv": [8, 26], "uv_size": [1, 0.25]}
							}
						},
						{
							"origin": [3.8125, 30.3125, -0.54366],
							"size": [0.375, 0.2513, 0.06232],
							"pivot": [4.1875, 30.3125, -0.54366],
							"rotation": [16.32496, 0, -45],
							"uv": {
								"west": {"uv": [7, 28], "uv_size": [0.25, 0.25]}
							}
						},
						{
							"origin": [3.8125, 30.3125, 0.48134],
							"size": [0.375, 0.2513, 0.06232],
							"pivot": [4.1875, 30.3125, 0.54366],
							"rotation": [-16.32496, 0, -45],
							"uv": {
								"west": {"uv": [28, 7], "uv_size": [0.25, 0.25]}
							}
						},
						{
							"origin": [3.77367, 30.36608, -0.62132],
							"size": [0.374, 0.04017, 1.24264],
							"pivot": [3.96117, 30.27367, 0],
							"rotation": [0, 0, -45],
							"uv": {
								"west": {"uv": [25, 4], "uv_size": [1.25, 0.25]}
							}
						},
						{
							"origin": [3.77367, 29.99304, 0.2793],
							"size": [0.374, 0.04016, 1.24264],
							"pivot": [3.96117, 29.90062, 0.90062],
							"rotation": [-35.2644, -30, -35.2644],
							"uv": {
								"west": {"uv": [5, 25], "uv_size": [1.25, 0.25]}
							}
						},
						{
							"origin": [3.8125, 29.54366, 1.25019],
							"size": [0.375, 0.2513, 0.06231],
							"pivot": [4.1875, 29.54366, 1.3125],
							"rotation": [-51.5893, -30, -35.2644],
							"uv": {
								"west": {"uv": [28, 8], "uv_size": [0.25, 0.25]}
							}
						},
						{
							"origin": [3.8125, 30.3125, 0.54366],
							"size": [0.375, 0.2513, 0.06231],
							"pivot": [4.1875, 30.3125, 0.54366],
							"rotation": [-18.9394, -30, -35.2644],
							"uv": {
								"west": {"uv": [8, 28], "uv_size": [0.25, 0.25]}
							}
						},
						{
							"origin": [3.77367, 29.76804, 0.35696],
							"size": [0.375, 0.26516, 1.08731],
							"pivot": [3.96117, 29.90062, 0.90062],
							"rotation": [-35.2644, -30, -35.2644],
							"uv": {
								"west": {"uv": [9, 26], "uv_size": [1, 0.25]}
							}
						},
						{
							"origin": [3.77367, 28.86742, -1.81732],
							"size": [0.375, 0.26516, 1.08731],
							"pivot": [3.96117, 29, -1.27367],
							"rotation": [90, 45, 0],
							"uv": {
								"west": {"uv": [10, 26], "uv_size": [1, 0.25]}
							}
						},
						{
							"origin": [3.8125, 28.45634, -1.3125],
							"size": [0.375, 0.25131, 0.06231],
							"pivot": [4.1875, 28.45634, -1.3125],
							"rotation": [106.325, 45, 0],
							"uv": {
								"west": {"uv": [9, 28], "uv_size": [0.25, 0.25]}
							}
						},
						{
							"origin": [3.8125, 29.54366, -1.37481],
							"size": [0.375, 0.2513, 0.06231],
							"pivot": [4.1875, 29.54366, -1.3125],
							"rotation": [73.675, 45, 0],
							"uv": {
								"west": {"uv": [28, 9], "uv_size": [0.25, 0.25]}
							}
						},
						{
							"origin": [3.77367, 29.09242, -1.89499],
							"size": [0.374, 0.04016, 1.24264],
							"pivot": [3.96117, 29, -1.27367],
							"rotation": [90, 45, 0],
							"uv": {
								"west": {"uv": [25, 5], "uv_size": [1.25, 0.25]}
							}
						},
						{
							"origin": [3.77367, 29.99304, -1.52194],
							"size": [0.374, 0.04016, 1.24264],
							"pivot": [3.96117, 29.90062, -0.90062],
							"rotation": [35.2644, 30, -35.2644],
							"uv": {
								"west": {"uv": [25, 6], "uv_size": [1.25, 0.25]}
							}
						},
						{
							"origin": [3.8125, 30.3125, -0.60597],
							"size": [0.375, 0.2513, 0.06231],
							"pivot": [4.1875, 30.3125, -0.54366],
							"rotation": [18.9395, 30, -35.2644],
							"uv": {
								"west": {"uv": [10, 28], "uv_size": [0.25, 0.25]}
							}
						},
						{
							"origin": [3.8125, 29.54366, -1.3125],
							"size": [0.375, 0.2513, 0.06231],
							"pivot": [4.1875, 29.54366, -1.3125],
							"rotation": [51.5894, 30, -35.2644],
							"uv": {
								"west": {"uv": [28, 10], "uv_size": [0.25, 0.25]}
							}
						},
						{
							"origin": [3.77367, 29.76804, -1.44427],
							"size": [0.375, 0.26516, 1.08731],
							"pivot": [3.96117, 29.90062, -0.90062],
							"rotation": [35.2644, 30, -35.2644],
							"uv": {
								"west": {"uv": [11, 26], "uv_size": [1, 0.25]}
							}
						},
						{
							"origin": [3.77367, 27.59375, -0.54366],
							"size": [0.375, 0.26517, 1.08732],
							"pivot": [3.96117, 27.72633, 0],
							"rotation": [180, 0, 45],
							"uv": {
								"west": {"uv": [12, 26], "uv_size": [1, 0.25]}
							}
						},
						{
							"origin": [3.8125, 27.6875, 0.54366],
							"size": [0.375, 0.2513, 0.06231],
							"pivot": [4.1875, 27.6875, 0.54366],
							"rotation": [-163.675, 0, 45],
							"uv": {
								"west": {"uv": [11, 28], "uv_size": [0.25, 0.25]}
							}
						},
						{
							"origin": [3.8125, 27.6875, -0.60597],
							"size": [0.375, 0.2513, 0.06231],
							"pivot": [4.1875, 27.6875, -0.54366],
							"rotation": [163.675, 0, 45],
							"uv": {
								"west": {"uv": [28, 11], "uv_size": [0.25, 0.25]}
							}
						},
						{
							"origin": [3.77367, 27.81875, -0.62132],
							"size": [0.374, 0.04016, 1.24264],
							"pivot": [3.96117, 27.72633, 0],
							"rotation": [180, 0, 45],
							"uv": {
								"west": {"uv": [7, 25], "uv_size": [1.25, 0.25]}
							}
						},
						{
							"origin": [3.77367, 28.1918, -1.52194],
							"size": [0.374, 0.04016, 1.24264],
							"pivot": [3.96117, 28.09938, -0.90062],
							"rotation": [144.7356, 30, 35.2644],
							"uv": {
								"west": {"uv": [25, 7], "uv_size": [1.25, 0.25]}
							}
						},
						{
							"origin": [3.8125, 28.45634, -1.37481],
							"size": [0.375, 0.25131, 0.06231],
							"pivot": [4.1875, 28.45634, -1.3125],
							"rotation": [128.4107, 30, 35.2644],
							"uv": {
								"west": {"uv": [12, 28], "uv_size": [0.25, 0.25]}
							}
						},
						{
							"origin": [3.8125, 27.6875, -0.54366],
							"size": [0.375, 0.2513, 0.06232],
							"pivot": [4.1875, 27.6875, -0.54366],
							"rotation": [161.0606, 30, 35.2644],
							"uv": {
								"west": {"uv": [28, 12], "uv_size": [0.25, 0.25]}
							}
						},
						{
							"origin": [3.77367, 27.9668, -1.44427],
							"size": [0.375, 0.26516, 1.08731],
							"pivot": [3.96117, 28.09938, -0.90062],
							"rotation": [144.7356, 30, 35.2644],
							"uv": {
								"west": {"uv": [13, 26], "uv_size": [1, 0.25]}
							}
						},
						{
							"origin": [3.77367, 28.86742, 0.73001],
							"size": [0.375, 0.26516, 1.08731],
							"pivot": [3.96117, 29, 1.27367],
							"rotation": [-90, -45, 0],
							"uv": {
								"west": {"uv": [14, 26], "uv_size": [1, 0.25]}
							}
						},
						{
							"origin": [3.8125, 29.54366, 1.3125],
							"size": [0.375, 0.2513, 0.06231],
							"pivot": [4.1875, 29.54366, 1.3125],
							"rotation": [-73.675, -45, 0],
							"uv": {
								"west": {"uv": [13, 28], "uv_size": [0.25, 0.25]}
							}
						},
						{
							"origin": [3.8125, 28.45634, 1.25019],
							"size": [0.375, 0.25131, 0.06231],
							"pivot": [4.1875, 28.45634, 1.3125],
							"rotation": [-106.325, -45, 0],
							"uv": {
								"west": {"uv": [28, 13], "uv_size": [0.25, 0.25]}
							}
						},
						{
							"origin": [3.77367, 29.09242, 0.65235],
							"size": [0.374, 0.04016, 1.24264],
							"pivot": [3.96117, 29, 1.27367],
							"rotation": [-90, -45, 0],
							"uv": {
								"west": {"uv": [25, 8], "uv_size": [1.25, 0.25]}
							}
						},
						{
							"origin": [3.77367, 28.1918, 0.2793],
							"size": [0.374, 0.04016, 1.24264],
							"pivot": [3.96117, 28.09938, 0.90062],
							"rotation": [-144.7356, -30, 35.2644],
							"uv": {
								"west": {"uv": [9, 25], "uv_size": [1.25, 0.25]}
							}
						},
						{
							"origin": [3.8125, 27.6875, 0.48134],
							"size": [0.375, 0.2513, 0.06232],
							"pivot": [4.1875, 27.6875, 0.54366],
							"rotation": [-161.0605, -30, 35.2644],
							"uv": {
								"west": {"uv": [14, 28], "uv_size": [0.25, 0.25]}
							}
						},
						{
							"origin": [3.8125, 28.45634, 1.3125],
							"size": [0.375, 0.25131, 0.06231],
							"pivot": [4.1875, 28.45634, 1.3125],
							"rotation": [-128.4106, -30, 35.2644],
							"uv": {
								"west": {"uv": [28, 14], "uv_size": [0.25, 0.25]}
							}
						},
						{
							"origin": [3.77367, 27.9668, 0.35696],
							"size": [0.375, 0.26516, 1.08731],
							"pivot": [3.96117, 28.09938, 0.90062],
							"rotation": [-144.7356, -30, 35.2644],
							"uv": {
								"west": {"uv": [15, 26], "uv_size": [1, 0.25]}
							}
						}
					]
				},
				{
					"name": "bone5",
					"parent": "octagon3",
					"pivot": [0, 29, 0],
					"cubes": [
						{
							"origin": [-4.14867, 30.14108, -0.54366],
							"size": [0.375, 0.26517, 1.08732],
							"pivot": [-3.96117, 30.27367, 0],
							"rotation": [0, 0, 45],
							"uv": {
								"east": {"uv": [9, 26], "uv_size": [-1, 0.25]}
							}
						},
						{
							"origin": [-4.1875, 30.3125, -0.54366],
							"size": [0.375, 0.2513, 0.06232],
							"pivot": [-4.1875, 30.3125, -0.54366],
							"rotation": [16.32496, 0, 45],
							"uv": {
								"east": {"uv": [7.25, 28], "uv_size": [-0.25, 0.25]}
							}
						},
						{
							"origin": [-4.1875, 30.3125, 0.48134],
							"size": [0.375, 0.2513, 0.06232],
							"pivot": [-4.1875, 30.3125, 0.54366],
							"rotation": [-16.32496, 0, 45],
							"uv": {
								"east": {"uv": [28.25, 7], "uv_size": [-0.25, 0.25]}
							}
						},
						{
							"origin": [-4.14767, 30.36608, -0.62132],
							"size": [0.374, 0.04017, 1.24264],
							"pivot": [-3.96117, 30.27367, 0],
							"rotation": [0, 0, 45],
							"uv": {
								"east": {"uv": [26.25, 4], "uv_size": [-1.25, 0.25]}
							}
						},
						{
							"origin": [-4.14767, 29.99304, 0.2793],
							"size": [0.374, 0.04016, 1.24264],
							"pivot": [-3.96117, 29.90062, 0.90062],
							"rotation": [-35.2644, 30, 35.2644],
							"uv": {
								"east": {"uv": [6.25, 25], "uv_size": [-1.25, 0.25]}
							}
						},
						{
							"origin": [-4.1875, 29.54366, 1.25019],
							"size": [0.375, 0.2513, 0.06231],
							"pivot": [-4.1875, 29.54366, 1.3125],
							"rotation": [-51.5893, 30, 35.2644],
							"uv": {
								"east": {"uv": [28.25, 8], "uv_size": [-0.25, 0.25]}
							}
						},
						{
							"origin": [-4.1875, 30.3125, 0.54366],
							"size": [0.375, 0.2513, 0.06231],
							"pivot": [-4.1875, 30.3125, 0.54366],
							"rotation": [-18.9394, 30, 35.2644],
							"uv": {
								"east": {"uv": [8.25, 28], "uv_size": [-0.25, 0.25]}
							}
						},
						{
							"origin": [-4.14867, 29.76804, 0.35696],
							"size": [0.375, 0.26516, 1.08731],
							"pivot": [-3.96117, 29.90062, 0.90062],
							"rotation": [-35.2644, 30, 35.2644],
							"uv": {
								"east": {"uv": [10, 26], "uv_size": [-1, 0.25]}
							}
						},
						{
							"origin": [-4.14867, 28.86742, -1.81732],
							"size": [0.375, 0.26516, 1.08731],
							"pivot": [-3.96117, 29, -1.27367],
							"rotation": [90, -45, 0],
							"uv": {
								"east": {"uv": [11, 26], "uv_size": [-1, 0.25]}
							}
						},
						{
							"origin": [-4.1875, 28.45634, -1.3125],
							"size": [0.375, 0.25131, 0.06231],
							"pivot": [-4.1875, 28.45634, -1.3125],
							"rotation": [106.325, -45, 0],
							"uv": {
								"east": {"uv": [9.25, 28], "uv_size": [-0.25, 0.25]}
							}
						},
						{
							"origin": [-4.1875, 29.54366, -1.37481],
							"size": [0.375, 0.2513, 0.06231],
							"pivot": [-4.1875, 29.54366, -1.3125],
							"rotation": [73.675, -45, 0],
							"uv": {
								"east": {"uv": [28.25, 9], "uv_size": [-0.25, 0.25]}
							}
						},
						{
							"origin": [-4.14767, 29.09242, -1.89499],
							"size": [0.374, 0.04016, 1.24264],
							"pivot": [-3.96117, 29, -1.27367],
							"rotation": [90, -45, 0],
							"uv": {
								"east": {"uv": [26.25, 5], "uv_size": [-1.25, 0.25]}
							}
						},
						{
							"origin": [-4.14767, 29.99304, -1.52194],
							"size": [0.374, 0.04016, 1.24264],
							"pivot": [-3.96117, 29.90062, -0.90062],
							"rotation": [35.2644, -30, 35.2644],
							"uv": {
								"east": {"uv": [26.25, 6], "uv_size": [-1.25, 0.25]}
							}
						},
						{
							"origin": [-4.1875, 30.3125, -0.60597],
							"size": [0.375, 0.2513, 0.06231],
							"pivot": [-4.1875, 30.3125, -0.54366],
							"rotation": [18.9395, -30, 35.2644],
							"uv": {
								"east": {"uv": [10.25, 28], "uv_size": [-0.25, 0.25]}
							}
						},
						{
							"origin": [-4.1875, 29.54366, -1.3125],
							"size": [0.375, 0.2513, 0.06231],
							"pivot": [-4.1875, 29.54366, -1.3125],
							"rotation": [51.5894, -30, 35.2644],
							"uv": {
								"east": {"uv": [28.25, 10], "uv_size": [-0.25, 0.25]}
							}
						},
						{
							"origin": [-4.14867, 29.76804, -1.44427],
							"size": [0.375, 0.26516, 1.08731],
							"pivot": [-3.96117, 29.90062, -0.90062],
							"rotation": [35.2644, -30, 35.2644],
							"uv": {
								"east": {"uv": [12, 26], "uv_size": [-1, 0.25]}
							}
						},
						{
							"origin": [-4.14867, 27.59375, -0.54366],
							"size": [0.375, 0.26517, 1.08732],
							"pivot": [-3.96117, 27.72633, 0],
							"rotation": [180, 0, -45],
							"uv": {
								"east": {"uv": [13, 26], "uv_size": [-1, 0.25]}
							}
						},
						{
							"origin": [-4.1875, 27.6875, 0.54366],
							"size": [0.375, 0.2513, 0.06231],
							"pivot": [-4.1875, 27.6875, 0.54366],
							"rotation": [-163.675, 0, -45],
							"uv": {
								"east": {"uv": [11.25, 28], "uv_size": [-0.25, 0.25]}
							}
						},
						{
							"origin": [-4.1875, 27.6875, -0.60597],
							"size": [0.375, 0.2513, 0.06231],
							"pivot": [-4.1875, 27.6875, -0.54366],
							"rotation": [163.675, 0, -45],
							"uv": {
								"east": {"uv": [28.25, 11], "uv_size": [-0.25, 0.25]}
							}
						},
						{
							"origin": [-4.14767, 27.81875, -0.62132],
							"size": [0.374, 0.04016, 1.24264],
							"pivot": [-3.96117, 27.72633, 0],
							"rotation": [180, 0, -45],
							"uv": {
								"east": {"uv": [8.25, 25], "uv_size": [-1.25, 0.25]}
							}
						},
						{
							"origin": [-4.14767, 28.1918, -1.52194],
							"size": [0.374, 0.04016, 1.24264],
							"pivot": [-3.96117, 28.09938, -0.90062],
							"rotation": [144.7356, -30, -35.2644],
							"uv": {
								"east": {"uv": [26.25, 7], "uv_size": [-1.25, 0.25]}
							}
						},
						{
							"origin": [-4.1875, 28.45634, -1.37481],
							"size": [0.375, 0.25131, 0.06231],
							"pivot": [-4.1875, 28.45634, -1.3125],
							"rotation": [128.4107, -30, -35.2644],
							"uv": {
								"east": {"uv": [12.25, 28], "uv_size": [-0.25, 0.25]}
							}
						},
						{
							"origin": [-4.1875, 27.6875, -0.54366],
							"size": [0.375, 0.2513, 0.06232],
							"pivot": [-4.1875, 27.6875, -0.54366],
							"rotation": [161.0606, -30, -35.2644],
							"uv": {
								"east": {"uv": [28.25, 12], "uv_size": [-0.25, 0.25]}
							}
						},
						{
							"origin": [-4.14867, 27.9668, -1.44427],
							"size": [0.375, 0.26516, 1.08731],
							"pivot": [-3.96117, 28.09938, -0.90062],
							"rotation": [144.7356, -30, -35.2644],
							"uv": {
								"east": {"uv": [14, 26], "uv_size": [-1, 0.25]}
							}
						},
						{
							"origin": [-4.14867, 28.86742, 0.73001],
							"size": [0.375, 0.26516, 1.08731],
							"pivot": [-3.96117, 29, 1.27367],
							"rotation": [-90, 45, 0],
							"uv": {
								"east": {"uv": [15, 26], "uv_size": [-1, 0.25]}
							}
						},
						{
							"origin": [-4.1875, 29.54366, 1.3125],
							"size": [0.375, 0.2513, 0.06231],
							"pivot": [-4.1875, 29.54366, 1.3125],
							"rotation": [-73.675, 45, 0],
							"uv": {
								"east": {"uv": [13.25, 28], "uv_size": [-0.25, 0.25]}
							}
						},
						{
							"origin": [-4.1875, 28.45634, 1.25019],
							"size": [0.375, 0.25131, 0.06231],
							"pivot": [-4.1875, 28.45634, 1.3125],
							"rotation": [-106.325, 45, 0],
							"uv": {
								"east": {"uv": [28.25, 13], "uv_size": [-0.25, 0.25]}
							}
						},
						{
							"origin": [-4.14767, 29.09242, 0.65235],
							"size": [0.374, 0.04016, 1.24264],
							"pivot": [-3.96117, 29, 1.27367],
							"rotation": [-90, 45, 0],
							"uv": {
								"east": {"uv": [26.25, 8], "uv_size": [-1.25, 0.25]}
							}
						},
						{
							"origin": [-4.14767, 28.1918, 0.2793],
							"size": [0.374, 0.04016, 1.24264],
							"pivot": [-3.96117, 28.09938, 0.90062],
							"rotation": [-144.7356, 30, -35.2644],
							"uv": {
								"east": {"uv": [10.25, 25], "uv_size": [-1.25, 0.25]}
							}
						},
						{
							"origin": [-4.1875, 27.6875, 0.48134],
							"size": [0.375, 0.2513, 0.06232],
							"pivot": [-4.1875, 27.6875, 0.54366],
							"rotation": [-161.0605, 30, -35.2644],
							"uv": {
								"east": {"uv": [14.25, 28], "uv_size": [-0.25, 0.25]}
							}
						},
						{
							"origin": [-4.1875, 28.45634, 1.3125],
							"size": [0.375, 0.25131, 0.06231],
							"pivot": [-4.1875, 28.45634, 1.3125],
							"rotation": [-128.4106, 30, -35.2644],
							"uv": {
								"east": {"uv": [28.25, 14], "uv_size": [-0.25, 0.25]}
							}
						},
						{
							"origin": [-4.14867, 27.9668, 0.35696],
							"size": [0.375, 0.26516, 1.08731],
							"pivot": [-3.96117, 28.09938, 0.90062],
							"rotation": [-144.7356, 30, -35.2644],
							"uv": {
								"east": {"uv": [16, 26], "uv_size": [-1, 0.25]}
							}
						}
					]
				},
				{
					"name": "octagon4",
					"parent": "top",
					"pivot": [0, 27.5625, 0],
					"cubes": [
						{
							"origin": [-0.55977, 26.7375, 0.1375],
							"size": [0.56954, 0.9, 0.55],
							"pivot": [-0.275, 0.3375, 0],
							"rotation": [0, -45, 0],
							"uv": {
								"down": {"uv": [26, 23.5], "uv_size": [0.5, -0.5]}
							}
						},
						{
							"origin": [-1.12931, 26.7375, 0.1375],
							"size": [0.56954, 0.9, 0.55],
							"pivot": [-0.55977, 26.7375, 0.6875],
							"rotation": [-30, -45, 0],
							"uv": {
								"south": {"uv": [1, 24], "uv_size": [0.5, 1]}
							}
						},
						{
							"origin": [0.55977, 26.7375, 0.1375],
							"size": [0.56954, 0.9, 0.55],
							"pivot": [0.55977, 26.7375, 0.6875],
							"rotation": [-30, 45, 0],
							"uv": {
								"south": {"uv": [3, 24], "uv_size": [0.5, 1]}
							}
						},
						{
							"origin": [-0.55977, 26.7375, -0.6875],
							"size": [1.11954, 0.9, 1.375],
							"uv": {
								"down": {"uv": [13, 20.5], "uv_size": [1, -1.5]}
							}
						},
						{
							"origin": [-0.55977, 26.7375, -0.6875],
							"size": [1.11954, 0.9, 1.375],
							"pivot": [-0.55977, 26.7375, 0.6875],
							"rotation": [-30, 0, 0],
							"uv": {
								"south": {"uv": [16, 15], "uv_size": [1, 1]}
							}
						},
						{
							"origin": [-1.12931, 26.7375, -0.6875],
							"size": [0.56954, 0.9, 0.55],
							"pivot": [-0.55977, 26.7375, -0.6875],
							"rotation": [30, 45, 0],
							"uv": {
								"north": {"uv": [4, 24], "uv_size": [0.5, 1]}
							}
						},
						{
							"origin": [-0.55977, 26.7375, -0.6875],
							"size": [1.11954, 0.9, 1.375],
							"pivot": [-0.55977, 26.7375, -0.6875],
							"rotation": [30, 0, 0],
							"uv": {
								"north": {"uv": [15, 21], "uv_size": [1, 1]}
							}
						},
						{
							"origin": [0.55977, 26.7375, -0.6875],
							"size": [0.56954, 0.9, 0.55],
							"pivot": [0.55977, 26.7375, -0.6875],
							"rotation": [30, -45, 0],
							"uv": {
								"north": {"uv": [24, 3], "uv_size": [0.5, 1]}
							}
						},
						{
							"origin": [-0.9625, 26.7375, -0.28477],
							"size": [0.55, 0.9, 0.56954],
							"pivot": [-0.275, 0.3375, 0],
							"rotation": [0, -45, 0],
							"uv": {
								"down": {"uv": [24, 26.5], "uv_size": [0.5, -0.5]}
							}
						},
						{
							"origin": [-0.00977, 26.7375, 0.1375],
							"size": [0.56954, 0.9, 0.55],
							"pivot": [0.275, 0.3375, 0],
							"rotation": [0, 45, 0],
							"uv": {
								"down": {"uv": [26, 24.5], "uv_size": [0.5, -0.5]}
							}
						},
						{
							"origin": [0.4125, 26.7375, -0.28477],
							"size": [0.55, 0.9, 0.56954],
							"pivot": [0.275, 0.3375, 0],
							"rotation": [0, 45, 0],
							"uv": {
								"down": {"uv": [25, 26.5], "uv_size": [0.5, -0.5]}
							}
						},
						{
							"origin": [-0.9625, 26.7375, -0.28477],
							"size": [1.925, 0.9, 0.56954],
							"uv": {
								"down": {"uv": [21, 14.5], "uv_size": [2, -0.5]}
							}
						},
						{
							"origin": [0.55977, 26.7375, -0.6865],
							"size": [0.19454, 0.9, 0.549],
							"pivot": [0.55977, 26.7375, -0.6875],
							"rotation": [38.6737, -38.3374, -12.9935],
							"uv": {
								"north": {"uv": [27, 6], "uv_size": [0.25, 1]}
							}
						},
						{
							"origin": [0.37773, 26.7375, -0.6865],
							"size": [0.18204, 0.9, 1.374],
							"pivot": [0.55977, 26.7375, -0.6875],
							"rotation": [29.4774, -5.844, 10.2114],
							"uv": {
								"north": {"uv": [6, 27], "uv_size": [0.25, 1]}
							}
						},
						{
							"origin": [0.78245, 26.73899, -0.28895],
							"size": [0.18203, 0.9, 1.374],
							"pivot": [0.95732, 26.7375, -0.28995],
							"rotation": [18.2684, -49.8437, 15.8713],
							"uv": {
								"north": {"uv": [27, 5], "uv_size": [0.25, 1]}
							}
						},
						{
							"origin": [0.96292, 26.73898, -0.29343],
							"size": [0.19453, 0.9, 0.549],
							"pivot": [0.95732, 26.7375, -0.28995],
							"rotation": [90, -78.25, -60],
							"uv": {
								"north": {"uv": [5, 27], "uv_size": [0.25, 1]}
							}
						},
						{
							"origin": [-1.15745, 26.73898, -0.29343],
							"size": [0.19453, 0.9, 0.549],
							"pivot": [-0.95732, 26.7375, -0.28995],
							"rotation": [90, 78.25, 60],
							"uv": {
								"north": {"uv": [27, 4], "uv_size": [0.25, 1]}
							}
						},
						{
							"origin": [-0.96448, 26.73899, -0.28895],
							"size": [0.18203, 0.9, 1.374],
							"pivot": [-0.95732, 26.7375, -0.28995],
							"rotation": [18.2684, 49.8437, -15.8713],
							"uv": {
								"north": {"uv": [4, 27], "uv_size": [0.25, 1]}
							}
						},
						{
							"origin": [-0.55977, 26.7375, -0.6865],
							"size": [0.18204, 0.9, 1.374],
							"pivot": [-0.55977, 26.7375, -0.6875],
							"rotation": [29.4774, 5.844, -10.2114],
							"uv": {
								"north": {"uv": [27, 3], "uv_size": [0.25, 1]}
							}
						},
						{
							"origin": [-0.75431, 26.7375, -0.6865],
							"size": [0.19454, 0.9, 0.549],
							"pivot": [-0.55977, 26.7375, -0.6875],
							"rotation": [38.6737, 38.3374, 12.9935],
							"uv": {
								"north": {"uv": [3, 27], "uv_size": [0.25, 1]}
							}
						},
						{
							"origin": [-0.9625, 26.7375, -0.28477],
							"size": [1.925, 0.9, 0.56954],
							"pivot": [-0.9625, 26.7375, 0.28477],
							"rotation": [0, 0, -30],
							"uv": {
								"east": {"uv": [23, 0], "uv_size": [0.5, 1]}
							}
						},
						{
							"origin": [-0.9625, 26.7375, -0.28477],
							"size": [1.925, 0.9, 0.56954],
							"pivot": [0.9625, 26.7375, 0.28477],
							"rotation": [0, 0, 30],
							"uv": {
								"west": {"uv": [2, 24], "uv_size": [0.5, 1]}
							}
						}
					]
				},
				{
					"name": "bone6",
					"parent": "octagon4",
					"pivot": [0, 27.1875, 0],
					"cubes": [
						{
							"origin": [-0.75431, 26.7375, 0.1375],
							"size": [0.19454, 0.9, 0.549],
							"pivot": [-0.55977, 26.7375, 0.6875],
							"rotation": [-38.67369, -38.33742, 12.99353],
							"uv": {
								"south": {"uv": [26, 26], "uv_size": [0.25, 1]}
							}
						},
						{
							"origin": [-0.55977, 26.7375, -0.6875],
							"size": [0.18204, 0.9, 1.374],
							"pivot": [-0.55977, 26.7375, 0.6875],
							"rotation": [-29.4774, -5.84403, -10.21138],
							"uv": {
								"south": {"uv": [26, 25], "uv_size": [0.25, 1]}
							}
						},
						{
							"origin": [-0.96448, 26.73899, -1.08505],
							"size": [0.18203, 0.9, 1.374],
							"pivot": [-0.95732, 26.7375, 0.28995],
							"rotation": [-18.2684, -49.8437, -15.8713],
							"uv": {
								"south": {"uv": [27, 0], "uv_size": [0.25, 1]}
							}
						},
						{
							"origin": [-1.15745, 26.73898, -0.25557],
							"size": [0.19453, 0.9, 0.549],
							"pivot": [-0.95732, 26.7375, 0.28995],
							"rotation": [-90, -78.25, 60],
							"uv": {
								"south": {"uv": [0, 27], "uv_size": [0.25, 1]}
							}
						},
						{
							"origin": [0.96292, 26.73898, -0.25557],
							"size": [0.19453, 0.9, 0.549],
							"pivot": [0.95732, 26.7375, 0.28995],
							"rotation": [-90, 78.25, -60],
							"uv": {
								"south": {"uv": [27, 2], "uv_size": [0.25, 1]}
							}
						},
						{
							"origin": [0.78245, 26.73899, -1.08505],
							"size": [0.18203, 0.9, 1.374],
							"pivot": [0.95732, 26.7375, 0.28995],
							"rotation": [-18.2684, 49.8437, 15.8713],
							"uv": {
								"south": {"uv": [2, 27], "uv_size": [0.25, 1]}
							}
						},
						{
							"origin": [0.37773, 26.7375, -0.6875],
							"size": [0.18204, 0.9, 1.374],
							"pivot": [0.55977, 26.7375, 0.6875],
							"rotation": [-29.4774, 5.844, 10.2114],
							"uv": {
								"south": {"uv": [27, 1], "uv_size": [0.25, 1]}
							}
						},
						{
							"origin": [0.55977, 26.7375, 0.1375],
							"size": [0.19454, 0.9, 0.549],
							"pivot": [0.55977, 26.7375, 0.6875],
							"rotation": [-38.6737, 38.3374, -12.9935],
							"uv": {
								"south": {"uv": [1, 27], "uv_size": [0.25, 1]}
							}
						}
					]
				},
				{
					"name": "down",
					"parent": "weapon",
					"pivot": [0, 3.5, 0],
					"rotation": [0, 90, 0]
				},
				{
					"name": "octagon6",
					"parent": "down",
					"pivot": [0, 3.5, 0],
					"cubes": [
						{
							"origin": [-0.61066, 2.9, 0.15],
							"size": [0.62132, 0.6, 0.6],
							"pivot": [-0.3, 3.5, 0],
							"rotation": [0, -45, 0],
							"uv": {
								"south": {"uv": [7, 27], "uv_size": [0.5, 0.5]},
								"up": {"uv": [27, 7], "uv_size": [0.5, 0.5]}
							}
						},
						{
							"origin": [-0.61066, 2.9, -0.75],
							"size": [1.22132, 0.6, 1.5],
							"uv": {
								"north": {"uv": [22, 1], "uv_size": [1.25, 0.5]},
								"south": {"uv": [22, 2], "uv_size": [1.25, 0.5]},
								"up": {"uv": [9, 19], "uv_size": [1.25, 1.5]}
							}
						},
						{
							"origin": [-1.05, 2.9, -0.31066],
							"size": [0.6, 0.6, 0.62132],
							"pivot": [-0.3, 3.5, 0],
							"rotation": [0, -45, 0],
							"uv": {
								"east": {"uv": [8, 27], "uv_size": [0.5, 0.5]},
								"up": {"uv": [27, 8], "uv_size": [0.5, 0.5]}
							}
						},
						{
							"origin": [-0.01066, 2.9, 0.15],
							"size": [0.62132, 0.6, 0.6],
							"pivot": [0.3, 3.5, 0],
							"rotation": [0, 45, 0],
							"uv": {
								"south": {"uv": [9, 27], "uv_size": [0.5, 0.5]},
								"up": {"uv": [27, 9], "uv_size": [0.5, 0.5]}
							}
						},
						{
							"origin": [0.45, 2.9, -0.31066],
							"size": [0.6, 0.6, 0.62132],
							"pivot": [0.3, 3.5, 0],
							"rotation": [0, 45, 0],
							"uv": {
								"west": {"uv": [10, 27], "uv_size": [0.5, 0.5]},
								"up": {"uv": [27, 10], "uv_size": [0.5, 0.5]}
							}
						},
						{
							"origin": [-1.05, 2.9, -0.31066],
							"size": [2.1, 0.6, 0.62132],
							"uv": {
								"east": {"uv": [11, 27], "uv_size": [0.5, 0.5]},
								"west": {"uv": [27, 11], "uv_size": [0.5, 0.5]},
								"up": {"uv": [21, 15], "uv_size": [2, 0.5]}
							}
						}
					]
				},
				{
					"name": "octagon7",
					"parent": "down",
					"pivot": [0, 4.5, 0],
					"cubes": [
						{
							"origin": [0.01066, 3.4, -0.75],
							"size": [0.6, 1.1, 0.62131],
							"pivot": [0.61066, 4.5, -0.75],
							"rotation": [5.96737, 44.68698, 8.45453],
							"uv": {
								"west": {"uv": [24, 4], "uv_size": [0.5, 1]},
								"up": {"uv": [12, 27], "uv_size": [0.5, 0.5]}
							}
						},
						{
							"origin": [0.45, 3.4, -0.31066],
							"size": [0.6, 1.1, 0.62132],
							"pivot": [1.05, 4.5, -0.31066],
							"rotation": [0, 0, 6],
							"uv": {
								"east": {"uv": [5, 24], "uv_size": [0.5, 1]},
								"west": {"uv": [24, 5], "uv_size": [0.5, 1]},
								"up": {"uv": [27, 12], "uv_size": [0.5, 0.5]}
							}
						},
						{
							"origin": [-0.61066, 3.4, -0.75],
							"size": [1.22132, 1.1, 0.25],
							"pivot": [-0.61066, 4.5, -0.75],
							"rotation": [6, 0, 0],
							"uv": {
								"north": {"uv": [19, 15], "uv_size": [1.25, 1]},
								"south": {"uv": [19, 16], "uv_size": [1.25, 1]},
								"up": {"uv": [25, 15], "uv_size": [1.25, 0.25]}
							}
						},
						{
							"origin": [-0.61066, 3.4, -0.75],
							"size": [0.6, 1.1, 0.62131],
							"pivot": [-0.61066, 4.5, -0.75],
							"rotation": [5.9674, -44.687, -8.45451],
							"uv": {
								"east": {"uv": [6, 24], "uv_size": [0.5, 1]},
								"up": {"uv": [13, 27], "uv_size": [0.5, 0.5]}
							}
						},
						{
							"origin": [-0.61066, 3.4, 0.12869],
							"size": [0.6, 1.1, 0.62131],
							"pivot": [-0.61066, 4.5, 0.75],
							"rotation": [-5.9674, 44.687, -8.45451],
							"uv": {
								"east": {"uv": [8, 24], "uv_size": [0.5, 1]},
								"up": {"uv": [27, 14], "uv_size": [0.5, 0.5]}
							}
						},
						{
							"origin": [-0.61066, 3.4, 0.5],
							"size": [1.22132, 1.1, 0.25],
							"pivot": [-0.61066, 4.5, 0.75],
							"rotation": [-6, 0, 0],
							"uv": {
								"north": {"uv": [17, 19], "uv_size": [1.25, 1]},
								"south": {"uv": [19, 17], "uv_size": [1.25, 1]},
								"up": {"uv": [25, 16], "uv_size": [1.25, 0.25]}
							}
						},
						{
							"origin": [0.01066, 3.4, 0.12869],
							"size": [0.6, 1.1, 0.62131],
							"pivot": [0.61066, 4.5, 0.75],
							"rotation": [-5.96737, -44.68698, 8.45453],
							"uv": {
								"west": {"uv": [24, 7], "uv_size": [0.5, 1]},
								"up": {"uv": [14, 27], "uv_size": [0.5, 0.5]}
							}
						},
						{
							"origin": [-1.05, 3.4, -0.31066],
							"size": [0.6, 1.1, 0.62132],
							"pivot": [-1.05, 4.5, -0.31066],
							"rotation": [0, 0, -6],
							"uv": {
								"east": {"uv": [24, 6], "uv_size": [0.5, 1]},
								"west": {"uv": [7, 24], "uv_size": [0.5, 1]},
								"up": {"uv": [27, 13], "uv_size": [0.5, 0.5]}
							}
						}
					]
				},
				{
					"name": "octagon8",
					"parent": "down",
					"pivot": [0, 5.5, 0],
					"cubes": [
						{
							"origin": [0.01066, 4.4, -0.75],
							"size": [0.6, 1.1, 0.62131],
							"pivot": [0.61066, 5.5, -0.75],
							"rotation": [5.96737, 44.68698, 8.45453],
							"uv": {
								"west": {"uv": [24, 8], "uv_size": [0.5, 1]},
								"up": {"uv": [15, 27], "uv_size": [0.5, 0.5]}
							}
						},
						{
							"origin": [0.45, 4.4, -0.31066],
							"size": [0.6, 1.1, 0.62132],
							"pivot": [1.05, 5.5, -0.31066],
							"rotation": [0, 0, 6],
							"uv": {
								"east": {"uv": [9, 24], "uv_size": [0.5, 1]},
								"west": {"uv": [24, 9], "uv_size": [0.5, 1]},
								"up": {"uv": [27, 15], "uv_size": [0.5, 0.5]}
							}
						},
						{
							"origin": [-0.61066, 4.4, -0.75],
							"size": [1.22132, 1.1, 0.25],
							"pivot": [-0.61066, 5.5, -0.75],
							"rotation": [6, 0, 0],
							"uv": {
								"north": {"uv": [19, 18], "uv_size": [1.25, 1]},
								"south": {"uv": [19, 19], "uv_size": [1.25, 1]},
								"up": {"uv": [25, 17], "uv_size": [1.25, 0.25]}
							}
						},
						{
							"origin": [-0.61066, 4.4, -0.75],
							"size": [0.6, 1.1, 0.62131],
							"pivot": [-0.61066, 5.5, -0.75],
							"rotation": [5.9674, -44.687, -8.45451],
							"uv": {
								"east": {"uv": [10, 24], "uv_size": [0.5, 1]},
								"up": {"uv": [16, 27], "uv_size": [0.5, 0.5]}
							}
						},
						{
							"origin": [-0.61066, 4.4, 0.12869],
							"size": [0.6, 1.1, 0.62131],
							"pivot": [-0.61066, 5.5, 0.75],
							"rotation": [-5.9674, 44.687, -8.45451],
							"uv": {
								"east": {"uv": [24, 10], "uv_size": [0.5, 1]},
								"up": {"uv": [27, 16], "uv_size": [0.5, 0.5]}
							}
						},
						{
							"origin": [-0.61066, 4.4, 0.5],
							"size": [1.22132, 1.1, 0.25],
							"pivot": [-0.61066, 5.5, 0.75],
							"rotation": [-6, 0, 0],
							"uv": {
								"north": {"uv": [20, 2], "uv_size": [1.25, 1]},
								"south": {"uv": [20, 3], "uv_size": [1.25, 1]},
								"up": {"uv": [25, 18], "uv_size": [1.25, 0.25]}
							}
						},
						{
							"origin": [0.01066, 4.4, 0.12869],
							"size": [0.6, 1.1, 0.62131],
							"pivot": [0.61066, 5.5, 0.75],
							"rotation": [-5.96737, -44.68698, 8.45453],
							"uv": {
								"west": {"uv": [11, 24], "uv_size": [0.5, 1]},
								"up": {"uv": [17, 27], "uv_size": [0.5, 0.5]}
							}
						},
						{
							"origin": [-1.05, 4.4, -0.31066],
							"size": [0.6, 1.1, 0.62132],
							"pivot": [-1.05, 5.5, -0.31066],
							"rotation": [0, 0, -6],
							"uv": {
								"east": {"uv": [24, 11], "uv_size": [0.5, 1]},
								"west": {"uv": [12, 24], "uv_size": [0.5, 1]},
								"up": {"uv": [27, 17], "uv_size": [0.5, 0.5]}
							}
						}
					]
				},
				{
					"name": "octagon9",
					"parent": "down",
					"pivot": [0, 6.5, 0],
					"cubes": [
						{
							"origin": [0.01066, 5.4, -0.75],
							"size": [0.6, 1.1, 0.62131],
							"pivot": [0.61066, 6.5, -0.75],
							"rotation": [5.96737, 44.68698, 8.45453],
							"uv": {
								"west": {"uv": [24, 12], "uv_size": [0.5, 1]},
								"up": {"uv": [18, 27], "uv_size": [0.5, 0.5]}
							}
						},
						{
							"origin": [0.45, 5.4, -0.31066],
							"size": [0.6, 1.1, 0.62132],
							"pivot": [1.05, 6.5, -0.31066],
							"rotation": [0, 0, 6],
							"uv": {
								"east": {"uv": [13, 24], "uv_size": [0.5, 1]},
								"west": {"uv": [24, 13], "uv_size": [0.5, 1]},
								"up": {"uv": [27, 18], "uv_size": [0.5, 0.5]}
							}
						},
						{
							"origin": [-0.61066, 5.4, -0.75],
							"size": [1.22132, 1.1, 0.25],
							"pivot": [-0.61066, 6.5, -0.75],
							"rotation": [6, 0, 0],
							"uv": {
								"north": {"uv": [20, 4], "uv_size": [1.25, 1]},
								"south": {"uv": [20, 5], "uv_size": [1.25, 1]},
								"up": {"uv": [25, 19], "uv_size": [1.25, 0.25]}
							}
						},
						{
							"origin": [-0.61066, 5.4, -0.75],
							"size": [0.6, 1.1, 0.62131],
							"pivot": [-0.61066, 6.5, -0.75],
							"rotation": [5.9674, -44.687, -8.45451],
							"uv": {
								"east": {"uv": [14, 24], "uv_size": [0.5, 1]},
								"up": {"uv": [19, 27], "uv_size": [0.5, 0.5]}
							}
						},
						{
							"origin": [-0.61066, 5.4, 0.12869],
							"size": [0.6, 1.1, 0.62131],
							"pivot": [-0.61066, 6.5, 0.75],
							"rotation": [-5.9674, 44.687, -8.45451],
							"uv": {
								"east": {"uv": [24, 14], "uv_size": [0.5, 1]},
								"up": {"uv": [27, 19], "uv_size": [0.5, 0.5]}
							}
						},
						{
							"origin": [-0.61066, 5.4, 0.5],
							"size": [1.22132, 1.1, 0.25],
							"pivot": [-0.61066, 6.5, 0.75],
							"rotation": [-6, 0, 0],
							"uv": {
								"north": {"uv": [20, 6], "uv_size": [1.25, 1]},
								"south": {"uv": [20, 7], "uv_size": [1.25, 1]},
								"up": {"uv": [25, 20], "uv_size": [1.25, 0.25]}
							}
						},
						{
							"origin": [0.01066, 5.4, 0.12869],
							"size": [0.6, 1.1, 0.62131],
							"pivot": [0.61066, 6.5, 0.75],
							"rotation": [-5.96737, -44.68698, 8.45453],
							"uv": {
								"west": {"uv": [24, 15], "uv_size": [0.5, 1]},
								"up": {"uv": [20, 27], "uv_size": [0.5, 0.5]}
							}
						},
						{
							"origin": [-1.05, 5.4, -0.31066],
							"size": [0.6, 1.1, 0.62132],
							"pivot": [-1.05, 6.5, -0.31066],
							"rotation": [0, 0, -6],
							"uv": {
								"east": {"uv": [24, 16], "uv_size": [0.5, 1]},
								"west": {"uv": [24, 17], "uv_size": [0.5, 1]},
								"up": {"uv": [27, 20], "uv_size": [0.5, 0.5]}
							}
						}
					]
				},
				{
					"name": "octagon10",
					"parent": "down",
					"pivot": [0, 7.5, 0],
					"cubes": [
						{
							"origin": [0.01066, 6.4, -0.75],
							"size": [0.6, 1.1, 0.62131],
							"pivot": [0.61066, 7.5, -0.75],
							"rotation": [5.96737, 44.68698, 8.45453],
							"uv": {
								"west": {"uv": [24, 18], "uv_size": [0.5, 1]},
								"up": {"uv": [21, 27], "uv_size": [0.5, 0.5]}
							}
						},
						{
							"origin": [0.45, 6.4, -0.31066],
							"size": [0.6, 1.1, 0.62132],
							"pivot": [1.05, 7.5, -0.31066],
							"rotation": [0, 0, 6],
							"uv": {
								"east": {"uv": [24, 19], "uv_size": [0.5, 1]},
								"west": {"uv": [24, 20], "uv_size": [0.5, 1]},
								"up": {"uv": [27, 21], "uv_size": [0.5, 0.5]}
							}
						},
						{
							"origin": [-0.61066, 6.4, -0.75],
							"size": [1.22132, 1.1, 0.25],
							"pivot": [-0.61066, 7.5, -0.75],
							"rotation": [6, 0, 0],
							"uv": {
								"north": {"uv": [20, 9], "uv_size": [1.25, 1]},
								"south": {"uv": [20, 10], "uv_size": [1.25, 1]},
								"up": {"uv": [25, 21], "uv_size": [1.25, 0.25]}
							}
						},
						{
							"origin": [-0.61066, 6.4, -0.75],
							"size": [0.6, 1.1, 0.62131],
							"pivot": [-0.61066, 7.5, -0.75],
							"rotation": [5.9674, -44.687, -8.45451],
							"uv": {
								"east": {"uv": [24, 21], "uv_size": [0.5, 1]},
								"up": {"uv": [22, 27], "uv_size": [0.5, 0.5]}
							}
						},
						{
							"origin": [-0.61066, 6.4, 0.12869],
							"size": [0.6, 1.1, 0.62131],
							"pivot": [-0.61066, 7.5, 0.75],
							"rotation": [-5.9674, 44.687, -8.45451],
							"uv": {
								"east": {"uv": [24, 22], "uv_size": [0.5, 1]},
								"up": {"uv": [27, 22], "uv_size": [0.5, 0.5]}
							}
						},
						{
							"origin": [-0.61066, 6.4, 0.5],
							"size": [1.22132, 1.1, 0.25],
							"pivot": [-0.61066, 7.5, 0.75],
							"rotation": [-6, 0, 0],
							"uv": {
								"north": {"uv": [20, 11], "uv_size": [1.25, 1]},
								"south": {"uv": [20, 12], "uv_size": [1.25, 1]},
								"up": {"uv": [25, 22], "uv_size": [1.25, 0.25]}
							}
						},
						{
							"origin": [0.01066, 6.4, 0.12869],
							"size": [0.6, 1.1, 0.62131],
							"pivot": [0.61066, 7.5, 0.75],
							"rotation": [-5.96737, -44.68698, 8.45453],
							"uv": {
								"west": {"uv": [23, 24], "uv_size": [0.5, 1]},
								"up": {"uv": [23, 27], "uv_size": [0.5, 0.5]}
							}
						},
						{
							"origin": [-1.05, 6.4, -0.31066],
							"size": [0.6, 1.1, 0.62132],
							"pivot": [-1.05, 7.5, -0.31066],
							"rotation": [0, 0, -6],
							"uv": {
								"east": {"uv": [24, 23], "uv_size": [0.5, 1]},
								"west": {"uv": [24, 24], "uv_size": [0.5, 1]},
								"up": {"uv": [27, 23], "uv_size": [0.5, 0.5]}
							}
						}
					]
				},
				{
					"name": "octagon5",
					"parent": "down",
					"pivot": [0, 0, 0],
					"cubes": [
						{
							"origin": [-0.76332, 0, 0.1875],
							"size": [0.77664, 0.75, 0.75],
							"pivot": [-0.375, 0, 0],
							"rotation": [0, -45, 0],
							"uv": {
								"south": {"uv": [22, 13], "uv_size": [0.75, 0.75]},
								"down": {"uv": [15, 22.75], "uv_size": [0.75, -0.75]}
							}
						},
						{
							"origin": [-0.76332, 0, -0.9375],
							"size": [1.52664, 0.75, 1.875],
							"uv": {
								"north": {"uv": [20, 13], "uv_size": [1.5, 0.75]},
								"south": {"uv": [19, 20], "uv_size": [1.5, 0.75]},
								"down": {"uv": [18, 11], "uv_size": [1.5, -2]}
							}
						},
						{
							"origin": [-0.61066, 0.75, -0.9375],
							"size": [1.22132, 2.15816, 0.375],
							"pivot": [0.76332, 0.75, -0.9375],
							"rotation": [-4.98412, 0, 0],
							"uv": {
								"north": {"uv": [11, 18], "uv_size": [1.25, 2.25]}
							}
						},
						{
							"origin": [0.61066, 0.75, -0.9375],
							"size": [0.15266, 2.15816, 0.375],
							"pivot": [0.76332, 0.75, -0.9375],
							"rotation": [-4.97175, -0.35125, -4.031],
							"uv": {
								"north": {"uv": [23, 3], "uv_size": [0.25, 2.25]}
							}
						},
						{
							"origin": [-1.3125, 0, -0.38832],
							"size": [0.75, 0.75, 0.77664],
							"pivot": [-0.375, 0, 0],
							"rotation": [0, -45, 0],
							"uv": {
								"east": {"uv": [16, 22], "uv_size": [0.75, 0.75]},
								"down": {"uv": [17, 22.75], "uv_size": [0.75, -0.75]}
							}
						},
						{
							"origin": [-0.01332, 0, 0.1875],
							"size": [0.77664, 0.75, 0.75],
							"pivot": [0.375, 0, 0],
							"rotation": [0, 45, 0],
							"uv": {
								"south": {"uv": [18, 22], "uv_size": [0.75, 0.75]},
								"down": {"uv": [19, 22.75], "uv_size": [0.75, -0.75]}
							}
						},
						{
							"origin": [0.5625, 0, -0.38832],
							"size": [0.75, 0.75, 0.77664],
							"pivot": [0.375, 0, 0],
							"rotation": [0, 45, 0],
							"uv": {
								"west": {"uv": [20, 22], "uv_size": [0.75, 0.75]},
								"down": {"uv": [21, 22.75], "uv_size": [0.75, -0.75]}
							}
						},
						{
							"origin": [0.01333, 0.75, -0.91287],
							"size": [0.75, 2.16341, 0.62132],
							"pivot": [0.76333, 0.75, -0.9375],
							"rotation": [-6.34421, 44.64586, -8.9906],
							"uv": {
								"west": {"uv": [9, 21], "uv_size": [0.5, 2.25]}
							}
						},
						{
							"origin": [0.01333, 0.75, 0.29155],
							"size": [0.75, 2.16341, 0.62132],
							"pivot": [0.76333, 0.75, 0.9375],
							"rotation": [6.34421, -44.64586, -8.9906],
							"uv": {
								"west": {"uv": [12, 21], "uv_size": [0.5, 2.25]}
							}
						},
						{
							"origin": [-0.61066, 0.75, 0.5625],
							"size": [1.22132, 2.15816, 0.375],
							"pivot": [0.76332, 0.75, 0.9375],
							"rotation": [4.98412, 0, 0],
							"uv": {
								"south": {"uv": [18, 11], "uv_size": [1.25, 2.25]}
							}
						},
						{
							"origin": [0.5625, 0.75, -0.51903],
							"size": [0.75, 2.16341, 0.1307],
							"pivot": [1.3125, 0.75, -0.38833],
							"rotation": [-2.88704, 44.64586, -8.9906],
							"uv": {
								"west": {"uv": [23, 9], "uv_size": [0.25, 2.25]}
							}
						},
						{
							"origin": [0.01333, 0.75, -0.9375],
							"size": [0.75, 2.16341, 0.02463],
							"pivot": [0.76333, 0.75, -0.9375],
							"rotation": [-6.99651, 44.64586, -8.9906],
							"uv": {
								"west": {"uv": [23, 6], "uv_size": [0.25, 2.25]}
							}
						},
						{
							"origin": [-1.3125, 0, -0.38832],
							"size": [2.625, 0.75, 0.77664],
							"uv": {
								"east": {"uv": [22, 21], "uv_size": [0.75, 0.75]},
								"west": {"uv": [22, 22], "uv_size": [0.75, 0.75]},
								"down": {"uv": [19, 8.75], "uv_size": [2.75, -0.75]}
							}
						},
						{
							"origin": [0.6875, 0.75, -0.31066],
							"size": [0.625, 2.16597, 0.62132],
							"pivot": [1.3125, 0.75, -0.38832],
							"rotation": [0, 0, -6.96096],
							"uv": {
								"west": {"uv": [10, 21], "uv_size": [0.5, 2.25]}
							}
						},
						{
							"origin": [-1.3125, 0.75, -0.31066],
							"size": [0.625, 2.16597, 0.62132],
							"pivot": [-1.3125, 0.75, -0.38832],
							"rotation": [0, 0, 6.96096],
							"uv": {
								"east": {"uv": [13, 21], "uv_size": [0.5, 2.25]}
							}
						},
						{
							"origin": [0.6875, 0.75, -0.38832],
							"size": [0.625, 2.16597, 0.07766],
							"pivot": [1.3125, 0.75, -0.38832],
							"rotation": [-2.05355, 0, -6.96096],
							"uv": {
								"west": {"uv": [23, 12], "uv_size": [0.25, 2.25]}
							}
						},
						{
							"origin": [0.6875, 0.75, 0.31066],
							"size": [0.625, 2.16597, 0.07766],
							"pivot": [1.3125, 0.75, 0.38832],
							"rotation": [2.05355, 0, -6.96096],
							"uv": {
								"west": {"uv": [19, 23], "uv_size": [0.25, 2.25]}
							}
						},
						{
							"origin": [0.5625, 0.75, 0.38833],
							"size": [0.75, 2.16341, 0.1307],
							"pivot": [1.3125, 0.75, 0.38833],
							"rotation": [2.88704, -44.64586, -8.9906],
							"uv": {
								"west": {"uv": [18, 23], "uv_size": [0.25, 2.25]}
							}
						},
						{
							"origin": [-1.3125, 0.75, 0.38833],
							"size": [0.75, 2.16341, 0.1307],
							"pivot": [-1.3125, 0.75, 0.38833],
							"rotation": [2.88704, 44.64586, 8.9906],
							"uv": {
								"east": {"uv": [21, 23], "uv_size": [0.25, 2.25]}
							}
						},
						{
							"origin": [-1.3125, 0.75, 0.31066],
							"size": [0.625, 2.16597, 0.07766],
							"pivot": [-1.3125, 0.75, 0.38832],
							"rotation": [2.05355, 0, 6.96096],
							"uv": {
								"east": {"uv": [20, 23], "uv_size": [0.25, 2.25]}
							}
						},
						{
							"origin": [-1.3125, 0.75, -0.38832],
							"size": [0.625, 2.16597, 0.07766],
							"pivot": [-1.3125, 0.75, -0.38832],
							"rotation": [-2.05355, 0, 6.96096],
							"uv": {
								"east": {"uv": [17, 23], "uv_size": [0.25, 2.25]}
							}
						},
						{
							"origin": [-1.3125, 0.75, -0.51903],
							"size": [0.75, 2.16341, 0.1307],
							"pivot": [-1.3125, 0.75, -0.38833],
							"rotation": [-2.88704, -44.64586, 8.9906],
							"uv": {
								"east": {"uv": [16, 23], "uv_size": [0.25, 2.25]}
							}
						},
						{
							"origin": [-0.76333, 0.75, -0.91287],
							"size": [0.75, 2.16341, 0.62132],
							"pivot": [-0.76333, 0.75, -0.9375],
							"rotation": [-6.34421, -44.64586, 8.9906],
							"uv": {
								"east": {"uv": [11, 21], "uv_size": [0.5, 2.25]}
							}
						},
						{
							"origin": [-0.76333, 0.75, 0.29155],
							"size": [0.75, 2.16341, 0.62132],
							"pivot": [-0.76333, 0.75, 0.9375],
							"rotation": [6.34421, 44.64586, 8.9906],
							"uv": {
								"east": {"uv": [14, 21], "uv_size": [0.5, 2.25]}
							}
						},
						{
							"origin": [-0.76333, 0.75, -0.9375],
							"size": [0.75, 2.16341, 0.02463],
							"pivot": [-0.76333, 0.75, -0.9375],
							"rotation": [-6.99651, -44.64586, 8.9906],
							"uv": {
								"east": {"uv": [23, 15], "uv_size": [0.25, 2.25]}
							}
						},
						{
							"origin": [-0.76333, 0.75, 0.91287],
							"size": [0.75, 2.16341, 0.02463],
							"pivot": [-0.76333, 0.75, 0.9375],
							"rotation": [6.99651, 44.64586, 8.9906],
							"uv": {
								"east": {"uv": [24, 0], "uv_size": [0.25, 2.25]}
							}
						},
						{
							"origin": [0.01333, 0.75, 0.91287],
							"size": [0.75, 2.16341, 0.02463],
							"pivot": [0.76333, 0.75, 0.9375],
							"rotation": [6.99651, -44.64586, -8.9906],
							"uv": {
								"west": {"uv": [0, 24], "uv_size": [0.25, 2.25]}
							}
						},
						{
							"origin": [-0.76332, 0.75, -0.9375],
							"size": [0.15266, 2.15816, 0.375],
							"pivot": [-0.76332, 0.75, -0.9375],
							"rotation": [-4.97175, 0.35125, 4.031],
							"uv": {
								"north": {"uv": [15, 23], "uv_size": [0.25, 2.25]}
							}
						},
						{
							"origin": [-0.76332, 0.75, 0.5625],
							"size": [0.15266, 2.15816, 0.375],
							"pivot": [-0.76332, 0.75, 0.9375],
							"rotation": [4.97175, -0.35125, 4.031],
							"uv": {
								"south": {"uv": [22, 23], "uv_size": [0.25, 2.25]}
							}
						},
						{
							"origin": [0.61066, 0.75, 0.5625],
							"size": [0.15266, 2.15816, 0.375],
							"pivot": [0.76332, 0.75, 0.9375],
							"rotation": [4.97175, 0.35125, -4.031],
							"uv": {
								"south": {"uv": [23, 21], "uv_size": [0.25, 2.25]}
							}
						}
					]
				},
				{
					"name": "right",
					"parent": "root",
					"pivot": [6, 11, 0]
				},
				{
					"name": "righthand_pos",
					"parent": "right",
					"pivot": [0, 0, 0],
					"cubes": [
						{
							"origin": [4, 0, -2],
							"size": [4, 12, 4],
							"uv": {
								"north": {"uv": [4, 0], "uv_size": [4, 12]},
								"east": {"uv": [4, 0], "uv_size": [4, 12]},
								"south": {"uv": [0, 0], "uv_size": [4, 12]},
								"west": {"uv": [0, 0], "uv_size": [4, 12]},
								"up": {"uv": [8, 4], "uv_size": [-4, -4]}
							}
						}
					]
				},
				{
					"name": "left",
					"parent": "root",
					"pivot": [-6, 11, 0]
				},
				{
					"name": "lefthand_pos",
					"parent": "left",
					"pivot": [0, 0, 0],
					"cubes": [
						{
							"origin": [-8, 0, -2],
							"size": [4, 12, 4],
							"uv": {
								"north": {"uv": [8, 0], "uv_size": [-4, 12]},
								"east": {"uv": [0, 0], "uv_size": [4, 12]},
								"south": {"uv": [0, 0], "uv_size": [4, 12]},
								"west": {"uv": [8, 0], "uv_size": [-4, 12]},
								"up": {"uv": [4, 4], "uv_size": [4, -4]}
							}
						}
					]
				},
				{
					"name": "camera",
					"pivot": [0, 16, 8]
				},
				{
					"name": "idle_view",
					"parent": "camera",
					"pivot": [0, 16, 8]
				},
				{
					"name": "positioning",
					"pivot": [-3.025, -8.95, -11.225]
				},
				{
					"name": "ground",
					"parent": "positioning",
					"pivot": [0, 0, 0]
				},
				{
					"name": "fixed",
					"parent": "positioning",
					"pivot": [0, 16, 0],
					"rotation": [0, 90, 0]
				},
				{
					"name": "thirdperson_hand",
					"parent": "positioning",
					"pivot": [0, 8, 0]
				}
			]
		}
	]
}