{
	"format_version": "1.12.0",
	"minecraft:geometry": [
		{
			"description": {
				"identifier": "geometry.unknown",
				"texture_width": 256,
				"texture_height": 256,
				"visible_bounds_width": 10,
				"visible_bounds_height": 4.5,
				"visible_bounds_offset": [0, 1.75, 0]
			},
			"bones": [
				{
					"name": "root",
					"pivot": [0, 0, 0]
				},
				{
					"name": "body_right",
					"parent": "root",
					"pivot": [-12, 0, 0],
					"cubes": [
						{
							"origin": [-21.9875, 1, -62],
							"size": [10.975, 33, 124],
							"uv": {
								"east": {"uv": [0, 0], "uv_size": [124, 33]},
								"west": {"uv": [0, 34], "uv_size": [124, 33]}
							}
						},
						{
							"origin": [-22, 32, 12],
							"size": [11, 2, 14],
							"pivot": [-13, 34, 12],
							"rotation": [-7.5, 0, 0],
							"uv": {
								"east": {"uv": [199, 39], "uv_size": [14, 2]}
							}
						},
						{
							"origin": [-22, 30.17263, 25.88023],
							"size": [11, 2, 14],
							"pivot": [-13, 32.17263, 25.88023],
							"rotation": [-17.25, 0, 0],
							"uv": {
								"east": {"uv": [199, 42], "uv_size": [14, 2]}
							}
						},
						{
							"origin": [-22, 26.02105, 39.25051],
							"size": [11, 2, 27],
							"pivot": [-13, 28.02105, 39.25051],
							"rotation": [-33, 0, 0],
							"uv": {
								"east": {"uv": [186, 36], "uv_size": [27, 2]},
								"west": {"uv": [188, 73], "uv_size": [27, 2]}
							}
						},
						{
							"origin": [-22, 1, 12],
							"size": [11, 2, 24],
							"pivot": [-13, 1, 12],
							"rotation": [2, 0, 0],
							"uv": {
								"east": {"uv": [188, 82], "uv_size": [24, 2]},
								"west": {"uv": [192, 59], "uv_size": [24, 2]}
							}
						},
						{
							"origin": [-22, 1.83759, 35.98538],
							"size": [11, 2, 24],
							"pivot": [-13, 1.83759, 35.98538],
							"rotation": [6, 0, 0],
							"uv": {
								"east": {"uv": [192, 62], "uv_size": [24, 2]},
								"west": {"uv": [192, 65], "uv_size": [24, 2]}
							}
						},
						{
							"origin": [-22, 4.34627, 59.85391],
							"size": [11, 2, 3.5],
							"pivot": [-13, 4.34627, 59.85391],
							"rotation": [31, 0, 0],
							"uv": {
								"east": {"uv": [139, 212], "uv_size": [4, 2]},
								"west": {"uv": [212, 173], "uv_size": [4, 2]}
							}
						},
						{
							"origin": [-22, 6.1489, 62.85399],
							"size": [11, 2, 4],
							"pivot": [-13, 6.1489, 62.85399],
							"rotation": [80, 0, 0],
							"uv": {
								"east": {"uv": [213, 6], "uv_size": [4, 2]},
								"west": {"uv": [51, 213], "uv_size": [4, 2]}
							}
						},
						{
							"origin": [-22, 10.08814, 63.54858],
							"size": [11, 2, 3.62677],
							"pivot": [-22, 10.08814, 63.54858],
							"rotation": [117.13225, 0, 0],
							"uv": {
								"east": {"uv": [213, 82], "uv_size": [4, 2]},
								"west": {"uv": [213, 106], "uv_size": [4, 2]}
							}
						},
						{
							"origin": [-22, 32, -61],
							"size": [11, 2, 31],
							"pivot": [-11, 34, -30],
							"rotation": [9, 0, 0],
							"uv": {
								"east": {"uv": [185, 143], "uv_size": [31, 2]},
								"west": {"uv": [185, 146], "uv_size": [31, 2]}
							}
						},
						{
							"origin": [-9.6145, 26.7916, -62.50817],
							"size": [1, 1, 4],
							"pivot": [-8.6145, 26.7916, -58.50817],
							"rotation": [63.43289, 23.81762, 26.64661],
							"uv": {
								"west": {"uv": [219, 4], "uv_size": [4, 1]}
							}
						},
						{
							"origin": [-14.5, 38.72047, -32.14838],
							"size": [1.5, 1, 13],
							"pivot": [-13, 39.72047, -44.14838],
							"rotation": [3, 0, 0],
							"uv": {
								"west": {"uv": [191, 206], "uv_size": [13, 1]},
								"up": {"uv": [160, 178], "uv_size": [2, 13]}
							}
						},
						{
							"origin": [-14.5076, 39.35304, -45.07812],
							"size": [1.5, 1, 13],
							"pivot": [-14.0076, 40.35304, -32.07812],
							"rotation": [3.04619, -9.98615, -0.52872],
							"uv": {
								"west": {"uv": [205, 206], "uv_size": [13, 1]},
								"up": {"uv": [199, 101], "uv_size": [2, 13]}
							}
						},
						{
							"origin": [-10.84636, 31.99075, 28.35981],
							"size": [1.5, 1, 14],
							"pivot": [-9.34636, 31.99075, 28.35981],
							"rotation": [-19.5, 0, 0],
							"uv": {
								"west": {"uv": [191, 204], "uv_size": [14, 1]},
								"up": {"uv": [170, 197], "uv_size": [2, 14]}
							}
						},
						{
							"origin": [-10.84636, 25.6351, 41.8906],
							"size": [1.5, 2.625, 4],
							"pivot": [-9.34636, 28.2601, 41.8906],
							"rotation": [-90, 0, 0],
							"uv": {
								"west": {"uv": [36, 205], "uv_size": [4, 3]},
								"up": {"uv": [190, 214], "uv_size": [2, 4]}
							}
						},
						{
							"origin": [-22, 1, -35],
							"size": [11, 2, 18],
							"pivot": [-11, 1, -17],
							"rotation": [-15, 0, 0],
							"uv": {
								"east": {"uv": [194, 6], "uv_size": [18, 2]},
								"west": {"uv": [194, 154], "uv_size": [18, 2]}
							}
						},
						{
							"origin": [-22, 5.65874, -64.38666],
							"size": [11, 2, 30],
							"pivot": [-11, 5.65874, -34.38666],
							"rotation": [-27.5, 0, 0],
							"uv": {
								"east": {"uv": [186, 12], "uv_size": [30, 2]},
								"west": {"uv": [186, 15], "uv_size": [30, 2]}
							}
						},
						{
							"origin": [-22, 19.5112, -64.99699],
							"size": [11, 2, 4],
							"pivot": [-11, 19.5112, -60.99699],
							"rotation": [-50, 0, 0],
							"uv": {
								"east": {"uv": [107, 213], "uv_size": [4, 2]},
								"west": {"uv": [112, 213], "uv_size": [4, 2]}
							}
						},
						{
							"origin": [-11, 24.57538, -65.19093],
							"size": [0.5, 5, 2],
							"pivot": [-9, 24.57538, -63.06814],
							"rotation": [-135.01024, 0, 0],
							"uv": {
								"north": {"uv": [60, 193], "uv_size": [1, 5]},
								"south": {"uv": [147, 216], "uv_size": [1, 5]},
								"west": {"uv": [108, 206], "uv_size": [2, 5]},
								"down": {"uv": [48, 198], "uv_size": [1, -2]}
							}
						},
						{
							"origin": [-22, 29.15053, -60.61834],
							"size": [11, 2, 4],
							"pivot": [-11, 29.15053, -60.61834],
							"rotation": [-137.5, 0, 0],
							"uv": {
								"east": {"uv": [117, 213], "uv_size": [4, 2]},
								"west": {"uv": [122, 213], "uv_size": [4, 2]}
							}
						},
						{
							"origin": [-32.5, 16.5, -19.25],
							"size": [10.5, 4, 24],
							"uv": {
								"east": {"uv": [185, 117], "uv_size": [24, 4]},
								"up": {"uv": [130, 150], "uv_size": [11, 24]}
							}
						},
						{
							"origin": [-27, 9, -19.25],
							"size": [5, 2, 25.1875],
							"uv": {
								"down": {"uv": [94, 203], "uv_size": [5, -25]}
							}
						},
						{
							"origin": [-27.11124, 9, 5.75],
							"size": [5.11164, 2, 1.25877],
							"pivot": [-21.9996, 8.99796, 6.99813],
							"rotation": [0, -12.09476, 0],
							"uv": {
								"down": {"uv": [173, 219], "uv_size": [5, -1]}
							}
						},
						{
							"origin": [-27, 9, -21.68053],
							"size": [5, 2, 2.43053],
							"pivot": [-27, 9, -19.25],
							"rotation": [-24.50483, 0, 0],
							"uv": {
								"down": {"uv": [61, 210], "uv_size": [5, -2]}
							}
						},
						{
							"origin": [-27, 9, -21.73233],
							"size": [1, 2, 2.48233],
							"pivot": [-27, 9, -19.25],
							"rotation": [-25.47535, 15.35446, -7.19036],
							"uv": {
								"down": {"uv": [177, 222], "uv_size": [1, -2]}
							}
						},
						{
							"origin": [-27.72236, 9.98504, -21.41099],
							"size": [6.38341, 2.00487, 2.58089],
							"pivot": [-27.72236, 9.98504, -21.41099],
							"rotation": [-26.29261, 23.92775, -11.26649],
							"uv": {
								"down": {"uv": [77, 205], "uv_size": [6, -3]}
							}
						},
						{
							"origin": [-32.5, 16.5, -19.25],
							"size": [9.30054, 15, 24],
							"pivot": [-32.5, 16.5, 4.75],
							"rotation": [0, 0, 53.74616],
							"uv": {
								"down": {"uv": [165, 191], "uv_size": [9, -24]}
							}
						},
						{
							"origin": [-27.0867, 9.11823, 4.75],
							"size": [0.14661, 15, 1.1875],
							"pivot": [-27.0867, 9.11823, 5.90892],
							"rotation": [0, 0, 53.74616],
							"uv": {
								"down": {"uv": [173, 166], "uv_size": [1, -1]}
							}
						},
						{
							"origin": [-32.5, 16.5, -19.25],
							"size": [8.36304, 15, 3],
							"pivot": [-32.5, 16.5, -19.25],
							"rotation": [-0.25, 14.975, 53.74616],
							"uv": {
								"down": {"uv": [119, 202], "uv_size": [8, -3]}
							}
						},
						{
							"origin": [-28.8354, 9.98504, -21.41099],
							"size": [1.11304, 15, 2.48234],
							"pivot": [-27.72236, 9.98504, -21.41099],
							"rotation": [0, 29.47774, 53.74616],
							"uv": {
								"down": {"uv": [220, 216], "uv_size": [1, -2]}
							}
						},
						{
							"origin": [-32.5, 16.5, 3.58272],
							"size": [9.227, 15, 1.16816],
							"pivot": [-32.5, 16.5, 4.75],
							"rotation": [0, -7.21, 53.74616],
							"uv": {
								"down": {"uv": [173, 40], "uv_size": [9, -1]}
							}
						},
						{
							"origin": [-32.5, 16.5, -19.25],
							"size": [11.52443, 3.999, 5],
							"pivot": [-32.5, 31.5, -19.25],
							"rotation": [0, 24.34109, 0],
							"uv": {
								"north": {"uv": [68, 192], "uv_size": [12, 4]},
								"up": {"uv": [186, 18], "uv_size": [12, 5]}
							}
						},
						{
							"origin": [-27.4248, 11.125, -19.25],
							"size": [6.44923, 5.375, 5],
							"pivot": [-32.5, 16.5, -19.25],
							"rotation": [0, 24.34109, 0],
							"uv": {
								"north": {"uv": [67, 179], "uv_size": [6, 5]}
							}
						},
						{
							"origin": [-32.5, 16.5, -19.25],
							"size": [8.36304, 5, 5],
							"pivot": [-32.5, 16.5, -19.25],
							"rotation": [19.1027, 14.975, 53.74616],
							"uv": {
								"north": {"uv": [18, 196], "uv_size": [8, 5]}
							}
						},
						{
							"origin": [-27.72236, 9.98504, -21.41099],
							"size": [6.38341, 1.5, 5],
							"pivot": [-27.72236, 9.98504, -21.41099],
							"rotation": [-4.35, 23.92775, -11.26649],
							"uv": {
								"north": {"uv": [54, 206], "uv_size": [6, 2]}
							}
						},
						{
							"origin": [-32.5, 16.5, 1.75],
							"size": [10.73837, 15, 3],
							"pivot": [-32.5, 31.5, 4.75],
							"rotation": [0, -12.09476, 0],
							"uv": {
								"south": {"uv": [173, 117], "uv_size": [11, 15]},
								"up": {"uv": [198, 136], "uv_size": [11, 3]}
							}
						},
						{
							"origin": [-30.26163, 14.5, 4.75],
							"size": [7.5, 2, 1.5],
							"pivot": [-32.5, 31.5, 4.75],
							"rotation": [0, -12.09476, 0],
							"uv": {
								"east": {"uv": [44, 219], "uv_size": [2, 2]},
								"south": {"uv": [161, 41], "uv_size": [8, 2]},
								"west": {"uv": [219, 75], "uv_size": [2, 2]},
								"up": {"uv": [132, 175], "uv_size": [8, 2]}
							}
						},
						{
							"origin": [-27.26163, 10.5, 4.75],
							"size": [4.5, 4, 1.5],
							"pivot": [-32.5, 29.5, 4.75],
							"rotation": [0, -12.09476, 0],
							"uv": {
								"south": {"uv": [142, 161], "uv_size": [5, 4]},
								"west": {"uv": [196, 214], "uv_size": [2, 4]},
								"down": {"uv": [149, 210], "uv_size": [5, -2]}
							}
						},
						{
							"origin": [-27.58744, 10.5, 5.82539],
							"size": [2.73836, 5, 1.499],
							"pivot": [-27.58744, 10.5, 6.82539],
							"rotation": [7.32641, -9.64966, -37.48915],
							"uv": {
								"east": {"uv": [179, 218], "uv_size": [1, 5]},
								"south": {"uv": [112, 203], "uv_size": [3, 5]}
							}
						},
						{
							"origin": [-26.86777, 8.99796, 1.75],
							"size": [5.10614, 7.50204, 3],
							"pivot": [-32.5, 26.5, 4.75],
							"rotation": [0, -12.09476, 0],
							"uv": {
								"south": {"uv": [12, 196], "uv_size": [5, 8]}
							}
						},
						{
							"origin": [-32.5, 16.50084, 1.75],
							"size": [9.38097, 4.53666, 2.99709],
							"pivot": [-32.5, 16.5, 4.75],
							"rotation": [-9.72474, -7.22603, 53.72291],
							"uv": {
								"south": {"uv": [50, 193], "uv_size": [9, 5]}
							}
						},
						{
							"origin": [-23.02219, 20.499, -19.46615],
							"size": [2, 9.001, 5],
							"pivot": [-32.02219, 28.5, -19.46615],
							"rotation": [0, 24.34109, 0],
							"uv": {
								"north": {"uv": [75, 167], "uv_size": [2, 9]},
								"east": {"uv": [0, 196], "uv_size": [5, 9]}
							}
						},
						{
							"origin": [-32.5, 20.5, -10.25],
							"size": [10.5, 9, 15],
							"uv": {
								"north": {"uv": [184, 39], "uv_size": [11, 9]},
								"east": {"uv": [116, 175], "uv_size": [15, 9]}
							}
						},
						{
							"origin": [-32.5, 29.5, -19.25],
							"size": [10.5, 1.999, 24],
							"uv": {
								"east": {"uv": [194, 3], "uv_size": [24, 2]},
								"up": {"uv": [161, 142], "uv_size": [11, 24]},
								"down": {"uv": [104, 188], "uv_size": [11, -24]}
							}
						},
						{
							"origin": [-32.5, 29.5, -19.25],
							"size": [11.52443, 2, 5],
							"pivot": [-32.5, 31.5, -19.25],
							"rotation": [0, 24.34109, 0],
							"uv": {
								"north": {"uv": [199, 173], "uv_size": [12, 2]},
								"up": {"uv": [186, 87], "uv_size": [12, 5]},
								"down": {"uv": [186, 98], "uv_size": [12, -5]}
							}
						},
						{
							"origin": [-14.51253, 40.06131, 14.68678],
							"size": [1.5, 1, 17],
							"pivot": [-14.01253, 41.06131, 14.68678],
							"rotation": [-30.16237, 12.06806, -4.46497],
							"uv": {
								"west": {"uv": [191, 202], "uv_size": [17, 1]},
								"up": {"uv": [90, 197], "uv_size": [2, 17]}
							}
						},
						{
							"origin": [-12.26536, 38.6921, -63.68967],
							"size": [1.5, 1, 19],
							"pivot": [-10.76536, 39.6921, -44.68967],
							"rotation": [40.18204, -4.97486, -4.18866],
							"uv": {
								"west": {"uv": [202, 104], "uv_size": [19, 1]},
								"up": {"uv": [74, 197], "uv_size": [2, 19]}
							}
						},
						{
							"origin": [-22, 22.57538, -67.44093],
							"size": [11, 2, 3.87279],
							"pivot": [-11, 22.57538, -63.56814],
							"rotation": [-90.01024, 0, 0],
							"uv": {
								"east": {"uv": [214, 117], "uv_size": [4, 2]},
								"west": {"uv": [214, 131], "uv_size": [4, 2]}
							}
						},
						{
							"origin": [-9.6145, 26.7916, -62.50817],
							"size": [1, 1, 4],
							"pivot": [-8.6145, 26.7916, -58.50817],
							"rotation": [61.68919, 26.06465, 24.23178],
							"uv": {
								"west": {"uv": [219, 44], "uv_size": [4, 1]}
							}
						},
						{
							"origin": [-14.5, 40.02325, -19.20868],
							"size": [1.5, 1, 34],
							"uv": {
								"west": {"uv": [198, 127], "uv_size": [34, 1]},
								"up": {"uv": [157, 178], "uv_size": [2, 34]}
							}
						},
						{
							"origin": [-14, 32.77325, -12.20868],
							"size": [1, 8.25, 2],
							"pivot": [-13, 41.02325, -9.20868],
							"rotation": [0, 0, -30],
							"uv": {
								"north": {"uv": [48, 214], "uv_size": [1, 8]},
								"south": {"uv": [104, 214], "uv_size": [1, 8]},
								"west": {"uv": [163, 202], "uv_size": [2, 8]}
							}
						},
						{
							"origin": [-13.25, 32.47325, 12.79132],
							"size": [1, 9.0625, 2],
							"pivot": [-12.25, 40.72325, 15.79132],
							"rotation": [0, 0, -70],
							"uv": {
								"north": {"uv": [163, 178], "uv_size": [1, 9]},
								"south": {"uv": [133, 207], "uv_size": [1, 9]},
								"west": {"uv": [33, 202], "uv_size": [2, 9]}
							}
						},
						{
							"origin": [-13.25, 31.78575, -38.20868],
							"size": [1, 8.25, 2],
							"pivot": [-12.25, 40.03575, -35.20868],
							"rotation": [0, 0, -70],
							"uv": {
								"north": {"uv": [186, 214], "uv_size": [1, 8]},
								"south": {"uv": [188, 214], "uv_size": [1, 8]},
								"west": {"uv": [51, 203], "uv_size": [2, 8]}
							}
						},
						{
							"origin": [-9.6145, 26.55764, -63.15095],
							"size": [1, 1, 4],
							"pivot": [-8.6145, 27.55764, -59.15095],
							"rotation": [45.68919, 26.06465, 24.23178],
							"uv": {
								"west": {"uv": [219, 131], "uv_size": [4, 1]}
							}
						},
						{
							"origin": [-23, 11.5, 18.5],
							"size": [1, 4, 4],
							"pivot": [-22.5, 14, 21],
							"rotation": [-45, 0, 0],
							"uv": {
								"north": {"uv": [219, 193], "uv_size": [1, 4]},
								"east": {"uv": [63, 203], "uv_size": [4, 4]},
								"south": {"uv": [194, 219], "uv_size": [1, 4]},
								"up": {"uv": [196, 219], "uv_size": [1, 4]},
								"down": {"uv": [198, 223], "uv_size": [1, -4]}
							}
						},
						{
							"origin": [-23, 8, 44],
							"size": [1, 4, 9],
							"uv": {
								"north": {"uv": [203, 219], "uv_size": [1, 4]},
								"east": {"uv": [77, 197], "uv_size": [9, 4]},
								"south": {"uv": [205, 219], "uv_size": [1, 4]},
								"up": {"uv": [81, 209], "uv_size": [1, 9]},
								"down": {"uv": [131, 218], "uv_size": [1, -9]}
							}
						},
						{
							"origin": [-23, 20, -59],
							"size": [1, 3, 9],
							"pivot": [-22.5, 22.5, -53.5],
							"rotation": [-27.5, 0, 0],
							"uv": {
								"north": {"uv": [163, 188], "uv_size": [1, 3]},
								"east": {"uv": [51, 199], "uv_size": [9, 3]},
								"south": {"uv": [28, 205], "uv_size": [1, 3]},
								"up": {"uv": [24, 211], "uv_size": [1, 9]},
								"down": {"uv": [97, 220], "uv_size": [1, -9]}
							}
						}
					]
				},
				{
					"name": "body_left",
					"parent": "root",
					"pivot": [12, 0, 0],
					"cubes": [
						{
							"origin": [11.0125, 1, -62],
							"size": [10.975, 33, 124],
							"uv": {
								"east": {"uv": [0, 68], "uv_size": [124, 33]},
								"west": {"uv": [0, 102], "uv_size": [124, 33]}
							}
						},
						{
							"origin": [11, 32, 12],
							"size": [11, 2, 14],
							"pivot": [13, 34, 12],
							"rotation": [-7.5, 0, 0],
							"uv": {
								"west": {"uv": [199, 45], "uv_size": [14, 2]}
							}
						},
						{
							"origin": [11, 30.17263, 25.88023],
							"size": [11, 2, 14],
							"pivot": [13, 32.17263, 25.88023],
							"rotation": [-17.25, 0, 0],
							"uv": {
								"west": {"uv": [199, 48], "uv_size": [14, 2]}
							}
						},
						{
							"origin": [11, 26.02105, 39.25051],
							"size": [11, 2, 27],
							"pivot": [13, 28.02105, 39.25051],
							"rotation": [-33, 0, 0],
							"uv": {
								"east": {"uv": [188, 76], "uv_size": [27, 2]},
								"west": {"uv": [188, 79], "uv_size": [27, 2]}
							}
						},
						{
							"origin": [11, 1, 12],
							"size": [11, 2, 24],
							"pivot": [13, 1, 12],
							"rotation": [2, 0, 0],
							"uv": {
								"east": {"uv": [0, 193], "uv_size": [24, 2]},
								"west": {"uv": [25, 193], "uv_size": [24, 2]}
							}
						},
						{
							"origin": [11, 1.83759, 35.98538],
							"size": [11, 2, 24],
							"pivot": [13, 1.83759, 35.98538],
							"rotation": [6, 0, 0],
							"uv": {
								"east": {"uv": [193, 188], "uv_size": [24, 2]},
								"west": {"uv": [193, 191], "uv_size": [24, 2]}
							}
						},
						{
							"origin": [11, 4.34627, 59.85391],
							"size": [11, 2, 3.5],
							"pivot": [13, 4.34627, 59.85391],
							"rotation": [31, 0, 0],
							"uv": {
								"east": {"uv": [144, 213], "uv_size": [4, 2]},
								"west": {"uv": [213, 153], "uv_size": [4, 2]}
							}
						},
						{
							"origin": [11, 6.1489, 62.85399],
							"size": [11, 2, 4],
							"pivot": [13, 6.1489, 62.85399],
							"rotation": [80, 0, 0],
							"uv": {
								"east": {"uv": [213, 208], "uv_size": [4, 2]},
								"west": {"uv": [213, 211], "uv_size": [4, 2]}
							}
						},
						{
							"origin": [11, 10.08814, 63.54858],
							"size": [11, 2, 3.62677],
							"pivot": [22, 10.08814, 63.54858],
							"rotation": [117.13225, 0, 0],
							"uv": {
								"east": {"uv": [26, 214], "uv_size": [4, 2]},
								"west": {"uv": [214, 36], "uv_size": [4, 2]}
							}
						},
						{
							"origin": [11, 32, -61],
							"size": [11, 2, 31],
							"pivot": [11, 34, -30],
							"rotation": [9, 0, 0],
							"uv": {
								"east": {"uv": [175, 185], "uv_size": [31, 2]},
								"west": {"uv": [186, 9], "uv_size": [31, 2]}
							}
						},
						{
							"origin": [11, 1, -35],
							"size": [11, 2, 18],
							"pivot": [11, 1, -17],
							"rotation": [-15, 0, 0],
							"uv": {
								"east": {"uv": [129, 197], "uv_size": [18, 2]},
								"west": {"uv": [198, 122], "uv_size": [18, 2]}
							}
						},
						{
							"origin": [11, 5.65874, -64.38666],
							"size": [11, 2, 30],
							"pivot": [11, 5.65874, -34.38666],
							"rotation": [-27.5, 0, 0],
							"uv": {
								"east": {"uv": [186, 24], "uv_size": [30, 2]},
								"west": {"uv": [186, 27], "uv_size": [30, 2]}
							}
						},
						{
							"origin": [11, 19.5112, -64.99699],
							"size": [11, 2, 4],
							"pivot": [11, 19.5112, -60.99699],
							"rotation": [-50, 0, 0],
							"uv": {
								"east": {"uv": [214, 39], "uv_size": [4, 2]},
								"west": {"uv": [214, 42], "uv_size": [4, 2]}
							}
						},
						{
							"origin": [11, 22.57538, -67.44093],
							"size": [11, 2, 3.87279],
							"pivot": [11, 22.57538, -63.56814],
							"rotation": [-90.01024, 0, 0],
							"uv": {
								"east": {"uv": [214, 45], "uv_size": [4, 2]},
								"west": {"uv": [214, 48], "uv_size": [4, 2]}
							}
						},
						{
							"origin": [10.5, 24.57538, -65.19093],
							"size": [0.5, 5, 2],
							"pivot": [9, 24.57538, -63.06814],
							"rotation": [-135.01024, 0, 0],
							"uv": {
								"north": {"uv": [29, 217], "uv_size": [1, 5]},
								"east": {"uv": [146, 207], "uv_size": [2, 5]},
								"south": {"uv": [136, 218], "uv_size": [1, 5]},
								"down": {"uv": [221, 8], "uv_size": [1, -2]}
							}
						},
						{
							"origin": [11, 29.15053, -60.61834],
							"size": [11, 2, 4],
							"pivot": [11, 29.15053, -60.61834],
							"rotation": [-137.5, 0, 0],
							"uv": {
								"east": {"uv": [99, 214], "uv_size": [4, 2]},
								"west": {"uv": [214, 99], "uv_size": [4, 2]}
							}
						},
						{
							"origin": [22, 29.5, -19.25],
							"size": [10.5, 1.999, 24],
							"uv": {
								"west": {"uv": [194, 0], "uv_size": [24, 2]},
								"up": {"uv": [161, 16], "uv_size": [11, 24]},
								"down": {"uv": [161, 116], "uv_size": [11, -24]}
							}
						},
						{
							"origin": [22, 20.5, -10.25],
							"size": [10.5, 9, 15],
							"uv": {
								"north": {"uv": [184, 49], "uv_size": [11, 9]},
								"west": {"uv": [175, 169], "uv_size": [15, 9]}
							}
						},
						{
							"origin": [22, 16.5, -19.25],
							"size": [10.5, 4, 24],
							"uv": {
								"west": {"uv": [185, 131], "uv_size": [24, 4]},
								"up": {"uv": [161, 117], "uv_size": [11, 24]}
							}
						},
						{
							"origin": [22, 9, -19.25],
							"size": [5, 2, 25.1875],
							"uv": {
								"down": {"uv": [151, 203], "uv_size": [5, -25]}
							}
						},
						{
							"origin": [21.9996, 9, 5.75],
							"size": [5.11164, 2, 1.25877],
							"pivot": [21.9996, 8.99796, 6.99813],
							"rotation": [0, 12.09476, 0],
							"uv": {
								"down": {"uv": [218, 188], "uv_size": [5, -1]}
							}
						},
						{
							"origin": [22, 9, -21.68053],
							"size": [5, 2, 2.43053],
							"pivot": [27, 9, -19.25],
							"rotation": [-24.50483, 0, 0],
							"uv": {
								"down": {"uv": [93, 210], "uv_size": [5, -2]}
							}
						},
						{
							"origin": [26, 9, -21.73233],
							"size": [1, 2, 2.48233],
							"pivot": [27, 9, -19.25],
							"rotation": [-25.47535, -15.35446, 7.19036],
							"uv": {
								"down": {"uv": [218, 222], "uv_size": [1, -2]}
							}
						},
						{
							"origin": [21.33895, 9.98504, -21.41099],
							"size": [6.38341, 2.00487, 2.58089],
							"pivot": [27.72236, 9.98504, -21.41099],
							"rotation": [-26.29261, -23.92775, 11.26649],
							"uv": {
								"down": {"uv": [202, 109], "uv_size": [6, -3]}
							}
						},
						{
							"origin": [23.19946, 16.5, -19.25],
							"size": [9.30054, 15, 24],
							"pivot": [32.5, 16.5, 4.75],
							"rotation": [0, 0, -53.74616],
							"uv": {
								"down": {"uv": [26, 192], "uv_size": [9, -24]}
							}
						},
						{
							"origin": [26.94009, 9.11823, 4.75],
							"size": [0.14661, 15, 1.1875],
							"pivot": [27.0867, 9.11823, 5.90892],
							"rotation": [0, 0, -53.74616],
							"uv": {
								"down": {"uv": [61, 207], "uv_size": [1, -1]}
							}
						},
						{
							"origin": [24.13696, 16.5, -19.25],
							"size": [8.36304, 15, 3],
							"pivot": [32.5, 16.5, -19.25],
							"rotation": [-0.25, -14.975, -53.74616],
							"uv": {
								"down": {"uv": [199, 172], "uv_size": [8, -3]}
							}
						},
						{
							"origin": [27.72236, 9.98504, -21.41099],
							"size": [1.11304, 15, 2.48234],
							"pivot": [27.72236, 9.98504, -21.41099],
							"rotation": [0, -29.47774, -53.74616],
							"uv": {
								"down": {"uv": [220, 222], "uv_size": [1, -2]}
							}
						},
						{
							"origin": [23.273, 16.5, 3.58272],
							"size": [9.227, 15, 1.16816],
							"pivot": [32.5, 16.5, 4.75],
							"rotation": [0, 7.21, -53.74616],
							"uv": {
								"down": {"uv": [209, 56], "uv_size": [9, -1]}
							}
						},
						{
							"origin": [20.97557, 29.5, -19.25],
							"size": [11.52443, 2, 5],
							"pivot": [32.5, 31.5, -19.25],
							"rotation": [0, -24.34109, 0],
							"uv": {
								"north": {"uv": [173, 199], "uv_size": [12, 2]},
								"up": {"uv": [186, 30], "uv_size": [12, 5]},
								"down": {"uv": [67, 191], "uv_size": [12, -5]}
							}
						},
						{
							"origin": [21.02219, 20.499, -19.46615],
							"size": [2, 9.001, 5],
							"pivot": [32.02219, 28.5, -19.46615],
							"rotation": [0, -24.34109, 0],
							"uv": {
								"north": {"uv": [49, 168], "uv_size": [2, 9]},
								"west": {"uv": [6, 196], "uv_size": [5, 9]}
							}
						},
						{
							"origin": [20.97557, 16.5, -19.25],
							"size": [11.52443, 3.999, 5],
							"pivot": [32.5, 31.5, -19.25],
							"rotation": [0, -24.34109, 0],
							"uv": {
								"north": {"uv": [81, 192], "uv_size": [12, 4]},
								"up": {"uv": [80, 186], "uv_size": [12, 5]}
							}
						},
						{
							"origin": [20.97557, 11.125, -19.25],
							"size": [6.44923, 5.375, 5],
							"pivot": [32.5, 16.5, -19.25],
							"rotation": [0, -24.34109, 0],
							"uv": {
								"north": {"uv": [199, 18], "uv_size": [6, 5]}
							}
						},
						{
							"origin": [24.13696, 16.5, -19.25],
							"size": [8.36304, 5, 5],
							"pivot": [32.5, 16.5, -19.25],
							"rotation": [19.1027, -14.975, -53.74616],
							"uv": {
								"north": {"uv": [27, 196], "uv_size": [8, 5]}
							}
						},
						{
							"origin": [21.33895, 9.98504, -21.41099],
							"size": [6.38341, 1.5, 5],
							"pivot": [27.72236, 9.98504, -21.41099],
							"rotation": [-4.35, -23.92775, 11.26649],
							"uv": {
								"north": {"uv": [77, 206], "uv_size": [6, 2]}
							}
						},
						{
							"origin": [21.76163, 16.5, 1.75],
							"size": [10.73837, 15, 3],
							"pivot": [32.5, 31.5, 4.75],
							"rotation": [0, 12.09476, 0],
							"uv": {
								"south": {"uv": [173, 133], "uv_size": [11, 15]},
								"up": {"uv": [198, 179], "uv_size": [11, 3]}
							}
						},
						{
							"origin": [21.76163, 8.99796, 1.75],
							"size": [5.10614, 7.50204, 3],
							"pivot": [32.5, 26.5, 4.75],
							"rotation": [0, 12.09476, 0],
							"uv": {
								"south": {"uv": [36, 196], "uv_size": [5, 8]}
							}
						},
						{
							"origin": [23.11903, 16.50084, 1.75],
							"size": [9.38097, 4.53666, 2.99709],
							"pivot": [32.5, 16.5, 4.75],
							"rotation": [-9.72474, 7.22603, -53.72291],
							"uv": {
								"south": {"uv": [193, 194], "uv_size": [9, 5]}
							}
						},
						{
							"origin": [13.01253, 40.06131, 14.68678],
							"size": [1.5, 1, 17],
							"pivot": [14.01253, 41.06131, 14.68678],
							"rotation": [-30.16237, -12.06806, 4.46497],
							"uv": {
								"east": {"uv": [173, 202], "uv_size": [17, 1]},
								"up": {"uv": [87, 197], "uv_size": [2, 17]}
							}
						},
						{
							"origin": [9.34636, 31.99075, 28.35981],
							"size": [1.5, 1, 14],
							"pivot": [9.34636, 31.99075, 28.35981],
							"rotation": [-19.5, 0, 0],
							"uv": {
								"east": {"uv": [12, 205], "uv_size": [14, 1]},
								"up": {"uv": [48, 199], "uv_size": [2, 14]}
							}
						},
						{
							"origin": [10.76536, 38.6921, -63.68967],
							"size": [1.5, 1, 19],
							"pivot": [10.76536, 39.6921, -44.68967],
							"rotation": [40.18204, 4.97486, 4.18866],
							"uv": {
								"east": {"uv": [202, 102], "uv_size": [19, 1]},
								"up": {"uv": [196, 39], "uv_size": [2, 19]}
							}
						},
						{
							"origin": [8.6145, 26.55764, -63.15095],
							"size": [1, 1, 4],
							"pivot": [8.6145, 27.55764, -59.15095],
							"rotation": [45.68919, -26.06465, -24.23178],
							"uv": {
								"east": {"uv": [219, 42], "uv_size": [4, 1]}
							}
						},
						{
							"origin": [8.6145, 26.7916, -62.50817],
							"size": [1, 1, 4],
							"pivot": [8.6145, 26.7916, -58.50817],
							"rotation": [61.68919, -26.06465, -24.23178],
							"uv": {
								"east": {"uv": [219, 117], "uv_size": [4, 1]}
							}
						},
						{
							"origin": [13.0076, 39.35304, -45.07812],
							"size": [1.5, 1, 13],
							"pivot": [14.0076, 40.35304, -32.07812],
							"rotation": [3.04619, 9.98615, 0.52872],
							"uv": {
								"east": {"uv": [206, 204], "uv_size": [13, 1]},
								"up": {"uv": [199, 87], "uv_size": [2, 13]}
							}
						},
						{
							"origin": [13, 40.02325, -19.20868],
							"size": [1.5, 1, 34],
							"uv": {
								"east": {"uv": [198, 125], "uv_size": [34, 1]},
								"up": {"uv": [101, 166], "uv_size": [2, 34]}
							}
						},
						{
							"origin": [12.25, 31.78575, -38.20868],
							"size": [1, 8.25, 2],
							"pivot": [12.25, 40.03575, -35.20868],
							"rotation": [0, 0, 70],
							"uv": {
								"north": {"uv": [56, 213], "uv_size": [1, 8]},
								"east": {"uv": [160, 202], "uv_size": [2, 8]},
								"south": {"uv": [31, 214], "uv_size": [1, 8]}
							}
						},
						{
							"origin": [12.25, 32.47325, 12.79132],
							"size": [1, 9.0625, 2],
							"pivot": [12.25, 40.72325, 15.79132],
							"rotation": [0, 0, 70],
							"uv": {
								"north": {"uv": [155, 208], "uv_size": [1, 9]},
								"east": {"uv": [84, 202], "uv_size": [2, 9]},
								"south": {"uv": [58, 209], "uv_size": [1, 9]}
							}
						},
						{
							"origin": [13, 38.72047, -32.14838],
							"size": [1.5, 1, 13],
							"pivot": [13, 39.72047, -44.14838],
							"rotation": [3, 0, 0],
							"uv": {
								"east": {"uv": [0, 207], "uv_size": [13, 1]},
								"up": {"uv": [116, 199], "uv_size": [2, 13]}
							}
						},
						{
							"origin": [13, 32.77325, -12.20868],
							"size": [1, 8.25, 2],
							"pivot": [13, 41.02325, -9.20868],
							"rotation": [0, 0, 30],
							"uv": {
								"north": {"uv": [182, 214], "uv_size": [1, 8]},
								"east": {"uv": [166, 202], "uv_size": [2, 8]},
								"south": {"uv": [184, 214], "uv_size": [1, 8]}
							}
						},
						{
							"origin": [9.34636, 25.6351, 41.8906],
							"size": [1.5, 2.625, 4],
							"pivot": [9.34636, 28.2601, 41.8906],
							"rotation": [-90, 0, 0],
							"uv": {
								"east": {"uv": [103, 206], "uv_size": [4, 3]},
								"up": {"uv": [193, 214], "uv_size": [2, 4]}
							}
						},
						{
							"origin": [22.76163, 14.5, 4.75],
							"size": [7.5, 2, 1.5],
							"pivot": [32.5, 31.5, 4.75],
							"rotation": [0, 12.09476, 0],
							"uv": {
								"east": {"uv": [80, 219], "uv_size": [2, 2]},
								"south": {"uv": [54, 203], "uv_size": [8, 2]},
								"west": {"uv": [219, 99], "uv_size": [2, 2]},
								"up": {"uv": [103, 203], "uv_size": [8, 2]}
							}
						},
						{
							"origin": [22.76163, 10.5, 4.75],
							"size": [4.5, 4, 1.5],
							"pivot": [32.5, 29.5, 4.75],
							"rotation": [0, 12.09476, 0],
							"uv": {
								"east": {"uv": [199, 214], "uv_size": [2, 4]},
								"south": {"uv": [167, 87], "uv_size": [5, 4]},
								"down": {"uv": [36, 211], "uv_size": [5, -2]}
							}
						},
						{
							"origin": [24.84908, 10.5, 5.82539],
							"size": [2.73836, 5, 1.499],
							"pivot": [27.58744, 10.5, 6.82539],
							"rotation": [7.32641, 9.64966, 37.48915],
							"uv": {
								"south": {"uv": [135, 203], "uv_size": [3, 5]},
								"west": {"uv": [219, 36], "uv_size": [1, 5]}
							}
						},
						{
							"origin": [22, 11.5, 18.5],
							"size": [1, 4, 4],
							"pivot": [22.5, 14, 21],
							"rotation": [-45, 0, 0],
							"uv": {
								"north": {"uv": [58, 219], "uv_size": [1, 4]},
								"south": {"uv": [130, 219], "uv_size": [1, 4]},
								"west": {"uv": [62, 187], "uv_size": [4, 4]},
								"up": {"uv": [190, 219], "uv_size": [1, 4]},
								"down": {"uv": [192, 223], "uv_size": [1, -4]}
							}
						},
						{
							"origin": [22, 8, 44],
							"size": [1, 4, 9],
							"uv": {
								"north": {"uv": [207, 219], "uv_size": [1, 4]},
								"south": {"uv": [209, 219], "uv_size": [1, 4]},
								"west": {"uv": [160, 197], "uv_size": [9, 4]},
								"up": {"uv": [153, 211], "uv_size": [1, 9]},
								"down": {"uv": [168, 220], "uv_size": [1, -9]}
							}
						},
						{
							"origin": [22, 20, -59],
							"size": [1, 3, 9],
							"pivot": [22.5, 22.5, -53.5],
							"rotation": [-27.5, 0, 0],
							"uv": {
								"north": {"uv": [64, 220], "uv_size": [1, 3]},
								"south": {"uv": [163, 220], "uv_size": [1, 3]},
								"west": {"uv": [199, 55], "uv_size": [9, 3]},
								"up": {"uv": [37, 212], "uv_size": [1, 9]},
								"down": {"uv": [39, 221], "uv_size": [1, -9]}
							}
						},
						{
							"origin": [8.6145, 26.7916, -62.50817],
							"size": [1, 1, 4],
							"pivot": [8.6145, 26.7916, -58.50817],
							"rotation": [63.43289, -23.81762, -26.64661],
							"uv": {
								"east": {"uv": [223, 4], "uv_size": [-4, 1]}
							}
						}
					]
				},
				{
					"name": "body_center",
					"parent": "root",
					"pivot": [0, 0, 0],
					"cubes": [
						{
							"origin": [-11, 7, -54.925],
							"size": [22, 7, 24.925],
							"pivot": [-11, 7, -30],
							"rotation": [-27.5, 0, 0],
							"uv": {
								"down": {"uv": [125, 149], "uv_size": [22, -25]}
							}
						},
						{
							"origin": [-10, 31.5, -44.5],
							"size": [20, 8, 12],
							"uv": {
								"north": {"uv": [171, 60], "uv_size": [20, 8]},
								"east": {"uv": [116, 185], "uv_size": [12, 8]},
								"west": {"uv": [185, 122], "uv_size": [12, 8]},
								"up": {"uv": [167, 74], "uv_size": [20, 12]}
							}
						},
						{
							"origin": [-11, 26.70237, -44.50667],
							"size": [22, 5, 12],
							"uv": {
								"north": {"uv": [175, 179], "uv_size": [22, 5]}
							}
						},
						{
							"origin": [-9.999, 27.13769, -35.00049],
							"size": [19.998, 7, 7.2],
							"pivot": [11, 34.13769, -28.00049],
							"rotation": [-50, 0, 0],
							"uv": {
								"east": {"uv": [18, 179], "uv_size": [7, 7]},
								"west": {"uv": [191, 169], "uv_size": [7, 7]},
								"up": {"uv": [173, 149], "uv_size": [20, 7]}
							}
						},
						{
							"origin": [-11, 7, -30],
							"size": [22, 27, 42],
							"uv": {
								"up": {"uv": [125, 0], "uv_size": [22, 42]},
								"down": {"uv": [125, 85], "uv_size": [22, -42]}
							}
						},
						{
							"origin": [-9, 33.5, -2],
							"size": [18, 7, 17],
							"uv": {
								"north": {"uv": [75, 178], "uv_size": [18, 7]},
								"east": {"uv": [0, 179], "uv_size": [17, 7]},
								"south": {"uv": [132, 178], "uv_size": [18, 7]},
								"west": {"uv": [49, 179], "uv_size": [17, 7]},
								"up": {"uv": [148, 74], "uv_size": [18, 17]}
							}
						},
						{
							"origin": [-11, 23, -44.6875],
							"size": [22, 11, 14.6875],
							"pivot": [11, 34, -30],
							"rotation": [9, 0, 0],
							"uv": {
								"up": {"uv": [148, 0], "uv_size": [22, 15]}
							}
						},
						{
							"origin": [-11, 7.50908, -52.10874],
							"size": [22, 11, 11.17682],
							"pivot": [-11, 18.50908, -52.10874],
							"rotation": [47.14355, 0, 0],
							"uv": {
								"up": {"uv": [52, 167], "uv_size": [22, 11]}
							}
						},
						{
							"origin": [-11, 14, 12],
							"size": [22, 20, 14],
							"pivot": [11, 34, 12],
							"rotation": [-7.5, 0, 0],
							"uv": {
								"up": {"uv": [148, 44], "uv_size": [22, 14]}
							}
						},
						{
							"origin": [-11, 12.17263, 25.88023],
							"size": [22, 20, 14],
							"pivot": [11, 32.17263, 25.88023],
							"rotation": [-17.25, 0, 0],
							"uv": {
								"up": {"uv": [148, 59], "uv_size": [22, 14]}
							}
						},
						{
							"origin": [1, 32.17263, 27.78023],
							"size": [7, 1, 12],
							"pivot": [11, 35.17263, 25.78023],
							"rotation": [-17.25, 0, 0],
							"uv": {
								"north": {"uv": [173, 216], "uv_size": [7, 1]},
								"east": {"uv": [0, 209], "uv_size": [12, 1]},
								"south": {"uv": [217, 12], "uv_size": [7, 1]},
								"west": {"uv": [13, 209], "uv_size": [12, 1]},
								"up": {"uv": [117, 136], "uv_size": [7, 12]}
							}
						},
						{
							"origin": [-8, 32.17263, 27.78023],
							"size": [7, 1, 12],
							"pivot": [-11, 35.17263, 25.78023],
							"rotation": [-17.25, 0, 0],
							"uv": {
								"north": {"uv": [173, 216], "uv_size": [7, 1]},
								"east": {"uv": [0, 209], "uv_size": [12, 1]},
								"south": {"uv": [217, 12], "uv_size": [7, 1]},
								"west": {"uv": [13, 209], "uv_size": [12, 1]},
								"up": {"uv": [117, 136], "uv_size": [7, 12]}
							}
						},
						{
							"origin": [-11, 20, 12],
							"size": [22, 8.02105, 27.25051],
							"uv": {
								"south": {"uv": [171, 0], "uv_size": [22, 8]}
							}
						},
						{
							"origin": [-6, 21, 38.9468],
							"size": [12, 6, 1.30371],
							"uv": {
								"east": {"uv": [146, 200], "uv_size": [1, 6]},
								"south": {"uv": [185, 136], "uv_size": [12, 6]},
								"west": {"uv": [66, 215], "uv_size": [1, 6]},
								"up": {"uv": [207, 185], "uv_size": [12, 1]},
								"down": {"uv": [208, 170], "uv_size": [12, -1]}
							}
						},
						{
							"origin": [-11, 7, 12],
							"size": [22, 9.82463, 37.25051],
							"uv": {
								"south": {"uv": [142, 167], "uv_size": [22, 10]},
								"down": {"uv": [125, 123], "uv_size": [22, -37]}
							}
						},
						{
							"origin": [-11, 13.62821, 38.75051],
							"size": [22, 3.19642, 10.5],
							"pivot": [11, 16.82463, 49.25051],
							"rotation": [-17.5, 0, 0],
							"uv": {
								"up": {"uv": [78, 166], "uv_size": [22, 11]}
							}
						},
						{
							"origin": [-1, 17.5, -53],
							"size": [2, 2, 4],
							"pivot": [0, 18.5, -51.5],
							"rotation": [0, 0, 45],
							"uv": {
								"north": {"uv": [200, 219], "uv_size": [2, 2]},
								"east": {"uv": [215, 200], "uv_size": [4, 2]},
								"west": {"uv": [216, 78], "uv_size": [4, 2]},
								"up": {"uv": [121, 216], "uv_size": [2, 4]},
								"down": {"uv": [124, 220], "uv_size": [2, -4]}
							}
						},
						{
							"origin": [-2.5, 15.5, -52.5],
							"size": [5, 3, 1],
							"uv": {
								"north": {"uv": [185, 204], "uv_size": [5, 3]}
							}
						},
						{
							"origin": [-1, 17.5, -53],
							"size": [2, 2, 4],
							"pivot": [0, 18.5, -51.5],
							"rotation": [0, 0, -45],
							"uv": {
								"north": {"uv": [202, 219], "uv_size": [-2, 2]},
								"east": {"uv": [220, 78], "uv_size": [-4, 2]},
								"west": {"uv": [219, 200], "uv_size": [-4, 2]},
								"up": {"uv": [123, 216], "uv_size": [-2, 4]},
								"down": {"uv": [126, 220], "uv_size": [-2, -4]}
							}
						}
					]
				},
				{
					"name": "hexagon",
					"parent": "body_center",
					"pivot": [-4.00005, 37.5, -19],
					"cubes": [
						{
							"origin": [-5.40475, 34.3125, -26],
							"size": [2.3094, 4, 20],
							"uv": {
								"north": {"uv": [83, 212], "uv_size": [2, 4]},
								"south": {"uv": [170, 212], "uv_size": [2, 4]},
								"up": {"uv": [148, 186], "uv_size": [2, 20]}
							}
						},
						{
							"origin": [-6.55945, 33.8125, -23],
							"size": [4.6188, 2.5, 2],
							"uv": {
								"north": {"uv": [93, 204], "uv_size": [5, 3]},
								"east": {"uv": [83, 217], "uv_size": [2, 3]},
								"south": {"uv": [151, 204], "uv_size": [5, 3]},
								"west": {"uv": [170, 217], "uv_size": [2, 3]}
							}
						},
						{
							"origin": [-6.55945, 33.8125, -11],
							"size": [4.6188, 2.5, 2],
							"uv": {
								"north": {"uv": [173, 204], "uv_size": [5, 3]},
								"east": {"uv": [217, 214], "uv_size": [2, 3]},
								"south": {"uv": [179, 204], "uv_size": [5, 3]},
								"west": {"uv": [218, 6], "uv_size": [2, 3]}
							}
						},
						{
							"origin": [-5.40475, 34.3125, -26],
							"size": [2.3094, 4, 20],
							"pivot": [-4.25005, 36.3125, -18.25],
							"rotation": [0, 0, -60],
							"uv": {
								"north": {"uv": [77, 213], "uv_size": [2, 4]},
								"south": {"uv": [127, 213], "uv_size": [2, 4]},
								"up": {"uv": [42, 196], "uv_size": [2, 20]},
								"down": {"uv": [45, 216], "uv_size": [2, -20]}
							}
						},
						{
							"origin": [-5.40475, 34.3125, -26],
							"size": [2.3094, 4, 20],
							"pivot": [-4.25005, 36.3125, -18.25],
							"rotation": [0, 0, 60],
							"uv": {
								"north": {"uv": [135, 213], "uv_size": [2, 4]},
								"south": {"uv": [157, 213], "uv_size": [2, 4]},
								"up": {"uv": [68, 197], "uv_size": [2, 20]},
								"down": {"uv": [71, 217], "uv_size": [2, -20]}
							}
						},
						{
							"origin": [-3.16992, 39, -11.75],
							"size": [8, 1, 1],
							"pivot": [4.83008, 40, -11.75],
							"rotation": [0, 0, -12.5],
							"uv": {
								"north": {"uv": [209, 57], "uv_size": [8, 1]},
								"south": {"uv": [214, 120], "uv_size": [8, 1]},
								"up": {"uv": [214, 134], "uv_size": [8, 1]},
								"down": {"uv": [214, 137], "uv_size": [8, -1]}
							}
						},
						{
							"origin": [4.83008, 39, -11.75],
							"size": [8, 1, 1],
							"pivot": [4.83008, 39.13397, -11.75],
							"rotation": [0, -45, 0],
							"uv": {
								"north": {"uv": [214, 138], "uv_size": [8, 1]},
								"south": {"uv": [173, 214], "uv_size": [8, 1]},
								"up": {"uv": [214, 179], "uv_size": [8, 1]},
								"down": {"uv": [214, 182], "uv_size": [8, -1]}
							}
						},
						{
							"origin": [10.48693, 39, -6.09315],
							"size": [22, 1, 1],
							"pivot": [10.48693, 39.13397, -6.09315],
							"rotation": [0, -90, 0],
							"uv": {
								"north": {"uv": [202, 91], "uv_size": [22, 1]},
								"south": {"uv": [202, 93], "uv_size": [22, 1]},
								"up": {"uv": [202, 95], "uv_size": [22, 1]},
								"down": {"uv": [202, 98], "uv_size": [22, -1]}
							}
						},
						{
							"origin": [10.48693, 39, 15.90685],
							"size": [15, 1, 1],
							"pivot": [10.48693, 40, 15.90685],
							"rotation": [-99.11814, -60.10239, 100.03874],
							"uv": {
								"north": {"uv": [119, 203], "uv_size": [15, 1]},
								"south": {"uv": [203, 194], "uv_size": [15, 1]},
								"up": {"uv": [203, 196], "uv_size": [15, 1]},
								"down": {"uv": [203, 199], "uv_size": [15, -1]}
							}
						},
						{
							"origin": [8.19427, 31.80405, 27.33947],
							"size": [13, 1, 1],
							"pivot": [8.19427, 31.80405, 28.33947],
							"rotation": [-89.99999, -71, 89.99999],
							"uv": {
								"north": {"uv": [14, 207], "uv_size": [13, 1]},
								"south": {"uv": [119, 207], "uv_size": [13, 1]},
								"up": {"uv": [207, 149], "uv_size": [13, 1]},
								"down": {"uv": [207, 152], "uv_size": [13, -1]}
							}
						},
						{
							"origin": [8.19427, 27.51718, 39.95678],
							"size": [12, 1, 1],
							"pivot": [8.19427, 28.51718, 40.95678],
							"rotation": [-85.75711, -35.81629, 83.88288],
							"uv": {
								"north": {"uv": [208, 171], "uv_size": [12, 1]},
								"south": {"uv": [173, 208], "uv_size": [12, 1]},
								"up": {"uv": [186, 208], "uv_size": [12, 1]},
								"down": {"uv": [199, 209], "uv_size": [12, -1]}
							}
						},
						{
							"origin": [9.21601, 18.31689, 46.11037],
							"size": [6, 1, 1],
							"pivot": [9.21601, 19.31689, 47.11037],
							"rotation": [0, -90, 0],
							"uv": {
								"north": {"uv": [217, 144], "uv_size": [6, 1]},
								"south": {"uv": [217, 146], "uv_size": [6, 1]},
								"up": {"uv": [217, 173], "uv_size": [6, 1]},
								"down": {"uv": [217, 176], "uv_size": [6, -1]}
							}
						}
					]
				},
				{
					"name": "wood",
					"parent": "body_center",
					"pivot": [0, 42.025, -2],
					"cubes": [
						{
							"origin": [-23, 41.025, -4],
							"size": [46, 3, 3],
							"uv": {
								"north": {"uv": [171, 69], "uv_size": [46, 3]},
								"east": {"uv": [77, 209], "uv_size": [3, 3]},
								"south": {"uv": [173, 157], "uv_size": [46, 3]},
								"west": {"uv": [209, 106], "uv_size": [3, 3]},
								"up": {"uv": [173, 161], "uv_size": [46, 3]},
								"down": {"uv": [175, 168], "uv_size": [46, -3]}
							}
						},
						{
							"origin": [15, 42.025, -1],
							"size": [3, 0, 9],
							"pivot": [16, 42.025, -1],
							"rotation": [-22.5, 0, 0],
							"uv": {
								"up": {"uv": [0, 221], "uv_size": [3, 9]}
							}
						},
						{
							"origin": [14, 38.58085, 7.31492],
							"size": [4, 0, 10],
							"pivot": [16, 38.58085, 7.31492],
							"rotation": [7.5, 0, 0],
							"uv": {
								"up": {"uv": [3, 221], "uv_size": [4, 10]}
							}
						},
						{
							"origin": [-18, 42.025, -1],
							"size": [3, 0, 9],
							"pivot": [-16, 42.025, -1],
							"rotation": [-22.5, 0, 0],
							"uv": {
								"up": {"uv": [3, 221], "uv_size": [-3, 9]}
							}
						},
						{
							"origin": [-18, 38.58085, 7.31492],
							"size": [4, 0, 10],
							"pivot": [-16, 38.58085, 7.31492],
							"rotation": [7.5, 0, 0],
							"uv": {
								"up": {"uv": [7, 221], "uv_size": [-4, 10]}
							}
						}
					]
				},
				{
					"name": "cannon",
					"parent": "root",
					"pivot": [0, 0, 0],
					"cubes": [
						{
							"origin": [32, 23.5, -2.25],
							"size": [2, 3, 3],
							"uv": {
								"north": {"uv": [144, 216], "uv_size": [2, 3]},
								"south": {"uv": [217, 14], "uv_size": [2, 3]},
								"west": {"uv": [26, 209], "uv_size": [3, 3]},
								"up": {"uv": [217, 24], "uv_size": [2, 3]},
								"down": {"uv": [26, 220], "uv_size": [2, -3]}
							}
						},
						{
							"origin": [-34, 23.5, -2.25],
							"size": [2, 3, 3],
							"uv": {
								"north": {"uv": [68, 218], "uv_size": [2, 3]},
								"east": {"uv": [211, 200], "uv_size": [3, 3]},
								"south": {"uv": [218, 69], "uv_size": [2, 3]},
								"up": {"uv": [71, 218], "uv_size": [2, 3]},
								"down": {"uv": [77, 221], "uv_size": [2, -3]}
							}
						},
						{
							"origin": [34, 24.5, -1.25],
							"size": [6, 1, 1],
							"pivot": [0, 25, -0.75],
							"rotation": [-45, 0, 0],
							"uv": {
								"north": {"uv": [217, 28], "uv_size": [6, 1]},
								"south": {"uv": [41, 217], "uv_size": [6, 1]},
								"west": {"uv": [209, 202], "uv_size": [1, 1]},
								"up": {"uv": [217, 59], "uv_size": [6, 1]},
								"down": {"uv": [217, 62], "uv_size": [6, -1]}
							}
						},
						{
							"origin": [-40, 24.5, -1.25],
							"size": [6, 1, 1],
							"pivot": [0, 25, -0.75],
							"rotation": [-45, 0, 0],
							"uv": {
								"north": {"uv": [218, 10], "uv_size": [6, 1]},
								"east": {"uv": [97, 221], "uv_size": [1, 1]},
								"south": {"uv": [218, 57], "uv_size": [6, 1]},
								"up": {"uv": [218, 81], "uv_size": [6, 1]},
								"down": {"uv": [218, 84], "uv_size": [6, -1]}
							}
						},
						{
							"origin": [2.5, 27.75, -45.75],
							"size": [3, 3, 2],
							"uv": {
								"north": {"uv": [54, 209], "uv_size": [3, 3]},
								"east": {"uv": [217, 63], "uv_size": [2, 3]},
								"west": {"uv": [74, 217], "uv_size": [2, 3]},
								"up": {"uv": [99, 217], "uv_size": [3, 2]},
								"down": {"uv": [217, 124], "uv_size": [3, -2]}
							}
						},
						{
							"origin": [3.5, 28.75, -51.75],
							"size": [1, 1, 6],
							"pivot": [4, 29.25, -45.75],
							"rotation": [0, 0, 45],
							"uv": {
								"north": {"uv": [27, 221], "uv_size": [1, 1]},
								"east": {"uv": [217, 67], "uv_size": [6, 1]},
								"west": {"uv": [217, 142], "uv_size": [6, 1]},
								"up": {"uv": [171, 9], "uv_size": [1, 6]},
								"down": {"uv": [173, 198], "uv_size": [1, -6]}
							}
						},
						{
							"origin": [-1.5, 22.25, 39.75],
							"size": [3, 3, 2],
							"uv": {
								"east": {"uv": [127, 218], "uv_size": [2, 3]},
								"south": {"uv": [33, 212], "uv_size": [3, 3]},
								"west": {"uv": [133, 218], "uv_size": [2, 3]},
								"up": {"uv": [218, 153], "uv_size": [3, 2]},
								"down": {"uv": [155, 220], "uv_size": [3, -2]}
							}
						},
						{
							"origin": [-0.5, 23.25, 41.75],
							"size": [1, 1, 6],
							"pivot": [0, 23.75, 41.75],
							"rotation": [0, 0, 45],
							"uv": {
								"east": {"uv": [218, 106], "uv_size": [6, 1]},
								"south": {"uv": [171, 221], "uv_size": [1, 1]},
								"west": {"uv": [218, 108], "uv_size": [6, 1]},
								"up": {"uv": [95, 215], "uv_size": [1, 6]},
								"down": {"uv": [166, 221], "uv_size": [1, -6]}
							}
						},
						{
							"origin": [-0.5, 23.25, 41.75],
							"size": [1, 1, 6],
							"pivot": [0, 23.75, 41.75],
							"rotation": [0, 0, -45],
							"uv": {
								"east": {"uv": [224, 108], "uv_size": [-6, 1]},
								"south": {"uv": [172, 221], "uv_size": [-1, 1]},
								"west": {"uv": [224, 106], "uv_size": [-6, 1]},
								"up": {"uv": [96, 215], "uv_size": [-1, 6]},
								"down": {"uv": [167, 221], "uv_size": [-1, -6]}
							}
						}
					]
				},
				{
					"name": "octagon1",
					"parent": "cannon",
					"pivot": [25.75, 22, -15],
					"rotation": [0, -25, 0],
					"cubes": [
						{
							"origin": [23.26472, 20.5, -21],
							"size": [4.97056, 10, 12],
							"pivot": [25.75, 22, -15],
							"rotation": [0, -45, 0],
							"uv": {
								"north": {"uv": [142, 150], "uv_size": [5, 10]}
							}
						},
						{
							"origin": [23.26472, 20.5, -21],
							"size": [4.97056, 10, 12],
							"uv": {
								"north": {"uv": [142, 186], "uv_size": [5, 10]}
							}
						},
						{
							"origin": [19.75, 20.5, -17.48528],
							"size": [12, 10, 4.97056],
							"pivot": [25.75, 22, -15],
							"rotation": [0, -45, 0],
							"uv": {
								"east": {"uv": [175, 188], "uv_size": [5, 10]}
							}
						},
						{
							"origin": [19.75, 20.5, -17.48528],
							"size": [12, 10, 4.97056],
							"uv": {
								"west": {"uv": [181, 188], "uv_size": [5, 10]}
							}
						},
						{
							"origin": [24.6875, 24, -32],
							"size": [2, 2, 11],
							"pivot": [25.6875, 25, -23],
							"rotation": [0, 0, 45],
							"uv": {
								"north": {"uv": [41, 219], "uv_size": [2, 2]},
								"east": {"uv": [104, 200], "uv_size": [11, 2]},
								"west": {"uv": [128, 200], "uv_size": [11, 2]},
								"up": {"uv": [140, 200], "uv_size": [2, 11]},
								"down": {"uv": [143, 211], "uv_size": [2, -11]}
							}
						}
					]
				},
				{
					"name": "octagon2",
					"parent": "cannon",
					"pivot": [-25.75, 22, -15],
					"rotation": [0, 25, 0],
					"cubes": [
						{
							"origin": [-28.23528, 20.5, -21],
							"size": [4.97056, 10, 12],
							"uv": {
								"north": {"uv": [187, 188], "uv_size": [5, 10]}
							}
						},
						{
							"origin": [-28.23528, 20.5, -21],
							"size": [4.97056, 10, 12],
							"pivot": [-25.75, 22, -15],
							"rotation": [0, 45, 0],
							"uv": {
								"north": {"uv": [104, 189], "uv_size": [5, 10]}
							}
						},
						{
							"origin": [-31.75, 20.5, -17.48528],
							"size": [12, 10, 4.97056],
							"pivot": [-25.75, 22, -15],
							"rotation": [0, 45, 0],
							"uv": {
								"west": {"uv": [110, 189], "uv_size": [5, 10]}
							}
						},
						{
							"origin": [-31.75, 20.5, -17.48528],
							"size": [12, 10, 4.97056],
							"uv": {
								"east": {"uv": [62, 192], "uv_size": [5, 10]}
							}
						},
						{
							"origin": [-26.6875, 24, -32],
							"size": [2, 2, 11],
							"pivot": [-25.6875, 25, -23],
							"rotation": [0, 0, -45],
							"uv": {
								"north": {"uv": [211, 219], "uv_size": [2, 2]},
								"east": {"uv": [18, 202], "uv_size": [11, 2]},
								"west": {"uv": [202, 99], "uv_size": [11, 2]},
								"up": {"uv": [100, 201], "uv_size": [2, 11]},
								"down": {"uv": [30, 213], "uv_size": [2, -11]}
							}
						}
					]
				},
				{
					"name": "track",
					"parent": "root",
					"pivot": [0, 0, 0]
				},
				{
					"name": "track_left",
					"parent": "track",
					"pivot": [17.5, 17.81344, 1.52631],
					"cubes": [
						{
							"origin": [11, -0.00061, 12.0276],
							"size": [12, 1, 24.0625],
							"pivot": [14, 0.99939, 12.0276],
							"rotation": [2, 0, 0],
							"uv": {
								"east": {"uv": [199, 115], "uv_size": [24, 1]},
								"west": {"uv": [186, 200], "uv_size": [24, 1]},
								"up": {"uv": [148, 92], "uv_size": [12, 24]},
								"down": {"uv": [148, 141], "uv_size": [12, -24]}
							}
						},
						{
							"origin": [11, 0, -17.125],
							"size": [12, 1, 29.1875],
							"uv": {
								"east": {"uv": [199, 32], "uv_size": [29, 1]},
								"west": {"uv": [199, 34], "uv_size": [29, 1]},
								"up": {"uv": [78, 136], "uv_size": [12, 29]},
								"down": {"uv": [91, 165], "uv_size": [12, -29]}
							}
						},
						{
							"origin": [11, -0.00172, -35.11192],
							"size": [12, 1, 18.25],
							"pivot": [12, 0.99828, -16.98692],
							"rotation": [-15, 0, 0],
							"uv": {
								"east": {"uv": [202, 110], "uv_size": [18, 1]},
								"west": {"uv": [202, 112], "uv_size": [18, 1]},
								"up": {"uv": [36, 168], "uv_size": [12, 18]},
								"down": {"uv": [171, 59], "uv_size": [12, -18]}
							}
						},
						{
							"origin": [11, 4.66818, -64.58977],
							"size": [12, 1, 30.3125],
							"pivot": [12, 5.66818, -34.40227],
							"rotation": [-27.5, 0, 0],
							"uv": {
								"east": {"uv": [198, 183], "uv_size": [30, 1]},
								"west": {"uv": [199, 30], "uv_size": [30, 1]},
								"up": {"uv": [52, 136], "uv_size": [12, 30]},
								"down": {"uv": [65, 166], "uv_size": [12, -30]}
							}
						},
						{
							"origin": [11, 18.50662, -65.37014],
							"size": [12, 1, 4.5625],
							"pivot": [12, 19.50662, -60.99514],
							"rotation": [-50, 0, 0],
							"uv": {
								"east": {"uv": [218, 208], "uv_size": [5, 1]},
								"west": {"uv": [218, 210], "uv_size": [5, 1]},
								"up": {"uv": [186, 111], "uv_size": [12, 5]},
								"down": {"uv": [129, 191], "uv_size": [12, -5]}
							}
						},
						{
							"origin": [11, 21.5901, -67.88361],
							"size": [12, 1.0125, 4.6853],
							"pivot": [12, 22.5901, -63.57331],
							"rotation": [-90.01024, 0, 0],
							"uv": {
								"east": {"uv": [218, 212], "uv_size": [5, 1]},
								"west": {"uv": [217, 218], "uv_size": [5, 1]},
								"up": {"uv": [0, 187], "uv_size": [12, 5]},
								"down": {"uv": [13, 192], "uv_size": [12, -5]}
							}
						},
						{
							"origin": [11, 26.90057, -69.33082],
							"size": [12, 1.025, 4.75828],
							"pivot": [12, 26.90057, -64.57254],
							"rotation": [-137.72121, 0, 0],
							"uv": {
								"east": {"uv": [219, 0], "uv_size": [5, 1]},
								"west": {"uv": [219, 2], "uv_size": [5, 1]},
								"up": {"uv": [36, 187], "uv_size": [12, 5]},
								"down": {"uv": [49, 192], "uv_size": [12, -5]}
							}
						},
						{
							"origin": [11, 34.01231, -61.28107],
							"size": [12, 1, 31.3125],
							"pivot": [12, 34.01231, -29.96857],
							"rotation": [9, 0, 0],
							"uv": {
								"east": {"uv": [198, 129], "uv_size": [31, 1]},
								"west": {"uv": [198, 140], "uv_size": [31, 1]},
								"up": {"uv": [26, 136], "uv_size": [12, 31]},
								"down": {"uv": [39, 167], "uv_size": [12, -31]}
							}
						},
						{
							"origin": [11, 34, -30.125],
							"size": [12, 1, 42.25],
							"uv": {
								"east": {"uv": [188, 85], "uv_size": [42, 1]},
								"west": {"uv": [191, 177], "uv_size": [42, 1]},
								"up": {"uv": [0, 136], "uv_size": [12, 42]},
								"down": {"uv": [13, 178], "uv_size": [12, -42]}
							}
						},
						{
							"origin": [11, 28.05443, 39.19355],
							"size": [12, 1.0375, 27.25],
							"pivot": [14, 28.09193, 39.19355],
							"rotation": [-33, 0, 0],
							"uv": {
								"east": {"uv": [199, 51], "uv_size": [27, 1]},
								"west": {"uv": [199, 53], "uv_size": [27, 1]},
								"up": {"uv": [104, 136], "uv_size": [12, 27]},
								"down": {"uv": [148, 43], "uv_size": [12, -27]}
							}
						},
						{
							"origin": [11, 0.83429, 36.00581],
							"size": [12, 1, 24.1875],
							"pivot": [14, 1.83429, 36.00581],
							"rotation": [6, 0, 0],
							"uv": {
								"east": {"uv": [202, 87], "uv_size": [24, 1]},
								"west": {"uv": [202, 89], "uv_size": [24, 1]},
								"up": {"uv": [148, 142], "uv_size": [12, 24]},
								"down": {"uv": [117, 174], "uv_size": [12, -24]}
							}
						},
						{
							"origin": [11, 10.17325, 64.62228],
							"size": [12, 1, 4.41097],
							"pivot": [23, 10.17325, 64.62228],
							"rotation": [117.40556, 0, 0],
							"uv": {
								"east": {"uv": [219, 55], "uv_size": [4, 1]},
								"west": {"uv": [219, 73], "uv_size": [4, 1]},
								"up": {"uv": [116, 194], "uv_size": [12, 4]},
								"down": {"uv": [194, 153], "uv_size": [12, -4]}
							}
						},
						{
							"origin": [11, 5.22302, 62.41032],
							"size": [12, 1.0375, 4.6875],
							"pivot": [14, 6.22302, 62.91032],
							"rotation": [80, 0, 0],
							"uv": {
								"east": {"uv": [218, 189], "uv_size": [5, 1]},
								"west": {"uv": [218, 191], "uv_size": [5, 1]},
								"up": {"uv": [186, 99], "uv_size": [12, 5]},
								"down": {"uv": [186, 110], "uv_size": [12, -5]}
							}
						},
						{
							"origin": [11, 3.35398, 59.61459],
							"size": [12, 1, 4.25],
							"pivot": [14, 4.35398, 59.86459],
							"rotation": [31, 0, 0],
							"uv": {
								"east": {"uv": [219, 46], "uv_size": [4, 1]},
								"west": {"uv": [219, 48], "uv_size": [4, 1]},
								"up": {"uv": [129, 192], "uv_size": [12, 4]},
								"down": {"uv": [160, 196], "uv_size": [12, -4]}
							}
						},
						{
							"origin": [11, 34.00856, 11.99447],
							"size": [12, 1, 14.125],
							"pivot": [14, 34.00856, 11.99447],
							"rotation": [-7.5, 0, 0],
							"uv": {
								"east": {"uv": [119, 205], "uv_size": [14, 1]},
								"west": {"uv": [206, 18], "uv_size": [14, 1]},
								"up": {"uv": [173, 9], "uv_size": [12, 14]},
								"down": {"uv": [173, 38], "uv_size": [12, -14]}
							}
						},
						{
							"origin": [11, 32.2013, 25.83262],
							"size": [12, 1, 14.25],
							"pivot": [14, 32.2013, 25.83262],
							"rotation": [-17.25, 0, 0],
							"uv": {
								"east": {"uv": [206, 20], "uv_size": [14, 1]},
								"west": {"uv": [206, 22], "uv_size": [14, 1]},
								"up": {"uv": [173, 87], "uv_size": [12, 14]},
								"down": {"uv": [173, 116], "uv_size": [12, -14]}
							}
						}
					]
				},
				{
					"name": "bone2",
					"parent": "track_left",
					"pivot": [14.5, 0, 18],
					"cubes": [
						{
							"origin": [23, 34.51231, -61.28107],
							"size": [1.5, 0.5, 4],
							"pivot": [13.5, 34.01231, -29.96857],
							"rotation": [9, 0, 0],
							"uv": {
								"north": {"uv": [221, 22], "uv_size": [2, 1]},
								"south": {"uv": [24, 221], "uv_size": [2, 1]},
								"up": {"uv": [208, 214], "uv_size": [2, 4]},
								"down": {"uv": [211, 218], "uv_size": [2, -4]}
							}
						},
						{
							"origin": [23.37868, 29.93317, -59.7055],
							"size": [2.82843, 0.475, 2.82842],
							"pivot": [25.5, 29.92067, -58.9984],
							"rotation": [12.62526, -44.29887, -8.89098],
							"uv": {
								"north": {"uv": [219, 198], "uv_size": [3, 1]},
								"west": {"uv": [219, 206], "uv_size": [3, 1]},
								"up": {"uv": [111, 209], "uv_size": [3, 3]},
								"down": {"uv": [119, 212], "uv_size": [3, -3]}
							}
						},
						{
							"origin": [23, 4.66818, -64.58977],
							"size": [1.5, 0.5, 4],
							"pivot": [13.5, 5.66818, -34.40227],
							"rotation": [-27.5, 0, 0],
							"uv": {
								"north": {"uv": [109, 221], "uv_size": [2, 1]},
								"south": {"uv": [221, 110], "uv_size": [2, 1]},
								"up": {"uv": [89, 215], "uv_size": [2, 4]},
								"down": {"uv": [92, 219], "uv_size": [2, -4]}
							}
						},
						{
							"origin": [23.37868, 17.75271, -60.34287],
							"size": [2.82843, 0.475, 2.82842],
							"pivot": [25.5, 18.24021, -59.63577],
							"rotation": [-36.36024, -38.84468, 24.78507],
							"uv": {
								"north": {"uv": [220, 158], "uv_size": [3, 1]},
								"west": {"uv": [159, 220], "uv_size": [3, 1]},
								"up": {"uv": [8, 211], "uv_size": [3, 3]},
								"down": {"uv": [12, 214], "uv_size": [3, -3]}
							}
						},
						{
							"origin": [23, 4.66818, -48.58977],
							"size": [1.5, 0.5, 4],
							"pivot": [13.5, 5.66818, -34.40227],
							"rotation": [-27.5, 0, 0],
							"uv": {
								"north": {"uv": [112, 221], "uv_size": [2, 1]},
								"south": {"uv": [221, 112], "uv_size": [2, 1]},
								"up": {"uv": [138, 215], "uv_size": [2, 4]},
								"down": {"uv": [141, 219], "uv_size": [2, -4]}
							}
						},
						{
							"origin": [23.37868, 10.36473, -46.1507],
							"size": [2.82843, 0.475, 2.82843],
							"pivot": [25.5, 10.85223, -45.44359],
							"rotation": [-36.36024, -38.84468, 24.78507],
							"uv": {
								"north": {"uv": [149, 220], "uv_size": [3, 1]},
								"west": {"uv": [220, 156], "uv_size": [3, 1]},
								"up": {"uv": [0, 211], "uv_size": [3, 3]},
								"down": {"uv": [4, 214], "uv_size": [3, -3]}
							}
						},
						{
							"origin": [23, -0.00172, -32.11192],
							"size": [1.5, 0.5, 4],
							"pivot": [13.5, 0.99828, -16.98692],
							"rotation": [-15, 0, 0],
							"uv": {
								"north": {"uv": [115, 221], "uv_size": [2, 1]},
								"south": {"uv": [118, 221], "uv_size": [2, 1]},
								"up": {"uv": [149, 215], "uv_size": [2, 4]},
								"down": {"uv": [160, 219], "uv_size": [2, -4]}
							}
						},
						{
							"origin": [23.37868, 3.42482, -30.50121],
							"size": [2.82843, 0.475, 2.82842],
							"pivot": [25.5, 3.91232, -29.79411],
							"rotation": [-20.75357, -43.07952, 14.51082],
							"uv": {
								"north": {"uv": [220, 204], "uv_size": [3, 1]},
								"west": {"uv": [214, 220], "uv_size": [3, 1]},
								"up": {"uv": [160, 211], "uv_size": [3, 3]},
								"down": {"uv": [164, 214], "uv_size": [3, -3]}
							}
						},
						{
							"origin": [23.37868, 0.0125, -13.83211],
							"size": [2.82843, 0.475, 2.82843],
							"pivot": [25.5, 0.5, -13.125],
							"rotation": [0, -45, 0],
							"uv": {
								"north": {"uv": [220, 200], "uv_size": [3, 1]},
								"west": {"uv": [220, 202], "uv_size": [3, 1]},
								"up": {"uv": [93, 211], "uv_size": [3, 3]},
								"down": {"uv": [149, 214], "uv_size": [3, -3]}
							}
						},
						{
							"origin": [23, 0, -15.125],
							"size": [1.5, 0.5, 4],
							"uv": {
								"north": {"uv": [121, 221], "uv_size": [2, 1]},
								"south": {"uv": [221, 122], "uv_size": [2, 1]},
								"up": {"uv": [163, 215], "uv_size": [2, 4]},
								"down": {"uv": [33, 220], "uv_size": [2, -4]}
							}
						},
						{
							"origin": [23.37868, 32.27969, -44.89018],
							"size": [2.82843, 0.475, 2.82843],
							"pivot": [25.5, 32.26719, -44.18307],
							"rotation": [12.62526, -44.29887, -8.89098],
							"uv": {
								"north": {"uv": [0, 220], "uv_size": [3, 1]},
								"west": {"uv": [4, 220], "uv_size": [3, 1]},
								"up": {"uv": [123, 209], "uv_size": [3, 3]},
								"down": {"uv": [127, 212], "uv_size": [3, -3]}
							}
						},
						{
							"origin": [23, 34.51231, -46.28107],
							"size": [1.5, 0.5, 4],
							"pivot": [13.5, 34.01231, -29.96857],
							"rotation": [9, 0, 0],
							"uv": {
								"north": {"uv": [33, 221], "uv_size": [2, 1]},
								"south": {"uv": [221, 36], "uv_size": [2, 1]},
								"up": {"uv": [214, 214], "uv_size": [2, 4]},
								"down": {"uv": [0, 219], "uv_size": [2, -4]}
							}
						},
						{
							"origin": [23.37868, 34.5125, -28.83211],
							"size": [2.82843, 0.475, 2.82843],
							"pivot": [25.5, 34.5, -28.125],
							"rotation": [0, -45, 0],
							"uv": {
								"north": {"uv": [220, 16], "uv_size": [3, 1]},
								"west": {"uv": [20, 220], "uv_size": [3, 1]},
								"up": {"uv": [210, 135], "uv_size": [3, 3]},
								"down": {"uv": [173, 213], "uv_size": [3, -3]}
							}
						},
						{
							"origin": [23, 34.5, -30.125],
							"size": [1.5, 0.5, 4],
							"uv": {
								"north": {"uv": [221, 18], "uv_size": [2, 1]},
								"south": {"uv": [221, 20], "uv_size": [2, 1]},
								"up": {"uv": [202, 214], "uv_size": [2, 4]},
								"down": {"uv": [205, 218], "uv_size": [2, -4]}
							}
						},
						{
							"origin": [23.37868, 34.5125, -12.83211],
							"size": [2.82843, 0.475, 2.82843],
							"pivot": [25.5, 34.5, -12.125],
							"rotation": [0, -45, 0],
							"uv": {
								"north": {"uv": [220, 14], "uv_size": [3, 1]},
								"west": {"uv": [16, 220], "uv_size": [3, 1]},
								"up": {"uv": [210, 117], "uv_size": [3, 3]},
								"down": {"uv": [210, 134], "uv_size": [3, -3]}
							}
						},
						{
							"origin": [23, 34.5, -14.125],
							"size": [1.5, 0.5, 4],
							"uv": {
								"north": {"uv": [221, 38], "uv_size": [2, 1]},
								"south": {"uv": [221, 40], "uv_size": [2, 1]},
								"up": {"uv": [3, 215], "uv_size": [2, 4]},
								"down": {"uv": [6, 219], "uv_size": [2, -4]}
							}
						},
						{
							"origin": [23.37868, 0.0125, 4.16789],
							"size": [2.82843, 0.475, 2.82843],
							"pivot": [25.5, 0.5, 4.875],
							"rotation": [0, -45, 0],
							"uv": {
								"north": {"uv": [173, 220], "uv_size": [3, 1]},
								"west": {"uv": [220, 185], "uv_size": [3, 1]},
								"up": {"uv": [60, 211], "uv_size": [3, 3]},
								"down": {"uv": [64, 214], "uv_size": [3, -3]}
							}
						},
						{
							"origin": [23, 0, 2.875],
							"size": [1.5, 0.5, 4],
							"uv": {
								"north": {"uv": [124, 221], "uv_size": [2, 1]},
								"south": {"uv": [221, 148], "uv_size": [2, 1]},
								"up": {"uv": [50, 216], "uv_size": [2, 4]},
								"down": {"uv": [53, 220], "uv_size": [2, -4]}
							}
						},
						{
							"origin": [23, -0.00061, 21.0276],
							"size": [1.5, 0.5, 4],
							"pivot": [15.5, 0.99939, 12.0276],
							"rotation": [2, 0, 0],
							"uv": {
								"north": {"uv": [221, 150], "uv_size": [2, 1]},
								"south": {"uv": [153, 221], "uv_size": [2, 1]},
								"up": {"uv": [216, 73], "uv_size": [2, 4]},
								"down": {"uv": [106, 220], "uv_size": [2, -4]}
							}
						},
						{
							"origin": [23.37868, 0.39609, 22.33124],
							"size": [2.82843, 0.475, 2.82843],
							"pivot": [25.5, 0.88359, 23.03835],
							"rotation": [2.82728, -44.96511, -1.99878],
							"uv": {
								"north": {"uv": [220, 160], "uv_size": [3, 1]},
								"west": {"uv": [220, 162], "uv_size": [3, 1]},
								"up": {"uv": [16, 211], "uv_size": [3, 3]},
								"down": {"uv": [20, 214], "uv_size": [3, -3]}
							}
						},
						{
							"origin": [23, 34.5, 1.875],
							"size": [1.5, 0.5, 4],
							"uv": {
								"north": {"uv": [50, 221], "uv_size": [2, 1]},
								"south": {"uv": [53, 221], "uv_size": [2, 1]},
								"up": {"uv": [9, 215], "uv_size": [2, 4]},
								"down": {"uv": [12, 219], "uv_size": [2, -4]}
							}
						},
						{
							"origin": [23, 34.50856, 18.99447],
							"size": [1.5, 0.5, 4],
							"pivot": [15.5, 34.00856, 11.99447],
							"rotation": [-7.5, 0, 0],
							"uv": {
								"north": {"uv": [221, 69], "uv_size": [2, 1]},
								"south": {"uv": [221, 71], "uv_size": [2, 1]},
								"up": {"uv": [15, 215], "uv_size": [2, 4]},
								"down": {"uv": [18, 219], "uv_size": [2, -4]}
							}
						},
						{
							"origin": [23.37868, 33.34204, 20.27563],
							"size": [2.82843, 0.475, 2.82843],
							"pivot": [25.5, 33.32954, 20.98274],
							"rotation": [-10.54684, -44.5119, 7.43656],
							"uv": {
								"north": {"uv": [220, 24], "uv_size": [3, 1]},
								"west": {"uv": [220, 26], "uv_size": [3, 1]},
								"up": {"uv": [177, 210], "uv_size": [3, 3]},
								"down": {"uv": [210, 182], "uv_size": [3, -3]}
							}
						},
						{
							"origin": [23.37868, 34.5125, 3.16789],
							"size": [2.82843, 0.475, 2.82843],
							"pivot": [25.5, 34.5, 3.875],
							"rotation": [0, -45, 0],
							"uv": {
								"north": {"uv": [8, 220], "uv_size": [3, 1]},
								"west": {"uv": [12, 220], "uv_size": [3, 1]},
								"up": {"uv": [135, 209], "uv_size": [3, 3]},
								"down": {"uv": [103, 213], "uv_size": [3, -3]}
							}
						},
						{
							"origin": [23, 32.7013, 36.08262],
							"size": [1.5, 0.5, 4],
							"pivot": [13.5, 32.2013, 25.83262],
							"rotation": [-17.25, 0, 0],
							"uv": {
								"north": {"uv": [74, 221], "uv_size": [2, 1]},
								"south": {"uv": [221, 78], "uv_size": [2, 1]},
								"up": {"uv": [21, 215], "uv_size": [2, 4]},
								"down": {"uv": [60, 219], "uv_size": [2, -4]}
							}
						},
						{
							"origin": [22.79289, 29.05867, 35.55856],
							"size": [2.82843, 0.475, 2.82843],
							"pivot": [23.5, 29.04617, 37.67988],
							"rotation": [-23.70748, -42.47754, 16.51728],
							"uv": {
								"north": {"uv": [60, 220], "uv_size": [3, 1]},
								"west": {"uv": [220, 63], "uv_size": [3, 1]},
								"up": {"uv": [181, 210], "uv_size": [3, 3]},
								"down": {"uv": [185, 213], "uv_size": [3, -3]}
							}
						},
						{
							"origin": [23, 28.55443, 52.19355],
							"size": [1.5, 0.5375, 4],
							"pivot": [13.5, 28.09193, 39.19355],
							"rotation": [-33, 0, 0],
							"uv": {
								"north": {"uv": [83, 221], "uv_size": [2, 1]},
								"south": {"uv": [106, 221], "uv_size": [2, 1]},
								"up": {"uv": [63, 215], "uv_size": [2, 4]},
								"down": {"uv": [86, 219], "uv_size": [2, -4]}
							}
						},
						{
							"origin": [22.79289, 20.3197, 49.9144],
							"size": [2.82843, 0.5125, 2.82843],
							"pivot": [23.5, 20.32595, 52.03572],
							"rotation": [-42.5644, -36.3723, 28.57444],
							"uv": {
								"north": {"uv": [220, 65], "uv_size": [3, 1]},
								"west": {"uv": [86, 220], "uv_size": [3, 1]},
								"up": {"uv": [189, 210], "uv_size": [3, 3]},
								"down": {"uv": [193, 213], "uv_size": [3, -3]}
							}
						},
						{
							"origin": [23, 0.83429, 40.00581],
							"size": [1.5, 0.5, 4],
							"pivot": [15.5, 1.83429, 36.00581],
							"rotation": [6, 0, 0],
							"uv": {
								"north": {"uv": [156, 221], "uv_size": [2, 1]},
								"south": {"uv": [168, 221], "uv_size": [2, 1]},
								"up": {"uv": [109, 216], "uv_size": [2, 4]},
								"down": {"uv": [112, 220], "uv_size": [2, -4]}
							}
						},
						{
							"origin": [23, 3.35398, 59.86459],
							"size": [1.5, 0.5, 4],
							"pivot": [13.5, 4.35398, 59.86459],
							"rotation": [31, 0, 0],
							"uv": {
								"north": {"uv": [221, 169], "uv_size": [2, 1]},
								"south": {"uv": [221, 171], "uv_size": [2, 1]},
								"up": {"uv": [115, 216], "uv_size": [2, 4]},
								"down": {"uv": [118, 220], "uv_size": [2, -4]}
							}
						},
						{
							"origin": [23.08579, 4.46797, 60.42223],
							"size": [2.82842, 0.475, 2.82843],
							"pivot": [24.5, 4.95547, 61.83645],
							"rotation": [40.35606, -37.30867, -27.25019],
							"uv": {
								"north": {"uv": [138, 220], "uv_size": [3, 1]},
								"west": {"uv": [142, 220], "uv_size": [3, 1]},
								"up": {"uv": [205, 210], "uv_size": [3, 3]},
								"down": {"uv": [209, 213], "uv_size": [3, -3]}
							}
						},
						{
							"origin": [23.08579, 1.4767, 40.611],
							"size": [2.82842, 0.475, 2.82842],
							"pivot": [24.5, 1.9642, 42.02521],
							"rotation": [8.45453, -44.68698, -5.96737],
							"uv": {
								"north": {"uv": [90, 220], "uv_size": [3, 1]},
								"west": {"uv": [99, 220], "uv_size": [3, 1]},
								"up": {"uv": [197, 210], "uv_size": [3, 3]},
								"down": {"uv": [201, 213], "uv_size": [3, -3]}
							}
						}
					]
				},
				{
					"name": "track_right",
					"parent": "track",
					"pivot": [-17.5, 17.81344, 1.52631],
					"cubes": [
						{
							"origin": [-23, -0.00061, 12.0276],
							"size": [12, 1, 24.0625],
							"pivot": [-14, 0.99939, 12.0276],
							"rotation": [2, 0, 0],
							"uv": {
								"east": {"uv": [210, 200], "uv_size": [-24, 1]},
								"west": {"uv": [223, 115], "uv_size": [-24, 1]},
								"up": {"uv": [160, 92], "uv_size": [-12, 24]},
								"down": {"uv": [160, 141], "uv_size": [-12, -24]}
							}
						},
						{
							"origin": [-23, 0, -17.125],
							"size": [12, 1, 29.1875],
							"uv": {
								"east": {"uv": [228, 34], "uv_size": [-29, 1]},
								"west": {"uv": [228, 32], "uv_size": [-29, 1]},
								"up": {"uv": [90, 136], "uv_size": [-12, 29]},
								"down": {"uv": [103, 165], "uv_size": [-12, -29]}
							}
						},
						{
							"origin": [-23, -0.00172, -35.11192],
							"size": [12, 1, 18.25],
							"pivot": [-12, 0.99828, -16.98692],
							"rotation": [-15, 0, 0],
							"uv": {
								"east": {"uv": [220, 112], "uv_size": [-18, 1]},
								"west": {"uv": [220, 110], "uv_size": [-18, 1]},
								"up": {"uv": [48, 168], "uv_size": [-12, 18]},
								"down": {"uv": [183, 59], "uv_size": [-12, -18]}
							}
						},
						{
							"origin": [-23, 4.66818, -64.58977],
							"size": [12, 1, 30.3125],
							"pivot": [-12, 5.66818, -34.40227],
							"rotation": [-27.5, 0, 0],
							"uv": {
								"east": {"uv": [229, 30], "uv_size": [-30, 1]},
								"west": {"uv": [228, 183], "uv_size": [-30, 1]},
								"up": {"uv": [64, 136], "uv_size": [-12, 30]},
								"down": {"uv": [77, 166], "uv_size": [-12, -30]}
							}
						},
						{
							"origin": [-23, 18.50662, -65.37014],
							"size": [12, 1, 4.5625],
							"pivot": [-12, 19.50662, -60.99514],
							"rotation": [-50, 0, 0],
							"uv": {
								"east": {"uv": [223, 210], "uv_size": [-5, 1]},
								"west": {"uv": [223, 208], "uv_size": [-5, 1]},
								"up": {"uv": [198, 111], "uv_size": [-12, 5]},
								"down": {"uv": [141, 191], "uv_size": [-12, -5]}
							}
						},
						{
							"origin": [-23, 21.5901, -67.88361],
							"size": [12, 1.0125, 4.6853],
							"pivot": [-12, 22.5901, -63.57331],
							"rotation": [-90.01024, 0, 0],
							"uv": {
								"east": {"uv": [222, 218], "uv_size": [-5, 1]},
								"west": {"uv": [223, 212], "uv_size": [-5, 1]},
								"up": {"uv": [12, 187], "uv_size": [-12, 5]},
								"down": {"uv": [25, 192], "uv_size": [-12, -5]}
							}
						},
						{
							"origin": [-23, 26.90057, -69.33082],
							"size": [12, 1.025, 4.75828],
							"pivot": [-12, 26.90057, -64.57254],
							"rotation": [-137.72121, 0, 0],
							"uv": {
								"east": {"uv": [224, 2], "uv_size": [-5, 1]},
								"west": {"uv": [224, 0], "uv_size": [-5, 1]},
								"up": {"uv": [48, 187], "uv_size": [-12, 5]},
								"down": {"uv": [61, 192], "uv_size": [-12, -5]}
							}
						},
						{
							"origin": [-23, 34.01231, -61.28107],
							"size": [12, 1, 31.3125],
							"pivot": [-12, 34.01231, -29.96857],
							"rotation": [9, 0, 0],
							"uv": {
								"east": {"uv": [229, 140], "uv_size": [-31, 1]},
								"west": {"uv": [229, 129], "uv_size": [-31, 1]},
								"up": {"uv": [38, 136], "uv_size": [-12, 31]},
								"down": {"uv": [51, 167], "uv_size": [-12, -31]}
							}
						},
						{
							"origin": [-23, 34, -30.125],
							"size": [12, 1, 42.25],
							"uv": {
								"east": {"uv": [233, 177], "uv_size": [-42, 1]},
								"west": {"uv": [230, 85], "uv_size": [-42, 1]},
								"up": {"uv": [12, 136], "uv_size": [-12, 42]},
								"down": {"uv": [25, 178], "uv_size": [-12, -42]}
							}
						},
						{
							"origin": [-23, 28.05443, 39.19355],
							"size": [12, 1.0375, 27.25],
							"pivot": [-14, 28.09193, 39.19355],
							"rotation": [-33, 0, 0],
							"uv": {
								"east": {"uv": [226, 53], "uv_size": [-27, 1]},
								"west": {"uv": [226, 51], "uv_size": [-27, 1]},
								"up": {"uv": [116, 136], "uv_size": [-12, 27]},
								"down": {"uv": [160, 43], "uv_size": [-12, -27]}
							}
						},
						{
							"origin": [-23, 0.83429, 36.00581],
							"size": [12, 1, 24.1875],
							"pivot": [-14, 1.83429, 36.00581],
							"rotation": [6, 0, 0],
							"uv": {
								"east": {"uv": [226, 89], "uv_size": [-24, 1]},
								"west": {"uv": [226, 87], "uv_size": [-24, 1]},
								"up": {"uv": [160, 142], "uv_size": [-12, 24]},
								"down": {"uv": [129, 174], "uv_size": [-12, -24]}
							}
						},
						{
							"origin": [-23, 10.17325, 64.62228],
							"size": [12, 1, 4.41097],
							"pivot": [-23, 10.17325, 64.62228],
							"rotation": [117.40556, 0, 0],
							"uv": {
								"east": {"uv": [223, 73], "uv_size": [-4, 1]},
								"west": {"uv": [223, 55], "uv_size": [-4, 1]},
								"up": {"uv": [128, 194], "uv_size": [-12, 4]},
								"down": {"uv": [206, 153], "uv_size": [-12, -4]}
							}
						},
						{
							"origin": [-23, 5.22302, 62.41032],
							"size": [12, 1.0375, 4.6875],
							"pivot": [-14, 6.22302, 62.91032],
							"rotation": [80, 0, 0],
							"uv": {
								"east": {"uv": [223, 191], "uv_size": [-5, 1]},
								"west": {"uv": [223, 189], "uv_size": [-5, 1]},
								"up": {"uv": [198, 99], "uv_size": [-12, 5]},
								"down": {"uv": [198, 110], "uv_size": [-12, -5]}
							}
						},
						{
							"origin": [-23, 3.35398, 59.61459],
							"size": [12, 1, 4.25],
							"pivot": [-14, 4.35398, 59.86459],
							"rotation": [31, 0, 0],
							"uv": {
								"east": {"uv": [223, 48], "uv_size": [-4, 1]},
								"west": {"uv": [223, 46], "uv_size": [-4, 1]},
								"up": {"uv": [141, 192], "uv_size": [-12, 4]},
								"down": {"uv": [172, 196], "uv_size": [-12, -4]}
							}
						},
						{
							"origin": [-23, 34.00856, 11.99447],
							"size": [12, 1, 14.125],
							"pivot": [-14, 34.00856, 11.99447],
							"rotation": [-7.5, 0, 0],
							"uv": {
								"east": {"uv": [220, 18], "uv_size": [-14, 1]},
								"west": {"uv": [133, 205], "uv_size": [-14, 1]},
								"up": {"uv": [185, 9], "uv_size": [-12, 14]},
								"down": {"uv": [185, 38], "uv_size": [-12, -14]}
							}
						},
						{
							"origin": [-23, 32.2013, 25.83262],
							"size": [12, 1, 14.25],
							"pivot": [-14, 32.2013, 25.83262],
							"rotation": [-17.25, 0, 0],
							"uv": {
								"east": {"uv": [220, 22], "uv_size": [-14, 1]},
								"west": {"uv": [220, 20], "uv_size": [-14, 1]},
								"up": {"uv": [185, 87], "uv_size": [-12, 14]},
								"down": {"uv": [185, 116], "uv_size": [-12, -14]}
							}
						}
					]
				},
				{
					"name": "bone3",
					"parent": "track_right",
					"pivot": [-14.5, 0, 18],
					"cubes": [
						{
							"origin": [-24.5, 34.51231, -61.28107],
							"size": [1.5, 0.5, 4],
							"pivot": [-13.5, 34.01231, -29.96857],
							"rotation": [9, 0, 0],
							"uv": {
								"north": {"uv": [223, 22], "uv_size": [-2, 1]},
								"south": {"uv": [26, 221], "uv_size": [-2, 1]},
								"up": {"uv": [210, 214], "uv_size": [-2, 4]},
								"down": {"uv": [213, 218], "uv_size": [-2, -4]}
							}
						},
						{
							"origin": [-26.20711, 29.93317, -59.7055],
							"size": [2.82843, 0.475, 2.82842],
							"pivot": [-25.5, 29.92067, -58.9984],
							"rotation": [12.62526, 44.29887, 8.89098],
							"uv": {
								"north": {"uv": [222, 198], "uv_size": [-3, 1]},
								"east": {"uv": [222, 206], "uv_size": [-3, 1]},
								"up": {"uv": [114, 209], "uv_size": [-3, 3]},
								"down": {"uv": [122, 212], "uv_size": [-3, -3]}
							}
						},
						{
							"origin": [-24.5, 4.66818, -64.58977],
							"size": [1.5, 0.5, 4],
							"pivot": [-13.5, 5.66818, -34.40227],
							"rotation": [-27.5, 0, 0],
							"uv": {
								"north": {"uv": [111, 221], "uv_size": [-2, 1]},
								"south": {"uv": [223, 110], "uv_size": [-2, 1]},
								"up": {"uv": [91, 215], "uv_size": [-2, 4]},
								"down": {"uv": [94, 219], "uv_size": [-2, -4]}
							}
						},
						{
							"origin": [-26.20711, 17.75271, -60.34287],
							"size": [2.82843, 0.475, 2.82842],
							"pivot": [-25.5, 18.24021, -59.63577],
							"rotation": [-36.36024, 38.84468, -24.78507],
							"uv": {
								"north": {"uv": [223, 158], "uv_size": [-3, 1]},
								"east": {"uv": [162, 220], "uv_size": [-3, 1]},
								"up": {"uv": [11, 211], "uv_size": [-3, 3]},
								"down": {"uv": [15, 214], "uv_size": [-3, -3]}
							}
						},
						{
							"origin": [-24.5, 4.66818, -48.58977],
							"size": [1.5, 0.5, 4],
							"pivot": [-13.5, 5.66818, -34.40227],
							"rotation": [-27.5, 0, 0],
							"uv": {
								"north": {"uv": [114, 221], "uv_size": [-2, 1]},
								"south": {"uv": [223, 112], "uv_size": [-2, 1]},
								"up": {"uv": [140, 215], "uv_size": [-2, 4]},
								"down": {"uv": [143, 219], "uv_size": [-2, -4]}
							}
						},
						{
							"origin": [-26.20711, 10.36473, -46.1507],
							"size": [2.82843, 0.475, 2.82843],
							"pivot": [-25.5, 10.85223, -45.44359],
							"rotation": [-36.36024, 38.84468, -24.78507],
							"uv": {
								"north": {"uv": [152, 220], "uv_size": [-3, 1]},
								"east": {"uv": [223, 156], "uv_size": [-3, 1]},
								"up": {"uv": [3, 211], "uv_size": [-3, 3]},
								"down": {"uv": [7, 214], "uv_size": [-3, -3]}
							}
						},
						{
							"origin": [-24.5, -0.00172, -32.11192],
							"size": [1.5, 0.5, 4],
							"pivot": [-13.5, 0.99828, -16.98692],
							"rotation": [-15, 0, 0],
							"uv": {
								"north": {"uv": [117, 221], "uv_size": [-2, 1]},
								"south": {"uv": [120, 221], "uv_size": [-2, 1]},
								"up": {"uv": [151, 215], "uv_size": [-2, 4]},
								"down": {"uv": [162, 219], "uv_size": [-2, -4]}
							}
						},
						{
							"origin": [-26.20711, 3.42482, -30.50121],
							"size": [2.82843, 0.475, 2.82842],
							"pivot": [-25.5, 3.91232, -29.79411],
							"rotation": [-20.75357, 43.07952, -14.51082],
							"uv": {
								"north": {"uv": [223, 204], "uv_size": [-3, 1]},
								"east": {"uv": [217, 220], "uv_size": [-3, 1]},
								"up": {"uv": [163, 211], "uv_size": [-3, 3]},
								"down": {"uv": [167, 214], "uv_size": [-3, -3]}
							}
						},
						{
							"origin": [-26.20711, 0.0125, -13.83211],
							"size": [2.82843, 0.475, 2.82843],
							"pivot": [-25.5, 0.5, -13.125],
							"rotation": [0, 45, 0],
							"uv": {
								"north": {"uv": [223, 200], "uv_size": [-3, 1]},
								"east": {"uv": [223, 202], "uv_size": [-3, 1]},
								"up": {"uv": [96, 211], "uv_size": [-3, 3]},
								"down": {"uv": [152, 214], "uv_size": [-3, -3]}
							}
						},
						{
							"origin": [-24.5, 0, -15.125],
							"size": [1.5, 0.5, 4],
							"uv": {
								"north": {"uv": [123, 221], "uv_size": [-2, 1]},
								"south": {"uv": [223, 122], "uv_size": [-2, 1]},
								"up": {"uv": [165, 215], "uv_size": [-2, 4]},
								"down": {"uv": [35, 220], "uv_size": [-2, -4]}
							}
						},
						{
							"origin": [-26.20711, 32.27969, -44.89018],
							"size": [2.82843, 0.475, 2.82843],
							"pivot": [-25.5, 32.26719, -44.18307],
							"rotation": [12.62526, 44.29887, 8.89098],
							"uv": {
								"north": {"uv": [3, 220], "uv_size": [-3, 1]},
								"east": {"uv": [7, 220], "uv_size": [-3, 1]},
								"up": {"uv": [126, 209], "uv_size": [-3, 3]},
								"down": {"uv": [130, 212], "uv_size": [-3, -3]}
							}
						},
						{
							"origin": [-24.5, 34.51231, -46.28107],
							"size": [1.5, 0.5, 4],
							"pivot": [-13.5, 34.01231, -29.96857],
							"rotation": [9, 0, 0],
							"uv": {
								"north": {"uv": [35, 221], "uv_size": [-2, 1]},
								"south": {"uv": [223, 36], "uv_size": [-2, 1]},
								"up": {"uv": [216, 214], "uv_size": [-2, 4]},
								"down": {"uv": [2, 219], "uv_size": [-2, -4]}
							}
						},
						{
							"origin": [-26.20711, 34.5125, -28.83211],
							"size": [2.82843, 0.475, 2.82843],
							"pivot": [-25.5, 34.5, -28.125],
							"rotation": [0, 45, 0],
							"uv": {
								"north": {"uv": [223, 16], "uv_size": [-3, 1]},
								"east": {"uv": [23, 220], "uv_size": [-3, 1]},
								"up": {"uv": [213, 135], "uv_size": [-3, 3]},
								"down": {"uv": [176, 213], "uv_size": [-3, -3]}
							}
						},
						{
							"origin": [-24.5, 34.5, -30.125],
							"size": [1.5, 0.5, 4],
							"uv": {
								"north": {"uv": [223, 18], "uv_size": [-2, 1]},
								"south": {"uv": [223, 20], "uv_size": [-2, 1]},
								"up": {"uv": [204, 214], "uv_size": [-2, 4]},
								"down": {"uv": [207, 218], "uv_size": [-2, -4]}
							}
						},
						{
							"origin": [-26.20711, 34.5125, -12.83211],
							"size": [2.82843, 0.475, 2.82843],
							"pivot": [-25.5, 34.5, -12.125],
							"rotation": [0, 45, 0],
							"uv": {
								"north": {"uv": [223, 14], "uv_size": [-3, 1]},
								"east": {"uv": [19, 220], "uv_size": [-3, 1]},
								"up": {"uv": [213, 117], "uv_size": [-3, 3]},
								"down": {"uv": [213, 134], "uv_size": [-3, -3]}
							}
						},
						{
							"origin": [-24.5, 34.5, -14.125],
							"size": [1.5, 0.5, 4],
							"uv": {
								"north": {"uv": [223, 38], "uv_size": [-2, 1]},
								"south": {"uv": [223, 40], "uv_size": [-2, 1]},
								"up": {"uv": [5, 215], "uv_size": [-2, 4]},
								"down": {"uv": [8, 219], "uv_size": [-2, -4]}
							}
						},
						{
							"origin": [-26.20711, 0.0125, 4.16789],
							"size": [2.82843, 0.475, 2.82843],
							"pivot": [-25.5, 0.5, 4.875],
							"rotation": [0, 45, 0],
							"uv": {
								"north": {"uv": [176, 220], "uv_size": [-3, 1]},
								"east": {"uv": [223, 185], "uv_size": [-3, 1]},
								"up": {"uv": [63, 211], "uv_size": [-3, 3]},
								"down": {"uv": [67, 214], "uv_size": [-3, -3]}
							}
						},
						{
							"origin": [-24.5, 0, 2.875],
							"size": [1.5, 0.5, 4],
							"uv": {
								"north": {"uv": [126, 221], "uv_size": [-2, 1]},
								"south": {"uv": [223, 148], "uv_size": [-2, 1]},
								"up": {"uv": [52, 216], "uv_size": [-2, 4]},
								"down": {"uv": [55, 220], "uv_size": [-2, -4]}
							}
						},
						{
							"origin": [-24.5, -0.00061, 21.0276],
							"size": [1.5, 0.5, 4],
							"pivot": [-15.5, 0.99939, 12.0276],
							"rotation": [2, 0, 0],
							"uv": {
								"north": {"uv": [223, 150], "uv_size": [-2, 1]},
								"south": {"uv": [155, 221], "uv_size": [-2, 1]},
								"up": {"uv": [218, 73], "uv_size": [-2, 4]},
								"down": {"uv": [108, 220], "uv_size": [-2, -4]}
							}
						},
						{
							"origin": [-26.20711, 0.39609, 22.33124],
							"size": [2.82843, 0.475, 2.82843],
							"pivot": [-25.5, 0.88359, 23.03835],
							"rotation": [2.82728, 44.96511, 1.99878],
							"uv": {
								"north": {"uv": [223, 160], "uv_size": [-3, 1]},
								"east": {"uv": [223, 162], "uv_size": [-3, 1]},
								"up": {"uv": [19, 211], "uv_size": [-3, 3]},
								"down": {"uv": [23, 214], "uv_size": [-3, -3]}
							}
						},
						{
							"origin": [-24.5, 34.5, 1.875],
							"size": [1.5, 0.5, 4],
							"uv": {
								"north": {"uv": [52, 221], "uv_size": [-2, 1]},
								"south": {"uv": [55, 221], "uv_size": [-2, 1]},
								"up": {"uv": [11, 215], "uv_size": [-2, 4]},
								"down": {"uv": [14, 219], "uv_size": [-2, -4]}
							}
						},
						{
							"origin": [-24.5, 34.50856, 18.99447],
							"size": [1.5, 0.5, 4],
							"pivot": [-15.5, 34.00856, 11.99447],
							"rotation": [-7.5, 0, 0],
							"uv": {
								"north": {"uv": [223, 69], "uv_size": [-2, 1]},
								"south": {"uv": [223, 71], "uv_size": [-2, 1]},
								"up": {"uv": [17, 215], "uv_size": [-2, 4]},
								"down": {"uv": [20, 219], "uv_size": [-2, -4]}
							}
						},
						{
							"origin": [-26.20711, 33.34204, 20.27563],
							"size": [2.82843, 0.475, 2.82843],
							"pivot": [-25.5, 33.32954, 20.98274],
							"rotation": [-10.54684, 44.5119, -7.43656],
							"uv": {
								"north": {"uv": [223, 24], "uv_size": [-3, 1]},
								"east": {"uv": [223, 26], "uv_size": [-3, 1]},
								"up": {"uv": [180, 210], "uv_size": [-3, 3]},
								"down": {"uv": [213, 182], "uv_size": [-3, -3]}
							}
						},
						{
							"origin": [-26.20711, 34.5125, 3.16789],
							"size": [2.82843, 0.475, 2.82843],
							"pivot": [-25.5, 34.5, 3.875],
							"rotation": [0, 45, 0],
							"uv": {
								"north": {"uv": [11, 220], "uv_size": [-3, 1]},
								"east": {"uv": [15, 220], "uv_size": [-3, 1]},
								"up": {"uv": [138, 209], "uv_size": [-3, 3]},
								"down": {"uv": [106, 213], "uv_size": [-3, -3]}
							}
						},
						{
							"origin": [-24.5, 32.7013, 36.08262],
							"size": [1.5, 0.5, 4],
							"pivot": [-13.5, 32.2013, 25.83262],
							"rotation": [-17.25, 0, 0],
							"uv": {
								"north": {"uv": [76, 221], "uv_size": [-2, 1]},
								"south": {"uv": [223, 78], "uv_size": [-2, 1]},
								"up": {"uv": [23, 215], "uv_size": [-2, 4]},
								"down": {"uv": [62, 219], "uv_size": [-2, -4]}
							}
						},
						{
							"origin": [-25.62132, 29.05867, 35.55856],
							"size": [2.82843, 0.475, 2.82843],
							"pivot": [-23.5, 29.04617, 37.67988],
							"rotation": [-23.70748, 42.47754, -16.51728],
							"uv": {
								"north": {"uv": [63, 220], "uv_size": [-3, 1]},
								"east": {"uv": [223, 63], "uv_size": [-3, 1]},
								"up": {"uv": [184, 210], "uv_size": [-3, 3]},
								"down": {"uv": [188, 213], "uv_size": [-3, -3]}
							}
						},
						{
							"origin": [-24.5, 28.55443, 52.19355],
							"size": [1.5, 0.5375, 4],
							"pivot": [-13.5, 28.09193, 39.19355],
							"rotation": [-33, 0, 0],
							"uv": {
								"north": {"uv": [85, 221], "uv_size": [-2, 1]},
								"south": {"uv": [108, 221], "uv_size": [-2, 1]},
								"up": {"uv": [65, 215], "uv_size": [-2, 4]},
								"down": {"uv": [88, 219], "uv_size": [-2, -4]}
							}
						},
						{
							"origin": [-25.62132, 20.3197, 49.9144],
							"size": [2.82843, 0.5125, 2.82843],
							"pivot": [-23.5, 20.32595, 52.03572],
							"rotation": [-42.5644, 36.3723, -28.57444],
							"uv": {
								"north": {"uv": [223, 65], "uv_size": [-3, 1]},
								"east": {"uv": [89, 220], "uv_size": [-3, 1]},
								"up": {"uv": [192, 210], "uv_size": [-3, 3]},
								"down": {"uv": [196, 213], "uv_size": [-3, -3]}
							}
						},
						{
							"origin": [-24.5, 0.83429, 40.00581],
							"size": [1.5, 0.5, 4],
							"pivot": [-15.5, 1.83429, 36.00581],
							"rotation": [6, 0, 0],
							"uv": {
								"north": {"uv": [158, 221], "uv_size": [-2, 1]},
								"south": {"uv": [170, 221], "uv_size": [-2, 1]},
								"up": {"uv": [111, 216], "uv_size": [-2, 4]},
								"down": {"uv": [114, 220], "uv_size": [-2, -4]}
							}
						},
						{
							"origin": [-24.5, 3.35398, 59.86459],
							"size": [1.5, 0.5, 4],
							"pivot": [-13.5, 4.35398, 59.86459],
							"rotation": [31, 0, 0],
							"uv": {
								"north": {"uv": [223, 169], "uv_size": [-2, 1]},
								"south": {"uv": [223, 171], "uv_size": [-2, 1]},
								"up": {"uv": [117, 216], "uv_size": [-2, 4]},
								"down": {"uv": [120, 220], "uv_size": [-2, -4]}
							}
						},
						{
							"origin": [-25.91421, 4.46797, 60.42223],
							"size": [2.82842, 0.475, 2.82843],
							"pivot": [-24.5, 4.95547, 61.83645],
							"rotation": [40.35606, 37.30867, 27.25019],
							"uv": {
								"north": {"uv": [141, 220], "uv_size": [-3, 1]},
								"east": {"uv": [145, 220], "uv_size": [-3, 1]},
								"up": {"uv": [208, 210], "uv_size": [-3, 3]},
								"down": {"uv": [212, 213], "uv_size": [-3, -3]}
							}
						},
						{
							"origin": [-25.91421, 1.4767, 40.611],
							"size": [2.82842, 0.475, 2.82842],
							"pivot": [-24.5, 1.9642, 42.02521],
							"rotation": [8.45453, 44.68698, 5.96737],
							"uv": {
								"north": {"uv": [93, 220], "uv_size": [-3, 1]},
								"east": {"uv": [102, 220], "uv_size": [-3, 1]},
								"up": {"uv": [200, 210], "uv_size": [-3, 3]},
								"down": {"uv": [204, 213], "uv_size": [-3, -3]}
							}
						}
					]
				}
			]
		}
	]
}