{
	"format_version": "1.12.0",
	"minecraft:geometry": [
		{
			"description": {
				"identifier": "geometry.unknown",
				"texture_width": 128,
				"texture_height": 128,
				"visible_bounds_width": 7,
				"visible_bounds_height": 4.5,
				"visible_bounds_offset": [0, 1.75, 0]
			},
			"bones": [
				{
					"name": "main",
					"pivot": [0, 0, 0],
					"cubes": [
						{
							"origin": [-8, 0, 0],
							"size": [16, 18, 8],
							"uv": {
								"north": {"uv": [0, 0], "uv_size": [16, 18]},
								"east": {"uv": [0, 32], "uv_size": [8, 18]},
								"south": {"uv": [17, 0], "uv_size": [16, 18]},
								"west": {"uv": [34, 0], "uv_size": [8, 18]},
								"up": {"uv": [43, 0], "uv_size": [16, 8]},
								"down": {"uv": [43, 17], "uv_size": [16, -8]}
							}
						},
						{
							"origin": [-8, 18, 7],
							"size": [16, 10, 1],
							"uv": {
								"north": {"uv": [32, 19], "uv_size": [16, 10]},
								"south": {"uv": [32, 30], "uv_size": [16, 10]}
							}
						},
						{
							"origin": [-8, 26.5, 0],
							"size": [16, 1.5, 8],
							"uv": {
								"north": {"uv": [60, 10], "uv_size": [16, 2]},
								"up": {"uv": [9, 41], "uv_size": [16, 8]},
								"down": {"uv": [26, 49], "uv_size": [16, -8]}
							}
						},
						{
							"origin": [0, 16, 0],
							"size": [1, 11, 7],
							"uv": {
								"north": {"uv": [48, 62], "uv_size": [1, 11]},
								"east": {"uv": [27, 50], "uv_size": [7, 11]},
								"west": {"uv": [35, 50], "uv_size": [7, 11]}
							}
						},
						{
							"origin": [-7, 20.5, 0],
							"size": [7, 1, 7],
							"uv": {
								"north": {"uv": [65, 38], "uv_size": [7, 1]},
								"up": {"uv": [0, 51], "uv_size": [7, 7]},
								"down": {"uv": [52, 59], "uv_size": [7, -7]}
							}
						},
						{
							"origin": [-7, 14.5, 1],
							"size": [14, 12, 6],
							"uv": {
								"north": {"uv": [0, 19], "uv_size": [14, 12]}
							}
						},
						{
							"origin": [-7, 24.5, 0],
							"size": [7, 1, 7],
							"uv": {
								"north": {"uv": [66, 23], "uv_size": [7, 1]},
								"up": {"uv": [43, 54], "uv_size": [7, 7]},
								"down": {"uv": [58, 25], "uv_size": [7, -7]}
							}
						},
						{
							"origin": [-8, 16, 0],
							"size": [1, 12, 8],
							"uv": {
								"north": {"uv": [58, 60], "uv_size": [1, 12]},
								"east": {"uv": [43, 41], "uv_size": [8, 12]},
								"west": {"uv": [49, 18], "uv_size": [8, 12]}
							}
						},
						{
							"origin": [-8, 15, -9],
							"size": [16, 1, 10],
							"uv": {
								"north": {"uv": [63, 58], "uv_size": [16, 1]},
								"east": {"uv": [63, 62], "uv_size": [10, 1]},
								"west": {"uv": [63, 64], "uv_size": [10, 1]},
								"up": {"uv": [15, 19], "uv_size": [16, 10]},
								"down": {"uv": [15, 40], "uv_size": [16, -10]}
							}
						},
						{
							"origin": [-8, 27, -3],
							"size": [16, 1, 3],
							"uv": {
								"north": {"uv": [63, 60], "uv_size": [16, 1]},
								"east": {"uv": [39, 69], "uv_size": [3, 1]},
								"west": {"uv": [69, 46], "uv_size": [3, 1]},
								"up": {"uv": [58, 26], "uv_size": [16, 3]},
								"down": {"uv": [60, 3], "uv_size": [16, -3]}
							}
						},
						{
							"origin": [-7.975, 15, -3],
							"size": [15.95, 13, 2],
							"pivot": [-8, 27, -3],
							"rotation": [-22.5, 0, 0],
							"uv": {
								"east": {"uv": [60, 52], "uv_size": [2, 13]},
								"west": {"uv": [55, 60], "uv_size": [2, 13]}
							}
						},
						{
							"origin": [-7, 28, 0],
							"size": [10, 0.025, 6],
							"pivot": [-1, 28.0125, 3],
							"rotation": [0, -22.5, 0],
							"uv": {
								"up": {"uv": [52, 40], "uv_size": [10, 6]}
							}
						},
						{
							"origin": [-7.975, 15.0625, -0.8375],
							"size": [15.95, 13, 2],
							"pivot": [-8, 27, -0.8375],
							"rotation": [-22.5, 0, 0],
							"uv": {
								"east": {"uv": [27, 62], "uv_size": [2, 13]},
								"west": {"uv": [30, 62], "uv_size": [2, 13]}
							}
						},
						{
							"origin": [-7.975, 14.875, 1.325],
							"size": [15.95, 9, 3],
							"pivot": [-8, 27, 1.325],
							"rotation": [-22.5, 0, 0],
							"uv": {
								"east": {"uv": [5, 59], "uv_size": [3, 9]},
								"west": {"uv": [51, 60], "uv_size": [3, 9]}
							}
						},
						{
							"origin": [7, 16, 0],
							"size": [1, 12, 8],
							"uv": {
								"north": {"uv": [46, 62], "uv_size": [1, 12]},
								"east": {"uv": [9, 50], "uv_size": [8, 12]},
								"west": {"uv": [18, 50], "uv_size": [8, 12]}
							}
						},
						{
							"origin": [-9, 25, 5.5],
							"size": [18, 2, 1],
							"uv": {
								"north": {"uv": [60, 4], "uv_size": [18, 2]},
								"east": {"uv": [21, 72], "uv_size": [1, 2]},
								"south": {"uv": [60, 7], "uv_size": [18, 2]},
								"west": {"uv": [53, 72], "uv_size": [1, 2]},
								"up": {"uv": [60, 13], "uv_size": [18, 1]},
								"down": {"uv": [60, 16], "uv_size": [18, -1]}
							}
						},
						{
							"origin": [-9, 25, 1.5],
							"size": [18, 2, 1],
							"uv": {
								"north": {"uv": [60, 4], "uv_size": [18, 2]},
								"east": {"uv": [21, 72], "uv_size": [1, 2]},
								"south": {"uv": [60, 7], "uv_size": [18, 2]},
								"west": {"uv": [53, 72], "uv_size": [1, 2]},
								"up": {"uv": [60, 13], "uv_size": [18, 1]},
								"down": {"uv": [60, 16], "uv_size": [18, -1]}
							}
						},
						{
							"origin": [-8.5, 27, 1.5],
							"size": [17, 2, 5],
							"uv": {
								"east": {"uv": [9, 38], "uv_size": [5, 2]},
								"west": {"uv": [9, 38], "uv_size": [5, 2]}
							}
						},
						{
							"origin": [-6.975, 19.625, -5.5],
							"size": [13.95, 0.75, 6.3125],
							"pivot": [-6.5, 20, 0.5],
							"rotation": [45, 0, 0],
							"uv": {
								"east": {"uv": [66, 50], "uv_size": [6, 1]},
								"west": {"uv": [64, 66], "uv_size": [6, 1]}
							}
						},
						{
							"origin": [1.5, 24.75, 0.5],
							"size": [0.5, 0.5, 0.5],
							"pivot": [1.75, 25, 0.75],
							"rotation": [0, 0, 45],
							"uv": {
								"north": {"uv": [41, 74], "uv_size": [1, 1]},
								"east": {"uv": [43, 74], "uv_size": [1, 1]},
								"west": {"uv": [48, 74], "uv_size": [1, 1]},
								"up": {"uv": [50, 74], "uv_size": [1, 1]},
								"down": {"uv": [55, 75], "uv_size": [1, -1]}
							}
						},
						{
							"origin": [3, 24.75, 0.5],
							"size": [0.5, 0.5, 0.5],
							"pivot": [3.25, 25, 0.75],
							"rotation": [0, 0, 45],
							"uv": {
								"north": {"uv": [62, 74], "uv_size": [1, 1]},
								"east": {"uv": [74, 62], "uv_size": [1, 1]},
								"west": {"uv": [64, 74], "uv_size": [1, 1]},
								"up": {"uv": [74, 64], "uv_size": [1, 1]},
								"down": {"uv": [66, 75], "uv_size": [1, -1]}
							}
						},
						{
							"origin": [2, 16, -1],
							"size": [1, 1, 1],
							"uv": {
								"north": {"uv": [23, 73], "uv_size": [1, 1]},
								"east": {"uv": [25, 73], "uv_size": [1, 1]},
								"west": {"uv": [73, 38], "uv_size": [1, 1]},
								"up": {"uv": [39, 73], "uv_size": [1, 1]}
							}
						},
						{
							"origin": [5, 16, -1],
							"size": [1, 1, 1],
							"uv": {
								"north": {"uv": [23, 73], "uv_size": [1, 1]},
								"east": {"uv": [25, 73], "uv_size": [1, 1]},
								"west": {"uv": [73, 38], "uv_size": [1, 1]},
								"up": {"uv": [39, 73], "uv_size": [1, 1]}
							}
						},
						{
							"origin": [8, 2, 2],
							"size": [1, 1, 1],
							"uv": {
								"north": {"uv": [74, 66], "uv_size": [1, 1]},
								"south": {"uv": [68, 74], "uv_size": [1, 1]},
								"west": {"uv": [74, 68], "uv_size": [1, 1]},
								"up": {"uv": [70, 74], "uv_size": [1, 1]},
								"down": {"uv": [74, 71], "uv_size": [1, -1]}
							}
						},
						{
							"origin": [8, 2, 5],
							"size": [1, 1, 1],
							"uv": {
								"north": {"uv": [74, 66], "uv_size": [1, 1]},
								"south": {"uv": [68, 74], "uv_size": [1, 1]},
								"west": {"uv": [74, 68], "uv_size": [1, 1]},
								"up": {"uv": [70, 74], "uv_size": [1, 1]},
								"down": {"uv": [74, 71], "uv_size": [1, -1]}
							}
						},
						{
							"origin": [-6, 18, 1],
							"size": [2, 0.5, 2],
							"pivot": [-5, 18.25, 2],
							"rotation": [0, 45, 0],
							"uv": {
								"north": {"uv": [36, 72], "uv_size": [2, 1]},
								"west": {"uv": [72, 36], "uv_size": [2, 1]},
								"up": {"uv": [6, 69], "uv_size": [2, 2]}
							}
						},
						{
							"origin": [-6, 18, 4],
							"size": [2, 0.5, 2],
							"uv": {
								"north": {"uv": [42, 72], "uv_size": [2, 1]},
								"east": {"uv": [50, 72], "uv_size": [2, 1]},
								"west": {"uv": [63, 72], "uv_size": [2, 1]},
								"up": {"uv": [33, 69], "uv_size": [2, 2]}
							}
						},
						{
							"origin": [-3.5, 18, 5],
							"size": [2.5, 0.5, 1],
							"uv": {
								"north": {"uv": [50, 70], "uv_size": [3, 1]},
								"east": {"uv": [74, 30], "uv_size": [1, 1]},
								"west": {"uv": [74, 32], "uv_size": [1, 1]},
								"up": {"uv": [64, 70], "uv_size": [3, 1]}
							}
						},
						{
							"origin": [-2.5, 18, 1],
							"size": [1, 0.5, 1],
							"pivot": [-2, 18.25, 1.5],
							"rotation": [0, -45, 0],
							"uv": {
								"north": {"uv": [33, 74], "uv_size": [1, 1]},
								"east": {"uv": [35, 74], "uv_size": [1, 1]},
								"up": {"uv": [37, 74], "uv_size": [1, 1]}
							}
						},
						{
							"origin": [1.5, 21.5, 0.5],
							"size": [2, 2, 0.5],
							"uv": {
								"north": {"uv": [24, 68], "uv_size": [2, 2]},
								"east": {"uv": [17, 72], "uv_size": [1, 2]},
								"west": {"uv": [19, 72], "uv_size": [1, 2]},
								"up": {"uv": [33, 72], "uv_size": [2, 1]},
								"down": {"uv": [72, 35], "uv_size": [2, -1]}
							}
						},
						{
							"origin": [4.5, 20.5, 0.5],
							"size": [2, 2, 0.5],
							"uv": {
								"north": {"uv": [24, 68], "uv_size": [2, 2]},
								"east": {"uv": [17, 72], "uv_size": [1, 2]},
								"west": {"uv": [19, 72], "uv_size": [1, 2]},
								"up": {"uv": [33, 72], "uv_size": [2, 1]},
								"down": {"uv": [72, 35], "uv_size": [2, -1]}
							}
						},
						{
							"origin": [1.5, 17.5, 0.5],
							"size": [2, 2, 0.5],
							"uv": {
								"north": {"uv": [24, 68], "uv_size": [2, 2]},
								"east": {"uv": [17, 72], "uv_size": [1, 2]},
								"west": {"uv": [19, 72], "uv_size": [1, 2]},
								"up": {"uv": [33, 72], "uv_size": [2, 1]}
							}
						},
						{
							"origin": [4, 18.5, 0.5],
							"size": [2.5, 1, 0.5],
							"uv": {
								"north": {"uv": [15, 70], "uv_size": [3, 1]},
								"east": {"uv": [74, 21], "uv_size": [1, 1]},
								"west": {"uv": [74, 23], "uv_size": [1, 1]},
								"up": {"uv": [19, 70], "uv_size": [3, 1]}
							}
						},
						{
							"origin": [4.5, 23.5, 0.5],
							"size": [0.5, 2, 0.5],
							"uv": {
								"north": {"uv": [13, 71], "uv_size": [1, 2]},
								"east": {"uv": [6, 72], "uv_size": [1, 2]},
								"west": {"uv": [15, 72], "uv_size": [1, 2]},
								"up": {"uv": [60, 73], "uv_size": [1, 1]},
								"down": {"uv": [13, 75], "uv_size": [1, -1]}
							}
						},
						{
							"origin": [6, 23.5, 0.5],
							"size": [0.5, 2, 0.5],
							"uv": {
								"north": {"uv": [13, 71], "uv_size": [1, 2]},
								"east": {"uv": [6, 72], "uv_size": [1, 2]},
								"west": {"uv": [15, 72], "uv_size": [1, 2]},
								"up": {"uv": [60, 73], "uv_size": [1, 1]},
								"down": {"uv": [13, 75], "uv_size": [1, -1]}
							}
						},
						{
							"origin": [3, 16, -7],
							"size": [3, 0.5, 5],
							"uv": {
								"north": {"uv": [69, 48], "uv_size": [3, 1]},
								"east": {"uv": [18, 68], "uv_size": [5, 1]},
								"south": {"uv": [60, 69], "uv_size": [3, 1]},
								"west": {"uv": [64, 68], "uv_size": [5, 1]},
								"up": {"uv": [9, 32], "uv_size": [3, 5]}
							}
						},
						{
							"origin": [3.5, 16.5, -3.75],
							"size": [2, 0.5, 1],
							"uv": {
								"north": {"uv": [71, 21], "uv_size": [2, 1]},
								"east": {"uv": [73, 40], "uv_size": [1, 1]},
								"west": {"uv": [73, 42], "uv_size": [1, 1]},
								"up": {"uv": [23, 71], "uv_size": [2, 1]}
							}
						},
						{
							"origin": [4.25, 16.75, -6.75],
							"size": [0.5, 0.5, 4],
							"uv": {
								"north": {"uv": [73, 48], "uv_size": [1, 1]},
								"east": {"uv": [69, 30], "uv_size": [4, 1]},
								"west": {"uv": [69, 32], "uv_size": [4, 1]},
								"up": {"uv": [13, 32], "uv_size": [1, 4]}
							}
						},
						{
							"origin": [4, 17.25, -7],
							"size": [1, 0.25, 1],
							"pivot": [4.5, 17.5, -6.5],
							"rotation": [0, -45, 0],
							"uv": {
								"north": {"uv": [73, 50], "uv_size": [1, 1]},
								"east": {"uv": [73, 52], "uv_size": [1, 1]},
								"south": {"uv": [73, 54], "uv_size": [1, 1]},
								"west": {"uv": [73, 56], "uv_size": [1, 1]},
								"up": {"uv": [58, 73], "uv_size": [1, 1]}
							}
						},
						{
							"origin": [3.5, 16.5, -6],
							"size": [2, 0.5, 1],
							"uv": {
								"north": {"uv": [39, 71], "uv_size": [2, 1]},
								"east": {"uv": [73, 44], "uv_size": [1, 1]},
								"south": {"uv": [60, 71], "uv_size": [2, 1]},
								"west": {"uv": [73, 46], "uv_size": [1, 1]},
								"up": {"uv": [71, 66], "uv_size": [2, 1]}
							}
						},
						{
							"origin": [-4, 16, -8],
							"size": [10, 0.025, 8],
							"pivot": [2, 16.0125, -5],
							"rotation": [0, 22.5, 0],
							"uv": {
								"up": {"uv": [49, 31], "uv_size": [10, 8]}
							}
						}
					]
				},
				{
					"name": "headphone",
					"pivot": [-5.5, 16, -6.5],
					"rotation": [-15, -22.5, 0],
					"cubes": [
						{
							"origin": [-6, 16, -9],
							"size": [1, 2.5, 2.5],
							"uv": {
								"north": {"uv": [41, 65], "uv_size": [1, 3]},
								"east": {"uv": [65, 30], "uv_size": [3, 3]},
								"south": {"uv": [68, 70], "uv_size": [1, 3]},
								"west": {"uv": [33, 65], "uv_size": [3, 3]},
								"up": {"uv": [70, 68], "uv_size": [1, 3]},
								"down": {"uv": [0, 74], "uv_size": [1, -3]}
							}
						},
						{
							"origin": [-5.5, 16.75, -6.5],
							"size": [5, 1, 2.5],
							"uv": {
								"east": {"uv": [71, 17], "uv_size": [3, 1]},
								"south": {"uv": [0, 69], "uv_size": [5, 1]},
								"west": {"uv": [71, 19], "uv_size": [3, 1]}
							}
						},
						{
							"origin": [-1, 16, -9],
							"size": [1, 2.5, 2.5],
							"uv": {
								"north": {"uv": [2, 71], "uv_size": [1, 3]},
								"east": {"uv": [65, 34], "uv_size": [3, 3]},
								"south": {"uv": [4, 71], "uv_size": [1, 3]},
								"west": {"uv": [37, 65], "uv_size": [3, 3]},
								"up": {"uv": [9, 71], "uv_size": [1, 3]},
								"down": {"uv": [11, 74], "uv_size": [1, -3]}
							}
						}
					]
				},
				{
					"name": "light_illuminated",
					"pivot": [-3.5, 23, 1],
					"cubes": [
						{
							"origin": [-6, 22.5, 1],
							"size": [5, 1, 0],
							"pivot": [-3.5, 23, 1],
							"rotation": [0, 180, 0],
							"uv": {
								"north": {"uv": [55, 76], "uv_size": [5, 1]}
							}
						}
					]
				},
				{
					"name": "dynamite",
					"pivot": [0, 0, 0],
					"cubes": [
						{
							"origin": [4, 0, -5],
							"size": [2, 4, 3],
							"pivot": [5, 0, -4],
							"rotation": [0, -22.5, 0],
							"uv": {
								"north": {"uv": [9, 66], "uv_size": [2, 4]},
								"east": {"uv": [19, 63], "uv_size": [3, 4]},
								"south": {"uv": [12, 66], "uv_size": [2, 4]},
								"west": {"uv": [23, 63], "uv_size": [3, 4]},
								"up": {"uv": [15, 66], "uv_size": [2, 3]},
								"down": {"uv": [66, 49], "uv_size": [2, -3]}
							}
						},
						{
							"origin": [-4.75, 0, -8.5],
							"size": [3.5, 1.5, 9],
							"pivot": [-3, 1, -3.5],
							"rotation": [0, -67.5, 0],
							"uv": {
								"north": {"uv": [66, 17], "uv_size": [4, 2]},
								"east": {"uv": [33, 62], "uv_size": [9, 2]},
								"south": {"uv": [66, 20], "uv_size": [4, 2]},
								"west": {"uv": [9, 63], "uv_size": [9, 2]},
								"up": {"uv": [0, 59], "uv_size": [4, 9]},
								"down": {"uv": [60, 39], "uv_size": [4, -9]}
							}
						},
						{
							"origin": [0.9497, 1.5, -7.03021],
							"size": [0.99936, 1.80278, 9],
							"pivot": [0.9497, 1.5, -7.03021],
							"rotation": [-53.25006, -50.23855, 60.1431],
							"uv": {
								"east": {"uv": [63, 52], "uv_size": [9, 2]}
							}
						},
						{
							"origin": [1.29226, 1.5, -3.79663],
							"size": [0.99683, 1.80278, 9],
							"pivot": [2.28909, 1.5, -3.79663],
							"rotation": [53.25003, -50.23858, -60.14307],
							"uv": {
								"west": {"uv": [63, 55], "uv_size": [9, 2]}
							}
						},
						{
							"origin": [-3.75, 1.5, -8.5],
							"size": [1.5, 1.5, 9],
							"pivot": [-3, 2.5, -3.5],
							"rotation": [0, -67.5, 0],
							"uv": {
								"north": {"uv": [69, 34], "uv_size": [2, 2]},
								"east": {"uv": [63, 40], "uv_size": [9, 2]},
								"south": {"uv": [36, 69], "uv_size": [2, 2]},
								"west": {"uv": [63, 43], "uv_size": [9, 2]},
								"up": {"uv": [43, 62], "uv_size": [2, 9]}
							}
						},
						{
							"origin": [4.375, 4, -4.625],
							"size": [1.25, 1, 1.25],
							"pivot": [5, 5.375, -4],
							"rotation": [0, -67.5, 0],
							"uv": {
								"north": {"uv": [72, 74], "uv_size": [1, 1]},
								"east": {"uv": [74, 72], "uv_size": [1, 1]},
								"south": {"uv": [74, 74], "uv_size": [1, 1]},
								"west": {"uv": [0, 75], "uv_size": [1, 1]},
								"up": {"uv": [2, 75], "uv_size": [1, 1]}
							}
						},
						{
							"origin": [5, 5, -5.5],
							"size": [0, 1.5, 3],
							"pivot": [5, 5.875, -4],
							"rotation": [0, -67.5, 0],
							"uv": {
								"east": {"uv": [60, 66], "uv_size": [3, 2]}
							}
						}
					]
				},
				{
					"name": "text",
					"pivot": [-15.125, 20, 7.0125],
					"cubes": [
						{
							"origin": [-6.625, 18.625, 7.0125],
							"size": [13, 3.875, 1],
							"pivot": [-2.125, 20, 7.0125],
							"rotation": [0, 0, 12.5],
							"uv": {
								"south": {"uv": [0, 77], "uv_size": [67, 18]}
							}
						}
					]
				}
			]
		}
	]
}