{
	"format_version": "1.12.0",
	"minecraft:geometry": [
		{
			"description": {
				"identifier": "geometry.calibration",
				"texture_width": 16,
				"texture_height": 16,
				"visible_bounds_width": 128,
				"visible_bounds_height": 11,
				"visible_bounds_offset": [0, 0.5, 0]
			},
			"bones": [
				{
					"name": "calibration",
					"pivot": [0, 0, 0],
					"cubes": [
						{
							"origin": [0.375, -0.25, -0.75],
							"size": [0.25, 0.25, 1.5],
							"uv": {
								"east": {"uv": [6, 6], "uv_size": [1.5, 0.25]},
								"west": {"uv": [0, 7], "uv_size": [1.5, 0.25]},
								"down": {"uv": [7, 1.5], "uv_size": [0.25, -1.5]}
							}
						},
						{
							"origin": [0.375, -0.70711, 0.35355],
							"size": [0.25, 0.17678, 0.35355],
							"inflate": -0.0001,
							"pivot": [0, 0, 0],
							"rotation": [45, 0, 0],
							"uv": {
								"east": {"uv": [10, 12], "uv_size": [0.375, 0.125]},
								"west": {"uv": [12, 10], "uv_size": [0.375, 0.125]},
								"down": {"uv": [1, 11.375], "uv_size": [0.25, -0.375]}
							}
						},
						{
							"origin": [0.375, -0.70711, -0.70711],
							"size": [0.25, 0.17678, 0.35355],
							"inflate": -0.0001,
							"pivot": [0, 0, 0],
							"rotation": [-45, 0, 0],
							"uv": {
								"east": {"uv": [11, 12], "uv_size": [0.375, 0.125]},
								"west": {"uv": [12, 11], "uv_size": [0.375, 0.125]},
								"down": {"uv": [2, 11.375], "uv_size": [0.25, -0.375]}
							}
						},
						{
							"origin": [-0.625, -0.70711, -0.70711],
							"size": [0.25, 0.17678, 0.35355],
							"inflate": -0.0001,
							"pivot": [0, 0, 0],
							"rotation": [-45, 0, 0],
							"uv": {
								"east": {"uv": [12, 12], "uv_size": [0.375, 0.125]},
								"west": {"uv": [0, 13], "uv_size": [0.375, 0.125]},
								"down": {"uv": [11, 2.375], "uv_size": [0.25, -0.375]}
							}
						},
						{
							"origin": [-0.625, -0.25, -0.75],
							"size": [0.25, 0.25, 1.5],
							"uv": {
								"east": {"uv": [2, 7], "uv_size": [1.5, 0.25]},
								"west": {"uv": [7, 2], "uv_size": [1.5, 0.25]},
								"down": {"uv": [4, 8.5], "uv_size": [0.25, -1.5]}
							}
						},
						{
							"origin": [-0.625, -0.70711, 0.35355],
							"size": [0.25, 0.17678, 0.35355],
							"inflate": -0.0001,
							"pivot": [0, 0, 0],
							"rotation": [45, 0, 0],
							"uv": {
								"east": {"uv": [13, 0], "uv_size": [0.375, 0.125]},
								"west": {"uv": [1, 13], "uv_size": [0.375, 0.125]},
								"down": {"uv": [3, 11.375], "uv_size": [0.25, -0.375]}
							}
						},
						{
							"origin": [-0.375, 0, -1],
							"size": [0.75, 1.3, 2],
							"inflate": 0.0001,
							"uv": {
								"north": {"uv": [3, 2], "uv_size": [0.75, 1.25]},
								"south": {"uv": [0, 4], "uv_size": [0.75, 1.25]},
								"up": {"uv": [0, 0], "uv_size": [0.75, 2]},
								"down": {"uv": [1, 2], "uv_size": [0.75, -2]}
							}
						},
						{
							"origin": [-0.625, 0, -1],
							"size": [1.25, 0.4375, 2],
							"uv": {
								"north": {"uv": [2, 6], "uv_size": [1.25, 0.5]},
								"east": {"uv": [3, 0], "uv_size": [2, 0.5]},
								"south": {"uv": [6, 4], "uv_size": [1.25, 0.5]},
								"west": {"uv": [3, 1], "uv_size": [2, 0.5]}
							}
						},
						{
							"origin": [-0.93792, -0.325, -1],
							"size": [0.75, 1.3, 2],
							"pivot": [0, 0, 0],
							"rotation": [0, 0, 60],
							"uv": {
								"north": {"uv": [1, 4], "uv_size": [0.75, 1.25]},
								"south": {"uv": [2, 4], "uv_size": [0.75, 1.25]},
								"up": {"uv": [0, 2], "uv_size": [0.75, 2]},
								"down": {"uv": [2, 2], "uv_size": [0.75, -2]}
							}
						},
						{
							"origin": [0.18792, -0.325, -1],
							"size": [0.75, 1.3, 2],
							"pivot": [0, 0, 0],
							"rotation": [0, 0, -60],
							"uv": {
								"north": {"uv": [4, 2], "uv_size": [0.75, 1.25]},
								"south": {"uv": [3, 4], "uv_size": [0.75, 1.25]},
								"up": {"uv": [1, 2], "uv_size": [0.75, 2]},
								"down": {"uv": [2, 4], "uv_size": [0.75, -2]}
							}
						},
						{
							"origin": [-0.5625, -0.1875, -0.125],
							"size": [0.3125, 0.1875, 0.25],
							"uv": {
								"north": {"uv": [11, 3], "uv_size": [0.375, 0.25]},
								"south": {"uv": [4, 11], "uv_size": [0.375, 0.25]},
								"west": {"uv": [2, 12], "uv_size": [0.25, 0.25]},
								"down": {"uv": [11, 4.25], "uv_size": [0.375, -0.25]}
							}
						},
						{
							"origin": [-0.53033, -0.53033, -0.125],
							"size": [0.26517, 0.13258, 0.25],
							"inflate": -0.0001,
							"pivot": [0, 0, 0],
							"rotation": [0, 0, 45],
							"uv": {
								"north": {"uv": [13, 1], "uv_size": [0.25, 0.125]},
								"south": {"uv": [2, 13], "uv_size": [0.25, 0.125]},
								"down": {"uv": [12, 2.25], "uv_size": [0.25, -0.25]}
							}
						},
						{
							"origin": [-0.75, 0, -0.125],
							"size": [1.5, 0.65, 0.25],
							"uv": {
								"north": {"uv": [4, 4], "uv_size": [1.5, 0.625]},
								"east": {"uv": [2, 8], "uv_size": [0.25, 0.625]},
								"south": {"uv": [5, 0], "uv_size": [1.5, 0.625]},
								"west": {"uv": [3, 8], "uv_size": [0.25, 0.625]}
							}
						},
						{
							"origin": [0.25, -0.1875, -0.125],
							"size": [0.3125, 0.1875, 0.25],
							"uv": {
								"north": {"uv": [5, 11], "uv_size": [0.375, 0.25]},
								"east": {"uv": [3, 12], "uv_size": [0.25, 0.25]},
								"south": {"uv": [6, 11], "uv_size": [0.375, 0.25]},
								"down": {"uv": [7, 11.25], "uv_size": [0.375, -0.25]}
							}
						},
						{
							"origin": [0.26517, -0.53033, -0.125],
							"size": [0.26517, 0.13258, 0.25],
							"inflate": -0.0001,
							"pivot": [0, 0, 0],
							"rotation": [0, 0, -45],
							"uv": {
								"north": {"uv": [13, 2], "uv_size": [0.25, 0.125]},
								"south": {"uv": [3, 13], "uv_size": [0.25, 0.125]},
								"down": {"uv": [12, 3.25], "uv_size": [0.25, -0.25]}
							}
						},
						{
							"origin": [-0.6875, 0.15, 0.3],
							"size": [1.375, 0.25, 0.5],
							"uv": {
								"north": {"uv": [7, 3], "uv_size": [1.375, 0.25]},
								"east": {"uv": [10, 10], "uv_size": [0.5, 0.25]},
								"south": {"uv": [5, 7], "uv_size": [1.375, 0.25]},
								"west": {"uv": [0, 11], "uv_size": [0.5, 0.25]},
								"up": {"uv": [5, 3], "uv_size": [1.375, 0.5]},
								"down": {"uv": [0, 6.5], "uv_size": [1.375, -0.5]}
							}
						},
						{
							"origin": [0.31292, 0.975, -0.875],
							"size": [0.5, -0.125, 1.75],
							"pivot": [0, 0, 0],
							"rotation": [0, 0, -60],
							"uv": {
								"north": {"uv": [4, 12], "uv_size": [0.5, 0.125]},
								"east": {"uv": [7, 7], "uv_size": [1.75, 0.125]},
								"south": {"uv": [12, 4], "uv_size": [0.5, 0.125]},
								"west": {"uv": [0, 8], "uv_size": [1.75, 0.125]},
								"up": {"uv": [4, 5], "uv_size": [0.5, 1.75]}
							}
						},
						{
							"origin": [-0.81292, 0.975, -0.875],
							"size": [0.5, -0.125, 1.75],
							"pivot": [0, 0, 0],
							"rotation": [0, 0, 60],
							"uv": {
								"north": {"uv": [5, 12], "uv_size": [0.5, 0.125]},
								"east": {"uv": [8, 0], "uv_size": [1.75, 0.125]},
								"south": {"uv": [12, 5], "uv_size": [0.5, 0.125]},
								"west": {"uv": [8, 1], "uv_size": [1.75, 0.125]},
								"up": {"uv": [5, 5], "uv_size": [0.5, 1.75]}
							}
						},
						{
							"origin": [-0.75, 0, -0.625],
							"size": [1.5, 0.65, 0.25],
							"uv": {
								"north": {"uv": [5, 1], "uv_size": [1.5, 0.625]},
								"east": {"uv": [8, 4], "uv_size": [0.25, 0.625]},
								"south": {"uv": [5, 2], "uv_size": [1.5, 0.625]},
								"west": {"uv": [5, 8], "uv_size": [0.25, 0.625]}
							}
						},
						{
							"origin": [-0.53033, -0.53033, -0.625],
							"size": [0.26517, 0.13258, 0.25],
							"inflate": -0.0001,
							"pivot": [0, 0, 0],
							"rotation": [0, 0, 45],
							"uv": {
								"north": {"uv": [13, 3], "uv_size": [0.25, 0.125]},
								"south": {"uv": [4, 13], "uv_size": [0.25, 0.125]},
								"down": {"uv": [6, 12.25], "uv_size": [0.25, -0.25]}
							}
						},
						{
							"origin": [-0.5625, -0.1875, -0.625],
							"size": [0.3125, 0.1875, 0.25],
							"uv": {
								"north": {"uv": [11, 7], "uv_size": [0.375, 0.25]},
								"south": {"uv": [8, 11], "uv_size": [0.375, 0.25]},
								"west": {"uv": [12, 6], "uv_size": [0.25, 0.25]},
								"down": {"uv": [9, 11.25], "uv_size": [0.375, -0.25]}
							}
						},
						{
							"origin": [0.25, -0.1875, -0.625],
							"size": [0.3125, 0.1875, 0.25],
							"uv": {
								"north": {"uv": [10, 11], "uv_size": [0.375, 0.25]},
								"east": {"uv": [7, 12], "uv_size": [0.25, 0.25]},
								"south": {"uv": [11, 10], "uv_size": [0.375, 0.25]},
								"down": {"uv": [11, 11.25], "uv_size": [0.375, -0.25]}
							}
						},
						{
							"origin": [0.26517, -0.53033, -0.625],
							"size": [0.26517, 0.13258, 0.25],
							"inflate": -0.0001,
							"pivot": [0, 0, 0],
							"rotation": [0, 0, -45],
							"uv": {
								"north": {"uv": [13, 4], "uv_size": [0.25, 0.125]},
								"south": {"uv": [5, 13], "uv_size": [0.25, 0.125]},
								"down": {"uv": [12, 7.25], "uv_size": [0.25, -0.25]}
							}
						},
						{
							"origin": [0.11997, 0.11997, -1.125],
							"size": [0.75, 0.75, 0.125],
							"pivot": [0, 0, 0],
							"rotation": [0, 0, -45],
							"uv": {
								"north": {"uv": [6, 5], "uv_size": [0.75, 0.75]},
								"east": {"uv": [0, 12], "uv_size": [0.125, 0.75]},
								"west": {"uv": [12, 0], "uv_size": [0.125, 0.75]},
								"up": {"uv": [1, 12], "uv_size": [0.75, 0.125]},
								"down": {"uv": [12, 1.125], "uv_size": [0.75, -0.125]}
							}
						},
						{
							"origin": [-1.21447, 0.85, 0.175],
							"size": [1.125, 0.125, 0.125],
							"inflate": -0.0001,
							"pivot": [0, 0, 0],
							"rotation": [0, -60, 60],
							"uv": {
								"north": {"uv": [8, 9], "uv_size": [1.125, 0.125]},
								"south": {"uv": [0, 10], "uv_size": [1.125, 0.125]},
								"up": {"uv": [10, 0], "uv_size": [1.125, 0.125]}
							}
						},
						{
							"origin": [-1.21447, 0.85, -0.3],
							"size": [1.125, 0.125, 0.125],
							"inflate": -0.0001,
							"pivot": [0, 0, 0],
							"rotation": [0, 60, 60],
							"uv": {
								"north": {"uv": [10, 1], "uv_size": [1.125, 0.125]},
								"south": {"uv": [2, 10], "uv_size": [1.125, 0.125]},
								"up": {"uv": [4, 10], "uv_size": [1.125, 0.125]}
							}
						},
						{
							"origin": [-0.90646, 0.85, 0.425],
							"size": [1.25, 0.125, 0.125],
							"inflate": -0.0001,
							"pivot": [0, 0, 0],
							"rotation": [0, -60, 60],
							"uv": {
								"north": {"uv": [8, 5], "uv_size": [1.25, 0.125]},
								"south": {"uv": [6, 8], "uv_size": [1.25, 0.125]},
								"up": {"uv": [8, 6], "uv_size": [1.25, 0.125]}
							}
						},
						{
							"origin": [-0.90646, 0.85, -0.55],
							"size": [1.25, 0.125, 0.125],
							"inflate": -0.0001,
							"pivot": [0, 0, 0],
							"rotation": [0, 60, 60],
							"uv": {
								"north": {"uv": [8, 8], "uv_size": [1.25, 0.125]},
								"south": {"uv": [0, 9], "uv_size": [1.25, 0.125]},
								"up": {"uv": [2, 9], "uv_size": [1.25, 0.125]}
							}
						},
						{
							"origin": [0.08947, 0.85, 0.175],
							"size": [1.125, 0.125, 0.125],
							"inflate": -0.0001,
							"pivot": [0, 0, 0],
							"rotation": [0, 60, -60],
							"uv": {
								"north": {"uv": [10, 5], "uv_size": [1.125, 0.125]},
								"south": {"uv": [6, 10], "uv_size": [1.125, 0.125]},
								"up": {"uv": [10, 6], "uv_size": [1.125, 0.125]}
							}
						},
						{
							"origin": [-0.34354, 0.85, -0.55],
							"size": [1.25, 0.125, 0.125],
							"inflate": -0.0001,
							"pivot": [0, 0, 0],
							"rotation": [0, -60, -60],
							"uv": {
								"north": {"uv": [9, 2], "uv_size": [1.25, 0.125]},
								"south": {"uv": [9, 3], "uv_size": [1.25, 0.125]},
								"up": {"uv": [4, 9], "uv_size": [1.25, 0.125]}
							}
						},
						{
							"origin": [0.08947, 0.85, -0.3],
							"size": [1.125, 0.125, 0.125],
							"inflate": -0.0001,
							"pivot": [0, 0, 0],
							"rotation": [0, -60, -60],
							"uv": {
								"north": {"uv": [8, 10], "uv_size": [1.125, 0.125]},
								"south": {"uv": [10, 8], "uv_size": [1.125, 0.125]},
								"up": {"uv": [10, 9], "uv_size": [1.125, 0.125]}
							}
						},
						{
							"origin": [-0.34354, 0.85, 0.425],
							"size": [1.25, 0.125, 0.125],
							"inflate": -0.0001,
							"pivot": [0, 0, 0],
							"rotation": [0, 60, -60],
							"uv": {
								"north": {"uv": [9, 4], "uv_size": [1.25, 0.125]},
								"south": {"uv": [6, 9], "uv_size": [1.25, 0.125]},
								"up": {"uv": [9, 7], "uv_size": [1.25, 0.125]}
							}
						},
						{
							"origin": [0.21447, 0.85, 1.175],
							"size": [1.125, 0.125, 0.125],
							"inflate": -0.0001,
							"pivot": [0, 0, 1],
							"rotation": [0, 60, -60],
							"uv": {
								"north": {"uv": [10, 5], "uv_size": [1.125, 0.125]},
								"south": {"uv": [6, 10], "uv_size": [1.125, 0.125]},
								"up": {"uv": [10, 6], "uv_size": [1.125, 0.125]}
							}
						},
						{
							"origin": [0.21447, 0.85, -1.3],
							"size": [1.125, 0.125, 0.125],
							"inflate": -0.0001,
							"pivot": [0, 0, -1],
							"rotation": [0, -60, -60],
							"uv": {
								"north": {"uv": [8, 10], "uv_size": [1.125, 0.125]},
								"south": {"uv": [10, 8], "uv_size": [1.125, 0.125]},
								"up": {"uv": [10, 9], "uv_size": [1.125, 0.125]}
							}
						},
						{
							"origin": [-1.33947, 0.85, 1.175],
							"size": [1.125, 0.125, 0.125],
							"inflate": -0.0001,
							"pivot": [0, 0, 1],
							"rotation": [0, -60, 60],
							"uv": {
								"north": {"uv": [8, 9], "uv_size": [1.125, 0.125]},
								"south": {"uv": [0, 10], "uv_size": [1.125, 0.125]},
								"up": {"uv": [10, 0], "uv_size": [1.125, 0.125]}
							}
						},
						{
							"origin": [-1.33947, 0.85, -1.3],
							"size": [1.125, 0.125, 0.125],
							"inflate": -0.0001,
							"pivot": [0, 0, -1],
							"rotation": [0, 60, 60],
							"uv": {
								"north": {"uv": [10, 1], "uv_size": [1.125, 0.125]},
								"south": {"uv": [2, 10], "uv_size": [1.125, 0.125]},
								"up": {"uv": [4, 10], "uv_size": [1.125, 0.125]}
							}
						}
					]
				},
				{
					"name": "mirror_illuminated",
					"parent": "calibration",
					"pivot": [0, 0.7, -0.5],
					"cubes": [
						{
							"origin": [0.24497, 0.24497, -1.0625],
							"size": [0.5, 0.5, -0.0625],
							"pivot": [0, 0, 0],
							"rotation": [0, 0, -45],
							"uv": {
								"north": {"uv": [7, 5], "uv_size": [0.5, 0.5]},
								"east": {"uv": [8, 12], "uv_size": [0.125, 0.5]},
								"west": {"uv": [12, 8], "uv_size": [0.125, 0.5]},
								"up": {"uv": [9, 12], "uv_size": [0.5, 0.125]},
								"down": {"uv": [12, 9.125], "uv_size": [0.5, -0.125]}
							}
						}
					]
				},
				{
					"name": "laser_beam",
					"pivot": [0, 0.7, 0],
					"rotation": [0, 0, 45]
				}
			]
		}
	]
}