{
	"format_version": "1.12.0",
	"minecraft:geometry": [
		{
			"description": {
				"identifier": "geometry.arip_open",
				"texture_width": 32,
				"texture_height": 32,
				"visible_bounds_width": 2,
				"visible_bounds_height": 1.5,
				"visible_bounds_offset": [0, 0.25, 0]
			},
			"bones": [
				{
					"name": "scope_view",
					"pivot": [0, 3.0003, 4]
				},
				{
					"name": "division",
					"pivot": [0, 0, 0]
				},
				{
					"name": "reticle_illuminated",
					"parent": "division",
					"pivot": [0, 0, 0],
					"cubes": [
						{
							"origin": [-2.15692, 2.08622, -9.875],
							"size": [0.0707, 0.0707, 0.025],
							"pivot": [0, 0, 0],
							"rotation": [0, 0, 45],
							"uv": {
								"south": {"uv": [11, 27], "uv_size": [0.125, 0.125]}
							}
						},
						{
							"origin": [-1.87408, 2.26906, -9.875],
							"size": [0.0707, 0.1707, 0.025],
							"pivot": [0, 0, 0],
							"rotation": [0, 0, 45],
							"uv": {
								"south": {"uv": [12, 27], "uv_size": [0.125, 0.125]}
							}
						},
						{
							"origin": [-1.97408, 2.36906, -9.875],
							"size": [0.1707, 0.0707, 0.025],
							"pivot": [0, 0, 0],
							"rotation": [0, 0, 45],
							"uv": {
								"south": {"uv": [13, 27], "uv_size": [0.125, 0.125]}
							}
						},
						{
							"origin": [1.80338, 2.26906, -9.875],
							"size": [0.0707, 0.1707, 0.025],
							"pivot": [0, 0, 0],
							"rotation": [0, 0, -45],
							"uv": {
								"south": {"uv": [14, 27], "uv_size": [0.125, 0.125]}
							}
						},
						{
							"origin": [1.80338, 2.36906, -9.875],
							"size": [0.1707, 0.0707, 0.025],
							"pivot": [0, 0, 0],
							"rotation": [0, 0, -45],
							"uv": {
								"south": {"uv": [15, 27], "uv_size": [0.125, 0.125]}
							}
						}
					]
				},
				{
					"name": "ocular",
					"pivot": [0, 0, 0],
					"cubes": [
						{
							"origin": [0.56594, 0.56594, 1.60625],
							"size": [2.95362, 2.95362, 0],
							"pivot": [0, 0, 0],
							"rotation": [0, 0, -45],
							"uv": {
								"south": {"uv": [3, 16], "uv_size": [2, 3]}
							}
						}
					]
				},
				{
					"name": "scope_body",
					"pivot": [0, 0, 0]
				},
				{
					"name": "open",
					"parent": "scope_body",
					"pivot": [0, 0, 0],
					"cubes": [
						{
							"origin": [-0.6875, -0.23107, -0.26642],
							"size": [1.375, 0.3125, 0.3125],
							"pivot": [0, 0, 0],
							"rotation": [45, 0, 0],
							"uv": {
								"north": {"uv": [3, 22], "uv_size": [1.375, 0.375]},
								"east": {"uv": [25, 21], "uv_size": [0.375, 0.375]},
								"south": {"uv": [8, 22], "uv_size": [1.375, 0.375]},
								"west": {"uv": [22, 25], "uv_size": [0.375, 0.375]},
								"up": {"uv": [10, 22], "uv_size": [1.375, 0.375]},
								"down": {"uv": [12, 22.375], "uv_size": [1.375, -0.375]}
							}
						},
						{
							"origin": [0.35988, 0.024, -0.625],
							"size": [0.25, 0.25, 1.25],
							"pivot": [0, 0, 0],
							"rotation": [0, 0, 45],
							"uv": {
								"north": {"uv": [25, 24], "uv_size": [0.25, 0.25]},
								"south": {"uv": [25, 25], "uv_size": [0.25, 0.25]},
								"west": {"uv": [3, 23], "uv_size": [1.25, 0.25]},
								"down": {"uv": [8, 24.25], "uv_size": [0.25, -1.25]}
							}
						},
						{
							"origin": [-0.60988, 0.024, -0.625],
							"size": [0.25, 0.25, 1.25],
							"pivot": [0, 0, 0],
							"rotation": [0, 0, -45],
							"uv": {
								"north": {"uv": [0, 26], "uv_size": [0.25, 0.25]},
								"east": {"uv": [9, 23], "uv_size": [1.25, 0.25]},
								"south": {"uv": [5, 26], "uv_size": [0.25, 0.25]},
								"down": {"uv": [11, 24.25], "uv_size": [0.25, -1.25]}
							}
						},
						{
							"origin": [-0.625, -0.2375, -0.625],
							"size": [1.25, 0.375, 1.25],
							"uv": {
								"north": {"uv": [14, 22], "uv_size": [1.25, 0.375]},
								"east": {"uv": [19, 22], "uv_size": [1.25, 0.375]},
								"south": {"uv": [22, 20], "uv_size": [1.25, 0.375]},
								"west": {"uv": [22, 21], "uv_size": [1.25, 0.375]},
								"up": {"uv": [6, 16], "uv_size": [1.25, 1.25]},
								"down": {"uv": [8, 17.25], "uv_size": [1.25, -1.25]}
							}
						},
						{
							"origin": [-0.34471, 0.28917, -0.625],
							"size": [0.4, 0.25, 1.25],
							"pivot": [0, 0, 0],
							"rotation": [0, 0, -45],
							"uv": {
								"north": {"uv": [25, 22], "uv_size": [0.375, 0.25]},
								"south": {"uv": [23, 25], "uv_size": [0.375, 0.25]},
								"west": {"uv": [12, 23], "uv_size": [1.25, 0.25]},
								"up": {"uv": [22, 22], "uv_size": [0.375, 1.25]},
								"down": {"uv": [0, 24.25], "uv_size": [0.375, -1.25]}
							}
						},
						{
							"origin": [-0.05529, 0.28917, -0.625],
							"size": [0.4, 0.25, 1.25],
							"pivot": [0, 0, 0],
							"rotation": [0, 0, 45],
							"uv": {
								"north": {"uv": [25, 23], "uv_size": [0.375, 0.25]},
								"east": {"uv": [14, 23], "uv_size": [1.25, 0.25]},
								"south": {"uv": [24, 25], "uv_size": [0.375, 0.25]},
								"up": {"uv": [1, 23], "uv_size": [0.375, 1.25]},
								"down": {"uv": [2, 24.25], "uv_size": [0.375, -1.25]}
							}
						},
						{
							"origin": [0.46594, 3.51956, 1.5375],
							"size": [0.2, 0.1, 0.1],
							"pivot": [0, 0, 0],
							"rotation": [0, 0, -45],
							"uv": {
								"north": {"uv": [24, 26], "uv_size": [0.25, 0.125]},
								"east": {"uv": [27, 18], "uv_size": [0.125, 0.125]},
								"south": {"uv": [26, 24], "uv_size": [0.25, 0.125]},
								"west": {"uv": [19, 27], "uv_size": [0.125, 0.125]},
								"up": {"uv": [25, 26], "uv_size": [0.25, 0.125]},
								"down": {"uv": [26, 25.125], "uv_size": [0.25, -0.125]}
							}
						},
						{
							"origin": [0.46594, 2.01956, 1.5375],
							"size": [0.1, 1.5, 0.1],
							"pivot": [0, 0, 0],
							"rotation": [0, 0, -45],
							"uv": {
								"north": {"uv": [1, 25], "uv_size": [0.125, 1.5]},
								"east": {"uv": [2, 25], "uv_size": [0.125, 1.5]},
								"south": {"uv": [3, 25], "uv_size": [0.125, 1.5]},
								"west": {"uv": [4, 25], "uv_size": [0.125, 1.5]}
							}
						},
						{
							"origin": [0.46594, 2.14399, -0.34087],
							"size": [0.1, 0.51265, 1.24445],
							"pivot": [0, 0, 0],
							"rotation": [-45, 0, -45],
							"uv": {
								"north": {"uv": [26, 16], "uv_size": [0.125, 0.5]},
								"east": {"uv": [6, 18], "uv_size": [1.25, 0.5]},
								"west": {"uv": [8, 18], "uv_size": [1.25, 0.5]},
								"up": {"uv": [17, 25], "uv_size": [0.125, 1.25]}
							}
						},
						{
							"origin": [0.46594, 1.23206, 1.275],
							"size": [0.1, 0.525, 0.525],
							"pivot": [0, 0, 0],
							"rotation": [0, 0, -45],
							"uv": {
								"north": {"uv": [26, 17], "uv_size": [0.125, 0.5]},
								"east": {"uv": [24, 19], "uv_size": [0.5, 0.5]},
								"west": {"uv": [20, 24], "uv_size": [0.5, 0.5]}
							}
						},
						{
							"origin": [-0.66594, 3.51956, 1.5375],
							"size": [0.2, 0.1, 0.1],
							"pivot": [0, 0, 0],
							"rotation": [0, 0, 45],
							"uv": {
								"north": {"uv": [26, 26], "uv_size": [0.25, 0.125]},
								"east": {"uv": [27, 19], "uv_size": [0.125, 0.125]},
								"south": {"uv": [0, 27], "uv_size": [0.25, 0.125]},
								"west": {"uv": [20, 27], "uv_size": [0.125, 0.125]},
								"up": {"uv": [1, 27], "uv_size": [0.25, 0.125]},
								"down": {"uv": [2, 27.125], "uv_size": [0.25, -0.125]}
							}
						},
						{
							"origin": [-0.56594, 2.01956, 1.5375],
							"size": [0.1, 1.5, 0.1],
							"pivot": [0, 0, 0],
							"rotation": [0, 0, 45],
							"uv": {
								"north": {"uv": [6, 25], "uv_size": [0.125, 1.5]},
								"east": {"uv": [7, 25], "uv_size": [0.125, 1.5]},
								"south": {"uv": [8, 25], "uv_size": [0.125, 1.5]},
								"west": {"uv": [9, 25], "uv_size": [0.125, 1.5]}
							}
						},
						{
							"origin": [-0.56594, 2.14399, -0.34087],
							"size": [0.1, 0.51265, 1.24445],
							"pivot": [0, 0, 0],
							"rotation": [-45, 0, 45],
							"uv": {
								"north": {"uv": [18, 26], "uv_size": [0.125, 0.5]},
								"east": {"uv": [10, 18], "uv_size": [1.25, 0.5]},
								"west": {"uv": [12, 18], "uv_size": [1.25, 0.5]},
								"up": {"uv": [25, 19], "uv_size": [0.125, 1.25]}
							}
						},
						{
							"origin": [-0.56594, 1.23206, 1.275],
							"size": [0.1, 0.525, 0.525],
							"pivot": [0, 0, 0],
							"rotation": [0, 0, 45],
							"uv": {
								"north": {"uv": [26, 18], "uv_size": [0.125, 0.5]},
								"east": {"uv": [24, 20], "uv_size": [0.5, 0.5]},
								"west": {"uv": [24, 21], "uv_size": [0.5, 0.5]}
							}
						},
						{
							"origin": [-0.0625, 2.55945, 0.76144],
							"size": [0.125, 0.125, 0.125],
							"pivot": [0, 0, 0],
							"rotation": [-45, 0, 0],
							"uv": {
								"north": {"uv": [27, 20], "uv_size": [0.125, 0.125]},
								"east": {"uv": [21, 27], "uv_size": [0.125, 0.125]},
								"west": {"uv": [27, 21], "uv_size": [0.125, 0.125]},
								"up": {"uv": [22, 27], "uv_size": [0.125, 0.125]},
								"down": {"uv": [27, 22.125], "uv_size": [0.125, -0.125]}
							}
						},
						{
							"origin": [-0.61244, 1.02138, 1.275],
							"size": [1.22487, 0.25, 1.25],
							"uv": {
								"north": {"uv": [23, 16], "uv_size": [1.25, 0.25]},
								"east": {"uv": [23, 17], "uv_size": [1.25, 0.25]},
								"south": {"uv": [19, 23], "uv_size": [1.25, 0.25]},
								"west": {"uv": [23, 22], "uv_size": [1.25, 0.25]},
								"up": {"uv": [10, 16], "uv_size": [1.25, 1.25]},
								"down": {"uv": [12, 17.25], "uv_size": [1.25, -1.25]}
							}
						},
						{
							"origin": [0.16038, 0.28917, -0.51362],
							"size": [0.2, 0.25, 2.2],
							"pivot": [0, 0, 0],
							"rotation": [0, 30, -45],
							"uv": {
								"east": {"uv": [18, 18], "uv_size": [2.25, 0.25]},
								"west": {"uv": [0, 19], "uv_size": [2.25, 0.25]},
								"up": {"uv": [3, 19], "uv_size": [0.25, 2.25]},
								"down": {"uv": [4, 21.25], "uv_size": [0.25, -2.25]}
							}
						},
						{
							"origin": [-0.3584, 0.29015, 0.36436],
							"size": [0.2, 0.25, 2.2],
							"pivot": [0, 0, 0],
							"rotation": [0, 30, -45],
							"uv": {
								"east": {"uv": [5, 19], "uv_size": [2.25, 0.25]},
								"west": {"uv": [8, 19], "uv_size": [2.25, 0.25]},
								"up": {"uv": [11, 19], "uv_size": [0.25, 2.25]},
								"down": {"uv": [12, 21.25], "uv_size": [0.25, -2.25]}
							}
						},
						{
							"origin": [0.95529, 0.28917, 1.275],
							"size": [0.2, 0.25, 1.25],
							"pivot": [0, 0, 0],
							"rotation": [0, 0, -45],
							"uv": {
								"east": {"uv": [23, 23], "uv_size": [1.25, 0.25]},
								"south": {"uv": [19, 26], "uv_size": [0.25, 0.25]},
								"down": {"uv": [21, 24.25], "uv_size": [0.25, -1.25]}
							}
						},
						{
							"origin": [0.1584, 0.29015, 0.36436],
							"size": [0.2, 0.25, 2.2],
							"pivot": [0, 0, 0],
							"rotation": [0, -30, 45],
							"uv": {
								"east": {"uv": [13, 19], "uv_size": [2.25, 0.25]},
								"west": {"uv": [16, 19], "uv_size": [2.25, 0.25]},
								"up": {"uv": [19, 19], "uv_size": [0.25, 2.25]},
								"down": {"uv": [0, 22.25], "uv_size": [0.25, -2.25]}
							}
						},
						{
							"origin": [-0.36038, 0.28917, -0.51362],
							"size": [0.2, 0.25, 2.2],
							"pivot": [0, 0, 0],
							"rotation": [0, -30, 45],
							"uv": {
								"east": {"uv": [5, 20], "uv_size": [2.25, 0.25]},
								"west": {"uv": [8, 20], "uv_size": [2.25, 0.25]},
								"up": {"uv": [1, 20], "uv_size": [0.25, 2.25]},
								"down": {"uv": [2, 22.25], "uv_size": [0.25, -2.25]}
							}
						},
						{
							"origin": [-1.15529, 0.28917, 1.275],
							"size": [0.2, 0.25, 1.25],
							"pivot": [0, 0, 0],
							"rotation": [0, 0, 45],
							"uv": {
								"south": {"uv": [26, 19], "uv_size": [0.25, 0.25]},
								"west": {"uv": [3, 24], "uv_size": [1.25, 0.25]},
								"down": {"uv": [5, 25.25], "uv_size": [0.25, -1.25]}
							}
						}
					]
				},
				{
					"name": "logo_illuminated",
					"parent": "open",
					"pivot": [0, 0, 0],
					"cubes": [
						{
							"origin": [0.51819, -0.34105, -0.525],
							"size": [0.025, 0.4, 0.75],
							"pivot": [0, 0, 0],
							"rotation": [0, 0, -45],
							"uv": {
								"west": {"uv": [0, 0], "uv_size": [30, 16]}
							}
						}
					]
				}
			]
		}
	]
}