{
  "materials": [
    {
      "item": {
        "tag": "forge:ingots/iron"
      },
      "count": 2
    },
    {
      "item": {
        "item": "minecraft:blaze_powder"
      },
      "count": 12
    },
    {
      "item": {
        "tag": "forge:gunpowder"
      },
      "count": 2
    },
    {
      "item": {
        "item": "minecraft:lava_bucket"
      },
      "count": 2
    }
  ],
  "result": {
    "type": "ammo",
    "id": "rcp:t74_fuel",
    "count": 1
  },
  "type": "tacz:gun_smith_table_crafting"
}