{
  "ammo": "tacz:9mm",
  "rpm": 1200,
  "bullet": {
    "life": 0.8,
    "bullet_amount": 1,
    "damage": 4.5,
    "tracer_count_interval": 0,
    "extra_damage": {
      "armor_ignore": 0,
      "head_shot_multiplier": 1.5,
      "damage_adjust": [
        {"distance": 20, "damage": 5},
        {"distance": 45, "damage": 4.5},
        {"distance": "infinite", "damage": 4}
      ]
    },
    "speed": 140,
    "gravity": 0.15,
    "knockback": 0.0,
    "friction": 0.025,
    "ignite": false,
    "pierce": 0
  },
  "ammo_amount": 17,
  "extended_mag_ammo_amount": [
    24,
    33,
    50
  ],
  "bolt": "closed_bolt",
  "reload": {
    "type": "magazine",
    "feed": {
      "empty": 1.63,
      "tactical": 1.05
    },
    "cooldown": {
      "empty": 1.88,
      "tactical": 1.5
    }
  },
  "draw_time": 0.32,
  "put_away_time": 0.35,
  "aim_time": 0.17,
  "sprint_time": 0.05,
  "weight": 2.1,
  "movement_speed": {
    "base": 0.0,
    "aim": 0,
    "reload": 0.1
  },
  "crawl_recoil_multiplier": 0.75,
  "fire_mode": [
    "semi",
    "burst",
    "auto"
  ],
  "fire_mode_adjust": {
    "auto": {
      "damage": 0,
      "rpm": 0,
      "speed": 0,
      "knockback": 0,
      "armor_ignore": 0,
      "head_shot_multiplier": 0,
      "aim_inaccuracy": 0,
      "other_inaccuracy": 0
    },
    "semi": {
      "damage": 9,
      "rpm": -400,
      "speed": 20,
      "knockback": 0.1,
      "armor_ignore": 0.1,
      "head_shot_multiplier": 0.1,
      "aim_inaccuracy": -0.1,
      "other_inaccuracy": -0.5
    },
    "burst": {
      "damage": 0,
      "rpm": 0,
      "speed": 0,
      "knockback": 0,
      "armor_ignore": 0,
      "head_shot_multiplier": 0,
      "aim_inaccuracy": 0,
      "other_inaccuracy": 0
    }
  },
  "burst_data": {
    "continuous_shoot": true,
    "count": 4,
    "bpm": 1000,
    "min_interval": 0.3
  },
  "allow_attachment_types": [
    "scope",
    "muzzle",
    "extended_mag",
    "stock",
    "laser"
  ],
  "recoil": {
    "pitch": [
      {"time": 0, "value": [1.65, 1.65]},
      {"time": 0.02, "value": [1, 1]},
      {"time": 0.05, "value": [1.5, 1.5]},
      {"time": 0.22, "value": [0.1, 0.1]},
      {"time": 0.28, "value": [0.05, 0.05]},
      {"time": 0.35, "value": [0, 0]}
    ],
    "yaw": [
      {"time": 0, "value": [-0.75, 0.5]},
      {"time": 0.2, "value": [0, 0]}
    ]
  },
  "inaccuracy": {
    "stand": 2,
    "move": 1.5,
    "sneak": 1.5,
    "lie": 0.7,
    "aim": 0.1
  }
}