{
  "ammo": "tacz:9mm",
  "rpm": 500,
  "bullet": {
    "life": 0.8,
    "bullet_amount": 1,
    "damage": 5,
    "tracer_count_interval": 0,
    "extra_damage": {
      "armor_ignore": 0,
      "head_shot_multiplier": 1.5,
      "damage_adjust": [
        {"distance": 10, "damage": 5},
        {"distance": 15, "damage": 4.5},
        {"distance": 30, "damage": 3.5},
        {"distance": "infinite", "damage": 2.5}
      ]
    },
    "speed": 140,
    "gravity": 0.15,
    "knockback": 0,
    "friction": 0.035,
    "ignite": false,
    "pierce": 0
  },
  "ammo_amount": 10,
  "extended_mag_ammo_amount": [
    19,
    24,
    33
  ],
  "bolt": "closed_bolt",
  "reload": {
    "type": "magazine",
    "feed": {
      "empty": 1.63,
      "tactical": 1.05
    },
    "cooldown": {
      "empty": 1.88,
      "tactical": 1.5
    }
  },
  "draw_time": 0.29,
  "put_away_time": 0.31,
  "aim_time": 0.1,
  "sprint_time": 0.1,
  "weight": 0.7,
  "movement_speed": {
    "base": 0.0,
    "aim": -0.1,
    "reload": 0.1
  },
  "crawl_recoil_multiplier": 0.80,
  "fire_mode": [
    "semi"
  ],
  "allow_attachment_types": [
    "scope",
    "muzzle",
    "extended_mag"
  ],
  "recoil": {
    "pitch": [
      {"time": 0, "value": [0.40, 0.40]},
      {"time": 0.35, "value": [0.40, 0.40]},
      {"time": 0.6, "value": [-0.165, -0.165]},
      {"time": 0.8, "value": [0.05, 0.05]},
      {"time": 1.0, "value": [0, 0]}
    ],
    "yaw": [
      {"time": 0, "value": [-0.75, 0.5]},
      {"time": 0.2, "value": [0, 0]}
    ]
  },
  "inaccuracy": {
    "stand": 6,
    "move": 6.5,
    "sneak": 4,
    "lie": 1,
    "aim": 0.12
  }
}