{
  "ammo": "glockvar:50gi",
  "rpm": 300,
  "bullet": {
    "life": 0.8,
    "bullet_amount": 1,
    "damage": 15.25,
    "tracer_count_interval": 0,
    "extra_damage": {
      "armor_ignore": 0.2,
      "head_shot_multiplier": 1.6,
      "damage_adjust": [
        {"distance": 15, "damage": 15.25},
        {"distance": 25, "damage": 13.75},
        {"distance": 50, "damage": 11.50},
        {"distance": "infinite", "damage": 10}
      ]
    },
    "speed": 185,
    "gravity": 0.15,
    "knockback": 0.1,
    "friction": 0.032,
    "ignite": false,
    "pierce": 1,
    "explosion": {
      "explode": false,
      "damage": 30,
      "radius": 0.75,
      "knockback": true,
      "delay": 1
    }
  },
  "ammo_amount": 15,
  "extended_mag_ammo_amount": [
    17,
    19,
    23
  ],
  "bolt": "closed_bolt",
  "reload": {
    "type": "magazine",
    "feed": {
      "empty": 1.63,
      "tactical": 1.05
    },
    "cooldown": {
      "empty": 1.88,
      "tactical": 1.5
    }
  },
  "draw_time": 0.32,
  "put_away_time": 0.35,
  "aim_time": 0.15,
  "sprint_time": 0.2,
  "weight": 1.75,
  "movement_speed": {
    "base": 0.0,
    "aim": -0.1,
    "reload": 0
  },
  "crawl_recoil_multiplier": 0.75,
  "fire_mode": [
    "semi"
  ],
  "allow_attachment_types": [
    "extended_mag",
    "muzzle",
    "laser",
    "scope",
    "stock"
  ],
  "recoil": {
    "pitch": [
      {"time": 0, "value": [0.95, 0.95]},
      {"time": 0.4, "value": [0.95, 0.95]},
      {"time": 0.65, "value": [-0.225, -0.225]},
      {"time": 0.85, "value": [0.125, 0.125]},
      {"time": 1.1, "value": [0, 0]},
      {"time": 1.2, "value": [0, 0]}
    ],
    "yaw": [
      {"time": 0, "value": [-0.3, 0.3]},
      {"time": 0.5, "value": [0, 0]}
    ]
  },
  "inaccuracy": {
    "stand": 3.75,
    "move": 4,
    "sneak": 2.1,
    "lie": 1.4,
    "aim": 0.1
  }
}