{
  "ammo": "glockvar:50gi",
  "ammo_amount": 10,
  "extended_mag_ammo_amount": [
    19,
    33,
    50
  ],
  "bolt": "manual_action",
  "rpm": 171,
  "bullet": {
    "life": 0.9,
    "bullet_amount": 1,
    "damage": 25,
    "tracer_count_interval": 0,
    "extra_damage": {
      "armor_ignore": 0.60,
      "head_shot_multiplier": 2,
      "damage_adjust": [
        {"distance": 80, "damage": 25},
        {"distance": 160, "damage": 30},
        {"distance": "infinite", "damage": 46}
      ]
    },
    "speed": 325,
    "gravity": 0.15,
    "knockback": 0,
    "friction": 0.015,
    "ignite": false,
    "pierce": 2.5,
    "explosion": {
      "explode": false,
      "damage": 60,
      "radius": 1.25,
      "knockback": true,
      "delay": 1
    }
  },
  "reload": {
    "type": "magazine",
    "feed": {
      "empty": 2.35,
      "tactical": 1.9333
    },
    "cooldown": {
      "empty": 3.25,
      "tactical": 2.25
    }
  },
  "draw_time": 0.7083,
  "put_away_time": 0.4,
  "aim_time": 0.,
  "sprint_time": 0.4,
  "bolt_action_time": 1.3,
  "weight": 3,
  "movement_speed": {
    "base": 0.0,
    "aim": -0.4,
    "reload": -0.2
  },
  "crawl_recoil_multiplier": 0.25,
  "fire_mode": [
    "semi"
  ],
  "fire_mode_adjust": {
    "semi": {
      "damage": 9,
      "rpm": -400,
      "speed": 20,
      "knockback": 0.1,
      "armor_ignore": 0.1,
      "head_shot_multiplier": 0.1,
      "aim_inaccuracy": -0.1,
      "other_inaccuracy": -0.5
    }
  },
  "recoil": {
    "pitch": [
      {"time": 0, "value": [0, 0]},
      {"time": 0.07, "value": [0, 0]},
      {"time": 0.16, "value": [1, 1]},
      {"time": 0.24, "value": [1, 1]},
      {"time": 0.6, "value": [-0.5, -0.5]},
      {"time": 0.71, "value": [0.25, 0.25]},
      {"time": 0.83, "value": [0, 0]},
      {"time": 0.88, "value": [0, 0]}
    ],
    "yaw": [
      {"time": 0, "value": [0, 0]},
      {"time": 0.08, "value": [0, 0]},
      {"time": 0.17, "value": [-0.10, -0.10]},
      {"time": 0.28, "value": [0.25, 0.25]},
      {"time": 0.5, "value": [0, 0]},
      {"time": 0.8, "value": [0, 0]}
    ]
  },
  "inaccuracy": {
    "stand": 8.5,
    "move": 11,
    "sneak": 6.5,
    "lie": 4.5,
    "aim": 0.05
  },
  // 近战相关
  "melee": {
    // 枪械距离参数，用来延升近战攻击范围
    // 会与刺刀等配件的距离做加和
    "distance": 1,
    // 使用时的冷却时间
    "cooldown": 1.0,
    // 默认近战数据，会被配件的数据替换掉
    "default": {
      // 动画类型：没有枪托的为 melee_push，有枪托的为 melee_stock
      "animation_type": "melee_stock",
      // 刺刀距离参数，枪械里还有个刺刀攻击距离参数，两者做加和
      "distance": 1.25,
      // 刺刀范围角度
      "range_angle": 30,
      // 伤害值
      "damage": 5,
      // 击退效果
      "knockback": 1,
      // 前摇时长，单位：秒
      "prep": 0.1
    }
  },
  "allow_attachment_types": [
    "extended_mag",
    "scope",
    "muzzle",
    "grip",
    "stock",
    "laser"
  ]
}