{
  "ammo": "tacz:9mm",
  "rpm": 300,
  "bullet": {
    "life": 0.8,
    "bullet_amount": 1,
    "damage": 9,
    "tracer_count_interval": 0,
    "extra_damage": {
      "armor_ignore": 0,
      "head_shot_multiplier": 1.5,
      "damage_adjust": [
        {"distance": 15, "damage": 9},
        {"distance": 30, "damage": 8.5},
        {"distance": 45, "damage": 7},
        {"distance": "infinite", "damage": 6.5}
      ]
    },
    "speed": 170,
    "gravity": 0.15,
    "knockback": 0.1,
    "friction": 0.025,
    "ignite": false,
    "pierce": 0.1
  },
  "ammo_amount": 17,
  "extended_mag_ammo_amount": [
    19,
    24,
    33
  ],
  "bolt": "closed_bolt",
  "reload": {
    "type": "magazine",
    "feed": {
      "empty": 1.63,
      "tactical": 1.05
    },
    "cooldown": {
      "empty": 1.88,
      "tactical": 1.5
    }
  },
  "draw_time": 0.4,
  "put_away_time": 0.4,
  "aim_time": 0.17,
  "sprint_time": 0.15,
  "weight": 1.7,
  "movement_speed": {
    "base": 0.0,
    "aim": 0.2,
    "reload": 0.1
  },
  "crawl_recoil_multiplier": 0.75,
  "fire_mode": [
    "semi"
  ],
  "allow_attachment_types": [
    "muzzle",
    "extended_mag",
    "scope",
    "laser",
    "stock"
  ],
  "recoil": {
    "pitch": [
      {"time": 0, "value": [0.75, 0.75]},
      {"time": 0.35, "value": [0.75, 0.75]},
      {"time": 0.6, "value": [-0.200, -0.200]},
      {"time": 0.8, "value": [0.05, 0.05]},
      {"time": 1.0, "value": [0, 0]}
    ],
    "yaw": [
      {"time": 0, "value": [-0.75, 0.5]},
      {"time": 0.2, "value": [0, 0]}
    ]
  },
  "inaccuracy": {
    "stand": 3,
    "move": 3.5,
    "sneak": 1.75,
    "lie": 1,
    "aim": 0.15
  }
}