{
  "ammo": "tacz:45acp",
  "rpm": 1150,
  "bullet": {
    "life": 0.8,
    "bullet_amount": 1,
    "damage": 5,
    "tracer_count_interval": 0,
    "extra_damage": {
      "armor_ignore": 0,
      "head_shot_multiplier": 1.5,
      "damage_adjust": [
        {"distance": 20, "damage": 5},
        {"distance": 45, "damage": 5},
        {"distance": "infinite", "damage": 4}
      ]
    },
    "speed": 190,
    "gravity": 0.15,
    "knockback": 0.1,
    "friction": 0.15,
    "ignite": false,
    "pierce": 0.75
  },
  "ammo_amount": 17,
  "extended_mag_ammo_amount": [
    33,
    40,
    50
  ],
  "bolt": "closed_bolt",
  "reload": {
    "type": "magazine",
    "feed": {
      "empty": 1.63,
      "tactical": 1.05
    },
    "cooldown": {
      "empty": 1.88,
      "tactical": 1.5
    }
  },
  "draw_time": 0.41,
  "put_away_time": 0.4,
  "aim_time": 0.25,
  "sprint_time": 0.5,
  "weight": 4,
  "movement_speed": {
    "base": 0.0,
    "aim": -0.2,
    "reload": 0.25
  },
  "crawl_recoil_multiplier": 1.5,
  "fire_mode": [
    "semi",
    "burst",
    "auto"
  ],
  "fire_mode_adjust": {
    "auto": {
      "damage": 0,
      "rpm": 0,
      "speed": 0,
      "knockback": 0,
      "armor_ignore": 0,
      "head_shot_multiplier": 0,
      "aim_inaccuracy": 0,
      "other_inaccuracy": 0
    },
    "semi": {
      "damage": 9,
      "rpm": -500,
      "speed": 20,
      "knockback": 0.1,
      "armor_ignore": 0.1,
      "head_shot_multiplier": 0.1,
      "aim_inaccuracy": -0.1,
      "other_inaccuracy": -0.5
    },
    "burst": {
      "damage": 0,
      "rpm": -200,
      "speed": 0,
      "knockback": 0,
      "armor_ignore": 0,
      "head_shot_multiplier": 0.2,
      "aim_inaccuracy": 0,
      "other_inaccuracy": 0
    }
  },
  "burst_data": {
    "continuous_shoot": false,
    "count": 4,
    "bpm": 1200,
    "min_interval": 0.3
  },
  "allow_attachment_types": [
    "muzzle",
    "extended_mag",
    "scope",
    "laser",
    "stock"
  ],
  "recoil": {
    "pitch": [
      {"time": 0, "value": [1.65, 1.65]},
      {"time": 0.02, "value": [1, 1]},
      {"time": 0.05, "value": [1.5, 1.5]},
      {"time": 0.22, "value": [0.1, 0.1]},
      {"time": 0.28, "value": [0.05, 0.05]},
      {"time": 0.35, "value": [0, 0]}
    ],
    "yaw": [
      {"time": 0, "value": [-0.75, 0.5]},
      {"time": 0.2, "value": [0, 0]}
    ]
  },
  "inaccuracy": {
    "stand": 3,
    "move": 3.5,
    "sneak": 1.5,
    "lie": 0.5,
    "aim": 0.2
  }
}