{
	"format_version": "1.12.0",
	"minecraft:geometry": [
		{
			"description": {
				"identifier": "geometry.unknown",
				"texture_width": 32,
				"texture_height": 32,
				"visible_bounds_width": 2,
				"visible_bounds_height": 1.5,
				"visible_bounds_offset": [0, 0.25, 0]
			},
			"bones": [
				{
					"name": "root",
					"pivot": [-6.20506, -0.00506, -1.89585],
					"cubes": [
						{
							"origin": [-4.95506, -0.00506, -5.95176],
							"size": [0.71012, 0.71012, 1.31373],
							"pivot": [-4.95506, -0.00506, -4.45835],
							"rotation": [-90, 45, 0],
							"uv": {
								"north": {"uv": [18, 5], "uv_size": [0.5, 0.5]},
								"east": {"uv": [17, 14], "uv_size": [1.5, 0.5]},
								"south": {"uv": [18, 6], "uv_size": [0.5, 0.5]},
								"west": {"uv": [17, 15], "uv_size": [1.5, 0.5]},
								"up": {"uv": [17, 16], "uv_size": [0.5, 1.5]},
								"down": {"uv": [18, 4.5], "uv_size": [0.5, -1.5]}
							}
						},
						{
							"origin": [-4.88767, 0.06233, -4.63803],
							"size": [0.57536, 0.57536, 0.08984],
							"pivot": [-4.95506, -0.00506, -4.45835],
							"rotation": [-90, 45, 0],
							"uv": {
								"east": {"uv": [18, 7], "uv_size": [0.5, 0.5]},
								"west": {"uv": [18, 8], "uv_size": [0.5, 0.5]},
								"up": {"uv": [12, 18], "uv_size": [0.5, 0.5]},
								"down": {"uv": [18, 12.5], "uv_size": [0.5, -0.5]}
							}
						},
						{
							"origin": [-4.95506, -0.00506, -4.54819],
							"size": [0.71012, 0.71012, 0.08984],
							"pivot": [-4.95506, -0.00506, -4.45835],
							"rotation": [-90, 45, 0],
							"uv": {
								"north": {"uv": [13, 18], "uv_size": [0.5, 0.5]},
								"east": {"uv": [18, 13], "uv_size": [0.5, 0.5]},
								"south": {"uv": [15, 18], "uv_size": [0.5, 0.5]},
								"west": {"uv": [16, 18], "uv_size": [0.5, 0.5]},
								"up": {"uv": [18, 16], "uv_size": [0.5, 0.5]},
								"down": {"uv": [17, 18.5], "uv_size": [0.5, -0.5]}
							}
						},
						{
							"origin": [-4.89647, 0.05353, -6.34239],
							"size": [0.59294, 0.59294, 0.39063],
							"pivot": [-4.95506, -0.00506, -4.45835],
							"rotation": [-90, 45, 0],
							"uv": {
								"north": {"uv": [18, 17], "uv_size": [0.5, 0.5]},
								"east": {"uv": [18, 18], "uv_size": [0.5, 0.5]},
								"south": {"uv": [19, 3], "uv_size": [0.5, 0.5]},
								"west": {"uv": [19, 4], "uv_size": [0.5, 0.5]},
								"up": {"uv": [19, 5], "uv_size": [0.5, 0.5]},
								"down": {"uv": [19, 6.5], "uv_size": [0.5, -0.5]}
							}
						},
						{
							"origin": [-4.81834, 0.13166, -6.49864],
							"size": [0.43669, 0.43669, 0.15625],
							"pivot": [-4.95506, -0.00506, -4.45835],
							"rotation": [-90, 45, 0],
							"uv": {
								"north": {"uv": [19, 7], "uv_size": [0.5, 0.5]},
								"east": {"uv": [19, 8], "uv_size": [0.5, 0.5]},
								"south": {"uv": [9, 19], "uv_size": [0.5, 0.5]},
								"west": {"uv": [10, 19], "uv_size": [0.5, 0.5]},
								"up": {"uv": [11, 19], "uv_size": [0.5, 0.5]},
								"down": {"uv": [19, 11.5], "uv_size": [0.5, -0.5]}
							}
						},
						{
							"origin": [-4, 0, -3],
							"size": [12, 2.5, 6],
							"uv": {
								"north": {"uv": [0, 12], "uv_size": [12, 2.5]},
								"east": {"uv": [12, 3], "uv_size": [6, 2.5]},
								"south": {"uv": [12, 0], "uv_size": [12, 2.5]},
								"west": {"uv": [12, 6], "uv_size": [6, 2.5]},
								"up": {"uv": [0, 0], "uv_size": [12, 6]},
								"down": {"uv": [0, 12], "uv_size": [12, -6]}
							}
						},
						{
							"origin": [-6.5, 0.0625, -2.75],
							"size": [2.5, 1.25, 5.5],
							"uv": {
								"north": {"uv": [9, 17], "uv_size": [2.5, 1.5]},
								"east": {"uv": [3, 15], "uv_size": [5.5, 1.5]},
								"south": {"uv": [17, 9], "uv_size": [2.5, 1.5]},
								"west": {"uv": [9, 15], "uv_size": [5.5, 1.5]},
								"up": {"uv": [12, 9], "uv_size": [2.5, 5.5]},
								"down": {"uv": [0, 20.5], "uv_size": [2.5, -5.5]}
							}
						},
						{
							"origin": [-4, 0, 3],
							"size": [2, 2.5, 0],
							"pivot": [-4, 2.5, 3],
							"rotation": [0, -135, 0],
							"uv": {
								"north": {"uv": [15, 9], "uv_size": [2, 2.5]},
								"south": {"uv": [15, 12], "uv_size": [2, 2.5]}
							}
						},
						{
							"origin": [-7.41421, 0, 4.41421],
							"size": [2, 2.5, 0],
							"pivot": [-5.41421, 2.5, 4.41421],
							"rotation": [0, 135, 0],
							"uv": {
								"north": {"uv": [15, 15], "uv_size": [2, 2.5]},
								"south": {"uv": [3, 17], "uv_size": [2, 2.5]}
							}
						},
						{
							"origin": [-5.99929, 0, 5.82772],
							"size": [2, 2.5, 0],
							"pivot": [-3.99929, 2.5, 5.82772],
							"rotation": [0, -135, 0],
							"uv": {
								"north": {"uv": [5, 17], "uv_size": [2, 2.5]},
								"south": {"uv": [7, 17], "uv_size": [2, 2.5]}
							}
						},
						{
							"origin": [-6.20506, -0.00506, -4.13926],
							"size": [0.71012, 0.71012, 2.12623],
							"pivot": [-6.20506, -0.00506, -1.89585],
							"rotation": [-90, 45, 0],
							"uv": {
								"north": {"uv": [12, 19], "uv_size": [0.5, 0.5]},
								"east": {"uv": [17, 11], "uv_size": [2, 0.5]},
								"south": {"uv": [19, 12], "uv_size": [0.5, 0.5]},
								"west": {"uv": [12, 17], "uv_size": [2, 0.5]},
								"up": {"uv": [17, 12], "uv_size": [0.5, 2]},
								"down": {"uv": [14, 19], "uv_size": [0.5, -2]}
							}
						},
						{
							"origin": [-6.20506, -0.00506, -2.88926],
							"size": [0.71012, 0.71012, 2.12623],
							"pivot": [-6.20506, -0.00506, -0.64585],
							"rotation": [-90, 45, 0],
							"uv": {
								"north": {"uv": [12, 19], "uv_size": [0.5, 0.5]},
								"east": {"uv": [17, 11], "uv_size": [2, 0.5]},
								"south": {"uv": [19, 12], "uv_size": [0.5, 0.5]},
								"west": {"uv": [12, 17], "uv_size": [2, 0.5]},
								"up": {"uv": [17, 12], "uv_size": [0.5, 2]},
								"down": {"uv": [14, 19], "uv_size": [0.5, -2]}
							}
						},
						{
							"origin": [-6.20506, -0.00506, -1.63926],
							"size": [0.71012, 0.71012, 2.12623],
							"pivot": [-6.20506, -0.00506, 0.60415],
							"rotation": [-90, 45, 0],
							"uv": {
								"north": {"uv": [12, 19], "uv_size": [0.5, 0.5]},
								"east": {"uv": [17, 11], "uv_size": [2, 0.5]},
								"south": {"uv": [19, 12], "uv_size": [0.5, 0.5]},
								"west": {"uv": [12, 17], "uv_size": [2, 0.5]},
								"up": {"uv": [17, 12], "uv_size": [0.5, 2]},
								"down": {"uv": [14, 19], "uv_size": [0.5, -2]}
							}
						},
						{
							"origin": [-6.20506, -0.00506, -0.38926],
							"size": [0.71012, 0.71012, 2.12623],
							"pivot": [-6.20506, -0.00506, 1.85415],
							"rotation": [-90, 45, 0],
							"uv": {
								"north": {"uv": [12, 19], "uv_size": [0.5, 0.5]},
								"east": {"uv": [17, 11], "uv_size": [2, 0.5]},
								"south": {"uv": [19, 12], "uv_size": [0.5, 0.5]},
								"west": {"uv": [12, 17], "uv_size": [2, 0.5]},
								"up": {"uv": [17, 12], "uv_size": [0.5, 2]},
								"down": {"uv": [14, 19], "uv_size": [0.5, -2]}
							}
						},
						{
							"origin": [-4.95506, -0.00506, -4.13926],
							"size": [0.71012, 0.71012, 2.12623],
							"pivot": [-4.95506, -0.00506, -1.89585],
							"rotation": [-90, 45, 0],
							"uv": {
								"north": {"uv": [12, 19], "uv_size": [0.5, 0.5]},
								"east": {"uv": [17, 11], "uv_size": [2, 0.5]},
								"south": {"uv": [19, 12], "uv_size": [0.5, 0.5]},
								"west": {"uv": [12, 17], "uv_size": [2, 0.5]},
								"up": {"uv": [17, 12], "uv_size": [0.5, 2]},
								"down": {"uv": [14, 19], "uv_size": [0.5, -2]}
							}
						},
						{
							"origin": [-4.95506, -0.00506, -2.88926],
							"size": [0.71012, 0.71012, 2.12623],
							"pivot": [-4.95506, -0.00506, -0.64585],
							"rotation": [-90, 45, 0],
							"uv": {
								"north": {"uv": [12, 19], "uv_size": [0.5, 0.5]},
								"east": {"uv": [17, 11], "uv_size": [2, 0.5]},
								"south": {"uv": [19, 12], "uv_size": [0.5, 0.5]},
								"west": {"uv": [12, 17], "uv_size": [2, 0.5]},
								"up": {"uv": [17, 12], "uv_size": [0.5, 2]},
								"down": {"uv": [14, 19], "uv_size": [0.5, -2]}
							}
						},
						{
							"origin": [-4.95506, -0.00506, -1.63926],
							"size": [0.71012, 0.71012, 2.12623],
							"pivot": [-4.95506, -0.00506, 0.60415],
							"rotation": [-90, 45, 0],
							"uv": {
								"north": {"uv": [12, 19], "uv_size": [0.5, 0.5]},
								"east": {"uv": [17, 11], "uv_size": [2, 0.5]},
								"south": {"uv": [19, 12], "uv_size": [0.5, 0.5]},
								"west": {"uv": [12, 17], "uv_size": [2, 0.5]},
								"up": {"uv": [17, 12], "uv_size": [0.5, 2]},
								"down": {"uv": [14, 19], "uv_size": [0.5, -2]}
							}
						},
						{
							"origin": [-4.95506, -0.00506, -0.38926],
							"size": [0.71012, 0.71012, 2.12623],
							"pivot": [-4.95506, -0.00506, 1.85415],
							"rotation": [-90, 45, 0],
							"uv": {
								"north": {"uv": [12, 19], "uv_size": [0.5, 0.5]},
								"east": {"uv": [17, 11], "uv_size": [2, 0.5]},
								"south": {"uv": [19, 12], "uv_size": [0.5, 0.5]},
								"west": {"uv": [12, 17], "uv_size": [2, 0.5]},
								"up": {"uv": [17, 12], "uv_size": [0.5, 2]},
								"down": {"uv": [14, 19], "uv_size": [0.5, -2]}
							}
						}
					]
				},
				{
					"name": "positioning",
					"pivot": [-3.025, -8.95, -11.225]
				},
				{
					"name": "ground",
					"parent": "positioning",
					"pivot": [0, 0, 0]
				},
				{
					"name": "fixed",
					"parent": "positioning",
					"pivot": [0, 6, 0]
				},
				{
					"name": "thirdperson_hand",
					"parent": "positioning",
					"pivot": [-0.025, 1.55, -0.225],
					"rotation": [0, -90, 0]
				}
			]
		}
	]
}