{
  "model": "the_continental:gun/fn57.geo",
  "texture": "the_continental:gun/uv/fn57",
  "lod": {
    "model": "the_continental:gun/lod/fn57",
    "texture": "the_continental:gun/lod/fn57"
  },
  "hud": "the_continental:gun/hud/fn57",
  "slot": "the_continental:gun/slot/fn57",
  "animation": "the_continental:fn57",
  "use_default_animation": "pistol",
  "player_animator_3rd": "the_continental:pistol_default.player_animation",
  "transform": {
    "scale": {
      "thirdperson": [0.6, 0.6, 0.6],
      "ground": [0.6, 0.6, 0.6],
      "fixed": [1.2, 1.2, 1.2]
    }
  },
  "shell": {
    "initial_velocity": [8.0, 5.0, -0.5],
    "random_velocity": [2.5, 1.5, 0.25],
    "acceleration": [0.0, -20, 0.0],
    "angular_velocity": [360, -720, 90],
    "living_time": 1.0
  },
  "muzzle_flash": {
    "texture": "tacz:flash/common_muzzle_flash",
    "scale": 0.4
  },
  "sounds": {
    "reload_empty": "the_continental:p320/p320_reload_empty",
    "reload_tactical": "the_continental:p320/p320_reload_tactical",
    "inspect": "the_continental:p320/p320_inspect",
    "inspect_empty": "the_continental:p320/p320_inspect_empty",
    "draw": "the_continental:p320/p320_draw",
    "put_away": "the_continental:p320/p320_put_away",
    "shoot": "the_continental:fn57/fn57_shoot",
    "shoot_3p": "the_continental:fn57/fn57_shoot_3p",
    "silence": "the_continental:fn57/fn57_silence",
    "silence_3p": "the_continental:fn57/fn57_silence_3p"
  },
  "offhand_show": {
    "pos": [4, 13, -1],
    "rotate": [-90, -35, 90],
    "scale": [0.5, 0.5, 0.5]
  },
  "hotbar_show": {
    "0": {
      "pos": [-5, 13, -1],
      "rotate": [-90, -35, 90],
      "scale": [0.5, 0.5, 0.5]
    }
  }
}