{
    "ammo": "tacz:45acp",
    "rpm": 400,
    "bullet": {
      "life": 0.6,
      "bullet_amount": 1,
      "damage": 10,
      "tracer_count_interval": 0,
      "extra_damage": {
        "armor_ignore": 0.2,
        "head_shot_multiplier": 1.5,
        "damage_adjust": [
          {"distance": 10.5, "damage": 11},
          {"distance": 15.5, "damage": 10},
          {"distance": 24.5, "damage": 7},
          {"distance": 44.5, "damage": 6},
          {"distance": "infinite", "damage": 5.5}
        ]
      },
      "speed": 185,
      "gravity": 0.15,
      "knockback": 0,
      "friction": 0.035,
      "ignite": false,
      "pierce": 1
    },
    "ammo_amount": 8,
    "extended_mag_ammo_amount": [
      11,
      14,
      17
    ],
    "bolt": "closed_bolt",
    "reload": {
      "type": "magazine",
      "feed": {
        "empty": 1.63,
        "tactical": 1.05
      },
      "cooldown": {
        "empty": 1.88,
        "tactical": 1.5
      }
    },
    "draw_time": 0.6,
    "put_away_time": 0.25,
    "aim_time": 0.16,
    "sprint_time": 0.05,
    "weight": 1.15,
    "movement_speed": {
      "base": 0.0,
      "aim": 0,
      "reload": 0.1
    },
    "crawl_recoil_multiplier": 0.5,
    "fire_mode": [
      "semi"
    ],
    "allow_attachment_types": [
      "scope",
      "muzzle",
      "extended_mag",
      "laser"
    ],
    "recoil": {
      "pitch": [
        {"time": 0, "value": [1, 1]},
        {"time": 0.15, "value": [1, 1]},
        {"time": 0.4, "value": [-0.15, -0.05]},
        {"time": 0.6, "value": [0.15, 0.2]},
        {"time": 1.0, "value": [0, 0]}
      ],
      "yaw": [
        {"time": 0, "value": [-0.2, 0.2]},
        {"time": 0.45, "value": [0, 0]}
      ]
    },
    "inaccuracy": {
      "stand": 2.25,
      "move": 2.75,
      "sneak": 2,
      "lie": 0.7,
      "aim": 0.15
    }
  }