{
    "model": "yeet:gun/shg43at_geo",
    "texture": "yeet:gun/uv/shg43at",
    "slot": "yeet:gun/slot/shg43at",
    "hud": "yeet:gun/hud/shg43at",
    "state_machine": "yeet:grenade_state_machine",
    "iron_zoom": 1.0,
    "show_crosshair": true,
    "transform": {
        "scale": {
            "thirdperson": [
                1,
                1,
                1
            ],
            "ground": [
                1,
                1,
                1
            ],
            "fixed": [
                1,
                1,
                1
            ]
        }
    },
    "offhand_show": {
        "pos": [0, 15, -3.5],
        "rotate": [0, 0, 10],
        "scale": [0, 0, 0]
    },
    "hotbar_show": {
        "0": {
            "pos": [4, 24, 4],
            "rotate": [-90, -5, -90],
            "scale": [0, 0, 0]
        }
    },
    "third_person_animation": "default",
    "sounds": {
    },
    "shell": {
        "initial_velocity": [5, 2, 1],
        "random_velocity": [1, 1, 0.25],
        "acceleration": [0.0, -10, 0.0],
        "angular_velocity": [360, -1200, 90],
        "living_time": 1.0
    },
    "muzzle_flash": {
      "texture": "tacz:flash/common_muzzle_flash",
      "scale": 0
    },
    "animation": "yeet:shg43",
    "use_default_animation": "rifle"
}