{
  "ammo": "bf1:fuel",
  "rpm": 666,
  "bullet": {
    "life": 0.5,
    "bullet_amount": 5,
    "extra_damage": {
      "armor_ignore": 0.7,
      "head_shot_multiplier": 1,
      "damage_adjust": [
        {"distance": 24,"damage": 3},
        {"distance": "infinite","damage": 2.5}
      ]
    },
    "speed": 80,
    "gravity": 0,
    "knockback": 0,
    "friction": 0.33,
    "ignite": {
      "entity": true,
      "block": false
    },
    "ignite_entity_time": 6,
    "pierce": 3
  },
  "ammo_amount": 100,
  "bolt": "open_bolt",
  "reload": {
    "type": "fuel",
    "feed": {
      "empty": 0.1,
      "tactical": 0.1
    },
    "cooldown": {
      "empty": 0.2,
      "tactical": 0.2
    }
  },
  "can_slide": false,
  "draw_time": 0.5,
  "put_away_time": 0.4,
  "aim_time": 0.1,
  "sprint_time": 0.21,
  "weight": 2,
  "movement_speed": {
    "base": 0,
    "aim": -0.1,
    "reload": 0
  },

  "fire_mode": [
    "auto"
  ],
  "allow_attachment_types": [
    //"extended_mag"
  ],
  "recoil": {
    "pitch": [
      {"time": 0,"value": [ -0.1, 0.1 ]},
      {"time": 0.25,"value": [ 0, 0 ]}
    ],
    "yaw": [
      {"time": 0,"value": [ -0.25, 0.25 ]},
      {"time": 0.25,"value": [ 0, 0 ]}
    ]
  },
  "inaccuracy": {
    "stand": 4,
    "move": 4,
    "sneak": 4,
    "lie": 4,
    "aim": 4
  }

}