{
  "ammo": "tacz:30_06",
  "ammo_amount": 4,
  "bolt": "manual_action",
  "rpm": 328,
  "bullet": {
    "life": 1,
    "bullet_amount": 1,
    "tracer_count_interval": 0,
    "extra_damage": {
      "armor_ignore": 0.50,
      "head_shot_multiplier": 2,
      "damage_adjust": [
        {"distance": 40, "damage": 20},
        {"distance": 75, "damage": 19},
        {"distance": 90, "damage": 18},
        {"distance": 120, "damage": 17},
        {"distance": "infinite", "damage": 16}
      ]
    },
    "speed": 232,
    "gravity": 0.15,
    "knockback": 0.1,
    "friction": 0.015,
    "ignite": false,
    "pierce": 2,
    "explosion": {
      "explode": false,
      "damage": 60,
      "radius": 1.25,
      "knockback": true,
      "delay": 1
    }
  },
  "reload": {
    "type": "magazine"
    /*
    "feed": {
      "empty": 1.42,
      "tactical": 2.15
    },
    "cooldown": {
      "empty": 2.6,
      "tactical": 3.35
    }
      */
  },
  "draw_time": 0.7,
  "put_away_time": 0.43,
  "aim_time": 0.12,
  "sprint_time": 0.2,
  "bolt_action_time": 0.53,
  "weight": 3.78,
  "movement_speed": {
    "base": 0.0,
    "aim": -0.1,
    "reload": -0.1
  },
  "crawl_recoil_multiplier": 0.25,
  "fire_mode": [
    "semi"
  ],
  "recoil": {
    "pitch": [
      {"time": 0, "value": [1.5, 1.75]},
      {"time": 0.32, "value": [2, 2]},
      {"time": 0.57, "value": [0, 0]},
      {"time": 0.82, "value": [0.25, 0.25]},
      {"time": 1.17, "value": [0, 0]}
    ],
    "yaw": [
      {"time": 0, "value": [-0.4, 0.4]},
      {"time": 0.32, "value": [-0.2, 0.2]},
      {"time": 0.57, "value": [0, 0]}
    ]
  },
  "inaccuracy": {
    "stand": 8.5,
    "move": 11,
    "sneak": 6.5,
    "lie": 4.5,
    "aim": 0.08
  },
  "melee": {
    "distance": 1,
    "cooldown": 1.0,
    "default": {
      "animation_type": "melee_stock",
      "distance": 1.5,
      "range_angle": 30,
      "damage": 6,
      "knockback": 1.2,
      "prep": 0.42
    }
  },
  "allow_attachment_types": [
//    "extended_mag",
    "scope",
//    "stock",
    "muzzle"
//    "grip",
//    "laser"
  ],
  "script": "bf1:man_m95_logic",
  "script_param": {
    "reload_tactical_feed": 2.10,
    "reload_tactical_cooldown": 3.23,
    "reload_empty_feed": 1.38,
    "reload_empty_cooldown": 2.57
  }
}