{
  "ammo": "tacz:762x54",
  "rpm": 275,
  "ammo_amount": 4,
  "bullet": {
    "life": 0.8,
    "bullet_amount": 1,
    "tracer_count_interval": 0,
    "extra_damage": {
      "armor_ignore": 0.5,
      "head_shot_multiplier": 2.5,
      "damage_adjust": [
        {"distance": 12, "damage": 20},
        {"distance": 16, "damage": 19},
        {"distance": 20, "damage": 18},
        {"distance": 24, "damage": 15},
        {"distance": 32, "damage": 12},
        {"distance": 40, "damage": 8},
        {"distance": "infinite", "damage": 6}
      ]
    },
    "speed": 146,
    "gravity": 0.15,
    "knockback": 0.2,
    "friction": 0.03,
    "ignite": false,
    "pierce": 2,
    "explosion": {
      "explode": false,
      "damage": 30,
      "radius": 0.75,
      "knockback": true,
      "delay": 1
    }
  },
  "bolt": "manual_action",
  /*
  "reload": {
    "type": "magazine",
    "feed": {
      "empty": 1.67,
      "tactical": 1.2
    },
    "cooldown": {
      "empty": 2,
      "tactical": 1.64
    }
  },
  "bolt_action_time": 0.8,
  */
  "can_slide": false,
  "draw_time": 0.35,
  "put_away_time": 0.33,
  "aim_time": 0.12,
  "sprint_time": 0.1,
  "weight": 2.5,
  "movement_speed": {
    "base": 0.0,
    "aim": -0.1,
    "reload": 0
  },
  "crawl_recoil_multiplier": 0.75,
  "fire_mode": [
    "semi"
  ],
  "allow_attachment_types": [
    "scope",
    "muzzle",
    "extended_mag",
    "laser"
  ],
  "recoil": {
    "pitch": [
      {"time": 0,"value": [ 3.5, 4 ]},
      {"time": 0.5,"value": [ 3, 3.5 ]},
      {"time": 0.57,"value": [ 0.8, 1.0 ]},
      {"time": 0.7,"value": [ -0.5, 0 ]},
      {"time": 0.8,"value": [ -0.1, 0 ]},
      {"time": 1,"value": [ 0, 0 ]}
    ],
    "yaw": [
      {"time": 0,"value": [ -1.25, 1.25 ]},
      {"time": 0.5,"value": [ -0.6, 0.6 ]},
      {"time": 0.7,"value": [ -0.2, 0.2 ]}
    ]
  },
  "inaccuracy": {
    "stand": 2,
    "move": 3,
    "sneak": 1.5,
    "lie": 1.5,
    "aim": 1
  },
  "script": "bf1:clip_gun_logic",
  "script_param": {
    "bolt_time": 0.8,
    "bolt_feed_time": 0.67,
    "intro_empty": 3.1,
    "intro": 1.07,
    "loop": 0.47,
    "ending": 1,
    "intro_empty_feed": 1.43,
    "loop_feed": 0.3
  }
}