{
  "script": "bf1:rorsch_logic",
  "ammo": "tacz:30_06",
  "ammo_amount": 15,
  "extended_mag_ammo_amount": [
    18,
    20,
    24
  ],
  "bolt": "open_bolt",
  "rpm": 1200,
  "bullet": {
    "life": 0.25,
    "bullet_amount": 1,
    "tracer_count_interval": 0,
    "extra_damage": {
      "armor_ignore": 0.6,
      "head_shot_multiplier": 2, 
      "damage_adjust": [
        {"distance": 72, "damage": 25},
        {"distance": 96, "damage": 24},
        {"distance": 128, "damage": 22},
        {"distance": 180, "damage": 20},
        {"distance": "infinite", "damage": 18}
      ]
    },
    "speed": 1800,
    "gravity": 0.05,
    "knockback": 0.2,
    "friction": 0.5,
    "ignite": false,
    "pierce": 5
  },
  "reload": {
    "type": "magazine",
    "feed": {
      "empty": 1.9,
      "tactical": 1.9
    },
    "cooldown": {
      "empty": 3.0,
      "tactical": 2.5
    }
  },
  "draw_time": 0.5,
  "put_away_time": 0.75,
  "aim_time": 0.125,
  "sprint_time": 0.22,
  "weight": 8,
  "movement_speed": {
    "base": 0.05,
    "aim": -0.1,
    "reload": -0.1
  },
  "heat":  {
  },
  "crawl_recoil_multiplier": 0.2,
  "fire_mode": [
    "auto"
  ],
  "recoil": {
    "pitch": [
      {"time": 0, "value": [0, 0]},
      {"time": 1, "value": [0, 0]}
    ],
    "yaw": [
      {"time": 0, "value": [0, 0]},
      {"time": 1, "value": [0, 0]}
    ]
  },
  "inaccuracy": {
    "stand": 3,
    "move": 4,
    "sneak": 2,
    "lie": 1.5,
    "aim": 0.01
  },
  "allow_attachment_types": [
    "scope",
    "laser",
    "extended_mag"
  ]
}