{
  "ammo": "tacz:50bmg",
  "ammo_amount": 1,
  "bolt": "open_bolt",
  "rpm": 90,
  "bullet": {
    "life": 1,
    "bullet_amount": 1,
    "tracer_count_interval": 0,
    "extra_damage": {
      "armor_ignore": 0.9,
      "head_shot_multiplier": 3,
      "damage_adjust": [
        {"distance": 100, "damage": 100},
        {"distance": 120, "damage": 95},
        {"distance": 150, "damage": 90},
        {"distance": "infinite", "damage": 80}
      ]
    },
    "speed": 292,
    "gravity": 0.1,
    "knockback": 1,
    "friction": 0.01,
    "ignite": false,
    "pierce": 8
  },
  "reload": {
    "type": "magazine",
    "feed": {
      "empty": 1.5,
      "tactical": 0
    },
    "cooldown": {
      "empty": 3.42,
      "tactical": 0
    }
  },
  "can_slide": false,
  "draw_time": 1.25,
  "put_away_time": 1.25,
  "aim_time": 0.25,
  "sprint_time": 0.35,
  "weight": 15.8,
  "movement_speed": {
    "base": 0.15,
    "aim": -0.2,
    "reload": 0
  },
  "fire_mode": [
    "semi"
  ],
  "recoil": {
    "pitch": [
      {
        "time": 0,
        "value": [ 4, 4 ]
      },
      {
        "time": 0.8,
        "value": [ 1, 1 ]
      },
      {
        "time": 1.3,
        "value": [ 0.25, 0.25 ]
      },
      {
        "time": 1.6,
        "value": [ 0, 0 ]
      }
    ],
    "yaw": [
      {
        "time": 0,
        "value": [ -2, -2 ]
      },
      {
        "time": 0.32,
        "value": [ -3, -3 ]
      },
      {
        "time": 0.5,
        "value": [ -2, -2 ]
      },
      {
        "time": 0.6,
        "value": [ -1, -1 ]
      },
      {
        "time": 1,
        "value": [ -0.25, -0.25 ]
      },
      {
        "time": 1.4,
        "value": [ 0, 0 ]
      }
    ]
  },
  "inaccuracy": {
    "stand": 8,
    "move": 12,
    "sneak": 2,
    "lie": 2,
    "aim": 0.01
  },
  "allow_attachment_types": [
    "scope",
    "grip",
    "muzzle",
    "extended_mag"
  ]
}