{
  "ammo": "tacz:9mm",
  "rpm": 450,
  "bullet": {
    "life": 0.8,
    "bullet_amount": 1,
    "damage": 6,
    "tracer_count_interval": 0,
    "extra_damage": {
      "armor_ignore": 0.25,
      "head_shot_multiplier": 2,
      "damage_adjust": [
        {"distance": 8, "damage": 10},
        {"distance": 16, "damage": 9},
        {"distance": 24, "damage": 8},
        {"distance": 32, "damage": 7},
        {"distance": 48, "damage": 6},
        {"distance": "infinite", "damage": 5}
      ]
    },
    "speed": 120,
    "gravity": 0.15,
    "knockback": 0,
    "friction": 0.025,
    "ignite": false,
    "pierce": 1
  },
  "ammo_amount": 6,
  "bolt": "manual_action",
  "bolt_action_time": 1.2,
  "reload": {
    "type": "magazine",
    "feed": {
      "empty": 1.33,
      "tactical": 1.33
    },
    "cooldown": {
      "empty": 3.4,
      "tactical": 2.2
    }
  },
  "can_slide": false,
  "draw_time": 0.3,
  "put_away_time": 0.3,
  "aim_time": 0.12,
  "sprint_time": 0.1,
  "weight": 1,
  "movement_speed": {
    "base": 0.0,
    "aim": 0,
    "reload": 0.1
  },
  "crawl_recoil_multiplier": 0.75,
  "fire_mode": [
    "semi"
  ],
  "allow_attachment_types": [
    "scope"
  ],
  "recoil": {
    "pitch": [
      {"time": 0, "value": [1, 1]},
      {"time": 0.1, "value": [1, 1]},
      {"time": 0.5, "value": [0.05, 0.05]},
      {"time": 0.6, "value": [0, 0]}
    ],
    "yaw": [
      {"time": 0, "value": [-0.3, 0.3]},
      {"time": 0.25, "value": [0, 0]}
    ]
  },
  "inaccuracy": {
    "stand": 1.2,
    "move": 2.4,
    "sneak": 1.2,
    "lie": 0.5,
    "aim": 0.2
  },
    "fire_sound": {
    "fire_multiplier": 0.125,
    "silence_multiplier": 0.125
  }
}