{
  "ammo": "bf1:fuel",
  "rpm": 666,
  "bullet": {
    "life": 0.5,
    "bullet_amount": 6,
    "extra_damage": {
      "armor_ignore": 0.8,
      "head_shot_multiplier": 1,
      "damage_adjust": [
        {"distance": 16,"damage": 3.6},
        {"distance": "infinite","damage": 3.2}
      ]
    },
    "speed": 50,
    "gravity": 0,
    "knockback": 0.1,
    "friction": 0.33,
    "ignite": {
      "entity": true,
      "block": true
    },
    "ignite_entity_time": 8,
    "pierce": 3
  },
  "ammo_amount": 200,
  "bolt": "open_bolt",
  "reload": {
    "type": "fuel",
    "feed": {
      "empty": 3.3,
      "tactical": 3.3
    },
    "cooldown": {
      "empty": 4.13,
      "tactical": 4.13
    }
  },
  "draw_time": 1.2,
  "put_away_time": 1.2,
  "aim_time": 0.13,
  "sprint_time": 0.21,
  "weight": 15,
  "movement_speed": {
    "base": 0.1,
    "aim": -0.1,
    "reload": 0
  },
  "heat":  {
    "max": 80,
    "per_shot": 1,
    "cooling_multiplier": 10,
    "cooling_delay": 200,
    "over_heat_time": 3000,
    "min_inaccuracy": 1,
    "max_inaccuracy": 1,
    "min_rpm_mod": 1,
    "max_rpm_mod": 1
  },
  "fire_mode": [
    "auto"
  ],
  "allow_attachment_types": [
 //   "extended_mag"
  ],
  "recoil": {
    "pitch": [
      {"time": 0,"value": [ -0.2, 0.2 ]},
      {"time": 0.25,"value": [ 0, 0 ]}
    ],
    "yaw": [
      {"time": 0, "value": [ -0.5, 0.5 ]},
      {"time": 0.3,"value": [ -0.15, 0.15 ]}
    ]
  },
  "inaccuracy": {
    "stand": 5,
    "move": 5,
    "sneak": 5,
    "lie": 5,
    "aim": 5
  },
  "script": "bf1:preheat_logic"
}