{
  "ammo": "tacz:9mm",
  "ammo_amount": 30,
  "extended_mag_ammo_amount": [
    32,
    35,
    40
  ],
  "bolt": "open_bolt",
  "rpm": 514,
  "bullet": {
    "life": 0.8,
    "bullet_amount": 1,
    "tracer_count_interval": 0,
    "extra_damage": {
      "armor_ignore": 0.25,
      "head_shot_multiplier": 1.5,
      "damage_adjust": [
        {"distance": 12, "damage": 7.5},
        {"distance": 24, "damage": 7},
        {"distance": 32, "damage": 6.5},
        {"distance": 48, "damage": 6},
        {"distance": 64, "damage": 5},
        {"distance": "infinite", "damage": 4}
      ]
    },
    "speed": 180,
    "gravity": 0.15,
    "knockback": 0,
    "friction": 0.02,
    "pierce": 1
  },
  "reload": {
    "type": "magazine",
    "feed": {
      "empty": 1,
      "tactical": 1
    },
    "cooldown": {
      "empty": 2.6,
      "tactical": 2.2
    }
  },
  "draw_time": 0.4,
  "put_away_time": 0.4,
  "aim_time": 0.11,
  "sprint_time": 0.12,
  "weight": 4.53,
  "movement_speed": {
    "base": 0,
    "aim": -0.1,
    "reload": -0.1
  },
  "fire_mode": [
    "auto",
    "burst",
    "semi"
  ],
  "fire_mode_adjust": {
    "burst": {
      "damage": -1.5,
      "rpm": 206,
      "speed": 0,
      "knockback": 0,
      "armor_ignore": -0.1,
      "head_shot_multiplier": -0.16,
      "aim_inaccuracy": 0.2,
      "other_inaccuracy": 0.5
    },
    "semi": {
      "damage": 0,
      "rpm": 0,
      "speed": 15,
      "knockback": 0.1,
      "armor_ignore": 0.05,
      "head_shot_multiplier": 0.1,
      "aim_inaccuracy": -0.1,
      "other_inaccuracy": -0.3
    }
  },
  "burst_data": {
    "continuous_shoot": true,
    "count": 1,
    "bpm": 900,
    "min_interval": 0.08333
  },
  "crawl_recoil_multiplier": 0.5,
  "recoil": {
    "pitch": [
      {"time": 0, "value": [0.55, 0.55]},
      {"time": 0.2, "value": [0.5, 0.5]},
      {"time": 0.4, "value": [-0.175, -0.175]},
      {"time": 0.6, "value": [0, 0]}
    ],
    "yaw": [
      {"time": 0, "value": [-0.1, 0.1]},
      {"time": 0.35, "value": [0, 0]}
    ]
  },
  "hurt_bob_tweak_multiplier": 0.05,
  "inaccuracy": {
    "stand": 2.4,
    "move": 3.6,
    "sneak": 1.6,
    "lie": 1.2,
    "aim": 0.15
  },
  "melee": {
    "distance": 1,
    "cooldown": 0.7,
    "default": {
      "animation_type": "melee_push",
      "distance": 1,
      "range_angle": 40,
      "cooldown": 0,
      "damage": 1,
      "knockback": 0.5,
      "prep": 0.1
    }
  },
  "allow_attachment_types": [
    "scope",
    "muzzle",
    "grip",
    "extended_mag"
  ]
}
