{
	"format_version": "1.12.0",
	"minecraft:geometry": [
		{
			"description": {
				"identifier": "geometry.unknown",
				"texture_width": 128,
				"texture_height": 128,
				"visible_bounds_width": 8,
				"visible_bounds_height": 3,
				"visible_bounds_offset": [0, 0.5, 0]
			},
			"bones": [
				{
					"name": "root",
					"pivot": [0, 6, 8]
				},
				{
					"name": "left_hand",
					"parent": "root",
					"pivot": [5.5, 11, 6]
				},
				{
					"name": "lefthand_pos",
					"parent": "left_hand",
					"pivot": [0, 0, 6],
					"rotation": [0, -180, 0],
					"cubes": [
						{
							"origin": [-7, 0, 4],
							"size": [3, 12, 4],
							"uv": {
								"north": {"uv": [8, 13], "uv_size": [-3, 12]},
								"east": {"uv": [9, 0], "uv_size": [-4, 12]},
								"south": {"uv": [12, 13], "uv_size": [-3, 12]},
								"west": {"uv": [4, 0], "uv_size": [-4, 12]},
								"up": {"uv": [28, 0], "uv_size": [-3, 4]},
								"down": {"uv": [28, 9], "uv_size": [-3, -4]}
							}
						}
					]
				},
				{
					"name": "right_hand",
					"parent": "root",
					"pivot": [-5.5, 11, 6]
				},
				{
					"name": "righthand_pos",
					"parent": "right_hand",
					"pivot": [0, 0, 6],
					"rotation": [0, 180, 0],
					"cubes": [
						{
							"origin": [4, 0, 4],
							"size": [3, 12, 4],
							"uv": {
								"north": {"uv": [5, 13], "uv_size": [3, 12]},
								"east": {"uv": [0, 0], "uv_size": [4, 12]},
								"south": {"uv": [9, 13], "uv_size": [3, 12]},
								"west": {"uv": [5, 0], "uv_size": [4, 12]},
								"up": {"uv": [25, 0], "uv_size": [3, 4]},
								"down": {"uv": [25, 9], "uv_size": [3, -4]}
							}
						}
					]
				},
				{
					"name": "gun",
					"parent": "root",
					"pivot": [0, 6, 8]
				},
				{
					"name": "wood",
					"parent": "gun",
					"pivot": [0, 6, 0]
				},
				{
					"name": "octagon1",
					"parent": "wood",
					"pivot": [0, 6, 2],
					"cubes": [
						{
							"origin": [-0.20711, 5.5, -29.5],
							"size": [0.41421, 1, 72],
							"pivot": [0, 6, 6.5],
							"rotation": [0, 0, 45],
							"uv": {
								"south": {"uv": [25, 58], "uv_size": [0.5, 1]},
								"up": {"uv": [0, 0], "uv_size": [0.5, 72]},
								"down": {"uv": [2, 72], "uv_size": [0.5, -72]}
							}
						},
						{
							"origin": [-0.20711, 5.5, -29.5],
							"size": [0.41421, 1, 72],
							"uv": {
								"south": {"uv": [27, 58], "uv_size": [0.5, 1]},
								"up": {"uv": [4, 0], "uv_size": [0.5, 72]},
								"down": {"uv": [6, 72], "uv_size": [0.5, -72]}
							}
						},
						{
							"origin": [-0.5, 5.79289, -29.5],
							"size": [1, 0.41421, 72],
							"pivot": [0, 6, 6.5],
							"rotation": [0, 0, 45],
							"uv": {
								"east": {"uv": [8, 0], "uv_size": [72, 0.5]},
								"south": {"uv": [29, 58], "uv_size": [1, 0.5]},
								"west": {"uv": [8, 2], "uv_size": [72, 0.5]}
							}
						},
						{
							"origin": [-0.5, 5.79289, -29.5],
							"size": [1, 0.41421, 72],
							"uv": {
								"east": {"uv": [8, 4], "uv_size": [72, 0.5]},
								"south": {"uv": [31, 58], "uv_size": [1, 0.5]},
								"west": {"uv": [8, 6], "uv_size": [72, 0.5]}
							}
						}
					]
				},
				{
					"name": "mine",
					"parent": "gun",
					"pivot": [0, 6, -36]
				},
				{
					"name": "octagon",
					"parent": "mine",
					"pivot": [0, 6, -30],
					"cubes": [
						{
							"origin": [-0.24853, 5.4, -34.4],
							"size": [0.49706, 1.2, 5],
							"pivot": [0, 6, -30],
							"rotation": [0, 0, 45],
							"uv": {
								"south": {"uv": [58, 31], "uv_size": [0.5, 1]},
								"up": {"uv": [52, 17], "uv_size": [0.5, 5]},
								"down": {"uv": [50, 57], "uv_size": [0.5, -5]}
							}
						},
						{
							"origin": [-0.24853, 5.4, -34.4],
							"size": [0.49706, 1.2, 5],
							"uv": {
								"south": {"uv": [33, 58], "uv_size": [0.5, 1]},
								"up": {"uv": [52, 52], "uv_size": [0.5, 5]},
								"down": {"uv": [11, 58], "uv_size": [0.5, -5]}
							}
						},
						{
							"origin": [-0.6, 5.75147, -34.4],
							"size": [1.2, 0.49706, 5],
							"pivot": [0, 6, -30],
							"rotation": [0, 0, 45],
							"uv": {
								"east": {"uv": [52, 23], "uv_size": [5, 0.5]},
								"south": {"uv": [58, 33], "uv_size": [1, 0.5]},
								"west": {"uv": [52, 25], "uv_size": [5, 0.5]}
							}
						},
						{
							"origin": [-0.6, 5.75147, -34.4],
							"size": [1.2, 0.49706, 5],
							"uv": {
								"east": {"uv": [53, 27], "uv_size": [5, 0.5]},
								"south": {"uv": [35, 58], "uv_size": [1, 0.5]},
								"west": {"uv": [53, 29], "uv_size": [5, 0.5]}
							}
						}
					]
				},
				{
					"name": "octagon2",
					"parent": "mine",
					"pivot": [0, 6, -34.875],
					"cubes": [
						{
							"origin": [-0.31066, 5.25, -35.1375],
							"size": [0.62132, 1.5, 0.75],
							"pivot": [0, 6, -29.0625],
							"rotation": [0, 0, 45],
							"uv": {
								"north": {"uv": [57, 8], "uv_size": [0.5, 1.5]},
								"south": {"uv": [56, 57], "uv_size": [0.5, 1.5]},
								"up": {"uv": [58, 35], "uv_size": [0.5, 1]},
								"down": {"uv": [37, 59], "uv_size": [0.5, -1]}
							}
						},
						{
							"origin": [-0.31066, 5.25, -35.1375],
							"size": [0.62132, 1.5, 0.75],
							"uv": {
								"north": {"uv": [58, 11], "uv_size": [0.5, 1.5]},
								"south": {"uv": [13, 58], "uv_size": [0.5, 1.5]},
								"up": {"uv": [58, 37], "uv_size": [0.5, 1]},
								"down": {"uv": [39, 59], "uv_size": [0.5, -1]}
							}
						},
						{
							"origin": [-0.75, 5.68934, -35.1375],
							"size": [1.5, 0.62132, 0.75],
							"pivot": [0, 6, -29.0625],
							"rotation": [0, 0, 45],
							"uv": {
								"north": {"uv": [58, 14], "uv_size": [1.5, 0.5]},
								"east": {"uv": [58, 39], "uv_size": [1, 0.5]},
								"south": {"uv": [22, 58], "uv_size": [1.5, 0.5]},
								"west": {"uv": [41, 58], "uv_size": [1, 0.5]}
							}
						},
						{
							"origin": [-0.75, 5.68934, -35.1375],
							"size": [1.5, 0.62132, 0.75],
							"uv": {
								"north": {"uv": [58, 22], "uv_size": [1.5, 0.5]},
								"east": {"uv": [58, 41], "uv_size": [1, 0.5]},
								"south": {"uv": [58, 24], "uv_size": [1.5, 0.5]},
								"west": {"uv": [43, 58], "uv_size": [1, 0.5]}
							}
						}
					]
				},
				{
					"name": "dodecagon1",
					"parent": "mine",
					"pivot": [-0.00002, 6.00002, -41.5],
					"cubes": [
						{
							"origin": [-3.99993, 4.92833, -43.5],
							"size": [2.3125, 2.1436, 2],
							"pivot": [0.00007, 6.00013, -41.5],
							"rotation": [0, 0, -30],
							"uv": {
								"north": {"uv": [8, 13], "uv_size": [2.5, 2]},
								"west": {"uv": [50, 28], "uv_size": [2, 2]}
							}
						},
						{
							"origin": [-3.99993, 4.92833, -43.499],
							"size": [2, 2.1436, 1.999],
							"uv": {
								"north": {"uv": [13, 8], "uv_size": [2.5, 2]}
							}
						},
						{
							"origin": [-3.99993, 4.92833, -43.5],
							"size": [2.3125, 2.1436, 2],
							"pivot": [0.00007, 6.00013, -41.5],
							"rotation": [0, 0, 30],
							"uv": {
								"north": {"uv": [13, 11], "uv_size": [2.5, 2]},
								"west": {"uv": [50, 34], "uv_size": [2, 2]}
							}
						},
						{
							"origin": [2.00007, 4.92833, -43.499],
							"size": [2, 2.1436, 1.999],
							"pivot": [0.00007, 6.00013, -41.5],
							"rotation": [0, 0, 120],
							"uv": {
								"north": {"uv": [12, 14], "uv_size": [2.5, 2]}
							}
						},
						{
							"origin": [1.68757, 4.92833, -43.5],
							"size": [2.3125, 2.1436, 2],
							"pivot": [0.00007, 6.00013, -41.5],
							"rotation": [0, 0, 90],
							"uv": {
								"north": {"uv": [8, 16], "uv_size": [2.5, 2]},
								"east": {"uv": [50, 40], "uv_size": [2, 2]}
							}
						},
						{
							"origin": [2.00007, 4.92833, -43.499],
							"size": [2, 2.1436, 1.999],
							"pivot": [0.00007, 6.00013, -41.5],
							"rotation": [0, 0, 60],
							"uv": {
								"north": {"uv": [16, 14], "uv_size": [2.5, 2]}
							}
						},
						{
							"origin": [2.00007, 4.92833, -43.499],
							"size": [2, 2.1436, 1.999],
							"pivot": [0.00007, 6.00013, -41.5],
							"rotation": [0, 0, -120],
							"uv": {
								"north": {"uv": [17, 8], "uv_size": [2.5, 2]}
							}
						},
						{
							"origin": [1.68757, 4.92833, -43.5],
							"size": [2.3125, 2.1436, 2],
							"pivot": [0.00007, 6.00013, -41.5],
							"rotation": [0, 0, -90],
							"uv": {
								"north": {"uv": [17, 11], "uv_size": [2.5, 2]},
								"east": {"uv": [50, 49], "uv_size": [2, 2]}
							}
						},
						{
							"origin": [2.00007, 4.92833, -43.499],
							"size": [2, 2.1436, 1.999],
							"pivot": [0.00007, 6.00013, -41.5],
							"rotation": [0, 0, -60],
							"uv": {
								"north": {"uv": [12, 17], "uv_size": [2.5, 2]}
							}
						},
						{
							"origin": [-3.99993, 4.92833, -43.5],
							"size": [2.3125, 2.1436, 2],
							"pivot": [0.00007, 6.00013, -41.5],
							"rotation": [0, 0, 150],
							"uv": {
								"north": {"uv": [16, 17], "uv_size": [2.5, 2]},
								"west": {"uv": [52, 8], "uv_size": [2, 2]}
							}
						},
						{
							"origin": [-3.99993, 4.92833, -43.499],
							"size": [2, 2.1436, 1.999],
							"pivot": [0.00007, 6.00013, -41.5],
							"rotation": [0, 0, -180],
							"uv": {
								"north": {"uv": [8, 19], "uv_size": [2.5, 2]}
							}
						},
						{
							"origin": [-3.99993, 4.92833, -43.5],
							"size": [2.3125, 2.1436, 2],
							"pivot": [0.00007, 6.00013, -41.5],
							"rotation": [0, 0, -150],
							"uv": {
								"north": {"uv": [12, 20], "uv_size": [2.5, 2]},
								"west": {"uv": [52, 14], "uv_size": [2, 2]}
							}
						},
						{
							"origin": [-2.00002, 4.00002, -42],
							"size": [4, 4, 1],
							"uv": {
								"north": {"uv": [8, 8], "uv_size": [4, 4]}
							}
						}
					]
				},
				{
					"name": "bone1",
					"parent": "dodecagon1",
					"pivot": [-0.00002, 6.00002, -41.5],
					"cubes": [
						{
							"origin": [-0.37502, 8.50002, -43.75],
							"size": [0.75, 0.75, 0.25],
							"uv": {
								"north": {"uv": [8, 55], "uv_size": [1, 1]},
								"east": {"uv": [58, 43], "uv_size": [0.5, 1]},
								"west": {"uv": [45, 58], "uv_size": [0.5, 1]},
								"up": {"uv": [58, 45], "uv_size": [1, 0.5]},
								"down": {"uv": [47, 58.5], "uv_size": [1, -0.5]}
							}
						},
						{
							"origin": [-0.18752, 8.68752, -47.75],
							"size": [0.375, 0.375, 4],
							"pivot": [-0.00002, 8.87502, -44.75],
							"rotation": [0, 0, 45],
							"uv": {
								"north": {"uv": [10, 59], "uv_size": [0.5, 0.5]},
								"east": {"uv": [53, 31], "uv_size": [4, 0.5]},
								"west": {"uv": [53, 33], "uv_size": [4, 0.5]},
								"up": {"uv": [13, 53], "uv_size": [0.5, 4]},
								"down": {"uv": [53, 39], "uv_size": [0.5, -4]}
							}
						}
					]
				},
				{
					"name": "bone2",
					"parent": "dodecagon1",
					"pivot": [-0.00002, 6.00002, -41.5],
					"rotation": [0, 0, 120],
					"cubes": [
						{
							"origin": [-0.37502, 8.50002, -43.75],
							"size": [0.75, 0.75, 0.25],
							"uv": {
								"north": {"uv": [55, 8], "uv_size": [1, 1]},
								"east": {"uv": [58, 47], "uv_size": [0.5, 1]},
								"west": {"uv": [49, 58], "uv_size": [0.5, 1]},
								"up": {"uv": [58, 49], "uv_size": [1, 0.5]},
								"down": {"uv": [51, 58.5], "uv_size": [1, -0.5]}
							}
						},
						{
							"origin": [-0.18752, 8.68752, -47.75],
							"size": [0.375, 0.375, 4],
							"pivot": [-0.00002, 8.87502, -44.75],
							"rotation": [0, 0, 45],
							"uv": {
								"north": {"uv": [59, 16], "uv_size": [0.5, 0.5]},
								"east": {"uv": [53, 40], "uv_size": [4, 0.5]},
								"west": {"uv": [53, 42], "uv_size": [4, 0.5]},
								"up": {"uv": [53, 44], "uv_size": [0.5, 4]},
								"down": {"uv": [54, 21], "uv_size": [0.5, -4]}
							}
						}
					]
				},
				{
					"name": "bone3",
					"parent": "dodecagon1",
					"pivot": [-0.00002, 6.00002, -41.5],
					"rotation": [0, 0, -120],
					"cubes": [
						{
							"origin": [-0.37502, 8.50002, -43.75],
							"size": [0.75, 0.75, 0.25],
							"uv": {
								"north": {"uv": [55, 10], "uv_size": [1, 1]},
								"east": {"uv": [53, 58], "uv_size": [0.5, 1]},
								"west": {"uv": [58, 57], "uv_size": [0.5, 1]},
								"up": {"uv": [8, 59], "uv_size": [1, 0.5]},
								"down": {"uv": [59, 8.5], "uv_size": [1, -0.5]}
							}
						},
						{
							"origin": [-0.18752, 8.68752, -47.75],
							"size": [0.375, 0.375, 4],
							"pivot": [-0.00002, 8.87502, -44.75],
							"rotation": [0, 0, 45],
							"uv": {
								"north": {"uv": [59, 18], "uv_size": [0.5, 0.5]},
								"east": {"uv": [53, 49], "uv_size": [4, 0.5]},
								"west": {"uv": [54, 51], "uv_size": [4, 0.5]},
								"up": {"uv": [20, 54], "uv_size": [0.5, 4]},
								"down": {"uv": [54, 57], "uv_size": [0.5, -4]}
							}
						}
					]
				},
				{
					"name": "dodecagon2",
					"parent": "mine",
					"pivot": [-0.00002, 6.00002, -32.6875],
					"cubes": [
						{
							"origin": [-1.07173, 8.66902, -43.5],
							"size": [2.1436, 1.3311, 0.0625],
							"pivot": [-1.07173, 10.00013, -43.5],
							"rotation": [-22.4999, 0, 0],
							"uv": {
								"up": {"uv": [55, 12], "uv_size": [2, 0.5]}
							}
						},
						{
							"origin": [-1.07173, 8.66902, -43.45],
							"size": [0.26655, 1.3271, 9.14415],
							"pivot": [-1.07173, 10.00013, -43.5],
							"rotation": [-22.60601, 5.407, -2.24689],
							"uv": {
								"up": {"uv": [20, 14], "uv_size": [0.5, 9]}
							}
						},
						{
							"origin": [0.80518, 8.66902, -43.45],
							"size": [0.26655, 1.3311, 9.14415],
							"pivot": [1.07173, 10.00013, -43.5],
							"rotation": [-22.60601, -5.407, 2.24689],
							"uv": {
								"up": {"uv": [16, 20], "uv_size": [0.5, 9]}
							}
						},
						{
							"origin": [-0.13257, 5.16894, -44.19416],
							"size": [0.26655, 1.3291, 9.14415],
							"pivot": [0.13396, 6.50004, -35.05],
							"rotation": [-22.55425, -3.87366, 1.60717],
							"uv": {
								"up": {"uv": [18, 20], "uv_size": [0.5, 9]}
							}
						},
						{
							"origin": [-0.13257, 5.16894, -44.19416],
							"size": [0.26655, 1.3281, 9.14415],
							"pivot": [0.13396, 6.50004, -35.05],
							"rotation": [-22.51971, -2.33983, 0.96977],
							"uv": {
								"up": {"uv": [8, 22], "uv_size": [0.5, 9]}
							}
						},
						{
							"origin": [-0.14101, 5.16894, -44.19416],
							"size": [0.275, 1.3271, 9.14415],
							"pivot": [0.13396, 6.50004, -35.05],
							"rotation": [-22.50225, -0.80572, 0.33376],
							"uv": {
								"up": {"uv": [22, 8], "uv_size": [0.5, 9]}
							}
						},
						{
							"origin": [-0.13399, 5.16894, -44.19416],
							"size": [0.275, 1.3301, 9.14415],
							"pivot": [-0.13396, 6.50004, -35.05],
							"rotation": [-22.50225, 0.80572, -0.33376],
							"uv": {
								"up": {"uv": [10, 22], "uv_size": [0.5, 9]}
							}
						},
						{
							"origin": [-0.13399, 5.16894, -44.19416],
							"size": [0.26655, 1.3291, 9.14415],
							"pivot": [-0.13396, 6.50004, -35.05],
							"rotation": [-22.51971, 2.33983, -0.96977],
							"uv": {
								"up": {"uv": [22, 18], "uv_size": [0.5, 9]}
							}
						},
						{
							"origin": [-0.13399, 5.16894, -44.19416],
							"size": [0.26655, 1.3281, 9.14415],
							"pivot": [-0.13396, 6.50004, -35.05],
							"rotation": [-22.55425, 3.87366, -1.60717],
							"uv": {
								"up": {"uv": [12, 23], "uv_size": [0.5, 9]}
							}
						}
					]
				},
				{
					"name": "dodecagon3",
					"parent": "mine",
					"pivot": [-0.00002, 6.00002, -32.6875],
					"rotation": [0, 0, 30],
					"cubes": [
						{
							"origin": [-1.07173, 8.66902, -43.5],
							"size": [2.1436, 1.3311, 0.0625],
							"pivot": [-1.07173, 10.00013, -43.5],
							"rotation": [-22.4999, 0, 0],
							"uv": {
								"up": {"uv": [55, 14], "uv_size": [2, 0.5]}
							}
						},
						{
							"origin": [-1.07173, 8.66902, -43.45],
							"size": [0.26655, 1.3271, 9.14415],
							"pivot": [-1.07173, 10.00013, -43.5],
							"rotation": [-22.60601, 5.407, -2.24689],
							"uv": {
								"up": {"uv": [14, 23], "uv_size": [0.5, 9]}
							}
						},
						{
							"origin": [0.80518, 8.66902, -43.45],
							"size": [0.26655, 1.3311, 9.14415],
							"pivot": [1.07173, 10.00013, -43.5],
							"rotation": [-22.60601, -5.407, 2.24689],
							"uv": {
								"up": {"uv": [24, 8], "uv_size": [0.5, 9]}
							}
						},
						{
							"origin": [-0.13257, 5.16894, -44.19416],
							"size": [0.26655, 1.3291, 9.14415],
							"pivot": [0.13396, 6.50004, -35.05],
							"rotation": [-22.55425, -3.87366, 1.60717],
							"uv": {
								"up": {"uv": [24, 18], "uv_size": [0.5, 9]}
							}
						},
						{
							"origin": [-0.13257, 5.16894, -44.19416],
							"size": [0.26655, 1.3281, 9.14415],
							"pivot": [0.13396, 6.50004, -35.05],
							"rotation": [-22.51971, -2.33983, 0.96977],
							"uv": {
								"up": {"uv": [20, 24], "uv_size": [0.5, 9]}
							}
						},
						{
							"origin": [-0.14101, 5.16894, -44.19416],
							"size": [0.275, 1.3271, 9.14415],
							"pivot": [0.13396, 6.50004, -35.05],
							"rotation": [-22.50225, -0.80572, 0.33376],
							"uv": {
								"up": {"uv": [26, 8], "uv_size": [0.5, 9]}
							}
						},
						{
							"origin": [-0.13399, 5.16894, -44.19416],
							"size": [0.275, 1.3301, 9.14415],
							"pivot": [-0.13396, 6.50004, -35.05],
							"rotation": [-22.50225, 0.80572, -0.33376],
							"uv": {
								"up": {"uv": [26, 18], "uv_size": [0.5, 9]}
							}
						},
						{
							"origin": [-0.13399, 5.16894, -44.19416],
							"size": [0.26655, 1.3291, 9.14415],
							"pivot": [-0.13396, 6.50004, -35.05],
							"rotation": [-22.51971, 2.33983, -0.96977],
							"uv": {
								"up": {"uv": [28, 8], "uv_size": [0.5, 9]}
							}
						},
						{
							"origin": [-0.13399, 5.16894, -44.19416],
							"size": [0.26655, 1.3281, 9.14415],
							"pivot": [-0.13396, 6.50004, -35.05],
							"rotation": [-22.55425, 3.87366, -1.60717],
							"uv": {
								"up": {"uv": [28, 18], "uv_size": [0.5, 9]}
							}
						}
					]
				},
				{
					"name": "dodecagon4",
					"parent": "mine",
					"pivot": [-0.00002, 6.00002, -32.6875],
					"rotation": [0, 0, 60],
					"cubes": [
						{
							"origin": [-1.07173, 8.66902, -43.5],
							"size": [2.1436, 1.3311, 0.0625],
							"pivot": [-1.07173, 10.00013, -43.5],
							"rotation": [-22.4999, 0, 0],
							"uv": {
								"up": {"uv": [55, 35], "uv_size": [2, 0.5]}
							}
						},
						{
							"origin": [-1.07173, 8.66902, -43.45],
							"size": [0.26655, 1.3271, 9.14415],
							"pivot": [-1.07173, 10.00013, -43.5],
							"rotation": [-22.60601, 5.407, -2.24689],
							"uv": {
								"up": {"uv": [22, 28], "uv_size": [0.5, 9]}
							}
						},
						{
							"origin": [0.80518, 8.66902, -43.45],
							"size": [0.26655, 1.3311, 9.14415],
							"pivot": [1.07173, 10.00013, -43.5],
							"rotation": [-22.60601, -5.407, 2.24689],
							"uv": {
								"up": {"uv": [24, 28], "uv_size": [0.5, 9]}
							}
						},
						{
							"origin": [-0.13257, 5.16894, -44.19416],
							"size": [0.26655, 1.3291, 9.14415],
							"pivot": [0.13396, 6.50004, -35.05],
							"rotation": [-22.55425, -3.87366, 1.60717],
							"uv": {
								"up": {"uv": [26, 28], "uv_size": [0.5, 9]}
							}
						},
						{
							"origin": [-0.13257, 5.16894, -44.19416],
							"size": [0.26655, 1.3281, 9.14415],
							"pivot": [0.13396, 6.50004, -35.05],
							"rotation": [-22.51971, -2.33983, 0.96977],
							"uv": {
								"up": {"uv": [28, 28], "uv_size": [0.5, 9]}
							}
						},
						{
							"origin": [-0.14101, 5.16894, -44.19416],
							"size": [0.275, 1.3271, 9.14415],
							"pivot": [0.13396, 6.50004, -35.05],
							"rotation": [-22.50225, -0.80572, 0.33376],
							"uv": {
								"up": {"uv": [30, 8], "uv_size": [0.5, 9]}
							}
						},
						{
							"origin": [-0.13399, 5.16894, -44.19416],
							"size": [0.275, 1.3301, 9.14415],
							"pivot": [-0.13396, 6.50004, -35.05],
							"rotation": [-22.50225, 0.80572, -0.33376],
							"uv": {
								"up": {"uv": [16, 30], "uv_size": [0.5, 9]}
							}
						},
						{
							"origin": [-0.13399, 5.16894, -44.19416],
							"size": [0.26655, 1.3291, 9.14415],
							"pivot": [-0.13396, 6.50004, -35.05],
							"rotation": [-22.51971, 2.33983, -0.96977],
							"uv": {
								"up": {"uv": [18, 30], "uv_size": [0.5, 9]}
							}
						},
						{
							"origin": [-0.13399, 5.16894, -44.19416],
							"size": [0.26655, 1.3281, 9.14415],
							"pivot": [-0.13396, 6.50004, -35.05],
							"rotation": [-22.55425, 3.87366, -1.60717],
							"uv": {
								"up": {"uv": [30, 18], "uv_size": [0.5, 9]}
							}
						}
					]
				},
				{
					"name": "dodecagon5",
					"parent": "mine",
					"pivot": [-0.00002, 6.00002, -32.6875],
					"rotation": [0, 0, 90],
					"cubes": [
						{
							"origin": [-1.07173, 8.66902, -43.5],
							"size": [2.1436, 1.3311, 0.0625],
							"pivot": [-1.07173, 10.00013, -43.5],
							"rotation": [-22.4999, 0, 0],
							"uv": {
								"up": {"uv": [55, 37], "uv_size": [2, 0.5]}
							}
						},
						{
							"origin": [-1.07173, 8.66902, -43.45],
							"size": [0.26655, 1.3271, 9.14415],
							"pivot": [-1.07173, 10.00013, -43.5],
							"rotation": [-22.60601, 5.407, -2.24689],
							"uv": {
								"up": {"uv": [30, 28], "uv_size": [0.5, 9]}
							}
						},
						{
							"origin": [0.80518, 8.66902, -43.45],
							"size": [0.26655, 1.3311, 9.14415],
							"pivot": [1.07173, 10.00013, -43.5],
							"rotation": [-22.60601, -5.407, 2.24689],
							"uv": {
								"up": {"uv": [8, 32], "uv_size": [0.5, 9]}
							}
						},
						{
							"origin": [-0.13257, 5.16894, -44.19416],
							"size": [0.26655, 1.3291, 9.14415],
							"pivot": [0.13396, 6.50004, -35.05],
							"rotation": [-22.55425, -3.87366, 1.60717],
							"uv": {
								"up": {"uv": [32, 8], "uv_size": [0.5, 9]}
							}
						},
						{
							"origin": [-0.13257, 5.16894, -44.19416],
							"size": [0.26655, 1.3281, 9.14415],
							"pivot": [0.13396, 6.50004, -35.05],
							"rotation": [-22.51971, -2.33983, 0.96977],
							"uv": {
								"up": {"uv": [10, 32], "uv_size": [0.5, 9]}
							}
						},
						{
							"origin": [-0.14101, 5.16894, -44.19416],
							"size": [0.275, 1.3271, 9.14415],
							"pivot": [0.13396, 6.50004, -35.05],
							"rotation": [-22.50225, -0.80572, 0.33376],
							"uv": {
								"up": {"uv": [32, 18], "uv_size": [0.5, 9]}
							}
						},
						{
							"origin": [-0.13399, 5.16894, -44.19416],
							"size": [0.275, 1.3301, 9.14415],
							"pivot": [-0.13396, 6.50004, -35.05],
							"rotation": [-22.50225, 0.80572, -0.33376],
							"uv": {
								"up": {"uv": [32, 28], "uv_size": [0.5, 9]}
							}
						},
						{
							"origin": [-0.13399, 5.16894, -44.19416],
							"size": [0.26655, 1.3291, 9.14415],
							"pivot": [-0.13396, 6.50004, -35.05],
							"rotation": [-22.51971, 2.33983, -0.96977],
							"uv": {
								"up": {"uv": [12, 33], "uv_size": [0.5, 9]}
							}
						},
						{
							"origin": [-0.13399, 5.16894, -44.19416],
							"size": [0.26655, 1.3281, 9.14415],
							"pivot": [-0.13396, 6.50004, -35.05],
							"rotation": [-22.55425, 3.87366, -1.60717],
							"uv": {
								"up": {"uv": [14, 33], "uv_size": [0.5, 9]}
							}
						}
					]
				},
				{
					"name": "dodecagon6",
					"parent": "mine",
					"pivot": [-0.00002, 6.00002, -32.6875],
					"rotation": [0, 0, 120],
					"cubes": [
						{
							"origin": [-1.07173, 8.66902, -43.5],
							"size": [2.1436, 1.3311, 0.0625],
							"pivot": [-1.07173, 10.00013, -43.5],
							"rotation": [-22.4999, 0, 0],
							"uv": {
								"up": {"uv": [55, 44], "uv_size": [2, 0.5]}
							}
						},
						{
							"origin": [-1.07173, 8.66902, -43.45],
							"size": [0.26655, 1.3271, 9.14415],
							"pivot": [-1.07173, 10.00013, -43.5],
							"rotation": [-22.60601, 5.407, -2.24689],
							"uv": {
								"up": {"uv": [34, 8], "uv_size": [0.5, 9]}
							}
						},
						{
							"origin": [0.80518, 8.66902, -43.45],
							"size": [0.26655, 1.3311, 9.14415],
							"pivot": [1.07173, 10.00013, -43.5],
							"rotation": [-22.60601, -5.407, 2.24689],
							"uv": {
								"up": {"uv": [34, 18], "uv_size": [0.5, 9]}
							}
						},
						{
							"origin": [-0.13257, 5.16894, -44.19416],
							"size": [0.26655, 1.3291, 9.14415],
							"pivot": [0.13396, 6.50004, -35.05],
							"rotation": [-22.55425, -3.87366, 1.60717],
							"uv": {
								"up": {"uv": [20, 34], "uv_size": [0.5, 9]}
							}
						},
						{
							"origin": [-0.13257, 5.16894, -44.19416],
							"size": [0.26655, 1.3281, 9.14415],
							"pivot": [0.13396, 6.50004, -35.05],
							"rotation": [-22.51971, -2.33983, 0.96977],
							"uv": {
								"up": {"uv": [34, 28], "uv_size": [0.5, 9]}
							}
						},
						{
							"origin": [-0.14101, 5.16894, -44.19416],
							"size": [0.275, 1.3271, 9.14415],
							"pivot": [0.13396, 6.50004, -35.05],
							"rotation": [-22.50225, -0.80572, 0.33376],
							"uv": {
								"up": {"uv": [36, 8], "uv_size": [0.5, 9]}
							}
						},
						{
							"origin": [-0.13399, 5.16894, -44.19416],
							"size": [0.275, 1.3301, 9.14415],
							"pivot": [-0.13396, 6.50004, -35.05],
							"rotation": [-22.50225, 0.80572, -0.33376],
							"uv": {
								"up": {"uv": [36, 18], "uv_size": [0.5, 9]}
							}
						},
						{
							"origin": [-0.13399, 5.16894, -44.19416],
							"size": [0.26655, 1.3291, 9.14415],
							"pivot": [-0.13396, 6.50004, -35.05],
							"rotation": [-22.51971, 2.33983, -0.96977],
							"uv": {
								"up": {"uv": [36, 28], "uv_size": [0.5, 9]}
							}
						},
						{
							"origin": [-0.13399, 5.16894, -44.19416],
							"size": [0.26655, 1.3281, 9.14415],
							"pivot": [-0.13396, 6.50004, -35.05],
							"rotation": [-22.55425, 3.87366, -1.60717],
							"uv": {
								"up": {"uv": [38, 8], "uv_size": [0.5, 9]}
							}
						}
					]
				},
				{
					"name": "dodecagon7",
					"parent": "mine",
					"pivot": [-0.00002, 6.00002, -32.6875],
					"rotation": [0, 0, 150],
					"cubes": [
						{
							"origin": [-1.07173, 8.66902, -43.5],
							"size": [2.1436, 1.3311, 0.0625],
							"pivot": [-1.07173, 10.00013, -43.5],
							"rotation": [-22.4999, 0, 0],
							"uv": {
								"up": {"uv": [55, 46], "uv_size": [2, 0.5]}
							}
						},
						{
							"origin": [-1.07173, 8.66902, -43.45],
							"size": [0.26655, 1.3271, 9.14415],
							"pivot": [-1.07173, 10.00013, -43.5],
							"rotation": [-22.60601, 5.407, -2.24689],
							"uv": {
								"up": {"uv": [38, 18], "uv_size": [0.5, 9]}
							}
						},
						{
							"origin": [0.80518, 8.66902, -43.45],
							"size": [0.26655, 1.3311, 9.14415],
							"pivot": [1.07173, 10.00013, -43.5],
							"rotation": [-22.60601, -5.407, 2.24689],
							"uv": {
								"up": {"uv": [22, 38], "uv_size": [0.5, 9]}
							}
						},
						{
							"origin": [-0.13257, 5.16894, -44.19416],
							"size": [0.26655, 1.3291, 9.14415],
							"pivot": [0.13396, 6.50004, -35.05],
							"rotation": [-22.55425, -3.87366, 1.60717],
							"uv": {
								"up": {"uv": [24, 38], "uv_size": [0.5, 9]}
							}
						},
						{
							"origin": [-0.13257, 5.16894, -44.19416],
							"size": [0.26655, 1.3281, 9.14415],
							"pivot": [0.13396, 6.50004, -35.05],
							"rotation": [-22.51971, -2.33983, 0.96977],
							"uv": {
								"up": {"uv": [26, 38], "uv_size": [0.5, 9]}
							}
						},
						{
							"origin": [-0.14101, 5.16894, -44.19416],
							"size": [0.275, 1.3271, 9.14415],
							"pivot": [0.13396, 6.50004, -35.05],
							"rotation": [-22.50225, -0.80572, 0.33376],
							"uv": {
								"up": {"uv": [28, 38], "uv_size": [0.5, 9]}
							}
						},
						{
							"origin": [-0.13399, 5.16894, -44.19416],
							"size": [0.275, 1.3301, 9.14415],
							"pivot": [-0.13396, 6.50004, -35.05],
							"rotation": [-22.50225, 0.80572, -0.33376],
							"uv": {
								"up": {"uv": [38, 28], "uv_size": [0.5, 9]}
							}
						},
						{
							"origin": [-0.13399, 5.16894, -44.19416],
							"size": [0.26655, 1.3291, 9.14415],
							"pivot": [-0.13396, 6.50004, -35.05],
							"rotation": [-22.51971, 2.33983, -0.96977],
							"uv": {
								"up": {"uv": [30, 38], "uv_size": [0.5, 9]}
							}
						},
						{
							"origin": [-0.13399, 5.16894, -44.19416],
							"size": [0.26655, 1.3281, 9.14415],
							"pivot": [-0.13396, 6.50004, -35.05],
							"rotation": [-22.55425, 3.87366, -1.60717],
							"uv": {
								"up": {"uv": [32, 38], "uv_size": [0.5, 9]}
							}
						}
					]
				},
				{
					"name": "dodecagon8",
					"parent": "mine",
					"pivot": [-0.00002, 6.00002, -32.6875],
					"rotation": [0, 0, -180],
					"cubes": [
						{
							"origin": [-1.07173, 8.66902, -43.5],
							"size": [2.1436, 1.3311, 0.0625],
							"pivot": [-1.07173, 10.00013, -43.5],
							"rotation": [-22.4999, 0, 0],
							"uv": {
								"up": {"uv": [56, 16], "uv_size": [2, 0.5]}
							}
						},
						{
							"origin": [-1.07173, 8.66902, -43.45],
							"size": [0.26655, 1.3271, 9.14415],
							"pivot": [-1.07173, 10.00013, -43.5],
							"rotation": [-22.60601, 5.407, -2.24689],
							"uv": {
								"up": {"uv": [34, 38], "uv_size": [0.5, 9]}
							}
						},
						{
							"origin": [0.80518, 8.66902, -43.45],
							"size": [0.26655, 1.3311, 9.14415],
							"pivot": [1.07173, 10.00013, -43.5],
							"rotation": [-22.60601, -5.407, 2.24689],
							"uv": {
								"up": {"uv": [36, 38], "uv_size": [0.5, 9]}
							}
						},
						{
							"origin": [-0.13257, 5.16894, -44.19416],
							"size": [0.26655, 1.3291, 9.14415],
							"pivot": [0.13396, 6.50004, -35.05],
							"rotation": [-22.55425, -3.87366, 1.60717],
							"uv": {
								"up": {"uv": [38, 38], "uv_size": [0.5, 9]}
							}
						},
						{
							"origin": [-0.13257, 5.16894, -44.19416],
							"size": [0.26655, 1.3281, 9.14415],
							"pivot": [0.13396, 6.50004, -35.05],
							"rotation": [-22.51971, -2.33983, 0.96977],
							"uv": {
								"up": {"uv": [40, 8], "uv_size": [0.5, 9]}
							}
						},
						{
							"origin": [-0.14101, 5.16894, -44.19416],
							"size": [0.275, 1.3271, 9.14415],
							"pivot": [0.13396, 6.50004, -35.05],
							"rotation": [-22.50225, -0.80572, 0.33376],
							"uv": {
								"up": {"uv": [16, 40], "uv_size": [0.5, 9]}
							}
						},
						{
							"origin": [-0.13399, 5.16894, -44.19416],
							"size": [0.275, 1.3301, 9.14415],
							"pivot": [-0.13396, 6.50004, -35.05],
							"rotation": [-22.50225, 0.80572, -0.33376],
							"uv": {
								"up": {"uv": [18, 40], "uv_size": [0.5, 9]}
							}
						},
						{
							"origin": [-0.13399, 5.16894, -44.19416],
							"size": [0.26655, 1.3291, 9.14415],
							"pivot": [-0.13396, 6.50004, -35.05],
							"rotation": [-22.51971, 2.33983, -0.96977],
							"uv": {
								"up": {"uv": [40, 18], "uv_size": [0.5, 9]}
							}
						},
						{
							"origin": [-0.13399, 5.16894, -44.19416],
							"size": [0.26655, 1.3281, 9.14415],
							"pivot": [-0.13396, 6.50004, -35.05],
							"rotation": [-22.55425, 3.87366, -1.60717],
							"uv": {
								"up": {"uv": [40, 28], "uv_size": [0.5, 9]}
							}
						}
					]
				},
				{
					"name": "dodecagon9",
					"parent": "mine",
					"pivot": [-0.00002, 6.00002, -32.6875],
					"rotation": [0, 0, -150],
					"cubes": [
						{
							"origin": [-1.07173, 8.66902, -43.5],
							"size": [2.1436, 1.3311, 0.0625],
							"pivot": [-1.07173, 10.00013, -43.5],
							"rotation": [-22.4999, 0, 0],
							"uv": {
								"up": {"uv": [56, 18], "uv_size": [2, 0.5]}
							}
						},
						{
							"origin": [-1.07173, 8.66902, -43.45],
							"size": [0.26655, 1.3271, 9.14415],
							"pivot": [-1.07173, 10.00013, -43.5],
							"rotation": [-22.60601, 5.407, -2.24689],
							"uv": {
								"up": {"uv": [40, 38], "uv_size": [0.5, 9]}
							}
						},
						{
							"origin": [0.80518, 8.66902, -43.45],
							"size": [0.26655, 1.3311, 9.14415],
							"pivot": [1.07173, 10.00013, -43.5],
							"rotation": [-22.60601, -5.407, 2.24689],
							"uv": {
								"up": {"uv": [8, 42], "uv_size": [0.5, 9]}
							}
						},
						{
							"origin": [-0.13257, 5.16894, -44.19416],
							"size": [0.26655, 1.3291, 9.14415],
							"pivot": [0.13396, 6.50004, -35.05],
							"rotation": [-22.55425, -3.87366, 1.60717],
							"uv": {
								"up": {"uv": [42, 8], "uv_size": [0.5, 9]}
							}
						},
						{
							"origin": [-0.13257, 5.16894, -44.19416],
							"size": [0.26655, 1.3281, 9.14415],
							"pivot": [0.13396, 6.50004, -35.05],
							"rotation": [-22.51971, -2.33983, 0.96977],
							"uv": {
								"up": {"uv": [10, 42], "uv_size": [0.5, 9]}
							}
						},
						{
							"origin": [-0.14101, 5.16894, -44.19416],
							"size": [0.275, 1.3271, 9.14415],
							"pivot": [0.13396, 6.50004, -35.05],
							"rotation": [-22.50225, -0.80572, 0.33376],
							"uv": {
								"up": {"uv": [42, 18], "uv_size": [0.5, 9]}
							}
						},
						{
							"origin": [-0.13399, 5.16894, -44.19416],
							"size": [0.275, 1.3301, 9.14415],
							"pivot": [-0.13396, 6.50004, -35.05],
							"rotation": [-22.50225, 0.80572, -0.33376],
							"uv": {
								"up": {"uv": [42, 28], "uv_size": [0.5, 9]}
							}
						},
						{
							"origin": [-0.13399, 5.16894, -44.19416],
							"size": [0.26655, 1.3291, 9.14415],
							"pivot": [-0.13396, 6.50004, -35.05],
							"rotation": [-22.51971, 2.33983, -0.96977],
							"uv": {
								"up": {"uv": [42, 38], "uv_size": [0.5, 9]}
							}
						},
						{
							"origin": [-0.13399, 5.16894, -44.19416],
							"size": [0.26655, 1.3281, 9.14415],
							"pivot": [-0.13396, 6.50004, -35.05],
							"rotation": [-22.55425, 3.87366, -1.60717],
							"uv": {
								"up": {"uv": [12, 43], "uv_size": [0.5, 9]}
							}
						}
					]
				},
				{
					"name": "dodecagon10",
					"parent": "mine",
					"pivot": [-0.00002, 6.00002, -32.6875],
					"rotation": [0, 0, -120],
					"cubes": [
						{
							"origin": [-1.07173, 8.66902, -43.5],
							"size": [2.1436, 1.3311, 0.0625],
							"pivot": [-1.07173, 10.00013, -43.5],
							"rotation": [-22.4999, 0, 0],
							"uv": {
								"up": {"uv": [56, 20], "uv_size": [2, 0.5]}
							}
						},
						{
							"origin": [-1.07173, 8.66902, -43.45],
							"size": [0.26655, 1.3271, 9.14415],
							"pivot": [-1.07173, 10.00013, -43.5],
							"rotation": [-22.60601, 5.407, -2.24689],
							"uv": {
								"up": {"uv": [14, 43], "uv_size": [0.5, 9]}
							}
						},
						{
							"origin": [0.80518, 8.66902, -43.45],
							"size": [0.26655, 1.3311, 9.14415],
							"pivot": [1.07173, 10.00013, -43.5],
							"rotation": [-22.60601, -5.407, 2.24689],
							"uv": {
								"up": {"uv": [44, 8], "uv_size": [0.5, 9]}
							}
						},
						{
							"origin": [-0.13257, 5.16894, -44.19416],
							"size": [0.26655, 1.3291, 9.14415],
							"pivot": [0.13396, 6.50004, -35.05],
							"rotation": [-22.55425, -3.87366, 1.60717],
							"uv": {
								"up": {"uv": [44, 18], "uv_size": [0.5, 9]}
							}
						},
						{
							"origin": [-0.13257, 5.16894, -44.19416],
							"size": [0.26655, 1.3281, 9.14415],
							"pivot": [0.13396, 6.50004, -35.05],
							"rotation": [-22.51971, -2.33983, 0.96977],
							"uv": {
								"up": {"uv": [20, 44], "uv_size": [0.5, 9]}
							}
						},
						{
							"origin": [-0.14101, 5.16894, -44.19416],
							"size": [0.275, 1.3271, 9.14415],
							"pivot": [0.13396, 6.50004, -35.05],
							"rotation": [-22.50225, -0.80572, 0.33376],
							"uv": {
								"up": {"uv": [44, 28], "uv_size": [0.5, 9]}
							}
						},
						{
							"origin": [-0.13399, 5.16894, -44.19416],
							"size": [0.275, 1.3301, 9.14415],
							"pivot": [-0.13396, 6.50004, -35.05],
							"rotation": [-22.50225, 0.80572, -0.33376],
							"uv": {
								"up": {"uv": [44, 38], "uv_size": [0.5, 9]}
							}
						},
						{
							"origin": [-0.13399, 5.16894, -44.19416],
							"size": [0.26655, 1.3291, 9.14415],
							"pivot": [-0.13396, 6.50004, -35.05],
							"rotation": [-22.51971, 2.33983, -0.96977],
							"uv": {
								"up": {"uv": [46, 8], "uv_size": [0.5, 9]}
							}
						},
						{
							"origin": [-0.13399, 5.16894, -44.19416],
							"size": [0.26655, 1.3281, 9.14415],
							"pivot": [-0.13396, 6.50004, -35.05],
							"rotation": [-22.55425, 3.87366, -1.60717],
							"uv": {
								"up": {"uv": [46, 18], "uv_size": [0.5, 9]}
							}
						}
					]
				},
				{
					"name": "dodecagon11",
					"parent": "mine",
					"pivot": [-0.00002, 6.00002, -32.6875],
					"rotation": [0, 0, -90],
					"cubes": [
						{
							"origin": [-1.07173, 8.66902, -43.5],
							"size": [2.1436, 1.3311, 0.0625],
							"pivot": [-1.07173, 10.00013, -43.5],
							"rotation": [-22.4999, 0, 0],
							"uv": {
								"up": {"uv": [56, 53], "uv_size": [2, 0.5]}
							}
						},
						{
							"origin": [-1.07173, 8.66902, -43.45],
							"size": [0.26655, 1.3271, 9.14415],
							"pivot": [-1.07173, 10.00013, -43.5],
							"rotation": [-22.60601, 5.407, -2.24689],
							"uv": {
								"up": {"uv": [46, 28], "uv_size": [0.5, 9]}
							}
						},
						{
							"origin": [0.80518, 8.66902, -43.45],
							"size": [0.26655, 1.3311, 9.14415],
							"pivot": [1.07173, 10.00013, -43.5],
							"rotation": [-22.60601, -5.407, 2.24689],
							"uv": {
								"up": {"uv": [46, 38], "uv_size": [0.5, 9]}
							}
						},
						{
							"origin": [-0.13257, 5.16894, -44.19416],
							"size": [0.26655, 1.3291, 9.14415],
							"pivot": [0.13396, 6.50004, -35.05],
							"rotation": [-22.55425, -3.87366, 1.60717],
							"uv": {
								"up": {"uv": [48, 8], "uv_size": [0.5, 9]}
							}
						},
						{
							"origin": [-0.13257, 5.16894, -44.19416],
							"size": [0.26655, 1.3281, 9.14415],
							"pivot": [0.13396, 6.50004, -35.05],
							"rotation": [-22.51971, -2.33983, 0.96977],
							"uv": {
								"up": {"uv": [48, 18], "uv_size": [0.5, 9]}
							}
						},
						{
							"origin": [-0.14101, 5.16894, -44.19416],
							"size": [0.275, 1.3271, 9.14415],
							"pivot": [0.13396, 6.50004, -35.05],
							"rotation": [-22.50225, -0.80572, 0.33376],
							"uv": {
								"up": {"uv": [22, 48], "uv_size": [0.5, 9]}
							}
						},
						{
							"origin": [-0.13399, 5.16894, -44.19416],
							"size": [0.275, 1.3301, 9.14415],
							"pivot": [-0.13396, 6.50004, -35.05],
							"rotation": [-22.50225, 0.80572, -0.33376],
							"uv": {
								"up": {"uv": [24, 48], "uv_size": [0.5, 9]}
							}
						},
						{
							"origin": [-0.13399, 5.16894, -44.19416],
							"size": [0.26655, 1.3291, 9.14415],
							"pivot": [-0.13396, 6.50004, -35.05],
							"rotation": [-22.51971, 2.33983, -0.96977],
							"uv": {
								"up": {"uv": [26, 48], "uv_size": [0.5, 9]}
							}
						},
						{
							"origin": [-0.13399, 5.16894, -44.19416],
							"size": [0.26655, 1.3281, 9.14415],
							"pivot": [-0.13396, 6.50004, -35.05],
							"rotation": [-22.55425, 3.87366, -1.60717],
							"uv": {
								"up": {"uv": [28, 48], "uv_size": [0.5, 9]}
							}
						}
					]
				},
				{
					"name": "dodecagon12",
					"parent": "mine",
					"pivot": [-0.00002, 6.00002, -32.6875],
					"rotation": [0, 0, -60],
					"cubes": [
						{
							"origin": [-1.07173, 8.66902, -43.5],
							"size": [2.1436, 1.3311, 0.0625],
							"pivot": [-1.07173, 10.00013, -43.5],
							"rotation": [-22.4999, 0, 0],
							"uv": {
								"up": {"uv": [56, 55], "uv_size": [2, 0.5]}
							}
						},
						{
							"origin": [-1.07173, 8.66902, -43.45],
							"size": [0.26655, 1.3271, 9.14415],
							"pivot": [-1.07173, 10.00013, -43.5],
							"rotation": [-22.60601, 5.407, -2.24689],
							"uv": {
								"up": {"uv": [48, 28], "uv_size": [0.5, 9]}
							}
						},
						{
							"origin": [0.80518, 8.66902, -43.45],
							"size": [0.26655, 1.3311, 9.14415],
							"pivot": [1.07173, 10.00013, -43.5],
							"rotation": [-22.60601, -5.407, 2.24689],
							"uv": {
								"up": {"uv": [30, 48], "uv_size": [0.5, 9]}
							}
						},
						{
							"origin": [-0.13257, 5.16894, -44.19416],
							"size": [0.26655, 1.3291, 9.14415],
							"pivot": [0.13396, 6.50004, -35.05],
							"rotation": [-22.55425, -3.87366, 1.60717],
							"uv": {
								"up": {"uv": [32, 48], "uv_size": [0.5, 9]}
							}
						},
						{
							"origin": [-0.13257, 5.16894, -44.19416],
							"size": [0.26655, 1.3281, 9.14415],
							"pivot": [0.13396, 6.50004, -35.05],
							"rotation": [-22.51971, -2.33983, 0.96977],
							"uv": {
								"up": {"uv": [34, 48], "uv_size": [0.5, 9]}
							}
						},
						{
							"origin": [-0.14101, 5.16894, -44.19416],
							"size": [0.275, 1.3271, 9.14415],
							"pivot": [0.13396, 6.50004, -35.05],
							"rotation": [-22.50225, -0.80572, 0.33376],
							"uv": {
								"up": {"uv": [36, 48], "uv_size": [0.5, 9]}
							}
						},
						{
							"origin": [-0.13399, 5.16894, -44.19416],
							"size": [0.275, 1.3301, 9.14415],
							"pivot": [-0.13396, 6.50004, -35.05],
							"rotation": [-22.50225, 0.80572, -0.33376],
							"uv": {
								"up": {"uv": [38, 48], "uv_size": [0.5, 9]}
							}
						},
						{
							"origin": [-0.13399, 5.16894, -44.19416],
							"size": [0.26655, 1.3291, 9.14415],
							"pivot": [-0.13396, 6.50004, -35.05],
							"rotation": [-22.51971, 2.33983, -0.96977],
							"uv": {
								"up": {"uv": [48, 38], "uv_size": [0.5, 9]}
							}
						},
						{
							"origin": [-0.13399, 5.16894, -44.19416],
							"size": [0.26655, 1.3281, 9.14415],
							"pivot": [-0.13396, 6.50004, -35.05],
							"rotation": [-22.55425, 3.87366, -1.60717],
							"uv": {
								"up": {"uv": [40, 48], "uv_size": [0.5, 9]}
							}
						}
					]
				},
				{
					"name": "dodecagon13",
					"parent": "mine",
					"pivot": [-0.00002, 6.00002, -32.6875],
					"rotation": [0, 0, -30],
					"cubes": [
						{
							"origin": [-1.07173, 8.66902, -43.5],
							"size": [2.1436, 1.3311, 0.0625],
							"pivot": [-1.07173, 10.00013, -43.5],
							"rotation": [-22.4999, 0, 0],
							"uv": {
								"up": {"uv": [8, 57], "uv_size": [2, 0.5]}
							}
						},
						{
							"origin": [-1.07173, 8.66902, -43.45],
							"size": [0.26655, 1.3271, 9.14415],
							"pivot": [-1.07173, 10.00013, -43.5],
							"rotation": [-22.60601, 5.407, -2.24689],
							"uv": {
								"up": {"uv": [42, 48], "uv_size": [0.5, 9]}
							}
						},
						{
							"origin": [0.80518, 8.66902, -43.45],
							"size": [0.26655, 1.3311, 9.14415],
							"pivot": [1.07173, 10.00013, -43.5],
							"rotation": [-22.60601, -5.407, 2.24689],
							"uv": {
								"up": {"uv": [44, 48], "uv_size": [0.5, 9]}
							}
						},
						{
							"origin": [-0.13257, 5.16894, -44.19416],
							"size": [0.26655, 1.3291, 9.14415],
							"pivot": [0.13396, 6.50004, -35.05],
							"rotation": [-22.55425, -3.87366, 1.60717],
							"uv": {
								"up": {"uv": [46, 48], "uv_size": [0.5, 9]}
							}
						},
						{
							"origin": [-0.13257, 5.16894, -44.19416],
							"size": [0.26655, 1.3281, 9.14415],
							"pivot": [0.13396, 6.50004, -35.05],
							"rotation": [-22.51971, -2.33983, 0.96977],
							"uv": {
								"up": {"uv": [48, 48], "uv_size": [0.5, 9]}
							}
						},
						{
							"origin": [-0.14101, 5.16894, -44.19416],
							"size": [0.275, 1.3271, 9.14415],
							"pivot": [0.13396, 6.50004, -35.05],
							"rotation": [-22.50225, -0.80572, 0.33376],
							"uv": {
								"up": {"uv": [50, 8], "uv_size": [0.5, 9]}
							}
						},
						{
							"origin": [-0.13399, 5.16894, -44.19416],
							"size": [0.275, 1.3301, 9.14415],
							"pivot": [-0.13396, 6.50004, -35.05],
							"rotation": [-22.50225, 0.80572, -0.33376],
							"uv": {
								"up": {"uv": [16, 50], "uv_size": [0.5, 9]}
							}
						},
						{
							"origin": [-0.13399, 5.16894, -44.19416],
							"size": [0.26655, 1.3291, 9.14415],
							"pivot": [-0.13396, 6.50004, -35.05],
							"rotation": [-22.51971, 2.33983, -0.96977],
							"uv": {
								"up": {"uv": [18, 50], "uv_size": [0.5, 9]}
							}
						},
						{
							"origin": [-0.13399, 5.16894, -44.19416],
							"size": [0.26655, 1.3281, 9.14415],
							"pivot": [-0.13396, 6.50004, -35.05],
							"rotation": [-22.55425, 3.87366, -1.60717],
							"uv": {
								"up": {"uv": [50, 18], "uv_size": [0.5, 9]}
							}
						}
					]
				},
				{
					"name": "positioning",
					"pivot": [3, 4, 0]
				},
				{
					"name": "thirdperson_hand",
					"parent": "positioning",
					"pivot": [0, 6, 0]
				},
				{
					"name": "ground",
					"parent": "positioning",
					"pivot": [0, 0, 0]
				},
				{
					"name": "fixed",
					"parent": "positioning",
					"pivot": [0, 6, 0],
					"rotation": [90, 22.5, 90]
				},
				{
					"name": "view",
					"pivot": [0, 0, 0]
				},
				{
					"name": "iron_view",
					"parent": "view",
					"pivot": [1.5, 10.255, 14]
				},
				{
					"name": "refit_view",
					"parent": "view",
					"pivot": [50, 8, -2],
					"rotation": [0, 90, 0]
				},
				{
					"name": "camera",
					"pivot": [2, 11, 16],
					"rotation": [0, 0, -4]
				},
				{
					"name": "idle_view",
					"parent": "camera",
					"pivot": [1.75061, 11, 16]
				}
			]
		}
	]
}