{
	"format_version": "1.12.0",
	"minecraft:geometry": [
		{
			"description": {
				"identifier": "geometry.unknown",
				"texture_width": 64,
				"texture_height": 64,
				"visible_bounds_width": 6,
				"visible_bounds_height": 3,
				"visible_bounds_offset": [0, 0.5, 0]
			},
			"bones": [
				{
					"name": "root",
					"pivot": [0, 4, 13]
				},
				{
					"name": "right_gun",
					"parent": "root",
					"pivot": [0, 3, 6]
				},
				{
					"name": "gun",
					"parent": "right_gun",
					"pivot": [0, 3, 6]
				},
				{
					"name": "receiver",
					"parent": "gun",
					"pivot": [0, -0.34375, -2.375]
				},
				{
					"name": "main",
					"parent": "receiver",
					"pivot": [-0.625, 2.02858, 1.89995],
					"cubes": [
						{
							"origin": [-0.39063, 5.4375, -5.73437],
							"size": [0.78125, 0.625, 0.9375],
							"uv": {
								"north": {"uv": [4, 42], "uv_size": [1, 0.5]},
								"east": {"uv": [42, 4], "uv_size": [1, 0.5]},
								"south": {"uv": [6, 42], "uv_size": [1, 0.5]},
								"west": {"uv": [42, 6], "uv_size": [1, 0.5]},
								"down": {"uv": [0, 35], "uv_size": [1, -1]}
							}
						},
						{
							"origin": [-0.125, 4.1875, -5.39062],
							"size": [0.25, 1.25, 0.25],
							"pivot": [0, 4.5, -5.26562],
							"rotation": [0, -42.5, 0],
							"uv": {
								"north": {"uv": [37, 32], "uv_size": [0.5, 1.5]},
								"east": {"uv": [33, 37], "uv_size": [0.5, 1.5]},
								"south": {"uv": [35, 37], "uv_size": [0.5, 1.5]},
								"west": {"uv": [37, 37], "uv_size": [0.5, 1.5]}
							}
						},
						{
							"origin": [-0.39062, 3.97675, -5.94942],
							"size": [0.78125, 0.3125, 2],
							"uv": {
								"east": {"uv": [33, 16], "uv_size": [2, 0.5]},
								"west": {"uv": [33, 18], "uv_size": [2, 0.5]},
								"up": {"uv": [24, 18], "uv_size": [1, 2]}
							}
						},
						{
							"origin": [-0.41456, 3.9427, -6.55709],
							"size": [0.55348, 0.34655, 0.55138],
							"pivot": [-0.46875, 4.28925, -5.94942],
							"rotation": [0, -45, 0],
							"uv": {
								"north": {"uv": [44, 46], "uv_size": [0.5, 0.5]},
								"east": {"uv": [46, 46], "uv_size": [0.5, 0.5]},
								"up": {"uv": [2, 47], "uv_size": [0.5, 0.5]},
								"down": {"uv": [47, 2.5], "uv_size": [0.5, -0.5]}
							}
						},
						{
							"origin": [-0.39062, 3.84619, -5.92783],
							"size": [0.78125, 0.3125, 1.09375],
							"pivot": [-0.625, 4.15869, -4.83408],
							"rotation": [-5, 0, 0],
							"uv": {
								"east": {"uv": [15, 40], "uv_size": [1, 0.5]},
								"west": {"uv": [40, 17], "uv_size": [1, 0.5]},
								"down": {"uv": [32, 31], "uv_size": [1, -1]}
							}
						},
						{
							"origin": [-0.3906, 2.87243, -4.2203],
							"size": [0.7811, 1.1875, 0.8125],
							"pivot": [-0.625, 3.49743, -2.9703],
							"rotation": [-47.5, 0, 0],
							"uv": {
								"north": {"uv": [18, 33], "uv_size": [1, 1]},
								"east": {"uv": [33, 24], "uv_size": [1, 1]},
								"west": {"uv": [33, 26], "uv_size": [1, 1]}
							}
						},
						{
							"origin": [-0.39063, 3.26306, -5.1578],
							"size": [0.78125, 0.45312, 1.25],
							"pivot": [-0.625, 3.26306, -3.9078],
							"rotation": [-30, 0, 0],
							"uv": {
								"east": {"uv": [36, 0], "uv_size": [1.5, 0.5]},
								"west": {"uv": [36, 8], "uv_size": [1.5, 0.5]},
								"down": {"uv": [22, 28.5], "uv_size": [1, -1.5]}
							}
						},
						{
							"origin": [-0.5, 3.6689, -3.70273],
							"size": [1, 0.3125, 0.3125],
							"pivot": [0, 3.8564, -3.51523],
							"rotation": [-45, 0, 0],
							"uv": {
								"north": {"uv": [44, 14], "uv_size": [1, 0.5]},
								"east": {"uv": [50, 20], "uv_size": [0.5, 0.5]},
								"south": {"uv": [44, 16], "uv_size": [1, 0.5]},
								"west": {"uv": [22, 50], "uv_size": [0.5, 0.5]},
								"up": {"uv": [18, 44], "uv_size": [1, 0.5]},
								"down": {"uv": [20, 44.5], "uv_size": [1, -0.5]}
							}
						},
						{
							"origin": [-0.15625, 4.6412, 1.61732],
							"size": [0.3125, 0.15625, 0.3125],
							"pivot": [0, 4.40682, 1.77357],
							"rotation": [-77.80128, -11.93126, 43.72048],
							"uv": {
								"north": {"uv": [30, 46], "uv_size": [0.5, 0.5]},
								"east": {"uv": [32, 46], "uv_size": [0.5, 0.5]},
								"south": {"uv": [34, 46], "uv_size": [0.5, 0.5]},
								"west": {"uv": [36, 46], "uv_size": [0.5, 0.5]},
								"up": {"uv": [38, 46], "uv_size": [0.5, 0.5]}
							}
						},
						{
							"origin": [-0.54688, 3.74504, 0.88783],
							"size": [1.09375, 0.45625, 1.25],
							"pivot": [-0.625, 4.20129, 2.13783],
							"rotation": [-73, 0, 0],
							"uv": {
								"east": {"uv": [37, 28], "uv_size": [1.5, 0.5]},
								"west": {"uv": [37, 30], "uv_size": [1.5, 0.5]},
								"up": {"uv": [28, 28], "uv_size": [1, 1.5]}
							}
						},
						{
							"origin": [-0.54688, 1.903, 0.08993],
							"size": [1.09375, 0.44077, 1.79745],
							"pivot": [-0.625, 2.33425, 1.96493],
							"rotation": [-95, 0, 0],
							"uv": {
								"east": {"uv": [32, 32], "uv_size": [2, 0.5]},
								"west": {"uv": [33, 0], "uv_size": [2, 0.5]},
								"up": {"uv": [18, 23], "uv_size": [1, 2]}
							}
						},
						{
							"origin": [-0.39063, 2.03224, 4.81389],
							"size": [0.78125, 0.16875, 0.53125],
							"pivot": [0.625, 2.03224, 4.81389],
							"rotation": [45, 0, 0],
							"uv": {
								"east": {"uv": [22, 46], "uv_size": [0.5, 0.5]},
								"south": {"uv": [37, 40], "uv_size": [1, 0.5]},
								"west": {"uv": [46, 22], "uv_size": [0.5, 0.5]},
								"up": {"uv": [39, 40], "uv_size": [1, 0.5]},
								"down": {"uv": [41, 10.5], "uv_size": [1, -0.5]}
							}
						},
						{
							"origin": [-0.39063, 3.42193, 1.71195],
							"size": [0.78125, 0.34375, 0.78125],
							"pivot": [0, 3.56255, 2.10258],
							"rotation": [55, 0, 0],
							"uv": {
								"east": {"uv": [0, 42], "uv_size": [1, 0.5]},
								"west": {"uv": [42, 0], "uv_size": [1, 0.5]},
								"down": {"uv": [16, 34], "uv_size": [1, -1]}
							}
						},
						{
							"origin": [-0.39063, 1.79176, 4.15317],
							"size": [0.78125, 0.15625, 0.70312],
							"pivot": [0.625, 1.79176, 4.15317],
							"rotation": [20, 0, 0],
							"uv": {
								"east": {"uv": [45, 31], "uv_size": [0.5, 0.5]},
								"west": {"uv": [45, 33], "uv_size": [0.5, 0.5]},
								"up": {"uv": [40, 22], "uv_size": [1, 0.5]},
								"down": {"uv": [23, 40.5], "uv_size": [1, -0.5]}
							}
						},
						{
							"origin": [-0.39063, 3.64068, 2.25883],
							"size": [0.78125, 0.15625, 0.46875],
							"pivot": [0, 3.7188, 2.33695],
							"rotation": [25, 0, 0],
							"uv": {
								"east": {"uv": [46, 26], "uv_size": [0.5, 0.5]},
								"west": {"uv": [46, 28], "uv_size": [0.5, 0.5]},
								"down": {"uv": [41, 40.5], "uv_size": [1, -0.5]}
							}
						},
						{
							"origin": [-0.39063, 3.84995, 2.05255],
							"size": [0.78125, 0.21875, 2.96875],
							"pivot": [0.625, 3.84995, 2.2088],
							"rotation": [-6, 0, 0],
							"uv": {
								"east": {"uv": [28, 12], "uv_size": [3, 0.5]},
								"west": {"uv": [24, 28], "uv_size": [3, 0.5]},
								"up": {"uv": [8, 19], "uv_size": [1, 3]},
								"down": {"uv": [10, 22], "uv_size": [1, -3]}
							}
						},
						{
							"origin": [-0.23438, 3.53745, 3.61505],
							"size": [0.46875, 2.09375, 0.39062],
							"uv": {
								"north": {"uv": [35, 20], "uv_size": [0.5, 2]},
								"east": {"uv": [35, 23], "uv_size": [0.5, 2]},
								"south": {"uv": [28, 35], "uv_size": [0.5, 2]},
								"west": {"uv": [35, 32], "uv_size": [0.5, 2]}
							}
						},
						{
							"origin": [-0.23438, 4.55308, 3.61505],
							"size": [0.46875, 0.6875, 0.39062],
							"pivot": [0, 4.5062, 3.81036],
							"rotation": [-30, 0, 0],
							"uv": {
								"east": {"uv": [14, 50], "uv_size": [0.5, 0.5]},
								"south": {"uv": [50, 14], "uv_size": [0.5, 0.5]},
								"west": {"uv": [50, 16], "uv_size": [0.5, 0.5]}
							}
						},
						{
							"origin": [-0.23438, 2.84995, 3.61505],
							"size": [0.46875, 0.6875, 0.3125],
							"pivot": [0.39062, 3.53745, 3.61505],
							"rotation": [52.5, 0, 0],
							"uv": {
								"north": {"uv": [49, 42], "uv_size": [0.5, 0.5]},
								"east": {"uv": [48, 49], "uv_size": [0.5, 0.5]},
								"south": {"uv": [0, 50], "uv_size": [0.5, 0.5]},
								"west": {"uv": [50, 0], "uv_size": [0.5, 0.5]}
							}
						},
						{
							"origin": [-0.23437, 2.67935, 4.11634],
							"size": [0.46875, 0.6875, 0.23437],
							"pivot": [-0.39063, 3.36685, 4.35071],
							"rotation": [7.5, 0, 0],
							"uv": {
								"north": {"uv": [4, 50], "uv_size": [0.5, 0.5]},
								"east": {"uv": [50, 4], "uv_size": [0.5, 0.5]},
								"south": {"uv": [6, 50], "uv_size": [0.5, 0.5]},
								"west": {"uv": [50, 6], "uv_size": [0.5, 0.5]}
							}
						},
						{
							"origin": [-0.23437, 2.15398, 4.20608],
							"size": [0.46875, 0.53125, 0.23437],
							"pivot": [-0.39063, 2.68523, 4.44045],
							"rotation": [-25, 0, 0],
							"uv": {
								"north": {"uv": [8, 50], "uv_size": [0.5, 0.5]},
								"east": {"uv": [50, 8], "uv_size": [0.5, 0.5]},
								"south": {"uv": [10, 50], "uv_size": [0.5, 0.5]},
								"west": {"uv": [12, 50], "uv_size": [0.5, 0.5]},
								"down": {"uv": [50, 12.5], "uv_size": [0.5, -0.5]}
							}
						},
						{
							"origin": [-0.39063, 2.95011, 5.07983],
							"size": [0.78125, 1, 0.32813],
							"pivot": [0.625, 2.95011, 5.01733],
							"rotation": [40, 0, 0],
							"uv": {
								"north": {"uv": [33, 10], "uv_size": [1, 1]},
								"east": {"uv": [41, 26], "uv_size": [0.5, 1]},
								"west": {"uv": [30, 41], "uv_size": [0.5, 1]},
								"down": {"uv": [41, 32.5], "uv_size": [1, -0.5]}
							}
						},
						{
							"origin": [-0.39063, 3.2012, 4.94157],
							"size": [0.78125, 0.9375, 0.375],
							"uv": {
								"east": {"uv": [17, 41], "uv_size": [0.5, 1]},
								"south": {"uv": [6, 33], "uv_size": [1, 1]},
								"west": {"uv": [41, 19], "uv_size": [0.5, 1]}
							}
						},
						{
							"origin": [-0.39063, 2.32511, 5.07983],
							"size": [0.78125, 0.15625, 0.84375],
							"pivot": [0.625, 2.32511, 5.07983],
							"rotation": [87.5, 0, 0],
							"uv": {
								"east": {"uv": [40, 24], "uv_size": [1, 0.5]},
								"west": {"uv": [28, 40], "uv_size": [1, 0.5]},
								"up": {"uv": [33, 2], "uv_size": [1, 1]},
								"down": {"uv": [4, 34], "uv_size": [1, -1]}
							}
						},
						{
							"origin": [-0.39063, 1.79992, 1.88797],
							"size": [0.78125, 0.15625, 2.26563],
							"pivot": [-0.625, 1.79992, 4.07547],
							"rotation": [-6, 0, 0],
							"uv": {
								"east": {"uv": [29, 10], "uv_size": [2.5, 0.5]},
								"west": {"uv": [29, 24], "uv_size": [2.5, 0.5]},
								"up": {"uv": [4, 20], "uv_size": [1, 2.5]},
								"down": {"uv": [14, 22.5], "uv_size": [1, -2.5]}
							}
						},
						{
							"origin": [-0.54688, 2.26587, 0.93555],
							"size": [1.09375, 3.76563, 0.65625],
							"pivot": [-0.625, 2.82837, 3.43555],
							"rotation": [-4.5, 0, 0],
							"uv": {
								"east": {"uv": [4, 24], "uv_size": [0.5, 4]},
								"south": {"uv": [6, 14], "uv_size": [1, 4]},
								"west": {"uv": [14, 24], "uv_size": [0.5, 4]}
							}
						},
						{
							"origin": [-0.46875, 2.48886, -1.17455],
							"size": [0.9375, 3.54264, 2.1101],
							"pivot": [-0.625, 2.82837, 1.32617],
							"rotation": [-4.5, 0, 0],
							"uv": {
								"east": {"uv": [4, 0], "uv_size": [2, 3.5]},
								"west": {"uv": [4, 5], "uv_size": [2, 3.5]}
							}
						},
						{
							"origin": [-0.19416, 2.74861, -1.8564],
							"size": [0.66291, 3.40201, 0.66292],
							"pivot": [0.46875, 2.68611, -1.19348],
							"rotation": [-6.35094, 44.82365, -4.48618],
							"uv": {
								"north": {"uv": [12, 25], "uv_size": [0.5, 3.5]},
								"west": {"uv": [16, 26], "uv_size": [0.5, 3.5]},
								"down": {"uv": [47, 32.5], "uv_size": [0.5, -0.5]}
							}
						},
						{
							"origin": [-1.17839, 2.55016, 0.22446],
							"size": [0.7734, 3.60046, 0.77339],
							"pivot": [-0.03125, 2.68611, -0.19348],
							"rotation": [-6.35094, 44.82365, -4.48618],
							"uv": {
								"north": {"uv": [12, 25], "uv_size": [0.5, 3.5]},
								"west": {"uv": [16, 26], "uv_size": [0.5, 3.5]}
							}
						},
						{
							"origin": [-0.39063, 3.06275, -3.5957],
							"size": [0.78125, 2.89062, 2.42187],
							"pivot": [-0.625, 2.82837, -1.17383],
							"rotation": [-4.5, 0, 0],
							"uv": {
								"north": {"uv": [12, 19], "uv_size": [1, 3]},
								"east": {"uv": [0, 0], "uv_size": [2.5, 3]},
								"west": {"uv": [0, 4], "uv_size": [2.5, 3]}
							}
						},
						{
							"origin": [-0.39063, 2.1103, 1.84919],
							"size": [0.78125, 0.17187, 0.60937],
							"pivot": [0, 2.08686, 2.23981],
							"rotation": [-37.25, 0, 0],
							"uv": {
								"east": {"uv": [24, 46], "uv_size": [0.5, 0.5]},
								"west": {"uv": [26, 46], "uv_size": [0.5, 0.5]},
								"up": {"uv": [41, 38], "uv_size": [1, 0.5]}
							}
						},
						{
							"origin": [-0.39063, 2.32905, 1.58356],
							"size": [0.78125, 0.25, 0.78125],
							"pivot": [0, 2.44624, 1.97419],
							"rotation": [-74.5, 0, 0],
							"uv": {
								"east": {"uv": [41, 34], "uv_size": [1, 0.5]},
								"west": {"uv": [41, 36], "uv_size": [1, 0.5]},
								"up": {"uv": [14, 33], "uv_size": [1, 1]}
							}
						},
						{
							"origin": [-0.39063, 2.02858, -4.03755],
							"size": [0.78125, 0.39062, 2.79058],
							"pivot": [-0.625, 2.02858, 1.89995],
							"rotation": [-12, 0, 0],
							"uv": {
								"east": {"uv": [27, 14], "uv_size": [3, 0.5]},
								"west": {"uv": [27, 16], "uv_size": [3, 0.5]},
								"down": {"uv": [6, 22], "uv_size": [1, -3]}
							}
						},
						{
							"origin": [-0.46875, 2.02858, -1.26259],
							"size": [0.9375, 0.39062, 1.85308],
							"pivot": [-0.625, 2.02858, 1.89995],
							"rotation": [-12, 0, 0],
							"uv": {
								"east": {"uv": [34, 28], "uv_size": [2, 0.5]},
								"west": {"uv": [30, 34], "uv_size": [2, 0.5]},
								"down": {"uv": [20, 26], "uv_size": [1, -2]}
							}
						},
						{
							"origin": [-0.54688, 2.02858, 0.59049],
							"size": [1.09375, 0.39062, 1.30946],
							"pivot": [-0.625, 2.02858, 1.89995],
							"rotation": [-12, 0, 0],
							"uv": {
								"east": {"uv": [38, 10], "uv_size": [1.5, 0.5]},
								"south": {"uv": [21, 42], "uv_size": [1, 0.5]},
								"west": {"uv": [23, 38], "uv_size": [1.5, 0.5]},
								"up": {"uv": [29, 0], "uv_size": [1, 1.5]},
								"down": {"uv": [29, 4.5], "uv_size": [1, -1.5]}
							}
						},
						{
							"origin": [-0.56976, 2.30083, -0.20954],
							"size": [0.7734, 0.39063, 0.7734],
							"pivot": [-0.625, 2.30083, 0.6191],
							"rotation": [-16.7308, -43.76124, 11.74513],
							"uv": {
								"north": {"uv": [42, 21], "uv_size": [1, 0.5]},
								"east": {"uv": [23, 42], "uv_size": [1, 0.5]},
								"up": {"uv": [22, 34], "uv_size": [1, 1]},
								"down": {"uv": [26, 35], "uv_size": [1, -1]}
							}
						}
					]
				},
				{
					"name": "sight",
					"parent": "main",
					"pivot": [0, 7.575, -5.9125],
					"cubes": [
						{
							"origin": [-0.0875, 7.5125, -5.98],
							"size": [0.175, 0.175, 0.125],
							"uv": {
								"north": {"uv": [16, 51], "uv_size": [0.5, 0.5]},
								"east": {"uv": [51, 18], "uv_size": [0.5, 0.5]},
								"south": {"uv": [51, 24], "uv_size": [0.5, 0.5]},
								"west": {"uv": [28, 51], "uv_size": [0.5, 0.5]},
								"up": {"uv": [51, 30], "uv_size": [0.5, 0.5]}
							}
						}
					]
				},
				{
					"name": "green_illuminated",
					"parent": "sight",
					"pivot": [0, 7.575, -5.9125],
					"cubes": [
						{
							"origin": [-0.05, 7.55, -5.978],
							"size": [0.1, 0.1, 0.125],
							"pivot": [0, 7.6, -5.9115],
							"rotation": [0, 0, 45],
							"uv": {
								"south": {"uv": [34, 50], "uv_size": [0.5, 0.5]}
							}
						}
					]
				},
				{
					"name": "octagon2",
					"parent": "receiver",
					"pivot": [0, 6.6875, -3.3125],
					"cubes": [
						{
							"origin": [-0.34302, 5.85938, -5.98125],
							"size": [0.68604, 1.65625, 2.65625],
							"pivot": [0, 6.6875, -3.3125],
							"rotation": [0, 0, 45],
							"uv": {
								"north": {"uv": [38, 16], "uv_size": [0.5, 1.5]},
								"south": {"uv": [17, 38], "uv_size": [0.5, 1.5]},
								"up": {"uv": [12, 30], "uv_size": [0.5, 2.5]},
								"down": {"uv": [26, 32.5], "uv_size": [0.5, -2.5]}
							}
						},
						{
							"origin": [0.00458, 6.46323, 1.675],
							"size": [0.82355, 0.25625, 2.5175],
							"pivot": [0.82813, 6.71948, 1.675],
							"rotation": [-4.68, -0.41329, 54.05725],
							"uv": {
								"up": {"uv": [21, 10], "uv_size": [1, 2.5]}
							}
						},
						{
							"origin": [-0.82813, 6.46323, 1.675],
							"size": [0.82355, 0.25625, 2.5175],
							"pivot": [-0.82813, 6.71948, 1.675],
							"rotation": [-4.68, 0.41329, -54.05725],
							"uv": {
								"up": {"uv": [23, 0], "uv_size": [1, 2.5]}
							}
						},
						{
							"origin": [-0.34302, 5.85938, -5.98125],
							"size": [0.68604, 1.65625, 2.65625],
							"uv": {
								"north": {"uv": [26, 36], "uv_size": [0.5, 1.5]},
								"south": {"uv": [2, 37], "uv_size": [0.5, 1.5]},
								"up": {"uv": [6, 29], "uv_size": [0.5, 2.5]},
								"down": {"uv": [14, 31.5], "uv_size": [0.5, -2.5]}
							}
						},
						{
							"origin": [-0.34302, 5.01563, 4.70625],
							"size": [0.68604, 0.73437, 0.95313],
							"pivot": [0, 6.03125, 4.8125],
							"rotation": [-75, 0, 0],
							"uv": {
								"east": {"uv": [43, 38], "uv_size": [1, 0.5]},
								"south": {"uv": [48, 45], "uv_size": [0.5, 0.5]},
								"west": {"uv": [43, 40], "uv_size": [1, 0.5]},
								"down": {"uv": [0, 45], "uv_size": [0.5, -1]}
							}
						},
						{
							"origin": [-0.40552, 5.2064, 4.12012],
							"size": [0.81104, 0.25, 0.25],
							"pivot": [0, 5.3564, 4.27012],
							"rotation": [-45, 0, 0],
							"uv": {
								"north": {"uv": [10, 44], "uv_size": [1, 0.5]},
								"east": {"uv": [18, 50], "uv_size": [0.5, 0.5]},
								"south": {"uv": [12, 44], "uv_size": [1, 0.5]},
								"west": {"uv": [20, 50], "uv_size": [0.5, 0.5]},
								"up": {"uv": [44, 12], "uv_size": [1, 0.5]},
								"down": {"uv": [14, 44.5], "uv_size": [1, -0.5]}
							}
						},
						{
							"origin": [-0.34302, 5.71875, -4.80937],
							"size": [0.68604, 0.21875, 7.34375],
							"uv": {
								"east": {"uv": [18, 14], "uv_size": [7.5, 0.5]},
								"south": {"uv": [46, 48], "uv_size": [0.5, 0.5]},
								"west": {"uv": [18, 16], "uv_size": [7.5, 0.5]},
								"up": {"uv": [0, 18], "uv_size": [0.5, 7.5]},
								"down": {"uv": [2, 25.5], "uv_size": [0.5, -7.5]}
							}
						},
						{
							"origin": [-0.15625, 5.51563, 1.9875],
							"size": [0.3125, 0.125, 0.3125],
							"pivot": [0, 5.57813, 2.14375],
							"rotation": [0, -45, 0],
							"uv": {
								"north": {"uv": [48, 47], "uv_size": [0.5, 0.5]},
								"east": {"uv": [2, 49], "uv_size": [0.5, 0.5]},
								"south": {"uv": [49, 2], "uv_size": [0.5, 0.5]},
								"west": {"uv": [49, 10], "uv_size": [0.5, 0.5]},
								"down": {"uv": [16, 49.5], "uv_size": [0.5, -0.5]}
							}
						},
						{
							"origin": [-0.2649, 5.60313, 1.75313],
							"size": [0.5298, 0.11562, 1.89062],
							"uv": {
								"east": {"uv": [35, 10], "uv_size": [2, 0.5]},
								"west": {"uv": [14, 35], "uv_size": [2, 0.5]},
								"up": {"uv": [6, 35], "uv_size": [0.5, 2]},
								"down": {"uv": [17, 37], "uv_size": [0.5, -2]}
							}
						},
						{
							"origin": [0.25073, 7.34688, -3.16875],
							"size": [0.09229, 0.16875, 0.34375],
							"pivot": [0.34302, 7.51563, -3.16875],
							"rotation": [-30, 0, 0],
							"uv": {
								"east": {"uv": [47, 10], "uv_size": [0.5, 0.5]},
								"west": {"uv": [16, 47], "uv_size": [0.5, 0.5]},
								"up": {"uv": [47, 18], "uv_size": [0.5, 0.5]}
							}
						},
						{
							"origin": [0.25073, 6.48438, -3.325],
							"size": [0.09229, 1.03125, 0.15625],
							"uv": {
								"east": {"uv": [44, 29], "uv_size": [0.5, 1]},
								"south": {"uv": [31, 44], "uv_size": [0.5, 1]},
								"west": {"uv": [33, 44], "uv_size": [0.5, 1]},
								"up": {"uv": [51, 34], "uv_size": [0.5, 0.5]}
							}
						},
						{
							"origin": [-0.07281, 6.48438, -3.325],
							"size": [0.32354, 1.03125, 0.15625],
							"pivot": [0.25073, 7.51563, -3.16875],
							"rotation": [0, -30, 0],
							"uv": {
								"south": {"uv": [42, 14], "uv_size": [0.5, 1]},
								"up": {"uv": [47, 24], "uv_size": [0.5, 0.5]}
							}
						},
						{
							"origin": [-0.82813, 6.34448, -5.98125],
							"size": [1.65626, 0.68604, 2.65625],
							"pivot": [0, 6.6875, -3.3125],
							"rotation": [0, 0, 45],
							"uv": {
								"north": {"uv": [37, 4], "uv_size": [1.5, 0.5]},
								"east": {"uv": [29, 26], "uv_size": [2.5, 0.5]},
								"south": {"uv": [37, 6], "uv_size": [1.5, 0.5]},
								"west": {"uv": [8, 30], "uv_size": [2.5, 0.5]}
							}
						},
						{
							"origin": [0.72187, 6.34448, -3.325],
							"size": [0.10626, 0.68604, 8.575],
							"pivot": [0, 6.6875, -2.84375],
							"rotation": [0, 0, 45],
							"uv": {
								"east": {"uv": [11, 12], "uv_size": [8.5, 0.5]},
								"west": {"uv": [13, 0], "uv_size": [8.5, 0.5]}
							}
						},
						{
							"origin": [-0.82813, 6.34448, -3.325],
							"size": [0.10625, 0.68604, 8.575],
							"pivot": [0, 6.6875, -2.84375],
							"rotation": [0, 0, -45],
							"uv": {
								"east": {"uv": [13, 2], "uv_size": [8.5, 0.5]},
								"west": {"uv": [11, 12], "uv_size": [8.5, 0.5]},
								"up": {"uv": [4, 10], "uv_size": [0.5, 8.5]}
							}
						},
						{
							"origin": [-0.82813, 6.34448, -5.98125],
							"size": [1.65626, 0.68604, 2.65625],
							"uv": {
								"north": {"uv": [12, 37], "uv_size": [1.5, 0.5]},
								"east": {"uv": [22, 30], "uv_size": [2.5, 0.5]},
								"south": {"uv": [37, 14], "uv_size": [1.5, 0.5]},
								"west": {"uv": [30, 28], "uv_size": [2.5, 0.5]}
							}
						},
						{
							"origin": [-0.82813, 6.34448, 1.20625],
							"size": [1.65626, 0.68604, 0.4875],
							"uv": {
								"north": {"uv": [4, 38], "uv_size": [1.5, 0.5]},
								"east": {"uv": [40, 46], "uv_size": [0.5, 0.5]},
								"west": {"uv": [46, 41], "uv_size": [0.5, 0.5]}
							}
						},
						{
							"origin": [0.63125, 6.34704, 4.19375],
							"size": [0.19687, 0.37244, 1.15678],
							"pivot": [0.82813, 6.71948, 4.19375],
							"rotation": [-12.5, 0, 0],
							"uv": {
								"east": {"uv": [16, 43], "uv_size": [1, 0.5]},
								"west": {"uv": [43, 18], "uv_size": [1, 0.5]},
								"up": {"uv": [43, 25], "uv_size": [0.5, 1]},
								"down": {"uv": [29, 44], "uv_size": [0.5, -1]}
							}
						},
						{
							"origin": [-0.33828, 5.59949, 3.5803],
							"size": [0.67656, 0.45166, 2.575],
							"uv": {
								"north": {"uv": [30, 50], "uv_size": [0.5, 0.5]},
								"east": {"uv": [31, 22], "uv_size": [2.5, 0.5]},
								"south": {"uv": [32, 50], "uv_size": [0.5, 0.5]},
								"west": {"uv": [0, 32], "uv_size": [2.5, 0.5]},
								"up": {"uv": [32, 6], "uv_size": [0.5, 2.5]},
								"down": {"uv": [8, 34.5], "uv_size": [0.5, -2.5]}
							}
						},
						{
							"origin": [-0.33828, 5.84949, 6.1553],
							"size": [0.67656, 0.20166, 0.25],
							"pivot": [0.33828, 6.05115, 6.1553],
							"rotation": [-45, 0, 0],
							"uv": {
								"east": {"uv": [46, 50], "uv_size": [0.5, 0.5]},
								"south": {"uv": [50, 46], "uv_size": [0.5, 0.5]},
								"west": {"uv": [50, 48], "uv_size": [0.5, 0.5]},
								"up": {"uv": [50, 50], "uv_size": [0.5, 0.5]}
							}
						},
						{
							"origin": [-0.15625, 6.03699, 5.65843],
							"size": [0.3125, 0.04541, 0.3125],
							"pivot": [0, 6.16907, 5.81468],
							"rotation": [0, -45, 0],
							"uv": {
								"east": {"uv": [49, 32], "uv_size": [0.5, 0.5]},
								"south": {"uv": [49, 34], "uv_size": [0.5, 0.5]},
								"west": {"uv": [49, 36], "uv_size": [0.5, 0.5]},
								"up": {"uv": [49, 38], "uv_size": [0.5, 0.5]}
							}
						},
						{
							"origin": [0.65625, 5.90494, 5.32311],
							"size": [0.17187, 0.56417, 1.05312],
							"pivot": [0.82812, 6.46911, 5.32311],
							"rotation": [-36.59175, -9.96178, 36.37201],
							"uv": {
								"east": {"uv": [43, 32], "uv_size": [1, 0.5]},
								"west": {"uv": [43, 34], "uv_size": [1, 0.5]},
								"up": {"uv": [43, 36], "uv_size": [0.5, 1]}
							}
						},
						{
							"origin": [-0.82813, 6.34704, 4.19375],
							"size": [0.19688, 0.37244, 1.15678],
							"pivot": [-0.82813, 6.71948, 4.19375],
							"rotation": [-12.5, 0, 0],
							"uv": {
								"east": {"uv": [6, 44], "uv_size": [1, 0.5]},
								"west": {"uv": [44, 6], "uv_size": [1, 0.5]},
								"up": {"uv": [8, 44], "uv_size": [0.5, 1]},
								"down": {"uv": [44, 9], "uv_size": [0.5, -1]}
							}
						},
						{
							"origin": [-0.82812, 5.90494, 5.32311],
							"size": [0.17187, 0.56417, 1.05312],
							"pivot": [-0.82812, 6.46911, 5.32311],
							"rotation": [-36.59175, 9.96178, -36.37201],
							"uv": {
								"east": {"uv": [44, 0], "uv_size": [1, 0.5]},
								"west": {"uv": [4, 44], "uv_size": [1, 0.5]},
								"up": {"uv": [44, 4], "uv_size": [0.5, 1]}
							}
						},
						{
							"origin": [0.55938, 6.71948, 1.675],
							"size": [0.26875, 0.6398, 2.51875],
							"pivot": [0.82813, 6.71948, 1.675],
							"rotation": [0, 0, -55],
							"uv": {
								"south": {"uv": [42, 48], "uv_size": [0.5, 0.5]},
								"west": {"uv": [16, 31], "uv_size": [2.5, 0.5]},
								"up": {"uv": [31, 16], "uv_size": [0.5, 2.5]}
							}
						},
						{
							"origin": [-0.82813, 6.71948, 1.675],
							"size": [0.26875, 0.6398, 2.51875],
							"pivot": [-0.82813, 6.71948, 1.675],
							"rotation": [0, 0, 55],
							"uv": {
								"east": {"uv": [31, 20], "uv_size": [2.5, 0.5]},
								"south": {"uv": [44, 48], "uv_size": [0.5, 0.5]},
								"up": {"uv": [28, 31], "uv_size": [0.5, 2.5]}
							}
						},
						{
							"origin": [-0.82813, 6.34448, 1.69375],
							"size": [1.65626, 0.375, 2.5],
							"uv": {
								"east": {"uv": [31, 4], "uv_size": [2.5, 0.5]},
								"west": {"uv": [31, 14], "uv_size": [2.5, 0.5]}
							}
						},
						{
							"origin": [0.69687, 6.34448, -3.325],
							"size": [0.13126, 0.375, 4.53125],
							"uv": {
								"east": {"uv": [8, 23], "uv_size": [4.5, 0.5]},
								"west": {"uv": [23, 10], "uv_size": [4.5, 0.5]}
							}
						},
						{
							"origin": [0.54687, 6.71948, -3.325],
							"size": [0.28126, 0.31104, 0.74375],
							"pivot": [0.82813, 7.03052, -3.325],
							"rotation": [-25, 0, 0],
							"uv": {
								"west": {"uv": [28, 47], "uv_size": [0.5, 0.5]},
								"up": {"uv": [47, 30], "uv_size": [0.5, 0.5]}
							}
						},
						{
							"origin": [-0.82813, 6.78198, 1.69375],
							"size": [1.65625, 0.24854, 0.49375],
							"pivot": [0.82812, 7.03052, 1.69375],
							"rotation": [-45, 0, 0],
							"uv": {
								"east": {"uv": [52, 8], "uv_size": [0.5, 0.5]},
								"west": {"uv": [10, 52], "uv_size": [0.5, 0.5]},
								"up": {"uv": [39, 12], "uv_size": [1.5, 0.5]}
							}
						},
						{
							"origin": [0.42188, 6.65698, 0.4125],
							"size": [0.40625, 0.37354, 0.79375],
							"pivot": [0.82813, 7.03052, 1.20625],
							"rotation": [25, 0, 0],
							"uv": {
								"west": {"uv": [42, 16], "uv_size": [1, 0.5]},
								"up": {"uv": [19, 42], "uv_size": [0.5, 1]}
							}
						},
						{
							"origin": [0.72098, 6.71948, -3.325],
							"size": [0.10715, 0.82239, 4.53125],
							"pivot": [0.82813, 6.71948, -3.325],
							"rotation": [0, 0, -36.25],
							"uv": {
								"east": {"uv": [7, 0], "uv_size": [4.5, 1]},
								"west": {"uv": [7, 2], "uv_size": [4.5, 1]},
								"up": {"uv": [6, 23], "uv_size": [0.5, 4.5]}
							}
						},
						{
							"origin": [0.49687, 6.34448, 1.20625],
							"size": [0.33125, 0.63604, 0.4875],
							"pivot": [0, 6.6875, -3.3125],
							"rotation": [0, 0, -45],
							"uv": {
								"north": {"uv": [36, 50], "uv_size": [0.5, 0.5]},
								"east": {"uv": [38, 50], "uv_size": [0.5, 0.5]},
								"south": {"uv": [40, 50], "uv_size": [0.5, 0.5]},
								"west": {"uv": [50, 40], "uv_size": [0.5, 0.5]},
								"up": {"uv": [42, 50], "uv_size": [0.5, 0.5]}
							}
						},
						{
							"origin": [-0.82812, 6.34448, 1.20625],
							"size": [0.33125, 0.63604, 0.4875],
							"pivot": [0, 6.6875, -3.3125],
							"rotation": [0, 0, 45],
							"uv": {
								"north": {"uv": [51, 36], "uv_size": [0.5, 0.5]},
								"east": {"uv": [51, 38], "uv_size": [0.5, 0.5]},
								"south": {"uv": [51, 42], "uv_size": [0.5, 0.5]},
								"west": {"uv": [48, 51], "uv_size": [0.5, 0.5]},
								"up": {"uv": [0, 52], "uv_size": [0.5, 0.5]}
							}
						}
					]
				},
				{
					"name": "octagon3",
					"parent": "receiver",
					"pivot": [0, 6.6875, -6.875],
					"rotation": [0, 0, -22.5],
					"cubes": [
						{
							"origin": [-0.29218, 5.98213, -9.11938],
							"size": [0.58436, 1.41075, 3.20626],
							"pivot": [0, 6.6875, -6.875],
							"rotation": [0, 0, 45],
							"uv": {
								"north": {"uv": [15, 37], "uv_size": [0.5, 1.5]},
								"up": {"uv": [25, 0], "uv_size": [0.5, 3.5]},
								"down": {"uv": [25, 8.5], "uv_size": [0.5, -3.5]}
							}
						},
						{
							"origin": [-0.29218, 5.98213, -9.11938],
							"size": [0.58436, 1.41075, 3.20626],
							"pivot": [0, 6.6875, -6.875],
							"rotation": [0, 0, -45],
							"uv": {
								"north": {"uv": [37, 19], "uv_size": [0.5, 1.5]},
								"up": {"uv": [8, 25], "uv_size": [0.5, 3.5]},
								"down": {"uv": [10, 28.5], "uv_size": [0.5, -3.5]}
							}
						},
						{
							"origin": [-0.70538, 6.39532, -9.11938],
							"size": [1.41076, 0.58436, 3.20626],
							"pivot": [0, 6.6875, -6.875],
							"rotation": [0, 0, 90],
							"uv": {
								"north": {"uv": [37, 22], "uv_size": [1.5, 0.5]},
								"east": {"uv": [26, 18], "uv_size": [3.5, 0.5]},
								"west": {"uv": [26, 20], "uv_size": [3.5, 0.5]}
							}
						},
						{
							"origin": [-0.70538, 6.39532, -9.11938],
							"size": [1.41076, 0.58436, 3.20626],
							"uv": {
								"north": {"uv": [37, 24], "uv_size": [1.5, 0.5]},
								"east": {"uv": [26, 22], "uv_size": [3.5, 0.5]},
								"west": {"uv": [24, 26], "uv_size": [3.5, 0.5]}
							}
						}
					]
				},
				{
					"name": "octagon4",
					"parent": "receiver",
					"pivot": [0, 6.6875, -9.5625],
					"cubes": [
						{
							"origin": [-0.22366, 6.14754, -9.50228],
							"size": [0.44732, 1.07992, 0.70956],
							"pivot": [0, 6.6875, -9.5625],
							"rotation": [0, 0, 45],
							"uv": {
								"north": {"uv": [40, 28], "uv_size": [0.5, 1]},
								"up": {"uv": [12, 46], "uv_size": [0.5, 0.5]},
								"down": {"uv": [46, 12.5], "uv_size": [0.5, -0.5]}
							}
						},
						{
							"origin": [-0.22366, 6.14754, -9.50228],
							"size": [0.44732, 1.07992, 0.70956],
							"uv": {
								"north": {"uv": [40, 30], "uv_size": [0.5, 1]},
								"up": {"uv": [14, 46], "uv_size": [0.5, 0.5]},
								"down": {"uv": [46, 14.5], "uv_size": [0.5, -0.5]}
							}
						},
						{
							"origin": [-0.53996, 6.46384, -9.50228],
							"size": [1.07992, 0.44732, 0.70956],
							"pivot": [0, 6.6875, -9.5625],
							"rotation": [0, 0, 45],
							"uv": {
								"north": {"uv": [33, 40], "uv_size": [1, 0.5]},
								"east": {"uv": [46, 16], "uv_size": [0.5, 0.5]},
								"west": {"uv": [18, 46], "uv_size": [0.5, 0.5]}
							}
						},
						{
							"origin": [-0.53996, 6.46384, -9.50228],
							"size": [1.07992, 0.44732, 0.70956],
							"uv": {
								"north": {"uv": [35, 40], "uv_size": [1, 0.5]},
								"east": {"uv": [20, 46], "uv_size": [0.5, 0.5]},
								"west": {"uv": [46, 20], "uv_size": [0.5, 0.5]}
							}
						}
					]
				},
				{
					"name": "sideclip",
					"parent": "receiver",
					"pivot": [0.64259, 6.07616, 3.39577],
					"cubes": [
						{
							"origin": [0.72104, 5.76646, -0.05926],
							"size": [0.075, 0.375, 2.25],
							"pivot": [0.76479, 5.95396, 1.19074],
							"rotation": [0, 0, 45],
							"uv": {
								"north": {"uv": [52, 28], "uv_size": [0.5, 0.5]},
								"east": {"uv": [32, 12], "uv_size": [2.5, 0.5]},
								"west": {"uv": [20, 32], "uv_size": [2.5, 0.5]},
								"up": {"uv": [10, 32], "uv_size": [0.5, 2.5]},
								"down": {"uv": [24, 34.5], "uv_size": [0.5, -2.5]}
							}
						},
						{
							"origin": [0.04474, 5.01516, -0.99676],
							"size": [0.075, 0.375, 0.625],
							"pivot": [0.01349, 5.20266, 0.12824],
							"rotation": [-90, 0, 45],
							"uv": {
								"north": {"uv": [22, 52], "uv_size": [0.5, 0.5]},
								"east": {"uv": [52, 22], "uv_size": [0.5, 0.5]},
								"west": {"uv": [24, 52], "uv_size": [0.5, 0.5]},
								"up": {"uv": [26, 52], "uv_size": [0.5, 0.5]},
								"down": {"uv": [52, 26.5], "uv_size": [0.5, -0.5]}
							}
						},
						{
							"origin": [0.5793, 5.79928, 2.19074],
							"size": [0.075, 0.375, 0.75],
							"pivot": [0.6543, 5.79928, 2.19074],
							"rotation": [0, -15, 45],
							"uv": {
								"east": {"uv": [2, 45], "uv_size": [1, 0.5]},
								"west": {"uv": [45, 2], "uv_size": [1, 0.5]},
								"up": {"uv": [45, 10], "uv_size": [0.5, 1]},
								"down": {"uv": [16, 46], "uv_size": [0.5, -1]}
							}
						},
						{
							"origin": [0.58925, 5.91075, 2.89577],
							"size": [0.075, 0.375, 1],
							"pivot": [0.6205, 6.09825, 3.89577],
							"rotation": [0, 0, 45],
							"uv": {
								"south": {"uv": [30, 52], "uv_size": [0.5, 0.5]},
								"west": {"uv": [45, 18], "uv_size": [1, 0.5]},
								"up": {"uv": [45, 24], "uv_size": [0.5, 1]},
								"down": {"uv": [28, 46], "uv_size": [0.5, -1]}
							}
						},
						{
							"origin": [0.59259, 5.95116, 3.27077],
							"size": [0.125, 0.25, 0.25],
							"pivot": [0.64259, 6.07616, 3.39577],
							"rotation": [-45, 0, 45],
							"uv": {
								"north": {"uv": [32, 52], "uv_size": [0.5, 0.5]},
								"south": {"uv": [34, 52], "uv_size": [0.5, 0.5]},
								"west": {"uv": [36, 52], "uv_size": [0.5, 0.5]},
								"up": {"uv": [38, 52], "uv_size": [0.5, 0.5]},
								"down": {"uv": [40, 52.5], "uv_size": [0.5, -0.5]}
							}
						}
					]
				},
				{
					"name": "bolt",
					"parent": "gun",
					"pivot": [0, 6.6875, 5.75],
					"cubes": [
						{
							"origin": [-0.3125, 5.9375, 1.6875],
							"size": [0.625, 1.5625, 2.5],
							"uv": {
								"east": {"uv": [14, 14], "uv_size": [2.5, 1.5]},
								"west": {"uv": [14, 17], "uv_size": [2.5, 1.5]},
								"up": {"uv": [30, 30], "uv_size": [0.5, 2.5]},
								"down": {"uv": [31, 2.5], "uv_size": [0.5, -2.5]}
							}
						},
						{
							"origin": [-0.3125, 5.9375, 1.24556],
							"size": [0.44194, 1.5625, 0.44194],
							"pivot": [-0.3125, 7.5, 1.6875],
							"rotation": [0, -45, 0],
							"uv": {
								"north": {"uv": [39, 32], "uv_size": [0.5, 1.5]},
								"east": {"uv": [39, 37], "uv_size": [0.5, 1.5]},
								"up": {"uv": [28, 49], "uv_size": [0.5, 0.5]},
								"down": {"uv": [49, 30.5], "uv_size": [0.5, -0.5]}
							}
						},
						{
							"origin": [-0.3125, 6.16632, 3.63507],
							"size": [0.625, 1.10486, 1.10486],
							"pivot": [0, 6.71875, 4.1875],
							"rotation": [-45, 0, 0],
							"uv": {
								"east": {"uv": [34, 8], "uv_size": [1, 1]},
								"south": {"uv": [42, 12], "uv_size": [0.5, 1]},
								"west": {"uv": [20, 34], "uv_size": [1, 1]},
								"up": {"uv": [14, 42], "uv_size": [0.5, 1]}
							}
						},
						{
							"origin": [-0.24461, 7.0625, -2.875],
							"size": [0.48922, 0.25, 0.3125],
							"uv": {
								"north": {"uv": [50, 22], "uv_size": [0.5, 0.5]},
								"east": {"uv": [24, 50], "uv_size": [0.5, 0.5]},
								"south": {"uv": [26, 50], "uv_size": [0.5, 0.5]},
								"west": {"uv": [50, 26], "uv_size": [0.5, 0.5]},
								"up": {"uv": [50, 28], "uv_size": [0.5, 0.5]}
							}
						}
					]
				},
				{
					"name": "octagon1",
					"parent": "bolt",
					"pivot": [0, 6.6875, 5.125],
					"cubes": [
						{
							"origin": [-0.27053, 6.03438, 5.125],
							"size": [0.54106, 1.30624, 0.16328],
							"pivot": [0, 6.6875, 5.77812],
							"rotation": [0, 0, 67.5],
							"uv": {
								"north": {"uv": [10, 36], "uv_size": [0.5, 1.5]},
								"south": {"uv": [36, 16], "uv_size": [0.5, 1.5]},
								"up": {"uv": [45, 35], "uv_size": [0.5, 0.5]},
								"down": {"uv": [45, 37.5], "uv_size": [0.5, -0.5]}
							}
						},
						{
							"origin": [-0.27053, 6.03438, 5.125],
							"size": [0.54106, 1.30624, 0.16328],
							"pivot": [0, 6.6875, 5.77812],
							"rotation": [0, 0, 22.5],
							"uv": {
								"north": {"uv": [19, 36], "uv_size": [0.5, 1.5]},
								"south": {"uv": [21, 36], "uv_size": [0.5, 1.5]},
								"up": {"uv": [45, 39], "uv_size": [0.5, 0.5]},
								"down": {"uv": [45, 44.5], "uv_size": [0.5, -0.5]}
							}
						},
						{
							"origin": [-0.65312, 6.41697, 5.125],
							"size": [1.30624, 0.54106, 0.16328],
							"pivot": [0, 6.6875, 5.77812],
							"rotation": [0, 0, 67.5],
							"uv": {
								"north": {"uv": [36, 12], "uv_size": [1.5, 0.5]},
								"east": {"uv": [0, 46], "uv_size": [0.5, 0.5]},
								"south": {"uv": [23, 36], "uv_size": [1.5, 0.5]},
								"west": {"uv": [46, 0], "uv_size": [0.5, 0.5]}
							}
						},
						{
							"origin": [-0.65312, 6.41697, 5.125],
							"size": [1.30624, 0.54106, 0.16328],
							"pivot": [0, 6.6875, 5.77812],
							"rotation": [0, 0, 22.5],
							"uv": {
								"north": {"uv": [30, 36], "uv_size": [1.5, 0.5]},
								"east": {"uv": [4, 46], "uv_size": [0.5, 0.5]},
								"south": {"uv": [37, 2], "uv_size": [1.5, 0.5]},
								"west": {"uv": [46, 4], "uv_size": [0.5, 0.5]}
							}
						},
						{
							"origin": [-0.2125, 6.475, 4.62031],
							"size": [0.425, 0.425, 0.6725],
							"pivot": [0, 6.6875, 4.97266],
							"rotation": [0, 0, 45],
							"uv": {
								"east": {"uv": [6, 46], "uv_size": [0.5, 0.5]},
								"south": {"uv": [46, 6], "uv_size": [0.5, 0.5]},
								"west": {"uv": [8, 46], "uv_size": [0.5, 0.5]},
								"up": {"uv": [46, 8], "uv_size": [0.5, 0.5]},
								"down": {"uv": [10, 46.5], "uv_size": [0.5, -0.5]}
							}
						},
						{
							"origin": [-0.0375, 6.3125, 5.258],
							"size": [0.075, 0.75, 0.0425],
							"uv": {
								"south": {"uv": [51, 32], "uv_size": [0.5, 0.5]}
							}
						},
						{
							"origin": [-0.1625, 6.525, 4.6205],
							"size": [0.325, 0.325, 0.678],
							"pivot": [0, 6.6875, 4.96034],
							"rotation": [0, 0, 45],
							"uv": {
								"south": {"uv": [4, 4], "uv_size": [0.5, 0.5]}
							}
						}
					]
				},
				{
					"name": "octagon5",
					"parent": "bolt",
					"pivot": [0, 6.6875, -1.4375],
					"cubes": [
						{
							"origin": [-0.20711, 6.1875, -4.4375],
							"size": [0.41422, 1, 8.5],
							"pivot": [0, 6.6875, -1.4375],
							"rotation": [0, 0, 45],
							"uv": {
								"north": {"uv": [8, 42], "uv_size": [0.5, 1]},
								"up": {"uv": [7, 4], "uv_size": [0.5, 8.5]},
								"down": {"uv": [0, 16.5], "uv_size": [0.5, -8.5]}
							}
						},
						{
							"origin": [-0.20711, 6.1875, -4.4375],
							"size": [0.41422, 1, 8.5],
							"uv": {
								"north": {"uv": [42, 8], "uv_size": [0.5, 1]},
								"up": {"uv": [2, 8], "uv_size": [0.5, 8.5]},
								"down": {"uv": [9, 12.5], "uv_size": [0.5, -8.5]}
							}
						},
						{
							"origin": [-0.5, 6.48039, -4.4375],
							"size": [1, 0.41422, 8.5],
							"pivot": [0, 6.6875, -1.4375],
							"rotation": [0, 0, 45],
							"uv": {
								"north": {"uv": [10, 42], "uv_size": [1, 0.5]},
								"east": {"uv": [11, 4], "uv_size": [8.5, 0.5]},
								"west": {"uv": [11, 6], "uv_size": [8.5, 0.5]}
							}
						},
						{
							"origin": [-0.5, 6.48039, -4.4375],
							"size": [1, 0.41422, 8.5],
							"uv": {
								"north": {"uv": [12, 42], "uv_size": [1, 0.5]},
								"east": {"uv": [11, 8], "uv_size": [8.5, 0.5]},
								"west": {"uv": [11, 10], "uv_size": [8.5, 0.5]}
							}
						},
						{
							"origin": [-0.70312, 6.38664, -3.28125],
							"size": [0.34374, 0.60172, 2.1875],
							"uv": {
								"north": {"uv": [42, 46], "uv_size": [0.5, 0.5]},
								"east": {"uv": [34, 6], "uv_size": [2, 0.5]},
								"up": {"uv": [2, 34], "uv_size": [0.5, 2]},
								"down": {"uv": [12, 36], "uv_size": [0.5, -2]}
							}
						},
						{
							"origin": [-0.8125, 6.38664, -1.25],
							"size": [0.45312, 0.60172, 0.54687],
							"pivot": [-0.8125, 6.98836, -0.70313],
							"rotation": [0, -15, 0],
							"uv": {
								"east": {"uv": [48, 0], "uv_size": [0.5, 0.5]},
								"up": {"uv": [4, 48], "uv_size": [0.5, 0.5]},
								"down": {"uv": [48, 4.5], "uv_size": [0.5, -0.5]}
							}
						},
						{
							"origin": [-0.8125, 6.38664, -0.70312],
							"size": [0.45312, 0.60172, 1.875],
							"uv": {
								"east": {"uv": [34, 30], "uv_size": [2, 0.5]},
								"south": {"uv": [0, 48], "uv_size": [0.5, 0.5]},
								"up": {"uv": [33, 34], "uv_size": [0.5, 2]},
								"down": {"uv": [35, 4], "uv_size": [0.5, -2]}
							}
						},
						{
							"origin": [-1.01902, 6.38664, 0.07025],
							"size": [0.625, 0.60172, 0.625],
							"pivot": [-0.70652, 6.6875, 0.38275],
							"rotation": [0, -45, 0],
							"uv": {
								"east": {"uv": [47, 34], "uv_size": [0.5, 0.5]},
								"south": {"uv": [47, 36], "uv_size": [0.5, 0.5]},
								"up": {"uv": [47, 38], "uv_size": [0.5, 0.5]},
								"down": {"uv": [47, 43.5], "uv_size": [0.5, -0.5]}
							}
						},
						{
							"origin": [-2.26902, 6.5, 0.19525],
							"size": [1.5625, 0.375, 0.375],
							"pivot": [-1.33152, 6.6875, 0.38275],
							"rotation": [-45, 0, 0],
							"uv": {
								"north": {"uv": [38, 26], "uv_size": [1.5, 0.5]},
								"south": {"uv": [28, 38], "uv_size": [1.5, 0.5]},
								"up": {"uv": [38, 35], "uv_size": [1.5, 0.5]},
								"down": {"uv": [39, 0.5], "uv_size": [1.5, -0.5]}
							}
						}
					]
				},
				{
					"name": "ball",
					"parent": "octagon5",
					"pivot": [-2.68555, 6.68749, 0.38671],
					"cubes": [
						{
							"origin": [-2.90527, 6.10156, 0.16699],
							"size": [0.43945, 1.17187, 0.43945],
							"uv": {
								"up": {"uv": [6, 48], "uv_size": [0.5, 0.5]},
								"down": {"uv": [48, 6.5], "uv_size": [0.5, -0.5]}
							}
						},
						{
							"origin": [-2.90527, 6.46774, -0.19919],
							"size": [0.43945, 0.43949, 1.17185],
							"uv": {
								"north": {"uv": [8, 48], "uv_size": [0.5, 0.5]},
								"south": {"uv": [48, 8], "uv_size": [0.5, 0.5]}
							}
						},
						{
							"origin": [-2.90527, 6.16068, 0.23139],
							"size": [0.43945, 1.13938, 0.51785],
							"pivot": [-2.68556, 6.83396, 0.38675],
							"rotation": [-45, 0, 0],
							"uv": {
								"east": {"uv": [42, 23], "uv_size": [0.5, 1]},
								"west": {"uv": [25, 42], "uv_size": [0.5, 1]},
								"up": {"uv": [10, 48], "uv_size": [0.5, 0.5]},
								"down": {"uv": [12, 48.5], "uv_size": [0.5, -0.5]}
							}
						},
						{
							"origin": [-2.90527, 5.98311, -0.19737],
							"size": [0.43945, 1.13938, 0.51786],
							"pivot": [-2.68555, 7.01262, 0.06156],
							"rotation": [45, 0, 0],
							"uv": {
								"east": {"uv": [27, 42], "uv_size": [0.5, 1]},
								"west": {"uv": [42, 28], "uv_size": [0.5, 1]},
								"up": {"uv": [48, 12], "uv_size": [0.5, 0.5]},
								"down": {"uv": [14, 48.5], "uv_size": [0.5, -0.5]}
							}
						},
						{
							"origin": [-3.12057, 6.7537, 0.16699],
							"size": [1.13937, 0.51785, 0.43945],
							"pivot": [-3.01071, 7.01262, 0.38672],
							"rotation": [0, 0, 45],
							"uv": {
								"north": {"uv": [42, 30], "uv_size": [1, 0.5]},
								"east": {"uv": [48, 14], "uv_size": [0.5, 0.5]},
								"south": {"uv": [32, 42], "uv_size": [1, 0.5]},
								"west": {"uv": [48, 16], "uv_size": [0.5, 0.5]}
							}
						},
						{
							"origin": [-2.69703, 6.46778, -0.08048],
							"size": [0.51785, 0.43945, 1.13937],
							"pivot": [-2.43811, 6.76074, 0.13924],
							"rotation": [0, -45, 0],
							"uv": {
								"north": {"uv": [18, 48], "uv_size": [0.5, 0.5]},
								"south": {"uv": [20, 48], "uv_size": [0.5, 0.5]},
								"up": {"uv": [34, 42], "uv_size": [0.5, 1]},
								"down": {"uv": [36, 43], "uv_size": [0.5, -1]}
							}
						},
						{
							"origin": [-3.35772, 6.46778, 0.37524],
							"size": [1.13937, 0.43945, 0.5179],
							"pivot": [-2.43807, 6.6875, 0.63416],
							"rotation": [0, -45, 0],
							"uv": {
								"east": {"uv": [26, 48], "uv_size": [0.5, 0.5]},
								"west": {"uv": [48, 26], "uv_size": [0.5, 0.5]},
								"up": {"uv": [42, 42], "uv_size": [1, 0.5]},
								"down": {"uv": [2, 43.5], "uv_size": [1, -0.5]}
							}
						},
						{
							"origin": [-3.37918, 6.72781, 0.16699],
							"size": [1.13939, 0.51786, 0.43945],
							"pivot": [-2.38627, 6.98674, 0.38672],
							"rotation": [0, 0, -45],
							"uv": {
								"north": {"uv": [38, 42], "uv_size": [1, 0.5]},
								"east": {"uv": [48, 20], "uv_size": [0.5, 0.5]},
								"south": {"uv": [40, 42], "uv_size": [1, 0.5]},
								"west": {"uv": [22, 48], "uv_size": [0.5, 0.5]}
							}
						},
						{
							"origin": [-3.27149, 6.46778, 0.16699],
							"size": [1.17188, 0.43945, 0.43945],
							"uv": {
								"east": {"uv": [48, 22], "uv_size": [0.5, 0.5]},
								"west": {"uv": [24, 48], "uv_size": [0.5, 0.5]}
							}
						}
					]
				},
				{
					"name": "grip",
					"parent": "gun",
					"pivot": [0, 5, 5],
					"cubes": [
						{
							"origin": [-0.82813, 6.76567, 7.28406],
							"size": [1.65626, 1.33429, 0.55607],
							"pivot": [0, 5.28746, 7.37708],
							"rotation": [90, 0, 0],
							"uv": {
								"east": {"uv": [7, 39], "uv_size": [0.5, 1.5]},
								"west": {"uv": [9, 39], "uv_size": [0.5, 1.5]},
								"up": {"uv": [39, 8], "uv_size": [1.5, 0.5]}
							}
						},
						{
							"origin": [0.30508, 5.51614, 5.18899],
							"size": [0.52305, 1.33429, 0.47551],
							"pivot": [0.82813, 5.75051, 5.6645],
							"rotation": [90, 0, 41.25],
							"uv": {
								"south": {"uv": [26, 39], "uv_size": [0.5, 1.5]},
								"up": {"uv": [49, 24], "uv_size": [0.5, 0.5]}
							}
						},
						{
							"origin": [-0.82813, 5.51614, 5.18899],
							"size": [0.52305, 1.33429, 0.47551],
							"pivot": [-0.82813, 5.75051, 5.6645],
							"rotation": [90, 0, -41.25],
							"uv": {
								"south": {"uv": [39, 19], "uv_size": [0.5, 1.5]},
								"up": {"uv": [49, 18], "uv_size": [0.5, 0.5]}
							}
						},
						{
							"origin": [-0.82812, 4.68793, 5.33232],
							"size": [1.65625, 1.06258, 0.56655],
							"pivot": [0.82813, 5.75051, 5.89887],
							"rotation": [44.5, 0, 0],
							"uv": {
								"east": {"uv": [44, 20], "uv_size": [0.5, 1]},
								"west": {"uv": [22, 44], "uv_size": [0.5, 1]}
							}
						},
						{
							"origin": [-0.34302, 4.44824, 6.23732],
							"size": [0.68604, 1.6875, 2.1],
							"pivot": [0, 3.76074, 7.5092],
							"rotation": [50, 0, 0],
							"uv": {
								"north": {"uv": [13, 39], "uv_size": [0.5, 1.5]},
								"south": {"uv": [19, 39], "uv_size": [0.5, 1.5]}
							}
						},
						{
							"origin": [0.82813, 3.37676, 6.6684],
							"size": [0.49854, 1, 1.6561],
							"pivot": [0.82813, 3.43926, 6.66833],
							"rotation": [90, -40, -90],
							"uv": {
								"north": {"uv": [26, 44], "uv_size": [0.5, 1]},
								"south": {"uv": [44, 27], "uv_size": [0.5, 1]}
							}
						},
						{
							"origin": [0.34302, 2.97835, 6.165],
							"size": [0.68604, 0.9375, 0.85],
							"pivot": [0.34302, 3.22835, 6.165],
							"rotation": [59.31794, -27.03402, -37.45372],
							"uv": {
								"north": {"uv": [44, 22], "uv_size": [0.5, 1]}
							}
						},
						{
							"origin": [-1.02906, 2.97835, 6.165],
							"size": [0.68604, 0.9375, 0.85],
							"pivot": [-0.34302, 3.22835, 6.165],
							"rotation": [59.31794, 27.03402, 37.45372],
							"uv": {
								"north": {"uv": [24, 44], "uv_size": [0.5, 1]}
							}
						},
						{
							"origin": [0.34302, 5.19861, 6.70256],
							"size": [0.71743, 1.50462, 0.38139],
							"pivot": [0.34302, 5.19861, 7.08395],
							"rotation": [60.68719, 28.53424, 40.39045],
							"uv": {
								"south": {"uv": [21, 39], "uv_size": [0.5, 1.5]}
							}
						},
						{
							"origin": [-1.06045, 5.19861, 6.70256],
							"size": [0.71743, 1.50462, 0.38139],
							"pivot": [-0.34302, 5.19861, 7.08395],
							"rotation": [60.68719, -28.53424, -40.39045],
							"uv": {
								"south": {"uv": [11, 39], "uv_size": [0.5, 1.5]}
							}
						},
						{
							"origin": [-0.82812, 0.23911, 7.12507],
							"size": [1.65624, 4.84375, 0.60791],
							"pivot": [0, 2.58286, 7.38996],
							"rotation": [25, 0, 0],
							"uv": {
								"east": {"uv": [21, 4], "uv_size": [0.5, 5]},
								"west": {"uv": [22, 18], "uv_size": [0.5, 5]}
							}
						},
						{
							"origin": [-0.0476, 0.35486, 6.39791],
							"size": [0.39062, 4.84375, 0.68604],
							"pivot": [0.34302, 5.19861, 7.08395],
							"rotation": [33.4032, -39.8557, -22.9098],
							"uv": {
								"west": {"uv": [20, 18], "uv_size": [0.5, 5]}
							}
						},
						{
							"origin": [-0.34302, 0.23911, 7.59309],
							"size": [0.68604, 4.84375, 0.625],
							"pivot": [0, 2.58286, 7.38996],
							"rotation": [25, 0, 0],
							"uv": {
								"south": {"uv": [16, 20], "uv_size": [0.5, 5]}
							}
						},
						{
							"origin": [-0.34302, 5.0968, 6.07543],
							"size": [0.68604, 1.625, 0.39062],
							"pivot": [0, 4.2218, 6.90355],
							"rotation": [82.8929, -7.053, -44.5615],
							"uv": {
								"north": {"uv": [0, 39], "uv_size": [0.5, 1.5]},
								"up": {"uv": [30, 48], "uv_size": [0.5, 0.5]}
							}
						},
						{
							"origin": [-0.34302, 5.83635, 5.50731],
							"size": [0.68604, 1.5625, 0.51563],
							"pivot": [0, 4.89885, 7.02294],
							"rotation": [80, 0, 0],
							"uv": {
								"north": {"uv": [31, 38], "uv_size": [0.5, 1.5]},
								"up": {"uv": [48, 28], "uv_size": [0.5, 0.5]}
							}
						},
						{
							"origin": [-0.828, 5.52385, 5.99242],
							"size": [1.656, 1.875, 1.09375],
							"pivot": [0, 4.89885, 7.02294],
							"rotation": [80, 0, 0],
							"uv": {
								"east": {"uv": [24, 21], "uv_size": [1, 2]},
								"west": {"uv": [22, 24], "uv_size": [1, 2]},
								"up": {"uv": [29, 6], "uv_size": [1.5, 1]}
							}
						},
						{
							"origin": [-0.34302, 0.59985, 6.97011],
							"size": [0.68604, 3.25, 0.39062],
							"pivot": [0, 1.16235, 7.79823],
							"rotation": [27.2363, -41.6411, -18.8817],
							"uv": {
								"north": {"uv": [2, 27], "uv_size": [0.5, 3.5]}
							}
						},
						{
							"origin": [-0.34302, 0.83499, 6.92864],
							"size": [0.68604, 3.125, 0.70313],
							"pivot": [0, 1.39749, 8.44427],
							"rotation": [20, 0, 0],
							"uv": {
								"north": {"uv": [4, 29], "uv_size": [0.5, 3]}
							}
						},
						{
							"origin": [-0.82812, 0.59985, 7.45521],
							"size": [0.39062, 3.25, 0.68604],
							"pivot": [0, 1.16235, 7.79823],
							"rotation": [27.2363, -41.6411, -18.8817],
							"uv": {
								"east": {"uv": [27, 0], "uv_size": [0.5, 3.5]}
							}
						},
						{
							"origin": [-0.828, 0.83499, 7.41375],
							"size": [1.656, 3.6625, 0.46875],
							"pivot": [0, 1.39749, 8.44427],
							"rotation": [20, 0, 0],
							"uv": {
								"east": {"uv": [18, 26], "uv_size": [0.5, 3.5]},
								"west": {"uv": [0, 27], "uv_size": [0.5, 3.5]}
							}
						},
						{
							"origin": [-0.34302, 0.30831, 7.10315],
							"size": [0.68604, 0.5, 2.02786],
							"uv": {
								"north": {"uv": [36, 48], "uv_size": [0.5, 0.5]},
								"south": {"uv": [38, 48], "uv_size": [0.5, 0.5]},
								"down": {"uv": [4, 37], "uv_size": [0.5, -2]}
							}
						},
						{
							"origin": [0.4375, 0.30868, 7.95986],
							"size": [0.39063, 0.5, 0.68604],
							"pivot": [0, -1.76945, 8.30288],
							"rotation": [0, -45, 0],
							"uv": {
								"west": {"uv": [40, 48], "uv_size": [0.5, 0.5]},
								"down": {"uv": [48, 40.5], "uv_size": [0.5, -0.5]}
							}
						},
						{
							"origin": [-0.82812, 0.30868, 7.58825],
							"size": [1.65625, 0.375, 1.05765],
							"uv": {
								"east": {"uv": [43, 2], "uv_size": [1, 0.5]},
								"west": {"uv": [43, 10], "uv_size": [1, 0.5]},
								"down": {"uv": [29, 9], "uv_size": [1.5, -1]}
							}
						},
						{
							"origin": [-0.34302, 0.30831, 7.10315],
							"size": [0.68604, 0.5, 0.39062],
							"pivot": [0, -1.69169, 7.93127],
							"rotation": [0, -45, 0],
							"uv": {
								"north": {"uv": [32, 48], "uv_size": [0.5, 0.5]},
								"down": {"uv": [34, 48.5], "uv_size": [0.5, -0.5]}
							}
						},
						{
							"origin": [-0.34302, 0.35486, 6.39791],
							"size": [0.39062, 4.84375, 0.68604],
							"pivot": [-0.34302, 5.19861, 7.08395],
							"rotation": [33.4032, 39.8557, 22.9098],
							"uv": {
								"east": {"uv": [23, 4], "uv_size": [0.5, 5]}
							}
						},
						{
							"origin": [-0.82813, 0.30868, 7.95986],
							"size": [0.39063, 0.5, 0.68604],
							"pivot": [0, -1.76945, 8.30288],
							"rotation": [0, 45, 0],
							"uv": {
								"east": {"uv": [44, 50], "uv_size": [0.5, 0.5]},
								"down": {"uv": [50, 44.5], "uv_size": [0.5, -0.5]}
							}
						},
						{
							"origin": [-0.34302, 5.0968, 6.07543],
							"size": [0.68604, 1.625, 0.39062],
							"pivot": [0, 4.2218, 6.90355],
							"rotation": [82.8929, 7.053, 44.5615],
							"uv": {
								"north": {"uv": [2, 40], "uv_size": [0.5, 1.5]},
								"up": {"uv": [2, 51], "uv_size": [0.5, 0.5]}
							}
						},
						{
							"origin": [-0.34302, 0.30831, 7.10315],
							"size": [0.68604, 0.5, 0.39062],
							"pivot": [0, -1.69169, 7.93127],
							"rotation": [0, 45, 0],
							"uv": {
								"north": {"uv": [51, 2], "uv_size": [0.5, 0.5]},
								"down": {"uv": [51, 10.5], "uv_size": [0.5, -0.5]}
							}
						}
					]
				},
				{
					"name": "mount",
					"parent": "gun",
					"pivot": [0, 7.77659, -5.60937],
					"cubes": [
						{
							"origin": [-0.375, 7.51563, -7.48437],
							"size": [0.75, 0.25, 3.75],
							"uv": {
								"north": {"uv": [35, 44], "uv_size": [1, 0.5]},
								"east": {"uv": [23, 12], "uv_size": [4, 0.5]},
								"south": {"uv": [37, 44], "uv_size": [1, 0.5]},
								"west": {"uv": [24, 24], "uv_size": [4, 0.5]},
								"down": {"uv": [8, 18], "uv_size": [1, -4]}
							}
						},
						{
							"origin": [0.1873, 7.63588, -4.98437],
							"size": [0.177, 0.177, 0.25],
							"pivot": [0.375, 7.62518, -8.10937],
							"rotation": [0, 0, 45],
							"uv": {
								"north": {"uv": [52, 0], "uv_size": [0.5, 0.5]},
								"south": {"uv": [4, 52], "uv_size": [0.5, 0.5]},
								"west": {"uv": [52, 4], "uv_size": [0.5, 0.5]},
								"up": {"uv": [6, 52], "uv_size": [0.5, 0.5]}
							}
						},
						{
							"origin": [0.1873, 7.63588, -4.48437],
							"size": [0.177, 0.177, 0.75],
							"pivot": [0.375, 7.62518, -7.10937],
							"rotation": [0, 0, 45],
							"uv": {
								"north": {"uv": [52, 0], "uv_size": [0.5, 0.5]},
								"south": {"uv": [4, 52], "uv_size": [0.5, 0.5]},
								"west": {"uv": [52, 4], "uv_size": [0.5, 0.5]},
								"up": {"uv": [6, 52], "uv_size": [0.5, 0.5]}
							}
						},
						{
							"origin": [0.1873, 7.63588, -5.98437],
							"size": [0.177, 0.177, 0.75],
							"pivot": [0.375, 7.62518, -8.60937],
							"rotation": [0, 0, 45],
							"uv": {
								"north": {"uv": [52, 0], "uv_size": [0.5, 0.5]},
								"south": {"uv": [4, 52], "uv_size": [0.5, 0.5]},
								"west": {"uv": [52, 4], "uv_size": [0.5, 0.5]},
								"up": {"uv": [6, 52], "uv_size": [0.5, 0.5]}
							}
						},
						{
							"origin": [0.1873, 7.63588, -6.48437],
							"size": [0.177, 0.177, 0.25],
							"pivot": [0.375, 7.62518, -9.60937],
							"rotation": [0, 0, 45],
							"uv": {
								"north": {"uv": [52, 0], "uv_size": [0.5, 0.5]},
								"south": {"uv": [4, 52], "uv_size": [0.5, 0.5]},
								"west": {"uv": [52, 4], "uv_size": [0.5, 0.5]},
								"up": {"uv": [6, 52], "uv_size": [0.5, 0.5]}
							}
						},
						{
							"origin": [0.1873, 7.63588, -7.48437],
							"size": [0.177, 0.177, 0.75],
							"pivot": [0.375, 7.62518, -10.10937],
							"rotation": [0, 0, 45],
							"uv": {
								"north": {"uv": [52, 0], "uv_size": [0.5, 0.5]},
								"south": {"uv": [4, 52], "uv_size": [0.5, 0.5]},
								"west": {"uv": [52, 4], "uv_size": [0.5, 0.5]},
								"up": {"uv": [6, 52], "uv_size": [0.5, 0.5]}
							}
						},
						{
							"origin": [-0.3643, 7.63588, -5.98437],
							"size": [0.177, 0.177, 0.75],
							"pivot": [-0.375, 7.62518, -8.60937],
							"rotation": [0, 0, -45],
							"uv": {
								"north": {"uv": [52, 6], "uv_size": [0.5, 0.5]},
								"east": {"uv": [39, 44], "uv_size": [1, 0.5]},
								"south": {"uv": [8, 52], "uv_size": [0.5, 0.5]},
								"up": {"uv": [41, 44], "uv_size": [0.5, 1]}
							}
						},
						{
							"origin": [-0.3643, 7.63588, -6.48437],
							"size": [0.177, 0.177, 0.25],
							"pivot": [-0.375, 7.62518, -9.60937],
							"rotation": [0, 0, -45],
							"uv": {
								"north": {"uv": [52, 6], "uv_size": [0.5, 0.5]},
								"east": {"uv": [39, 44], "uv_size": [1, 0.5]},
								"south": {"uv": [8, 52], "uv_size": [0.5, 0.5]},
								"up": {"uv": [41, 44], "uv_size": [0.5, 1]}
							}
						},
						{
							"origin": [-0.3643, 7.63588, -7.48437],
							"size": [0.177, 0.177, 0.75],
							"pivot": [-0.375, 7.62518, -10.10937],
							"rotation": [0, 0, -45],
							"uv": {
								"north": {"uv": [52, 6], "uv_size": [0.5, 0.5]},
								"east": {"uv": [39, 44], "uv_size": [1, 0.5]},
								"south": {"uv": [8, 52], "uv_size": [0.5, 0.5]},
								"up": {"uv": [41, 44], "uv_size": [0.5, 1]}
							}
						},
						{
							"origin": [-0.5, 7.76563, -7.48437],
							"size": [1, 0.001, 3.75],
							"uv": {
								"up": {"uv": [10, 14], "uv_size": [1, 4]},
								"down": {"uv": [12, 18], "uv_size": [1, -4]}
							}
						},
						{
							"origin": [-0.3643, 7.63588, -4.48437],
							"size": [0.177, 0.177, 0.75],
							"pivot": [-0.375, 7.62518, -7.10937],
							"rotation": [0, 0, -45],
							"uv": {
								"north": {"uv": [52, 6], "uv_size": [0.5, 0.5]},
								"east": {"uv": [39, 44], "uv_size": [1, 0.5]},
								"south": {"uv": [8, 52], "uv_size": [0.5, 0.5]},
								"up": {"uv": [41, 44], "uv_size": [0.5, 1]}
							}
						},
						{
							"origin": [-0.3643, 7.63588, -4.98437],
							"size": [0.177, 0.177, 0.25],
							"pivot": [-0.375, 7.62518, -8.10937],
							"rotation": [0, 0, -45],
							"uv": {
								"north": {"uv": [52, 6], "uv_size": [0.5, 0.5]},
								"east": {"uv": [39, 44], "uv_size": [1, 0.5]},
								"south": {"uv": [8, 52], "uv_size": [0.5, 0.5]},
								"up": {"uv": [41, 44], "uv_size": [0.5, 1]}
							}
						},
						{
							"origin": [-0.375, 7.76563, -4.48437],
							"size": [0.75, 0.125, 0.75],
							"uv": {
								"north": {"uv": [44, 42], "uv_size": [1, 0.5]},
								"south": {"uv": [43, 44], "uv_size": [1, 0.5]},
								"up": {"uv": [35, 14], "uv_size": [1, 1]}
							}
						},
						{
							"origin": [-0.375, 7.76563, -4.98437],
							"size": [0.75, 0.125, 0.25],
							"uv": {
								"north": {"uv": [44, 42], "uv_size": [1, 0.5]},
								"south": {"uv": [43, 44], "uv_size": [1, 0.5]},
								"up": {"uv": [35, 14], "uv_size": [1, 1]}
							}
						},
						{
							"origin": [-0.375, 7.76563, -5.98437],
							"size": [0.75, 0.125, 0.75],
							"uv": {
								"north": {"uv": [44, 42], "uv_size": [1, 0.5]},
								"south": {"uv": [43, 44], "uv_size": [1, 0.5]},
								"up": {"uv": [35, 14], "uv_size": [1, 1]}
							}
						},
						{
							"origin": [-0.375, 7.76563, -6.48437],
							"size": [0.75, 0.125, 0.25],
							"uv": {
								"north": {"uv": [44, 42], "uv_size": [1, 0.5]},
								"south": {"uv": [43, 44], "uv_size": [1, 0.5]},
								"up": {"uv": [35, 14], "uv_size": [1, 1]}
							}
						},
						{
							"origin": [-0.375, 7.76563, -7.48437],
							"size": [0.75, 0.125, 0.75],
							"uv": {
								"north": {"uv": [44, 42], "uv_size": [1, 0.5]},
								"south": {"uv": [43, 44], "uv_size": [1, 0.5]},
								"up": {"uv": [35, 14], "uv_size": [1, 1]}
							}
						}
					]
				},
				{
					"name": "handguard_tactical",
					"parent": "gun",
					"pivot": [0, 5.77659, -6.85937],
					"cubes": [
						{
							"origin": [-0.375, 5.64031, -9.12187],
							"size": [0.75, 0.5, 3.1375],
							"uv": {
								"north": {"uv": [35, 44], "uv_size": [1, 0.5]},
								"east": {"uv": [23, 12], "uv_size": [4, 0.5]},
								"south": {"uv": [37, 44], "uv_size": [1, 0.5]},
								"west": {"uv": [24, 24], "uv_size": [4, 0.5]},
								"down": {"uv": [1, 0.5], "uv_size": [-1, -0.5]}
							}
						},
						{
							"origin": [0.1873, 5.63588, -9.12187],
							"size": [0.177, 0.177, 3.1375],
							"pivot": [0.375, 5.62518, -11.35937],
							"rotation": [0, 0, 45],
							"uv": {
								"north": {"uv": [52, 0], "uv_size": [0.5, 0.5]},
								"south": {"uv": [4, 52], "uv_size": [0.5, 0.5]},
								"west": {"uv": [52, 4], "uv_size": [0.5, 0.5]},
								"up": {"uv": [6, 52], "uv_size": [0.5, 0.5]}
							}
						},
						{
							"origin": [-0.3643, 5.63588, -9.12187],
							"size": [0.177, 0.177, 3.1375],
							"pivot": [-0.375, 5.62518, -11.35937],
							"rotation": [0, 0, -45],
							"uv": {
								"north": {"uv": [52, 6], "uv_size": [0.5, 0.5]},
								"east": {"uv": [39, 44], "uv_size": [1, 0.5]},
								"south": {"uv": [8, 52], "uv_size": [0.5, 0.5]},
								"up": {"uv": [41, 44], "uv_size": [0.5, 1]}
							}
						}
					]
				},
				{
					"name": "mag",
					"parent": "gun",
					"pivot": [0, 5.00001, 0.63681]
				},
				{
					"name": "clip",
					"parent": "mag",
					"pivot": [0.5, 5.75001, 0.13681],
					"cubes": [
						{
							"origin": [-0.375, 3.25001, 0.69931],
							"size": [0.75, 3.5, 0.5],
							"uv": {
								"east": {"uv": [27, 5], "uv_size": [0.5, 3.5]},
								"south": {"uv": [18, 18], "uv_size": [1, 3.5]},
								"west": {"uv": [20, 27], "uv_size": [0.5, 3.5]}
							}
						}
					]
				},
				{
					"name": "bullet1",
					"parent": "mag",
					"pivot": [0, 6.37501, -0.80069],
					"cubes": [
						{
							"origin": [-0.275, 6.1, -1.38067],
							"size": [0.55, 0.55, 2.45782],
							"uv": {
								"north": {"uv": [12, 52], "uv_size": [0.5, 0.5]},
								"east": {"uv": [35, 26], "uv_size": [2, 0.5]},
								"west": {"uv": [35, 35], "uv_size": [2, 0.5]},
								"up": {"uv": [0, 36], "uv_size": [0.5, 2]},
								"down": {"uv": [8, 38], "uv_size": [0.5, -2]}
							}
						},
						{
							"origin": [-0.19845, 6.17657, -3.07598],
							"size": [0.39688, 0.39688, 1.69843],
							"inflate": 0.001,
							"uv": {
								"north": {"uv": [52, 12], "uv_size": [0.5, 0.5]},
								"east": {"uv": [40, 2], "uv_size": [1.5, 0.5]},
								"west": {"uv": [4, 40], "uv_size": [1.5, 0.5]},
								"up": {"uv": [40, 4], "uv_size": [0.5, 1.5]},
								"down": {"uv": [40, 15.5], "uv_size": [0.5, -1.5]}
							}
						},
						{
							"origin": [-0.3375, 6.0375, 1.00606],
							"size": [0.675, 0.675, 0.0914],
							"uv": {
								"north": {"uv": [14, 52], "uv_size": [0.5, 0.5]},
								"east": {"uv": [52, 14], "uv_size": [0.5, 0.5]},
								"south": {"uv": [52, 16], "uv_size": [0.5, 0.5]},
								"west": {"uv": [18, 52], "uv_size": [0.5, 0.5]},
								"up": {"uv": [20, 52], "uv_size": [0.5, 0.5]},
								"down": {"uv": [52, 20.5], "uv_size": [0.5, -0.5]}
							}
						}
					]
				},
				{
					"name": "bullet2",
					"parent": "mag",
					"pivot": [0, 5.68751, -0.80069],
					"cubes": [
						{
							"origin": [-0.275, 5.4125, -1.38067],
							"size": [0.55, 0.55, 2.45782],
							"uv": {
								"north": {"uv": [12, 52], "uv_size": [0.5, 0.5]},
								"east": {"uv": [35, 26], "uv_size": [2, 0.5]},
								"west": {"uv": [35, 35], "uv_size": [2, 0.5]},
								"up": {"uv": [0, 36], "uv_size": [0.5, 2]},
								"down": {"uv": [8, 38], "uv_size": [0.5, -2]}
							}
						},
						{
							"origin": [-0.19845, 5.48907, -3.07598],
							"size": [0.39688, 0.39688, 1.69843],
							"inflate": 0.001,
							"uv": {
								"north": {"uv": [52, 12], "uv_size": [0.5, 0.5]},
								"east": {"uv": [40, 2], "uv_size": [1.5, 0.5]},
								"west": {"uv": [4, 40], "uv_size": [1.5, 0.5]},
								"up": {"uv": [40, 4], "uv_size": [0.5, 1.5]},
								"down": {"uv": [40, 15.5], "uv_size": [0.5, -1.5]}
							}
						},
						{
							"origin": [-0.19845, 4.80157, -3.07598],
							"size": [0.39688, 0.39688, 1.69843],
							"inflate": 0.001,
							"uv": {
								"north": {"uv": [52, 12], "uv_size": [0.5, 0.5]},
								"east": {"uv": [40, 2], "uv_size": [1.5, 0.5]},
								"west": {"uv": [4, 40], "uv_size": [1.5, 0.5]},
								"up": {"uv": [40, 4], "uv_size": [0.5, 1.5]},
								"down": {"uv": [40, 15.5], "uv_size": [0.5, -1.5]}
							}
						},
						{
							"origin": [-0.19845, 4.11407, -3.07598],
							"size": [0.39688, 0.39688, 1.69843],
							"inflate": 0.001,
							"uv": {
								"north": {"uv": [52, 12], "uv_size": [0.5, 0.5]},
								"east": {"uv": [40, 2], "uv_size": [1.5, 0.5]},
								"west": {"uv": [4, 40], "uv_size": [1.5, 0.5]},
								"up": {"uv": [40, 4], "uv_size": [0.5, 1.5]},
								"down": {"uv": [40, 15.5], "uv_size": [0.5, -1.5]}
							}
						},
						{
							"origin": [-0.19845, 3.42657, -3.07598],
							"size": [0.39688, 0.39688, 1.69843],
							"inflate": 0.001,
							"uv": {
								"north": {"uv": [52, 12], "uv_size": [0.5, 0.5]},
								"east": {"uv": [40, 2], "uv_size": [1.5, 0.5]},
								"west": {"uv": [4, 40], "uv_size": [1.5, 0.5]},
								"up": {"uv": [40, 4], "uv_size": [0.5, 1.5]},
								"down": {"uv": [40, 15.5], "uv_size": [0.5, -1.5]}
							}
						},
						{
							"origin": [-0.3375, 5.35, 1.00606],
							"size": [0.675, 0.675, 0.0914],
							"uv": {
								"north": {"uv": [14, 52], "uv_size": [0.5, 0.5]},
								"east": {"uv": [52, 14], "uv_size": [0.5, 0.5]},
								"south": {"uv": [52, 16], "uv_size": [0.5, 0.5]},
								"west": {"uv": [18, 52], "uv_size": [0.5, 0.5]},
								"up": {"uv": [20, 52], "uv_size": [0.5, 0.5]},
								"down": {"uv": [52, 20.5], "uv_size": [0.5, -0.5]}
							}
						},
						{
							"origin": [-0.275, 4.725, -1.38067],
							"size": [0.55, 0.55, 2.45782],
							"uv": {
								"north": {"uv": [12, 52], "uv_size": [0.5, 0.5]},
								"east": {"uv": [35, 26], "uv_size": [2, 0.5]},
								"west": {"uv": [35, 35], "uv_size": [2, 0.5]},
								"up": {"uv": [0, 36], "uv_size": [0.5, 2]},
								"down": {"uv": [8, 38], "uv_size": [0.5, -2]}
							}
						},
						{
							"origin": [-0.275, 4.0375, -1.38067],
							"size": [0.55, 0.55, 2.45782],
							"uv": {
								"north": {"uv": [12, 52], "uv_size": [0.5, 0.5]},
								"east": {"uv": [35, 26], "uv_size": [2, 0.5]},
								"west": {"uv": [35, 35], "uv_size": [2, 0.5]},
								"up": {"uv": [0, 36], "uv_size": [0.5, 2]},
								"down": {"uv": [8, 38], "uv_size": [0.5, -2]}
							}
						},
						{
							"origin": [-0.275, 3.35, -1.38067],
							"size": [0.55, 0.55, 2.45782],
							"uv": {
								"north": {"uv": [12, 52], "uv_size": [0.5, 0.5]},
								"east": {"uv": [35, 26], "uv_size": [2, 0.5]},
								"west": {"uv": [35, 35], "uv_size": [2, 0.5]},
								"up": {"uv": [0, 36], "uv_size": [0.5, 2]},
								"down": {"uv": [8, 38], "uv_size": [0.5, -2]}
							}
						}
					]
				},
				{
					"name": "attachment_adapter",
					"parent": "gun",
					"pivot": [0, 9.5, 7]
				},
				{
					"name": "positioning2",
					"parent": "gun",
					"pivot": [0, 7, 7]
				},
				{
					"name": "muzzle_flash",
					"parent": "positioning2",
					"pivot": [0, 6.6875, -9.51]
				},
				{
					"name": "scope_pos",
					"parent": "positioning2",
					"pivot": [0, 7.89, -3.73437]
				},
				{
					"name": "laser_pos",
					"parent": "positioning2",
					"pivot": [0, 5.765, -7.875],
					"rotation": [0, 0, -180]
				},
				{
					"name": "stock_pos",
					"parent": "positioning2",
					"pivot": [0, 8.67188, 13.5625]
				},
				{
					"name": "muzzle_pos",
					"parent": "positioning2",
					"pivot": [0, 6.6875, -9.5]
				},
				{
					"name": "right_hand",
					"parent": "right_gun",
					"pivot": [-5.5, 11, 6]
				},
				{
					"name": "righthand_pos",
					"parent": "right_hand",
					"pivot": [0, 0, 6],
					"rotation": [0, 180, 0],
					"cubes": [
						{
							"origin": [4, 0, 4],
							"size": [3, 12, 4],
							"uv": {
								"north": {"uv": [5, 13], "uv_size": [3, 12]},
								"east": {"uv": [0, 0], "uv_size": [4, 12]},
								"south": {"uv": [9, 13], "uv_size": [3, 12]},
								"west": {"uv": [5, 0], "uv_size": [4, 12]},
								"up": {"uv": [25, 0], "uv_size": [3, 4]},
								"down": {"uv": [25, 9], "uv_size": [3, -4]}
							}
						}
					]
				},
				{
					"name": "left_mag",
					"parent": "root",
					"pivot": [0, 0, -1]
				},
				{
					"name": "left_hand",
					"parent": "left_mag",
					"pivot": [5.5, 11, 6]
				},
				{
					"name": "lefthand_pos",
					"parent": "left_hand",
					"pivot": [0, 0, 6],
					"rotation": [0, -180, 0],
					"cubes": [
						{
							"origin": [-7, 0, 4],
							"size": [3, 12, 4],
							"uv": {
								"north": {"uv": [8, 13], "uv_size": [-3, 12]},
								"east": {"uv": [9, 0], "uv_size": [-4, 12]},
								"south": {"uv": [12, 13], "uv_size": [-3, 12]},
								"west": {"uv": [4, 0], "uv_size": [-4, 12]},
								"up": {"uv": [28, 0], "uv_size": [-3, 4]},
								"down": {"uv": [28, 9], "uv_size": [-3, -4]}
							}
						}
					]
				},
				{
					"name": "positioning",
					"pivot": [0, 0, 0]
				},
				{
					"name": "thirdperson_hand",
					"parent": "positioning",
					"pivot": [0, 3.5, 4]
				},
				{
					"name": "ground",
					"parent": "positioning",
					"pivot": [0, 0, 0]
				},
				{
					"name": "fixed",
					"parent": "positioning",
					"pivot": [0, 5, 0],
					"rotation": [0, 90, 0]
				},
				{
					"name": "view",
					"pivot": [0, 0, 0]
				},
				{
					"name": "idle_view",
					"parent": "view",
					"pivot": [3.5, 9, 18],
					"rotation": [0, 0, -7.5]
				},
				{
					"name": "iron_view",
					"parent": "view",
					"pivot": [0, 7.575, 17],
					"rotation": [0, 0, -2.5]
				},
				{
					"name": "refit_view",
					"parent": "view",
					"pivot": [16, 5, -0.5],
					"rotation": [0, 90, 0]
				},
				{
					"name": "refit_scope_view",
					"parent": "view",
					"pivot": [6, 10, -1],
					"rotation": [10, 50, 0]
				},
				{
					"name": "refit_muzzle_view",
					"parent": "view",
					"pivot": [9, 8, -16],
					"rotation": [-161.99772, 59.01237, -170.34037]
				},
				{
					"name": "refit_laser_view",
					"parent": "view",
					"pivot": [9, 6.5, -12],
					"rotation": [-169.56368, 65.07821, -177.90827]
				},
				{
					"name": "refit_extended_mag_view",
					"parent": "view",
					"pivot": [-9.25, 10.25, 3.5],
					"rotation": [16.32725, -65.2829, 0.91249]
				},
				{
					"name": "camera",
					"pivot": [3.5, 9, 18],
					"rotation": [0, 0, -7.5]
				}
			]
		}
	]
}