{
	"format_version": "1.12.0",
	"minecraft:geometry": [
		{
			"description": {
				"identifier": "geometry.unknown",
				"texture_width": 32,
				"texture_height": 32,
				"visible_bounds_width": 6,
				"visible_bounds_height": 7,
				"visible_bounds_offset": [0, -0.5, 0]
			},
			"bones": [
				{
					"name": "root",
					"pivot": [0, 4, 0]
				},
				{
					"name": "right_syringe",
					"parent": "root",
					"pivot": [-3, 4, 4]
				},
				{
					"name": "syringe",
					"parent": "right_syringe",
					"pivot": [-2, 6, 0],
					"cubes": [
						{
							"origin": [-2.0375, -0.5, -0.0375],
							"size": [0.075, 2.5, 0.075],
							"pivot": [-2, 1, 0],
							"rotation": [0, -90, 0],
							"uv": {
								"north": {"uv": [4, 12], "uv_size": [0.5, 2.5]},
								"east": {"uv": [12, 4], "uv_size": [0.5, 2.5]},
								"south": {"uv": [12, 8], "uv_size": [0.5, 2.5]},
								"west": {"uv": [10, 12], "uv_size": [0.5, 2.5]}
							}
						},
						{
							"origin": [-2.16569, 2, -0.15],
							"size": [0.33138, 0.5, 0.3],
							"pivot": [-2, 1.5, 0],
							"rotation": [-180, -45, 180],
							"uv": {
								"north": {"uv": [2, 24], "uv_size": [0.5, 0.5]},
								"east": {"uv": [24, 2], "uv_size": [0.5, 0.5]},
								"south": {"uv": [4, 24], "uv_size": [0.5, 0.5]},
								"west": {"uv": [24, 4], "uv_size": [0.5, 0.5]},
								"down": {"uv": [24, 6.5], "uv_size": [0.5, -0.5]}
							}
						},
						{
							"origin": [-2.27624, 6, 0.5019],
							"size": [0.65124, 0.19067, 0.6212],
							"pivot": [-2.3125, 6.1875, 1.125],
							"rotation": [-90, -85, 90],
							"uv": {
								"north": {"uv": [22, 24], "uv_size": [0.5, 0.5]},
								"south": {"uv": [24, 22], "uv_size": [0.5, 0.5]},
								"west": {"uv": [24, 24], "uv_size": [0.5, 0.5]},
								"up": {"uv": [6, 25], "uv_size": [0.5, 0.5]},
								"down": {"uv": [8, 25.5], "uv_size": [0.5, -0.5]}
							}
						},
						{
							"origin": [-3, 6, -1.7481],
							"size": [0.65124, 0.19067, 0.6212],
							"pivot": [-2.3125, 6.1875, -1.125],
							"rotation": [90, -85, -90],
							"uv": {
								"north": {"uv": [25, 12], "uv_size": [0.5, 0.5]},
								"east": {"uv": [25, 14], "uv_size": [0.5, 0.5]},
								"south": {"uv": [16, 25], "uv_size": [0.5, 0.5]},
								"up": {"uv": [25, 16], "uv_size": [0.5, 0.5]},
								"down": {"uv": [18, 25.5], "uv_size": [0.5, -0.5]}
							}
						},
						{
							"origin": [-3.1875, 6, -0.1875],
							"size": [2.375, 0.1875, 0.375],
							"pivot": [-2, 6, 0],
							"rotation": [0, -84, 0],
							"uv": {
								"north": {"uv": [12, 12], "uv_size": [2.5, 0.5]},
								"south": {"uv": [6, 13], "uv_size": [2.5, 0.5]},
								"up": {"uv": [0, 14], "uv_size": [2.5, 0.5]},
								"down": {"uv": [14, 0.5], "uv_size": [2.5, -0.5]}
							}
						},
						{
							"origin": [-3.1875, 6, -0.1875],
							"size": [2.375, 0.1875, 0.375],
							"pivot": [-2, 6, 0],
							"rotation": [-180, -84, 180],
							"uv": {
								"north": {"uv": [6, 7], "uv_size": [2.5, 0.5]},
								"south": {"uv": [0, 8], "uv_size": [2.5, 0.5]},
								"up": {"uv": [8, 0], "uv_size": [2.5, 0.5]},
								"down": {"uv": [8, 2.5], "uv_size": [2.5, -0.5]}
							}
						}
					]
				},
				{
					"name": "octagon1",
					"parent": "syringe",
					"pivot": [-2, 6.5, 0],
					"rotation": [0, -90, 0],
					"cubes": [
						{
							"origin": [-2.20711, 5.75, -0.5],
							"size": [0.41422, 1.25, 1],
							"pivot": [-2, 6.25, 0],
							"rotation": [0, -45, 0],
							"uv": {
								"north": {"uv": [12, 17], "uv_size": [0.5, 1.5]},
								"south": {"uv": [14, 17], "uv_size": [0.5, 1.5]},
								"up": {"uv": [20, 0], "uv_size": [0.5, 1]},
								"down": {"uv": [20, 3], "uv_size": [0.5, -1]}
							}
						},
						{
							"origin": [-2.20711, 5.75, -0.5],
							"size": [0.41422, 1.25, 1],
							"uv": {
								"north": {"uv": [18, 0], "uv_size": [0.5, 1.5]},
								"south": {"uv": [18, 3], "uv_size": [0.5, 1.5]},
								"up": {"uv": [20, 4], "uv_size": [0.5, 1]},
								"down": {"uv": [20, 7], "uv_size": [0.5, -1]}
							}
						},
						{
							"origin": [-2.5, 5.75, -0.20711],
							"size": [1, 1.25, 0.41422],
							"pivot": [-2, 6.25, 0],
							"rotation": [0, -45, 0],
							"uv": {
								"east": {"uv": [6, 18], "uv_size": [0.5, 1.5]},
								"west": {"uv": [18, 6], "uv_size": [0.5, 1.5]},
								"up": {"uv": [20, 8], "uv_size": [1, 0.5]},
								"down": {"uv": [20, 10.5], "uv_size": [1, -0.5]}
							}
						},
						{
							"origin": [-2.5, 5.75, -0.20711],
							"size": [1, 1.25, 0.41422],
							"uv": {
								"east": {"uv": [8, 18], "uv_size": [0.5, 1.5]},
								"west": {"uv": [18, 9], "uv_size": [0.5, 1.5]},
								"up": {"uv": [12, 20], "uv_size": [1, 0.5]},
								"down": {"uv": [14, 20.5], "uv_size": [1, -0.5]}
							}
						}
					]
				},
				{
					"name": "octagon2",
					"parent": "syringe",
					"pivot": [-2, 4.625, 0],
					"rotation": [0, -67.5, 0],
					"cubes": [
						{
							"origin": [-2.14083, 3.08125, -0.34],
							"size": [0.28166, 2.43125, 0.68],
							"pivot": [-2, 4.625, 0],
							"rotation": [0, -45, 0],
							"uv": {
								"north": {"uv": [4, 8], "uv_size": [0.5, 2.5]},
								"south": {"uv": [6, 9], "uv_size": [0.5, 2.5]}
							}
						},
						{
							"origin": [-2.14083, 3.08125, -0.34],
							"size": [0.28166, 2.43125, 0.68],
							"uv": {
								"north": {"uv": [8, 9], "uv_size": [0.5, 2.5]},
								"south": {"uv": [0, 10], "uv_size": [0.5, 2.5]}
							}
						},
						{
							"origin": [-2.34, 3.08125, -0.14083],
							"size": [0.68, 2.43125, 0.28166],
							"pivot": [-2, 4.625, 0],
							"rotation": [0, -45, 0],
							"uv": {
								"east": {"uv": [2, 10], "uv_size": [0.5, 2.5]},
								"west": {"uv": [10, 4], "uv_size": [0.5, 2.5]}
							}
						},
						{
							"origin": [-2.34, 3.08125, -0.14083],
							"size": [0.68, 2.43125, 0.28166],
							"uv": {
								"east": {"uv": [10, 8], "uv_size": [0.5, 2.5]},
								"west": {"uv": [12, 0], "uv_size": [0.5, 2.5]}
							}
						}
					]
				},
				{
					"name": "octagon5",
					"parent": "syringe",
					"pivot": [-2, 4.5, 0],
					"rotation": [0, -90, 0],
					"cubes": [
						{
							"origin": [-2.16569, 2.5, -0.4],
							"size": [0.33138, 0.625, 0.8],
							"pivot": [-2, 4.5, 0],
							"rotation": [0, -45, 0],
							"uv": {
								"north": {"uv": [28, 28], "uv_size": [0.5, 0.5]},
								"south": {"uv": [6, 29], "uv_size": [0.5, 0.5]},
								"up": {"uv": [22, 8], "uv_size": [0.5, 1]},
								"down": {"uv": [10, 23], "uv_size": [0.5, -1]}
							}
						},
						{
							"origin": [-2.16569, 2.5, -0.4],
							"size": [0.33138, 0.625, 0.8],
							"uv": {
								"north": {"uv": [8, 29], "uv_size": [0.5, 0.5]},
								"south": {"uv": [29, 12], "uv_size": [0.5, 0.5]},
								"up": {"uv": [22, 10], "uv_size": [0.5, 1]},
								"down": {"uv": [12, 23], "uv_size": [0.5, -1]}
							}
						},
						{
							"origin": [-2.4, 2.5, -0.16569],
							"size": [0.8, 0.625, 0.33138],
							"pivot": [-2, 4.5, 0],
							"rotation": [0, -45, 0],
							"uv": {
								"east": {"uv": [29, 14], "uv_size": [0.5, 0.5]},
								"west": {"uv": [16, 29], "uv_size": [0.5, 0.5]},
								"up": {"uv": [14, 22], "uv_size": [1, 0.5]},
								"down": {"uv": [22, 18.5], "uv_size": [1, -0.5]}
							}
						},
						{
							"origin": [-2.4, 2.5, -0.16569],
							"size": [0.8, 0.625, 0.33138],
							"uv": {
								"east": {"uv": [29, 16], "uv_size": [0.5, 0.5]},
								"west": {"uv": [18, 29], "uv_size": [0.5, 0.5]},
								"up": {"uv": [20, 22], "uv_size": [1, 0.5]},
								"down": {"uv": [22, 20.5], "uv_size": [1, -0.5]}
							}
						},
						{
							"origin": [-2.4, 3.125, -0.05319],
							"size": [0.8, 2.375, 0.10638],
							"uv": {
								"north": {"uv": [4, 4], "uv_size": [1, 2.5]},
								"east": {"uv": [14, 2], "uv_size": [0.5, 2.5]},
								"south": {"uv": [6, 0], "uv_size": [1, 2.5]},
								"west": {"uv": [14, 6], "uv_size": [0.5, 2.5]}
							}
						}
					]
				},
				{
					"name": "octagon6",
					"parent": "syringe",
					"pivot": [-2, 4.75, 0],
					"rotation": [0, -90, 0],
					"cubes": [
						{
							"origin": [-2.16569, 5.5, -0.4],
							"size": [0.33138, 1.875, 0.8],
							"pivot": [-2, 4.75, 0],
							"rotation": [0, -45, 0],
							"uv": {
								"north": {"uv": [0, 16], "uv_size": [0.5, 2]},
								"south": {"uv": [2, 16], "uv_size": [0.5, 2]},
								"up": {"uv": [22, 22], "uv_size": [0.5, 1]},
								"down": {"uv": [6, 24], "uv_size": [0.5, -1]}
							}
						},
						{
							"origin": [-2.4, 5.5, -0.16569],
							"size": [0.8, 1.875, 0.33138],
							"uv": {
								"east": {"uv": [16, 2], "uv_size": [0.5, 2]},
								"west": {"uv": [4, 16], "uv_size": [0.5, 2]},
								"up": {"uv": [8, 23], "uv_size": [1, 0.5]},
								"down": {"uv": [23, 12.5], "uv_size": [1, -0.5]}
							}
						},
						{
							"origin": [-2.4, 5.5, -0.16569],
							"size": [0.8, 1.875, 0.33138],
							"pivot": [-2, 4.75, 0],
							"rotation": [0, -45, 0],
							"uv": {
								"east": {"uv": [16, 5], "uv_size": [0.5, 2]},
								"west": {"uv": [16, 8], "uv_size": [0.5, 2]},
								"up": {"uv": [23, 14], "uv_size": [1, 0.5]},
								"down": {"uv": [16, 23.5], "uv_size": [1, -0.5]}
							}
						},
						{
							"origin": [-2.16569, 5.5, -0.4],
							"size": [0.33138, 1.875, 0.8],
							"uv": {
								"north": {"uv": [10, 16], "uv_size": [0.5, 2]},
								"south": {"uv": [16, 11], "uv_size": [0.5, 2]},
								"up": {"uv": [23, 16], "uv_size": [0.5, 1]},
								"down": {"uv": [18, 24], "uv_size": [0.5, -1]}
							}
						}
					]
				},
				{
					"name": "ring",
					"parent": "syringe",
					"pivot": [-2, 8.375, 0],
					"rotation": [0, -90, 0],
					"cubes": [
						{
							"origin": [-2.04063, 5.8125, -0.04062],
							"size": [0.08125, 2, 0.08125],
							"uv": {
								"north": {"uv": [12, 14], "uv_size": [0.5, 2]},
								"east": {"uv": [14, 14], "uv_size": [0.5, 2]},
								"south": {"uv": [6, 15], "uv_size": [0.5, 2]},
								"west": {"uv": [8, 15], "uv_size": [0.5, 2]}
							}
						}
					]
				},
				{
					"name": "dodecagon1",
					"parent": "ring",
					"pivot": [-2.00002, 8.37503, 0],
					"cubes": [
						{
							"origin": [-2.1608, 8.87501, -0.0625],
							"size": [0.32153, 0.1, 0.125],
							"pivot": [-2.00004, 8.37501, 0],
							"rotation": [0, 0, -30],
							"uv": {
								"north": {"uv": [0, 26], "uv_size": [0.5, 0.5]},
								"south": {"uv": [26, 0], "uv_size": [0.5, 0.5]},
								"up": {"uv": [2, 26], "uv_size": [0.5, 0.5]},
								"down": {"uv": [26, 2.5], "uv_size": [0.5, -0.5]}
							}
						},
						{
							"origin": [-2.1608, 8.87501, -0.0625],
							"size": [0.32153, 0.1, 0.125],
							"uv": {
								"north": {"uv": [4, 26], "uv_size": [0.5, 0.5]},
								"south": {"uv": [26, 4], "uv_size": [0.5, 0.5]},
								"up": {"uv": [26, 6], "uv_size": [0.5, 0.5]},
								"down": {"uv": [26, 8.5], "uv_size": [0.5, -0.5]}
							}
						},
						{
							"origin": [-2.1608, 8.87501, -0.0625],
							"size": [0.32153, 0.1, 0.125],
							"pivot": [-2.00004, 8.37501, 0],
							"rotation": [0, 0, 30],
							"uv": {
								"north": {"uv": [10, 26], "uv_size": [0.5, 0.5]},
								"south": {"uv": [26, 10], "uv_size": [0.5, 0.5]},
								"up": {"uv": [12, 26], "uv_size": [0.5, 0.5]},
								"down": {"uv": [14, 26.5], "uv_size": [0.5, -0.5]}
							}
						},
						{
							"origin": [-2.60001, 8.21427, -0.0625],
							"size": [0.1, 0.32154, 0.125],
							"pivot": [-2.00001, 8.37504, 0],
							"rotation": [0, 0, -30],
							"uv": {
								"north": {"uv": [26, 18], "uv_size": [0.5, 0.5]},
								"east": {"uv": [20, 26], "uv_size": [0.5, 0.5]},
								"south": {"uv": [26, 20], "uv_size": [0.5, 0.5]},
								"west": {"uv": [22, 26], "uv_size": [0.5, 0.5]}
							}
						},
						{
							"origin": [-2.60001, 8.21427, -0.0625],
							"size": [0.1, 0.32154, 0.125],
							"uv": {
								"north": {"uv": [26, 22], "uv_size": [0.5, 0.5]},
								"east": {"uv": [24, 26], "uv_size": [0.5, 0.5]},
								"south": {"uv": [26, 24], "uv_size": [0.5, 0.5]},
								"west": {"uv": [26, 26], "uv_size": [0.5, 0.5]}
							}
						},
						{
							"origin": [-2.60001, 8.21427, -0.0625],
							"size": [0.1, 0.32154, 0.125],
							"pivot": [-2.00001, 8.37504, 0],
							"rotation": [0, 0, 30],
							"uv": {
								"north": {"uv": [6, 27], "uv_size": [0.5, 0.5]},
								"east": {"uv": [8, 27], "uv_size": [0.5, 0.5]},
								"south": {"uv": [27, 12], "uv_size": [0.5, 0.5]},
								"west": {"uv": [27, 14], "uv_size": [0.5, 0.5]}
							}
						},
						{
							"origin": [-2.1608, 7.77501, -0.0625],
							"size": [0.32153, 0.1, 0.125],
							"pivot": [-2.00004, 8.37501, 0],
							"rotation": [0, 0, -30],
							"uv": {
								"north": {"uv": [16, 27], "uv_size": [0.5, 0.5]},
								"south": {"uv": [27, 16], "uv_size": [0.5, 0.5]},
								"up": {"uv": [18, 27], "uv_size": [0.5, 0.5]},
								"down": {"uv": [0, 28.5], "uv_size": [0.5, -0.5]}
							}
						},
						{
							"origin": [-2.1608, 7.77501, -0.0625],
							"size": [0.32153, 0.1, 0.125],
							"uv": {
								"north": {"uv": [28, 0], "uv_size": [0.5, 0.5]},
								"south": {"uv": [2, 28], "uv_size": [0.5, 0.5]},
								"up": {"uv": [28, 2], "uv_size": [0.5, 0.5]},
								"down": {"uv": [4, 28.5], "uv_size": [0.5, -0.5]}
							}
						},
						{
							"origin": [-2.1608, 7.77501, -0.0625],
							"size": [0.32153, 0.1, 0.125],
							"pivot": [-2.00004, 8.37501, 0],
							"rotation": [0, 0, 30],
							"uv": {
								"north": {"uv": [28, 4], "uv_size": [0.5, 0.5]},
								"south": {"uv": [28, 6], "uv_size": [0.5, 0.5]},
								"up": {"uv": [28, 8], "uv_size": [0.5, 0.5]},
								"down": {"uv": [10, 28.5], "uv_size": [0.5, -0.5]}
							}
						},
						{
							"origin": [-1.50001, 8.21427, -0.0625],
							"size": [0.1, 0.32154, 0.125],
							"pivot": [-2.00001, 8.37504, 0],
							"rotation": [0, 0, -30],
							"uv": {
								"north": {"uv": [28, 10], "uv_size": [0.5, 0.5]},
								"east": {"uv": [12, 28], "uv_size": [0.5, 0.5]},
								"south": {"uv": [14, 28], "uv_size": [0.5, 0.5]},
								"west": {"uv": [28, 18], "uv_size": [0.5, 0.5]}
							}
						},
						{
							"origin": [-1.50001, 8.21427, -0.0625],
							"size": [0.1, 0.32154, 0.125],
							"uv": {
								"north": {"uv": [20, 28], "uv_size": [0.5, 0.5]},
								"east": {"uv": [28, 20], "uv_size": [0.5, 0.5]},
								"south": {"uv": [22, 28], "uv_size": [0.5, 0.5]},
								"west": {"uv": [28, 22], "uv_size": [0.5, 0.5]}
							}
						},
						{
							"origin": [-1.50001, 8.21427, -0.0625],
							"size": [0.1, 0.32154, 0.125],
							"pivot": [-2.00001, 8.37504, 0],
							"rotation": [0, 0, 30],
							"uv": {
								"north": {"uv": [24, 28], "uv_size": [0.5, 0.5]},
								"east": {"uv": [28, 24], "uv_size": [0.5, 0.5]},
								"south": {"uv": [26, 28], "uv_size": [0.5, 0.5]},
								"west": {"uv": [28, 26], "uv_size": [0.5, 0.5]}
							}
						}
					]
				},
				{
					"name": "right_hand",
					"parent": "right_syringe",
					"pivot": [-5.5, 11, 0]
				},
				{
					"name": "righthand_pos",
					"parent": "right_hand",
					"pivot": [0, 0, 0],
					"rotation": [0, 180, 0],
					"cubes": [
						{
							"origin": [4, 0, -2],
							"size": [3, 12, 4],
							"uv": {
								"north": {"uv": [5, 13], "uv_size": [3, 12]},
								"east": {"uv": [0, 0], "uv_size": [4, 12]},
								"south": {"uv": [9, 13], "uv_size": [3, 12]},
								"west": {"uv": [5, 0], "uv_size": [4, 12]},
								"up": {"uv": [25, 0], "uv_size": [3, 4]},
								"down": {"uv": [25, 9], "uv_size": [3, -4]}
							}
						}
					]
				},
				{
					"name": "left_bottle",
					"parent": "root",
					"pivot": [3, 4, 4]
				},
				{
					"name": "bottle",
					"parent": "left_bottle",
					"pivot": [2, 4, 0],
					"cubes": [
						{
							"origin": [1.4375, 2, -1],
							"size": [1.125, 2.875, 2],
							"uv": {
								"north": {"uv": [0, 4], "uv_size": [1, 3]},
								"east": {"uv": [0, 0], "uv_size": [2, 3]},
								"south": {"uv": [2, 4], "uv_size": [1, 3]},
								"west": {"uv": [3, 0], "uv_size": [2, 3]},
								"down": {"uv": [6, 6], "uv_size": [1, -2]}
							}
						},
						{
							"origin": [1.5, 4.875, -1],
							"size": [1, 0.10825, 2],
							"uv": {
								"north": {"uv": [0, 24], "uv_size": [1, 0.5]},
								"south": {"uv": [24, 0], "uv_size": [1, 0.5]}
							}
						},
						{
							"origin": [1.5243, 4.59681, -0.9995],
							"size": [0.125, 0.125, 1.999],
							"pivot": [2, 4.89788, 0],
							"rotation": [0, 0, 30],
							"uv": {
								"north": {"uv": [0, 30], "uv_size": [0.5, 0.5]},
								"east": {"uv": [16, 14], "uv_size": [2, 0.5]},
								"south": {"uv": [30, 0], "uv_size": [0.5, 0.5]}
							}
						},
						{
							"origin": [2.3507, 4.59681, -0.9995],
							"size": [0.125, 0.125, 1.999],
							"pivot": [2, 4.89788, 0],
							"rotation": [0, 0, -30],
							"uv": {
								"north": {"uv": [2, 30], "uv_size": [0.5, 0.5]},
								"south": {"uv": [30, 2], "uv_size": [0.5, 0.5]},
								"west": {"uv": [16, 16], "uv_size": [2, 0.5]}
							}
						},
						{
							"origin": [1.5, 4.9639, -0.92747],
							"size": [1, 0.35926, 1.06872],
							"pivot": [2, 4.94755, 0.00012],
							"rotation": [20, 0, 0],
							"uv": {
								"east": {"uv": [22, 2], "uv_size": [1, 0.5]},
								"west": {"uv": [4, 22], "uv_size": [1, 0.5]},
								"up": {"uv": [8, 4], "uv_size": [1, 1]}
							}
						},
						{
							"origin": [1.5, 4.96382, -0.14074],
							"size": [1, 0.35926, 1.06823],
							"pivot": [2, 4.94755, 0.00012],
							"rotation": [-20, 0, 0],
							"uv": {
								"east": {"uv": [22, 4], "uv_size": [1, 0.5]},
								"west": {"uv": [22, 6], "uv_size": [1, 0.5]},
								"up": {"uv": [14, 10], "uv_size": [1, 1]}
							}
						}
					]
				},
				{
					"name": "octagon3",
					"parent": "bottle",
					"pivot": [2, 6, 0],
					"rotation": [0, -22.5, 0],
					"cubes": [
						{
							"origin": [1.83431, 4.8125, -0.4],
							"size": [0.33138, 1.3125, 0.8],
							"pivot": [2, 6.25, 0],
							"rotation": [0, -45, 0],
							"uv": {
								"north": {"uv": [16, 18], "uv_size": [0.5, 1.5]},
								"south": {"uv": [18, 18], "uv_size": [0.5, 1.5]},
								"up": {"uv": [20, 18], "uv_size": [0.5, 1]}
							}
						},
						{
							"origin": [1.83431, 4.8125, -0.4],
							"size": [0.33138, 1.3125, 0.8],
							"uv": {
								"north": {"uv": [0, 19], "uv_size": [0.5, 1.5]},
								"south": {"uv": [2, 19], "uv_size": [0.5, 1.5]},
								"up": {"uv": [20, 20], "uv_size": [0.5, 1]}
							}
						},
						{
							"origin": [1.6, 4.8125, -0.16569],
							"size": [0.8, 1.3125, 0.33138],
							"pivot": [2, 6.25, 0],
							"rotation": [0, -45, 0],
							"uv": {
								"east": {"uv": [4, 19], "uv_size": [0.5, 1.5]},
								"west": {"uv": [10, 19], "uv_size": [0.5, 1.5]},
								"up": {"uv": [6, 21], "uv_size": [1, 0.5]}
							}
						},
						{
							"origin": [1.6, 4.8125, -0.16569],
							"size": [0.8, 1.3125, 0.33138],
							"uv": {
								"east": {"uv": [19, 12], "uv_size": [0.5, 1.5]},
								"west": {"uv": [19, 15], "uv_size": [0.5, 1.5]},
								"up": {"uv": [8, 21], "uv_size": [1, 0.5]}
							}
						}
					]
				},
				{
					"name": "octagon4",
					"parent": "bottle",
					"pivot": [2, 5.9375, 0],
					"cubes": [
						{
							"origin": [1.79289, 5.6875, -0.5],
							"size": [0.41422, 0.25, 1],
							"pivot": [2, 6.1875, 0],
							"rotation": [0, -45, 0],
							"uv": {
								"north": {"uv": [24, 8], "uv_size": [0.5, 0.5]},
								"south": {"uv": [10, 24], "uv_size": [0.5, 0.5]},
								"up": {"uv": [21, 12], "uv_size": [0.5, 1]},
								"down": {"uv": [21, 15], "uv_size": [0.5, -1]}
							}
						},
						{
							"origin": [1.79289, 5.6875, -0.5],
							"size": [0.41422, 0.25, 1],
							"uv": {
								"north": {"uv": [24, 10], "uv_size": [0.5, 0.5]},
								"south": {"uv": [12, 24], "uv_size": [0.5, 0.5]},
								"up": {"uv": [16, 21], "uv_size": [0.5, 1]},
								"down": {"uv": [21, 17], "uv_size": [0.5, -1]}
							}
						},
						{
							"origin": [1.5, 5.6875, -0.20711],
							"size": [1, 0.25, 0.41422],
							"pivot": [2, 6.1875, 0],
							"rotation": [0, -45, 0],
							"uv": {
								"east": {"uv": [14, 24], "uv_size": [0.5, 0.5]},
								"west": {"uv": [24, 18], "uv_size": [0.5, 0.5]},
								"up": {"uv": [18, 21], "uv_size": [1, 0.5]},
								"down": {"uv": [0, 22.5], "uv_size": [1, -0.5]}
							}
						},
						{
							"origin": [1.5, 5.6875, -0.20711],
							"size": [1, 0.25, 0.41422],
							"uv": {
								"east": {"uv": [20, 24], "uv_size": [0.5, 0.5]},
								"west": {"uv": [24, 20], "uv_size": [0.5, 0.5]},
								"up": {"uv": [22, 0], "uv_size": [1, 0.5]},
								"down": {"uv": [2, 22.5], "uv_size": [1, -0.5]}
							}
						}
					]
				},
				{
					"name": "left_hand",
					"parent": "left_bottle",
					"pivot": [5.5, 11, 0]
				},
				{
					"name": "lefthand_pos",
					"parent": "left_hand",
					"pivot": [0, 0, 0],
					"rotation": [0, -180, 0],
					"cubes": [
						{
							"origin": [-7, 0, -2],
							"size": [3, 12, 4],
							"uv": {
								"north": {"uv": [8, 13], "uv_size": [-3, 12]},
								"east": {"uv": [9, 0], "uv_size": [-4, 12]},
								"south": {"uv": [12, 13], "uv_size": [-3, 12]},
								"west": {"uv": [4, 0], "uv_size": [-4, 12]},
								"up": {"uv": [28, 0], "uv_size": [-3, 4]},
								"down": {"uv": [28, 9], "uv_size": [-3, -4]}
							}
						}
					]
				},
				{
					"name": "positioning",
					"pivot": [0, 0, -8]
				},
				{
					"name": "thirdperson_hand",
					"parent": "positioning",
					"pivot": [-1.5, 4, 0],
					"rotation": [0, 90, 0]
				},
				{
					"name": "ground",
					"parent": "positioning",
					"pivot": [0, 0, 0]
				},
				{
					"name": "fixed",
					"parent": "positioning",
					"pivot": [-1.5, 4, 0],
					"rotation": [0, 90, 0]
				},
				{
					"name": "views",
					"pivot": [0, 0, 0]
				},
				{
					"name": "camera",
					"pivot": [0, 6, 8.25]
				},
				{
					"name": "idle_view",
					"parent": "camera",
					"pivot": [0, 6, 8.25]
				},
				{
					"name": "iron_view",
					"parent": "camera",
					"pivot": [0, 6, 8.25]
				},
				{
					"name": "refit_view",
					"parent": "camera",
					"pivot": [0, 4, 11.25]
				}
			]
		}
	]
}