{
	"format_version": "1.12.0",
	"minecraft:geometry": [
		{
			"description": {
				"identifier": "geometry.unknown",
				"texture_width": 128,
				"texture_height": 128,
				"visible_bounds_width": 9,
				"visible_bounds_height": 6,
				"visible_bounds_offset": [0, 2, 0]
			},
			"bones": [
				{
					"name": "root",
					"pivot": [0, 15, 23]
				},
				{
					"name": "right_gun",
					"parent": "root",
					"pivot": [6.5, 16.5, 25]
				},
				{
					"name": "gun",
					"parent": "right_gun",
					"pivot": [0, 0, 0]
				},
				{
					"name": "body",
					"parent": "gun",
					"pivot": [0, -0.1875, 0],
					"cubes": [
						{
							"origin": [-1, 16.0625, -9.3125],
							"size": [2, 1.875, 31.8125],
							"pivot": [0, 13.0625, 1],
							"rotation": [-3, 0, 0],
							"uv": {
								"north": {"uv": [54, 40], "uv_size": [2, 2]},
								"east": {"uv": [0, 0], "uv_size": [32, 2]},
								"west": {"uv": [0, 3], "uv_size": [32, 2]},
								"down": {"uv": [0, 38], "uv_size": [2, -32]}
							}
						},
						{
							"origin": [-0.93619, 15.85555, 37.81672],
							"size": [1.87238, 1.1875, 3.1875],
							"pivot": [0.93619, 15.85555, 41.00422],
							"rotation": [72, 0, 0],
							"uv": {
								"east": {"uv": [57, 42], "uv_size": [3, 1]},
								"west": {"uv": [43, 57], "uv_size": [3, 1]},
								"down": {"uv": [48, 22], "uv_size": [2, -3]}
							}
						},
						{
							"origin": [-0.93619, 15.85555, 40.31672],
							"size": [1.87238, 1, 0.68749],
							"pivot": [0.93619, 15.85555, 41.00422],
							"rotation": [39.5, 0, 0],
							"uv": {
								"east": {"uv": [74, 59], "uv_size": [0.5, 1]},
								"south": {"uv": [6, 61], "uv_size": [2, 1]},
								"west": {"uv": [74, 66], "uv_size": [0.5, 1]},
								"up": {"uv": [68, 18], "uv_size": [2, 0.5]}
							}
						},
						{
							"origin": [-0.5, 14.58472, 30.42365],
							"size": [1, 3, 10],
							"pivot": [0.5, 17.58472, 30.42365],
							"rotation": [-5.6081, 2.24637, -2.73015],
							"uv": {
								"west": {"uv": [25, 14], "uv_size": [10, 3]},
								"up": {"uv": [8, 40], "uv_size": [1, 10]}
							}
						},
						{
							"origin": [-0.25571, 9.83437, 29.45464],
							"size": [1, 3, 10.25],
							"pivot": [-1.25571, 12.83437, 39.45464],
							"rotation": [-20.48284, 0.83428, 2.35677],
							"uv": {
								"west": {"uv": [25, 18], "uv_size": [10, 3]},
								"down": {"uv": [41, 47], "uv_size": [1, -10]}
							}
						},
						{
							"origin": [-0.75, 13.25405, 21.55875],
							"size": [1.5, 3, 8.5],
							"pivot": [-0.75, 16.25405, 30.05875],
							"rotation": [-13, 0, 0],
							"uv": {
								"east": {"uv": [27, 6], "uv_size": [8.5, 3]},
								"west": {"uv": [27, 10], "uv_size": [8.5, 3]},
								"up": {"uv": [36, 37], "uv_size": [1.5, 8.5]},
								"down": {"uv": [0, 47.5], "uv_size": [1.5, -8.5]}
							}
						},
						{
							"origin": [-0.625, 11.23726, 26.05049],
							"size": [1.25, 1, 2],
							"pivot": [-0.25, 11.91035, 25.41076],
							"rotation": [74.5, 0, 0],
							"uv": {
								"east": {"uv": [61, 11], "uv_size": [2, 1]},
								"west": {"uv": [61, 18], "uv_size": [2, 1]},
								"down": {"uv": [53, 59], "uv_size": [1.5, -2]}
							}
						},
						{
							"origin": [-0.6875, 8.23726, 26.48799],
							"size": [1.375, 1.8125, 6],
							"pivot": [-0.25, 8.91035, 25.84826],
							"rotation": [94.5, 0, 0],
							"uv": {
								"east": {"uv": [36, 29], "uv_size": [6, 2]},
								"west": {"uv": [37, 11], "uv_size": [6, 2]},
								"up": {"uv": [45, 22], "uv_size": [1.5, 6]},
								"down": {"uv": [47, 43], "uv_size": [1.5, -6]}
							}
						},
						{
							"origin": [-0.625, 12.77131, 24.94469],
							"size": [1.25, 0.875, 2],
							"pivot": [-0.25, 12.66035, 25.53576],
							"rotation": [142, 0, 0],
							"uv": {
								"east": {"uv": [61, 20], "uv_size": [2, 1]},
								"south": {"uv": [64, 25], "uv_size": [1.5, 1]},
								"west": {"uv": [61, 26], "uv_size": [2, 1]},
								"up": {"uv": [58, 18], "uv_size": [1.5, 2]}
							}
						},
						{
							"origin": [-0.6875, 10.02131, 25.25719],
							"size": [1.375, 0.8125, 1.8125],
							"pivot": [-0.25, 9.84785, 25.84826],
							"rotation": [-171.5, 0, 0],
							"uv": {
								"north": {"uv": [64, 37], "uv_size": [1.5, 1]},
								"east": {"uv": [40, 61], "uv_size": [2, 1]},
								"west": {"uv": [61, 42], "uv_size": [2, 1]}
							}
						},
						{
							"origin": [-0.65625, 8.14759, 26.57857],
							"size": [1.3125, 0.8125, 0.9375],
							"pivot": [-0.75, 8.96009, 26.57857],
							"rotation": [-150, 0, 0],
							"uv": {
								"east": {"uv": [42, 9], "uv_size": [1, 1]},
								"west": {"uv": [69, 0], "uv_size": [1, 1]},
								"up": {"uv": [64, 42], "uv_size": [1.5, 1]}
							}
						},
						{
							"origin": [-0.67188, 7.67884, 25.76668],
							"size": [1.34375, 0.8125, 1.3125],
							"pivot": [-0.75, 8.49134, 25.76668],
							"rotation": [171, 0, 0],
							"uv": {
								"east": {"uv": [64, 44], "uv_size": [1.5, 1]},
								"west": {"uv": [64, 48], "uv_size": [1.5, 1]},
								"up": {"uv": [56, 60], "uv_size": [1.5, 1.5]}
							}
						},
						{
							"origin": [-0.67188, 7.86634, 25.45418],
							"size": [1.34375, 2.82842, 0.94896],
							"pivot": [-0.75, 9.67884, 25.45418],
							"rotation": [178, 0, 0],
							"uv": {
								"east": {"uv": [8, 57], "uv_size": [1, 3]},
								"south": {"uv": [5, 52], "uv_size": [1.5, 3]},
								"west": {"uv": [49, 57], "uv_size": [1, 3]}
							}
						},
						{
							"origin": [-0.5, 17.08472, 26.67365],
							"size": [1, 0.5, 3.75],
							"pivot": [0.5, 17.58472, 30.42365],
							"rotation": [9.5, 0, 0],
							"uv": {
								"south": {"uv": [4, 75], "uv_size": [1, 0.5]},
								"up": {"uv": [6, 56], "uv_size": [1, 3.5]}
							}
						},
						{
							"origin": [-1.6604, 16.4375, 5.87318],
							"size": [3.3125, 2, 16.6875],
							"pivot": [-1.69165, 16.4375, 6.24818],
							"rotation": [-3.5, 0, 0],
							"uv": {
								"east": {"uv": [7, 14], "uv_size": [16.5, 2]},
								"south": {"uv": [47, 46], "uv_size": [3.5, 2]},
								"west": {"uv": [7, 17], "uv_size": [16.5, 2]}
							}
						},
						{
							"origin": [-1.68335, 16.5625, 6.24818],
							"size": [3.3667, 2, 4.25],
							"uv": {
								"east": {"uv": [44, 0], "uv_size": [4.5, 2]},
								"west": {"uv": [44, 9], "uv_size": [4.5, 2]},
								"up": {"uv": [37, 5], "uv_size": [3.5, 4.5]}
							}
						},
						{
							"origin": [1.30835, 16.5625, 10.49818],
							"size": [0.375, 2, 9.4375],
							"uv": {
								"south": {"uv": [10, 69], "uv_size": [0.5, 2]},
								"west": {"uv": [10, 34], "uv_size": [9.5, 2]},
								"up": {"uv": [51, 51], "uv_size": [0.5, 9.5]}
							}
						},
						{
							"origin": [0.75415, 16.4375, 6.24818],
							"size": [0.9375, 1, 16.3125],
							"pivot": [1.69165, 16.4375, 6.24818],
							"rotation": [-2.08414, -2.32583, -43.30791],
							"uv": {
								"south": {"uv": [69, 11], "uv_size": [1, 1]},
								"down": {"uv": [10, 53.5], "uv_size": [1, -16.5]}
							}
						},
						{
							"origin": [-0.30835, 16.4375, -7.93932],
							"size": [2, 1.25, 14.1875],
							"pivot": [1.69165, 16.4375, 6.24818],
							"rotation": [-2.55978, 2.48354, -1.51089],
							"uv": {
								"west": {"uv": [21, 30], "uv_size": [14, 1.5]}
							}
						},
						{
							"origin": [-1.69165, 16.4375, -7.93932],
							"size": [2, 1.25, 14.1875],
							"pivot": [-1.69165, 16.4375, 6.24818],
							"rotation": [-2.55978, -2.48354, 1.51089],
							"uv": {
								"east": {"uv": [35, 30], "uv_size": [-14, 1.5]}
							}
						},
						{
							"origin": [0.75415, 16.4375, -6.75182],
							"size": [0.9375, 2, 13],
							"pivot": [1.69165, 16.4375, 6.24818],
							"rotation": [-4.0822, -0.32794, -43.39807],
							"uv": {
								"down": {"uv": [32, 50], "uv_size": [1, -13]}
							}
						},
						{
							"origin": [-1.68335, 16.8125, -9.25182],
							"size": [1.75, 1.75, 15.5],
							"pivot": [-1.68335, 16.5625, 6.24818],
							"rotation": [0, -2.3, 0],
							"uv": {
								"north": {"uv": [57, 54], "uv_size": [-2, 2]},
								"east": {"uv": [25.5, 23], "uv_size": [-15.5, 2]},
								"up": {"uv": [5, 26], "uv_size": [-2, 15.5]}
							}
						},
						{
							"origin": [-1.69165, 16.4375, -6.75182],
							"size": [0.9375, 2, 13],
							"pivot": [-1.69165, 16.4375, 6.24818],
							"rotation": [-4.0822, 0.32794, 43.39807],
							"uv": {
								"down": {"uv": [34, 50], "uv_size": [1, -13]}
							}
						},
						{
							"origin": [-1.69165, 16.4375, 6.24818],
							"size": [0.9375, 1, 16.3125],
							"pivot": [-1.69165, 16.4375, 6.24818],
							"rotation": [-2.08414, 2.32583, 43.30791],
							"uv": {
								"south": {"uv": [71, 11], "uv_size": [1, 1]},
								"down": {"uv": [12, 53.5], "uv_size": [1, -16.5]}
							}
						},
						{
							"origin": [0.75415, 17.32854, 23.15235],
							"size": [0.9375, 1, 4.5],
							"pivot": [1.69165, 18.32854, 23.15235],
							"rotation": [-25.3929, -15.55256, -0.312],
							"uv": {
								"north": {"uv": [14, 69], "uv_size": [1, 1]},
								"west": {"uv": [51, 31], "uv_size": [4.5, 1]},
								"up": {"uv": [29, 53], "uv_size": [1, 4.5]}
							}
						},
						{
							"origin": [0.9263, 15.37135, 22.70593],
							"size": [0.88377, 2.10212, 4.5],
							"pivot": [1.6763, 17.43385, 22.70594],
							"rotation": [-28.92123, -6.11155, 18.24099],
							"uv": {
								"north": {"uv": [2, 60], "uv_size": [1, 2]},
								"west": {"uv": [45, 29], "uv_size": [4.5, 2]},
								"down": {"uv": [53, 55.5], "uv_size": [1, -4.5]}
							}
						},
						{
							"origin": [-1.81007, 15.37135, 22.70593],
							"size": [0.88377, 2.10212, 4.5],
							"pivot": [-1.6763, 17.43385, 22.70594],
							"rotation": [-28.92123, 6.11155, -18.24099],
							"uv": {
								"north": {"uv": [19, 64], "uv_size": [1, 2]},
								"east": {"uv": [47, 16], "uv_size": [4.5, 2]},
								"down": {"uv": [14, 58.5], "uv_size": [1, -4.5]}
							}
						},
						{
							"origin": [-1.69165, 17.43792, 19.9211],
							"size": [3.3833, 0.89062, 3.23125],
							"uv": {
								"east": {"uv": [58, 28], "uv_size": [3, 1]},
								"south": {"uv": [31, 57], "uv_size": [3.5, 1]},
								"west": {"uv": [58, 37], "uv_size": [3, 1]},
								"up": {"uv": [38, 22], "uv_size": [3.5, 3]}
							}
						},
						{
							"origin": [-1.68335, 18.3125, 19.06068],
							"size": [0.5, 0.25, 2.375],
							"uv": {
								"north": {"uv": [66, 78], "uv_size": [0.5, 0.5]},
								"east": {"uv": [67, 41], "uv_size": [2.5, 0.5]},
								"south": {"uv": [78, 71], "uv_size": [0.5, 0.5]},
								"west": {"uv": [67, 43], "uv_size": [2.5, 0.5]},
								"up": {"uv": [46, 67], "uv_size": [0.5, 2.5]}
							}
						},
						{
							"origin": [-1.68335, 18.375, 18.68568],
							"size": [0.5, 0.1875, 0.375],
							"pivot": [-1.68335, 18.5625, 19.06068],
							"rotation": [45, 0, 0],
							"uv": {
								"east": {"uv": [83, 34], "uv_size": [0.5, 0.5]},
								"south": {"uv": [83, 36], "uv_size": [0.5, 0.5]},
								"west": {"uv": [83, 38], "uv_size": [0.5, 0.5]},
								"up": {"uv": [39, 83], "uv_size": [0.5, 0.5]}
							}
						},
						{
							"origin": [-1.68335, 18.375, 10.49818],
							"size": [0.4917, 0.1875, 0.375],
							"pivot": [-1.68335, 18.5625, 10.49818],
							"rotation": [-45, 0, 0],
							"uv": {
								"east": {"uv": [83, 40], "uv_size": [0.5, 0.5]},
								"west": {"uv": [83, 42], "uv_size": [0.5, 0.5]},
								"up": {"uv": [45, 83], "uv_size": [0.5, 0.5]}
							}
						},
						{
							"origin": [-1.68335, 16.3125, 10.49818],
							"size": [1.25, 2, 9.4375],
							"uv": {
								"east": {"uv": [36, 16], "uv_size": [9.5, 2]},
								"up": {"uv": [29, 37], "uv_size": [1.5, 9.5]}
							}
						},
						{
							"origin": [-1.69165, 17.32854, 23.15235],
							"size": [0.9375, 1, 4.5],
							"pivot": [-1.69165, 18.32854, 23.15235],
							"rotation": [-25.3929, 15.55256, 0.312],
							"uv": {
								"north": {"uv": [15, 69], "uv_size": [-1, 1]},
								"east": {"uv": [55.5, 31], "uv_size": [-4.5, 1]},
								"up": {"uv": [30, 53], "uv_size": [-1, 4.5]}
							}
						},
						{
							"origin": [-0.4375, 15.58472, 30.42365],
							"size": [0.9375, 2, 10],
							"pivot": [0.5, 17.58472, 30.42365],
							"rotation": [-11.39638, 0.5538, -7.75744],
							"uv": {
								"west": {"uv": [32, 26], "uv_size": [10, 2]}
							}
						},
						{
							"origin": [-0.17665, 13.20408, 30.02848],
							"size": [0.9375, 2.4375, 10],
							"pivot": [0.76085, 15.64158, 30.02848],
							"rotation": [-10.9486, 3.23044, 5.73814],
							"uv": {
								"west": {"uv": [27, 22], "uv_size": [10, 2.5]}
							}
						},
						{
							"origin": [-0.5, 15.58472, 30.42365],
							"size": [0.9375, 2, 10],
							"pivot": [-0.5, 17.58472, 30.42365],
							"rotation": [-11.39638, -0.5538, 7.75744],
							"uv": {
								"east": {"uv": [33, 0], "uv_size": [10, 2]}
							}
						},
						{
							"origin": [-0.76085, 13.20408, 30.02848],
							"size": [0.9375, 2.4375, 10],
							"pivot": [-0.76085, 15.64158, 30.02848],
							"rotation": [-10.9486, -3.23044, -5.73814],
							"uv": {
								"east": {"uv": [10, 30], "uv_size": [10, 2.5]}
							}
						},
						{
							"origin": [-0.74429, 9.83437, 29.45464],
							"size": [1, 3, 10.25],
							"pivot": [1.25571, 12.83437, 39.45464],
							"rotation": [-20.48284, -0.83428, -2.35677],
							"uv": {
								"east": {"uv": [21, 26], "uv_size": [10, 3]},
								"down": {"uv": [43, 32], "uv_size": [1, -10]}
							}
						},
						{
							"origin": [-0.5, 14.58472, 30.42365],
							"size": [1, 3, 10],
							"pivot": [-0.5, 17.58472, 30.42365],
							"rotation": [-5.6081, -2.24637, 2.73015],
							"uv": {
								"east": {"uv": [10, 26], "uv_size": [10, 3]},
								"up": {"uv": [3, 43], "uv_size": [1, 10]}
							}
						},
						{
							"origin": [-0.5, 16.20972, 26.61115],
							"size": [1, 1.375, 3.8125],
							"pivot": [-0.5, 17.58472, 30.42365],
							"rotation": [9.35825, -1.64233, 9.86557],
							"uv": {
								"east": {"uv": [48, 23], "uv_size": [4, 1.5]}
							}
						},
						{
							"origin": [-0.5, 16.20972, 26.61115],
							"size": [1, 1.375, 3.8125],
							"pivot": [0.5, 17.58472, 30.42365],
							"rotation": [9.35825, 1.64233, -9.86557],
							"uv": {
								"west": {"uv": [50, 37], "uv_size": [4, 1.5]}
							}
						},
						{
							"origin": [-0.29886, 9.85726, 37.58783],
							"size": [0.91022, 1.87816, 1.02219],
							"pivot": [0.61136, 9.85726, 38.61002],
							"rotation": [-40.64887, 5.89065, 6.81647],
							"uv": {
								"south": {"uv": [51, 62], "uv_size": [1, 2]},
								"west": {"uv": [63, 0], "uv_size": [1, 2]}
							}
						},
						{
							"origin": [-0.61136, 9.85726, 37.58783],
							"size": [0.91022, 1.87816, 1.02219],
							"pivot": [-0.61136, 9.85726, 38.61002],
							"rotation": [-40.64887, -5.89065, -6.81647],
							"uv": {
								"east": {"uv": [12, 64], "uv_size": [1, 2]},
								"south": {"uv": [64, 18], "uv_size": [1, 2]}
							}
						},
						{
							"origin": [-0.93619, 11.25728, 39.82703],
							"size": [1.84136, 0.60031, 1.796],
							"pivot": [0.90517, 11.25728, 39.82703],
							"rotation": [82, 0, 0],
							"uv": {
								"east": {"uv": [71, 26], "uv_size": [2, 0.5]},
								"west": {"uv": [71, 31], "uv_size": [2, 0.5]},
								"down": {"uv": [55, 53], "uv_size": [2, -2]}
							}
						},
						{
							"origin": [-0.06665, 16.8125, -9.25182],
							"size": [1.75, 1.75, 15.5],
							"pivot": [1.68335, 16.5625, 6.24818],
							"rotation": [0, 2.3, 0],
							"uv": {
								"north": {"uv": [55, 54], "uv_size": [2, 2]},
								"west": {"uv": [10, 23], "uv_size": [15.5, 2]},
								"up": {"uv": [3, 26], "uv_size": [2, 15.5]}
							}
						}
					]
				},
				{
					"name": "receiver",
					"parent": "gun",
					"pivot": [0, 0, 0]
				},
				{
					"name": "octagon1",
					"parent": "receiver",
					"pivot": [0, 18.5625, -14],
					"cubes": [
						{
							"origin": [-0.32644, 17.7725, -40.59251],
							"size": [0.65288, 1.57621, 38.70812],
							"pivot": [0, 18.56061, -13.77161],
							"rotation": [0, 0, 45],
							"uv": {
								"north": {"uv": [38, 73], "uv_size": [0.5, 1.5]},
								"up": {"uv": [21, 33], "uv_size": [0.5, 38.5]},
								"down": {"uv": [23, 71.5], "uv_size": [0.5, -38.5]}
							}
						},
						{
							"origin": [-0.32644, 17.7725, -40.59251],
							"size": [0.65288, 1.57621, 38.70812],
							"uv": {
								"north": {"uv": [40, 73], "uv_size": [0.5, 1.5]},
								"up": {"uv": [25, 33], "uv_size": [0.5, 38.5]},
								"down": {"uv": [27, 71.5], "uv_size": [0.5, -38.5]}
							}
						},
						{
							"origin": [-0.7881, 18.23416, -40.59251],
							"size": [1.5762, 0.65289, 38.70812],
							"pivot": [0, 18.56061, -13.77161],
							"rotation": [0, 0, 45],
							"uv": {
								"north": {"uv": [42, 73], "uv_size": [1.5, 0.5]},
								"east": {"uv": [33, 3], "uv_size": [38.5, 0.5]},
								"west": {"uv": [29, 33], "uv_size": [38.5, 0.5]}
							}
						},
						{
							"origin": [-0.7881, 18.23416, -40.59251],
							"size": [1.5762, 0.65289, 38.70812],
							"uv": {
								"north": {"uv": [50, 73], "uv_size": [1.5, 0.5]},
								"east": {"uv": [29, 35], "uv_size": [38.5, 0.5]},
								"west": {"uv": [36, 14], "uv_size": [38.5, 0.5]}
							}
						}
					]
				},
				{
					"name": "octagon4",
					"parent": "receiver",
					"pivot": [0, 18.5625, -6.9375],
					"cubes": [
						{
							"origin": [-0.41421, 17.5625, -8.4375],
							"size": [0.82842, 2, 2],
							"pivot": [0, 18.5625, -6.9375],
							"rotation": [0, 0, 45],
							"uv": {
								"north": {"uv": [2, 63], "uv_size": [1, 2]},
								"south": {"uv": [6, 63], "uv_size": [1, 2]},
								"up": {"uv": [8, 63], "uv_size": [1, 2]}
							}
						},
						{
							"origin": [-0.41421, 17.5625, -8.4375],
							"size": [0.82842, 2, 2],
							"uv": {
								"north": {"uv": [63, 22], "uv_size": [1, 2]},
								"south": {"uv": [40, 63], "uv_size": [1, 2]},
								"up": {"uv": [53, 63], "uv_size": [1, 2]}
							}
						},
						{
							"origin": [-1, 18.14829, -8.4375],
							"size": [2, 0.82842, 2],
							"pivot": [0, 18.5625, -6.9375],
							"rotation": [0, 0, 45],
							"uv": {
								"north": {"uv": [63, 9], "uv_size": [2, 1]},
								"east": {"uv": [63, 16], "uv_size": [2, 1]},
								"south": {"uv": [55, 63], "uv_size": [2, 1]}
							}
						},
						{
							"origin": [-1, 18.14829, -8.4375],
							"size": [2, 0.82842, 2],
							"uv": {
								"north": {"uv": [58, 63], "uv_size": [2, 1]},
								"east": {"uv": [61, 63], "uv_size": [2, 1]},
								"south": {"uv": [64, 11], "uv_size": [2, 1]},
								"west": {"uv": [16, 64], "uv_size": [2, 1]}
							}
						},
						{
							"origin": [-1.25, 16.67609, -8.4375],
							"size": [2.5, 2.08532, 2],
							"uv": {
								"north": {"uv": [50, 40], "uv_size": [2.5, 2]},
								"east": {"uv": [55, 18], "uv_size": [2, 2]},
								"south": {"uv": [51, 19], "uv_size": [2.5, 2]},
								"west": {"uv": [55, 28], "uv_size": [2, 2]},
								"up": {"uv": [51, 28], "uv_size": [2.5, 2]}
							}
						},
						{
							"origin": [0.75, 15.89576, -8.4375],
							"size": [0.32322, 0.70711, 2],
							"pivot": [1.25, 16.42609, -8.4375],
							"rotation": [0, 0, 45],
							"uv": {
								"north": {"uv": [85, 0], "uv_size": [0.5, 0.5]},
								"south": {"uv": [85, 2], "uv_size": [0.5, 0.5]},
								"west": {"uv": [71, 22], "uv_size": [2, 0.5]}
							}
						},
						{
							"origin": [-1.07322, 15.89576, -8.4375],
							"size": [0.32322, 0.70711, 2],
							"pivot": [-1.25, 16.42609, -8.4375],
							"rotation": [0, 0, -45],
							"uv": {
								"north": {"uv": [4, 85], "uv_size": [0.5, 0.5]},
								"east": {"uv": [71, 24], "uv_size": [2, 0.5]},
								"south": {"uv": [85, 4], "uv_size": [0.5, 0.5]}
							}
						},
						{
							"origin": [-0.75, 16.17609, -8.4375],
							"size": [1.5, 0.58532, 2],
							"uv": {
								"north": {"uv": [74, 48], "uv_size": [1.5, 0.5]},
								"south": {"uv": [74, 55], "uv_size": [1.5, 0.5]},
								"down": {"uv": [53, 62], "uv_size": [1.5, -2]}
							}
						},
						{
							"origin": [-0.5, 15.80109, -7.9375],
							"size": [1, 0.5, 1],
							"pivot": [0, 15.80109, -7.4375],
							"rotation": [0, 45, 0],
							"uv": {
								"north": {"uv": [20, 78], "uv_size": [1, 0.5]},
								"east": {"uv": [25, 78], "uv_size": [1, 0.5]},
								"south": {"uv": [78, 28], "uv_size": [1, 0.5]},
								"west": {"uv": [29, 78], "uv_size": [1, 0.5]},
								"down": {"uv": [71, 8], "uv_size": [1, -1]}
							}
						}
					]
				},
				{
					"name": "octagon5",
					"parent": "receiver",
					"pivot": [0, 18.5625, -37.96875],
					"cubes": [
						{
							"origin": [-0.35788, 17.6985, -39.14],
							"size": [0.71576, 1.728, 1.416],
							"uv": {
								"north": {"uv": [72, 74], "uv_size": [0.5, 1.5]},
								"south": {"uv": [74, 74], "uv_size": [0.5, 1.5]},
								"up": {"uv": [75, 0], "uv_size": [0.5, 1.5]},
								"down": {"uv": [2, 76.5], "uv_size": [0.5, -1.5]}
							}
						},
						{
							"origin": [-0.35788, 17.6985, -39.14],
							"size": [0.71576, 1.728, 1.416],
							"pivot": [0, 18.5625, -38],
							"rotation": [0, 0, 45],
							"uv": {
								"north": {"uv": [74, 45], "uv_size": [0.5, 1.5]},
								"south": {"uv": [74, 52], "uv_size": [0.5, 1.5]},
								"up": {"uv": [74, 63], "uv_size": [0.5, 1.5]},
								"down": {"uv": [70, 75.5], "uv_size": [0.5, -1.5]}
							}
						},
						{
							"origin": [-0.864, 18.20462, -39.14],
							"size": [1.728, 0.71576, 1.416],
							"pivot": [0, 18.5625, -38],
							"rotation": [0, 0, 45],
							"uv": {
								"north": {"uv": [74, 36], "uv_size": [1.5, 0.5]},
								"east": {"uv": [74, 41], "uv_size": [1.5, 0.5]},
								"south": {"uv": [74, 43], "uv_size": [1.5, 0.5]},
								"west": {"uv": [45, 74], "uv_size": [1.5, 0.5]}
							}
						},
						{
							"origin": [-0.864, 18.20462, -39.14],
							"size": [1.728, 0.71576, 1.416],
							"uv": {
								"north": {"uv": [74, 26], "uv_size": [1.5, 0.5]},
								"east": {"uv": [74, 30], "uv_size": [1.5, 0.5]},
								"south": {"uv": [74, 32], "uv_size": [1.5, 0.5]},
								"west": {"uv": [74, 34], "uv_size": [1.5, 0.5]}
							}
						},
						{
							"origin": [-0.19891, 18.82867, -38.81463],
							"size": [0.39782, 1, 1.1875],
							"pivot": [0, 18.82867, -38.56463],
							"rotation": [15, 0, 0],
							"uv": {
								"east": {"uv": [69, 22], "uv_size": [1, 1]},
								"south": {"uv": [6, 75], "uv_size": [0.5, 1]},
								"west": {"uv": [69, 27], "uv_size": [1, 1]}
							}
						},
						{
							"origin": [-0.19891, 19.03724, -39.10539],
							"size": [0.39782, 1, 1.1875],
							"uv": {
								"north": {"uv": [75, 6], "uv_size": [0.5, 1]},
								"east": {"uv": [69, 32], "uv_size": [1, 1]},
								"west": {"uv": [69, 34], "uv_size": [1, 1]},
								"up": {"uv": [75, 16], "uv_size": [0.5, 1]}
							}
						},
						{
							"origin": [-0.07336, 19.99929, -38.85261],
							"size": [0.15, 0.5, 0.625],
							"pivot": [-0.07336, 20.49929, -38.22761],
							"rotation": [7.32044, -1.6727, 12.13692],
							"uv": {
								"north": {"uv": [26, 83], "uv_size": [0.5, 0.5]},
								"east": {"uv": [83, 26], "uv_size": [0.5, 0.5]},
								"south": {"uv": [30, 83], "uv_size": [0.5, 0.5]}
							}
						},
						{
							"origin": [-0.07241, 19.96093, -38.81733],
							"size": [0.14577, 0.49971, 0.625],
							"pivot": [0.00047, 20.21078, -38.50483],
							"rotation": [7.5, 0, 0],
							"uv": {
								"north": {"uv": [26, 83], "uv_size": [0.5, 0.5]},
								"south": {"uv": [30, 83], "uv_size": [0.5, 0.5]},
								"up": {"uv": [75, 84], "uv_size": [0.5, 0.5]}
							}
						},
						{
							"origin": [-0.07664, 19.99929, -38.85261],
							"size": [0.15, 0.5, 0.625],
							"pivot": [0.07336, 20.49929, -38.22761],
							"rotation": [7.32044, 1.6727, -12.13692],
							"uv": {
								"north": {"uv": [83, 30], "uv_size": [0.5, 0.5]},
								"south": {"uv": [32, 83], "uv_size": [0.5, 0.5]},
								"west": {"uv": [83, 32], "uv_size": [0.5, 0.5]}
							}
						}
					]
				},
				{
					"name": "hexadecagon3",
					"parent": "receiver",
					"pivot": [0, 19, 26.0625],
					"cubes": [
						{
							"origin": [-0.19891, 17.5625, -2.6875],
							"size": [0.39782, 2, 5.75],
							"pivot": [0, 18.5625, 2.0625],
							"rotation": [0, 0, -22.5],
							"uv": {
								"north": {"uv": [35, 69], "uv_size": [0.5, 2]},
								"up": {"uv": [29, 59], "uv_size": [0.5, 6]}
							}
						},
						{
							"origin": [-0.19891, 17.5625, -2.6875],
							"size": [0.39782, 2, 5.75],
							"uv": {
								"north": {"uv": [37, 69], "uv_size": [0.5, 2]},
								"up": {"uv": [31, 59], "uv_size": [0.5, 6]}
							}
						},
						{
							"origin": [-0.725, 19.80486, 1.96923],
							"size": [1.45, 0.1875, 0.5875],
							"pivot": [0, 19.89861, 2.29423],
							"rotation": [-105, 0, 0],
							"uv": {
								"north": {"uv": [71, 33], "uv_size": [1.5, 0.5]},
								"east": {"uv": [78, 73], "uv_size": [0.5, 0.5]},
								"south": {"uv": [71, 35], "uv_size": [1.5, 0.5]},
								"west": {"uv": [75, 78], "uv_size": [0.5, 0.5]},
								"up": {"uv": [71, 37], "uv_size": [1.5, 0.5]},
								"down": {"uv": [71, 41.5], "uv_size": [1.5, -0.5]}
							}
						},
						{
							"origin": [0.38641, 20.11956, 1.95039],
							"size": [0.33859, 0.18751, 0.26032],
							"pivot": [0, 20.14861, 2.29423],
							"rotation": [-105, 0, 0],
							"uv": {
								"north": {"uv": [71, 33], "uv_size": [1.5, 0.5]},
								"west": {"uv": [75, 78], "uv_size": [0.5, 0.5]},
								"up": {"uv": [71, 37], "uv_size": [1.5, 0.5]},
								"down": {"uv": [71, 41.5], "uv_size": [1.5, -0.5]}
							}
						},
						{
							"origin": [-0.725, 20.11956, 1.95039],
							"size": [0.33859, 0.18751, 0.26032],
							"pivot": [0, 20.14861, 2.29423],
							"rotation": [-105, 0, 0],
							"uv": {
								"north": {"uv": [84, 79], "uv_size": [0.5, 0.5]},
								"east": {"uv": [84, 81], "uv_size": [0.5, 0.5]},
								"up": {"uv": [82, 84], "uv_size": [0.5, 0.5]},
								"down": {"uv": [84, 83.5], "uv_size": [0.5, -0.5]}
							}
						},
						{
							"origin": [0.75497, 19.97039, 2.60221],
							"size": [0.39782, 0.1875, 0.3125],
							"pivot": [0.69891, 20.22039, 2.54221],
							"rotation": [-79.73922, 11.00072, 133.49069],
							"uv": {
								"south": {"uv": [78, 75], "uv_size": [0.5, 0.5]},
								"up": {"uv": [77, 78], "uv_size": [0.5, 0.5]},
								"down": {"uv": [79, 0.5], "uv_size": [0.5, -0.5]}
							}
						},
						{
							"origin": [-0.69891, 19.3125, -1.8125],
							"size": [1.39782, 0.5625, 4],
							"uv": {
								"east": {"uv": [61, 57], "uv_size": [4, 0.5]},
								"south": {"uv": [43, 71], "uv_size": [1.5, 0.5]},
								"west": {"uv": [59, 61], "uv_size": [4, 0.5]},
								"up": {"uv": [29, 48], "uv_size": [1.5, 4]}
							}
						},
						{
							"origin": [-0.76141, 19.5625, 1.375],
							"size": [1.71032, 0.4375, 0.5625],
							"uv": {
								"north": {"uv": [71, 43], "uv_size": [1.5, 0.5]},
								"east": {"uv": [79, 2], "uv_size": [0.5, 0.5]},
								"south": {"uv": [71, 45], "uv_size": [1.5, 0.5]},
								"west": {"uv": [4, 79], "uv_size": [0.5, 0.5]},
								"up": {"uv": [50, 71], "uv_size": [1.5, 0.5]},
								"down": {"uv": [71, 52.5], "uv_size": [1.5, -0.5]}
							}
						},
						{
							"origin": [-0.69891, 19.125, -1.4375],
							"size": [0.27282, 0.5, 0.5],
							"pivot": [0.69891, 19.75, -0.6875],
							"rotation": [-45, 0, 0],
							"uv": {
								"north": {"uv": [79, 4], "uv_size": [0.5, 0.5]},
								"east": {"uv": [6, 79], "uv_size": [0.5, 0.5]},
								"west": {"uv": [79, 6], "uv_size": [0.5, 0.5]},
								"up": {"uv": [12, 79], "uv_size": [0.5, 0.5]}
							}
						},
						{
							"origin": [-0.4942, 19.3125, -2.30671],
							"size": [0.98841, 0.5625, 0.98842],
							"pivot": [0, 19.59375, -1.8125],
							"rotation": [0, 45, 0],
							"uv": {
								"north": {"uv": [19, 75], "uv_size": [1, 0.5]},
								"west": {"uv": [23, 75], "uv_size": [1, 0.5]},
								"up": {"uv": [44, 69], "uv_size": [1, 1]}
							}
						},
						{
							"origin": [-0.19891, 17.5625, -2.6875],
							"size": [0.39782, 2, 5.75],
							"pivot": [0, 18.5625, 2.0625],
							"rotation": [0, 0, 22.5],
							"uv": {
								"north": {"uv": [69, 45], "uv_size": [0.5, 2]},
								"up": {"uv": [33, 59], "uv_size": [0.5, 6]}
							}
						},
						{
							"origin": [-0.19891, 17.5625, -2.6875],
							"size": [0.39782, 2, 5.75],
							"pivot": [0, 18.5625, 2.0625],
							"rotation": [0, 0, 45],
							"uv": {
								"north": {"uv": [48, 69], "uv_size": [0.5, 2]},
								"up": {"uv": [43, 59], "uv_size": [0.5, 6]}
							}
						},
						{
							"origin": [-1, 18.36359, -2.6875],
							"size": [2, 0.39782, 5.75],
							"pivot": [0, 18.5625, 2.0625],
							"rotation": [0, 0, -22.5],
							"uv": {
								"north": {"uv": [69, 48], "uv_size": [2, 0.5]},
								"west": {"uv": [58, 46], "uv_size": [6, 0.5]}
							}
						},
						{
							"origin": [-1, 18.36359, -2.6875],
							"size": [2, 0.39782, 5.75],
							"uv": {
								"north": {"uv": [50, 69], "uv_size": [2, 0.5]},
								"east": {"uv": [58, 51], "uv_size": [6, 0.5]},
								"west": {"uv": [58, 53], "uv_size": [6, 0.5]}
							}
						},
						{
							"origin": [-1, 18.36359, -2.6875],
							"size": [2, 0.39782, 5.75],
							"pivot": [0, 18.5625, 2.0625],
							"rotation": [0, 0, 22.5],
							"uv": {
								"north": {"uv": [69, 50], "uv_size": [2, 0.5]},
								"east": {"uv": [58, 55], "uv_size": [6, 0.5]}
							}
						},
						{
							"origin": [-0.19891, 17.5625, -2.6875],
							"size": [0.39782, 2, 5.75],
							"pivot": [0, 18.5625, 2.0625],
							"rotation": [0, 0, -45],
							"uv": {
								"north": {"uv": [53, 69], "uv_size": [0.5, 2]},
								"up": {"uv": [45, 59], "uv_size": [0.5, 6]}
							}
						},
						{
							"origin": [1.18938, 19.97039, 1.57163],
							"size": [0.39782, 0.1875, 0.3125],
							"pivot": [0.69891, 20.22039, 2.54221],
							"rotation": [-79.73922, -11.00072, -133.49069],
							"uv": {
								"south": {"uv": [14, 79], "uv_size": [0.5, 0.5]},
								"up": {"uv": [16, 79], "uv_size": [0.5, 0.5]},
								"down": {"uv": [79, 16.5], "uv_size": [0.5, -0.5]}
							}
						},
						{
							"origin": [0.42609, 19.125, -1.4375],
							"size": [0.27282, 0.5, 0.5],
							"pivot": [-0.69891, 19.75, -0.6875],
							"rotation": [-45, 0, 0],
							"uv": {
								"north": {"uv": [18, 79], "uv_size": [0.5, 0.5]},
								"east": {"uv": [79, 18], "uv_size": [0.5, 0.5]},
								"west": {"uv": [79, 20], "uv_size": [0.5, 0.5]},
								"up": {"uv": [22, 79], "uv_size": [0.5, 0.5]}
							}
						},
						{
							"origin": [-1.84098, 19.5875, 1.8125],
							"size": [1.5625, 0.375, 1.1875],
							"pivot": [-0.27848, 19.9625, 3],
							"rotation": [23.93845, -0.12533, -44.95796],
							"uv": {
								"west": {"uv": [28, 75], "uv_size": [1, 0.5]},
								"up": {"uv": [64, 61], "uv_size": [1.5, 1]}
							}
						},
						{
							"origin": [0.27848, 19.5875, 1.8125],
							"size": [1.5625, 0.375, 1.1875],
							"pivot": [0.27848, 19.9625, 3],
							"rotation": [23.93845, 0.12533, 44.95796],
							"uv": {
								"east": {"uv": [33, 75], "uv_size": [1, 0.5]},
								"up": {"uv": [64, 63], "uv_size": [1.5, 1]}
							}
						}
					]
				},
				{
					"name": "hexadecagon4",
					"parent": "receiver",
					"pivot": [0, -0.4375, 0.5],
					"cubes": [
						{
							"origin": [-0.29837, 17.0625, 6.25],
							"size": [0.59674, 3, 4.0625],
							"uv": {
								"north": {"uv": [4, 65], "uv_size": [0.5, 3]},
								"south": {"uv": [10, 65], "uv_size": [0.5, 3]},
								"up": {"uv": [14, 60], "uv_size": [0.5, 4]}
							}
						},
						{
							"origin": [-1.5, 18.26413, 6.25],
							"size": [3, 0.59674, 4.0625],
							"uv": {
								"north": {"uv": [65, 0], "uv_size": [3, 0.5]},
								"east": {"uv": [61, 59], "uv_size": [4, 0.5]},
								"south": {"uv": [65, 21], "uv_size": [3, 0.5]},
								"west": {"uv": [62, 5], "uv_size": [4, 0.5]}
							}
						},
						{
							"origin": [-0.29837, 17.0625, 6.25],
							"size": [0.59674, 3, 4.0625],
							"pivot": [0, 18.5625, 20.5],
							"rotation": [0, 0, 45],
							"uv": {
								"north": {"uv": [14, 65], "uv_size": [0.5, 3]},
								"south": {"uv": [65, 50], "uv_size": [0.5, 3]},
								"up": {"uv": [49, 61], "uv_size": [0.5, 4]}
							}
						},
						{
							"origin": [-0.29837, 17.0625, 6.25],
							"size": [0.59674, 3, 4.0625],
							"pivot": [0, 18.5625, 20.5],
							"rotation": [0, 0, 22.5],
							"uv": {
								"north": {"uv": [51, 65], "uv_size": [0.5, 3]},
								"south": {"uv": [55, 65], "uv_size": [0.5, 3]},
								"up": {"uv": [0, 62], "uv_size": [0.5, 4]}
							}
						},
						{
							"origin": [-0.29837, 17.0625, 6.25],
							"size": [0.59674, 3, 4.0625],
							"pivot": [0, 18.5625, 20.5],
							"rotation": [0, 0, -22.5],
							"uv": {
								"north": {"uv": [57, 65], "uv_size": [0.5, 3]},
								"south": {"uv": [59, 65], "uv_size": [0.5, 3]},
								"up": {"uv": [38, 62], "uv_size": [0.5, 4]}
							}
						},
						{
							"origin": [-0.29837, 17.0625, 6.25],
							"size": [0.59674, 3, 4.0625],
							"pivot": [0, 18.5625, 20.5],
							"rotation": [0, 0, -45],
							"uv": {
								"north": {"uv": [61, 65], "uv_size": [0.5, 3]},
								"south": {"uv": [63, 65], "uv_size": [0.5, 3]},
								"up": {"uv": [47, 62], "uv_size": [0.5, 4]}
							}
						},
						{
							"origin": [-1.5, 18.26413, 6.25],
							"size": [3, 0.59674, 4.0625],
							"pivot": [0, 18.5625, 20.5],
							"rotation": [0, 0, 22.5],
							"uv": {
								"north": {"uv": [65, 23], "uv_size": [3, 0.5]},
								"east": {"uv": [62, 7], "uv_size": [4, 0.5]},
								"south": {"uv": [65, 46], "uv_size": [3, 0.5]}
							}
						},
						{
							"origin": [-1.5, 18.26413, 6.25],
							"size": [3, 0.59674, 4.0625],
							"pivot": [0, 18.5625, 20.5],
							"rotation": [0, 0, -22.5],
							"uv": {
								"north": {"uv": [65, 54], "uv_size": [3, 0.5]},
								"south": {"uv": [65, 65], "uv_size": [3, 0.5]},
								"west": {"uv": [62, 28], "uv_size": [4, 0.5]}
							}
						}
					]
				},
				{
					"name": "hexadecagon6",
					"parent": "receiver",
					"pivot": [0, 19, 38.9375],
					"cubes": [
						{
							"origin": [-0.27848, 17.1625, 3],
							"size": [0.55695, 2.8, 18.375],
							"uv": {
								"north": {"uv": [2, 66], "uv_size": [0.5, 3]},
								"south": {"uv": [6, 66], "uv_size": [0.5, 3]},
								"up": {"uv": [43, 37], "uv_size": [0.5, 18.5]}
							}
						},
						{
							"origin": [-0.27848, 17.1625, 19.0625],
							"size": [0.55695, 2.8, 2.3125],
							"pivot": [0, 18.5625, 14.9375],
							"rotation": [0, 0, -45],
							"uv": {
								"north": {"uv": [8, 66], "uv_size": [0.5, 3]},
								"south": {"uv": [16, 66], "uv_size": [0.5, 3]},
								"up": {"uv": [67, 48], "uv_size": [0.5, 2.5]}
							}
						},
						{
							"origin": [-0.27848, 17.1625, 19.0625],
							"size": [0.55695, 2.8, 2.3125],
							"pivot": [0, 18.5625, 14.9375],
							"rotation": [0, 0, -22.5],
							"uv": {
								"north": {"uv": [66, 16], "uv_size": [0.5, 3]},
								"south": {"uv": [29, 66], "uv_size": [0.5, 3]},
								"up": {"uv": [67, 60], "uv_size": [0.5, 2.5]}
							}
						},
						{
							"origin": [-0.79304, 19.51186, 19.0625],
							"size": [0.49445, 0.2375, 0.25],
							"pivot": [-0.79304, 19.74936, 19.0625],
							"rotation": [0, 37.5, -22.5],
							"uv": {
								"north": {"uv": [79, 22], "uv_size": [0.5, 0.5]},
								"up": {"uv": [79, 24], "uv_size": [0.5, 0.5]},
								"down": {"uv": [79, 26.5], "uv_size": [0.5, -0.5]}
							}
						},
						{
							"origin": [-1.45688, 18.58649, 19.07571],
							"size": [0.49445, 0.2375, 0.25],
							"pivot": [-1.41321, 18.77634, 19.0625],
							"rotation": [90, 47.5, 90],
							"uv": {
								"north": {"uv": [27, 79], "uv_size": [0.5, 0.5]},
								"up": {"uv": [79, 30], "uv_size": [0.5, 0.5]}
							}
						},
						{
							"origin": [-1.45688, 18.58649, 10.23679],
							"size": [0.49445, 0.2375, 0.25],
							"pivot": [-1.41321, 18.77634, 10.5],
							"rotation": [-90, -47.5, 90],
							"uv": {
								"south": {"uv": [31, 79], "uv_size": [0.5, 0.5]},
								"up": {"uv": [79, 32], "uv_size": [0.5, 0.5]}
							}
						},
						{
							"origin": [-0.79304, 19.51186, 10.25],
							"size": [0.49445, 0.2375, 0.25],
							"pivot": [-0.79304, 19.74936, 10.5],
							"rotation": [0, -37.5, -22.5],
							"uv": {
								"south": {"uv": [33, 79], "uv_size": [0.5, 0.5]},
								"up": {"uv": [79, 34], "uv_size": [0.5, 0.5]},
								"down": {"uv": [79, 36.5], "uv_size": [0.5, -0.5]}
							}
						},
						{
							"origin": [-0.52293, 19.725, 10.5],
							"size": [0.24445, 0.2375, 8.5625],
							"pivot": [-0.27848, 19.9625, 21.4375],
							"rotation": [0, 0, -22.5],
							"uv": {
								"east": {"uv": [53, 16], "uv_size": [8.5, 0.5]},
								"up": {"uv": [16, 54], "uv_size": [0.5, 8.5]}
							}
						},
						{
							"origin": [0.7597, 18.0625, 10.24818],
							"size": [-1.17314, 1.58703, 10.81432],
							"uv": {
								"east": {"uv": [36, 19], "uv_size": [11, 1.5]},
								"up": {"uv": [39, 37], "uv_size": [1, 11]},
								"down": {"uv": [6, 51], "uv_size": [1, -11]}
							}
						},
						{
							"origin": [-0.27848, 17.1625, 3],
							"size": [0.55695, 2.8, 18.50001],
							"pivot": [0, 18.5625, 14.9375],
							"rotation": [0, 0, 22.5],
							"uv": {
								"north": {"uv": [31, 66], "uv_size": [0.5, 3]},
								"east": {"uv": [7, 6], "uv_size": [18.5, 3]},
								"south": {"uv": [33, 66], "uv_size": [0.5, 3]},
								"up": {"uv": [45, 37], "uv_size": [0.5, 18.5]}
							}
						},
						{
							"origin": [-0.27848, 17.1625, 3],
							"size": [0.55695, 2.79999, 18.62501],
							"pivot": [0, 18.5625, 14.9375],
							"rotation": [0, 0, 45],
							"uv": {
								"north": {"uv": [40, 66], "uv_size": [0.5, 3]},
								"east": {"uv": [7, 10], "uv_size": [18.5, 3]},
								"south": {"uv": [42, 66], "uv_size": [0.5, 3]},
								"up": {"uv": [36, 47], "uv_size": [0.5, 18.5]}
							}
						},
						{
							"origin": [-1.4, 18.28402, 3],
							"size": [2.79999, 0.55696, 18.74901],
							"pivot": [0, 18.5625, 14.9375],
							"rotation": [0, 0, -22.5],
							"uv": {
								"north": {"uv": [35, 67], "uv_size": [3, 0.5]},
								"south": {"uv": [67, 37], "uv_size": [3, 0.5]},
								"west": {"uv": [42, 7], "uv_size": [19, 0.5]},
								"up": {"uv": [3, 6], "uv_size": [3, 19]}
							}
						},
						{
							"origin": [0.9, 18.28402, 3],
							"size": [0.49999, 0.55695, 18.75001],
							"uv": {
								"north": {"uv": [79, 38], "uv_size": [0.5, 0.5]},
								"south": {"uv": [40, 79], "uv_size": [0.5, 0.5]},
								"west": {"uv": [42, 5], "uv_size": [19, 0.5]}
							}
						},
						{
							"origin": [-1.4, 18.28402, 19.0625],
							"size": [2.8, 0.55695, 2.3125],
							"pivot": [0, 18.5625, 14.9375],
							"rotation": [0, 0, 22.5],
							"uv": {
								"north": {"uv": [66, 9], "uv_size": [3, 0.5]},
								"east": {"uv": [67, 52], "uv_size": [2.5, 0.5]},
								"south": {"uv": [66, 30], "uv_size": [3, 0.5]}
							}
						},
						{
							"origin": [-0.27848, 19.725, 3],
							"size": [0.55695, 0.2375, 7.5],
							"pivot": [0, 18.5625, 4],
							"rotation": [0, 0, -45],
							"uv": {
								"north": {"uv": [79, 40], "uv_size": [0.5, 0.5]},
								"south": {"uv": [79, 42], "uv_size": [0.5, 0.5]},
								"up": {"uv": [12, 55], "uv_size": [0.5, 7.5]}
							}
						},
						{
							"origin": [-1.4, 18.28402, 3],
							"size": [0.2375, 0.55695, 7.5],
							"pivot": [0, 18.5625, 4],
							"rotation": [0, 0, 22.5],
							"uv": {
								"north": {"uv": [79, 46], "uv_size": [0.5, 0.5]},
								"east": {"uv": [57, 31], "uv_size": [7.5, 0.5]},
								"south": {"uv": [47, 79], "uv_size": [0.5, 0.5]}
							}
						},
						{
							"origin": [-0.27848, 19.725, 3],
							"size": [0.55695, 0.2375, 7.5],
							"pivot": [0, 18.5625, 4],
							"rotation": [0, 0, -22.5],
							"uv": {
								"north": {"uv": [79, 48], "uv_size": [0.5, 0.5]},
								"up": {"uv": [4, 56], "uv_size": [0.5, 7.5]}
							}
						},
						{
							"origin": [-1.4, 18.22152, 10.5],
							"size": [0.5, 0.30696, 8.5625],
							"uv": {
								"north": {"uv": [83, 0], "uv_size": [0.5, 0.5]},
								"east": {"uv": [53, 22], "uv_size": [8.5, 0.5]},
								"south": {"uv": [83, 2], "uv_size": [0.5, 0.5]},
								"west": {"uv": [53, 24], "uv_size": [8.5, 0.5]},
								"up": {"uv": [18, 54], "uv_size": [0.5, 8.5]},
								"down": {"uv": [10, 63.5], "uv_size": [0.5, -8.5]}
							}
						},
						{
							"origin": [-1.4, 18.28402, 19.0625],
							"size": [0.5, 0.55696, 2.3125],
							"uv": {
								"north": {"uv": [83, 4], "uv_size": [0.5, 0.5]},
								"east": {"uv": [65, 67], "uv_size": [2.5, 0.5]},
								"south": {"uv": [6, 83], "uv_size": [0.5, 0.5]},
								"west": {"uv": [68, 16], "uv_size": [2.5, 0.5]},
								"down": {"uv": [4, 71.5], "uv_size": [0.5, -2.5]}
							}
						},
						{
							"origin": [-1.4, 18.28402, 3],
							"size": [0.5, 0.55696, 7.5],
							"uv": {
								"north": {"uv": [4, 83], "uv_size": [0.5, 0.5]},
								"east": {"uv": [57, 40], "uv_size": [7.5, 0.5]}
							}
						},
						{
							"origin": [-1.38414, 18.3015, 1.23096],
							"size": [0.5, 0.55696, 1.76562],
							"pivot": [-1.38414, 18.85846, 2.99658],
							"rotation": [16.37023, -16.47361, -2.95556],
							"uv": {
								"east": {"uv": [71, 18], "uv_size": [2, 0.5]}
							}
						},
						{
							"origin": [0.88414, 18.3015, 1.23096],
							"size": [0.5, 0.55696, 1.76562],
							"pivot": [1.38414, 18.85846, 2.99658],
							"rotation": [16.37023, 16.47361, 2.95556],
							"uv": {
								"west": {"uv": [71, 20], "uv_size": [2, 0.5]}
							}
						}
					]
				},
				{
					"name": "octagon3",
					"parent": "receiver",
					"pivot": [-0.37279, 13.6424, 24.17394],
					"cubes": [
						{
							"origin": [-0.46029, 14.7924, 21.11144],
							"size": [0.92058, 0.125, 2.75],
							"pivot": [-0.37279, 14.8924, 21.73644],
							"rotation": [176.5, 0, 0],
							"uv": {
								"east": {"uv": [66, 39], "uv_size": [3, 0.5]},
								"south": {"uv": [35, 75], "uv_size": [1, 0.5]},
								"west": {"uv": [66, 56], "uv_size": [3, 0.5]},
								"up": {"uv": [59, 57], "uv_size": [1, 3]}
							}
						},
						{
							"origin": [-0.24779, 14.4674, 22.67394],
							"size": [0.49558, 0.2375, 1.5625],
							"pivot": [-0.37279, 14.7049, 23.29894],
							"rotation": [-97, 0, 0],
							"uv": {
								"east": {"uv": [55, 71], "uv_size": [1.5, 0.5]},
								"west": {"uv": [58, 71], "uv_size": [1.5, 0.5]},
								"down": {"uv": [14, 72.5], "uv_size": [0.5, -1.5]}
							}
						},
						{
							"origin": [-0.24779, 13.60228, 22.76027],
							"size": [0.49558, 0.21255, 0.48097],
							"pivot": [0.24779, 13.60228, 22.86624],
							"rotation": [-137.5, 0, 0],
							"uv": {
								"east": {"uv": [49, 79], "uv_size": [0.5, 0.5]},
								"south": {"uv": [51, 79], "uv_size": [0.5, 0.5]},
								"west": {"uv": [53, 79], "uv_size": [0.5, 0.5]},
								"up": {"uv": [79, 53], "uv_size": [0.5, 0.5]},
								"down": {"uv": [55, 79.5], "uv_size": [0.5, -0.5]}
							}
						},
						{
							"origin": [-0.24779, 14.1549, 22.79894],
							"size": [0.49558, 0.2375, 1.5625],
							"pivot": [-0.37279, 14.3924, 23.42394],
							"rotation": [-111, 0, 0],
							"uv": {
								"east": {"uv": [71, 59], "uv_size": [1.5, 0.5]},
								"west": {"uv": [61, 71], "uv_size": [1.5, 0.5]},
								"up": {"uv": [46, 71], "uv_size": [0.5, 1.5]},
								"down": {"uv": [71, 62.5], "uv_size": [0.5, -1.5]}
							}
						},
						{
							"origin": [-0.46029, 14.4174, 23.17394],
							"size": [0.92058, 0.175, 1.6875],
							"pivot": [-0.37279, 14.5924, 23.54894],
							"rotation": [169, 0, 0],
							"uv": {
								"east": {"uv": [64, 71], "uv_size": [1.5, 0.5]},
								"west": {"uv": [71, 64], "uv_size": [1.5, 0.5]},
								"up": {"uv": [44, 66], "uv_size": [1, 1.5]}
							}
						},
						{
							"origin": [-0.46029, 12.90892, 19.76121],
							"size": [0.92058, 0.1125, 1.875],
							"pivot": [0.49779, 13.02142, 21.63621],
							"rotation": [171, 0, 0],
							"uv": {
								"east": {"uv": [69, 54], "uv_size": [2, 0.5]},
								"west": {"uv": [55, 69], "uv_size": [2, 0.5]},
								"up": {"uv": [62, 37], "uv_size": [1, 2]},
								"down": {"uv": [62, 50], "uv_size": [1, -2]}
							}
						},
						{
							"origin": [-0.46029, 13.6799, 21.42394],
							"size": [0.92058, 1.175, 1.1625],
							"pivot": [-0.37279, 14.8549, 21.86144],
							"rotation": [-143.5, 0, 0],
							"uv": {
								"east": {"uv": [58, 69], "uv_size": [1, 1]},
								"south": {"uv": [60, 69], "uv_size": [1, 1]},
								"west": {"uv": [69, 60], "uv_size": [1, 1]},
								"up": {"uv": [62, 69], "uv_size": [1, 1]}
							}
						},
						{
							"origin": [-0.46029, 14.59189, 21.24],
							"size": [0.92058, 0.1125, 1.1875],
							"pivot": [-0.37279, 14.70439, 21.3025],
							"rotation": [-91, 0, 0],
							"uv": {
								"east": {"uv": [75, 38], "uv_size": [1, 0.5]},
								"west": {"uv": [42, 75], "uv_size": [1, 0.5]},
								"up": {"uv": [69, 62], "uv_size": [1, 1]},
								"down": {"uv": [64, 70], "uv_size": [1, -1]}
							}
						},
						{
							"origin": [-0.46029, 13.02142, 21.26121],
							"size": [0.92058, 0.1125, 0.375],
							"pivot": [-0.49779, 13.02142, 21.63621],
							"rotation": [-36.5, 0, 0],
							"uv": {
								"east": {"uv": [79, 55], "uv_size": [0.5, 0.5]},
								"west": {"uv": [57, 79], "uv_size": [0.5, 0.5]},
								"up": {"uv": [48, 75], "uv_size": [1, 0.5]},
								"down": {"uv": [50, 75.5], "uv_size": [1, -0.5]}
							}
						},
						{
							"origin": [-0.46029, 13.24448, 20.95977],
							"size": [0.92058, 0.1125, 0.375],
							"pivot": [-0.49779, 13.24448, 21.33477],
							"rotation": [-64, 0, 0],
							"uv": {
								"east": {"uv": [79, 55], "uv_size": [0.5, 0.5]},
								"west": {"uv": [57, 79], "uv_size": [0.5, 0.5]},
								"up": {"uv": [48, 75], "uv_size": [1, 0.5]},
								"down": {"uv": [50, 75.5], "uv_size": [1, -0.5]}
							}
						},
						{
							"origin": [-0.46029, 13.36452, 24.41474],
							"size": [0.92058, 0.14375, 0.8125],
							"pivot": [-0.37279, 13.50827, 24.41474],
							"rotation": [-129.5, 0, 0],
							"uv": {
								"east": {"uv": [75, 50], "uv_size": [1, 0.5]},
								"west": {"uv": [52, 75], "uv_size": [1, 0.5]},
								"up": {"uv": [69, 64], "uv_size": [1, 1]},
								"down": {"uv": [66, 70], "uv_size": [1, -1]}
							}
						},
						{
							"origin": [-0.46029, 12.75007, 23.89792],
							"size": [0.92058, 0.13125, 0.4375],
							"pivot": [-0.37279, 12.88132, 23.89792],
							"rotation": [-159.5, 0, 0],
							"uv": {
								"east": {"uv": [75, 50], "uv_size": [1, 0.5]},
								"west": {"uv": [52, 75], "uv_size": [1, 0.5]},
								"up": {"uv": [69, 64], "uv_size": [1, 1]},
								"down": {"uv": [66, 70], "uv_size": [1, -1]}
							}
						},
						{
							"origin": [-0.46029, 13.98952, 24.41474],
							"size": [0.92058, 0.20625, 0.75],
							"pivot": [-0.37279, 14.13327, 24.35224],
							"rotation": [-97.5, 0, 0],
							"uv": {
								"east": {"uv": [75, 50], "uv_size": [1, 0.5]},
								"west": {"uv": [52, 75], "uv_size": [1, 0.5]},
								"up": {"uv": [69, 64], "uv_size": [1, 1]},
								"down": {"uv": [66, 70], "uv_size": [1, -1]}
							}
						},
						{
							"origin": [-0.46029, 13.6424, 24.04894],
							"size": [0.92058, 0.3875, 1.3125],
							"pivot": [-0.37279, 14.0174, 24.17394],
							"rotation": [118, 0, 0],
							"uv": {
								"east": {"uv": [71, 66], "uv_size": [1.5, 0.5]},
								"west": {"uv": [67, 71], "uv_size": [1.5, 0.5]},
								"up": {"uv": [49, 66], "uv_size": [1, 1.5]}
							}
						},
						{
							"origin": [-1.4, 18.09097, 21.75001],
							"size": [2.8, 0.4375, 0.4375],
							"uv": {
								"north": {"uv": [66, 58], "uv_size": [3, 0.5]},
								"east": {"uv": [62, 79], "uv_size": [0.5, 0.5]},
								"west": {"uv": [79, 66], "uv_size": [0.5, 0.5]},
								"up": {"uv": [67, 5], "uv_size": [3, 0.5]}
							}
						},
						{
							"origin": [-1.4, 18.09097, 22.18751],
							"size": [2.8, 0.4375, 0.4375],
							"pivot": [1.4, 18.52847, 22.18751],
							"rotation": [-17.5, 0, 0],
							"uv": {
								"east": {"uv": [83, 6], "uv_size": [0.5, 0.5]},
								"south": {"uv": [67, 7], "uv_size": [3, 0.5]},
								"west": {"uv": [12, 83], "uv_size": [0.5, 0.5]},
								"up": {"uv": [67, 25], "uv_size": [3, 0.5]}
							}
						},
						{
							"origin": [0.37064, 17.83507, 23.21302],
							"size": [0.375, 0.5, 1.74338],
							"pivot": [0.74564, 18.33507, 23.22863],
							"rotation": [-26.9839, -2.6814, 0.2437],
							"uv": {
								"east": {"uv": [10, 72], "uv_size": [1.5, 0.5]},
								"west": {"uv": [16, 72], "uv_size": [1.5, 0.5]},
								"up": {"uv": [19, 72], "uv_size": [0.5, 1.5]}
							}
						},
						{
							"origin": [0.27959, 17.05, 24.74239],
							"size": [0.375, 0.5, 0.54026],
							"pivot": [0.63326, 17.55039, 24.7734],
							"rotation": [-16.7308, -43.7612, 11.7451],
							"uv": {
								"east": {"uv": [14, 83], "uv_size": [0.5, 0.5]},
								"west": {"uv": [16, 83], "uv_size": [0.5, 0.5]},
								"up": {"uv": [83, 16], "uv_size": [0.5, 0.5]}
							}
						},
						{
							"origin": [0.01276, 16.97304, 25.17052],
							"size": [0.31934, 0.50039, 0.5765],
							"pivot": [0.32526, 17.47304, 25.13352],
							"rotation": [-90, -78, 90],
							"uv": {
								"east": {"uv": [22, 83], "uv_size": [0.5, 0.5]},
								"west": {"uv": [83, 22], "uv_size": [0.5, 0.5]},
								"up": {"uv": [83, 24], "uv_size": [0.5, 0.5]}
							}
						},
						{
							"origin": [1.23859, 18.35, 19.975],
							"size": [0.33532, 0.5625, 1.575],
							"uv": {
								"north": {"uv": [68, 79], "uv_size": [0.5, 0.5]},
								"south": {"uv": [79, 68], "uv_size": [0.5, 0.5]},
								"west": {"uv": [72, 16], "uv_size": [1.5, 0.5]},
								"up": {"uv": [29, 72], "uv_size": [0.5, 1.5]},
								"down": {"uv": [34, 73.5], "uv_size": [0.5, -1.5]}
							}
						},
						{
							"origin": [0.49378, 17.95941, 21.29226],
							"size": [0.90622, 0.4375, 1.3125],
							"pivot": [1.4, 18.39691, 22.60476],
							"rotation": [-7.80465, 43.50632, -5.39853],
							"uv": {
								"north": {"uv": [78, 12], "uv_size": [1, 0.5]},
								"east": {"uv": [74, 22], "uv_size": [1.5, 0.5]},
								"south": {"uv": [78, 14], "uv_size": [1, 0.5]},
								"west": {"uv": [74, 24], "uv_size": [1.5, 0.5]},
								"up": {"uv": [67, 27], "uv_size": [1, 1.5]}
							}
						},
						{
							"origin": [-0.65459, 17.05, 24.74239],
							"size": [0.375, 0.5, 0.54026],
							"pivot": [-0.63326, 17.55039, 24.7734],
							"rotation": [-16.7308, 43.7612, -11.7451],
							"uv": {
								"east": {"uv": [18, 83], "uv_size": [0.5, 0.5]},
								"west": {"uv": [83, 18], "uv_size": [0.5, 0.5]},
								"up": {"uv": [83, 20], "uv_size": [0.5, 0.5]}
							}
						},
						{
							"origin": [-0.74564, 17.83507, 23.21302],
							"size": [0.375, 0.5, 1.74338],
							"pivot": [-0.74564, 18.33507, 23.22863],
							"rotation": [-26.9839, 2.6814, -0.2437],
							"uv": {
								"east": {"uv": [74, 18], "uv_size": [1.5, 0.5]},
								"west": {"uv": [74, 20], "uv_size": [1.5, 0.5]},
								"up": {"uv": [17, 74], "uv_size": [0.5, 1.5]}
							}
						},
						{
							"origin": [-1.4, 17.95941, 21.29226],
							"size": [0.90622, 0.4375, 1.3125],
							"pivot": [-1.4, 18.39691, 22.60476],
							"rotation": [-7.80465, -43.50632, 5.39853],
							"uv": {
								"north": {"uv": [10, 78], "uv_size": [1, 0.5]},
								"east": {"uv": [73, 72], "uv_size": [1.5, 0.5]},
								"south": {"uv": [78, 10], "uv_size": [1, 0.5]},
								"west": {"uv": [10, 74], "uv_size": [1.5, 0.5]},
								"up": {"uv": [18, 67], "uv_size": [1, 1.5]}
							}
						},
						{
							"origin": [0.06471, 17.3924, 24.42394],
							"size": [0.375, 0.1875, 0.375],
							"pivot": [0.00221, 15.8924, 24.36144],
							"rotation": [0, -45, 0],
							"uv": {
								"north": {"uv": [84, 12], "uv_size": [0.5, 0.5]},
								"east": {"uv": [84, 14], "uv_size": [0.5, 0.5]},
								"south": {"uv": [20, 84], "uv_size": [0.5, 0.5]},
								"west": {"uv": [24, 84], "uv_size": [0.5, 0.5]},
								"up": {"uv": [28, 84], "uv_size": [0.5, 0.5]}
							}
						}
					]
				},
				{
					"name": "bolt",
					"parent": "gun",
					"pivot": [0, 18.5, -0.125]
				},
				{
					"name": "fix",
					"parent": "bolt",
					"pivot": [0, 19, 44.875],
					"cubes": [
						{
							"origin": [-0.12316, 19.14061, 22.70311],
							"size": [0.93382, 0.15628, 0.575],
							"pivot": [0, 19, 22.16561],
							"rotation": [0, 0, 4],
							"uv": {
								"north": {"uv": [54, 75], "uv_size": [1, 0.5]},
								"east": {"uv": [70, 79], "uv_size": [0.5, 0.5]},
								"south": {"uv": [56, 75], "uv_size": [1, 0.5]},
								"up": {"uv": [75, 57], "uv_size": [1, 0.5]},
								"down": {"uv": [58, 75.5], "uv_size": [1, -0.5]}
							}
						},
						{
							"origin": [0.84029, 19.00801, 22.70311],
							"size": [0.30584, 0.15657, 0.575],
							"pivot": [0.21047, 18.86769, 22.16561],
							"rotation": [0, 0, -7],
							"uv": {
								"north": {"uv": [72, 79], "uv_size": [0.5, 0.5]},
								"south": {"uv": [79, 77], "uv_size": [0.5, 0.5]},
								"west": {"uv": [79, 79], "uv_size": [0.5, 0.5]},
								"up": {"uv": [0, 80], "uv_size": [0.5, 0.5]},
								"down": {"uv": [2, 80.5], "uv_size": [0.5, -0.5]}
							}
						},
						{
							"origin": [-0.04051, 18.36114, 21.9375],
							"size": [0.74632, 0.25, 1.28125],
							"pivot": [0.70581, 18.61114, 23.21875],
							"rotation": [0, 0, 41],
							"uv": {
								"south": {"uv": [8, 80], "uv_size": [0.5, 0.5]},
								"up": {"uv": [48, 72], "uv_size": [0.5, 1.5]}
							}
						},
						{
							"origin": [0.01386, 17.41919, 21.9375],
							"size": [0.2968, 1.41162, 1.28125],
							"pivot": [0.25, 18.375, 22.1875],
							"rotation": [0, 0, 90],
							"uv": {
								"south": {"uv": [68, 73], "uv_size": [0.5, 1.5]},
								"up": {"uv": [13, 74], "uv_size": [0.5, 1.5]},
								"down": {"uv": [15, 75.5], "uv_size": [0.5, -1.5]}
							}
						},
						{
							"origin": [-0.70581, 18.36114, 21.9375],
							"size": [0.74632, 0.25, 1.28125],
							"pivot": [-0.70581, 18.61114, 23.21875],
							"rotation": [0, 0, -41],
							"uv": {
								"south": {"uv": [84, 10], "uv_size": [0.5, 0.5]},
								"up": {"uv": [75, 3], "uv_size": [0.5, 1.5]}
							}
						}
					]
				},
				{
					"name": "octagon7",
					"parent": "fix",
					"pivot": [0, 18.51969, 23.0042],
					"cubes": [
						{
							"origin": [-0.0965, 18.99393, 22.53202],
							"size": [0.193, 0.46592, 0.68842],
							"pivot": [0, 19.22689, 23.02498],
							"rotation": [0, 0, 45],
							"uv": {
								"south": {"uv": [83, 46], "uv_size": [0.5, 0.5]},
								"up": {"uv": [47, 83], "uv_size": [0.5, 0.5]},
								"down": {"uv": [83, 48.5], "uv_size": [0.5, -0.5]}
							}
						},
						{
							"origin": [-0.0965, 18.99393, 22.53202],
							"size": [0.193, 0.46592, 0.68842],
							"uv": {
								"south": {"uv": [49, 83], "uv_size": [0.5, 0.5]},
								"up": {"uv": [51, 83], "uv_size": [0.5, 0.5]},
								"down": {"uv": [83, 52.5], "uv_size": [0.5, -0.5]}
							}
						},
						{
							"origin": [-0.23296, 19.1304, 22.53202],
							"size": [0.46592, 0.19299, 0.68842],
							"pivot": [0, 19.22689, 23.02498],
							"rotation": [0, 0, 45],
							"uv": {
								"east": {"uv": [53, 83], "uv_size": [0.5, 0.5]},
								"south": {"uv": [83, 54], "uv_size": [0.5, 0.5]},
								"west": {"uv": [55, 83], "uv_size": [0.5, 0.5]}
							}
						},
						{
							"origin": [-0.23296, 19.1304, 22.53202],
							"size": [0.46592, 0.19299, 0.68842],
							"uv": {
								"east": {"uv": [60, 83], "uv_size": [0.5, 0.5]},
								"south": {"uv": [83, 64], "uv_size": [0.5, 0.5]},
								"west": {"uv": [83, 66], "uv_size": [0.5, 0.5]}
							}
						}
					]
				},
				{
					"name": "pin",
					"parent": "fix",
					"pivot": [-0.0013, 18.53996, 23.24219],
					"cubes": [
						{
							"origin": [-0.00076, 18.3375, 23.82805],
							"size": [0.24632, 0.25, 0.07823],
							"pivot": [0.30806, 18.7125, 23.875],
							"rotation": [0, 0, 45],
							"uv": {
								"east": {"uv": [10, 80], "uv_size": [0.5, 0.5]},
								"south": {"uv": [80, 10], "uv_size": [0.5, 0.5]},
								"west": {"uv": [80, 12], "uv_size": [0.5, 0.5]},
								"up": {"uv": [80, 14], "uv_size": [0.5, 0.5]},
								"down": {"uv": [20, 80.5], "uv_size": [0.5, -0.5]}
							}
						},
						{
							"origin": [-0.15701, 17.72811, 23.14061],
							"size": [0.30882, 1, 0.68753],
							"uv": {
								"east": {"uv": [63, 75], "uv_size": [0.5, 1]},
								"south": {"uv": [75, 68], "uv_size": [0.5, 1]},
								"west": {"uv": [75, 70], "uv_size": [0.5, 1]}
							}
						}
					]
				},
				{
					"name": "octagon6",
					"parent": "pin",
					"pivot": [0, 17.60939, 23.5],
					"cubes": [
						{
							"origin": [-0.14497, 18.32189, 23.18122],
							"size": [0.28994, 0.7, 0.7],
							"pivot": [0, 18.67189, 23.53122],
							"rotation": [0, 0, 45],
							"uv": {
								"south": {"uv": [67, 83], "uv_size": [0.5, 0.5]},
								"up": {"uv": [69, 83], "uv_size": [0.5, 0.5]},
								"down": {"uv": [71, 83.5], "uv_size": [0.5, -0.5]}
							}
						},
						{
							"origin": [-0.14497, 18.32189, 23.18122],
							"size": [0.28994, 0.7, 0.7],
							"uv": {
								"south": {"uv": [83, 75], "uv_size": [0.5, 0.5]},
								"up": {"uv": [83, 77], "uv_size": [0.5, 0.5]},
								"down": {"uv": [78, 83.5], "uv_size": [0.5, -0.5]}
							}
						},
						{
							"origin": [-0.35, 18.52692, 23.18122],
							"size": [0.7, 0.28994, 0.7],
							"pivot": [0, 18.67189, 23.53122],
							"rotation": [0, 0, 45],
							"uv": {
								"east": {"uv": [80, 83], "uv_size": [0.5, 0.5]},
								"south": {"uv": [0, 84], "uv_size": [0.5, 0.5]},
								"west": {"uv": [2, 84], "uv_size": [0.5, 0.5]}
							}
						},
						{
							"origin": [-0.35, 18.52692, 23.18122],
							"size": [0.7, 0.28994, 0.7],
							"uv": {
								"east": {"uv": [8, 84], "uv_size": [0.5, 0.5]},
								"south": {"uv": [84, 8], "uv_size": [0.5, 0.5]},
								"west": {"uv": [10, 84], "uv_size": [0.5, 0.5]}
							}
						}
					]
				},
				{
					"name": "octagon",
					"parent": "fix",
					"pivot": [0, 19, 45.875],
					"cubes": [
						{
							"origin": [-0.37279, 17.6625, 21.8125],
							"size": [0.74558, 1.8, 0.75],
							"pivot": [0, 18.5625, 21.875],
							"rotation": [0, 0, 45],
							"uv": {
								"north": {"uv": [6, 70], "uv_size": [0.5, 2]},
								"south": {"uv": [8, 70], "uv_size": [0.5, 2]},
								"up": {"uv": [76, 12], "uv_size": [0.5, 1]},
								"down": {"uv": [76, 15], "uv_size": [0.5, -1]}
							}
						},
						{
							"origin": [-0.9, 18.18971, 21.8125],
							"size": [1.8, 0.74558, 0.75],
							"pivot": [0, 18.5625, 21.875],
							"rotation": [0, 0, 45],
							"uv": {
								"north": {"uv": [70, 9], "uv_size": [2, 0.5]},
								"east": {"uv": [21, 76], "uv_size": [1, 0.5]},
								"south": {"uv": [16, 70], "uv_size": [2, 0.5]},
								"west": {"uv": [25, 76], "uv_size": [1, 0.5]}
							}
						},
						{
							"origin": [-0.9, 18.18971, 21.8125],
							"size": [1.8, 0.74558, 0.75],
							"uv": {
								"north": {"uv": [29, 70], "uv_size": [2, 0.5]},
								"east": {"uv": [76, 28], "uv_size": [1, 0.5]},
								"south": {"uv": [70, 29], "uv_size": [2, 0.5]},
								"west": {"uv": [30, 76], "uv_size": [1, 0.5]}
							}
						},
						{
							"origin": [-0.37279, 17.6625, 21.8125],
							"size": [0.74558, 1.8, 0.75],
							"uv": {
								"north": {"uv": [0, 70], "uv_size": [0.5, 2]},
								"south": {"uv": [2, 70], "uv_size": [0.5, 2]},
								"up": {"uv": [10, 76], "uv_size": [0.5, 1]}
							}
						}
					]
				},
				{
					"name": "rotate",
					"parent": "bolt",
					"pivot": [0, 18.5625, 8.875],
					"cubes": [
						{
							"origin": [-0.24816, 18.1875, 21],
							"size": [0.4375, 0.9375, 0.875],
							"pivot": [-0.31066, 19.25, 21.875],
							"rotation": [0, 90, 0],
							"uv": {
								"north": {"uv": [0, 76], "uv_size": [0.5, 1]},
								"east": {"uv": [69, 66], "uv_size": [1, 1]},
								"west": {"uv": [68, 69], "uv_size": [1, 1]},
								"up": {"uv": [8, 76], "uv_size": [0.5, 1]},
								"down": {"uv": [76, 9], "uv_size": [0.5, -1]}
							}
						},
						{
							"origin": [-1.12316, 18.625, 20.5],
							"size": [0.4375, 0.4375, 1.375],
							"pivot": [-1.18566, 19.0625, 21.875],
							"rotation": [0, 90, -8.5],
							"uv": {
								"east": {"uv": [55, 73], "uv_size": [1.5, 0.5]},
								"west": {"uv": [58, 73], "uv_size": [1.5, 0.5]},
								"up": {"uv": [61, 73], "uv_size": [0.5, 1.5]}
							}
						},
						{
							"origin": [-1.18566, 18.25, 20.4375],
							"size": [0.4375, 0.375, 1.375],
							"pivot": [-1.18566, 18.25, 21.8125],
							"rotation": [0, 90, 8.5],
							"uv": {
								"east": {"uv": [73, 61], "uv_size": [1.5, 0.5]},
								"west": {"uv": [63, 73], "uv_size": [1.5, 0.5]},
								"down": {"uv": [66, 74.5], "uv_size": [0.5, -1.5]}
							}
						},
						{
							"origin": [-0.31066, 17.8125, 9.9375],
							"size": [0.62132, 1.5, 11.9375],
							"pivot": [0, 18.5625, 20.875],
							"rotation": [0, 0, 45],
							"uv": {
								"north": {"uv": [36, 72], "uv_size": [0.5, 1.5]},
								"up": {"uv": [41, 48], "uv_size": [0.5, 12]},
								"down": {"uv": [0, 61], "uv_size": [0.5, -12]}
							}
						},
						{
							"origin": [-0.31066, 17.8125, 9.9375],
							"size": [0.62132, 1.5, 11.9375],
							"uv": {
								"north": {"uv": [53, 72], "uv_size": [0.5, 1.5]},
								"up": {"uv": [38, 49], "uv_size": [0.5, 12]},
								"down": {"uv": [47, 61], "uv_size": [0.5, -12]}
							}
						},
						{
							"origin": [-0.75, 18.25184, 9.9375],
							"size": [1.5, 0.62132, 11.9375],
							"pivot": [0, 18.5625, 20.875],
							"rotation": [0, 0, 45],
							"uv": {
								"north": {"uv": [72, 39], "uv_size": [1.5, 0.5]},
								"east": {"uv": [48, 26], "uv_size": [12, 0.5]},
								"west": {"uv": [49, 49], "uv_size": [12, 0.5]}
							}
						},
						{
							"origin": [-0.75, 18.25184, 9.9375],
							"size": [1.5, 0.62132, 11.9375],
							"uv": {
								"north": {"uv": [72, 57], "uv_size": [1.5, 0.5]},
								"east": {"uv": [50, 0], "uv_size": [12, 0.5]},
								"west": {"uv": [50, 9], "uv_size": [12, 0.5]}
							}
						},
						{
							"origin": [-0.60228, 18.73003, 11.1875],
							"size": [0.5, 0.25, 0.25],
							"pivot": [-0.35228, 18.91753, 11.375],
							"rotation": [-45, 0, 45],
							"uv": {
								"east": {"uv": [84, 28], "uv_size": [0.5, 0.5]}
							}
						},
						{
							"origin": [-0.60228, 18.73003, 10.6875],
							"size": [0.5, 0.25, 0.25],
							"pivot": [-0.35228, 18.91753, 10.875],
							"rotation": [-45, 0, 45],
							"uv": {
								"east": {"uv": [84, 28], "uv_size": [0.5, 0.5]}
							}
						},
						{
							"origin": [-0.60228, 18.73003, 11.6875],
							"size": [0.5, 0.25, 0.25],
							"pivot": [-0.35228, 18.91753, 11.875],
							"rotation": [-45, 0, 45],
							"uv": {
								"east": {"uv": [84, 28], "uv_size": [0.5, 0.5]}
							}
						}
					]
				},
				{
					"name": "ball",
					"parent": "rotate",
					"pivot": [-3.12305, 18.64999, 21.58672],
					"cubes": [
						{
							"origin": [-3.35742, 18.02501, 21.35235],
							"size": [0.46875, 1.24998, 0.46874],
							"uv": {
								"up": {"uv": [34, 84], "uv_size": [0.5, 0.5]},
								"down": {"uv": [36, 84.5], "uv_size": [0.5, -0.5]}
							}
						},
						{
							"origin": [-3.35742, 18.41559, 20.96176],
							"size": [0.46875, 0.46878, 1.24995],
							"uv": {
								"north": {"uv": [41, 84], "uv_size": [0.5, 0.5]},
								"south": {"uv": [43, 84], "uv_size": [0.5, 0.5]}
							}
						},
						{
							"origin": [-3.35742, 18.08807, 21.42103],
							"size": [0.46875, 1.21532, 0.55238],
							"pivot": [-3.12306, 18.80622, 21.58675],
							"rotation": [-45, 0, 0],
							"uv": {
								"east": {"uv": [36, 78], "uv_size": [0.5, 1]},
								"west": {"uv": [38, 78], "uv_size": [0.5, 1]},
								"up": {"uv": [84, 44], "uv_size": [0.5, 0.5]},
								"down": {"uv": [84, 50.5], "uv_size": [0.5, -0.5]}
							}
						},
						{
							"origin": [-3.35742, 17.89867, 20.9637],
							"size": [0.46875, 1.21531, 0.55237],
							"pivot": [-3.12305, 18.99679, 21.23989],
							"rotation": [45, 0, 0],
							"uv": {
								"east": {"uv": [43, 78], "uv_size": [0.5, 1]},
								"west": {"uv": [78, 44], "uv_size": [0.5, 1]},
								"up": {"uv": [84, 56], "uv_size": [0.5, 0.5]},
								"down": {"uv": [57, 84.5], "uv_size": [0.5, -0.5]}
							}
						},
						{
							"origin": [-3.58706, 18.72061, 21.35235],
							"size": [1.21531, 0.55237, 0.46874],
							"pivot": [-3.46988, 18.99679, 21.58672],
							"rotation": [0, 0, 45],
							"uv": {
								"north": {"uv": [45, 78], "uv_size": [1, 0.5]},
								"east": {"uv": [84, 58], "uv_size": [0.5, 0.5]},
								"south": {"uv": [78, 51], "uv_size": [1, 0.5]},
								"west": {"uv": [84, 60], "uv_size": [0.5, 0.5]}
							}
						},
						{
							"origin": [-3.1353, 18.41563, 21.08838],
							"size": [0.55237, 0.46874, 1.21531],
							"pivot": [-2.85911, 18.72813, 21.32275],
							"rotation": [0, -45, 0],
							"uv": {
								"north": {"uv": [62, 84], "uv_size": [0.5, 0.5]},
								"south": {"uv": [84, 62], "uv_size": [0.5, 0.5]},
								"up": {"uv": [78, 58], "uv_size": [0.5, 1]},
								"down": {"uv": [60, 79], "uv_size": [0.5, -1]}
							}
						},
						{
							"origin": [-3.73071, 18.41563, 21.31051],
							"size": [1.21531, 0.46874, 0.55241],
							"pivot": [-3.12305, 18.65, 21.58672],
							"rotation": [0, -45, 0],
							"uv": {
								"east": {"uv": [64, 84], "uv_size": [0.5, 0.5]},
								"west": {"uv": [84, 68], "uv_size": [0.5, 0.5]},
								"up": {"uv": [78, 60], "uv_size": [1, 0.5]},
								"down": {"uv": [78, 62.5], "uv_size": [1, -0.5]}
							}
						},
						{
							"origin": [-3.86291, 18.693, 21.35235],
							"size": [1.21533, 0.55237, 0.46874],
							"pivot": [-2.80383, 18.96918, 21.58672],
							"rotation": [0, 0, -45],
							"uv": {
								"north": {"uv": [64, 78], "uv_size": [1, 0.5]},
								"east": {"uv": [84, 70], "uv_size": [0.5, 0.5]},
								"south": {"uv": [78, 64], "uv_size": [1, 0.5]},
								"west": {"uv": [84, 72], "uv_size": [0.5, 0.5]}
							}
						},
						{
							"origin": [-3.74804, 18.41563, 21.35235],
							"size": [1.24998, 0.46874, 0.46874],
							"uv": {
								"east": {"uv": [73, 84], "uv_size": [0.5, 0.5]}
							}
						}
					]
				},
				{
					"name": "attachments",
					"parent": "gun",
					"pivot": [0, 0, 0]
				},
				{
					"name": "mount",
					"parent": "attachments",
					"pivot": [8, 9.1875, -1.1875]
				},
				{
					"name": "bone",
					"parent": "mount",
					"pivot": [8, 9.1875, -1.1875],
					"cubes": [
						{
							"origin": [-0.3643, 20.26088, 12.64063],
							"size": [0.177, 0.177, 0.25],
							"pivot": [-0.375, 20.25018, 9.51563],
							"rotation": [0, 0, -45],
							"uv": {
								"north": {"uv": [46, 81], "uv_size": [0.5, 0.5]},
								"east": {"uv": [81, 46], "uv_size": [0.5, 0.5]},
								"south": {"uv": [48, 81], "uv_size": [0.5, 0.5]},
								"up": {"uv": [81, 48], "uv_size": [0.5, 0.5]}
							}
						},
						{
							"origin": [0.1873, 20.26088, 12.64063],
							"size": [0.177, 0.177, 0.25],
							"pivot": [0.375, 20.25018, 9.51563],
							"rotation": [0, 0, 45],
							"uv": {
								"north": {"uv": [81, 38], "uv_size": [0.5, 0.5]},
								"south": {"uv": [39, 81], "uv_size": [0.5, 0.5]},
								"west": {"uv": [81, 40], "uv_size": [0.5, 0.5]},
								"up": {"uv": [81, 42], "uv_size": [0.5, 0.5]}
							}
						},
						{
							"origin": [-0.375, 20.39063, 12.64063],
							"size": [0.75, 0.125, 0.25],
							"uv": {
								"north": {"uv": [27, 77], "uv_size": [1, 0.5]},
								"south": {"uv": [77, 30], "uv_size": [1, 0.5]},
								"up": {"uv": [32, 77], "uv_size": [1, 0.5]}
							}
						},
						{
							"origin": [-0.3643, 20.26088, 13.14063],
							"size": [0.177, 0.177, 1],
							"pivot": [-0.375, 20.25018, 10.76563],
							"rotation": [0, 0, -45],
							"uv": {
								"north": {"uv": [81, 34], "uv_size": [0.5, 0.5]},
								"east": {"uv": [77, 24], "uv_size": [1, 0.5]},
								"south": {"uv": [81, 36], "uv_size": [0.5, 0.5]},
								"up": {"uv": [77, 26], "uv_size": [0.5, 1]}
							}
						},
						{
							"origin": [0.1873, 20.26088, 13.14063],
							"size": [0.177, 0.177, 1],
							"pivot": [0.375, 20.25018, 10.76563],
							"rotation": [0, 0, 45],
							"uv": {
								"north": {"uv": [81, 32], "uv_size": [0.5, 0.5]},
								"south": {"uv": [33, 81], "uv_size": [0.5, 0.5]},
								"west": {"uv": [77, 22], "uv_size": [1, 0.5]},
								"up": {"uv": [23, 77], "uv_size": [0.5, 1]}
							}
						},
						{
							"origin": [-0.375, 20.39063, 13.14063],
							"size": [0.75, 0.125, 1],
							"uv": {
								"north": {"uv": [77, 18], "uv_size": [1, 0.5]},
								"south": {"uv": [77, 20], "uv_size": [1, 0.5]},
								"up": {"uv": [70, 70], "uv_size": [1, 1]}
							}
						},
						{
							"origin": [-0.3643, 20.26088, 10.64063],
							"size": [0.177, 0.177, 0.25],
							"pivot": [-0.375, 20.25018, 7.51563],
							"rotation": [0, 0, -45],
							"uv": {
								"north": {"uv": [26, 81], "uv_size": [0.5, 0.5]},
								"east": {"uv": [81, 26], "uv_size": [0.5, 0.5]},
								"south": {"uv": [81, 30], "uv_size": [0.5, 0.5]},
								"up": {"uv": [31, 81], "uv_size": [0.5, 0.5]}
							}
						},
						{
							"origin": [0.1873, 20.26088, 10.64063],
							"size": [0.177, 0.177, 0.25],
							"pivot": [0.375, 20.25018, 7.51563],
							"rotation": [0, 0, 45],
							"uv": {
								"north": {"uv": [81, 20], "uv_size": [0.5, 0.5]},
								"south": {"uv": [22, 81], "uv_size": [0.5, 0.5]},
								"west": {"uv": [81, 22], "uv_size": [0.5, 0.5]},
								"up": {"uv": [81, 24], "uv_size": [0.5, 0.5]}
							}
						},
						{
							"origin": [-0.375, 20.39063, 10.64063],
							"size": [0.75, 0.125, 0.25],
							"uv": {
								"north": {"uv": [16, 77], "uv_size": [1, 0.5]},
								"south": {"uv": [77, 16], "uv_size": [1, 0.5]},
								"up": {"uv": [18, 77], "uv_size": [1, 0.5]}
							}
						},
						{
							"origin": [-0.3643, 20.26088, 11.14063],
							"size": [0.177, 0.177, 1.25],
							"pivot": [-0.375, 20.25018, 9.01563],
							"rotation": [0, 0, -45],
							"uv": {
								"north": {"uv": [18, 81], "uv_size": [0.5, 0.5]},
								"east": {"uv": [5, 73], "uv_size": [1.5, 0.5]},
								"south": {"uv": [81, 18], "uv_size": [0.5, 0.5]},
								"up": {"uv": [73, 6], "uv_size": [0.5, 1.5]}
							}
						},
						{
							"origin": [0.1873, 20.26088, 11.14063],
							"size": [0.177, 0.177, 1.25],
							"pivot": [0.375, 20.25018, 9.01563],
							"rotation": [0, 0, 45],
							"uv": {
								"north": {"uv": [16, 81], "uv_size": [0.5, 0.5]},
								"south": {"uv": [81, 16], "uv_size": [0.5, 0.5]},
								"west": {"uv": [2, 73], "uv_size": [1.5, 0.5]},
								"up": {"uv": [73, 3], "uv_size": [0.5, 1.5]}
							}
						},
						{
							"origin": [-0.375, 20.39063, 11.14063],
							"size": [0.75, 0.125, 1.25],
							"uv": {
								"north": {"uv": [12, 77], "uv_size": [1, 0.5]},
								"south": {"uv": [14, 77], "uv_size": [1, 0.5]},
								"up": {"uv": [0, 67], "uv_size": [1, 1.5]}
							}
						},
						{
							"origin": [-0.375, 20.39063, 9.64063],
							"size": [0.75, 0.125, 0.75],
							"uv": {
								"north": {"uv": [6, 77], "uv_size": [1, 0.5]},
								"south": {"uv": [77, 6], "uv_size": [1, 0.5]},
								"up": {"uv": [70, 68], "uv_size": [1, 1]}
							}
						},
						{
							"origin": [0.1873, 20.26088, 9.64063],
							"size": [0.177, 0.177, 0.75],
							"pivot": [0.375, 20.25018, 7.01563],
							"rotation": [0, 0, 45],
							"uv": {
								"north": {"uv": [12, 81], "uv_size": [0.5, 0.5]},
								"south": {"uv": [14, 81], "uv_size": [0.5, 0.5]},
								"west": {"uv": [4, 77], "uv_size": [1, 0.5]},
								"up": {"uv": [77, 4], "uv_size": [0.5, 1]}
							}
						},
						{
							"origin": [-0.3643, 20.26088, 9.64063],
							"size": [0.177, 0.177, 0.75],
							"pivot": [-0.375, 20.25018, 7.01563],
							"rotation": [0, 0, -45],
							"uv": {
								"north": {"uv": [6, 81], "uv_size": [0.5, 0.5]},
								"east": {"uv": [77, 0], "uv_size": [1, 0.5]},
								"south": {"uv": [81, 6], "uv_size": [0.5, 0.5]},
								"up": {"uv": [77, 2], "uv_size": [0.5, 1]}
							}
						},
						{
							"origin": [-0.375, 20.39063, 9.14063],
							"size": [0.75, 0.125, 0.25],
							"uv": {
								"north": {"uv": [76, 72], "uv_size": [1, 0.5]},
								"south": {"uv": [76, 74], "uv_size": [1, 0.5]},
								"up": {"uv": [76, 76], "uv_size": [1, 0.5]}
							}
						},
						{
							"origin": [0.1873, 20.26088, 9.14063],
							"size": [0.177, 0.177, 0.25],
							"pivot": [0.375, 20.25018, 6.01563],
							"rotation": [0, 0, 45],
							"uv": {
								"north": {"uv": [81, 0], "uv_size": [0.5, 0.5]},
								"south": {"uv": [81, 2], "uv_size": [0.5, 0.5]},
								"west": {"uv": [4, 81], "uv_size": [0.5, 0.5]},
								"up": {"uv": [81, 4], "uv_size": [0.5, 0.5]}
							}
						},
						{
							"origin": [-0.3643, 20.26088, 9.14063],
							"size": [0.177, 0.177, 0.25],
							"pivot": [-0.375, 20.25018, 6.01563],
							"rotation": [0, 0, -45],
							"uv": {
								"north": {"uv": [80, 72], "uv_size": [0.5, 0.5]},
								"east": {"uv": [74, 80], "uv_size": [0.5, 0.5]},
								"south": {"uv": [80, 74], "uv_size": [0.5, 0.5]},
								"up": {"uv": [76, 80], "uv_size": [0.5, 0.5]}
							}
						},
						{
							"origin": [-0.375, 20.39063, 7.64063],
							"size": [0.75, 0.125, 1.25],
							"uv": {
								"north": {"uv": [76, 65], "uv_size": [1, 0.5]},
								"south": {"uv": [67, 76], "uv_size": [1, 0.5]},
								"up": {"uv": [53, 66], "uv_size": [1, 1.5]}
							}
						},
						{
							"origin": [-0.3643, 20.26088, 7.14063],
							"size": [0.177, 0.177, 0.25],
							"pivot": [-0.375, 20.25018, 4.01563],
							"rotation": [0, 0, -45],
							"uv": {
								"north": {"uv": [80, 63], "uv_size": [0.5, 0.5]},
								"east": {"uv": [64, 80], "uv_size": [0.5, 0.5]},
								"south": {"uv": [66, 80], "uv_size": [0.5, 0.5]},
								"up": {"uv": [80, 70], "uv_size": [0.5, 0.5]}
							}
						},
						{
							"origin": [0.1873, 20.26088, 7.14063],
							"size": [0.177, 0.177, 0.25],
							"pivot": [0.375, 20.25018, 4.01563],
							"rotation": [0, 0, 45],
							"uv": {
								"north": {"uv": [80, 57], "uv_size": [0.5, 0.5]},
								"south": {"uv": [59, 80], "uv_size": [0.5, 0.5]},
								"west": {"uv": [80, 59], "uv_size": [0.5, 0.5]},
								"up": {"uv": [80, 61], "uv_size": [0.5, 0.5]}
							}
						},
						{
							"origin": [-0.375, 20.39063, 7.14063],
							"size": [0.75, 0.125, 0.25],
							"uv": {
								"north": {"uv": [76, 61], "uv_size": [1, 0.5]},
								"south": {"uv": [76, 63], "uv_size": [1, 0.5]},
								"up": {"uv": [65, 76], "uv_size": [1, 0.5]}
							}
						},
						{
							"origin": [0.1873, 20.26088, 7.64063],
							"size": [0.177, 0.177, 1.25],
							"pivot": [0.375, 20.25018, 5.51563],
							"rotation": [0, 0, 45],
							"uv": {
								"north": {"uv": [80, 44], "uv_size": [0.5, 0.5]},
								"south": {"uv": [80, 50], "uv_size": [0.5, 0.5]},
								"west": {"uv": [72, 70], "uv_size": [1.5, 0.5]},
								"up": {"uv": [73, 0], "uv_size": [0.5, 1.5]}
							}
						},
						{
							"origin": [-0.3643, 20.26088, 7.64063],
							"size": [0.177, 0.177, 1.25],
							"pivot": [-0.375, 20.25018, 5.51563],
							"rotation": [0, 0, -45],
							"uv": {
								"north": {"uv": [42, 80], "uv_size": [0.5, 0.5]},
								"east": {"uv": [70, 72], "uv_size": [1.5, 0.5]},
								"south": {"uv": [44, 80], "uv_size": [0.5, 0.5]},
								"up": {"uv": [0, 73], "uv_size": [0.5, 1.5]}
							}
						},
						{
							"origin": [-0.375, 20.39063, 5.89063],
							"size": [0.75, 0.125, 1],
							"uv": {
								"north": {"uv": [76, 59], "uv_size": [1, 0.5]},
								"south": {"uv": [60, 76], "uv_size": [1, 0.5]},
								"up": {"uv": [70, 39], "uv_size": [1, 1]}
							}
						},
						{
							"origin": [0.1873, 20.26088, 5.89063],
							"size": [0.177, 0.177, 1],
							"pivot": [0.375, 20.25018, 3.26563],
							"rotation": [0, 0, 45],
							"uv": {
								"north": {"uv": [35, 80], "uv_size": [0.5, 0.5]},
								"south": {"uv": [37, 80], "uv_size": [0.5, 0.5]},
								"west": {"uv": [46, 76], "uv_size": [1, 0.5]},
								"up": {"uv": [76, 52], "uv_size": [0.5, 1]}
							}
						},
						{
							"origin": [-0.3643, 20.26088, 5.89063],
							"size": [0.177, 0.177, 1],
							"pivot": [-0.375, 20.25018, 3.26563],
							"rotation": [0, 0, -45],
							"uv": {
								"north": {"uv": [80, 28], "uv_size": [0.5, 0.5]},
								"east": {"uv": [44, 76], "uv_size": [1, 0.5]},
								"south": {"uv": [29, 80], "uv_size": [0.5, 0.5]},
								"up": {"uv": [76, 45], "uv_size": [0.5, 1]}
							}
						},
						{
							"origin": [-0.375, 20.07813, 5.89063],
							"size": [0.75, 0.3125, 15.5],
							"uv": {
								"north": {"uv": [37, 76], "uv_size": [1, 0.5]},
								"east": {"uv": [44, 12], "uv_size": [15.5, 0.5]},
								"south": {"uv": [39, 76], "uv_size": [1, 0.5]},
								"west": {"uv": [47, 44], "uv_size": [15.5, 0.5]},
								"down": {"uv": [14, 52.5], "uv_size": [1, -15.5]}
							}
						},
						{
							"origin": [-0.3643, 20.26088, 14.89063],
							"size": [0.177, 0.177, 1.25],
							"pivot": [-0.375, 20.25018, 12.76563],
							"rotation": [0, 0, -45],
							"uv": {
								"north": {"uv": [82, 80], "uv_size": [0.5, 0.5]},
								"east": {"uv": [73, 28], "uv_size": [1.5, 0.5]},
								"south": {"uv": [82, 82], "uv_size": [0.5, 0.5]},
								"up": {"uv": [31, 73], "uv_size": [0.5, 1.5]}
							}
						},
						{
							"origin": [0.1873, 20.26088, 14.89063],
							"size": [0.177, 0.177, 1.25],
							"pivot": [0.375, 20.25018, 12.76563],
							"rotation": [0, 0, 45],
							"uv": {
								"north": {"uv": [74, 82], "uv_size": [0.5, 0.5]},
								"south": {"uv": [76, 82], "uv_size": [0.5, 0.5]},
								"west": {"uv": [23, 73], "uv_size": [1.5, 0.5]},
								"up": {"uv": [26, 73], "uv_size": [0.5, 1.5]}
							}
						},
						{
							"origin": [-0.375, 20.39063, 14.39063],
							"size": [0.75, 0.125, 0.25],
							"uv": {
								"north": {"uv": [2, 78], "uv_size": [1, 0.5]},
								"south": {"uv": [8, 78], "uv_size": [1, 0.5]},
								"up": {"uv": [78, 8], "uv_size": [1, 0.5]}
							}
						},
						{
							"origin": [0.1873, 20.26088, 14.39063],
							"size": [0.177, 0.177, 0.25],
							"pivot": [0.375, 20.25018, 11.26563],
							"rotation": [0, 0, 45],
							"uv": {
								"north": {"uv": [65, 82], "uv_size": [0.5, 0.5]},
								"south": {"uv": [82, 69], "uv_size": [0.5, 0.5]},
								"west": {"uv": [82, 71], "uv_size": [0.5, 0.5]},
								"up": {"uv": [82, 73], "uv_size": [0.5, 0.5]}
							}
						},
						{
							"origin": [-0.3643, 20.26088, 14.39063],
							"size": [0.177, 0.177, 0.25],
							"pivot": [-0.375, 20.25018, 11.26563],
							"rotation": [0, 0, -45],
							"uv": {
								"north": {"uv": [82, 58], "uv_size": [0.5, 0.5]},
								"east": {"uv": [82, 60], "uv_size": [0.5, 0.5]},
								"south": {"uv": [82, 62], "uv_size": [0.5, 0.5]},
								"up": {"uv": [63, 82], "uv_size": [0.5, 0.5]}
							}
						},
						{
							"origin": [-0.375, 20.39063, 14.89063],
							"size": [0.75, 0.125, 1.25],
							"uv": {
								"north": {"uv": [73, 77], "uv_size": [1, 0.5]},
								"south": {"uv": [0, 78], "uv_size": [1, 0.5]},
								"up": {"uv": [12, 67], "uv_size": [1, 1.5]}
							}
						},
						{
							"origin": [-0.3643, 20.26088, 16.39063],
							"size": [0.177, 0.177, 0.25],
							"pivot": [-0.375, 20.25018, 13.26563],
							"rotation": [0, 0, -45],
							"uv": {
								"north": {"uv": [82, 44], "uv_size": [0.5, 0.5]},
								"east": {"uv": [82, 50], "uv_size": [0.5, 0.5]},
								"south": {"uv": [82, 56], "uv_size": [0.5, 0.5]},
								"up": {"uv": [58, 82], "uv_size": [0.5, 0.5]}
							}
						},
						{
							"origin": [0.1873, 20.26088, 16.39063],
							"size": [0.177, 0.177, 0.25],
							"pivot": [0.375, 20.25018, 13.26563],
							"rotation": [0, 0, 45],
							"uv": {
								"north": {"uv": [35, 82], "uv_size": [0.5, 0.5]},
								"south": {"uv": [37, 82], "uv_size": [0.5, 0.5]},
								"west": {"uv": [41, 82], "uv_size": [0.5, 0.5]},
								"up": {"uv": [43, 82], "uv_size": [0.5, 0.5]}
							}
						},
						{
							"origin": [-0.375, 20.39063, 16.39063],
							"size": [0.75, 0.125, 0.25],
							"uv": {
								"north": {"uv": [69, 77], "uv_size": [1, 0.5]},
								"south": {"uv": [77, 69], "uv_size": [1, 0.5]},
								"up": {"uv": [71, 77], "uv_size": [1, 0.5]}
							}
						},
						{
							"origin": [-0.3643, 20.26088, 16.89063],
							"size": [0.177, 0.177, 0.75],
							"pivot": [-0.375, 20.25018, 14.26563],
							"rotation": [0, 0, -45],
							"uv": {
								"north": {"uv": [28, 82], "uv_size": [0.5, 0.5]},
								"east": {"uv": [62, 77], "uv_size": [1, 0.5]},
								"south": {"uv": [82, 28], "uv_size": [0.5, 0.5]},
								"up": {"uv": [77, 67], "uv_size": [0.5, 1]}
							}
						},
						{
							"origin": [0.1873, 20.26088, 16.89063],
							"size": [0.177, 0.177, 0.75],
							"pivot": [0.375, 20.25018, 14.26563],
							"rotation": [0, 0, 45],
							"uv": {
								"north": {"uv": [20, 82], "uv_size": [0.5, 0.5]},
								"south": {"uv": [24, 82], "uv_size": [0.5, 0.5]},
								"west": {"uv": [77, 56], "uv_size": [1, 0.5]},
								"up": {"uv": [58, 77], "uv_size": [0.5, 1]}
							}
						},
						{
							"origin": [-0.375, 20.39063, 16.89063],
							"size": [0.75, 0.125, 0.75],
							"uv": {
								"north": {"uv": [77, 54], "uv_size": [1, 0.5]},
								"south": {"uv": [56, 77], "uv_size": [1, 0.5]},
								"up": {"uv": [71, 5], "uv_size": [1, 1]}
							}
						},
						{
							"origin": [-0.375, 20.39063, 18.39063],
							"size": [0.75, 0.125, 1.25],
							"uv": {
								"north": {"uv": [52, 77], "uv_size": [1, 0.5]},
								"south": {"uv": [54, 77], "uv_size": [1, 0.5]},
								"up": {"uv": [67, 11], "uv_size": [1, 1.5]}
							}
						},
						{
							"origin": [0.1873, 20.26088, 18.39063],
							"size": [0.177, 0.177, 1.25],
							"pivot": [0.375, 20.25018, 16.26563],
							"rotation": [0, 0, 45],
							"uv": {
								"north": {"uv": [82, 12], "uv_size": [0.5, 0.5]},
								"south": {"uv": [82, 14], "uv_size": [0.5, 0.5]},
								"west": {"uv": [73, 11], "uv_size": [1.5, 0.5]},
								"up": {"uv": [21, 73], "uv_size": [0.5, 1.5]}
							}
						},
						{
							"origin": [-0.3643, 20.26088, 18.39063],
							"size": [0.177, 0.177, 1.25],
							"pivot": [-0.375, 20.25018, 16.26563],
							"rotation": [0, 0, -45],
							"uv": {
								"north": {"uv": [10, 82], "uv_size": [0.5, 0.5]},
								"east": {"uv": [73, 9], "uv_size": [1.5, 0.5]},
								"south": {"uv": [82, 10], "uv_size": [0.5, 0.5]},
								"up": {"uv": [8, 73], "uv_size": [0.5, 1.5]}
							}
						},
						{
							"origin": [-0.375, 20.39063, 17.89063],
							"size": [0.75, 0.125, 0.25],
							"uv": {
								"north": {"uv": [48, 77], "uv_size": [1, 0.5]},
								"south": {"uv": [77, 49], "uv_size": [1, 0.5]},
								"up": {"uv": [50, 77], "uv_size": [1, 0.5]}
							}
						},
						{
							"origin": [0.1873, 20.26088, 17.89063],
							"size": [0.177, 0.177, 0.25],
							"pivot": [0.375, 20.25018, 14.76563],
							"rotation": [0, 0, 45],
							"uv": {
								"north": {"uv": [0, 82], "uv_size": [0.5, 0.5]},
								"south": {"uv": [2, 82], "uv_size": [0.5, 0.5]},
								"west": {"uv": [8, 82], "uv_size": [0.5, 0.5]},
								"up": {"uv": [82, 8], "uv_size": [0.5, 0.5]}
							}
						},
						{
							"origin": [-0.3643, 20.26088, 17.89063],
							"size": [0.177, 0.177, 0.25],
							"pivot": [-0.375, 20.25018, 14.76563],
							"rotation": [0, 0, -45],
							"uv": {
								"north": {"uv": [81, 76], "uv_size": [0.5, 0.5]},
								"east": {"uv": [78, 81], "uv_size": [0.5, 0.5]},
								"south": {"uv": [81, 78], "uv_size": [0.5, 0.5]},
								"up": {"uv": [80, 81], "uv_size": [0.5, 0.5]}
							}
						},
						{
							"origin": [-0.5, 20.39063, 5.89063],
							"size": [1, 0.001, 15.5],
							"uv": {
								"north": {"uv": [24, 22], "uv_size": [1, 0]},
								"east": {"uv": [84, 74], "uv_size": [15.5, 0]},
								"south": {"uv": [32, 29], "uv_size": [1, 0]},
								"west": {"uv": [85, 6], "uv_size": [15.5, 0]},
								"up": {"uv": [16, 37], "uv_size": [1, 15.5]},
								"down": {"uv": [18, 52.5], "uv_size": [1, -15.5]}
							}
						},
						{
							"origin": [-0.375, 20.39063, 20.39063],
							"size": [0.75, 0.125, 1],
							"uv": {
								"north": {"uv": [77, 42], "uv_size": [1, 0.5]},
								"south": {"uv": [77, 47], "uv_size": [1, 0.5]},
								"up": {"uv": [71, 0], "uv_size": [1, 1]}
							}
						},
						{
							"origin": [0.1873, 20.26088, 20.39063],
							"size": [0.177, 0.177, 1],
							"pivot": [0.375, 20.25018, 18.01563],
							"rotation": [0, 0, 45],
							"uv": {
								"north": {"uv": [70, 81], "uv_size": [0.5, 0.5]},
								"south": {"uv": [72, 81], "uv_size": [0.5, 0.5]},
								"west": {"uv": [77, 40], "uv_size": [1, 0.5]},
								"up": {"uv": [41, 77], "uv_size": [0.5, 1]}
							}
						},
						{
							"origin": [-0.3643, 20.26088, 20.39063],
							"size": [0.177, 0.177, 1],
							"pivot": [-0.375, 20.25018, 18.01563],
							"rotation": [0, 0, -45],
							"uv": {
								"north": {"uv": [81, 67], "uv_size": [0.5, 0.5]},
								"east": {"uv": [77, 36], "uv_size": [1, 0.5]},
								"south": {"uv": [68, 81], "uv_size": [0.5, 0.5]},
								"up": {"uv": [77, 38], "uv_size": [0.5, 1]}
							}
						},
						{
							"origin": [-0.375, 20.39063, 19.89063],
							"size": [0.75, 0.125, 0.25],
							"uv": {
								"north": {"uv": [77, 32], "uv_size": [1, 0.5]},
								"south": {"uv": [34, 77], "uv_size": [1, 0.5]},
								"up": {"uv": [77, 34], "uv_size": [1, 0.5]}
							}
						},
						{
							"origin": [0.1873, 20.26088, 19.89063],
							"size": [0.177, 0.177, 0.25],
							"pivot": [0.375, 20.25018, 16.76563],
							"rotation": [0, 0, 45],
							"uv": {
								"north": {"uv": [81, 54], "uv_size": [0.5, 0.5]},
								"south": {"uv": [56, 81], "uv_size": [0.5, 0.5]},
								"west": {"uv": [61, 81], "uv_size": [0.5, 0.5]},
								"up": {"uv": [81, 65], "uv_size": [0.5, 0.5]}
							}
						},
						{
							"origin": [-0.3643, 20.26088, 19.89063],
							"size": [0.177, 0.177, 0.25],
							"pivot": [-0.375, 20.25018, 16.76563],
							"rotation": [0, 0, -45],
							"uv": {
								"north": {"uv": [50, 81], "uv_size": [0.5, 0.5]},
								"east": {"uv": [52, 81], "uv_size": [0.5, 0.5]},
								"south": {"uv": [81, 52], "uv_size": [0.5, 0.5]},
								"up": {"uv": [54, 81], "uv_size": [0.5, 0.5]}
							}
						}
					]
				},
				{
					"name": "scope_pos",
					"parent": "mount",
					"pivot": [0, 20.52, 17.6875]
				},
				{
					"name": "muzzle_pos",
					"parent": "attachments",
					"pivot": [0, 18.5625, -40.5875]
				},
				{
					"name": "grip_pos",
					"parent": "attachments",
					"pivot": [0, 15.875, -7.4375],
					"rotation": [0, 180, 0]
				},
				{
					"name": "constraint",
					"parent": "attachments",
					"pivot": [0, 20.41224, 2.48836]
				},
				{
					"name": "muzzle_flash",
					"parent": "gun",
					"pivot": [0, 18.5625, -40.5875]
				},
				{
					"name": "right_hand",
					"parent": "right_gun",
					"pivot": [-5.5, 26.5, 25]
				},
				{
					"name": "righthand_pos",
					"parent": "right_hand",
					"pivot": [0, 15, 25],
					"rotation": [0, 180, 0],
					"cubes": [
						{
							"origin": [4, 15, 23],
							"size": [3, 12, 4],
							"uv": {
								"north": {"uv": [54, 12], "uv_size": [3, 12]},
								"east": {"uv": [42, 48], "uv_size": [4, 12]},
								"south": {"uv": [24, 56], "uv_size": [3, 12]},
								"west": {"uv": [47, 48], "uv_size": [4, 12]},
								"up": {"uv": [87, 12], "uv_size": [3, 4]},
								"down": {"uv": [87, 28], "uv_size": [3, -4]}
							}
						}
					]
				},
				{
					"name": "left_mag",
					"parent": "root",
					"pivot": [-6.5, 16.5, 25]
				},
				{
					"name": "bullet",
					"parent": "left_mag",
					"pivot": [-0.25, 18.625, 5.75],
					"rotation": [90, 0, 0],
					"cubes": [
						{
							"origin": [-0.45625, 13.975, 5.26875],
							"size": [0.9625, 5.2, 0.9625],
							"uv": {
								"north": {"uv": [8, 51], "uv_size": [1, 5]},
								"east": {"uv": [32, 51], "uv_size": [1, 5]},
								"south": {"uv": [34, 51], "uv_size": [1, 5]},
								"west": {"uv": [49, 51], "uv_size": [1, 5]},
								"up": {"uv": [12, 70], "uv_size": [1, 1]},
								"down": {"uv": [19, 71], "uv_size": [1, -1]}
							}
						},
						{
							"origin": [-0.31875, 19.175, 5.40625],
							"size": [0.6875, 2.2, 0.6875],
							"uv": {
								"north": {"uv": [32, 70], "uv_size": [0.5, 2]},
								"east": {"uv": [39, 70], "uv_size": [0.5, 2]},
								"south": {"uv": [41, 70], "uv_size": [0.5, 2]},
								"west": {"uv": [70, 56], "uv_size": [0.5, 2]},
								"up": {"uv": [24, 80], "uv_size": [0.5, 0.5]}
							}
						}
					]
				},
				{
					"name": "left_hand",
					"parent": "left_mag",
					"pivot": [5.5, 26.5, 25]
				},
				{
					"name": "lefthand_pos",
					"parent": "left_hand",
					"pivot": [0, 15, 25],
					"rotation": [0, -180, 0],
					"cubes": [
						{
							"origin": [-7, 15, 23],
							"size": [3, 12, 4],
							"uv": {
								"north": {"uv": [57, 12], "uv_size": [-3, 12]},
								"east": {"uv": [51, 48], "uv_size": [-4, 12]},
								"south": {"uv": [27, 56], "uv_size": [-3, 12]},
								"west": {"uv": [46, 48], "uv_size": [-4, 12]},
								"up": {"uv": [90, 12], "uv_size": [-3, 4]},
								"down": {"uv": [90, 28], "uv_size": [-3, -4]}
							}
						}
					]
				},
				{
					"name": "positioning",
					"pivot": [0, 0, 0]
				},
				{
					"name": "ground",
					"parent": "positioning",
					"pivot": [0, 11, 8]
				},
				{
					"name": "thirdperson_hand",
					"parent": "positioning",
					"pivot": [0, 13.75, 23]
				},
				{
					"name": "fixed",
					"parent": "positioning",
					"pivot": [0, 17, 8],
					"rotation": [0, 90, 0]
				},
				{
					"name": "views",
					"pivot": [0, 0, 0]
				},
				{
					"name": "iron_view",
					"parent": "views",
					"pivot": [0, 20.4375, 28]
				},
				{
					"name": "refit_view",
					"parent": "views",
					"pivot": [38, 18, -1],
					"rotation": [0, 90, 0]
				},
				{
					"name": "refit_muzzle_view",
					"parent": "views",
					"pivot": [16, 20, -54],
					"rotation": [-173.18088, 62.46197, -176.34673]
				},
				{
					"name": "refit_scope_view",
					"parent": "views",
					"pivot": [-6.5, 23.75, 27],
					"rotation": [12.11448, -30.07458, -1.5233]
				},
				{
					"name": "refit_extended_mag_view",
					"parent": "views",
					"pivot": [-10, 21.25, 14.75],
					"rotation": [0, -90, 12.5]
				},
				{
					"name": "refit_grip_view",
					"parent": "views",
					"pivot": [17, 12, 10],
					"rotation": [-2.5, 45, 0]
				},
				{
					"name": "camera",
					"pivot": [3.125, 22.25, 30.25],
					"rotation": [0, 0, -2.5]
				},
				{
					"name": "idle_view",
					"parent": "camera",
					"pivot": [3.125, 22.25, 30.25],
					"rotation": [0, 0, -2.5]
				},
				{
					"name": "camera2",
					"pivot": [9.25, 26.25, 27],
					"rotation": [-17.36845, 47.76568, -28.10255]
				}
			]
		}
	]
}