{
	"format_version": "1.12.0",
	"minecraft:geometry": [
		{
			"description": {
				"identifier": "geometry.unknown",
				"texture_width": 32,
				"texture_height": 32,
				"visible_bounds_width": 7,
				"visible_bounds_height": 4,
				"visible_bounds_offset": [0, 0, 0]
			},
			"bones": [
				{
					"name": "root",
					"pivot": [0, 6, 12]
				},
				{
					"name": "left_gun",
					"parent": "root",
					"pivot": [0, 0, 0]
				},
				{
					"name": "gun",
					"parent": "left_gun",
					"pivot": [0, 6.5, 4.5]
				},
				{
					"name": "main",
					"parent": "gun",
					"pivot": [0, 8, 0],
					"cubes": [
						{
							"origin": [-0.25, 5.675, 0.95],
							"size": [0.5, 0.0875, 0.5],
							"uv": {
								"east": {"uv": [23, 8], "uv_size": [0.5, 0.5]},
								"west": {"uv": [9, 23], "uv_size": [0.5, 0.5]},
								"up": {"uv": [23, 9], "uv_size": [0.5, 0.5]},
								"down": {"uv": [10, 23.5], "uv_size": [0.5, -0.5]}
							}
						},
						{
							"origin": [-0.25, 5.85968, 1.87845],
							"size": [0.5, 0.0875, 1.75],
							"uv": {
								"east": {"uv": [16, 18], "uv_size": [1.5, 0.5]},
								"south": {"uv": [23, 10], "uv_size": [0.5, 0.5]},
								"west": {"uv": [18, 16], "uv_size": [1.5, 0.5]},
								"up": {"uv": [14, 18], "uv_size": [0.5, 1.5]},
								"down": {"uv": [18, 18.5], "uv_size": [0.5, -1.5]}
							}
						},
						{
							"origin": [-0.25, 7.0625, 0.3875],
							"size": [0.5, 0.0875, 0.5],
							"uv": {
								"east": {"uv": [11, 23], "uv_size": [0.5, 0.5]},
								"south": {"uv": [23, 11], "uv_size": [0.5, 0.5]},
								"west": {"uv": [12, 23], "uv_size": [0.5, 0.5]},
								"up": {"uv": [23, 12], "uv_size": [0.5, 0.5]},
								"down": {"uv": [13, 23.5], "uv_size": [0.5, -0.5]}
							}
						},
						{
							"origin": [-0.3125, 7.0125, 0.45],
							"size": [0.625, 0.2, 0.375],
							"uv": {
								"north": {"uv": [23, 13], "uv_size": [0.5, 0.5]},
								"east": {"uv": [14, 23], "uv_size": [0.5, 0.5]},
								"south": {"uv": [23, 14], "uv_size": [0.5, 0.5]},
								"west": {"uv": [15, 23], "uv_size": [0.5, 0.5]},
								"down": {"uv": [23, 15.5], "uv_size": [0.5, -0.5]}
							}
						},
						{
							"origin": [0.3125, 7.1375, 0.45],
							"size": [0.375, 0.0625, 0.375],
							"pivot": [0.3125, 7.1125, 0.6375],
							"rotation": [0, 0, -36],
							"uv": {
								"north": {"uv": [16, 23], "uv_size": [0.5, 0.5]},
								"south": {"uv": [23, 16], "uv_size": [0.5, 0.5]},
								"west": {"uv": [17, 23], "uv_size": [0.5, 0.5]},
								"down": {"uv": [23, 17.5], "uv_size": [0.5, -0.5]}
							}
						},
						{
							"origin": [-0.6875, 7.1375, 0.45],
							"size": [0.375, 0.0625, 0.375],
							"pivot": [-0.3125, 7.1125, 0.6375],
							"rotation": [0, 0, 36],
							"uv": {
								"north": {"uv": [18, 23], "uv_size": [0.5, 0.5]},
								"east": {"uv": [23, 18], "uv_size": [0.5, 0.5]},
								"south": {"uv": [19, 23], "uv_size": [0.5, 0.5]},
								"down": {"uv": [23, 19.5], "uv_size": [0.5, -0.5]}
							}
						},
						{
							"origin": [-0.25, 7.0625, 0.19366],
							"size": [0.5, 0.0875, 0.19384],
							"pivot": [-0.25, 7.15, 0.3875],
							"rotation": [47.13854, 0, 0],
							"uv": {
								"east": {"uv": [20, 23], "uv_size": [0.5, 0.5]},
								"west": {"uv": [23, 20], "uv_size": [0.5, 0.5]},
								"up": {"uv": [21, 23], "uv_size": [0.5, 0.5]},
								"down": {"uv": [23, 21.5], "uv_size": [0.5, -0.5]}
							}
						},
						{
							"origin": [-0.25, 5.675, 0.45],
							"size": [0.5, 0.0875, 0.5],
							"pivot": [0.25, 5.675, 0.95],
							"rotation": [-30, 0, 0],
							"uv": {
								"east": {"uv": [22, 23], "uv_size": [0.5, 0.5]},
								"west": {"uv": [23, 22], "uv_size": [0.5, 0.5]},
								"up": {"uv": [23, 23], "uv_size": [0.5, 0.5]},
								"down": {"uv": [0, 24.5], "uv_size": [0.5, -0.5]}
							}
						},
						{
							"origin": [-0.25, 5.675, 1.45],
							"size": [0.5, 0.0875, 0.5],
							"pivot": [0.25, 5.675, 1.45],
							"rotation": [22.5, 0, 0],
							"uv": {
								"east": {"uv": [24, 0], "uv_size": [0.5, 0.5]},
								"west": {"uv": [1, 24], "uv_size": [0.5, 0.5]},
								"up": {"uv": [24, 1], "uv_size": [0.5, 0.5]},
								"down": {"uv": [2, 24.5], "uv_size": [0.5, -0.5]}
							}
						},
						{
							"origin": [-0.25, 5.925, 0.01699],
							"size": [0.5, 0.0875, 0.5],
							"pivot": [0.25, 5.925, 0.51699],
							"rotation": [-60, 0, 0],
							"uv": {
								"east": {"uv": [24, 2], "uv_size": [0.5, 0.5]},
								"west": {"uv": [3, 24], "uv_size": [0.5, 0.5]},
								"up": {"uv": [24, 3], "uv_size": [0.5, 0.5]},
								"down": {"uv": [4, 24.5], "uv_size": [0.5, -0.5]}
							}
						},
						{
							"origin": [-0.25, 6.35801, -0.38301],
							"size": [0.5, 0.0875, 0.65],
							"pivot": [0.25, 6.35801, 0.26699],
							"rotation": [-89, 0, 0],
							"uv": {
								"east": {"uv": [24, 4], "uv_size": [0.5, 0.5]},
								"west": {"uv": [5, 24], "uv_size": [0.5, 0.5]},
								"up": {"uv": [24, 5], "uv_size": [0.5, 0.5]},
								"down": {"uv": [6, 24.5], "uv_size": [0.5, -0.5]}
							}
						},
						{
							"origin": [-0.46021, 7.31461, 3.1875],
							"size": [0.92042, 0.68539, 3.45],
							"uv": {
								"east": {"uv": [13, 12], "uv_size": [3.5, 0.5]},
								"west": {"uv": [13, 13], "uv_size": [3.5, 0.5]},
								"down": {"uv": [4, 15.5], "uv_size": [1, -3.5]}
							}
						},
						{
							"origin": [0.08371, 5.97843, 3.63015],
							"size": [0.25569, 1.25, 0.3],
							"pivot": [0.15, 6.25343, 4.25329],
							"rotation": [10.54684, 44.5119, 7.43656],
							"uv": {
								"north": {"uv": [19, 0], "uv_size": [0.5, 1.5]},
								"down": {"uv": [24, 6.5], "uv_size": [0.5, -0.5]}
							}
						},
						{
							"origin": [-0.1567, 5.97843, 3.67874],
							"size": [0.3134, 1.25, 0.1808],
							"pivot": [0, 6.25343, 4.25329],
							"rotation": [7.5, 0, 0],
							"uv": {
								"north": {"uv": [19, 2], "uv_size": [0.5, 1.5]},
								"down": {"uv": [7, 24.5], "uv_size": [0.5, -0.5]}
							}
						},
						{
							"origin": [-0.3394, 5.97843, 3.63015],
							"size": [0.25569, 1.25, 0.3],
							"pivot": [-0.15, 6.25343, 4.25329],
							"rotation": [10.54684, -44.5119, -7.43656],
							"uv": {
								"north": {"uv": [19, 4], "uv_size": [0.5, 1.5]},
								"down": {"uv": [24, 7.5], "uv_size": [0.5, -0.5]}
							}
						},
						{
							"origin": [-0.3375, 5.93761, 4.55608],
							"size": [0.675, 1.25, 0.725],
							"pivot": [0, 6.48761, 4.64983],
							"rotation": [7.5, 0, 0],
							"uv": {
								"east": {"uv": [5, 19], "uv_size": [0.5, 1.5]},
								"south": {"uv": [6, 19], "uv_size": [0.5, 1.5]},
								"west": {"uv": [19, 6], "uv_size": [0.5, 1.5]}
							}
						},
						{
							"origin": [-0.3375, 6.30011, 4.95608],
							"size": [0.675, 0.2375, 0.225],
							"pivot": [0, 6.85011, 4.54983],
							"rotation": [52.5, 0, 0],
							"uv": {
								"east": {"uv": [8, 24], "uv_size": [0.5, 0.5]},
								"south": {"uv": [24, 8], "uv_size": [0.5, 0.5]},
								"west": {"uv": [9, 24], "uv_size": [0.5, 0.5]},
								"down": {"uv": [24, 9.5], "uv_size": [0.5, -0.5]}
							}
						},
						{
							"origin": [-0.375, 5.90538, 5.13276],
							"size": [0.75, 0.8375, 0.125],
							"pivot": [0, 6.99913, 5.20776],
							"rotation": [30, 0, 0],
							"uv": {
								"north": {"uv": [16, 15], "uv_size": [1, 1]},
								"east": {"uv": [7, 21], "uv_size": [0.5, 1]},
								"south": {"uv": [9, 17], "uv_size": [1, 1]},
								"west": {"uv": [21, 7], "uv_size": [0.5, 1]},
								"down": {"uv": [8, 21.5], "uv_size": [1, -0.5]}
							}
						},
						{
							"origin": [0.05, 6.80221, 5.25418],
							"size": [0.325, 0.3875, 0.125],
							"pivot": [0.375, 6.80221, 5.37918],
							"rotation": [22.20765, 20.70481, -40.89339],
							"uv": {
								"north": {"uv": [10, 24], "uv_size": [0.5, 0.5]},
								"south": {"uv": [24, 10], "uv_size": [0.5, 0.5]},
								"west": {"uv": [11, 24], "uv_size": [0.5, 0.5]}
							}
						},
						{
							"origin": [-0.375, 6.80221, 5.25418],
							"size": [0.325, 0.3875, 0.125],
							"pivot": [-0.375, 6.80221, 5.37918],
							"rotation": [22.20765, -20.70481, 40.89339],
							"uv": {
								"north": {"uv": [24, 11], "uv_size": [0.5, 0.5]},
								"east": {"uv": [12, 24], "uv_size": [0.5, 0.5]},
								"south": {"uv": [24, 12], "uv_size": [0.5, 0.5]}
							}
						},
						{
							"origin": [0.375, 5.86261, 5.21858],
							"size": [0.075, 0.2, 0.5],
							"pivot": [0, 6.48761, 5.08733],
							"rotation": [15, 0, 0],
							"uv": {
								"north": {"uv": [13, 24], "uv_size": [0.5, 0.5]},
								"east": {"uv": [24, 13], "uv_size": [0.5, 0.5]},
								"west": {"uv": [14, 24], "uv_size": [0.5, 0.5]},
								"down": {"uv": [24, 14.5], "uv_size": [0.5, -0.5]}
							}
						},
						{
							"origin": [0.375, 6.04729, 5.85883],
							"size": [0.075, 1, 0.4629],
							"pivot": [0.45, 6.04729, 5.85883],
							"rotation": [48.93664, -69.92385, -47.15121],
							"uv": {
								"east": {"uv": [21, 8], "uv_size": [0.5, 1]},
								"west": {"uv": [21, 9], "uv_size": [0.5, 1]},
								"down": {"uv": [15, 24.5], "uv_size": [0.5, -0.5]}
							}
						},
						{
							"origin": [0.375, 6.11106, 5.32411],
							"size": [0.075, 0.95, 0.1625],
							"pivot": [0.45, 6.11106, 5.32411],
							"rotation": [-6.5, 0, 0],
							"uv": {
								"north": {"uv": [21, 10], "uv_size": [0.5, 1]},
								"east": {"uv": [21, 11], "uv_size": [0.5, 1]},
								"west": {"uv": [21, 12], "uv_size": [0.5, 1]}
							}
						},
						{
							"origin": [0.375, 6.11106, 5.48661],
							"size": [0.075, 0.5625, 0.2],
							"pivot": [0.45, 6.11106, 5.51161],
							"rotation": [5.5, 0, 0],
							"uv": {
								"north": {"uv": [24, 15], "uv_size": [0.5, 0.5]},
								"east": {"uv": [16, 24], "uv_size": [0.5, 0.5]},
								"west": {"uv": [24, 16], "uv_size": [0.5, 0.5]}
							}
						},
						{
							"origin": [-0.45, 6.04729, 5.85883],
							"size": [0.075, 1, 0.4629],
							"pivot": [-0.45, 6.04729, 5.85883],
							"rotation": [48.93664, 69.92385, 47.15121],
							"uv": {
								"east": {"uv": [21, 13], "uv_size": [0.5, 1]},
								"west": {"uv": [21, 14], "uv_size": [0.5, 1]},
								"down": {"uv": [17, 24.5], "uv_size": [0.5, -0.5]}
							}
						},
						{
							"origin": [-0.45, 5.86261, 5.21858],
							"size": [0.075, 0.2, 0.5],
							"pivot": [0, 6.48761, 5.08733],
							"rotation": [15, 0, 0],
							"uv": {
								"north": {"uv": [24, 17], "uv_size": [0.5, 0.5]},
								"east": {"uv": [18, 24], "uv_size": [0.5, 0.5]},
								"west": {"uv": [24, 18], "uv_size": [0.5, 0.5]},
								"down": {"uv": [19, 24.5], "uv_size": [0.5, -0.5]}
							}
						},
						{
							"origin": [0.375, 6.24047, 5.66957],
							"size": [0.075, 0.82434, 0.1375],
							"pivot": [0.45, 6.24047, 5.80707],
							"rotation": [15.04386, 0, 0],
							"uv": {
								"east": {"uv": [21, 15], "uv_size": [0.5, 1]},
								"west": {"uv": [17, 21], "uv_size": [0.5, 1]}
							}
						},
						{
							"origin": [-0.45, 6.24047, 5.66957],
							"size": [0.075, 0.82434, 0.1375],
							"pivot": [-0.45, 6.24047, 5.80707],
							"rotation": [15.04386, 0, 0],
							"uv": {
								"east": {"uv": [21, 17], "uv_size": [0.5, 1]},
								"west": {"uv": [18, 21], "uv_size": [0.5, 1]}
							}
						},
						{
							"origin": [-0.45, 6.69314, 5.93652],
							"size": [0.9, 0.88684, 0.125],
							"pivot": [0, 7.10531, 6.00527],
							"rotation": [-90, 0, 0],
							"uv": {
								"north": {"uv": [10, 17], "uv_size": [1, 1]},
								"east": {"uv": [21, 18], "uv_size": [0.5, 1]},
								"south": {"uv": [11, 17], "uv_size": [1, 1]},
								"west": {"uv": [19, 21], "uv_size": [0.5, 1]}
							}
						},
						{
							"origin": [-0.45, 6.97343, 5.5931],
							"size": [0.9, 0.20063, 0.15],
							"pivot": [0.45, 7.17406, 5.5931],
							"rotation": [-53.58408, 0, 0],
							"uv": {
								"north": {"uv": [20, 21], "uv_size": [1, 0.5]},
								"east": {"uv": [24, 19], "uv_size": [0.5, 0.5]},
								"south": {"uv": [21, 21], "uv_size": [1, 0.5]},
								"west": {"uv": [20, 24], "uv_size": [0.5, 0.5]},
								"down": {"uv": [0, 22.5], "uv_size": [1, -0.5]}
							}
						},
						{
							"origin": [-0.45, 7.04906, 6.36744],
							"size": [0.9, 0.15063, 0.1125],
							"pivot": [0.45, 7.04906, 6.47994],
							"rotation": [-45, 0, 0],
							"uv": {
								"north": {"uv": [1, 22], "uv_size": [1, 0.5]},
								"east": {"uv": [24, 20], "uv_size": [0.5, 0.5]},
								"south": {"uv": [22, 3], "uv_size": [1, 0.5]},
								"west": {"uv": [21, 24], "uv_size": [0.5, 0.5]}
							}
						},
						{
							"origin": [-0.45, 7.15557, 6.47396],
							"size": [0.9, 0.21314, 0.1125],
							"pivot": [0.45, 7.15557, 6.58646],
							"rotation": [15, 0, 0],
							"uv": {
								"north": {"uv": [4, 22], "uv_size": [1, 0.5]},
								"east": {"uv": [24, 21], "uv_size": [0.5, 0.5]},
								"south": {"uv": [22, 4], "uv_size": [1, 0.5]},
								"west": {"uv": [22, 24], "uv_size": [0.5, 0.5]}
							}
						},
						{
							"origin": [-0.0875, 6.94307, 6.64896],
							"size": [0.175, 0.36314, 0.25],
							"pivot": [0, 7.15589, 6.73646],
							"rotation": [-12.5, 0, 0],
							"uv": {
								"east": {"uv": [24, 22], "uv_size": [0.5, 0.5]},
								"south": {"uv": [23, 24], "uv_size": [0.5, 0.5]},
								"west": {"uv": [24, 23], "uv_size": [0.5, 0.5]},
								"down": {"uv": [24, 24.5], "uv_size": [0.5, -0.5]}
							}
						},
						{
							"origin": [-0.0875, 6.96706, 6.60497],
							"size": [0.175, 0.36313, 0.25],
							"pivot": [0.0875, 6.96706, 6.60497],
							"rotation": [3, 0, 0],
							"uv": {
								"north": {"uv": [0, 25], "uv_size": [0.5, 0.5]},
								"east": {"uv": [25, 0], "uv_size": [0.5, 0.5]},
								"west": {"uv": [1, 25], "uv_size": [0.5, 0.5]}
							}
						},
						{
							"origin": [-0.45, 6.11106, 5.32411],
							"size": [0.075, 0.95, 0.1625],
							"pivot": [-0.45, 6.11106, 5.32411],
							"rotation": [-6.5, 0, 0],
							"uv": {
								"north": {"uv": [5, 22], "uv_size": [0.5, 1]},
								"east": {"uv": [22, 5], "uv_size": [0.5, 1]},
								"west": {"uv": [6, 22], "uv_size": [0.5, 1]}
							}
						},
						{
							"origin": [-0.45, 6.11106, 5.48661],
							"size": [0.075, 0.5625, 0.2],
							"pivot": [-0.45, 6.11106, 5.51161],
							"rotation": [5.5, 0, 0],
							"uv": {
								"north": {"uv": [25, 1], "uv_size": [0.5, 0.5]},
								"east": {"uv": [2, 25], "uv_size": [0.5, 0.5]},
								"west": {"uv": [25, 2], "uv_size": [0.5, 0.5]}
							}
						},
						{
							"origin": [-0.3375, 5.96301, 3.83679],
							"size": [0.675, 1.25, 0.725],
							"pivot": [0, 6.41926, 4.12429],
							"rotation": [7.5, 0, 0],
							"uv": {
								"east": {"uv": [7, 19], "uv_size": [0.5, 1.5]},
								"west": {"uv": [8, 19], "uv_size": [0.5, 1.5]}
							}
						},
						{
							"origin": [-0.3375, 5.93039, 3.8998],
							"size": [0.675, 0.09332, 1.44667],
							"inflate": 0.001,
							"uv": {
								"east": {"uv": [19, 8], "uv_size": [1.5, 0.5]},
								"south": {"uv": [3, 25], "uv_size": [0.5, 0.5]},
								"west": {"uv": [19, 9], "uv_size": [1.5, 0.5]},
								"down": {"uv": [19, 11.5], "uv_size": [0.5, -1.5]}
							}
						},
						{
							"origin": [0.2625, 5.93039, 3.3498],
							"size": [0.075, 0.16832, 0.548],
							"inflate": 0.001,
							"uv": {
								"east": {"uv": [25, 3], "uv_size": [0.5, 0.5]},
								"west": {"uv": [4, 25], "uv_size": [0.5, 0.5]},
								"down": {"uv": [25, 4.5], "uv_size": [0.5, -0.5]}
							}
						},
						{
							"origin": [0.2625, 5.93039, 3.3498],
							"size": [0.075, 0.15582, 0.6105],
							"inflate": 0.001,
							"pivot": [0.351, 5.92939, 3.3488],
							"rotation": [22.5, 0, 0],
							"uv": {
								"north": {"uv": [5, 25], "uv_size": [0.5, 0.5]},
								"east": {"uv": [25, 5], "uv_size": [0.5, 0.5]},
								"west": {"uv": [6, 25], "uv_size": [0.5, 0.5]},
								"up": {"uv": [25, 6], "uv_size": [0.5, 0.5]}
							}
						},
						{
							"origin": [0.2625, 5.90539, 3.7248],
							"size": [0.075, 0.13987, 0.22425],
							"inflate": 0.001,
							"pivot": [0.351, 5.92939, 3.3488],
							"rotation": [11.5, 0, 0],
							"uv": {
								"east": {"uv": [7, 25], "uv_size": [0.5, 0.5]},
								"west": {"uv": [25, 7], "uv_size": [0.5, 0.5]}
							}
						},
						{
							"origin": [-0.0625, 6.14289, 3.0373],
							"size": [0.125, 0.14332, 0.8605],
							"inflate": 0.001,
							"pivot": [0.076, 6.12939, 3.0363],
							"rotation": [37, 0, 0],
							"uv": {
								"east": {"uv": [22, 6], "uv_size": [1, 0.5]},
								"west": {"uv": [7, 22], "uv_size": [1, 0.5]},
								"up": {"uv": [22, 7], "uv_size": [0.5, 1]}
							}
						},
						{
							"origin": [-0.0625, 6.05539, 3.2248],
							"size": [0.125, 0.23082, 0.548],
							"inflate": 0.001,
							"pivot": [0.076, 6.12939, 3.0363],
							"rotation": [26, 0, 0],
							"uv": {
								"east": {"uv": [8, 25], "uv_size": [0.5, 0.5]},
								"west": {"uv": [25, 8], "uv_size": [0.5, 0.5]}
							}
						},
						{
							"origin": [-0.0625, 6.14037, 3.02978],
							"size": [0.125, 0.16832, 0.548],
							"inflate": 0.001,
							"pivot": [0.076, 6.13937, 3.02878],
							"rotation": [-25.5, 0, 0],
							"uv": {
								"east": {"uv": [9, 25], "uv_size": [0.5, 0.5]},
								"west": {"uv": [25, 9], "uv_size": [0.5, 0.5]},
								"down": {"uv": [10, 25.5], "uv_size": [0.5, -0.5]}
							}
						},
						{
							"origin": [-0.0625, 6.14037, 2.35478],
							"size": [0.125, 0.14332, 0.673],
							"inflate": 0.001,
							"uv": {
								"north": {"uv": [25, 10], "uv_size": [0.5, 0.5]},
								"east": {"uv": [11, 25], "uv_size": [0.5, 0.5]},
								"west": {"uv": [25, 11], "uv_size": [0.5, 0.5]},
								"up": {"uv": [12, 25], "uv_size": [0.5, 0.5]},
								"down": {"uv": [25, 12.5], "uv_size": [0.5, -0.5]}
							}
						},
						{
							"origin": [-0.0625, 5.887, 3.28703],
							"size": [0.125, 0.50114, 0.3105],
							"inflate": 0.001,
							"pivot": [0.0635, 6.05632, 3.59853],
							"rotation": [-25.5, 0, 0],
							"uv": {
								"east": {"uv": [13, 25], "uv_size": [0.5, 0.5]},
								"south": {"uv": [25, 13], "uv_size": [0.5, 0.5]},
								"west": {"uv": [14, 25], "uv_size": [0.5, 0.5]}
							}
						},
						{
							"origin": [-0.3375, 5.93039, 3.3498],
							"size": [0.075, 0.15582, 0.6105],
							"inflate": 0.001,
							"pivot": [-0.351, 5.92939, 3.3488],
							"rotation": [22.5, 0, 0],
							"uv": {
								"north": {"uv": [25, 14], "uv_size": [0.5, 0.5]},
								"east": {"uv": [15, 25], "uv_size": [0.5, 0.5]},
								"west": {"uv": [25, 15], "uv_size": [0.5, 0.5]},
								"up": {"uv": [16, 25], "uv_size": [0.5, 0.5]}
							}
						},
						{
							"origin": [-0.3375, 5.90539, 3.7248],
							"size": [0.075, 0.13987, 0.22425],
							"inflate": 0.001,
							"pivot": [-0.351, 5.92939, 3.3488],
							"rotation": [11.5, 0, 0],
							"uv": {
								"east": {"uv": [25, 16], "uv_size": [0.5, 0.5]},
								"west": {"uv": [17, 25], "uv_size": [0.5, 0.5]}
							}
						},
						{
							"origin": [-0.3375, 5.93039, 3.3498],
							"size": [0.075, 0.16832, 0.548],
							"inflate": 0.001,
							"uv": {
								"east": {"uv": [25, 17], "uv_size": [0.5, 0.5]},
								"west": {"uv": [18, 25], "uv_size": [0.5, 0.5]},
								"down": {"uv": [25, 18.5], "uv_size": [0.5, -0.5]}
							}
						},
						{
							"origin": [-0.5375, 7.2, 3.45],
							"size": [1.075, 0.8, 2],
							"uv": {
								"north": {"uv": [17, 11], "uv_size": [1, 1]},
								"east": {"uv": [13, 10], "uv_size": [2, 1]},
								"south": {"uv": [12, 17], "uv_size": [1, 1]},
								"west": {"uv": [13, 11], "uv_size": [2, 1]}
							}
						},
						{
							"origin": [-0.5375, 7.075, 3.45],
							"size": [0.075, 0.125, 2],
							"pivot": [-0.5375, 7.2, 5.45],
							"rotation": [0, 0, -45],
							"uv": {
								"north": {"uv": [19, 25], "uv_size": [0.5, 0.5]},
								"east": {"uv": [17, 12], "uv_size": [2, 0.5]},
								"south": {"uv": [25, 19], "uv_size": [0.5, 0.5]}
							}
						},
						{
							"origin": [-0.44911, 6.99911, 3.45],
							"size": [0.075, 0.1125, 2],
							"pivot": [-0.44911, 7.11161, 5.45],
							"rotation": [0, 0, -90],
							"uv": {
								"north": {"uv": [20, 25], "uv_size": [0.5, 0.5]},
								"east": {"uv": [17, 13], "uv_size": [2, 0.5]},
								"south": {"uv": [25, 20], "uv_size": [0.5, 0.5]},
								"down": {"uv": [15, 19], "uv_size": [0.5, -2]}
							}
						},
						{
							"origin": [0.4625, 7.075, 3.45],
							"size": [0.075, 0.125, 2],
							"pivot": [0.5375, 7.2, 5.45],
							"rotation": [0, 0, 45],
							"uv": {
								"north": {"uv": [21, 25], "uv_size": [0.5, 0.5]},
								"south": {"uv": [25, 21], "uv_size": [0.5, 0.5]},
								"west": {"uv": [17, 15], "uv_size": [2, 0.5]}
							}
						},
						{
							"origin": [0.37411, 6.99911, 3.45],
							"size": [0.075, 0.1125, 2],
							"pivot": [0.44911, 7.11161, 5.45],
							"rotation": [0, 0, 90],
							"uv": {
								"north": {"uv": [22, 25], "uv_size": [0.5, 0.5]},
								"south": {"uv": [25, 22], "uv_size": [0.5, 0.5]},
								"west": {"uv": [16, 17], "uv_size": [2, 0.5]},
								"down": {"uv": [18, 2], "uv_size": [0.5, -2]}
							}
						},
						{
							"origin": [-0.625, 7.525, 3.625],
							"size": [1.25, 0.25, 0.25],
							"pivot": [0, 7.525, 3.625],
							"rotation": [-45, 0, 0],
							"uv": {
								"north": {"uv": [19, 12], "uv_size": [1.5, 0.5]},
								"east": {"uv": [23, 25], "uv_size": [0.5, 0.5]},
								"south": {"uv": [19, 13], "uv_size": [1.5, 0.5]},
								"west": {"uv": [25, 23], "uv_size": [0.5, 0.5]},
								"up": {"uv": [19, 14], "uv_size": [1.5, 0.5]},
								"down": {"uv": [15, 19.5], "uv_size": [1.5, -0.5]}
							}
						},
						{
							"origin": [-0.625, 7.525, 4.875],
							"size": [1.25, 0.25, 0.25],
							"pivot": [0, 7.525, 4.875],
							"rotation": [-45, 0, 0],
							"uv": {
								"north": {"uv": [19, 15], "uv_size": [1.5, 0.5]},
								"east": {"uv": [24, 25], "uv_size": [0.5, 0.5]},
								"south": {"uv": [17, 19], "uv_size": [1.5, 0.5]},
								"west": {"uv": [25, 24], "uv_size": [0.5, 0.5]},
								"up": {"uv": [19, 17], "uv_size": [1.5, 0.5]},
								"down": {"uv": [19, 18.5], "uv_size": [1.5, -0.5]}
							}
						},
						{
							"origin": [-0.375, 6.0375, 3.375],
							"size": [0.75, 0.125, 0.125],
							"pivot": [0, 6.0375, 3.375],
							"rotation": [-45, 0, 0],
							"uv": {
								"north": {"uv": [8, 22], "uv_size": [1, 0.5]},
								"east": {"uv": [25, 25], "uv_size": [0.5, 0.5]},
								"south": {"uv": [22, 8], "uv_size": [1, 0.5]},
								"west": {"uv": [0, 26], "uv_size": [0.5, 0.5]},
								"up": {"uv": [9, 22], "uv_size": [1, 0.5]},
								"down": {"uv": [22, 9.5], "uv_size": [1, -0.5]}
							}
						}
					]
				},
				{
					"name": "barrel",
					"parent": "gun",
					"pivot": [0, 8, 0]
				},
				{
					"name": "decagon1",
					"parent": "barrel",
					"pivot": [0, 8, 0],
					"cubes": [
						{
							"origin": [-0.26807, 7.175, 6.0625],
							"size": [0.18611, 1.64999, 1.6],
							"uv": {
								"up": {"uv": [19, 19], "uv_size": [0.5, 1.5]}
							}
						},
						{
							"origin": [0.08196, 7.175, 6.0625],
							"size": [0.18611, 1.64999, 1.6],
							"uv": {
								"up": {"uv": [19, 19], "uv_size": [0.5, 1.5]}
							}
						},
						{
							"origin": [0.08196, 8.55, 7.3875],
							"size": [0.18608, 0.275, 0.275],
							"pivot": [0.08196, 8.825, 7.6625],
							"rotation": [0, 22.5, 0],
							"uv": {
								"east": {"uv": [3, 2], "uv_size": [0.5, 0.5]},
								"up": {"uv": [3, 3], "uv_size": [0.5, 0.5]}
							}
						},
						{
							"origin": [-0.26804, 8.55, 7.3875],
							"size": [0.18608, 0.275, 0.275],
							"pivot": [-0.08196, 8.825, 7.6625],
							"rotation": [0, -22.5, 0],
							"uv": {
								"west": {"uv": [3.5, 2], "uv_size": [-0.5, 0.5]},
								"up": {"uv": [3.5, 3], "uv_size": [-0.5, 0.5]}
							}
						},
						{
							"origin": [-0.09304, 7.175, 6.0625],
							"size": [0.18608, 1.65, 1.3625],
							"uv": {
								"up": {"uv": [19, 19.225], "uv_size": [0.5, 1.275]}
							}
						},
						{
							"origin": [-0.26804, 8.1875, 6.0625],
							"size": [0.53608, 0.6375, 0.35],
							"pivot": [0.26804, 8.825, 6.0625],
							"rotation": [-67.62854, 0, 0],
							"uv": {
								"north": {"uv": [26, 0], "uv_size": [0.5, 0.5]},
								"down": {"uv": [1, 26.5], "uv_size": [0.5, -0.5]}
							}
						},
						{
							"origin": [-0.04304, 8.09998, 6.0625],
							"size": [0.31108, 0.72502, 1.6],
							"pivot": [0.26804, 8.825, 6.0625],
							"rotation": [-65.07808, -25.41271, -11.27674],
							"uv": {
								"north": {"uv": [26, 1], "uv_size": [0.5, 0.5]}
							}
						},
						{
							"origin": [-0.26804, 8.09998, 6.0625],
							"size": [0.31108, 0.72502, 1.6],
							"pivot": [-0.26804, 8.825, 6.0625],
							"rotation": [-65.07808, 25.41271, 11.27674],
							"uv": {
								"north": {"uv": [2, 26], "uv_size": [0.5, 0.5]}
							}
						},
						{
							"origin": [-0.03646, 8.09998, 2.8125],
							"size": [0.3045, 0.72502, 0.6],
							"pivot": [0.26804, 8.825, 3.4125],
							"rotation": [65.07808, 25.41271, -11.27674],
							"uv": {
								"east": {"uv": [26, 2], "uv_size": [0.5, 0.5]},
								"south": {"uv": [3, 26], "uv_size": [0.5, 0.5]}
							}
						},
						{
							"origin": [-0.26804, 8.09998, 2.8125],
							"size": [0.3045, 0.72502, 0.6],
							"pivot": [-0.26804, 8.825, 3.4125],
							"rotation": [65.07808, -25.41271, 11.27674],
							"uv": {
								"south": {"uv": [26, 3], "uv_size": [0.5, 0.5]},
								"west": {"uv": [4, 26], "uv_size": [0.5, 0.5]}
							}
						},
						{
							"origin": [-0.26804, 8.425, 1.8125],
							"size": [0.53608, 0.4, 1.6],
							"pivot": [0.26804, 8.825, 3.4125],
							"rotation": [67.62854, 0, 0],
							"uv": {
								"south": {"uv": [26, 4], "uv_size": [0.5, 0.5]},
								"down": {"uv": [0, 21.5], "uv_size": [0.5, -1.5]}
							}
						},
						{
							"origin": [-0.26804, 7.175, -8.7625],
							"size": [0.53608, 0.475, 16.425],
							"pivot": [0, 8, 0],
							"rotation": [0, 0, -108],
							"uv": {
								"north": {"uv": [5, 26], "uv_size": [0.5, 0.5]},
								"down": {"uv": [0, 16.5], "uv_size": [0.5, -16.5]}
							}
						},
						{
							"origin": [-0.26804, 7.175, 6.0625],
							"size": [0.53608, 1.65, 1.6],
							"pivot": [0, 8, 0],
							"rotation": [0, 0, -144],
							"uv": {
								"down": {"uv": [1, 21.5], "uv_size": [0.5, -1.5]}
							}
						},
						{
							"origin": [-0.26804, 7.175, 6.6375],
							"size": [0.53608, 0.4, 1.025],
							"uv": {
								"north": {"uv": [26, 5], "uv_size": [0.5, 0.5]},
								"down": {"uv": [10, 23], "uv_size": [0.5, -1]}
							}
						},
						{
							"origin": [-0.03054, 7.175, 5.8],
							"size": [0.29858, 0.4, 0.8375],
							"pivot": [0, 8, 0],
							"rotation": [0, 0, -36],
							"uv": {
								"north": {"uv": [6, 26], "uv_size": [0.5, 0.5]},
								"down": {"uv": [22, 11], "uv_size": [0.5, -1]}
							}
						},
						{
							"origin": [-0.26804, 7.175, 6.6375],
							"size": [0.53608, 0.4, 1.025],
							"pivot": [0, 8, 0],
							"rotation": [0, 0, -36],
							"uv": {
								"north": {"uv": [7, 26], "uv_size": [0.5, 0.5]},
								"down": {"uv": [22, 12], "uv_size": [0.5, -1]}
							}
						},
						{
							"origin": [0.12107, 8.82499, 5.3375],
							"size": [0.147, 0.525, 0.725],
							"pivot": [0.26807, 8.82499, 6.0625],
							"rotation": [0, 35, -144],
							"uv": {
								"down": {"uv": [8, 26.5], "uv_size": [0.5, -0.5]}
							}
						},
						{
							"origin": [-0.04713, 7.12859, 5.72008],
							"size": [0.2345, 1.65, 0.45],
							"pivot": [0.06387, 7.95359, 5.94508],
							"rotation": [0, 21.5, -144],
							"uv": {
								"down": {"uv": [26, 8.5], "uv_size": [0.5, -0.5]}
							}
						},
						{
							"origin": [0.12107, 8.82499, 3.4125],
							"size": [0.147, 0.525, 0.725],
							"pivot": [0.26807, 8.82499, 3.4125],
							"rotation": [0, -35, -144],
							"uv": {
								"down": {"uv": [10, 26.5], "uv_size": [0.5, -0.5]}
							}
						},
						{
							"origin": [-0.04713, 7.12859, 3.30492],
							"size": [0.2345, 1.65, 0.45],
							"pivot": [0.06387, 7.95359, 3.52992],
							"rotation": [0, -21.5, -144],
							"uv": {
								"down": {"uv": [26, 10.5], "uv_size": [0.5, -0.5]}
							}
						},
						{
							"origin": [-0.26804, 7.175, 3.3875],
							"size": [0.12358, 1.65, 2.675],
							"pivot": [0, 8, -1.6],
							"rotation": [0, 0, -144],
							"uv": {
								"down": {"uv": [16, 9.5], "uv_size": [0.5, -2.5]}
							}
						},
						{
							"origin": [0.25929, 7.41747, 3.85],
							"size": [0.3425, 0.97003, 1.625],
							"pivot": [0, 8, -1.6],
							"rotation": [0, 0, -180],
							"uv": {
								"east": {"uv": [15, 10], "uv_size": [1.5, 1]},
								"down": {"uv": [20, 3.5], "uv_size": [0.5, -1.5]}
							}
						},
						{
							"origin": [-0.60179, 7.41747, 3.85],
							"size": [0.3425, 0.97003, 1.625],
							"pivot": [0, 8, -1.6],
							"rotation": [0, 0, 180],
							"uv": {
								"west": {"uv": [15, 11], "uv_size": [1.5, 1]},
								"down": {"uv": [4, 21.5], "uv_size": [0.5, -1.5]}
							}
						},
						{
							"origin": [0.25929, 7.6125, 5.35],
							"size": [0.3425, 0.97003, 0.5],
							"pivot": [0.43054, 8.09751, 5.3875],
							"rotation": [0, 45, 180],
							"uv": {
								"west": {"uv": [22, 12], "uv_size": [0.5, 1]},
								"down": {"uv": [12, 26.5], "uv_size": [0.5, -0.5]}
							}
						},
						{
							"origin": [-0.60179, 7.6125, 5.35],
							"size": [0.3425, 0.97003, 0.5],
							"pivot": [-0.43054, 8.09751, 5.3875],
							"rotation": [0, -45, -180],
							"uv": {
								"east": {"uv": [13, 22], "uv_size": [0.5, 1]},
								"down": {"uv": [26, 12.5], "uv_size": [0.5, -0.5]}
							}
						},
						{
							"origin": [-0.26807, 8.35, -8.7625],
							"size": [0.53614, 0.47499, 12.175],
							"uv": {
								"north": {"uv": [26, 13], "uv_size": [0.5, 0.5]},
								"up": {"uv": [4, 0], "uv_size": [0.5, 11.5625]}
							}
						},
						{
							"origin": [-0.26804, 7.175, -8.7625],
							"size": [0.53608, 0.475, 11.9625],
							"pivot": [0, 8, 0],
							"rotation": [0, 0, -36],
							"uv": {
								"north": {"uv": [26, 14], "uv_size": [0.5, 0.5]},
								"south": {"uv": [15, 26], "uv_size": [0.5, 0.5]},
								"down": {"uv": [7, 12], "uv_size": [0.5, -12]}
							}
						},
						{
							"origin": [-0.26807, 7.17501, -8.7625],
							"size": [0.53614, 0.47499, 11.9625],
							"uv": {
								"north": {"uv": [26, 15], "uv_size": [0.5, 0.5]},
								"south": {"uv": [16, 26], "uv_size": [0.5, 0.5]},
								"up": {"uv": [8, 0], "uv_size": [0.5, 12]},
								"down": {"uv": [9, 12], "uv_size": [0.5, -12]}
							}
						},
						{
							"origin": [-0.26804, 7.175, 5.8],
							"size": [0.53608, 1.65, 1.8625],
							"pivot": [0, 8, 0],
							"rotation": [0, 0, -72],
							"uv": {
								"north": {"uv": [20, 4], "uv_size": [0.5, 1.5]},
								"down": {"uv": [18, 4], "uv_size": [0.5, -2]}
							}
						},
						{
							"origin": [0.78929, 7.49014, 5.8875],
							"size": [0.36109, 0.4, 0.1875],
							"pivot": [0.70179, 7.49014, 5.8],
							"rotation": [0, 45, -72],
							"uv": {
								"north": {"uv": [26, 17], "uv_size": [0.5, 0.5]},
								"down": {"uv": [18, 26.5], "uv_size": [0.5, -0.5]}
							}
						},
						{
							"origin": [0.78929, 7.49014, 2.925],
							"size": [0.36109, 0.4, 0.1875],
							"pivot": [0.70179, 7.49014, 3.2],
							"rotation": [0, -45, -72],
							"uv": {
								"south": {"uv": [26, 18], "uv_size": [0.5, 0.5]},
								"down": {"uv": [19, 26.5], "uv_size": [0.5, -0.5]}
							}
						},
						{
							"origin": [0.10696, 7.175, 3.2],
							"size": [0.16108, 0.4, 2.6],
							"pivot": [0, 8, 0],
							"rotation": [0, 0, -72],
							"uv": {
								"east": {"uv": [16, 14], "uv_size": [2.5, 0.5]},
								"down": {"uv": [8, 18.5], "uv_size": [0.5, -2.5]}
							}
						},
						{
							"origin": [-0.26807, 7.17501, -8.7625],
							"size": [0.53614, 0.47499, 11.9625],
							"pivot": [0, 8, 0],
							"rotation": [0, 0, -72],
							"uv": {
								"north": {"uv": [26, 19], "uv_size": [0.5, 0.5]},
								"south": {"uv": [20, 26], "uv_size": [0.5, 0.5]},
								"up": {"uv": [11, 0], "uv_size": [0.5, 12]},
								"down": {"uv": [12, 12], "uv_size": [0.5, -12]}
							}
						},
						{
							"origin": [-0.26804, 7.175, 6.0625],
							"size": [0.53608, 1.65, 1.6],
							"pivot": [0, 8, 0],
							"rotation": [0, 0, 144],
							"uv": {
								"down": {"uv": [1.5, 21.5], "uv_size": [-0.5, -1.5]}
							}
						},
						{
							"origin": [-0.26807, 8.82499, 5.3375],
							"size": [0.147, 0.525, 0.725],
							"pivot": [-0.26807, 8.82499, 6.0625],
							"rotation": [0, -35, 144],
							"uv": {
								"down": {"uv": [8.5, 26.5], "uv_size": [-0.5, -0.5]}
							}
						},
						{
							"origin": [-0.18737, 7.12859, 5.72008],
							"size": [0.2345, 1.65, 0.45],
							"pivot": [-0.06387, 7.95359, 5.94508],
							"rotation": [0, -21.5, 144],
							"uv": {
								"down": {"uv": [26.5, 8.5], "uv_size": [-0.5, -0.5]}
							}
						},
						{
							"origin": [0.14446, 7.175, 3.3875],
							"size": [0.12358, 1.65, 2.675],
							"pivot": [0, 8, -1.6],
							"rotation": [0, 0, 144],
							"uv": {
								"down": {"uv": [16.5, 9.5], "uv_size": [-0.5, -2.5]}
							}
						},
						{
							"origin": [-0.26804, 7.175, -8.7625],
							"size": [0.53608, 0.475, 12.175],
							"pivot": [0, 8, 0],
							"rotation": [0, 0, 144],
							"uv": {
								"north": {"uv": [14.5, 26], "uv_size": [-0.5, 0.5]},
								"up": {"uv": [5.5, 0], "uv_size": [-0.5, 12]},
								"down": {"uv": [6.5, 11.5625], "uv_size": [-0.5, -11.5625]}
							}
						},
						{
							"origin": [-0.26804, 7.175, -8.7625],
							"size": [0.53608, 0.475, 12.175],
							"pivot": [0, 8, 0],
							"rotation": [0, 0, -144],
							"uv": {
								"north": {"uv": [14, 26], "uv_size": [0.5, 0.5]},
								"up": {"uv": [5, 0], "uv_size": [0.5, 12]},
								"down": {"uv": [6, 11.5625], "uv_size": [0.5, -11.5625]}
							}
						},
						{
							"origin": [-0.18737, 7.12859, 3.30492],
							"size": [0.2345, 1.65, 0.45],
							"pivot": [-0.06387, 7.95359, 3.52992],
							"rotation": [0, 21.5, 144],
							"uv": {
								"down": {"uv": [26.5, 10.5], "uv_size": [-0.5, -0.5]}
							}
						},
						{
							"origin": [-0.26807, 8.82499, 3.4125],
							"size": [0.147, 0.525, 0.725],
							"pivot": [-0.26807, 8.82499, 3.4125],
							"rotation": [0, 35, 144],
							"uv": {
								"down": {"uv": [10.5, 26.5], "uv_size": [-0.5, -0.5]}
							}
						},
						{
							"origin": [-0.26804, 7.175, -8.7625],
							"size": [0.53608, 0.475, 16.425],
							"pivot": [0, 8, 0],
							"rotation": [0, 0, 108],
							"uv": {
								"north": {"uv": [5.5, 26], "uv_size": [-0.5, 0.5]},
								"down": {"uv": [0.5, 16.5], "uv_size": [-0.5, -16.5]}
							}
						},
						{
							"origin": [-0.26804, 7.175, 5.8],
							"size": [0.53608, 1.65, 1.8625],
							"pivot": [0, 8, 0],
							"rotation": [0, 0, 72],
							"uv": {
								"north": {"uv": [20.5, 4], "uv_size": [-0.5, 1.5]},
								"down": {"uv": [18.5, 4], "uv_size": [-0.5, -2]}
							}
						},
						{
							"origin": [-1.15038, 7.49014, 5.8875],
							"size": [0.36109, 0.4, 0.1875],
							"pivot": [-0.70179, 7.49014, 5.8],
							"rotation": [0, -45, 72],
							"uv": {
								"north": {"uv": [26.5, 17], "uv_size": [-0.5, 0.5]},
								"down": {"uv": [18.5, 26.5], "uv_size": [-0.5, -0.5]}
							}
						},
						{
							"origin": [-1.15038, 7.49014, 2.925],
							"size": [0.36109, 0.4, 0.1875],
							"pivot": [-0.70179, 7.49014, 3.2],
							"rotation": [0, 45, 72],
							"uv": {
								"south": {"uv": [26.5, 18], "uv_size": [-0.5, 0.5]},
								"down": {"uv": [19.5, 26.5], "uv_size": [-0.5, -0.5]}
							}
						},
						{
							"origin": [-0.26804, 7.175, 3.2],
							"size": [0.16108, 0.4, 2.6],
							"pivot": [0, 8, 0],
							"rotation": [0, 0, 72],
							"uv": {
								"west": {"uv": [18.5, 14], "uv_size": [-2.5, 0.5]},
								"down": {"uv": [8.5, 18.5], "uv_size": [-0.5, -2.5]}
							}
						},
						{
							"origin": [-0.26804, 7.175, -8.7625],
							"size": [0.53608, 0.475, 11.9625],
							"pivot": [0, 8, 0],
							"rotation": [0, 0, 72],
							"uv": {
								"north": {"uv": [26.5, 19], "uv_size": [-0.5, 0.5]},
								"south": {"uv": [20.5, 26], "uv_size": [-0.5, 0.5]},
								"up": {"uv": [11.5, 0], "uv_size": [-0.5, 12]},
								"down": {"uv": [12.5, 12], "uv_size": [-0.5, -12]}
							}
						},
						{
							"origin": [-0.26804, 7.175, 5.8],
							"size": [0.29858, 0.4, 0.8375],
							"pivot": [0, 8, 0],
							"rotation": [0, 0, 36],
							"uv": {
								"north": {"uv": [6.5, 26], "uv_size": [-0.5, 0.5]},
								"down": {"uv": [22.5, 11], "uv_size": [-0.5, -1]}
							}
						},
						{
							"origin": [-0.26804, 7.175, 6.6375],
							"size": [0.53608, 0.4, 1.025],
							"pivot": [0, 8, 0],
							"rotation": [0, 0, 36],
							"uv": {
								"north": {"uv": [7.5, 26], "uv_size": [-0.5, 0.5]},
								"down": {"uv": [22.5, 12], "uv_size": [-0.5, -1]}
							}
						},
						{
							"origin": [-0.26804, 7.175, -8.7625],
							"size": [0.53608, 0.475, 11.9625],
							"pivot": [0, 8, 0],
							"rotation": [0, 0, 36],
							"uv": {
								"north": {"uv": [26.5, 14], "uv_size": [-0.5, 0.5]},
								"south": {"uv": [15.5, 26], "uv_size": [-0.5, 0.5]},
								"down": {"uv": [7.5, 12], "uv_size": [-0.5, -12]}
							}
						}
					]
				},
				{
					"name": "decagon2",
					"parent": "barrel",
					"pivot": [0, 8, 7.825],
					"cubes": [
						{
							"origin": [-0.24124, 7.2575, 7.3875],
							"size": [0.48248, 1.485, 0.4375],
							"uv": {
								"south": {"uv": [2, 4], "uv_size": [0.5, 1.5]},
								"up": {"uv": [1, 5], "uv_size": [0.5, 0.5]}
							}
						},
						{
							"origin": [-0.24124, 7.2575, 7.7],
							"size": [0.48248, 1.485, 0.125],
							"pivot": [0, 8, 7.79125],
							"rotation": [0, 0, -36],
							"uv": {
								"south": {"uv": [10, 20], "uv_size": [0.5, 1.5]}
							}
						},
						{
							"origin": [-0.24124, 7.2575, 7.7],
							"size": [0.48248, 1.485, 0.125],
							"pivot": [0, 8, 7.79125],
							"rotation": [0, 0, -108],
							"uv": {
								"south": {"uv": [20, 10], "uv_size": [0.5, 1.5]}
							}
						},
						{
							"origin": [-0.24124, 7.2575, 7.7],
							"size": [0.48248, 1.485, 0.125],
							"pivot": [0, 8, 7.7625],
							"rotation": [0, 0, -144],
							"uv": {
								"south": {"uv": [11, 20], "uv_size": [0.5, 1.5]}
							}
						},
						{
							"origin": [-0.24124, 7.2575, 7.7],
							"size": [0.48248, 1.485, 0.125],
							"pivot": [0, 8, 7.79125],
							"rotation": [0, 0, -72],
							"uv": {
								"south": {"uv": [12, 20], "uv_size": [0.5, 1.5]}
							}
						}
					]
				},
				{
					"name": "group",
					"parent": "decagon2",
					"pivot": [0, 8, 7.7625],
					"cubes": [
						{
							"origin": [0.08196, 8.7425, 7.7],
							"size": [0.1593, 0.18224, 0.125],
							"pivot": [-0.24124, 8.7425, 7.825],
							"rotation": [63.08346, 0, 0],
							"uv": {
								"east": {"uv": [3, 5], "uv_size": [0.5, 0.5]},
								"south": {"uv": [1, 0], "uv_size": [0.5, 0.5]}
							}
						},
						{
							"origin": [-0.24126, 8.7425, 7.7],
							"size": [0.1593, 0.18224, 0.125],
							"pivot": [0.24124, 8.7425, 7.825],
							"rotation": [63.08346, 0, 0],
							"uv": {
								"south": {"uv": [1, 0], "uv_size": [0.5, 0.5]},
								"west": {"uv": [3, 4], "uv_size": [0.5, 0.5]}
							}
						},
						{
							"origin": [-0.24124, 8.7425, 7.7],
							"size": [0.02652, 0.1803, 0.125],
							"pivot": [-0.24124, 8.7425, 7.825],
							"rotation": [62.8352, 7.45516, -3.80923],
							"uv": {
								"south": {"uv": [26, 24], "uv_size": [0.5, 0.5]}
							}
						},
						{
							"origin": [0.21472, 8.7425, 7.7],
							"size": [0.02652, 0.1803, 0.125],
							"pivot": [0.24124, 8.7425, 7.825],
							"rotation": [62.8352, -7.45516, 3.80923],
							"uv": {
								"south": {"uv": [25, 26], "uv_size": [0.5, 0.5]}
							}
						},
						{
							"origin": [0.24126, 8.74249, 7.7],
							"size": [0.48251, 0.18224, 0.125],
							"pivot": [0.24126, 8.74249, 7.825],
							"rotation": [63.0835, 0, 36],
							"uv": {
								"south": {"uv": [26, 25], "uv_size": [0.5, 0.5]}
							}
						},
						{
							"origin": [0.24126, 8.74249, 7.7],
							"size": [0.02652, 0.1803, 0.125],
							"pivot": [0.24126, 8.74249, 7.825],
							"rotation": [62.8352, 7.4552, 32.1908],
							"uv": {
								"south": {"uv": [26, 26], "uv_size": [0.5, 0.5]}
							}
						},
						{
							"origin": [0.60508, 8.4589, 7.7],
							"size": [0.02652, 0.1803, 0.125],
							"pivot": [0.6316, 8.4589, 7.825],
							"rotation": [62.8352, -7.4552, 39.8092],
							"uv": {
								"south": {"uv": [0, 27], "uv_size": [0.5, 0.5]}
							}
						},
						{
							"origin": [-0.78071, 8.00001, 7.7],
							"size": [0.48251, 0.18225, 0.125],
							"pivot": [-0.78071, 8.00001, 7.825],
							"rotation": [63.0835, 0, -72],
							"uv": {
								"south": {"uv": [27, 0], "uv_size": [0.5, 0.5]}
							}
						},
						{
							"origin": [-0.78071, 8.00001, 7.7],
							"size": [0.02652, 0.18031, 0.125],
							"pivot": [-0.78071, 8.00001, 7.825],
							"rotation": [62.8352, 7.4552, -75.8092],
							"uv": {
								"south": {"uv": [1, 27], "uv_size": [0.5, 0.5]}
							}
						},
						{
							"origin": [-0.65813, 8.45888, 7.7],
							"size": [0.02652, 0.1803, 0.125],
							"pivot": [-0.63161, 8.45888, 7.825],
							"rotation": [62.8352, -7.4552, -68.1908],
							"uv": {
								"south": {"uv": [27, 1], "uv_size": [0.5, 0.5]}
							}
						},
						{
							"origin": [-0.6316, 8.4589, 7.7],
							"size": [0.48251, 0.18224, 0.125],
							"pivot": [-0.6316, 8.4589, 7.825],
							"rotation": [63.0835, 0, -36],
							"uv": {
								"south": {"uv": [2, 27], "uv_size": [0.5, 0.5]}
							}
						},
						{
							"origin": [-0.6316, 8.4589, 7.7],
							"size": [0.02652, 0.1803, 0.125],
							"pivot": [-0.6316, 8.4589, 7.825],
							"rotation": [62.8352, 7.4552, -39.8092],
							"uv": {
								"south": {"uv": [27, 2], "uv_size": [0.5, 0.5]}
							}
						},
						{
							"origin": [-0.26778, 8.74249, 7.7],
							"size": [0.02652, 0.1803, 0.125],
							"pivot": [-0.24126, 8.74249, 7.825],
							"rotation": [62.8352, -7.4552, -32.1908],
							"uv": {
								"south": {"uv": [3, 27], "uv_size": [0.5, 0.5]}
							}
						},
						{
							"origin": [0.6316, 7.5411, 7.7],
							"size": [0.4825, 0.18224, 0.125],
							"pivot": [0.6316, 7.5411, 7.825],
							"rotation": [63.0835, 0, 144],
							"uv": {
								"south": {"uv": [27, 3], "uv_size": [0.5, 0.5]}
							}
						},
						{
							"origin": [0.6316, 7.5411, 7.7],
							"size": [0.02652, 0.1803, 0.125],
							"pivot": [0.6316, 7.5411, 7.825],
							"rotation": [62.8352, 7.4552, 140.1908],
							"uv": {
								"south": {"uv": [4, 27], "uv_size": [0.5, 0.5]}
							}
						},
						{
							"origin": [0.21475, 7.25751, 7.7],
							"size": [0.02651, 0.1803, 0.125],
							"pivot": [0.24126, 7.25751, 7.825],
							"rotation": [62.8352, -7.4552, 147.8092],
							"uv": {
								"south": {"uv": [27, 4], "uv_size": [0.5, 0.5]}
							}
						},
						{
							"origin": [0.24124, 7.2575, 7.7],
							"size": [0.4825, 0.18224, 0.125],
							"pivot": [0.24124, 7.2575, 7.825],
							"rotation": [63.0835, 0, 180],
							"uv": {
								"south": {"uv": [5, 27], "uv_size": [0.5, 0.5]}
							}
						},
						{
							"origin": [0.24124, 7.2575, 7.7],
							"size": [0.02652, 0.1803, 0.125],
							"pivot": [0.24124, 7.2575, 7.825],
							"rotation": [62.8352, 7.4552, 176.1908],
							"uv": {
								"south": {"uv": [27, 5], "uv_size": [0.5, 0.5]}
							}
						},
						{
							"origin": [-0.26776, 7.2575, 7.7],
							"size": [0.02652, 0.1803, 0.125],
							"pivot": [-0.24124, 7.2575, 7.825],
							"rotation": [62.8352, -7.4552, -176.1908],
							"uv": {
								"south": {"uv": [6, 27], "uv_size": [0.5, 0.5]}
							}
						},
						{
							"origin": [0.63161, 8.45888, 7.7],
							"size": [0.48251, 0.18224, 0.125],
							"pivot": [0.63161, 8.45888, 7.825],
							"rotation": [63.0835, 0, 72],
							"uv": {
								"south": {"uv": [27, 6], "uv_size": [0.5, 0.5]}
							}
						},
						{
							"origin": [0.63161, 8.45888, 7.7],
							"size": [0.02652, 0.1803, 0.125],
							"pivot": [0.63161, 8.45888, 7.825],
							"rotation": [62.8352, 7.4552, 68.1908],
							"uv": {
								"south": {"uv": [7, 27], "uv_size": [0.5, 0.5]}
							}
						},
						{
							"origin": [0.75419, 8.00001, 7.7],
							"size": [0.02652, 0.18031, 0.125],
							"pivot": [0.78071, 8.00001, 7.825],
							"rotation": [62.8352, -7.4552, 75.8092],
							"uv": {
								"south": {"uv": [27, 7], "uv_size": [0.5, 0.5]}
							}
						},
						{
							"origin": [0.78071, 7.99999, 7.7],
							"size": [0.4825, 0.18224, 0.125],
							"pivot": [0.78071, 7.99999, 7.825],
							"rotation": [63.0835, 0, 108],
							"uv": {
								"south": {"uv": [8, 27], "uv_size": [0.5, 0.5]}
							}
						},
						{
							"origin": [0.78071, 7.99999, 7.7],
							"size": [0.02652, 0.1803, 0.125],
							"pivot": [0.78071, 7.99999, 7.825],
							"rotation": [62.8352, 7.4552, 104.1908],
							"uv": {
								"south": {"uv": [27, 8], "uv_size": [0.5, 0.5]}
							}
						},
						{
							"origin": [0.60509, 7.54112, 7.7],
							"size": [0.02652, 0.18031, 0.125],
							"pivot": [0.63161, 7.54112, 7.825],
							"rotation": [62.8352, -7.4552, 111.8092],
							"uv": {
								"south": {"uv": [9, 27], "uv_size": [0.5, 0.5]}
							}
						},
						{
							"origin": [-1.1141, 7.5411, 7.7],
							"size": [0.4825, 0.18224, 0.125],
							"pivot": [-0.6316, 7.5411, 7.825],
							"rotation": [63.0835, 0, -144],
							"uv": {
								"south": {"uv": [27, 9], "uv_size": [0.5, 0.5]}
							}
						},
						{
							"origin": [-0.24126, 7.25751, 7.7],
							"size": [0.02651, 0.1803, 0.125],
							"pivot": [-0.24126, 7.25751, 7.825],
							"rotation": [62.8352, 7.4552, -147.8092],
							"uv": {
								"south": {"uv": [10, 27], "uv_size": [0.5, 0.5]}
							}
						},
						{
							"origin": [-0.65812, 7.5411, 7.7],
							"size": [0.02652, 0.1803, 0.125],
							"pivot": [-0.6316, 7.5411, 7.825],
							"rotation": [62.8352, -7.4552, -140.1908],
							"uv": {
								"south": {"uv": [27, 10], "uv_size": [0.5, 0.5]}
							}
						},
						{
							"origin": [-0.63161, 7.54112, 7.7],
							"size": [0.02652, 0.18031, 0.125],
							"pivot": [-0.63161, 7.54112, 7.825],
							"rotation": [62.8352, 7.4552, -111.8092],
							"uv": {
								"south": {"uv": [11, 27], "uv_size": [0.5, 0.5]}
							}
						},
						{
							"origin": [-1.26321, 7.99999, 7.7],
							"size": [0.4825, 0.18224, 0.125],
							"pivot": [-0.78071, 7.99999, 7.825],
							"rotation": [63.0835, 0, -108],
							"uv": {
								"south": {"uv": [27, 11], "uv_size": [0.5, 0.5]}
							}
						},
						{
							"origin": [-0.80723, 7.99999, 7.7],
							"size": [0.02652, 0.1803, 0.125],
							"pivot": [-0.78071, 7.99999, 7.825],
							"rotation": [62.8352, -7.4552, -104.1908],
							"uv": {
								"south": {"uv": [12, 27], "uv_size": [0.5, 0.5]}
							}
						}
					]
				},
				{
					"name": "group5",
					"parent": "group",
					"pivot": [-0.24124, 8.7425, 7.825],
					"cubes": [
						{
							"origin": [0.08196, 8.92088, 7.7],
							"size": [0.18551, 0.00386, 0.125],
							"pivot": [-0.24124, 8.7425, 7.825],
							"rotation": [63.08346, 0, 0],
							"uv": {
								"south": {"uv": [1, 4], "uv_size": [0.5, 0.5]}
							}
						},
						{
							"origin": [-0.26747, 8.92088, 7.7],
							"size": [0.18551, 0.00386, 0.125],
							"pivot": [0.24124, 8.7425, 7.825],
							"rotation": [63.08346, 0, 0],
							"uv": {
								"south": {"uv": [1.5, 4], "uv_size": [-0.5, 0.5]}
							}
						},
						{
							"origin": [-0.65783, 8.63728, 7.7],
							"size": [0.53495, 0.00386, 0.125],
							"pivot": [-0.6316, 8.4589, 7.825],
							"rotation": [63.0835, 0, -36],
							"uv": {
								"south": {"uv": [1, 1], "uv_size": [0.5, 0.5]}
							}
						},
						{
							"origin": [-0.80694, 8.1784, 7.7],
							"size": [0.53495, 0.00386, 0.125],
							"pivot": [-0.78071, 8.00001, 7.825],
							"rotation": [63.0835, 0, -72],
							"uv": {
								"south": {"uv": [2, 0], "uv_size": [0.5, 0.5]}
							}
						},
						{
							"origin": [-1.28942, 8.17837, 7.7],
							"size": [0.53495, 0.00386, 0.125],
							"pivot": [-0.78071, 7.99999, 7.825],
							"rotation": [63.0835, 0, -108],
							"uv": {
								"south": {"uv": [1, 2], "uv_size": [0.5, 0.5]}
							}
						},
						{
							"origin": [-1.14031, 7.71949, 7.7],
							"size": [0.53495, 0.00385, 0.125],
							"pivot": [-0.6316, 7.5411, 7.825],
							"rotation": [63.0835, 0, -144],
							"uv": {
								"south": {"uv": [2, 1], "uv_size": [0.5, 0.5]}
							}
						},
						{
							"origin": [0.215, 7.43588, 7.7],
							"size": [0.53495, 0.00386, 0.125],
							"pivot": [0.24124, 7.2575, 7.825],
							"rotation": [63.0835, 0, 180],
							"uv": {
								"south": {"uv": [2, 2], "uv_size": [0.5, 0.5]}
							}
						},
						{
							"origin": [0.60536, 7.71949, 7.7],
							"size": [0.53495, 0.00385, 0.125],
							"pivot": [0.6316, 7.5411, 7.825],
							"rotation": [63.0835, 0, 144],
							"uv": {
								"south": {"uv": [3, 0], "uv_size": [0.5, 0.5]}
							}
						},
						{
							"origin": [0.75447, 8.17837, 7.7],
							"size": [0.53495, 0.00386, 0.125],
							"pivot": [0.78071, 7.99999, 7.825],
							"rotation": [63.0835, 0, 108],
							"uv": {
								"south": {"uv": [1, 3], "uv_size": [0.5, 0.5]}
							}
						},
						{
							"origin": [0.60538, 8.63726, 7.7],
							"size": [0.53495, 0.00386, 0.125],
							"pivot": [0.63161, 8.45888, 7.825],
							"rotation": [63.0835, 0, 72],
							"uv": {
								"south": {"uv": [3, 1], "uv_size": [0.5, 0.5]}
							}
						},
						{
							"origin": [0.21503, 8.92088, 7.7],
							"size": [0.53495, 0.00385, 0.125],
							"pivot": [0.24126, 8.74249, 7.825],
							"rotation": [63.0835, 0, 36],
							"uv": {
								"south": {"uv": [2, 3], "uv_size": [0.5, 0.5]}
							}
						}
					]
				},
				{
					"name": "sight1",
					"parent": "gun",
					"pivot": [-0.04, 8.99563, -7.09601],
					"cubes": [
						{
							"origin": [-0.04, 8.79563, -7.09601],
							"size": [0.08, 0.2, 0.1],
							"pivot": [-0.04, 8.99563, -7.09601],
							"rotation": [-13.88594, -1.90948, 13.72382],
							"uv": {
								"north": {"uv": [0, 28], "uv_size": [0.5, 0.5]},
								"east": {"uv": [28, 0], "uv_size": [0.5, 0.5]}
							}
						},
						{
							"origin": [-0.04, 8.79563, -7.09601],
							"size": [0.08, 0.2, 0.1],
							"pivot": [0.04, 8.99563, -7.09601],
							"rotation": [-13.88594, 1.90948, -13.72382],
							"uv": {
								"north": {"uv": [27, 26], "uv_size": [0.5, 0.5]},
								"west": {"uv": [27, 27], "uv_size": [0.5, 0.5]}
							}
						},
						{
							"origin": [-0.04, 8.79068, -7.10447],
							"size": [0.08, 0.3125, 0.6875],
							"pivot": [-0.04, 9.10318, -6.41697],
							"rotation": [8.73685, -2.16887, 13.8343],
							"uv": {
								"east": {"uv": [27, 25], "uv_size": [0.5, 0.5]},
								"south": {"uv": [26, 27], "uv_size": [0.5, 0.5]}
							}
						},
						{
							"origin": [-0.04, 8.79068, -7.10447],
							"size": [0.08, 0.3125, 0.6875],
							"pivot": [0.04, 9.10318, -6.41697],
							"rotation": [8.73685, 2.16887, -13.8343],
							"uv": {
								"south": {"uv": [27, 24], "uv_size": [0.5, 0.5]},
								"west": {"uv": [25, 27], "uv_size": [0.5, 0.5]}
							}
						},
						{
							"origin": [-0.04, 8.7875, -7.0875],
							"size": [0.08, 0.2875, 0.6875],
							"pivot": [0, 8.98125, -6.5875],
							"rotation": [9, 0, 0],
							"uv": {
								"north": {"uv": [23, 27], "uv_size": [0.5, 0.5]},
								"south": {"uv": [27, 23], "uv_size": [0.5, 0.5]},
								"up": {"uv": [24, 27], "uv_size": [0.5, 0.5]}
							}
						}
					]
				},
				{
					"name": "sight",
					"parent": "gun",
					"pivot": [0, 8, 0],
					"cubes": [
						{
							"origin": [-0.325, 8.725, 6.7],
							"size": [0.1125, 0.375, 0.075],
							"pivot": [-0.26875, 8.80625, 6.70625],
							"rotation": [22.5, 0, 0],
							"uv": {
								"east": {"uv": [27, 12], "uv_size": [0.5, 0.5]},
								"south": {"uv": [13, 27], "uv_size": [0.5, 0.5]},
								"west": {"uv": [27, 13], "uv_size": [0.5, 0.5]}
							}
						},
						{
							"origin": [-0.325, 9.10395, 6.33235],
							"size": [0.1125, 0.275, 0.325],
							"pivot": [-0.2125, 9.10395, 6.65735],
							"rotation": [100, 0, 0],
							"uv": {
								"east": {"uv": [14, 27], "uv_size": [0.5, 0.5]},
								"south": {"uv": [27, 14], "uv_size": [0.5, 0.5]},
								"west": {"uv": [15, 27], "uv_size": [0.5, 0.5]}
							}
						},
						{
							"origin": [-0.325, 9.0562, 6.18653],
							"size": [0.1125, 0.3375, 0.2],
							"pivot": [-0.2125, 9.0562, 6.38653],
							"rotation": [144, 0, 0],
							"uv": {
								"east": {"uv": [27, 15], "uv_size": [0.5, 0.5]},
								"south": {"uv": [16, 27], "uv_size": [0.5, 0.5]},
								"west": {"uv": [27, 16], "uv_size": [0.5, 0.5]}
							}
						},
						{
							"origin": [-0.2125, 8.59565, 6.05065],
							"size": [0.425, 0.1875, 0.1375],
							"pivot": [0.2125, 8.78315, 6.18815],
							"rotation": [144, 0, 0],
							"uv": {
								"south": {"uv": [17, 27], "uv_size": [0.5, 0.5]}
							}
						},
						{
							"origin": [0.2125, 9.10395, 6.33235],
							"size": [0.1125, 0.275, 0.325],
							"pivot": [0.2125, 9.10395, 6.65735],
							"rotation": [100, 0, 0],
							"uv": {
								"east": {"uv": [27, 17], "uv_size": [0.5, 0.5]},
								"south": {"uv": [18, 27], "uv_size": [0.5, 0.5]},
								"west": {"uv": [27, 18], "uv_size": [0.5, 0.5]}
							}
						},
						{
							"origin": [0.2125, 9.0562, 6.18653],
							"size": [0.1125, 0.3375, 0.2],
							"pivot": [0.2125, 9.0562, 6.38653],
							"rotation": [144, 0, 0],
							"uv": {
								"east": {"uv": [19, 27], "uv_size": [0.5, 0.5]},
								"south": {"uv": [27, 19], "uv_size": [0.5, 0.5]},
								"west": {"uv": [20, 27], "uv_size": [0.5, 0.5]}
							}
						},
						{
							"origin": [0.2125, 8.725, 6.7],
							"size": [0.1125, 0.375, 0.075],
							"pivot": [0.26875, 8.80625, 6.70625],
							"rotation": [22.5, 0, 0],
							"uv": {
								"east": {"uv": [27, 20], "uv_size": [0.5, 0.5]},
								"south": {"uv": [21, 27], "uv_size": [0.5, 0.5]},
								"west": {"uv": [27, 21], "uv_size": [0.5, 0.5]}
							}
						},
						{
							"origin": [-0.2125, 8.725, 6.6375],
							"size": [0.425, 0.2, 0.1375],
							"pivot": [0.26875, 8.80625, 6.70625],
							"rotation": [22.5, 0, 0],
							"uv": {
								"south": {"uv": [22, 27], "uv_size": [0.5, 0.5]}
							}
						},
						{
							"origin": [-0.2125, 8.94227, 6.58682],
							"size": [0.425, 0.42602, 0.1375],
							"pivot": [0.2125, 8.94227, 6.72432],
							"rotation": [90.99889, 0, 0],
							"uv": {
								"south": {"uv": [27, 22], "uv_size": [0.5, 0.5]}
							}
						}
					]
				},
				{
					"name": "bolt",
					"parent": "gun",
					"pivot": [0, 8, 8.075],
					"cubes": [
						{
							"origin": [0.08196, 8.675, 7.825],
							"size": [0.18608, 0.15, 0.5],
							"uv": {
								"north": {"uv": [1, 28], "uv_size": [0.5, 0.5]},
								"up": {"uv": [2, 28], "uv_size": [0.5, 0.5]}
							}
						},
						{
							"origin": [-0.26804, 8.675, 7.825],
							"size": [0.18608, 0.15, 0.5],
							"uv": {
								"north": {"uv": [1.5, 28], "uv_size": [-0.5, 0.5]},
								"up": {"uv": [2.5, 28], "uv_size": [-0.5, 0.5]}
							}
						},
						{
							"origin": [-0.28054, 8.675, 7.825],
							"size": [0.19858, 0.15, 0.275],
							"pivot": [-0.08196, 8.825, 7.825],
							"rotation": [0, 22.5, 0],
							"uv": {
								"west": {"uv": [1, 6], "uv_size": [0.5, 0.5]},
								"up": {"uv": [2, 6], "uv_size": [0.5, 0.5]}
							}
						},
						{
							"origin": [0.08196, 8.675, 7.825],
							"size": [0.19858, 0.15, 0.275],
							"pivot": [0.08196, 8.825, 7.825],
							"rotation": [0, -22.5, 0],
							"uv": {
								"east": {"uv": [1.5, 6], "uv_size": [-0.5, 0.5]},
								"up": {"uv": [2.5, 6], "uv_size": [-0.5, 0.5]}
							}
						},
						{
							"origin": [-0.26804, 8.675, 8.075],
							"size": [0.53608, 0.15, 0.25],
							"uv": {
								"north": {"uv": [1.5, 28], "uv_size": [-0.5, 0.5]},
								"south": {"uv": [28.5, 1], "uv_size": [-0.5, 0.5]},
								"up": {"uv": [2.5, 28], "uv_size": [-0.5, 0.5]},
								"down": {"uv": [28.5, 2.5], "uv_size": [-0.5, -0.5]}
							}
						},
						{
							"origin": [-0.40374, 7.2825, 8.0125],
							"size": [0.80748, 1.435, 0.125],
							"pivot": [0, 8, 8.10375],
							"rotation": [0, 0, -60],
							"uv": {
								"south": {"uv": [15, 14], "uv_size": [1, 1.5]}
							}
						},
						{
							"origin": [-0.40374, 7.2825, 8.0125],
							"size": [0.80748, 1.435, 0.125],
							"uv": {
								"south": {"uv": [16, 2], "uv_size": [1, 1.5]}
							}
						},
						{
							"origin": [-0.40374, 7.2825, 8.0125],
							"size": [0.80748, 1.435, 0.125],
							"pivot": [0, 8, 8.075],
							"rotation": [0, 0, -120],
							"uv": {
								"south": {"uv": [4, 16], "uv_size": [1, 1.5]}
							}
						},
						{
							"origin": [-0.26804, 8.675, 7.825],
							"size": [0.53608, 0.15, 0.5],
							"pivot": [0, 8, 7.7875],
							"rotation": [0, 0, -36],
							"uv": {
								"north": {"uv": [3, 28], "uv_size": [0.5, 0.5]},
								"south": {"uv": [28, 3], "uv_size": [0.5, 0.5]},
								"up": {"uv": [4, 28], "uv_size": [0.5, 0.5]},
								"down": {"uv": [28, 4.5], "uv_size": [0.5, -0.5]}
							}
						},
						{
							"origin": [-0.26804, 8.675, 7.825],
							"size": [0.53608, 0.15, 0.5],
							"pivot": [0, 8, 7.7875],
							"rotation": [0, 0, -108],
							"uv": {
								"north": {"uv": [5, 28], "uv_size": [0.5, 0.5]},
								"south": {"uv": [28, 5], "uv_size": [0.5, 0.5]},
								"up": {"uv": [6, 28], "uv_size": [0.5, 0.5]},
								"down": {"uv": [28, 6.5], "uv_size": [0.5, -0.5]}
							}
						},
						{
							"origin": [-0.26804, 8.675, 7.825],
							"size": [0.53608, 0.15, 0.5],
							"pivot": [0, 8, 7.7875],
							"rotation": [0, 0, -144],
							"uv": {
								"north": {"uv": [7, 28], "uv_size": [0.5, 0.5]},
								"south": {"uv": [28, 7], "uv_size": [0.5, 0.5]},
								"up": {"uv": [8, 28], "uv_size": [0.5, 0.5]},
								"down": {"uv": [28, 8.5], "uv_size": [0.5, -0.5]}
							}
						},
						{
							"origin": [-0.26804, 8.675, 7.825],
							"size": [0.53608, 0.15, 0.5],
							"pivot": [0, 8, 7.7875],
							"rotation": [0, 0, -72],
							"uv": {
								"north": {"uv": [9, 28], "uv_size": [0.5, 0.5]},
								"south": {"uv": [28, 9], "uv_size": [0.5, 0.5]},
								"up": {"uv": [10, 28], "uv_size": [0.5, 0.5]},
								"down": {"uv": [28, 10.5], "uv_size": [0.5, -0.5]}
							}
						},
						{
							"origin": [-0.26804, 7.175, 7.825],
							"size": [0.53608, 0.15, 0.5],
							"uv": {
								"north": {"uv": [11, 28], "uv_size": [0.5, 0.5]},
								"south": {"uv": [28, 11], "uv_size": [0.5, 0.5]},
								"up": {"uv": [12, 28], "uv_size": [0.5, 0.5]},
								"down": {"uv": [28, 12.5], "uv_size": [0.5, -0.5]}
							}
						},
						{
							"origin": [-0.26804, 7.175, 7.825],
							"size": [0.53608, 0.15, 0.5],
							"pivot": [0, 8, 7.7875],
							"rotation": [0, 0, -36],
							"uv": {
								"north": {"uv": [13, 28], "uv_size": [0.5, 0.5]},
								"south": {"uv": [28, 13], "uv_size": [0.5, 0.5]},
								"up": {"uv": [14, 28], "uv_size": [0.5, 0.5]},
								"down": {"uv": [28, 14.5], "uv_size": [0.5, -0.5]}
							}
						},
						{
							"origin": [-0.26804, 7.175, 7.825],
							"size": [0.53608, 0.15, 0.5],
							"pivot": [0, 8, 7.7875],
							"rotation": [0, 0, -108],
							"uv": {
								"north": {"uv": [15, 28], "uv_size": [0.5, 0.5]},
								"south": {"uv": [28, 15], "uv_size": [0.5, 0.5]},
								"up": {"uv": [16, 28], "uv_size": [0.5, 0.5]},
								"down": {"uv": [28, 16.5], "uv_size": [0.5, -0.5]}
							}
						},
						{
							"origin": [-0.26804, 7.175, 7.825],
							"size": [0.53608, 0.15, 0.5],
							"pivot": [0, 8, 7.7875],
							"rotation": [0, 0, -144],
							"uv": {
								"north": {"uv": [17, 28], "uv_size": [0.5, 0.5]},
								"south": {"uv": [28, 17], "uv_size": [0.5, 0.5]},
								"up": {"uv": [18, 28], "uv_size": [0.5, 0.5]},
								"down": {"uv": [28, 18.5], "uv_size": [0.5, -0.5]}
							}
						},
						{
							"origin": [-0.26804, 7.175, 7.825],
							"size": [0.53608, 0.15, 0.5],
							"pivot": [0, 8, 7.7875],
							"rotation": [0, 0, -72],
							"uv": {
								"north": {"uv": [19, 28], "uv_size": [0.5, 0.5]},
								"south": {"uv": [28, 19], "uv_size": [0.5, 0.5]},
								"up": {"uv": [20, 28], "uv_size": [0.5, 0.5]},
								"down": {"uv": [28, 20.5], "uv_size": [0.5, -0.5]}
							}
						},
						{
							"origin": [-0.15, 7.4375, 6.85],
							"size": [0.3, 1.125, 0.475],
							"uv": {
								"north": {"uv": [16, 22], "uv_size": [0.5, 1]},
								"east": {"uv": [22, 16], "uv_size": [0.5, 1]},
								"south": {"uv": [17, 22], "uv_size": [0.5, 1]},
								"west": {"uv": [22, 17], "uv_size": [0.5, 1]},
								"up": {"uv": [29, 1], "uv_size": [0.5, 0.5]},
								"down": {"uv": [2, 29.5], "uv_size": [0.5, -0.5]}
							}
						},
						{
							"origin": [-0.20202, 7.65, 3.05],
							"size": [0.40414, 0.7, 5],
							"pivot": [0.00005, 8, 6.925],
							"rotation": [0, 0, -60],
							"uv": {
								"up": {"uv": [13, 0], "uv_size": [0.5, 5]},
								"down": {"uv": [13, 10], "uv_size": [0.5, -5]}
							}
						},
						{
							"origin": [-0.20202, 7.65, 3.05],
							"size": [0.40414, 0.7, 5],
							"pivot": [0.00005, 8, 6.925],
							"rotation": [0, 0, 60],
							"uv": {
								"up": {"uv": [11, 12], "uv_size": [0.5, 5]},
								"down": {"uv": [12, 17], "uv_size": [0.5, -5]}
							}
						},
						{
							"origin": [-0.20202, 7.65, 3.05],
							"size": [0.40414, 0.7, 5],
							"uv": {
								"up": {"uv": [9, 12], "uv_size": [0.5, 5]},
								"down": {"uv": [10, 17], "uv_size": [0.5, -5]}
							}
						}
					]
				},
				{
					"name": "group3",
					"parent": "bolt",
					"pivot": [0, 8, 9.78721],
					"cubes": [
						{
							"origin": [-0.23081, 7.17418, 7.86225],
							"size": [0.46162, 1.65164, 0.4255],
							"pivot": [0, 8, 7.78721],
							"rotation": [0, 0, 72],
							"uv": {
								"up": {"uv": [16, 31], "uv_size": [-4.5, 1]},
								"down": {"uv": [11.5, 32], "uv_size": [4.5, -1]}
							}
						},
						{
							"origin": [-0.23081, 7.17418, 7.86225],
							"size": [0.46162, 1.65164, 0.4255],
							"pivot": [0, 8, 7.78721],
							"rotation": [0, 0, 36],
							"uv": {
								"up": {"uv": [21, 31], "uv_size": [-4.5, 1]},
								"down": {"uv": [11.5, 32], "uv_size": [4.5, -1]}
							}
						},
						{
							"origin": [-0.23081, 7.17418, 7.86225],
							"size": [0.46162, 1.65164, 0.4255],
							"pivot": [0, 8, 7.78721],
							"rotation": [0, 0, -36],
							"uv": {
								"up": {"uv": [16.5, 31], "uv_size": [4.5, 1]},
								"down": {"uv": [16, 32], "uv_size": [-4.5, -1]}
							}
						},
						{
							"origin": [-0.23081, 7.17418, 7.86225],
							"size": [0.46162, 1.65164, 0.4255],
							"uv": {
								"up": {"uv": [13, 31], "uv_size": [-4.5, 1]},
								"down": {"uv": [11.5, 32], "uv_size": [4.5, -1]}
							}
						},
						{
							"origin": [-0.23081, 7.17418, 7.86225],
							"size": [0.46162, 1.65164, 0.4255],
							"pivot": [0, 8, 7.78721],
							"rotation": [0, 0, 108],
							"uv": {
								"up": {"uv": [16, 31], "uv_size": [-4.5, 1]},
								"down": {"uv": [11.5, 32], "uv_size": [4.5, -1]}
							}
						}
					]
				},
				{
					"name": "octagon",
					"parent": "bolt",
					"pivot": [0, 8, 6],
					"rotation": [0, 0, 115],
					"cubes": [
						{
							"origin": [-0.1864, 8.2625, 8.1375],
							"size": [0.3728, 0.1875, 0.125],
							"pivot": [0, 8, 8],
							"rotation": [0, 0, 45],
							"uv": {
								"south": {"uv": [21, 28], "uv_size": [0.5, 0.5]},
								"up": {"uv": [28, 21], "uv_size": [0.5, 0.5]}
							}
						},
						{
							"origin": [0.0511, 7.55, 8.1375],
							"size": [0.1353, 0.9, 0.125],
							"uv": {
								"east": {"uv": [22, 13], "uv_size": [0.5, 1]},
								"south": {"uv": [14, 22], "uv_size": [0.5, 1]},
								"up": {"uv": [22, 28], "uv_size": [0.5, 0.5]},
								"down": {"uv": [28, 22.5], "uv_size": [0.5, -0.5]}
							}
						},
						{
							"origin": [0.2625, 7.8136, 8.1375],
							"size": [0.1875, 0.3728, 0.125],
							"pivot": [0, 8, 8],
							"rotation": [0, 0, 45],
							"uv": {
								"south": {"uv": [23, 28], "uv_size": [0.5, 0.5]},
								"west": {"uv": [28, 23], "uv_size": [0.5, 0.5]}
							}
						},
						{
							"origin": [0.1625, 7.8136, 8.1375],
							"size": [0.2875, 0.3728, 0.125],
							"uv": {
								"south": {"uv": [24, 28], "uv_size": [0.5, 0.5]},
								"west": {"uv": [28, 24], "uv_size": [0.5, 0.5]}
							}
						},
						{
							"origin": [-0.1864, 8.2625, 8.1375],
							"size": [0.3728, 0.1875, 0.125],
							"pivot": [0, 8, 8],
							"rotation": [0, 0, -45],
							"uv": {
								"south": {"uv": [25, 28], "uv_size": [0.5, 0.5]},
								"up": {"uv": [28, 25], "uv_size": [0.5, 0.5]}
							}
						},
						{
							"origin": [-0.1864, 7.55, 8.1375],
							"size": [0.1353, 0.9, 0.125],
							"uv": {
								"south": {"uv": [22, 14], "uv_size": [0.5, 1]},
								"west": {"uv": [15, 22], "uv_size": [0.5, 1]},
								"up": {"uv": [26, 28], "uv_size": [0.5, 0.5]},
								"down": {"uv": [28, 26.5], "uv_size": [0.5, -0.5]}
							}
						},
						{
							"origin": [-0.0489, 7.55, 8.1375],
							"size": [0.0978, 0.9, 0.0625],
							"uv": {
								"south": {"uv": [22, 15], "uv_size": [0.5, 1]},
								"up": {"uv": [27, 28], "uv_size": [0.5, 0.5]},
								"down": {"uv": [28, 27.5], "uv_size": [0.5, -0.5]}
							}
						},
						{
							"origin": [-0.45, 7.8136, 8.1375],
							"size": [0.1875, 0.3728, 0.125],
							"pivot": [0, 8, 8],
							"rotation": [0, 0, -45],
							"uv": {
								"east": {"uv": [28, 28], "uv_size": [0.5, 0.5]},
								"south": {"uv": [0, 29], "uv_size": [0.5, 0.5]}
							}
						},
						{
							"origin": [-0.45, 7.8136, 8.1375],
							"size": [0.2875, 0.3728, 0.125],
							"uv": {
								"east": {"uv": [29, 0], "uv_size": [0.5, 0.5]},
								"south": {"uv": [1, 29], "uv_size": [0.5, 0.5]}
							}
						}
					]
				},
				{
					"name": "trigger",
					"parent": "gun",
					"pivot": [0, 8, 0],
					"rotation": [0, 0, -5],
					"cubes": [
						{
							"origin": [-0.4625, 7.1875, 3.1],
							"size": [0.925, 0.125, 3.3125],
							"uv": {
								"north": {"uv": [18, 22], "uv_size": [1, 0.5]},
								"east": {"uv": [14, 0], "uv_size": [3.5, 0.5]},
								"south": {"uv": [22, 18], "uv_size": [1, 0.5]},
								"west": {"uv": [14, 1], "uv_size": [3.5, 0.5]},
								"up": {"uv": [5, 12], "uv_size": [1, 3.5]},
								"down": {"uv": [6, 15.5], "uv_size": [1, -3.5]}
							}
						},
						{
							"origin": [-0.0875, 6.96124, 3.25],
							"size": [0.175, 0.175, 0.25],
							"pivot": [0, 7.04874, 3],
							"rotation": [0, 0, 45],
							"uv": {
								"east": {"uv": [29, 2], "uv_size": [0.5, 0.5]},
								"south": {"uv": [3, 29], "uv_size": [0.5, 0.5]},
								"west": {"uv": [29, 3], "uv_size": [0.5, 0.5]},
								"up": {"uv": [4, 29], "uv_size": [0.5, 0.5]},
								"down": {"uv": [29, 4.5], "uv_size": [0.5, -0.5]}
							}
						},
						{
							"origin": [-0.4875, 6.8625, 3.1],
							"size": [0.4875, 0.4875, 0.2125],
							"pivot": [0, 6.8625, 2.5],
							"rotation": [0, 0, 45],
							"uv": {
								"north": {"uv": [5, 29], "uv_size": [0.5, 0.5]},
								"south": {"uv": [29, 5], "uv_size": [0.5, 0.5]},
								"west": {"uv": [6, 29], "uv_size": [0.5, 0.5]},
								"down": {"uv": [29, 6.5], "uv_size": [0.5, -0.5]}
							}
						},
						{
							"origin": [-0.13125, 6.91687, 1.9125],
							"size": [0.2625, 0.2625, 1.1875],
							"pivot": [0, 7.04812, 3.20625],
							"rotation": [0, 0, 45],
							"uv": {
								"north": {"uv": [7, 29], "uv_size": [0.5, 0.5]},
								"east": {"uv": [19, 22], "uv_size": [1, 0.5]},
								"west": {"uv": [22, 19], "uv_size": [1, 0.5]},
								"up": {"uv": [20, 22], "uv_size": [0.5, 1]},
								"down": {"uv": [22, 21], "uv_size": [0.5, -1]}
							}
						},
						{
							"origin": [-0.13025, 6.99187, 1.625],
							"size": [0.2605, 0.1125, 0.2875],
							"uv": {
								"east": {"uv": [29, 7], "uv_size": [0.5, 0.5]},
								"west": {"uv": [8, 29], "uv_size": [0.5, 0.5]},
								"up": {"uv": [29, 8], "uv_size": [0.5, 0.5]},
								"down": {"uv": [9, 29.5], "uv_size": [0.5, -0.5]}
							}
						},
						{
							"origin": [-0.13125, 7.00437, 1.375],
							"size": [0.2625, 0.1, 0.25],
							"pivot": [0.13125, 7.10437, 1.625],
							"rotation": [45, 0, 0],
							"uv": {
								"east": {"uv": [29, 9], "uv_size": [0.5, 0.5]},
								"west": {"uv": [10, 29], "uv_size": [0.5, 0.5]},
								"up": {"uv": [29, 10], "uv_size": [0.5, 0.5]},
								"down": {"uv": [11, 29.5], "uv_size": [0.5, -0.5]}
							}
						},
						{
							"origin": [-0.13125, 6.82759, 1.01072],
							"size": [0.2625, 0.1, 0.4375],
							"pivot": [0.13125, 6.92759, 1.44822],
							"rotation": [95, 0, 0],
							"uv": {
								"east": {"uv": [29, 11], "uv_size": [0.5, 0.5]},
								"west": {"uv": [12, 29], "uv_size": [0.5, 0.5]},
								"up": {"uv": [29, 12], "uv_size": [0.5, 0.5]},
								"down": {"uv": [13, 29.5], "uv_size": [0.5, -0.5]}
							}
						},
						{
							"origin": [-0.13125, 6.50047, 1.11097],
							"size": [0.2625, 0.1, 0.475],
							"pivot": [0.13125, 6.50047, 1.58597],
							"rotation": [85, 0, 0],
							"uv": {
								"north": {"uv": [29, 13], "uv_size": [0.5, 0.5]},
								"east": {"uv": [14, 29], "uv_size": [0.5, 0.5]},
								"west": {"uv": [29, 14], "uv_size": [0.5, 0.5]},
								"up": {"uv": [15, 29], "uv_size": [0.5, 0.5]},
								"down": {"uv": [29, 15.5], "uv_size": [0.5, -0.5]}
							}
						}
					]
				},
				{
					"name": "positioning2",
					"parent": "gun",
					"pivot": [0, 8, 0]
				},
				{
					"name": "muzzle_flash",
					"parent": "positioning2",
					"pivot": [0, 8, -8.75]
				},
				{
					"name": "shell",
					"parent": "positioning2",
					"pivot": [0, 8.25, 4.75]
				},
				{
					"name": "scope_pos",
					"parent": "positioning2",
					"pivot": [0, 8.825, 7.625]
				},
				{
					"name": "left_hand",
					"parent": "left_gun",
					"pivot": [5.5, 11, 2]
				},
				{
					"name": "lefthand_pos",
					"parent": "left_hand",
					"pivot": [0, 0, 2],
					"rotation": [0, -180, 0],
					"cubes": [
						{
							"origin": [-7, 0, 0],
							"size": [3, 12, 4],
							"uv": {
								"north": {"uv": [8, 13], "uv_size": [-3, 12]},
								"east": {"uv": [9, 0], "uv_size": [-4, 12]},
								"south": {"uv": [12, 13], "uv_size": [-3, 12]},
								"west": {"uv": [4, 0], "uv_size": [-4, 12]},
								"up": {"uv": [28, 0], "uv_size": [-3, 4]},
								"down": {"uv": [28, 9], "uv_size": [-3, -4]}
							}
						}
					]
				},
				{
					"name": "right_mag",
					"parent": "root",
					"pivot": [0, 6.5, 4.5],
					"rotation": [7.5, 0, 0]
				},
				{
					"name": "right_hand",
					"parent": "right_mag",
					"pivot": [-5.5, 11, 2]
				},
				{
					"name": "righthand_pos",
					"parent": "right_hand",
					"pivot": [0, 0, 2],
					"rotation": [0, 180, 0],
					"cubes": [
						{
							"origin": [4, 0, 0],
							"size": [3, 12, 4],
							"uv": {
								"north": {"uv": [5, 13], "uv_size": [3, 12]},
								"east": {"uv": [0, 0], "uv_size": [4, 12]},
								"south": {"uv": [9, 13], "uv_size": [3, 12]},
								"west": {"uv": [5, 0], "uv_size": [4, 12]},
								"up": {"uv": [25, 0], "uv_size": [3, 4]},
								"down": {"uv": [25, 9], "uv_size": [3, -4]}
							}
						}
					]
				},
				{
					"name": "mag",
					"parent": "right_mag",
					"pivot": [0, 6.5, 4.5],
					"cubes": [
						{
							"origin": [-0.27242, 5.53966, 3.74012],
							"size": [0.20266, 1.9375, 0.25],
							"pivot": [-0.125, 4.19591, 4.25941],
							"rotation": [0, -45, 0],
							"uv": {
								"north": {"uv": [18, 4], "uv_size": [0.5, 2]},
								"up": {"uv": [23, 29], "uv_size": [0.5, 0.5]}
							}
						},
						{
							"origin": [0.06976, 5.53966, 3.74012],
							"size": [0.20266, 1.9375, 0.25],
							"pivot": [0.125, 4.19591, 4.25941],
							"rotation": [0, 45, 0],
							"uv": {
								"north": {"uv": [18, 6], "uv_size": [0.5, 2]},
								"up": {"uv": [29, 23], "uv_size": [0.5, 0.5]}
							}
						},
						{
							"origin": [-0.13795, 5.53966, 3.78798],
							"size": [0.2759, 1.9375, 0.1433],
							"uv": {
								"north": {"uv": [18, 8], "uv_size": [0.5, 2]},
								"up": {"uv": [24, 29], "uv_size": [0.5, 0.5]}
							}
						},
						{
							"origin": [-0.28125, 5.53967, 3.93129],
							"size": [0.5625, 1.9375, 0.625],
							"uv": {
								"east": {"uv": [9, 18], "uv_size": [0.5, 2]},
								"west": {"uv": [10, 18], "uv_size": [0.5, 2]},
								"up": {"uv": [29, 24], "uv_size": [0.5, 0.5]}
							}
						},
						{
							"origin": [-0.28125, 4.66467, 4.55629],
							"size": [0.5625, 2.8125, 0.625],
							"uv": {
								"east": {"uv": [16, 4], "uv_size": [0.5, 3]},
								"south": {"uv": [5, 16], "uv_size": [0.5, 3]},
								"west": {"uv": [6, 16], "uv_size": [0.5, 3]},
								"up": {"uv": [25, 29], "uv_size": [0.5, 0.5]}
							}
						},
						{
							"origin": [-0.28125, 7.50922, 3.55235],
							"size": [0.0875, 0.16315, 1.2393],
							"pivot": [0, 4.60243, 3.49732],
							"rotation": [-7.5, 0, 0],
							"uv": {
								"north": {"uv": [29, 25], "uv_size": [0.5, 0.5]},
								"east": {"uv": [23, 0], "uv_size": [1, 0.5]},
								"west": {"uv": [1, 23], "uv_size": [1, 0.5]},
								"up": {"uv": [23, 1], "uv_size": [0.5, 1]}
							}
						},
						{
							"origin": [0.19375, 7.50922, 3.55235],
							"size": [0.0875, 0.16315, 1.2393],
							"pivot": [0.4375, 4.60243, 3.49732],
							"rotation": [-7.5, 0, 0],
							"uv": {
								"north": {"uv": [26, 29], "uv_size": [0.5, 0.5]},
								"east": {"uv": [23, 2], "uv_size": [1, 0.5]},
								"west": {"uv": [23, 3], "uv_size": [1, 0.5]},
								"up": {"uv": [4, 23], "uv_size": [0.5, 1]}
							}
						},
						{
							"origin": [0.20625, 7.47717, 4.43382],
							"size": [0.075, 0.16369, 0.74747],
							"pivot": [0.28125, 7.47717, 5.18129],
							"rotation": [-6.50446, -3.74196, -29.78729],
							"uv": {
								"north": {"uv": [29, 26], "uv_size": [0.5, 0.5]},
								"east": {"uv": [27, 29], "uv_size": [0.5, 0.5]},
								"south": {"uv": [29, 27], "uv_size": [0.5, 0.5]},
								"west": {"uv": [28, 29], "uv_size": [0.5, 0.5]},
								"up": {"uv": [29, 28], "uv_size": [0.5, 0.5]}
							}
						},
						{
							"origin": [-0.28125, 7.47717, 4.43382],
							"size": [0.075, 0.16369, 0.74747],
							"pivot": [-0.28125, 7.47717, 5.18129],
							"rotation": [-6.50446, 3.74196, 29.78729],
							"uv": {
								"north": {"uv": [29, 29], "uv_size": [0.5, 0.5]},
								"east": {"uv": [0, 30], "uv_size": [0.5, 0.5]},
								"south": {"uv": [30, 0], "uv_size": [0.5, 0.5]},
								"west": {"uv": [1, 30], "uv_size": [0.5, 0.5]},
								"up": {"uv": [30, 1], "uv_size": [0.5, 0.5]}
							}
						},
						{
							"origin": [-0.06875, 5.53967, 5.10629],
							"size": [0.1375, 0.25, 0.35],
							"uv": {
								"east": {"uv": [2, 30], "uv_size": [0.5, 0.5]},
								"south": {"uv": [30, 2], "uv_size": [0.5, 0.5]},
								"west": {"uv": [3, 30], "uv_size": [0.5, 0.5]},
								"up": {"uv": [30, 3], "uv_size": [0.5, 0.5]},
								"down": {"uv": [4, 30.5], "uv_size": [0.5, -0.5]}
							}
						},
						{
							"origin": [-0.19375, 5.02717, 5.35629],
							"size": [0.3875, 0.8875, 0.075],
							"pivot": [0, 5.47092, 5.40629],
							"rotation": [6, 0, 0],
							"uv": {
								"north": {"uv": [23, 4], "uv_size": [0.5, 1]},
								"east": {"uv": [5, 23], "uv_size": [0.5, 1]},
								"south": {"uv": [23, 5], "uv_size": [0.5, 1]},
								"west": {"uv": [6, 23], "uv_size": [0.5, 1]},
								"up": {"uv": [30, 4], "uv_size": [0.5, 0.5]},
								"down": {"uv": [5, 30.5], "uv_size": [0.5, -0.5]}
							}
						},
						{
							"origin": [-0.0875, 5.90991, 5.29037],
							"size": [0.175, 0.375, 0.075],
							"pivot": [0, 6.09741, 5.32787],
							"rotation": [6, 0, 0],
							"uv": {
								"north": {"uv": [30, 5], "uv_size": [0.5, 0.5]},
								"east": {"uv": [6, 30], "uv_size": [0.5, 0.5]},
								"south": {"uv": [30, 6], "uv_size": [0.5, 0.5]},
								"west": {"uv": [7, 30], "uv_size": [0.5, 0.5]},
								"up": {"uv": [30, 7], "uv_size": [0.5, 0.5]}
							}
						},
						{
							"origin": [-0.0875, 6.14246, 5.27098],
							"size": [0.175, 0.1375, 0.0875],
							"pivot": [0.0875, 6.27996, 5.27098],
							"rotation": [-27, 0, 0],
							"uv": {
								"north": {"uv": [8, 30], "uv_size": [0.5, 0.5]},
								"east": {"uv": [30, 8], "uv_size": [0.5, 0.5]},
								"west": {"uv": [9, 30], "uv_size": [0.5, 0.5]},
								"down": {"uv": [30, 9.5], "uv_size": [0.5, -0.5]}
							}
						}
					]
				},
				{
					"name": "bullet_in_mag",
					"parent": "mag",
					"pivot": [0.00001, 7.54669, 4.56775],
					"rotation": [84.68153, -5.29571, -44.75386],
					"cubes": [
						{
							"origin": [-0.18984, 7.09699, 4.3779],
							"size": [0.37969, 0.80077, 0.37969],
							"uv": {
								"north": {"uv": [21, 22], "uv_size": [0.5, 1]},
								"east": {"uv": [22, 21], "uv_size": [0.5, 1]},
								"south": {"uv": [22, 22], "uv_size": [0.5, 1]},
								"west": {"uv": [0, 23], "uv_size": [0.5, 1]},
								"up": {"uv": [16, 29], "uv_size": [0.5, 0.5]},
								"down": {"uv": [29, 16.5], "uv_size": [0.5, -0.5]}
							}
						},
						{
							"origin": [-0.18984, 6.96026, 4.3779],
							"size": [0.37969, 0.0586, 0.37969],
							"uv": {
								"north": {"uv": [17, 29], "uv_size": [0.5, 0.5]},
								"east": {"uv": [29, 17], "uv_size": [0.5, 0.5]},
								"south": {"uv": [18, 29], "uv_size": [0.5, 0.5]},
								"west": {"uv": [29, 18], "uv_size": [0.5, 0.5]},
								"up": {"uv": [19, 29], "uv_size": [0.5, 0.5]},
								"down": {"uv": [29, 19.5], "uv_size": [0.5, -0.5]}
							}
						},
						{
							"origin": [-0.13124, 7.01886, 4.43649],
							"size": [0.2625, 1.26563, 0.2625],
							"uv": {
								"north": {"uv": [13, 20], "uv_size": [0.5, 1.5]},
								"east": {"uv": [14, 20], "uv_size": [0.5, 1.5]},
								"south": {"uv": [15, 20], "uv_size": [0.5, 1.5]},
								"west": {"uv": [16, 20], "uv_size": [0.5, 1.5]},
								"up": {"uv": [20, 29], "uv_size": [0.5, 0.5]}
							}
						},
						{
							"origin": [-0.16054, 7.87824, 4.4072],
							"size": [0.32109, 0.33983, 0.32109],
							"uv": {
								"north": {"uv": [29, 20], "uv_size": [0.5, 0.5]},
								"east": {"uv": [21, 29], "uv_size": [0.5, 0.5]},
								"south": {"uv": [29, 21], "uv_size": [0.5, 0.5]},
								"west": {"uv": [22, 29], "uv_size": [0.5, 0.5]},
								"up": {"uv": [29, 22], "uv_size": [0.5, 0.5]}
							}
						}
					]
				},
				{
					"name": "group2",
					"parent": "mag",
					"pivot": [-3, 2.52832, 3.97078],
					"cubes": [
						{
							"origin": [-0.11115, 2.57421, 3.61131],
							"size": [0.25712, 3.25, 0.25],
							"pivot": [0.14597, 5.82421, 3.61131],
							"rotation": [-2.4624, -0.1066, -4.9571],
							"uv": {
								"north": {"uv": [14, 2], "uv_size": [0.5, 3.5]},
								"down": {"uv": [10, 30.5], "uv_size": [0.5, -0.5]}
							}
						},
						{
							"origin": [0.10711, 2.58527, 3.50521],
							"size": [0.3, 3.25, 0.375],
							"pivot": [0.40711, 5.83527, 3.88021],
							"rotation": [-3.4288, 44.0807, -7.3485],
							"uv": {
								"west": {"uv": [14, 6], "uv_size": [0.5, 3.5]},
								"down": {"uv": [30, 10.5], "uv_size": [0.5, -0.5]}
							}
						},
						{
							"origin": [0.23211, 2.58527, 3.88021],
							"size": [0.174, 3.25, 0.5],
							"pivot": [0.40711, 5.83527, 3.88021],
							"rotation": [-2.4627, -0.8672, -4.9244],
							"uv": {
								"west": {"uv": [13, 14], "uv_size": [0.5, 3.5]}
							}
						},
						{
							"origin": [-0.11817, 2.56602, 5.41127],
							"size": [0.2375, 2.1625, 0.2375],
							"pivot": [0.11933, 5.81602, 5.41127],
							"rotation": [85.07578, -89.96258, -89.99963],
							"uv": {
								"west": {"uv": [18, 10], "uv_size": [0.5, 2]},
								"up": {"uv": [11, 30], "uv_size": [0.5, 0.5]}
							}
						},
						{
							"origin": [-0.11817, 2.55726, 5.36461],
							"size": [0.2375, 2.15844, 0.32332],
							"pivot": [0.11933, 5.81602, 5.41127],
							"rotation": [90.07578, -89.96258, -89.99963],
							"uv": {
								"west": {"uv": [11, 18], "uv_size": [0.5, 2]}
							}
						},
						{
							"origin": [0.2125, 2.58895, 5.15014],
							"size": [0.175, 2.3125, 0.375],
							"pivot": [0.3875, 5.83895, 5.15014],
							"rotation": [0.0535, -45.8672, -4.9623],
							"uv": {
								"south": {"uv": [1, 17], "uv_size": [0.5, 2.5]},
								"west": {"uv": [17, 2], "uv_size": [0.5, 2.5]},
								"up": {"uv": [30, 11], "uv_size": [0.5, 0.5]}
							}
						},
						{
							"origin": [0.2125, 2.58895, 4.21264],
							"size": [0.175, 3.25, 0.9375],
							"pivot": [0.3875, 5.83895, 5.15014],
							"rotation": [0.0373, -0.8672, -4.9244],
							"uv": {
								"west": {"uv": [7, 12], "uv_size": [1, 3.5]}
							}
						},
						{
							"origin": [-0.40711, 5.83527, 3.50521],
							"size": [0.175, 0.03465, 0.375],
							"pivot": [-0.40711, 5.83527, 3.88021],
							"rotation": [-8.82156, -43.47632, 15.13658],
							"uv": {
								"east": {"uv": [12, 30], "uv_size": [0.5, 0.5]}
							}
						},
						{
							"origin": [-0.14597, 5.79921, 3.31937],
							"size": [0.175, 0.0625, 0.29194],
							"pivot": [-0.14597, 5.82421, 3.61131],
							"rotation": [-89.9991, -88, 89.9991],
							"uv": {
								"east": {"uv": [30, 12], "uv_size": [0.5, 0.5]}
							}
						},
						{
							"origin": [0.14406, 5.84602, 3.61316],
							"size": [0.175, 0.16415, 0.29194],
							"pivot": [0.14406, 5.84602, 3.61316],
							"rotation": [-89.99975, -82.7605, 89.99975],
							"uv": {
								"east": {"uv": [13, 30], "uv_size": [0.5, 0.5]},
								"up": {"uv": [30, 13], "uv_size": [0.5, 0.5]}
							}
						},
						{
							"origin": [-0.66545, 2.37867, 3.75802],
							"size": [0.174, 0.22227, 1.39424],
							"pivot": [-0.66645, 2.60094, 5.15226],
							"rotation": [-8.96271, 0.86717, 4.92442],
							"uv": {
								"east": {"uv": [20, 16], "uv_size": [1.5, 0.5]}
							}
						},
						{
							"origin": [-0.66645, 2.37867, 5.15226],
							"size": [0.3, 0.28477, 0.375],
							"pivot": [-0.66645, 2.60094, 5.15226],
							"rotation": [-12.76309, 45.1613, -4.06384],
							"uv": {
								"east": {"uv": [14, 30], "uv_size": [0.5, 0.5]},
								"down": {"uv": [30, 14.5], "uv_size": [0.5, -0.5]}
							}
						},
						{
							"origin": [0.36645, 2.37867, 5.15226],
							"size": [0.3, 0.28477, 0.375],
							"pivot": [0.66645, 2.60094, 5.15226],
							"rotation": [-12.76309, -45.1613, 4.06384],
							"uv": {
								"west": {"uv": [15, 30], "uv_size": [0.5, 0.5]},
								"down": {"uv": [30, 15.5], "uv_size": [0.5, -0.5]}
							}
						},
						{
							"origin": [0.22689, 2.31441, 5.41014],
							"size": [0.175, 0.28478, 0.4375],
							"pivot": [0.40189, 2.53669, 5.41014],
							"rotation": [-95.54924, -80.99578, 90.55686],
							"uv": {
								"west": {"uv": [16, 30], "uv_size": [0.5, 0.5]},
								"down": {"uv": [30, 16.5], "uv_size": [0.5, -0.5]}
							}
						},
						{
							"origin": [-0.40189, 2.31441, 5.41014],
							"size": [0.175, 0.28478, 0.4375],
							"pivot": [-0.40189, 2.53669, 5.41014],
							"rotation": [-95.54924, 80.99578, -90.55686],
							"uv": {
								"east": {"uv": [17, 30], "uv_size": [0.5, 0.5]},
								"down": {"uv": [30, 17.5], "uv_size": [0.5, -0.5]}
							}
						},
						{
							"origin": [0.49145, 2.37867, 3.75802],
							"size": [0.174, 0.22227, 1.39424],
							"pivot": [0.66645, 2.60094, 5.15226],
							"rotation": [-8.96271, -0.86717, -4.92442],
							"uv": {
								"west": {"uv": [17, 20], "uv_size": [1.5, 0.5]}
							}
						},
						{
							"origin": [-0.68482, 1.84738, 3.72338],
							"size": [0.3, 0.53477, 1.39424],
							"pivot": [-0.68482, 2.38215, 5.11762],
							"rotation": [-6.97593, -5.70733, -39.65946],
							"uv": {
								"north": {"uv": [18, 30], "uv_size": [0.5, 0.5]},
								"east": {"uv": [20, 19], "uv_size": [1.5, 0.5]},
								"south": {"uv": [30, 18], "uv_size": [0.5, 0.5]}
							}
						},
						{
							"origin": [0.38482, 1.84738, 3.72338],
							"size": [0.3, 0.53477, 1.39424],
							"pivot": [0.68482, 2.38215, 5.11762],
							"rotation": [-6.97593, 5.70733, 39.65946],
							"uv": {
								"north": {"uv": [19, 30], "uv_size": [0.5, 0.5]},
								"south": {"uv": [30, 19], "uv_size": [0.5, 0.5]},
								"west": {"uv": [20, 20], "uv_size": [1.5, 0.5]}
							}
						},
						{
							"origin": [0.16607, 1.60598, 3.65875],
							"size": [0.175, 0.37165, 1.39424],
							"pivot": [0.34107, 1.97763, 5.05299],
							"rotation": [-0.08716, 9.0038, 89.99997],
							"uv": {
								"west": {"uv": [21, 0], "uv_size": [1.5, 0.5]}
							}
						},
						{
							"origin": [0.10457, 1.29357, 5.05301],
							"size": [0.2375, 0.68415, 0.4625],
							"pivot": [0.34207, 1.97772, 5.05301],
							"rotation": [0, -46.53455, 90],
							"uv": {
								"west": {"uv": [20, 30], "uv_size": [0.5, 0.5]},
								"up": {"uv": [30, 20], "uv_size": [0.5, 0.5]},
								"down": {"uv": [21, 30.5], "uv_size": [0.5, -0.5]}
							}
						},
						{
							"origin": [0.10669, 1.51177, 3.23845],
							"size": [0.2375, 0.68415, 0.4375],
							"pivot": [0.34419, 2.19592, 3.67595],
							"rotation": [0, 62.56294, 90],
							"uv": {
								"west": {"uv": [30, 21], "uv_size": [0.5, 0.5]},
								"up": {"uv": [22, 30], "uv_size": [0.5, 0.5]},
								"down": {"uv": [30, 22.5], "uv_size": [0.5, -0.5]}
							}
						},
						{
							"origin": [-0.34107, 1.60598, 3.65875],
							"size": [0.175, 0.37165, 1.39424],
							"pivot": [-0.34107, 1.97763, 5.05299],
							"rotation": [-0.08716, -9.0038, -89.99997],
							"uv": {
								"east": {"uv": [21, 1], "uv_size": [1.5, 0.5]}
							}
						},
						{
							"origin": [-0.3875, 2.58895, 4.21264],
							"size": [0.175, 3.25, 0.9375],
							"pivot": [-0.3875, 5.83895, 5.15014],
							"rotation": [0.03729, 0.86717, 4.92442],
							"uv": {
								"east": {"uv": [8, 12], "uv_size": [1, 3.5]}
							}
						},
						{
							"origin": [-0.11933, 2.56602, 5.41127],
							"size": [0.2375, 2.1625, 0.2375],
							"pivot": [-0.11933, 5.81602, 5.41127],
							"rotation": [85.07578, 89.96258, 89.99963],
							"uv": {
								"east": {"uv": [12, 18], "uv_size": [0.5, 2]},
								"up": {"uv": [23, 30], "uv_size": [0.5, 0.5]}
							}
						},
						{
							"origin": [-0.40611, 2.58527, 3.88021],
							"size": [0.174, 3.25, 0.5],
							"pivot": [-0.40711, 5.83527, 3.88021],
							"rotation": [-2.46271, 0.86717, 4.92442],
							"uv": {
								"east": {"uv": [14, 14], "uv_size": [0.5, 3.5]}
							}
						},
						{
							"origin": [-0.40711, 2.58527, 3.50521],
							"size": [0.3, 3.25, 0.375],
							"pivot": [-0.40711, 5.83527, 3.88021],
							"rotation": [-3.4288, -44.0807, 7.3485],
							"uv": {
								"east": {"uv": [15, 2], "uv_size": [0.5, 3.5]},
								"down": {"uv": [30, 23.5], "uv_size": [0.5, -0.5]}
							}
						},
						{
							"origin": [-0.14597, 2.57421, 3.61131],
							"size": [0.25712, 3.25, 0.25],
							"pivot": [-0.14597, 5.82421, 3.61131],
							"rotation": [-2.46243, 0.10661, 4.95713],
							"uv": {
								"north": {"uv": [15, 6], "uv_size": [0.5, 3.5]},
								"down": {"uv": [24, 30.5], "uv_size": [0.5, -0.5]}
							}
						},
						{
							"origin": [-0.17064, 2.56716, 3.4712],
							"size": [0.34128, 2.04755, 0.24947],
							"pivot": [-0.17064, 2.56716, 3.4712],
							"rotation": [-2.46239, 0, 0.00001],
							"uv": {
								"north": {"uv": [13, 18], "uv_size": [0.5, 2]}
							}
						},
						{
							"origin": [0.23211, 5.83527, 3.50521],
							"size": [0.175, 0.03465, 0.375],
							"pivot": [0.40711, 5.83527, 3.88021],
							"rotation": [-8.82156, 43.47632, -15.13658],
							"uv": {
								"west": {"uv": [30, 24], "uv_size": [0.5, 0.5]}
							}
						},
						{
							"origin": [0.2125, 5.67418, 3.89079],
							"size": [0.1765, 0.16477, 1.25935],
							"pivot": [0.3875, 5.83895, 5.15014],
							"rotation": [-7.2127, -0.8672, -4.9244],
							"uv": {
								"west": {"uv": [21, 2], "uv_size": [1.5, 0.5]},
								"up": {"uv": [21, 3], "uv_size": [0.5, 1.5]}
							}
						},
						{
							"origin": [-0.389, 5.67418, 3.89079],
							"size": [0.1765, 0.16477, 1.25935],
							"pivot": [-0.3875, 5.83895, 5.15014],
							"rotation": [-7.2127, 0.8672, 4.9244],
							"uv": {
								"east": {"uv": [22.5, 2], "uv_size": [-1.5, 0.5]},
								"up": {"uv": [21.5, 3], "uv_size": [-0.5, 1.5]}
							}
						},
						{
							"origin": [0.21777, 5.83334, 3.5259],
							"size": [0.175, 0.16477, 0.375],
							"pivot": [0.39277, 5.99811, 3.9009],
							"rotation": [-9.9977, 43.68784, -11.97662],
							"uv": {
								"west": {"uv": [25, 30], "uv_size": [0.5, 0.5]},
								"up": {"uv": [30, 25], "uv_size": [0.5, 0.5]}
							}
						},
						{
							"origin": [-0.39277, 5.83334, 3.5259],
							"size": [0.175, 0.16477, 0.375],
							"pivot": [-0.39277, 5.99811, 3.9009],
							"rotation": [-9.9977, -43.68784, 11.97662],
							"uv": {
								"east": {"uv": [26, 30], "uv_size": [0.5, 0.5]},
								"up": {"uv": [30, 26], "uv_size": [0.5, 0.5]}
							}
						},
						{
							"origin": [-0.3875, 2.58895, 5.15014],
							"size": [0.175, 2.3125, 0.375],
							"pivot": [-0.3875, 5.83895, 5.15014],
							"rotation": [0.0535, 45.8672, 4.9623],
							"uv": {
								"east": {"uv": [17, 5], "uv_size": [0.5, 2.5]},
								"south": {"uv": [17, 8], "uv_size": [0.5, 2.5]},
								"up": {"uv": [27, 30], "uv_size": [0.5, 0.5]}
							}
						},
						{
							"origin": [0.2125, 4.90145, 5.15014],
							"size": [0.175, 0.9375, 0.1875],
							"pivot": [0.3875, 5.83895, 5.15014],
							"rotation": [0.0535, -45.8672, -4.9623],
							"uv": {
								"south": {"uv": [23, 6], "uv_size": [0.5, 1]},
								"west": {"uv": [7, 23], "uv_size": [0.5, 1]},
								"up": {"uv": [30, 27], "uv_size": [0.5, 0.5]}
							}
						},
						{
							"origin": [-0.3875, 4.90145, 5.15014],
							"size": [0.175, 0.9375, 0.1875],
							"pivot": [-0.3875, 5.83895, 5.15014],
							"rotation": [0.0535, 45.8672, 4.9623],
							"uv": {
								"east": {"uv": [23, 7], "uv_size": [0.5, 1]},
								"south": {"uv": [8, 23], "uv_size": [0.5, 1]},
								"up": {"uv": [28, 30], "uv_size": [0.5, 0.5]}
							}
						}
					]
				},
				{
					"name": "positioning",
					"pivot": [0, 0, 0]
				},
				{
					"name": "thirdperson_hand",
					"parent": "positioning",
					"pivot": [0, 7, 2.5]
				},
				{
					"name": "ground",
					"parent": "positioning",
					"pivot": [0, 1, 0]
				},
				{
					"name": "fixed",
					"parent": "positioning",
					"pivot": [0, 7, 0],
					"rotation": [0, 90, 0]
				},
				{
					"name": "view",
					"pivot": [0, 0, 0]
				},
				{
					"name": "iron_view",
					"parent": "view",
					"pivot": [0, 9.025, 17],
					"rotation": [0, 0, -2.5]
				},
				{
					"name": "refit_view",
					"parent": "view",
					"pivot": [16, 7, 0],
					"rotation": [0, 90, 0]
				},
				{
					"name": "refit_scope_view",
					"parent": "view",
					"pivot": [4, 9.5, 10.5],
					"rotation": [0, 45, -5]
				},
				{
					"name": "camera",
					"pivot": [2.5, 10.5, 17],
					"rotation": [0, 0, -6]
				},
				{
					"name": "idle_view",
					"parent": "camera",
					"pivot": [2.5, 10.5, 17]
				}
			]
		}
	]
}