{
  "materials": [
    {
      "item": {
        "tag": "forge:gems/diamond"
      },
      "count": 4
    },
    {
      "item": {
        "tag": "forge:ingots/gold"
      },
      "count": 16
    },
    {
      "item": {
        "tag": "forge:ingots/iron"
      },
      "count": 95
    },
    {
      "item": {
        "tag": "forge:rods/blaze"
      },
      "count": 2
    }
  ],
  "result": {
    "type": "gun",
    "id": "rfp:m249_t"
  },
  "type": "tacz:gun_smith_table_crafting"
}