{
  "ammo": "antiques:11mm_dutch",
  "ammo_amount": 1,
  "bolt": "open_bolt",
  "rpm": 1000,
  "bullet": {
    "life": 0.8,
    "bullet_amount": 1,
    "damage": 24.5,
    "tracer_count_interval": 0,
    "extra_damage": {
      "armor_ignore": 0.3,
      "head_shot_multiplier": 4,
      "damage_adjust": [
        {"distance": 80, "damage": 24.5},
        {"distance": 180, "damage": 18},
        {"distance": 300, "damage": 15},
        {"distance": "infinite", "damage": 11}
      ]
    },
    "speed": 121,
    "gravity": 0.04,
    "knockback": 1.5,
    "friction": 0.012,
    "ignite": false,
    "pierce": 2
  },
  "ammo_amount": 1,
  "bolt": "open_bolt",
  "reload": {
    "type": "magazine",
    "feed": {
      "empty": 4.38,
      "tactical": 1.67
    },
    "cooldown": {
      "empty": 5.375,
      "tactical": 2.33
    }
  },
  "draw_time": 4.08,
  "put_away_time": 0.0,
  "aim_time": 0.25,
  "sprint_time": 0.2,
  "weight": 4.415,
  "fire_mode": [
    "semi"
  ],
  "recoil": {
    "pitch": [
      {"time": 0, "value": [0, 0]},
      {"time": 0.8, "value": [0, 0]},	  
      {"time": 0.13, "value": [2, 2]},
      {"time": 0.20, "value": [1.5, 1.5]},
      {"time": 0.28, "value": [0.8, 0.8]}
    ],
    "yaw": [
      {"time": 0, "value": [0, 0]},
      {"time": 0.13, "value": [-1.7, 0]},
      {"time": 0.20, "value": [-1.7, 0]}
    ]
  },
 
  "melee": {
    "distance": 1,
    "cooldown": 1.0,
    "default": {
      "animation_type": "melee_stock",
      "distance": 0.2,
      "range_angle": 30,
      "damage": 3,
      "knockback": 1,
      "prep": 0.38
    }
  },
  
  "allow_attachment_types": [
  
    "muzzle"

  ],
  "inaccuracy": {
    "stand": 2,
    "move": 2.9,
    "sneak": 1.5,
    "lie": 0.45,
    "aim": 0.35
    }
}