{
  "ammo": "antiques:11mm_mauser",
  "ammo_amount": 1,
  "bolt": "open_bolt",
  "rpm": 1000,
  "bullet": {
    "life": 10,
    "bullet_amount": 1,
    "damage": 28,
    "tracer_count_interval": 0,
    "extra_damage": {
      "armor_ignore": 0.65,
      "head_shot_multiplier": 4,
      "damage_adjust": [
        {"distance": 100, "damage": 28},
        {"distance": 170, "damage": 21},
        {"distance": 200, "damage": 18},
        {"distance": "infinite", "damage": 15}
      ]
    },
    "speed": 132,
    "gravity": 0.02,
    "knockback": 2,
    "friction": 0.012,
    "ignite": false,
    "pierce": 3
  },
  "ammo_amount": 1,
  "bolt": "open_bolt",
  "reload": {
    "type": "magazine",
    "feed": {
      "empty": 3.96,
      "tactical": 0
    },
    "cooldown": {
      "empty": 5.04,
      "tactical": 0
    }
  },
  "draw_time": 2.79,
  "put_away_time": 0.0,
  "aim_time": 0.22,
  "sprint_time": 0.2,
  "weight": 4.2,
  "fire_mode": [
    "semi"
  ],
  "recoil": {
    "pitch": [
      {"time": 0, "value": [0, 0]},
      {"time": 0.8, "value": [4.1, 4.1]},	  
      {"time": 0.13, "value": [4.1, 4.1]},
      {"time": 0.20, "value": [3.4, 3.4]},
      {"time": 0.28, "value": [3, 3]}
    ],
    "yaw": [
      {"time": 0, "value": [0, 0]},
      {"time": 0.13, "value": [-3, 0]},
      {"time": 0.20, "value": [-3, 0]}
    ]
  },
 
  "melee": {
    "distance": 1,
    "cooldown": 1.0,
    "default": {
      "animation_type": "melee_stock",
      "distance": 0.8,
      "range_angle": 30,
      "damage": 3,
      "knockback": 1,
      "prep": 0.38
    }
  },
  
  "allow_attachment_types": [
  
    "muzzle"

  ],
  "inaccuracy": {
    "stand": 2,
    "move": 2.9,
    "sneak": 1.5,
    "lie": 0.45,
    "aim": 0.35
    }
}