{
  "ammo": "antiques:104_swiss",
  "ammo_amount": 5,
  "rpm": 260,
  "bullet": {
    "life": 0.8,
    "bullet_amount": 1,
    "damage": 21,
    "tracer_count_interval": 0,
    "extra_damage": {
      "armor_ignore": 0.1,
      "head_shot_multiplier": 4,
      "damage_adjust": [
	 	{"distance": 8, "damage": 21},
	    {"distance": 25, "damage": 16},
        {"distance": 30, "damage": 13},
        {"distance": 40, "damage": 10},
        {"distance": 50, "damage": 8},
        {"distance": "infinite", "damage": 8}
      ]
    },
    "speed": 60,
    "gravity": 0.04,
    "knockback": 1.5,
    "friction": 0.012,
    "ignite": false,
    "pierce": 1
  }, 
  "bolt": "closed_bolt",
  "reload": {
    "type": "magazine",
    "feed": {
      "empty": 8.08,
      "tactical": 5.7
    },
    "cooldown": {
      "empty": 4.08,
      "tactical": 3.29
    }
  },
  "draw_time": 1.5,
  "put_away_time": 0.0,
  "aim_time": 0.1,
  "sprint_time": 0.2,
  "weight": 1.3,
  "fire_mode": [
    "semi"
  ],
  "recoil": {
    "pitch": [
      {"time": 0, "value": [0, 0]},
      {"time": 0.8, "value": [3.8, 3.8]},	  
      {"time": 0.13, "value": [3.8, 3.8]},
      {"time": 0.20, "value": [3.1, 3.1]},
      {"time": 0.28, "value": [2.8, 2.8]}
    ],
    "yaw": [
      {"time": 0, "value": [0, 0]},
      {"time": 0.13, "value": [-2.1, 0]},
      {"time": 0.20, "value": [-2.1, 0]}
    ]
  },
  "inaccuracy": {
    "stand": 3.5,
    "move": 4,
    "sneak": 2.5,
    "lie": 0.65,
    "aim": 1.3
  },
  "melee": {
    "distance": 1.7,
    "cooldown": 1.5,
    "default": {
      "animation_type": "melee_push",
      "distance": 0.3,
      "range_angle": 50,
      "damage": 2,
      "knockback": 1,
      "prep": 0.71
    }
  },
  "script": "tacz:m870_gun_logic",
  "script_param": {   
    "intro_empty": 6.58,     
    "intro": 5.54,           
    "loop": 4.08,            
    "ending": 3.29,
    "intro_empty_feed": 5.17,
    "loop_feed": 2.58      
  }
}
