{
  "ammo": "antiques:41_swiss",
  "ammo_amount": 12,
  "bolt": "manual_action",
  "rpm": 180,
  "bullet": {
    "life": 0.8,
    "bullet_amount": 1,
    "damage": 23,
    "tracer_count_interval": 0,
    "extra_damage": {
      "armor_ignore": 0.1,
      "head_shot_multiplier": 4,
      "damage_adjust": [
        {"distance": 80, "damage": 23},
        {"distance": 180, "damage": 18},
        {"distance": 300, "damage": 15},
        {"distance": "infinite", "damage": 11}
      ]
    },
    "speed": 130,
    "gravity": 0.03,
    "knockback": 1.5,
    "friction": 0.012,
    "ignite": false,
    "pierce": 2
  },
  "reload": {
    "type": "magazine",
    "feed": {
      "empty": 3.5,
      "tactical": 1.87
    },
    "cooldown": {
      "empty": 1.66,
      "tactical": 3.29
    }
  },
  "draw_time": 2.5,
  "put_away_time": 0.0,
  "aim_time": 0.18,
  "sprint_time": 0.25,
  "weight": 4.6,
  "fire_mode": [
    "semi"
  ],
  "recoil": {
    "pitch": [
      {"time": 0, "value": [0, 0]},
      {"time": 0.8, "value": [3.8, 3.8]},	  
      {"time": 0.13, "value": [3.8, 3.8]},
      {"time": 0.20, "value": [3.1, 3.1]},
      {"time": 0.28, "value": [2.8, 2.8]}
    ],
    "yaw": [
      {"time": 0, "value": [0, 0]},
      {"time": 0.13, "value": [-1.2, -1.2]},
      {"time": 0.20, "value": [-0.6, -0.6]}
    ]
  },
  "inaccuracy": {
    "stand": 2,
    "move": 2.9,
    "sneak": 1.5,
    "lie": 0.45,
    "aim": 0.35
  },
  "melee": {
    "distance": 1,
    "cooldown": 1.0,
    "default": {
      "animation_type": "melee_stock",
      "distance": 0.2,
      "range_angle": 30,
      "damage": 3,
      "knockback": 1,
      "prep": 0.38
    }
  },
  "script": "tacz:m870_gun_logic",
  "script_param": {
    "bolt_time": 1.08,       
    "bolt_feed_time": 0.54,   
    "intro_empty": 3.5,     
    "intro": 1.87,           
    "loop": 1.66,            
    "ending": 3.29,          
    "intro_empty_feed": 3,
    "loop_feed": 1.08      
  },
  "allow_attachment_types": [
    "muzzle"
  ]
}
