{
  "ammo": "rfp:762x54r",
  "ammo_amount": 100,
  "bolt": "closed_bolt",
  "rpm": 700,
  "bullet": {
    "life": 10,
    "damage": 20,
    "speed": 500,
    "gravity": 0,
    "knockback": 0,
    "friction": 0.01,
    "tracer_count_interval": 2,
    "ignite": false,
    "pierce": 2,
    "extra_damage": {
      "armor_ignore": 0.80,
      "head_shot_multiplier": 1.5,
      "damage_adjust": [
        {"distance": 50, "damage": 20},
        {"distance": 100, "damage": 17},
        {"distance": "infinite", "damage": 15}
      ]
    }
    },
  "reload": {
    "type": "magazine",
    "feed": {
      "empty": 5.7,
      "tactical": 4.8
    },
    "cooldown": {
      "empty": 6.9,
      "tactical": 6.1
    }
  },
  "draw_time": 0.8,
  "put_away_time": 0.45,
  "aim_time": 0.15,
  "sprint_time": 0.3,
  "fire_mode": [
    "auto"
  ],
  "recoil": {
    "pitch": [
      {"time": 0, "value": [0.8, 0.8]},
      {"time": 0.25, "value": [0.9, 0.9]},
      {"time": 0.45, "value": [-0.175, -0.175]},
      {"time": 0.6, "value": [0, 0]}
    ],
    "yaw": [
      {"time": 0, "value": [-0.35, -0.15]},
      {"time": 0.25, "value": [-0.35, -0.15]},
      {"time": 0.45, "value": [0, 0]}
    ]
  },
  "inaccuracy": {
    "stand": 2,
    "move": 3,
    "sneak": 1.5,
    "lie": 0.7,
    "aim": 0.1
  },
  "allow_attachment_types": [
    "scope",
    "muzzle",
    "laser",
    "extended_mag",
    "grip"
  ],
  "extended_mag_ammo_amount": [
    125,
    150,
    200
  ]
}