{
  "ammo": "tacz:9mm",
  "rpm": 920,
  "bullet": {
    "life": 0.6,
    "bullet_amount": 1,
    "damage": 8,
    "tracer_count_interval": 0,
    "extra_damage": {
      "armor_ignore": 0.20,
      "head_shot_multiplier": 1.25,
      "damage_adjust": [
        {"distance": 25, "damage": 8},
        {"distance": 40, "damage": 7},
        {"distance": 50, "damage": 6},
        {"distance": "infinite", "damage": 5}
      ]
    },
    "speed": 180,
    "gravity": 0.098,
    "knockback": 0,
    "friction": 0.025,
    "ignite": false,
    "pierce": 0
  },
  "ammo_amount": 20,
  "bolt": "open_bolt",
  "reload": {
    "type": "magazine",
    "feed": {
      "empty": 2.3,
      "tactical": 1.7
    },
    "cooldown": {
      "empty": 2.8,
      "tactical": 2.1
    }
  },
  "draw_time": 0.7,
  "put_away_time": 0.4,
  "aim_time": 0.125,
  "sprint_time": 0.08,
  "fire_mode": [
    "auto",
    "semi"
    
  ],
  "allow_attachment_types": [
    "scope",
    "extended_mag"
  ],
  "extended_mag_ammo_amount": [
    30,
    50,
    71
  ],
  "recoil": {
    "pitch": [
      {"time": 0, "value": [0.375, 0.375]},
      {"time": 0.25, "value": [0.5, 0.5]},
      {"time": 0.5, "value": [-0.125, -0.125]},
      {"time": 0.7, "value": [0.05, 0.05]},
      {"time": 1.0, "value": [0, 0]}
    ],
    "yaw": [
      {"time": 0, "value": [-0.1, 0.1]},
      {"time": 0.45, "value": [0, 0]}
    ]
  },
  "inaccuracy": {
    "stand": 2.25,
    "move": 2.75,
    "sneak": 2,
    "lie": 0.7,
    "aim": 0.22
  },
  "melee": {
    "distance": 1,
    "cooldown": 0.5,
    "default": {
      "animation_type": "melee_stock",
      "distance": 1,
      "range_angle": 45,
      "damage": 5,
      "knockback": 0.8,
      "prep": 0.1
    }
  }
}