{
  "materials": [
    {
      "item": {
        "tag": "forge:nuggets/iron"
      },
      "count": 6
    },
    {
      "item": {
        "tag": "forge:ingots/copper"
      },
      "count": 3
    },
    {
      "item": {
        "tag": "forge:gunpowder"
      },
      "count": 4
    },
    {
      "item": {
        "item": "minecraft:paper"
      },
      "count": 1
    }
  ],
  "result": {
    "type": "ammo",
    "id": "antiques:106x25",
    "count": 6
  },
  "type": "tacz:gun_smith_table_crafting"
}