{
  "materials": [
    {
      "item": {
        "tag": "forge:ingots/iron"
      },
      "count": 4
    },
    {
      "item": {
        "tag": "forge:ingots/copper"
      },
      "count": 5
    },
    {
      "item": {
        "tag": "forge:gunpowder"
      },
      "count": 8
    },
    {
      "item": {
        "item": "minecraft:paper"
      },
      "count": 1
    }
  ],
  "result": {
    "type": "ammo",
    "id": "antiques:11mm_mauser",
    "count": 9
  },
  "type": "tacz:gun_smith_table_crafting"
}