{
	"format_version": "1.8.0",
	"animations": {
		"idle": {
			"loop": true,
			"animation_length": 16.8,
			"bones": {
				"root": {
					"rotation": {
						"0.0": [0, 0, 0],
						"0.6": [0, 0, 0],
						"0.8": [0, 0, 0],
						"2.3": [0, 0.05, 0],
						"2.9": [0, 0, 0],
						"3.5": [0, 0, 0],
						"3.7": [0, 0, 0],
						"5.0": [0, -0.05, 0],
						"5.7": [0, 0, 0],
						"6.3": [0, 0, 0],
						"6.5": [0, 0, 0],
						"7.8": [0, -0.05, 0],
						"8.5": [0, 0, 0],
						"10.5": [0, -0.5, 0.1],
						"11.4": [0, -0.1, -0.15],
						"11.7": [-0.2, 0, -0.04],
						"12.1": [-0.96189, -0.02589, -0.8],
						"12.6": [-1.05184, -0.00945, -0.72368],
						"12.9": [-1.05, -0.01, -0.72],
						"13.3": [-0.8, -0.01, 0.3],
						"13.8": [-0.49222, 0.01103, 1.66146],
						"14.6": [0, 0, 0],
						"15.1": [0, 0, 0],
						"15.3": [0, 0, 0],
						"15.9": [0, 0, 0]
					},
					"position": {
						"0.0": [0, 0, 0],
						"0.6": [0, 0.025, 0],
						"1.0": [0, 0, 0],
						"1.7": [-0.01, -0.02, 0],
						"2.9": [0, 0, 0],
						"3.5": [0, 0.025, 0],
						"3.9": [0, 0, 0],
						"4.7": [-0.01, -0.02, 0],
						"5.7": [0, 0, 0],
						"6.3": [0, 0.025, 0],
						"6.7": [0, 0, 0],
						"7.5": [-0.01, -0.02, 0],
						"8.5": [0, 0, 0],
						"9.5": [0, -0.1, 0],
						"10.3": [0, -0.08, 0],
						"11.0": [0, -0.06, 0],
						"11.7": [0, -0.04, 0],
						"12.1": [0, 0.1, 0],
						"12.4": [0, 0.15, 0],
						"12.7": [0, 0.18, 0],
						"12.9": [0, 0.2, 0],
						"13.3": [0, 0.1, 0],
						"13.9": [0, -0.06, 0],
						"14.1": [0, -0.08, 0],
						"14.6": [0, 0, 0],
						"15.1": [0, 0.025, 0],
						"15.3": [0, 0, 0],
						"15.9": [0, 0, 0]
					}
				},
				"constraint": {
					"rotation": [0.3, 0.3, 0.3],
					"position": [0.3, 0.3, 0.3]
				},
				"weapon_positioning": {
					"rotation": {
						"0.0": [0, 0, 0],
						"0.4": [-0.04, -0.31, -0.4],
						"0.9": [-0.36, -0.31, -0.79],
						"1.3": [-0.3, -0.26, -0.22],
						"1.6": [-0.32, -0.19, 0.35],
						"2.0": [-0.21, -0.12, 0.26],
						"2.3": [-0.19, -0.03, 0.07],
						"2.7": [-0.24, 0.04, -0.07],
						"3.6": [-0.11, 0.03, 0.23],
						"4.2": [0, 0, 0],
						"4.6": [-0.04, -0.31, -0.4],
						"5.1": [-0.36, -0.31, -0.79],
						"5.5": [-0.3, -0.26, -0.22],
						"5.8": [-0.32, -0.19, 0.35],
						"6.2": [-0.21, -0.12, 0.26],
						"6.5": [-0.19, -0.03, 0.07],
						"6.9": [-0.24, 0.04, -0.07],
						"7.8": [-0.11, 0.03, 0.23],
						"8.4": [0, 0, 0],
						"8.8": [-0.04, -0.31, -0.4],
						"9.3": [-0.36, -0.31, -0.79],
						"9.7": [-0.3, -0.26, -0.22],
						"10.0": [-0.32, -0.19, 0.35],
						"10.4": [-0.21, -0.12, 0.26],
						"10.7": [-0.19, -0.03, 0.07],
						"11.1": [-0.24, 0.04, -0.07],
						"12.0": [-0.11, 0.03, 0.23],
						"12.6": [0, 0, 0],
						"13.0": [-0.04, -0.31, -0.4],
						"13.5": [-0.36, -0.31, -0.79],
						"13.9": [-0.3, -0.26, -0.22],
						"14.2": [-0.32, -0.19, 0.35],
						"14.6": [-0.21, -0.12, 0.26],
						"14.9": [-0.19, -0.03, 0.07],
						"15.3": [-0.24, 0.04, -0.07],
						"16.2": [-0.11, 0.03, 0.23],
						"16.8": [0, 0, 0]
					},
					"position": {
						"0.0": [0, 0, 0],
						"1.6": [-0.05, -0.02, 0],
						"3.7": [-0.03, -0.01, 0],
						"4.2": [0, 0, 0],
						"5.8": [-0.05, -0.02, 0],
						"7.9": [-0.03, -0.01, 0],
						"8.4": [0, 0, 0],
						"10.0": [-0.05, -0.02, 0],
						"12.1": [-0.03, -0.01, 0],
						"12.6": [0, 0, 0],
						"14.2": [-0.05, -0.02, 0],
						"16.3": [-0.03, -0.01, 0],
						"16.8": [0, 0, 0]
					}
				}
			}
		},
		"static_idle": {
			"loop": true,
			"bones": {
				"gew71": {
					"rotation": [3.95, 0.8, 3.72255],
					"position": [0.3, -0.9, -0.7]
				},
				"lefthand": {
					"rotation": [104.4, 312.26, -133.79],
					"position": [-6.74, -4.84, 26.66],
					"scale": [1, 1.5, 1]
				},
				"righthand": {
					"rotation": [121.87, 365.89, -152.95],
					"position": [7.7, -11, 36.4],
					"scale": [1, 1.5, 1]
				},
				"constraint": {
					"rotation": [0, 0, 0],
					"position": [0, 0, 0]
				},
				"weapon_positioning": {
					"rotation": [-4, -1, -3.5],
					"position": [-0.36, 0.8, 0.74]
				}
			}
		},
		"static_bolt_caught": {
			"loop": true,
			"bones": {
				"bolt_none_rotating": {
					"rotation": [0, 0, 0],
					"position": [0, 0, -0.32]
				},
				"constraint": {
					"rotation": [0, 0, 0],
					"position": [0, 0, 0]
				},
				"weapon_positioning": {
					"rotation": [-4, -1, -3.5],
					"position": [-0.36, 0.8, 0.74]
				},
				"gew71": {
					"rotation": [3.95, 0.8, 3.72255],
					"position": [0.3, -0.9, -0.7]
				}
			}
		},
		"slide": {
			"loop": true,
			"animation_length": 0.6667,
			"bones": {
				"root": {
					"rotation": {
						"0.0": [0, 0, 0],
						"0.125": [-1.99535, 0.85991, -0.92128],
						"0.3333": [-0.80012, 0.9999, 5.42604],
						"0.4583": [0.65925, 0.41153, 8.36971],
						"0.6667": [-0.32, 0.4, 6.37]
					},
					"position": {
						"0.0": [0, 0, 0],
						"0.2083": [0, 1.5, 0.8],
						"0.3333": [0, 2, 1.9],
						"0.4583": [0, 1.9, 1.9],
						"0.625": [0, 1.8, 1.9]
					}
				},
				"constraint": {
					"rotation": [0.01, 0.01, 0.01],
					"position": [0.01, 0.01, 0.01]
				}
			}
		},
		"slide_idle": {
			"loop": true,
			"bones": {
				"root": {
					"rotation": [-0.32, 0.4, 6.37],
					"position": [0, 1.8, 1.9]
				},
				"constraint": {
					"rotation": [0.01, 0.01, 0.01],
					"position": [0.01, 0.01, 0.01]
				}
			}
		},
		"slide_back": {
			"loop": true,
			"animation_length": 0.5417,
			"bones": {
				"root": {
					"rotation": {
						"0.0": [-0.32, 0.4, 6.37],
						"0.125": [-3.26667, 0, 5.30833],
						"0.2917": [-1.30852, -0.4, -2.28036],
						"0.4583": [0, 0, 0]
					},
					"position": {
						"0.0": [0, 1.8, 1.9],
						"0.1667": [0, 0.58, 0.67],
						"0.25": [0, -0.29, 0.47],
						"0.3333": [0, -0.59, 0.47],
						"0.5417": [0, 0, 0]
					}
				},
				"constraint": {
					"rotation": [0.01, 0.01, 0.01],
					"position": [0.01, 0.01, 0.01]
				}
			}
		},
		"draw": {
			"animation_length": 3.0833,
			"bones": {
				"gew71": {
					"rotation": {
						"0.0": [-93.4953, -38.21021, -47.0051],
						"0.7083": [-93.4953, -38.21021, -47.0051],
						"0.8333": [-10.96, -14.58, -24.04],
						"0.9583": [7.61552, -4.26048, -14.01322],
						"1.0833": [9.77, -6.44, -3.27],
						"1.2083": [8.28741, -6.5802, 6.17993],
						"1.4167": [0.25821, -3.59816, 6.50898],
						"1.5417": [3.44795, -3.35152, 2.29711],
						"1.6667": [4.47, -3.9, 0.49],
						"1.75": [4.5, -3.31224, -3],
						"1.875": [3.9, -2.4, -8.27119],
						"1.9583": [4.9, -2.5, 1.65905],
						"2.0417": [5.6, -2, 5.65995],
						"2.1667": [2.92844, -2.10344, 7.65855],
						"2.25": [5.93795, -1.28259, 8.75092],
						"2.3333": [6.9642, -2.08672, 6.65529],
						"2.5833": [8.17, -3.26, 8.56],
						"2.7083": [8.40755, -1.66379, 4.80027],
						"2.9167": [6.16, 2.68, 0.46],
						"3.0833": [3.95, 0.8, 3.72255]
					},
					"position": {
						"0.0": [-7.7, -7.9, 5],
						"0.7083": [-7.7, -7.9, 5],
						"0.8333": [-1.72, -4.57, 1.99],
						"0.9583": [0.89, -1.62, 0.68],
						"1.0833": [1.25, -1.91, -0.77],
						"1.1667": [1.2, -1.73, -1.51],
						"1.3333": [0.54, -0.12, 0.01],
						"1.4583": [0.1, -0.99, 0.1],
						"1.5833": [0.1, -0.95, -0.3],
						"1.6667": [0.15, -0.95, -0.3],
						"1.75": [0.15, -1.16, -0.45],
						"1.7917": [0.15, -1.16, -0.45],
						"1.875": [0.1, -1.26, -0.45],
						"1.9583": [0.2, -1.06, -0.7],
						"2.0417": [0.35, -0.86, -0.7],
						"2.0833": [0.35, -0.76, -0.7],
						"2.125": [0.5, -1, -0.7],
						"2.2083": [0.65, -1, -0.7],
						"2.2917": [0.8, -1, -0.7],
						"2.3333": [0.8, -0.9, -0.7],
						"2.4583": [0.75, -1.1, -0.7],
						"2.5417": [0.76, -1.1, -0.7],
						"2.7083": [0.8, -1.1, -0.7],
						"2.875": [0.5, -0.3, -0.7],
						"3.0833": [0.3, -0.9, -0.7]
					}
				},
				"righthand": {
					"rotation": {
						"0.0": [219.35375, 403.5658, 27.88042],
						"0.1667": [203.00544, 412.50505, 6.07771],
						"0.3333": [223.24, 401.34, 15.97],
						"0.4167": [230.9, 399.28, 17.89],
						"0.5417": [229.66, 400.21, 16.41],
						"0.7083": [226.4743, 402.5956, 12.61569],
						"0.75": [218.15837, 404.03009, 10.69684],
						"0.8333": [129.61016, 365.19183, -144.93784],
						"1.0833": [121.87, 365.89, -152.95],
						"1.625": [121.87, 365.89, -152.95],
						"1.7917": [125.34897, 375.85168, -178.78276],
						"1.875": [125.34897, 375.85168, -178.78276],
						"2.0": [119.97, 361.09, -153.47],
						"2.0417": [119.97, 361.09, -153.47],
						"2.1667": [119.53438, 353.59028, -140.45505],
						"2.375": [119.53438, 353.59028, -140.45505],
						"2.5833": [121.87, 365.89, -152.95],
						"3.0833": [121.87, 365.89, -152.95]
					},
					"position": {
						"0.0": [0.83, 15.22, 18.93],
						"0.1667": [1.23, 4.82, 26.93],
						"0.3333": [0.59, 0.74, 26.93],
						"0.4167": [1.15, 0.97, 25.63],
						"0.5417": [0.61, 3.04, 24.5],
						"0.7083": [-0.77, 8.38, 21.61],
						"0.75": [0.43, 8.42, 21.63],
						"0.8333": [2.53, -11.3, 35.45],
						"1.0833": [7.7, -11, 36.4],
						"1.625": [7.7, -11, 36.4],
						"1.7917": [6.6, -7.8, 34.1],
						"1.875": [6.6, -7.8, 34.1],
						"1.9583": [6.91, -7.8, 33.9],
						"2.0": [7.22, -8.2, 33.4],
						"2.0417": [7.42, -8.2, 33.4],
						"2.125": [7.35, -9.35, 32.9],
						"2.1667": [7, -10.8, 32.4],
						"2.375": [7, -10.8, 32.4],
						"2.5": [6.89, -10.67, 35.25],
						"2.5833": [7.7, -11, 36.4],
						"3.0833": [7.7, -11, 36.4]
					},
					"scale": [1, 1.5, 1]
				},
				"lefthand": {
					"rotation": {
						"0.0": [89.97963, 325.30174, -101.03879],
						"0.25": [89.97963, 325.30174, -101.03879],
						"0.7083": [89.97963, 325.30174, -101.03879],
						"0.875": [90.75, 320.91, -125.38],
						"2.375": [90.75, 320.91, -125.38],
						"2.7083": [90.75, 320.91, -125.38],
						"2.8333": [94.98227, 319.87326, -125.21596],
						"3.0": [104.4, 312.26, -133.79]
					},
					"position": {
						"0.0": [-6.94, 2.16, 29.46],
						"0.25": [-6.94, 2.16, 29.46],
						"0.7083": [-6.94, 1.56, 26.66],
						"0.875": [-6.34, 0.16, 26.66],
						"2.375": [-6.34, 0.16, 26.66],
						"2.7083": [-6.34, 0.16, 26.66],
						"2.8333": [-6.47, -1.51, 26.66],
						"3.0": [-6.74, -4.84, 26.66]
					},
					"scale": [1, 1.5, 1]
				},
				"gun_and_lefthand": {
					"rotation": {
						"0.0": [0, 0, 0],
						"0.2917": [0, 0, 0],
						"0.5833": [45.63246, 16.8801, -15.85609],
						"0.7083": [63.98286, 0.3476, 6.52686],
						"0.8333": [0, 0, 0],
						"0.9583": [0, 0, 0]
					},
					"position": {
						"0.0": [0, 0, 0],
						"0.2917": [0, 0, 0],
						"0.5833": [-2.1, 0, -4.7],
						"0.7083": [-2.2, -3.6, -3.1],
						"0.8333": [0, 0, 0],
						"0.9583": [0, 0, 0]
					}
				},
				"flag_safety": {
					"rotation": {
						"0.0": [0, 0, -180],
						"1.875": [0, 0, -180],
						"1.9583": [0, 0, -99],
						"2.0833": [0, 0, -82.5],
						"2.1667": [0, 0, 0]
					},
					"position": {
						"0.0": [0, 0, 0],
						"1.875": [0, 0, 0],
						"1.9583": [0, 0, 0],
						"2.0833": [0, 0, 0],
						"2.1667": [0, 0, 0]
					}
				},
				"constraint": {
					"rotation": {
						"0.0": [0, 0, 0],
						"0.7083": [0.8, 0, 0.7],
						"2.7083": [0.8, 0, 0.7],
						"3.0833": [0, 0, 0]
					},
					"position": {
						"0.0": [0.3, 0.3, 0.3],
						"0.7083": [0, 1, 0],
						"2.7083": [0, 1, 0],
						"3.0833": [0, 0, 0]
					}
				},
				"camera": {
					"rotation": {
						"0.0": [0, 0, 0],
						"0.25": [0, 0, 0],
						"0.4167": [-0.03492, -0.1, 0.3],
						"0.5417": [0.2, -0.1, 0.5],
						"0.7083": [0.5, 0, 0.5],
						"0.7917": [0.5, 0, 0.5],
						"1.0417": [0.65, 0, 0.5],
						"1.3333": [0, 0, 0],
						"1.4583": [0.25, 0, -0.3],
						"1.5": [0.15, 0, -0.15],
						"1.5833": [0, 0, 0],
						"1.6667": [0, 0, 0],
						"1.75": [0, 0, -0.3],
						"1.7917": [0, 0, -0.3],
						"1.9167": [0, 0, -0.3],
						"2.0417": [0, 0, -0.1],
						"2.1667": [0, 0, -0.2],
						"2.25": [0.3, 0, 0.2],
						"2.375": [0.15, 0, 0.1],
						"2.5833": [0.15, 0, 0.1],
						"2.75": [-0.15, 0, 0],
						"2.9167": [0, 0, 0],
						"3.0833": [0, 0, 0]
					},
					"position": {
						"0.0": [0, 0, 0],
						"0.25": [0, 0, 0],
						"0.4167": [0, 0, 0],
						"0.5417": [0, 0, 0],
						"0.7083": [0, 0, 0],
						"1.6667": [0, 0, 0],
						"1.75": [0, 0, 0],
						"1.7917": [0, 0, 0],
						"1.9167": [0, 0, 0],
						"2.0417": [0, 0, 0],
						"2.1667": [0, 0, 0],
						"2.25": [0, 0, 0],
						"2.375": [0, 0, 0],
						"2.5833": [0, 0, 0],
						"2.75": [0, 0, 0],
						"2.9167": [0, 0, 0],
						"3.0833": [0, 0, 0]
					}
				},
				"weapon_positioning": {
					"rotation": [-4, -1, -3.5],
					"position": [-0.36, 0.8, 0.74]
				}
			}
		},
		"shoot": {
			"animation_length": 1.2083,
			"bones": {
				"constraint": {
					"rotation": {
						"0.0": [1, 1, 1],
						"0.9167": [1, 1, 1],
						"1.0417": [0.2, 0.2, 0.2],
						"1.1667": [0, 0, 0]
					},
					"position": {
						"0.0": [1, 1, 1],
						"0.9167": [1, 1, 1],
						"1.0417": [0.2, 0.2, 0.2],
						"1.1667": [0, 0, 0]
					}
				},
				"root": {
					"rotation": {
						"0.0": [0, 0, 0],
						"0.0417": [0, 0, 0],
						"0.0833": [-7.8, -0.37502, -8.3504],
						"0.1667": [-3.95282, 0.25401, -6.14508],
						"0.25": [-2.30527, 0.42677, -9.62678],
						"0.3333": [-1.59, -0.14, -8.28],
						"0.375": [-0.16978, -1.2705, -5.58936],
						"0.4167": [1.13, -0.82, -3.02],
						"0.5": [3.99757, -0.13948, 2.99513],
						"0.5833": [4.99939, -0.0349, 2.9997],
						"0.7083": [1.99939, -0.0349, 2.9997],
						"0.9167": [-0.9997, -0.0349, -0.99939],
						"1.1667": [0, 0, 0]
					},
					"position": {
						"0.0": [0, 0, 0],
						"0.0417": [0, 0, 0],
						"0.125": [0, 0.4, 1.2],
						"0.2083": [0, 0.51, 0.8],
						"0.25": [0, 0.31, 0.6],
						"0.3333": [0, 0.14, 0.48],
						"0.375": [0, -0.19, 0.25],
						"0.4583": [0, -0.59, 0],
						"0.5417": [0, -0.55, 0],
						"0.625": [-0.08, -0.4, 0],
						"0.7083": [-0.1, -0.25, 0],
						"0.875": [0, 0, 0]
					}
				},
				"camera": {
					"rotation": {
						"0.0": [0, 0, 0],
						"0.0417": [0, 0, 0],
						"0.0833": [-3.89, -0.29, -0.17],
						"0.1667": [-1.47, -0.78, -1.44],
						"0.3333": [-0.55, -0.49, -0.94],
						"0.4167": [0.84, -0.05, -0.19],
						"0.75": [-0.6, 0, 0],
						"0.9583": [0, 0, 0],
						"1.1667": [0, 0, 0]
					},
					"position": {
						"0.0": [0, 0, 0],
						"0.0417": [0, 0, 0],
						"0.0833": [-0.1, 0, 0],
						"0.1667": [-0.1, 0, 0],
						"0.3333": [-0.09, 0, 0],
						"1.1667": [0, 0, 0]
					}
				},
				"iron_view": {
					"rotation": {
						"0.0": [0, 0, 0],
						"0.0417": [0, 0, 0],
						"0.0833": [-3.89, -0.29, -0.17],
						"0.1667": [-1.47, -0.78, -1.44],
						"0.3333": [-0.55, -0.49, -0.94],
						"0.4167": [0.84, -0.05, -0.19],
						"0.75": [-0.6, 0, 0],
						"0.9583": [0, 0, 0],
						"1.1667": [0, 0, 0]
					},
					"position": {
						"0.0": [0, 0, 0],
						"0.0417": [0, 0, 0],
						"0.0833": [-0.1, 0, 0],
						"0.1667": [-0.1, 0, 0],
						"0.3333": [-0.09, 0, 0],
						"1.1667": [0, 0, 0]
					}
				}
			}
		},
		"inspect_empty": {
			"animation_length": 7.0833,
			"bones": {
				"gew71": {
					"rotation": {
						"0.0": [3.95, 0.8, 3.72255],
						"0.1667": [8.48802, 0.81459, -4.7219],
						"0.375": [9.66055, 0.83283, -15.27747],
						"0.5417": [8.60576, 1.28325, -18.24398],
						"0.6667": [7.60788, 1.28163, -18.24199],
						"0.7917": [6.27, 1.28, -18.24],
						"1.375": [5.60504, 1.2731, -17.85324],
						"2.125": [6.211, 1.16529, -16.85527],
						"2.75": [6.65, 1.16529, -16.85527],
						"3.0": [7.72621, 0.58731, -11.89346],
						"3.2083": [6.72602, -0.40581, -12.01058],
						"3.2917": [6.3, -0.41, -12.01],
						"3.4167": [7.33, -0.41, -12.01],
						"3.5417": [7.93, -0.41, -12.01],
						"3.6667": [7.97, -0.31, -12.72],
						"3.7917": [7.67, -0.24, -13.2],
						"4.4583": [7.93, -0.24, -13.2],
						"5.4167": [8.23, -0.35, -12.39],
						"5.875": [8.43, -0.37, -12.03],
						"6.2083": [12.08309, 1.86851, -9.96086],
						"6.4583": [7.83549, 5.71162, -19.18466],
						"6.5833": [7.85612, 6.72127, -14.99995],
						"6.6667": [8.64075, 6.62932, -10.5741],
						"6.7917": [9.65718, 3.39384, -3.87453],
						"7.0417": [3.95, 0.8, 3.72255],
						"7.0833": [3.95, 0.8, 3.72]
					},
					"position": {
						"0.0": [0.3, -0.9, -0.7],
						"0.1667": [0.23, -1.3, -0.97],
						"0.375": [0.15, -1.35, -1.55],
						"0.5": [0.1, -1.1, -1.55],
						"0.6667": [0.1, -1.2, -1.55],
						"0.7917": [0.1, -1.37, -1.55],
						"1.375": [0.1, -1.7, -1.55],
						"2.125": [0.1, -1.65, -1.55],
						"2.75": [0.1, -1.55, -1.55],
						"3.0": [0.1, -1.75, -1.55],
						"3.2083": [0.1, -1.45, -1.55],
						"3.2917": [0.1, -1.35, -1.55],
						"3.4167": [0.1, -1.51, -1.55],
						"3.5417": [0.1, -1.51, -1.55],
						"3.6667": [0.1, -1.63, -1.55],
						"3.875": [0.1, -1.51, -1.55],
						"4.2917": [0.1, -1.44, -1.55],
						"5.5417": [0.1, -1.49, -1.55],
						"5.8333": [0.1, -1.5, -1.55],
						"6.2083": [0.18, -1.75, -1.12],
						"6.4583": [0.03, -1.85, -0.66],
						"6.5417": [-0.14, -1.95, -0.66],
						"6.7083": [0.23, -1.58, -0.66],
						"6.9167": [0.27, -0.94, -0.78],
						"7.0833": [0.3, -0.9, -0.7]
					}
				},
				"righthand": {
					"rotation": {
						"0.0": [121.87, 365.89, -152.95],
						"0.5": [130.06406, 376.66319, -181.91603],
						"2.8333": [130.06406, 376.66319, -181.91603],
						"3.0833": [120.87, 365.89, -152.95],
						"3.4583": [111.53497, 365.78675, -111.35352],
						"5.875": [111.53, 365.79, -111.35],
						"6.125": [111.53, 365.79, -111.35],
						"6.4583": [120.87, 365.89, -152.95],
						"7.0833": [121.87, 365.89, -152.95]
					},
					"position": {
						"0.0": [7.7, -11, 36.4],
						"0.5": [7.7, -10.5, 36.5],
						"2.8333": [7.7, -10.5, 36.5],
						"3.0833": [7.7, -10.5, 36.5],
						"3.4583": [1.7, -9.9, 37.5],
						"5.875": [1.7, -9.9, 37.5],
						"6.125": [1.7, -9.9, 37.5],
						"6.4583": [7.7, -10.5, 36.5],
						"7.0833": [7.7, -11, 36.4]
					},
					"scale": [1, 1.5, 1]
				},
				"lefthand": {
					"rotation": {
						"0.0": [104.4, 312.26, -133.79],
						"0.5": [89.76719, 309.07674, -109.5495],
						"2.8333": [89.77, 309.08, -109.55],
						"3.0833": [90.75391, 310.07991, -109.52913],
						"3.4583": [96.60818, 312.06971, -109.33423],
						"3.5417": [96.48406, 313.06319, -109.1657],
						"5.875": [96.48406, 313.06319, -109.1657],
						"6.125": [96.48406, 313.06319, -109.1657],
						"6.4583": [96.2, 313.11, -119.76],
						"6.5": [97.37913, 313.12156, -122.40855],
						"6.5417": [99.30293, 313.1566, -126.08922],
						"6.625": [103.4, 312.26, -133.79],
						"6.875": [104.4, 312.26, -133.79],
						"7.0833": [104.4, 312.26, -133.79]
					},
					"position": {
						"0.0": [-6.74, -4.84, 26.66],
						"0.3333": [-4.89, -4.29, 26.66],
						"0.5": [-3.84, -4.34, 26.66],
						"2.8333": [-3.84, -4.34, 26.66],
						"3.0833": [-3.84, -4.34, 26.66],
						"3.4583": [-4.74, -5.24, 26.66],
						"3.5417": [-4.74, -5.24, 26.66],
						"5.875": [-4.74, -5.24, 26.66],
						"6.125": [-4.74, -5.24, 26.66],
						"6.4583": [-5.49, -3.27, 26.66],
						"6.5": [-5.68, -3.48, 26.66],
						"6.5417": [-6.1, -3.6, 26.66],
						"6.625": [-6.74, -4.24, 26.66],
						"6.875": [-6.74, -4.84, 26.66],
						"7.0833": [-6.74, -4.84, 26.66]
					},
					"scale": [1, 1.5, 1]
				},
				"gew71_default": {
					"rotation": {
						"0.0": [0, 0, 0],
						"2.8333": [0, 0, 0],
						"3.25": [-1, 0, 39],
						"3.4583": [-3.00183, 1.99726, 65.89529],
						"3.5417": [-3.00046, 0.99863, 65.94766],
						"3.6667": [-3.05, 0.84, 62.95],
						"5.875": [-3.05, 0.84, 62.95],
						"6.0": [-3.00183, 1.99726, 65.89529],
						"6.125": [-2.33, 1.33, 56.93],
						"6.2083": [-1, 0, 39],
						"6.4583": [0, 0, 6],
						"6.7083": [0, 0, 6],
						"7.0833": [0, 0, 0]
					},
					"position": {
						"0.0": [0, 0, 0],
						"2.8333": [0, 0, 0],
						"3.25": [0, -0.5, 0],
						"3.4583": [0, -0.8, 0],
						"3.5417": [0, -0.8, 0],
						"3.6667": [0, -0.86, 0],
						"5.875": [0, -0.86, 0],
						"6.0": [0, -0.8, 0],
						"6.125": [0, -0.7, 0],
						"6.2083": [0, -0.5, 0],
						"6.4583": [0, 0, 0],
						"6.7083": [0, 0, 0],
						"7.0833": [0, 0, 0]
					}
				},
				"bullet_in_barrel": {
					"rotation": [0, 0, 0],
					"position": [0, -1.38, 0.2]
				},
				"weapon_positioning": {
					"rotation": [-4, -1, -3.5],
					"position": [-0.36, 0.8, 0.74]
				}
			}
		},
		"reload_empty": {
			"animation_length": 5.5,
			"bones": {
				"gew71": {
					"rotation": {
						"0.0": [3.95, 0.8, 3.72255],
						"0.0833": [5.87742, 2.03246, 1.98205],
						"0.2917": [-1.1208, 1.34989, 2.6306],
						"0.375": [-3.74595, 2.33925, 0.45213],
						"0.4583": [-1.43, 2.53, 0.6],
						"0.5417": [-0.43, 2.53, 0.6],
						"0.625": [0.56091, 2.53, 0.6],
						"0.6667": [0.51, 2.53, 0.04],
						"0.8333": [0.08888, 3.57418, -8.09038],
						"0.9583": [0.03134, 4.5063, -8.62426],
						"1.0": [0.97, 5.65, -3.77],
						"1.0833": [0.72487, 6.7, -1.56868],
						"1.25": [-0.16, 4.63, -1.61],
						"1.3333": [0.83691, 5.1, -1.60574],
						"1.4167": [-3.92836, 6.61695, -23.42],
						"1.5": [-6.87566, 8.09257, -36.14039],
						"1.625": [-9.8657, 7.09213, -36.07195],
						"1.75": [-7.2, 8.14, -32.4],
						"1.8333": [-4.39, 8.22, -25.23],
						"2.0417": [0.83691, 5.1, -1.60574],
						"2.125": [-0.08964, 4.08484, -0.62226],
						"2.2917": [6.58033, 2.7, 2.95471],
						"2.5": [6.57, 3.83, 2.85],
						"2.7083": [10.32, 3.74, 2.81],
						"3.0": [4.83, 3.61, -0.31],
						"3.125": [3.24443, 3.66396, -1.00949],
						"3.2917": [3.30786, 3.60681, -0.1],
						"3.4583": [3.5, 3.55, -0.05],
						"3.5833": [3.52, 3.5, -0.01],
						"3.625": [3.52, 3.5, -0.01],
						"3.75": [5.52, 3.5, -0.01],
						"3.8333": [7.57949, 2.8, 0.98311],
						"3.9583": [9.70193, 1.73174, 3.94016],
						"4.0417": [10.02825, 1.1, 4.92517],
						"4.0833": [10.02825, 1.1, 4.92517],
						"4.1667": [8.96, 3.54, 2.05],
						"4.25": [7.34567, 7.19048, -2.26383],
						"4.3333": [7.27944, 8.70808, -8.25854],
						"4.4583": [7.33, 8.27, -4.78],
						"5.0417": [6.90669, 1.84629, 2.90212],
						"5.125": [5.73, 2.32, 2.07],
						"5.4167": [3.95, 0.8, 3.72255]
					},
					"position": {
						"0.0": [0.3, -0.9, -0.7],
						"0.0833": [0.3, -0.6, -0.1],
						"0.2917": [0.3, -0.98, -0.16],
						"0.375": [0.3, -1.67, -0.14],
						"0.4583": [0.3, -2.16, -0.08],
						"0.5": [0.3, -2.02, -0.08],
						"0.625": [0.3, -1.62, -0.08],
						"0.7083": [0.3, -1.62, -0.08],
						"0.9583": [0.3, -1.62, -0.08],
						"1.0417": [0.54, -1.39, -0.08],
						"1.125": [0.7, -1.27, -0.08],
						"1.25": [0.4, -1.53, 0.12],
						"1.375": [0.4, -1.33, -0.08],
						"1.5": [-0.5, -2.8, -1],
						"1.625": [-0.5, -3.4, -0.9],
						"1.75": [-0.22, -3.05, -0.89],
						"1.9167": [-0.07, -2.18, -0.7],
						"2.0417": [0.4, -1.33, -0.08],
						"2.125": [0.4, -1.53, -0.08],
						"2.2917": [0.4, -1.54, -0.08],
						"2.4583": [0.4, -1.37, -0.08],
						"2.7917": [0.4, -0.97, -0.08],
						"3.0": [0.4, -1.97, -0.08],
						"3.0833": [0.4, -1.97, -0.08],
						"3.2083": [0.4, -1.87, -0.08],
						"3.375": [0.4, -1.77, -0.08],
						"3.5": [0.4, -1.77, -0.08],
						"3.625": [0.4, -1.77, -0.08],
						"3.75": [0.4, -1.47, -0.08],
						"3.8333": [0.4, -1.27, -0.08],
						"3.9583": [0.4, -1.37, -0.08],
						"4.0417": [0.4, -1.21, -0.08],
						"4.0833": [0.4, -1.21, -0.08],
						"4.1667": [0.4, -1.21, -0.16],
						"4.25": [0.4, -1.21, -0.28],
						"4.3333": [0.4, -1.21, -0.28],
						"4.5": [0.4, -1.71, -0.28],
						"4.5833": [0.47, -1.51, -0.28],
						"4.875": [0.47, -1.51, -0.7],
						"4.9583": [0.4, -1.71, -0.7],
						"5.25": [0.3, -0.7, -0.7],
						"5.4167": [0.3, -0.9, -0.7]
					}
				},
				"mag_and_righthand": {
					"rotation": {
						"0.0": [0, 0, 0],
						"2.5417": [0, 0, 0],
						"3.125": [-12.73316, -5.86821, -24.34467],
						"3.375": [0, -5, 0],
						"3.4583": [10, 0, 0],
						"3.5417": [10, 0, 0],
						"3.75": [10, 0, 0],
						"4.375": [10, 0, 0],
						"4.5": [10, 0, 0],
						"4.625": [10, 0, 0],
						"4.7917": [0, 0, 0],
						"5.5": [0, 0, 0]
					},
					"position": {
						"0.0": [0, 0, 0],
						"2.5417": [0, 0, 0],
						"3.125": [-1.8, 8.8, -10.5],
						"3.375": [4.8, 6.4, -15],
						"3.4583": [3.1, 0.1, -16],
						"3.5417": [3.1, -0.2, -16.5],
						"3.75": [3.1, -0.2, -16.5],
						"4.375": [3.1, -0.2, -16.5],
						"4.5": [3.1, -0.2, -16.5],
						"4.625": [3.1, -0.2, -14.2],
						"4.7917": [0, 0, 0],
						"5.5": [0, 0, 0]
					}
				},
				"righthand": {
					"rotation": {
						"0.0": [121.87, 365.89, -152.95],
						"0.4583": [120.87, 365.89, -152.95],
						"0.8333": [91.34986, 391.21363, -255.77136],
						"0.9167": [91.34986, 391.21363, -255.77136],
						"1.0": [104.57515, 394.66768, -218.78426],
						"1.0417": [110.65, 389.6, -203.7],
						"1.0833": [122.79998, 379.4712, -173.5288],
						"1.1667": [122.79998, 379.4712, -173.5288],
						"1.25": [122.79998, 379.4712, -173.5288],
						"1.3333": [122.79998, 379.4712, -173.5288],
						"1.5833": [122.79998, 379.4712, -173.5288],
						"2.0417": [122.79998, 379.4712, -173.5288],
						"2.2083": [127.12682, 369.4069, -164.57731],
						"2.375": [127.29195, 358.88097, -150.13819],
						"2.6667": [133.34218, 366.43952, -134.96317],
						"3.125": [133.34218, 366.43952, -134.96317],
						"3.375": [129.78, 367.73, -139.4],
						"3.5417": [129.78, 367.73, -139.4],
						"3.7083": [136.10273, 369.21978, -146.01063],
						"3.875": [141.32856, 364.20682, -149.64458],
						"4.0": [146.95024, 356.67872, -143.58392],
						"4.125": [146.95024, 356.67872, -143.58392],
						"4.2083": [146.95, 356.68, -143.58],
						"4.25": [146.95, 356.68, -143.58],
						"4.375": [145.96517, 373.4018, -154.63489],
						"4.625": [146.99738, 378.34707, -158.1687],
						"4.7917": [120.87, 365.89, -152.95],
						"5.5": [121.87, 365.89, -152.95]
					},
					"position": {
						"0.0": [7.7, -11, 36.4],
						"0.4583": [7.7, -10.7, 35.9],
						"0.8333": [-1.9, 0, 33],
						"0.9167": [-1.9, 0, 33],
						"1.0": [0.65, 0.05, 32.75],
						"1.0417": [2.97, -0.3, 32.6],
						"1.0833": [5.5, -2.5, 31.7],
						"1.1667": [5.7, -2.5, 32.1],
						"1.25": [5.6, -2.5, 36],
						"1.3333": [5.6, -2.5, 36],
						"1.5833": [6, -2.5, 36.2],
						"2.0417": [6, -2.5, 36.2],
						"2.2083": [4.81, -7.99, 36.01],
						"2.375": [2.42, -12.36, 36.04],
						"2.6667": [-2.37, -15.47, 43.13],
						"3.125": [-2.37, -15.47, 43.13],
						"3.375": [-1.37, -15.18, 44.42],
						"3.5417": [-1.37, -15.18, 44.42],
						"3.75": [-2.37, -16.98, 44.42],
						"3.875": [-0.97, -17.53, 46.32],
						"4.0": [0.03, -18.28, 45.22],
						"4.125": [0.03, -18.28, 45.22],
						"4.2083": [0.03, -17.48, 41.52],
						"4.25": [0.03, -17.48, 41.52],
						"4.375": [-2.27, -18.28, 43.52],
						"4.625": [-2.27, -19.78, 43.52],
						"4.6667": [0.22, -17.01, 43.32],
						"4.75": [5.21, -12.8, 39.27],
						"4.7917": [7.7, -10.7, 35.9],
						"5.5": [7.7, -11, 36.4]
					},
					"scale": [1, 1.5, 1]
				},
				"bullet": {
					"rotation": {
						"0.0": [0, 0, 0],
						"2.25": [0, 0, 0],
						"3.5417": [0, 0, 0],
						"3.6667": [-9, 0, 0],
						"3.75": [-10, 0, 0],
						"3.8333": [-9, 0, 0],
						"4.125": [-9, 0, 0],
						"4.25": [-9, 0, 0],
						"4.5": [-9, 0, 0],
						"4.7917": [-9, 0, 0],
						"5.5": [0, 0, 0]
					},
					"position": {
						"0.0": [0, 0, 0],
						"2.25": [0, 0, 0],
						"3.5417": [-3.2, -0.2, 1],
						"3.6667": [-3.1, -0.4, 0.9],
						"3.75": [-3.1, -0.4, 0.9],
						"3.8333": [-3.1, -0.4, 0.9],
						"4.125": [-3.1, -0.4, 0.9],
						"4.1667": [-3.05, -0.09, -1.12],
						"4.2083": [-3, 0.32, -3.17],
						"4.25": [-3, 0.32, -3.17],
						"4.5": [-3, 0.32, -3.17],
						"4.5417": [-3, -0.75, -3.17],
						"4.625": [-3, -0.78, -3.17],
						"4.6667": [-2.3, 0.38, -3.17],
						"4.7083": [-1.34, 1.28, -3.17],
						"4.7917": [-0.16, 1.15, -3.17],
						"5.5": [0, 0, 0]
					}
				},
				"lefthand": {
					"rotation": {
						"0.0": [104.4, 312.26, -133.79],
						"0.0833": [103.4, 312.26, -133.79],
						"0.2917": [101.86774, 310.11972, -123.71297],
						"0.4583": [102.73301, 312.5663, -136.83343],
						"1.2083": [102.73301, 312.5663, -136.83343],
						"1.5": [98.46351, 332.14237, -131.56179],
						"1.9167": [98.46351, 332.14237, -131.56179],
						"2.1667": [102.73301, 312.5663, -136.83343],
						"4.75": [102.73301, 312.5663, -136.83343],
						"4.9167": [102.84341, 313.75618, -130.40659],
						"5.0833": [104.4, 312.26, -133.79],
						"5.5": [104.4, 312.26, -133.79]
					},
					"position": {
						"0.0": [-6.74, -4.84, 26.66],
						"0.0833": [-6.74, -4.84, 26.66],
						"0.2917": [-6.74, -4.84, 26.66],
						"0.4583": [-6.74, -3.94, 27.46],
						"1.2083": [-6.74, -3.94, 27.46],
						"1.5": [-10.94, 2.26, 28.2],
						"1.9167": [-10.94, 2.26, 28.2],
						"2.1667": [-6.74, -3.94, 27.46],
						"4.75": [-6.74, -3.94, 27.46],
						"4.9167": [-6.74, -4.35, 26.66],
						"5.0833": [-6.74, -4.84, 26.66],
						"5.5": [-6.74, -4.84, 26.66]
					},
					"scale": [1, 1.5, 1]
				},
				"bolt": {
					"rotation": {
						"0.0": [0, 0, 0],
						"0.8333": [0, 0, 0],
						"0.9167": [0, 0, 0],
						"5.5": [0, 0, 0]
					},
					"position": {
						"0.0": [0, 0, 0],
						"0.8333": [0, 0, 0],
						"0.9167": [0, 0, 0],
						"1.0": [0, 0, 0],
						"1.0833": [0, 0, 0],
						"1.1667": [0, 0, 0],
						"1.25": [0, 0, 3.9],
						"4.125": [0, 0, 3.9],
						"4.2083": [0, 0, 0],
						"4.25": [0, 0, 0],
						"4.375": [0, 0, 0],
						"5.5": [0, 0, 0]
					}
				},
				"bullet_in_barrel": {
					"rotation": {
						"0.0": [0, 0, 0],
						"1.1667": [0, 0, 0],
						"1.25": [0, 0, 0],
						"1.2917": [-13, 0, 0],
						"1.375": [-9.56, 5.47, -0.58],
						"1.4583": [-6.78843, 27.83324, -3.18116],
						"1.5417": [-8.92684, 47.65258, -6.62186],
						"1.625": [-11.87122, 59.46074, -10.26216],
						"1.7083": [0, 0, 0],
						"1.75": [0, 0, 0],
						"1.7917": [0, 0, 0],
						"4.375": [0, 0, 0],
						"4.4167": [0, 0, 0],
						"5.5": [0, 0, 0]
					},
					"position": {
						"0.0": [0, 0, 0],
						"1.1667": [0, 0, 0.2],
						"1.25": [0, 0, 4.15],
						"1.3333": [-0.2, 0, 4.05],
						"1.4167": [-0.3, 0.02, 3.95],
						"1.4583": [-2.2, 0.12, 3.55],
						"1.5833": [-4.6, -0.88, 3.45],
						"1.7083": [-8.4, -3.88, 3.45],
						"1.75": [-8.4, -3.88, 3.45],
						"1.7917": {
							"pre": [-8.4, -3.88, 3.45],
							"post": [0, -0.8, 0.2]
						},
						"4.375": [0, -0.8, 0.2],
						"4.4167": {
							"pre": [0, -0.8, 0.2],
							"post": [0, 0, 0]
						},
						"5.5": [0, 0, 0]
					}
				},
				"bolt_rotate": {
					"rotation": {
						"0.0": [0, 0, 0],
						"0.9167": [0, 0, 0],
						"1.0": [-1, 0, 50],
						"1.0833": [0, 0, 90],
						"1.1667": [0, 0, 90],
						"4.125": [0, 0, 90],
						"4.2083": [0, 0, 90],
						"4.25": [0, 0, 90],
						"4.375": [0, 0, 0]
					},
					"position": {
						"0.0": [0, 0, 0],
						"0.9167": [0, 0, 0]
					}
				},
				"camera": {
					"rotation": {
						"0.0": [0, 0, 0],
						"0.0833": [0, 0, 0],
						"0.2083": [-0.15, 0, 0],
						"0.2917": [-0.2, 0, 0],
						"0.4583": [0.15, 0, 0],
						"0.625": [0, 0, 0],
						"0.75": [0, 0, 0],
						"0.875": [0, 0, -0.15],
						"0.9583": [0, 0, -0.15],
						"1.0833": [0, 0, 0.1],
						"1.25": [-0.35, 0, 0],
						"1.375": [0, 0, 0],
						"1.5": [0.3, 0, -0.3],
						"1.7083": [0.36, 0, -0.4],
						"1.9583": [0, 0, 0],
						"2.0417": [0, 0, 0],
						"2.2917": [0.35, 0, 0],
						"2.5": [0.45, 0, 0],
						"2.625": [0.45, 0, 0],
						"2.7083": [0.65, 0, 0],
						"2.8333": [0.65, 0, 0],
						"3.0417": [-0.18, 0, 0],
						"3.375": [0, 0, 0],
						"3.7083": [0, 0, 0],
						"3.9583": [0.15, 0, 0.2],
						"4.0833": [0.15, 0, 0.2],
						"4.2083": [0, 0, 0.12],
						"4.2917": [0, 0, 0.12],
						"4.375": [0.15, 0, -0.1],
						"4.4583": [-0.05, 0, 0.05],
						"4.7083": [0, 0, 0],
						"4.7917": [0, -0.05, 0.106],
						"4.875": [0, -0.08, 0.11],
						"5.0417": [0, 0, 0.05],
						"5.25": [0, 0, 0],
						"5.5": [0, 0, 0]
					},
					"position": {
						"0.0": [0, 0, 0],
						"0.0833": [0, 0, 0],
						"0.2083": [0, 0, 0],
						"0.625": [0, 0, 0],
						"0.75": [0, 0, 0],
						"0.9583": [0, 0, 0],
						"1.375": [0, 0, 0],
						"1.9583": [0, 0, 0],
						"2.0417": [0, 0, 0],
						"2.2917": [0, 0, 0],
						"2.5": [0, 0, 0],
						"2.625": [0, 0, 0],
						"3.0417": [0, 0, 0],
						"3.375": [0, 0, 0],
						"3.7083": [0, 0, 0],
						"3.9583": [0, 0, 0],
						"4.0833": [0, 0, 0],
						"4.2083": [0, 0, 0],
						"4.2917": [0, 0, 0],
						"4.375": [0, 0, 0],
						"4.4583": [0, 0, 0],
						"4.7083": [0, 0, 0],
						"5.0417": [0, 0, 0],
						"5.25": [0, 0, 0],
						"5.5": [0, 0, 0]
					}
				},
				"constraint": {
					"rotation": {
						"0.0": [0, 0, 0],
						"0.2917": [1, 1, 1],
						"5.0417": [1, 1, 1],
						"5.5": [0, 0, 0]
					},
					"position": {
						"0.0": [0, 0, 0],
						"0.2917": [1, 1, 1],
						"5.0417": [1, 1, 1],
						"5.5": [0, 0, 0]
					}
				},
				"root": {
					"rotation": {
						"0.0": [0, 0, 0],
						"0.125": [3, 0, 0],
						"0.25": [0, 0, 0],
						"0.4583": [5, 0, 0],
						"0.5833": [6, 0, 0],
						"0.8333": [1.45485, 0.07206, -2.9593],
						"1.125": [0, 0, 0],
						"1.3333": [5, 0, 0],
						"1.5": [8.0012, -0.99027, -0.13919],
						"1.8333": [8.05882, 1.68896, -4.81096],
						"2.9583": [7.86, -0.21, 0.18],
						"3.2917": [5.36, -0.14, -1.32],
						"3.5833": [4.99, -0.14, -1.44],
						"3.8333": [6.82825, -1.36138, 0.04656],
						"3.9583": [7.82825, -1.36138, 0.04656],
						"4.0833": [7.83, -1.36, 0.05],
						"4.2083": [2.83, -1.36, 0.05],
						"4.3333": [4.43, -1.36, 0.05],
						"4.4583": [3.97, -1.22, 0.04],
						"4.6667": [6.60714, -0.8, 0.02857],
						"4.9583": [5.94632, -1.64902, 1.92354],
						"5.4167": [0, 0, 0]
					},
					"position": {
						"0.0": [0, 0, 0],
						"0.1667": [-0.27, 0.3, 0],
						"0.4583": [-0.9, 0.3, 0],
						"0.5833": [-0.9, -0.07, 0],
						"0.8333": [-0.9, -0.34, 0],
						"1.125": [-0.9, 0, 0],
						"1.5": [-0.9, 0, 0],
						"1.6667": [-0.9, 0.04, 0],
						"1.9167": [-0.9, 0, 0],
						"2.25": [-0.9, 0.2, 0],
						"2.6667": [-0.9, 0.14, 0],
						"2.9583": [-0.9, 0.4, 0],
						"3.2917": [-0.9, 0.1, 0],
						"3.5833": [-0.9, 0.1, 0],
						"3.9583": [-0.9, 0.3, 0],
						"4.0833": [-0.9, 0.3, 0],
						"4.1667": [-0.9, -0.3, 0],
						"4.4583": [-0.9, -0.41, 0],
						"4.6667": [-0.9, -0.41, 0],
						"5.0": [-0.08, -0.07, 0],
						"5.4167": [0, 0, 0]
					}
				},
				"weapon_positioning": {
					"rotation": {
						"0.0": [-4, -1, -3.5],
						"2.7083": [-4, -1, -3.5],
						"3.0": [-5.89377, -2.72319, 8.57048],
						"4.0833": [-5.89377, -2.72319, 8.57048],
						"4.25": [-3.84728, -2.61452, 2.62569],
						"4.4167": [-5.70393, -2.54885, -0.11218],
						"4.625": [-3.09792, -2.24048, 2.92696],
						"4.9583": [-4, -1, -3.5]
					},
					"position": {
						"0.0": [-0.36, 0.8, 0.74],
						"2.75": [-0.36, 0.8, 0.74],
						"3.1667": [-0.36, 0.8, 0.74],
						"4.0833": [-0.36, 0.8, 0.74],
						"4.25": [-0.67, 0.84, 0.74],
						"4.3333": [-0.67, 0.54, 0.74],
						"4.9583": [-0.36, 0.8, 0.74]
					}
				}
			}
		},
		"inspect": {
			"animation_length": 2.3333,
			"bones": {
				"righthand": {
					"rotation": {
						"0.0": [121.87, 365.89, -152.95],
						"0.125": [120.87, 365.89, -152.95],
						"0.4167": [120.12456, 354.88535, -135.31926],
						"0.5417": [132.00858, 348.98681, -122.40385],
						"0.5833": [132.00858, 348.98681, -122.40385],
						"0.75": [132.01, 348.99, -122.4],
						"1.3333": [132.01, 348.99, -122.4],
						"1.4583": [132.00858, 348.98681, -122.40385],
						"1.5": [132.00858, 348.98681, -122.40385],
						"1.6667": [120.12456, 354.88535, -135.31926],
						"1.75": [120.12456, 354.88535, -135.31926],
						"1.875": [120.45137, 358.73953, -143.38209],
						"2.0417": [121.87, 365.89, -152.95],
						"2.3333": [121.87, 365.89, -152.95]
					},
					"position": {
						"0.0": [7.7, -11, 36.4],
						"0.125": [7.7, -10, 36.5],
						"0.4167": [2.2, -11, 28.5],
						"0.5417": [0.4, -10.8, 25.6],
						"0.5833": [0.4, -10.8, 25.6],
						"0.75": [0.4, -10.5, 28.15],
						"1.3333": [0.4, -10.5, 28.15],
						"1.4583": [0.4, -10.8, 25.6],
						"1.5": [0.4, -10.8, 25.6],
						"1.6667": [2.2, -11, 28.5],
						"1.75": [2.2, -11, 28.5],
						"2.0417": [7.7, -11, 36.4],
						"2.3333": [7.7, -11, 36.4]
					},
					"scale": [1, 1.5, 1]
				},
				"bullet": {
					"rotation": {
						"0.0": [0, 0, 0],
						"0.5417": [0, 0, 0],
						"0.5833": [0, 0, 0],
						"1.4583": [0, 0, 0],
						"1.5": [0, 0, 0],
						"2.3333": [0, 0, 0]
					},
					"position": {
						"0.0": [0, 0, 0],
						"0.5417": [0, 0, 0],
						"0.5833": [0, 0, 0],
						"1.4583": [0, 0, 0],
						"1.5": [0, 0, 0],
						"2.3333": [0, 0, 0]
					}
				},
				"lefthand": {
					"rotation": {
						"0.0": [104.4, 312.26, -133.79],
						"2.3333": [104.4, 312.26, -133.79]
					},
					"position": {
						"0.0": [-6.74, -4.84, 26.66],
						"2.3333": [-6.74, -4.84, 26.66]
					},
					"scale": [1, 1.5, 1]
				},
				"bolt": {
					"rotation": {
						"0.0": [0, 0, 0],
						"0.4167": [0, 0, 0],
						"0.5417": [0, 0, 0],
						"0.5833": [0, 0, 0],
						"0.75": [0, 0, 0],
						"1.3333": [0, 0, 0],
						"1.4583": [0, 0, 0],
						"1.5": [0, 0, 0],
						"1.6667": [0, 0, 0],
						"2.2917": [0, 0, 0]
					},
					"position": {
						"0.0": [0, 0, 0],
						"0.4167": [0, 0, 0],
						"0.5417": [0, 0, 0],
						"0.5833": [0, 0, 0],
						"0.75": [0, 0, 2.75],
						"1.3333": [0, 0, 2.75],
						"1.4583": [0, 0, 0],
						"1.5": [0, 0, 0],
						"1.6667": [0, 0, 0],
						"2.2917": [0, 0, 0]
					}
				},
				"bullet_in_barrel": {
					"rotation": {
						"0.0": [0, 0, 0],
						"0.5833": [0, 0, 0],
						"0.75": [0, 0, 0],
						"1.3333": [0, 0, 0],
						"1.4583": [0, 0, 0],
						"2.3333": [0, 0, 0]
					},
					"position": {
						"0.0": [0, -1.38, 0.2],
						"0.5833": [0, 0, 0],
						"0.75": [0, 0, 2.75],
						"1.3333": [0, 0, 2.75],
						"1.4583": [0, 0, 0],
						"2.3333": [0, 0, 0]
					}
				},
				"gew71": {
					"rotation": {
						"0.0": [3.95, 0.8, 3.72255],
						"0.125": [5.87742, 2.03246, 1.98205],
						"0.25": [-1.1208, 1.34989, 2.6306],
						"0.375": [-3.74595, 2.33925, 0.45213],
						"0.5": [-2.5, 2.34, 0.45],
						"0.5417": [-4.2508, 1.71438, 2.24766],
						"0.5833": [-4.2508, 1.71438, 2.24766],
						"0.75": [-9.56444, -1.12786, -0.30846],
						"0.9583": [-11.54005, -3.51024, 2.37619],
						"1.2083": [-10.29, -3.33, 1.3],
						"1.4583": [-1.34016, 2.29374, 1.83051],
						"1.5": [-1.34016, 2.29374, 1.83051],
						"1.5833": [1.68, 2.1, 0.83],
						"1.625": [2.4, 2, -0.14],
						"1.6667": [3.98, 3.38, -2.09],
						"1.75": [4.39, 4.74, -0.6],
						"1.875": [4.39, 6.08, -3.35],
						"2.0": [4.9, 6.34, -3.27],
						"2.3333": [3.95, 0.8, 3.72255]
					},
					"position": {
						"0.0": [0.3, -0.9, -0.7],
						"0.125": [0.3, -0.6, -0.7],
						"0.25": [0.3, -0.98, -0.7],
						"0.375": [0.3, -1.67, -0.14],
						"0.5": [0.3, -1.57, -0.14],
						"0.5417": [0.3, -1.94, -0.14],
						"0.5833": [0.3, -1.94, -0.14],
						"0.75": [0.3, -3.07, -0.14],
						"0.9583": [0.5, -3.77, -0.04],
						"1.2083": [0.5, -3.7, -0.04],
						"1.4583": [0.3, -1.4, -0.13],
						"1.5": [0.3, -1.4, -0.13],
						"1.5833": [0.3, -1.17, -0.12],
						"1.6667": [0.4, -0.9, -0.1],
						"1.7083": [0.4, -1.21, -0.28],
						"1.75": [0.4, -1.51, -0.28],
						"1.8333": [0.4, -1.71, -0.5],
						"2.0": [0.52, -1.18, -0.7],
						"2.1667": [0.37, -0.79, -0.7],
						"2.3333": [0.3, -0.9, -0.7]
					}
				},
				"root": {
					"rotation": {
						"0.0": [0, 0, 0],
						"0.375": [0, 0, 0],
						"0.5417": [2.97015, -1.34664, 2.95965],
						"0.9583": [11, 0, -7],
						"1.5833": [11, 0, -7],
						"2.3333": [0, 0, 0]
					},
					"position": {
						"0.0": [0, 0, 0],
						"0.25": [0, -0.2, 0],
						"0.5417": [0, -0.2, 0],
						"0.9583": [-0.3, 1.2, 0],
						"1.5833": [-0.3, 1.2, 0],
						"2.3333": [0, 0, 0]
					}
				},
				"bolt_rotate": {
					"rotation": {
						"0.0": [0, 0, 0],
						"0.4167": [0, 0, 0],
						"0.5417": [0, 0, 90],
						"0.5833": [0, 0, 90],
						"1.4583": [0, 0, 90],
						"1.5": [0, 0, 90],
						"1.6667": [0, 0, 0],
						"2.2917": [0, 0, 0]
					},
					"position": {
						"0.0": [0, 0, 0],
						"0.4167": [0, 0, 0],
						"0.5417": [0, 0, 0],
						"0.5833": [0, 0, 0],
						"1.4583": [0, 0, 0],
						"1.5": [0, 0, 0],
						"1.6667": [0, 0, 0],
						"2.2917": [0, 0, 0]
					}
				},
				"constraint": {
					"rotation": {
						"0.0": [0, 0, 0],
						"0.5": [0.8, 0, 0.7],
						"1.6667": [0.8, 0, 0.7],
						"2.2917": [0, 0, 0]
					},
					"position": {
						"0.0": [0, 0, 0],
						"0.5": [0, 1, 0],
						"1.6667": [0, 1, 0],
						"2.2917": [0, 0, 0]
					}
				},
				"weapon_positioning": {
					"rotation": [-4, -1, -3.5],
					"position": [-0.36, 0.8, 0.74]
				}
			}
		},
		"run_start": {
			"animation_length": 1.2917,
			"bones": {
				"root": {
					"rotation": {
						"0.0": [0, 0, 0],
						"0.125": [3.93336, -0.89065, 6.2681],
						"0.2917": [4.45736, -2.55161, 15.46086],
						"0.375": [9.51, -8.05, 28.61],
						"0.5833": [7.8, -9.71, 39.62],
						"0.625": [7.8, -9.71, 39.62]
					},
					"position": {
						"0.0": [0, 0, 0],
						"0.125": [-0.46, 0.17, 3.4],
						"0.2917": [-0.77, -1.38, 3.97],
						"0.4167": [-1.9, -1.57, 5.95],
						"0.5417": [-1.9, -1.57, 5.95],
						"0.625": [-1.9, -1.57, 5.95]
					}
				},
				"weapon_positioning": {
					"rotation": {
						"0.0": [2.55, 0.52, 2.4],
						"0.4583": [2.55, 0.52, 2.4],
						"0.625": [0.27, -2.11, 0.92],
						"0.7917": [0.8932, -0.91564, -3.20014],
						"0.875": [-0.98389, -1.41207, -2.44051],
						"0.9583": [-2.08, -1.35, 1.36],
						"1.0833": [0.59526, -2.36433, -0.3882],
						"1.1667": [-0.5, -1.52, -0.6],
						"1.2917": [-0.17, -1.77, 0.38]
					},
					"position": {
						"0.0": [0, 0, 0],
						"0.4583": [0.19, -0.58, -3.2],
						"0.625": [-0.2, 0.4, -3.2],
						"0.7083": [0, -0.1, -3.2],
						"0.875": [-0.1, 0.3, -3.2],
						"1.0417": [0, -0.3, -3.2],
						"1.1667": [0, 0.2, -3.2],
						"1.2917": [-0.13, 0.33, -3.2]
					}
				}
			}
		},
		"run_start2": {
			"animation_length": 1.5417,
			"bones": {
				"root": {
					"rotation": {
						"0.0": [0, 0, 0],
						"0.125": [3.93336, -0.89065, 6.2681],
						"0.2917": [4.45736, -2.55161, 15.46086],
						"0.4583": [9.51, -8.05, 28.61],
						"1.0417": [7.8, -9.71, 39.62],
						"1.4583": [7.8, -9.71, 39.62]
					},
					"position": {
						"0.0": [0, 0, 0],
						"0.125": [-0.46, 0.17, 3.4],
						"0.2917": [-0.77, -1.38, 3.97],
						"0.4583": [-1.9, -1.57, 5.95],
						"0.875": [-1.9, -1.57, 5.95],
						"1.4583": [-1.9, -1.57, 5.95]
					}
				},
				"weapon_positioning": {
					"rotation": {
						"0.0": [2.55, 0.52, 2.4],
						"0.4583": [2.55, 0.52, 2.4],
						"0.5417": [0, 0, 0],
						"0.625": [-2.25, 0, 0],
						"0.7083": [-1, -0.73, 1.51],
						"0.7917": [0.81, -0.99, 1.8],
						"0.875": [-1.08, -1.34, 1.56],
						"0.9583": [-2.08, -1.35, 1.36],
						"1.0417": [-0.06, -0.37, -1.63],
						"1.125": [1.67, 0.61, -1.32],
						"1.2083": [-1.05, 1.08, -0.75],
						"1.2917": [-2.34, 1.12, -1.18],
						"1.375": [0.17, 0.29, -0.55],
						"1.4167": [0.75, 0.12, 0.67],
						"1.5417": [0.39, -1.55, 0.86]
					},
					"position": {
						"0.0": [0, 0, 0],
						"0.4583": [0.19, -0.58, -3.2],
						"0.5417": [0, 0, -3.2],
						"0.625": [0, 0.1, -3.2],
						"0.75": [0, -0.1, -3.2],
						"0.875": [0, 0.2, -3.2],
						"0.9167": [0, 0.2, -3.2],
						"1.0833": [0, -0.1, -3.2],
						"1.2083": [0, 0.2, -3.2],
						"1.25": [0, 0.2, -3.2],
						"1.375": [-0.2, -0.3, -3.2],
						"1.5417": [-0.2, 0.26, -3.2]
					}
				}
			}
		},
		"run": {
			"loop": true,
			"animation_length": 0.65,
			"bones": {
				"root": {
					"rotation": [7.8, -9.71, 39.62],
					"position": [-1.9, -1.57, 5.95]
				},
				"weapon_positioning": {
					"rotation": {
						"0.0": [0.27, -2.11, 0.92],
						"0.15": [0.8932, -0.91564, -3.20014],
						"0.25": [-0.98389, -1.41207, -2.44051],
						"0.35": [-2.08, -1.35, 1.36],
						"0.45": [0.59526, -2.36433, -0.3882],
						"0.55": [-0.5, -1.52, -0.6],
						"0.65": [-0.17, -1.77, 0.38]
					},
					"position": {
						"0.0": [-0.2, 0.4, -3.2],
						"0.1": [0, -0.1, -3.2],
						"0.25": [-0.1, 0.3, -3.2],
						"0.4": [0, -0.3, -3.2],
						"0.55": [0, 0.2, -3.2],
						"0.65": [-0.13, 0.33, -3.2]
					}
				}
			}
		},
		"run_hold": {
			"loop": true,
			"bones": {
				"root": {
					"rotation": [7.8, -9.71, 39.62],
					"position": [-1.9, -1.57, 5.95]
				},
				"gew71": {
					"rotation": [0.27, -2.11, 0.92],
					"position": [-0.2, 0.4, -3.2]
				}
			}
		},
		"run_end": {
			"animation_length": 0.85,
			"bones": {
				"root": {
					"rotation": {
						"0.0": [7.8, -9.71, 39.62],
						"0.15": [12.63259, -2.91705, 15.35667],
						"0.3": [15.96868, -4.80788, 10.31837],
						"0.4": [14.80756, -4.832, 8.8926],
						"0.55": [5.92863, -2.58258, -2.11336],
						"0.7": [3.27973, -0.74315, -4.78401],
						"0.85": [0, 0, 0]
					},
					"position": {
						"0.0": [-1.9, -1.57, 5.95],
						"0.6": [0.4, 0.3, -0.5],
						"0.75": [0.04, -0.42, 0.01],
						"0.85": [0, 0, 0]
					}
				}
			}
		},
		"walk_aiming": {
			"loop": true,
			"animation_length": 1,
			"bones": {
				"root": {
					"rotation": {
						"0.0": [0, 0, 0],
						"0.1667": [-0.29, -0.48, -0.32],
						"0.25": [0.55, -0.01, -0.75],
						"0.4583": [0.92, 0.2, -0.94],
						"0.5417": [0.16, 0.87, -1],
						"0.6667": [-0.67, 0.95, -1.06],
						"0.9167": [0.93, 0.44, -0.26],
						"1.0": [0.23, 0.11, -0.07]
					},
					"position": {
						"0.0": [0, 0, 0],
						"0.2083": [0, -0.01, 0],
						"0.3333": [0, -0.05, 0],
						"0.5417": [0, 0.09, 0],
						"0.5833": [0, 0.11, 0],
						"0.7917": [-0.02, -0.05, 0],
						"1.0": [0, -0.02, 0]
					}
				},
				"constraint": {
					"rotation": {
						"0.0": [1, 1, 1],
						"1.0": [1, 1, 1]
					},
					"position": {
						"0.0": [1, 1, 1],
						"1.0": [1, 1, 1]
					}
				}
			}
		},
		"walk_forward": {
			"loop": true,
			"animation_length": 1,
			"bones": {
				"root": {
					"rotation": {
						"0.0": [0, 0, 0],
						"0.1667": [-1.08, -1.34, 1.56],
						"0.2083": [-2.08, -1.35, 1.36],
						"0.4167": [-0.06, -0.37, -1.63],
						"0.5": [1.67, 0.61, -1.32],
						"0.6667": [-1.05, 1.08, -0.75],
						"0.7083": [-2.34, 1.12, -1.18],
						"0.9167": [0.17, 0.29, -0.55],
						"1.0": [0.06, 0.1, -0.18]
					},
					"position": {
						"0.0": [0, 0, 0],
						"0.1667": [0, 0.2, 0],
						"0.4167": [0, -0.1, 0],
						"0.6667": [0, 0.2, 0],
						"0.8333": [-0.1, -0.1, 0],
						"1.0": [-0.02, -0.02, 0]
					}
				},
				"constraint": {
					"rotation": [0.2, 0.2, 0.2],
					"position": [0, 0, 0]
				}
			}
		},
		"walk_sideway": {
			"loop": true,
			"animation_length": 1,
			"bones": {
				"root": {
					"rotation": {
						"0.0": [2, 0, 0],
						"0.1667": [0.92, -1.34, 1.56],
						"0.2083": [-0.08, -1.35, 1.36],
						"0.4167": [1.94, -0.37, -1.63],
						"0.5": [3.67, 0.61, -1.32],
						"0.6667": [0.95, 1.08, -0.75],
						"0.75": [-0.34, 1.12, -1.18],
						"0.9167": [2.17, 0.29, -0.55],
						"1.0": [2.09, 0.14, -0.28]
					},
					"position": {
						"0.0": [0, 0, 0],
						"0.1667": [0, 0.2, 0],
						"0.4167": [0, -0.1, 0],
						"0.6667": [0, 0.2, 0],
						"0.9167": [0, 0.32, 0],
						"1.0": [0, 0.03, 0]
					}
				}
			}
		},
		"walk_backward": {
			"loop": true,
			"animation_length": 1,
			"bones": {
				"root": {
					"rotation": {
						"0.0": [2, 0, 0],
						"0.1667": [0.92, -1.34, 1.56],
						"0.2083": [-0.08, -1.35, 1.36],
						"0.4167": [1.94, -0.37, -1.63],
						"0.5": [3.67, 0.61, -1.32],
						"0.6667": [0.95, 1.08, -0.75],
						"0.75": [-0.34, 1.12, -1.18],
						"0.9167": [2.17, 0.29, -0.55],
						"1.0": [2.09, 0.14, -0.28]
					},
					"position": {
						"0.0": [0, 0, 0],
						"0.1667": [0, 0.2, 0],
						"0.4167": [0, -0.1, 0],
						"0.6667": [0, 0.2, 0],
						"0.9167": [0, 0.32, 0],
						"1.0": [0, 0.03, 0]
					}
				}
			}
		},
		"melee_stock": {
			"animation_length": 1.5833,
			"bones": {
				"root": {
					"rotation": {
						"0.0": [0, 0, 0],
						"0.125": [4.78342, -6.67269, 12.05963],
						"0.25": [-26.92703, -18.08941, 66.84548],
						"0.3333": [-42.23, -13.83, 79.92],
						"0.4167": [-110.43307, 3.19716, 132.19887],
						"0.5": [-130.06857, 2.4267, 128.70335],
						"0.5833": [-125.86, -2.28, 125.96],
						"0.625": [-121.66, -6.99, 123.21],
						"0.7917": [-99.23968, -21.48377, 101.7995],
						"0.9583": [-35.7302, -39.88715, 45.6266],
						"1.0833": [-1.60158, -20.80533, 25.77286],
						"1.1667": [6.62044, -8.87899, 13.38455],
						"1.25": [8.84246, 3.04735, 0.99624],
						"1.375": [7.16929, 5.73941, -6.51618],
						"1.5833": [0, 0, 0]
					},
					"position": {
						"0.0": [0, 0, 0],
						"0.125": [-0.4, -1.9, 2.3],
						"0.25": [0.8, -1.93, -2.3],
						"0.3333": [1.94, -1.72, -3.62],
						"0.4167": [8.4, -0.9, -6.1],
						"0.5": [8.3, -0.9, -6.3],
						"0.5833": [7.93, -0.97, -6.19],
						"0.625": [7.56, -1.05, -6.09],
						"0.7917": [5.33, -2, -4.7],
						"0.9583": [3.24, -1.27, -3.04],
						"1.0833": [1.15, -0.54, -1.38],
						"1.25": [0.3, -0.9, 0.1],
						"1.4583": [0.24, -0.64, 0.1],
						"1.5833": [0, 0, 0]
					}
				},
				"gew71": {
					"rotation": [3.95, 0.8, 3.72255],
					"position": [0.3, -0.9, -0.7]
				},
				"righthand": {
					"rotation": {
						"0.0": [121.87, 365.89, -152.95],
						"0.25": [76.77215, 344.62793, -162.85474],
						"0.4167": [27.7602, 334.98166, -142.55959],
						"0.5": [27.7602, 334.98166, -142.55959],
						"0.625": [30.04, 339.27, -147.28],
						"0.7083": [32.31113, 343.55125, -152.0094],
						"0.7917": [32.31113, 343.55125, -152.0094],
						"0.9583": [54.45, 349.14, -152.24],
						"1.0417": [71.05564, 353.32446, -152.42091],
						"1.4167": [121.87, 365.89, -152.95],
						"1.5833": [121.87, 365.89, -152.95]
					},
					"position": {
						"0.0": [7.7, -11, 36.4],
						"0.125": [13.32, -5.25, 36.28],
						"0.25": [18.95, 1.6, 34.45],
						"0.4167": [22.6, 5.9, 22.4],
						"0.5": [22.6, 5.9, 22.4],
						"0.625": [21.4, 6.9, 23.6],
						"0.7083": [20.2, 7.9, 24.8],
						"0.7917": [20.2, 7.9, 24.8],
						"0.9583": [19.31, 3.74, 30.63],
						"1.0417": [16.89, 0.52, 34.75],
						"1.2083": [12.81, -5.08, 37.03],
						"1.4167": [7.7, -11, 36.4],
						"1.5833": [7.7, -11, 36.4]
					},
					"scale": [1, 1.5, 1]
				},
				"lefthand": {
					"rotation": {
						"0.0": [104.4, 312.26, -133.79],
						"0.25": [103.4, 312.26, -133.79],
						"0.4583": [87.55385, 317.90605, -184.38891],
						"0.7083": [92.6175, 298.43214, -172.18624],
						"0.875": [89.6175, 298.43214, -172.18624],
						"1.0417": [97.9305, 303.96328, -156.82775],
						"1.25": [103.4, 312.26, -133.79],
						"1.5833": [104.4, 312.26, -133.79]
					},
					"position": {
						"0.0": [-6.74, -4.84, 26.66],
						"0.25": [-6.74, -4.84, 23.16],
						"0.3333": [-4.19, -0.84, 23.56],
						"0.4583": [-4.24, 3.16, 23.96],
						"0.7083": [2.3, 1.05, 21.55],
						"0.875": [1.9, 1.05, 21.55],
						"1.0417": [-1.32, -3.31, 22.19],
						"1.25": [-6.74, -4.84, 26.66],
						"1.5833": [-6.74, -4.84, 26.66]
					},
					"scale": [1, 1.5, 1]
				},
				"weapon_positioning": {
					"rotation": [-4, -1, -3.5],
					"position": [-0.36, 0.8, 0.74]
				}
			}
		},
		"melee_bayonet_1": {
			"animation_length": 0.875,
			"bones": {
				"root": {
					"rotation": {
						"0.0": [0, 0, 0],
						"0.0417": [2.33, -1.52, 11.67],
						"0.0833": [4.66, -3.04, 23.35],
						"0.125": [5.91, -3.72, 24.19],
						"0.1667": [7.16, -4.41, 25.03],
						"0.2083": [6.65, -4.58, 30.21],
						"0.25": [6.13, -4.75, 35.39],
						"0.2917": [5.85, -2.08, 38.69],
						"0.3333": [-0.41, -2.43, 29.99],
						"0.375": [-2.41, -4.44, 29.93],
						"0.4167": [-3.48, -5.26, 29.33],
						"0.4583": [-2.11, -6.97, 28.66],
						"0.5": [-0.75, -8.69, 27.99],
						"0.5417": [0.56, -8.4, 25.12],
						"0.5833": [1.87, -8.1, 22.26],
						"0.625": [2.49, -6.52, 18.38],
						"0.6667": [3.1, -4.95, 14.49],
						"0.7083": [3.71, -3.37, 10.61],
						"0.75": [2.78, -2.53, 7.96],
						"0.7917": [1.86, -1.68, 5.31],
						"0.8333": [0.93, -0.84, 2.65],
						"0.875": [0, 0, 0]
					},
					"position": {
						"0.0": [0, 0, 0],
						"0.0417": [-0.25, -0.2, 0.2],
						"0.0833": [-0.5, -0.4, 0.4],
						"0.125": [-1.1, -1.15, 0.6],
						"0.1667": [-1.7, -1.9, 0.8],
						"0.2083": [-1.9, -2.6, 1.5],
						"0.25": [-2.1, -3.3, 2.2],
						"0.2917": [-2.3, -3.3, 5.9],
						"0.3333": [-1.95, -1.95, 1.35],
						"0.375": [-1.6, -0.6, -3.2],
						"0.4167": [-1.5, -0.6, -3.7],
						"0.4583": [-1.55, -1.15, -3.8],
						"0.5": [-1.6, -1.7, -3.9],
						"0.5417": [-1.45, -1.52, -3.47],
						"0.5833": [-1.31, -1.34, -3.04],
						"0.625": [-0.95, -0.94, -2.11],
						"0.6667": [-0.59, -0.53, -1.17],
						"0.7083": [-0.23, -0.13, -0.24],
						"0.75": [-0.17, -0.1, -0.18],
						"0.7917": [-0.11, -0.06, -0.12],
						"0.8333": [-0.06, -0.03, -0.06],
						"0.875": [0, 0, 0]
					}
				}
			}
		},
		"melee_bayonet_2": {
			"animation_length": 1.1667,
			"bones": {
				"root": {
					"rotation": {
						"0.0": [0, 0, 0],
						"0.125": [4.47993, 2.52963, -13.74774],
						"0.2917": [4.42504, 4.30764, -9.75182],
						"0.375": [3.69698, 4.94633, -18.75859],
						"0.4583": [-4.99947, -5.04476, 5.49141],
						"0.5": [-4.24333, -7.00492, 12.4115],
						"0.6667": [-3.8578, -6.06761, 12.45035],
						"0.8333": [4.46, -4.63, 3.22],
						"0.9583": [5.2453, -1.71778, -5.81873],
						"1.1667": [0, 0, 0]
					},
					"position": {
						"0.0": [0, 0, 0],
						"0.125": [-2.1, -3.2, 0.8],
						"0.2917": [-3.8, -7.9, 3.9],
						"0.375": [-3.8, -7.9, 5.6],
						"0.4583": [0.24, -0.32, -4.29],
						"0.5417": [0.19, -0.3, -3.56],
						"0.6667": [0.19, -1.3, -3.16],
						"0.8333": [0.11, -2.22, -2.1],
						"1.0417": [0.05, -0.27, -1.19],
						"1.1667": [0, 0, 0]
					}
				}
			}
		},
		"melee_bayonet_3": {
			"animation_length": 1.2083,
			"bones": {
				"root": {
					"rotation": {
						"0.0": [0, 0, 0],
						"0.0833": [1.37761, 5.42512, -21.12478],
						"0.1667": [-0.90421, 15.3412, -35.66868],
						"0.375": [-3.01678, 35.47767, -34.65268],
						"0.4583": [-0.24483, -16.52104, 5.46328],
						"0.5": [-5.64383, -25.86222, 18.39636],
						"0.5833": [-7.73495, -30.58763, 28.32029],
						"0.625": [-7.73495, -30.58763, 28.32029],
						"0.75": [-5.59739, -24.86703, 18.28797],
						"0.8333": [7.37211, -16.17781, -0.52212],
						"1.0": [9.32784, -7.85872, -3.90558],
						"1.2083": [0, 0, 0]
					},
					"position": {
						"0.0": [0, 0, 0],
						"0.125": [-1.4, -3.3, 0.1],
						"0.375": [-4.64, -2.91, 0.1],
						"0.4583": [2.6, -0.8, 0.1],
						"0.5": [3, -0.43, 0.1],
						"0.6667": [3, -0.43, 0.1],
						"0.9167": [1.38, -0.86, 0.1],
						"1.0833": [0.08, -0.12, -0.02],
						"1.2083": [0, 0, 0]
					}
				}
			}
		},
		"ADS_up": {
			"animation_length": 1.25,
			"bones": {
				"bullet_in_barrel": {
					"rotation": [0, 0, 0],
					"position": [0, -1.38, 0.2]
				},
				"root": {
					"rotation": {
						"0.0": [0, 0, 0],
						"0.1667": [3.03197, 2.48313, -6.91075],
						"0.25": [4.62, 3.24, -5.01],
						"0.375": [6.21266, 3.99602, -3.11637],
						"0.4167": [6.98327, 4.40296, -2.66539],
						"0.5417": [4.59009, 2.832, -2.87928],
						"0.6667": [2.55, 0.52, 0.06],
						"0.75": [0, -1, 3],
						"1.0": [-0.00046, 0.05233, -0.99863],
						"1.1667": [0, 0, 0]
					},
					"position": {
						"0.0": [0, 0, 0],
						"0.1667": [-0.2, -0.5, -0.8],
						"0.25": [-0.2, -0.6, -0.8],
						"0.375": [-0.3, -0.7, -0.8],
						"0.5417": [-0.2, 0.2, -0.5],
						"0.625": [-0.17, 0.23, -0.5],
						"0.6667": [-0.1, 0, -0.5],
						"0.7083": [0, 0, 0],
						"0.875": [0, -0.1, 0],
						"1.125": [0, 0, 0],
						"1.1667": [0, 0, 0]
					}
				}
			}
		}
	}
}