{
	"format_version": "1.8.0",
	"animations": {
		"idle": {
			"loop": true,
			"animation_length": 16.8,
			"bones": {
				"root": {
					"rotation": {
						"0.0": [0, 0, 0],
						"1.1": [0, 0.2, 0.2],
						"2.2": [0, -0.5, 0.3],
						"3.1": [0, -0.35, 0.15],
						"3.4": [-0.2, -0.21, -0.04],
						"3.8": [-0.96189, -0.02589, -0.8],
						"4.3": [-1.05184, -0.00945, -0.72368],
						"4.6": [-1.05, -0.01, -0.72],
						"5.0": [-0.8, -0.01, 0.3],
						"5.5": [-0.49222, 0.01103, 1.66146],
						"6.3": [0, 0, 0],
						"6.8": [0, 0, 0],
						"7.0": [0, 0, 0],
						"9.5": [0, 0, 0]
					},
					"position": {
						"0.0": [0, 0, 0],
						"1.1": [0, -0.05, 0],
						"1.6": [0, -0.05, 0],
						"2.7": [0, -0.03, 0],
						"3.4": [0, -0.04, 0],
						"3.8": [0, 0.1, 0],
						"4.1": [0, 0.15, 0],
						"4.4": [0, 0.18, 0],
						"4.6": [0, 0.2, 0],
						"5.0": [0, 0.1, 0],
						"5.6": [0, -0.06, 0],
						"5.8": [0, -0.08, 0],
						"6.3": [0, 0, 0],
						"6.8": [0, 0.025, 0],
						"7.0": [0, 0, 0],
						"8.0": [-0.01, -0.02, 0],
						"9.5": [0, 0, 0]
					}
				},
				"constraint": {
					"rotation": [0.6, 0.6, 0.6],
					"position": [0.6, 0.6, 0.6]
				},
				"weapon_positioning": {
					"rotation": {
						"0.0": [0, 0, 0],
						"0.4": [-0.04, -0.31, -0.4],
						"0.9": [-0.36, -0.31, -0.79],
						"1.3": [-0.3, -0.26, -0.22],
						"1.6": [-0.32, -0.19, 0.35],
						"2.0": [-0.21, -0.12, 0.26],
						"2.3": [-0.19, -0.03, 0.07],
						"2.7": [-0.24, 0.04, -0.07],
						"3.6": [-0.11, 0.03, 0.23],
						"4.2": [0, 0, 0],
						"4.6": [-0.04, -0.31, -0.4],
						"5.1": [-0.36, -0.31, -0.79],
						"5.5": [-0.3, -0.26, -0.22],
						"5.8": [-0.32, -0.19, 0.35],
						"6.2": [-0.21, -0.12, 0.26],
						"6.5": [-0.19, -0.03, 0.07],
						"6.9": [-0.24, 0.04, -0.07],
						"7.8": [-0.11, 0.03, 0.23],
						"8.4": [0, 0, 0],
						"8.8": [-0.04, -0.31, -0.4],
						"9.3": [-0.36, -0.31, -0.79],
						"9.7": [-0.3, -0.26, -0.22],
						"10.0": [-0.32, -0.19, 0.35],
						"10.4": [-0.21, -0.12, 0.26],
						"10.7": [-0.19, -0.03, 0.07],
						"11.1": [-0.24, 0.04, -0.07],
						"12.0": [-0.11, 0.03, 0.23],
						"12.6": [0, 0, 0],
						"13.0": [-0.04, -0.31, -0.4],
						"13.5": [-0.36, -0.31, -0.79],
						"13.9": [-0.3, -0.26, -0.22],
						"14.2": [-0.32, -0.19, 0.35],
						"14.6": [-0.21, -0.12, 0.26],
						"14.9": [-0.19, -0.03, 0.07],
						"15.3": [-0.24, 0.04, -0.07],
						"16.2": [-0.11, 0.03, 0.23],
						"16.8": [0, 0, 0]
					},
					"position": {
						"0.0": [0, 0, 0],
						"1.6": [-0.05, -0.02, 0],
						"3.7": [-0.03, -0.01, 0],
						"4.2": [0, 0, 0],
						"5.8": [-0.05, -0.02, 0],
						"7.9": [-0.03, -0.01, 0],
						"8.4": [0, 0, 0],
						"10.0": [-0.05, -0.02, 0],
						"12.1": [-0.03, -0.01, 0],
						"12.6": [0, 0, 0],
						"14.2": [-0.05, -0.02, 0],
						"16.3": [-0.03, -0.01, 0],
						"16.8": [0, 0, 0]
					}
				}
			}
		},
		"static_idle": {
			"loop": true,
			"bones": {
				"gras_arti": {
					"rotation": [3.95, 0.8, 3.72255],
					"position": [0.3, -0.9, -0.7]
				},
				"righthand": {
					"rotation": [120.87, 365.89, -152.95],
					"position": [7.7, -10.5, 36.5],
					"scale": [1, 1.5, 1]
				},
				"lefthand": {
					"rotation": [110.1557, 315.2398, -143.04479],
					"position": [-8.04, -5.34, 29.96],
					"scale": [1, 1.5, 1]
				},
				"constraint": {
					"rotation": [1, 1, 1],
					"position": [1, 1, 1]
				},
				"weapon_positioning": {
					"rotation": [-3.92, -1.01, -3.5],
					"position": [-0.34, 0.82, 0.75]
				}
			}
		},
		"static_bolt_caught": {
			"loop": true,
			"bones": {
				"gras_arti": {
					"rotation": [3.95, 0.8, 3.72255],
					"position": [0.3, -0.9, -0.7]
				},
				"righthand": {
					"rotation": [120.87, 365.89, -152.95],
					"position": [7.7, -10.5, 36.5],
					"scale": [1, 1.5, 1]
				},
				"lefthand": {
					"rotation": [110.1557, 315.2398, -143.04479],
					"position": [-8.04, -5.34, 29.96],
					"scale": [1, 1.5, 1]
				},
				"constraint": {
					"rotation": [1, 1, 1],
					"position": [1, 1, 1]
				},
				"cocking_piece": {
					"rotation": [0, 0, 0],
					"position": [0, 0, -0.55]
				},
				"weapon_positioning": {
					"rotation": [-3.92, -1.01, -3.5],
					"position": [-0.34, 0.82, 0.75]
				}
			}
		},
		"slide": {
			"loop": true,
			"animation_length": 0.6667,
			"bones": {
				"root": {
					"rotation": {
						"0.0": [0, 0, 0],
						"0.125": [-1.99535, 0.85991, -0.92128],
						"0.2917": [-0.80012, 0.9999, 5.42604],
						"0.4167": [0.65925, 0.41153, 8.36971],
						"0.625": [-0.32, 0.4, 6.37]
					},
					"position": {
						"0.0": [0, 0, 0],
						"0.2083": [0, 1.5, 0.8],
						"0.3333": [0, 2, 1.9],
						"0.4167": [0, 1.9, 1.9],
						"0.5833": [0, 1.8, 1.9]
					}
				},
				"constraint": {
					"rotation": [0.01, 0.01, 0.01],
					"position": [0.01, 0.01, 0.01]
				}
			}
		},
		"slide_idle": {
			"loop": true,
			"bones": {
				"root": {
					"rotation": [-0.32, 0.4, 6.37],
					"position": [0, 1.8, 1.9]
				},
				"constraint": {
					"rotation": [0.01, 0.01, 0.01],
					"position": [0.01, 0.01, 0.01]
				}
			}
		},
		"slide_back": {
			"loop": true,
			"animation_length": 0.5417,
			"bones": {
				"root": {
					"rotation": {
						"0.0": [-0.32, 0.4, 6.37],
						"0.125": [-3.26667, 0, 5.30833],
						"0.2917": [-1.30852, -0.4, -2.28036],
						"0.4583": [0, 0, 0]
					},
					"position": {
						"0.0": [0, 1.8, 1.9],
						"0.1667": [0, 0.58, 0.67],
						"0.25": [0, -0.29, 0.47],
						"0.3333": [0, -0.59, 0.47],
						"0.5417": [0, 0, 0]
					}
				},
				"constraint": {
					"rotation": [0.01, 0.01, 0.01],
					"position": [0.01, 0.01, 0.01]
				}
			}
		},
		"shoot": {
			"animation_length": 1.125,
			"bones": {
				"root": {
					"rotation": {
						"0.0": [0, 0, 0],
						"0.0417": [0, 0, 0],
						"0.0833": [-8.08064, -0.37502, -8.3504],
						"0.1667": [-3.95282, 0.25401, -6.14508],
						"0.25": [-2.30527, 0.42677, -9.62678],
						"0.3333": [-0.16978, -1.2705, -5.58936],
						"0.4583": [3.99757, -0.13948, 2.99513],
						"0.5417": [4.99939, -0.0349, 2.9997],
						"0.6667": [1.99939, -0.0349, 2.9997],
						"0.875": [-0.9997, -0.0349, -0.99939],
						"1.125": [0, 0, 0]
					},
					"position": {
						"0.0": [0, 0, 0],
						"0.0417": [0, 0, 0],
						"0.125": [0, 0.4, 1.2],
						"0.1667": [0, 0.6, 1],
						"0.2083": [0, 0.51, 0.8],
						"0.25": [0, 0.31, 0.6],
						"0.3333": [0, -0.19, 0.25],
						"0.4167": [0, -0.49, 0],
						"0.5": [0, -0.35, 0],
						"0.5833": [-0.08, -0.2, 0],
						"0.6667": [-0.1, -0.05, 0],
						"0.8333": [0, 0, 0]
					}
				},
				"constraint": {
					"rotation": {
						"0.0": [1, 1, 1],
						"0.75": [1, 1, 1],
						"0.9583": [0.2, 0.2, 0.2],
						"1.125": [0, 0, 0]
					},
					"position": {
						"0.0": [1, 1, 1],
						"0.75": [1, 1, 1],
						"0.9583": [0.2, 0.2, 0.2],
						"1.125": [0, 0, 0]
					}
				},
				"camera": {
					"rotation": {
						"0.0": [0, 0, 0],
						"0.0417": [0, 0, 0],
						"0.125": [-2.9648, 0.01608, -0.01786],
						"0.2083": [-5.41656, -0.90575, -0.96779],
						"0.2917": [-2, -0.9, -1.96],
						"0.375": [-0.96, -0.3, -1.96],
						"0.5417": [0, 0, 0],
						"0.7917": [0, 0, 0]
					},
					"position": {
						"0.0": [0, 0, 0],
						"0.0417": [0, 0, 0],
						"0.25": [-0.2, 0, 0],
						"0.7083": [0, 0, 0],
						"0.7917": [0, 0, 0]
					}
				}
			}
		},
		"draw": {
			"animation_length": 2,
			"bones": {
				"gras_arti": {
					"rotation": {
						"0.0": [25.90357, 21.74341, -33.10398],
						"0.0417": [25.90357, 21.74341, -33.10398],
						"0.1667": [13.43, 14.67, -25.67],
						"0.2917": [3.95836, 7.59263, -18.2281],
						"0.375": [6.30054, 5.0759, -10.48158],
						"0.5833": [14.75824, -3.05515, 8.34027],
						"0.7083": [18.26929, -2.16303, 4.19215],
						"0.8333": [15.75417, -1.1, 1.03261],
						"0.9167": [14.7519, -1.4, 1.28728],
						"1.0833": [9.26086, -2.8695, 6.85165],
						"1.2917": [5.5122, -5.72858, 24.52186],
						"1.4167": [4.30944, -5.88241, 26.52622],
						"1.5417": [3.8, -5.8824, 26.53],
						"1.6667": [3.8, -5.8824, 26.53],
						"1.8333": [5.85, -3.65493, 18.92752],
						"2.0": [3.95, 0.8, 3.72255]
					},
					"position": {
						"0.0": [-4.65, -7.31, 10.83],
						"0.0417": [-4.65, -7.31, 10.83],
						"0.1667": [-1.57, -2.68, 1.81],
						"0.2917": [0.1, -1.15, 0.8],
						"0.4583": [0.07, -0.45, 0.97],
						"0.5833": [0.07, -1.65, -0.3],
						"0.7083": [0.07, -1.58, -0.3],
						"0.8333": [0.09, -1.17, -0.39],
						"0.9167": [0.16, -0.96, -0.44],
						"1.0833": [0.22, -0.76, -0.49],
						"1.2917": [0.35, -0.35, -0.6],
						"1.4167": [0.35, -0.45, -0.6],
						"1.5417": [0.35, -0.55, -0.6],
						"1.6667": [0.35, -0.63, -0.6],
						"1.8333": [0.33, -1.37, -0.63],
						"2.0": [0.3, -0.9, -0.7]
					}
				},
				"righthand": {
					"rotation": {
						"0.0": [120.87, 365.89, -152.95],
						"1.0": [120.87, 365.89, -152.95],
						"1.25": [127.52, 379.37, -179.68],
						"1.6667": [127.52, 379.37, -179.68],
						"1.9167": [120.87, 365.89, -152.95],
						"2.0": [120.87, 365.89, -152.95]
					},
					"position": {
						"0.0": [7.7, -10, 36.5],
						"1.0": [7.7, -10.5, 36.5],
						"1.25": [7.3, -9.4, 36.5],
						"1.6667": [7.3, -9.4, 36.5],
						"1.8333": [7.7, -9.1, 37.1],
						"1.9167": [7.7, -10.5, 36.5],
						"2.0": [7.7, -10.5, 36.5]
					},
					"scale": [1, 1.5, 1]
				},
				"lefthand": {
					"rotation": {
						"0.0": [90.65155, 332.91208, -125.20508],
						"0.1667": [90.65155, 332.91208, -125.20508],
						"0.2917": [90.65155, 332.91208, -125.20508],
						"0.4167": [89.68643, 326.6948, -122.1609],
						"0.5833": [91.75, 320.91, -125.38],
						"1.0": [91.75, 320.91, -125.38],
						"1.25": [84.57911, 321.10232, -133.13755],
						"1.6667": [84.57911, 321.10232, -133.13755],
						"1.875": [110.1557, 315.2398, -143.04479]
					},
					"position": {
						"0.0": [-6.54, 1.16, 29.46],
						"0.1667": [-6.54, 1.16, 29.46],
						"0.4167": [-5.28, 1.63, 29.46],
						"0.5833": [-6.34, 0.16, 30.56],
						"1.0": [-6.34, 0.16, 30.56],
						"1.25": [-4.24, 1.96, 30.56],
						"1.6667": [-4.24, 1.96, 30.56],
						"1.875": [-8.04, -5.34, 29.96]
					},
					"scale": [1, 1.5, 1]
				},
				"constraint": {
					"rotation": {
						"0.0": [0, 0, 0],
						"0.2917": [0.8, 0, 0.7],
						"1.6667": [0.8, 0, 0.7],
						"2.0": [0, 0, 0]
					},
					"position": {
						"0.0": [0.3, 0.3, 0.3],
						"0.2917": [0, 1, 0],
						"1.6667": [0, 1, 0],
						"2.0": [0, 0, 0]
					}
				},
				"camera": {
					"rotation": {
						"0.0": [0, 0, 0],
						"0.5": [0, 0, 0],
						"0.5833": [0.15, 0, 0],
						"0.7083": [0, 0, 0],
						"0.8333": [0, 0, 0],
						"1.0": [0, 0, 0],
						"1.1667": [0.5, 0, 0],
						"1.3333": [0.35, 0, 0],
						"1.5": [0.45, 0, 0],
						"1.625": [0.45, 0, 0],
						"1.8333": [0, 0, 0],
						"2.0": [0, 0, 0]
					},
					"position": {
						"0.0": [0, 0, 0],
						"0.5": [0, 0, 0],
						"0.8333": [0, 0, 0],
						"1.0": [0, 0, 0],
						"1.625": [0, 0, 0],
						"1.8333": [0, 0, 0],
						"2.0": [0, 0, 0]
					}
				},
				"weapon_positioning": {
					"rotation": [-3.92, -1.01, -3.5],
					"position": [-0.34, 0.82, 0.75]
				}
			}
		},
		"inspect_empty": {
			"animation_length": 7,
			"bones": {
				"gras_arti": {
					"rotation": {
						"0.0": [3.95, 0.8, 3.72255],
						"0.1667": [8.48802, 0.81459, -4.7219],
						"0.375": [9.66055, 0.83283, -15.27747],
						"0.5417": [8.60576, 1.28325, -18.24398],
						"0.6667": [7.60788, 1.28163, -18.24199],
						"0.7917": [6.27, 1.28, -18.24],
						"1.375": [5.60504, 1.2731, -17.85324],
						"2.125": [6.211, 1.16529, -16.85527],
						"2.75": [6.65, 1.16529, -16.85527],
						"3.0": [7.72621, 0.58731, -11.89346],
						"3.2083": [6.72602, -0.40581, -12.01058],
						"3.2917": [6.3, -0.41, -12.01],
						"3.4167": [7.33, -0.41, -12.01],
						"3.5417": [7.93, -0.41, -12.01],
						"3.6667": [7.97, -0.31, -12.72],
						"3.7917": [7.67, -0.24, -13.2],
						"4.4583": [7.93, -0.24, -13.2],
						"5.4167": [8.23, -0.35, -12.39],
						"5.875": [8.43, -0.37, -12.03],
						"6.0833": [11.79103, 0.7789, -9.56567],
						"6.25": [11.15136, 0.94218, -7.31873],
						"6.375": [11.11, 0.13, -5.27],
						"6.5417": [10.82676, 0.82733, -1.99639],
						"6.8333": [3.95, 0.8, 3.72255]
					},
					"position": {
						"0.0": [0.3, -0.9, -0.7],
						"0.1667": [0.23, -1.3, -0.97],
						"0.375": [0.15, -1.35, -1.55],
						"0.5": [0.1, -1.1, -1.55],
						"0.6667": [0.1, -1.2, -1.55],
						"0.7917": [0.1, -1.37, -1.55],
						"1.375": [0.1, -1.7, -1.55],
						"2.125": [0.1, -1.65, -1.55],
						"2.75": [0.1, -1.55, -1.55],
						"3.0": [0.1, -1.75, -1.55],
						"3.2083": [0.1, -1.45, -1.55],
						"3.2917": [0.1, -1.35, -1.55],
						"3.4167": [0.1, -1.51, -1.55],
						"3.5417": [0.1, -1.51, -1.55],
						"3.6667": [0.1, -1.63, -1.55],
						"3.875": [0.1, -1.51, -1.55],
						"4.2917": [0.1, -1.44, -1.55],
						"5.5417": [0.1, -1.49, -1.55],
						"5.8333": [0.1, -1.5, -1.55],
						"6.125": [-0.22, -1.81, -1.43],
						"6.2917": [0.06, -1.53, -1.31],
						"6.4167": [0.09, -1.46, -1.19],
						"6.5": [0.11, -1.62, -1.11],
						"6.6667": [0.28, -0.89, -0.82],
						"6.8333": [0.3, -0.9, -0.7]
					}
				},
				"righthand": {
					"rotation": {
						"0.0": [120.87, 365.89, -152.95],
						"0.5": [130.06406, 376.66319, -181.91603],
						"2.8333": [130.06406, 376.66319, -181.91603],
						"3.0833": [120.87, 365.89, -152.95],
						"3.4583": [111.53497, 365.78675, -111.35352],
						"5.875": [111.53, 365.79, -111.35],
						"6.5": [120.87, 365.89, -152.95],
						"6.8333": [120.87, 365.89, -152.95]
					},
					"position": {
						"0.0": [7.7, -10.5, 36.5],
						"0.5": [7.7, -10.5, 36.5],
						"2.8333": [7.7, -10.5, 36.5],
						"3.0833": [7.7, -10.5, 36.5],
						"3.4583": [1.7, -9.9, 37.5],
						"5.875": [1.7, -9.9, 37.5],
						"6.5": [7.7, -10.5, 36.5],
						"6.8333": [7.7, -10.5, 36.5]
					},
					"scale": [1, 1.5, 1]
				},
				"lefthand": {
					"rotation": {
						"0.0": [110.1557, 315.2398, -143.04479],
						"0.5": [89.76719, 309.07674, -109.5495],
						"2.8333": [89.77, 309.08, -109.55],
						"3.0833": [90.75391, 310.07991, -109.52913],
						"3.4583": [96.60818, 312.06971, -109.33423],
						"3.5417": [96.48406, 313.06319, -109.1657],
						"5.875": [96.48, 313.06, -109.17],
						"6.2917": [100.89818, 311.4514, -119.54619],
						"6.4583": [103.12, 312.11, -125.09],
						"6.5417": [104.34, 312.77, -130.63],
						"6.7917": [110.1557, 315.2398, -143.04479],
						"6.8333": [110.1557, 315.2398, -143.04479]
					},
					"position": {
						"0.0": [-8.04, -5.34, 29.96],
						"0.2917": [-5.59, -4.36, 30.56],
						"0.5": [-3.84, -4.34, 30.56],
						"2.8333": [-3.84, -4.34, 30.56],
						"3.0833": [-3.84, -4.34, 30.56],
						"3.4583": [-4.74, -4.24, 30.56],
						"3.5417": [-4.74, -4.24, 30.56],
						"5.875": [-4.74, -4.24, 30.56],
						"6.2917": [-6.18, -4.55, 30.56],
						"6.4583": [-7.16, -4.4, 30.56],
						"6.5417": [-7.34, -4.26, 30.56],
						"6.7917": [-8.04, -5.34, 29.96],
						"6.8333": [-8.04, -5.34, 29.96]
					},
					"scale": [1, 1.5, 1]
				},
				"cocking_piece": {
					"rotation": [0, 0, 0],
					"position": [0, 0, -0.55]
				},
				"gras_arti_default": {
					"rotation": {
						"2.8333": [0, 0, 0],
						"3.25": [-1, 0, 39],
						"3.4583": [-3.00183, 1.99726, 65.89529],
						"3.5417": [-3.00046, 0.99863, 65.94766],
						"3.6667": [-3.05, 0.84, 62.95],
						"5.875": [-3.05, 0.84, 62.95],
						"6.5": [0, 0, 0],
						"6.6667": [0, 0, 0],
						"6.8333": [0, 0, 0]
					},
					"position": {
						"2.8333": [0, 0, 0],
						"3.25": [0, -0.5, 0],
						"3.4583": [0, -0.8, 0],
						"3.5417": [0, -0.8, 0],
						"3.6667": [0, -0.86, 0],
						"5.875": [0, -0.86, 0],
						"6.5": [0, 0, 0],
						"6.6667": [0, 0, 0],
						"6.8333": [0, 0, 0]
					}
				},
				"weapon_positioning": {
					"rotation": [-3.92, -1.01, -3.5],
					"position": [-0.34, 0.82, 0.75]
				},
				"constraint": {
					"rotation": [1, 1, 1],
					"position": [1, 1, 1]
				}
			}
		},
		"reload_empty": {
			"animation_length": 4.7917,
			"bones": {
				"gras_arti": {
					"rotation": {
						"0.0": [3.95, 0.8, 3.72255],
						"0.2083": [10.02, 0.78, 5.68],
						"0.4167": [6.60116, 0.42376, -0.38198],
						"0.5": [5.60116, 0.42376, -0.38198],
						"0.5833": [5.61702, 0.03264, 3.59889],
						"0.6667": [9.62122, 0.23799, 8.68669],
						"0.8333": [7.6, 0.45, 6.36],
						"0.875": [3.54671, 0.88227, 1.71935],
						"0.9583": [4.76967, 3.90782, -7.91428],
						"1.0": [4.63063, 4.07172, -9.91239],
						"1.1667": [5.87901, 6.09164, -9.26916],
						"1.4167": [9.30836, 3.16793, -0.9188],
						"1.5417": [6.43087, 3.03998, -0.02971],
						"1.75": [6.35342, 3.70615, -0.24922],
						"1.9583": [10.32, 3.74, 2.81],
						"2.2917": [4.83, 3.61, -0.31],
						"2.4583": [3.24443, 3.66396, -1.00949],
						"2.625": [3.30786, 3.60681, -0.1],
						"2.7917": [3.5, 3.55, -0.05],
						"2.9167": [3.52, 3.5, -0.01],
						"2.9583": [3.52, 3.5, -0.01],
						"3.0833": [5.52, 3.5, -0.01],
						"3.1667": [7.57949, 2.8, 0.98311],
						"3.2917": [9.70193, 1.73174, 3.94016],
						"3.4167": [10.5, 1.1, 4.92517],
						"3.5": [8.96, 3.54, 2.05],
						"3.5833": [7.34567, 7.19048, -2.26383],
						"3.625": [5.34567, 7.19048, -2.26383],
						"3.6667": [4.59, 9.7, -8.13],
						"3.9167": [7.34567, 7.19048, -2.26383],
						"4.125": [6.90669, 1.84629, 2.90212],
						"4.2917": [8.86906, 1.70785, 6.02534],
						"4.4583": [5.13679, 1.55402, 1.57038],
						"4.625": [3.95, 0.8, 3.72255],
						"4.6667": [3.95, 0.8, 3.72255]
					},
					"position": {
						"0.0": [0.3, -0.9, -0.7],
						"0.2083": [0.3, -1.15, -0.14],
						"0.5": [0.3, -1.57, -0.14],
						"0.8333": [0.3, -1.57, -0.14],
						"0.875": [0.2, -1.27, 0.26],
						"0.9583": [0.15, -1.3, 0.19],
						"1.0": [0.08, -1.5, -0.01],
						"1.0417": [0.05, -1.6, -0.01],
						"1.2083": [0.05, -1.74, -0.01],
						"1.3333": [0.35, -1.64, -0.01],
						"1.5417": [0.4, -1.54, -0.08],
						"1.7083": [0.4, -1.37, -0.08],
						"2.0417": [0.4, -0.97, -0.08],
						"2.2917": [0.4, -1.97, -0.08],
						"2.4167": [0.4, -1.97, -0.08],
						"2.5417": [0.4, -1.87, -0.08],
						"2.7083": [0.4, -1.77, -0.08],
						"2.8333": [0.4, -1.77, -0.08],
						"2.9583": [0.4, -1.77, -0.08],
						"3.0833": [0.4, -1.47, -0.08],
						"3.1667": [0.4, -1.27, -0.08],
						"3.2917": [0.4, -1.37, -0.08],
						"3.4167": [0.4, -1.23, -0.08],
						"3.5": [0.4, -1.21, -0.16],
						"3.5833": [0.4, -1.21, -0.28],
						"3.6667": [0.4, -1.21, -0.28],
						"3.7917": [0.4, -1.71, -0.28],
						"3.875": [0.47, -1.51, -0.28],
						"3.9167": [0.4, -1.21, -0.28],
						"4.125": [0.4, -1.71, -0.28],
						"4.2917": [0.57, -1.51, -0.28],
						"4.4583": [0.52, -1.18, -0.7],
						"4.5833": [0.3, -0.9, -0.7],
						"4.6667": [0.3, -0.9, -0.7]
					}
				},
				"righthand": {
					"rotation": {
						"0.0": [120.87, 365.89, -152.95],
						"0.125": [120.87, 365.89, -152.95],
						"0.4167": [99.07787, 386.08097, -204.00596],
						"0.5": [107.37361, 383.09761, -188.95306],
						"0.5833": [111.74946, 379.06376, -176.8342],
						"0.6667": [131.03337, 363.46178, -147.34528],
						"0.8333": [131.03337, 363.46178, -147.34528],
						"0.875": [131.03337, 363.46178, -147.34528],
						"1.0417": [131.03337, 363.46178, -147.34528],
						"1.0833": [131.03337, 363.46178, -147.34528],
						"1.25": [127.12682, 369.4069, -164.57731],
						"1.4583": [127.29195, 358.88097, -150.13819],
						"1.9583": [133.34218, 366.43952, -134.96317],
						"2.4583": [133.34218, 366.43952, -134.96317],
						"2.7083": [129.78, 367.73, -139.4],
						"2.875": [129.78, 367.73, -139.4],
						"3.0417": [135.79285, 367.13359, -148.18878],
						"3.1667": [147.6894, 375.18092, -160.08477],
						"3.2917": [146.95024, 356.67872, -143.58392],
						"3.4167": [146.95024, 356.67872, -143.58392],
						"3.5": [146.95024, 356.67872, -143.58392],
						"3.5417": [146.95024, 356.67872, -143.58392],
						"3.6667": [145.96517, 373.4018, -154.63489],
						"3.9167": [145.96517, 373.4018, -154.63489],
						"4.0833": [120.87, 365.89, -152.95],
						"4.6667": [120.87, 365.89, -152.95]
					},
					"position": {
						"0.0": [7.7, -10.5, 36.5],
						"0.125": [7.7, -10.5, 36.5],
						"0.4167": [2, -1.7, 32.3],
						"0.5": [4.1, -4.1, 31.9],
						"0.5833": [4.1, -4, 31.9],
						"0.625": [4.63, -6.98, 30.02],
						"0.6667": [3.15, -9.85, 27.35],
						"0.8333": [3.15, -9.85, 27.35],
						"0.875": {
							"pre": [3.15, -9.85, 27.35],
							"post": [3.15, -9.85, 31]
						},
						"1.0417": [3.15, -9.85, 31],
						"1.0833": [3.15, -9.85, 31],
						"1.25": [4.81, -7.99, 36.01],
						"1.4583": [2.42, -12.36, 36.04],
						"1.9583": [-2.37, -15.47, 43.13],
						"2.4583": [-2.37, -15.47, 43.13],
						"2.7083": [-1.37, -15.18, 44.42],
						"2.875": [-1.37, -15.18, 44.42],
						"3.0417": [-2.37, -16.98, 44.42],
						"3.1667": [-1.57, -17.53, 46.02],
						"3.25": [-1.77, -18.53, 44.52],
						"3.2917": [-1.87, -19.18, 43.62],
						"3.4167": [-1.87, -19.18, 43.62],
						"3.5": [-1.87, -18.48, 40.12],
						"3.5417": [-1.87, -18.48, 40.12],
						"3.6667": [-1.77, -20.18, 42.02],
						"3.9167": [-2.27, -19.78, 43.52],
						"4.0833": [7.7, -10.5, 36.5],
						"4.6667": [7.7, -10.5, 36.5]
					},
					"scale": [1, 1.5, 1]
				},
				"lefthand": {
					"rotation": {
						"0.0": [110.1557, 315.2398, -143.04479],
						"0.125": [109.63072, 314.60086, -140.55339],
						"0.2917": [105.85, 313.78, -142.38],
						"4.0833": [105.85, 313.78, -142.38],
						"4.2083": [106.65924, 313.3549, -134.09839],
						"4.375": [110.1557, 315.2398, -143.04479]
					},
					"position": {
						"0.0": [-8.04, -5.34, 29.96],
						"0.125": [-7.55, -4.97, 30.56],
						"0.2917": [-6.74, -4.34, 30.26],
						"4.0833": [-6.74, -4.34, 30.26],
						"4.375": [-8.04, -5.34, 29.96]
					},
					"scale": [1, 1.5, 1]
				},
				"bolt": {
					"rotation": {
						"0.0": [0, 0, 0],
						"0.8333": [0, 0, 0],
						"0.875": [0, 0, 0],
						"3.4167": [0, 0, 0],
						"3.5": [0, 0, 0],
						"4.6667": [0, 0, 0]
					},
					"position": {
						"0.0": [0, 0, 0],
						"0.8333": [0, 0, 0],
						"0.875": {
							"pre": [0, 0, 0],
							"post": [0, 0, 3.6]
						},
						"3.4167": [0, 0, 3.6],
						"3.5": [0, 0, 0],
						"4.6667": [0, 0, 0]
					}
				},
				"bolt_rotate": {
					"rotation": {
						"0.0": [0, 0, 0],
						"0.5": [0, 0, 0],
						"0.5833": [-1, 0, 50],
						"0.6667": [0, 0, 90],
						"0.8333": [0, 0, 90],
						"0.875": [0, 0, 90],
						"0.9167": [0, 0, 90],
						"3.4167": [0, 0, 90],
						"3.5": [0, 0, 90],
						"3.5417": [0, 0, 90],
						"3.6667": [0, 0, 0],
						"4.6667": [0, 0, 0]
					},
					"position": {
						"0.0": [0, 0, 0],
						"0.5": [0, 0, 0],
						"0.5833": [0, 0, 0],
						"0.6667": [0, 0, 0],
						"0.8333": [0, 0, 0],
						"0.875": [0, 0, 0],
						"0.9167": [0, 0, 0],
						"3.4167": [0, 0, 0],
						"3.5": [0, 0, 0],
						"3.5417": [0, 0, 0],
						"3.6667": [0, 0, 0],
						"4.6667": [0, 0, 0]
					}
				},
				"cocking_piece": {
					"rotation": {
						"0.0": [0, 0, 0],
						"0.5833": [0, 0, 0],
						"0.6667": [0, 0, 0],
						"4.6667": [0, 0, 0]
					},
					"position": {
						"0.0": [0, 0, -0.55],
						"0.5833": [0, 0, -0.55],
						"0.6667": [0, 0, 0],
						"4.6667": [0, 0, 0]
					}
				},
				"mag_and_righthand": {
					"rotation": {
						"0.0": [0, 0, 0],
						"1.7917": [0, 0, 0],
						"2.4583": [-12.73316, -5.86821, -24.34467],
						"2.7083": [0, -5, 0],
						"2.7917": [10, 0, 0],
						"2.875": [10, 0, 0],
						"3.0417": [10, 0, 0],
						"3.6667": [10, 0, 0],
						"3.7917": [10, 0, 0],
						"3.9167": [10, 0, 0],
						"4.0833": [0, 0, 0],
						"4.6667": [0, 0, 0]
					},
					"position": {
						"0.0": [0, 0, 0],
						"1.7917": [0, 0, 0],
						"2.4583": [-1.8, 8.8, -10.5],
						"2.7083": [4.8, 6.4, -15],
						"2.7917": [3.1, 0.1, -16],
						"2.875": [3.1, -0.2, -17],
						"3.0417": [3.1, -0.2, -17],
						"3.6667": [3.1, -0.2, -17],
						"3.7917": [3.1, -0.2, -17],
						"3.9167": [3.1, -0.2, -14.2],
						"4.0833": [0, 0, 0],
						"4.6667": [0, 0, 0]
					}
				},
				"root": {
					"rotation": {
						"0.0": [0, 0, 0],
						"0.4167": [4.5, 0, -9],
						"0.5417": [5.9556, -0.7299, -5.03797],
						"0.75": [4.99318, -0.26135, -9.0114],
						"0.8333": [4.98348, -0.40052, -7.01621],
						"1.2083": [10.16, -0.24, -6.62],
						"1.7083": [9.54, -0.17, -6.44],
						"2.0": [8.9, -0.15, -6.39],
						"2.3333": [8.10087, -0.97522, -0.39307],
						"3.0833": [5.97188, -0.78982, -0.27503],
						"3.3333": [9.4414, -2.09518, 1.24755],
						"3.9583": [4, 0, -6],
						"4.375": [0, 0, 0]
					},
					"position": {
						"0.0": [0, 0, 0],
						"0.1667": [-0.09, -0.19, 0],
						"0.4167": [-0.2, -0.4, 0],
						"0.7083": [-0.2, -0.4, 0],
						"1.7083": [-0.37, -0.41, -0.57],
						"2.0": [-0.38, -0.45, -0.5],
						"3.0833": [-0.44, -0.62, -0.25],
						"3.9583": [-0.5, -0.8, 0],
						"4.3333": [0, 0, 0]
					}
				},
				"bullet": {
					"rotation": {
						"1.5417": [0, 0, 0],
						"2.5417": [0, 0, 0],
						"2.8333": [0, 0, 0],
						"2.9583": [-9, 0, 0],
						"3.0417": [-10, 0, 0],
						"3.125": [-9, 0, 0],
						"3.4167": [-9, 0, 0],
						"3.4583": [-9, 0, 0],
						"3.5417": [-9, 0, 0],
						"3.5833": [-9, 0, 0],
						"3.9167": [-9, 0, 0],
						"4.0833": [0, 0, 0],
						"4.6667": [0, 0, 0]
					},
					"position": {
						"1.5417": [0, 0, 0],
						"2.5417": [-3.2, -0.2, 1],
						"2.8333": [-3.2, -0.2, 1],
						"2.9583": [-3.1, -0.4, 0.9],
						"3.0417": [-3.1, -0.4, 0.9],
						"3.125": [-3.1, -0.4, 0.9],
						"3.4167": [-3.1, -0.4, 0.9],
						"3.4583": [-3, -0.2, -0.3],
						"3.5": [-3, 0.02, -2.07],
						"3.5417": [-3, 0.05, -2.05],
						"3.5833": [-3, 0.05, -2.05],
						"3.9167": [-3, 0.05, -2.05],
						"4.0833": [0, 0, 0],
						"4.6667": [0, 0, 0]
					}
				},
				"bullet_in_barrel": {
					"rotation": {
						"0.0": [0, 0, 0],
						"0.8333": [0, 0, 0],
						"0.875": [0, 0, 0],
						"0.9167": {
							"pre": [0, 0, 0],
							"post": [-38.78222, 34.52313, -18.10325]
						},
						"0.9583": [-93.05301, 59.93096, -90.41122],
						"1.0417": [-143.4569, -32.82917, -198.7744],
						"1.125": [-30.02218, -0.20246, -356.76758],
						"1.2083": [-148.75062, -15.31909, -545.99235],
						"1.375": [-30.34676, -7.98623, -712.23441],
						"1.4167": [-30.34676, -7.98623, -712.23441],
						"1.4583": {
							"pre": [-30.34676, -7.98623, -712.23441],
							"post": [0, 0, 0]
						}
					},
					"position": {
						"0.0": [0, -0.08, 0.2],
						"0.8333": [0, -0.08, 0.2],
						"0.875": {
							"pre": [0, -0.08, 0.2],
							"post": [0, -0.08, 4.3]
						},
						"0.9167": {
							"pre": [0, -0.08, 4.3],
							"post": [-2.5, 4.02, 3.45]
						},
						"0.9583": [-6, 5.62, 3.95],
						"1.0": [-7.23, 6.02, 3.95],
						"1.0417": [-9.7, 5.62, 3.95],
						"1.0833": [-12.85, 4.77, 3.95],
						"1.125": [-16, 3.12, 3.95],
						"1.2083": [-20.9, -1.18, 3.95],
						"1.375": [-24, -5.98, 3.95],
						"1.4167": [-24, -5.98, 3.95],
						"1.4583": {
							"pre": [-24, -5.98, 3.95],
							"post": [0, -0.78, 0.1]
						}
					}
				},
				"constraint": {
					"rotation": [1, 1, 1],
					"position": [1, 1, 1]
				},
				"camera": {
					"rotation": {
						"0.0": [0, 0, 0],
						"0.125": [-0.15, 0, 0],
						"0.2083": [-0.2, 0, 0],
						"0.375": [0.15, 0, 0],
						"0.5833": [0, 0, -0.15],
						"0.7083": [0, 0, 0.1],
						"0.875": [-0.35, 0, 0],
						"0.9583": [0, 0, 0],
						"1.375": [0.35, 0, 0],
						"1.5833": [0.45, 0, 0],
						"1.7083": [0.45, 0, 0],
						"1.7917": [0.65, 0, 0],
						"1.9167": [0.65, 0, 0],
						"2.125": [-0.18, 0, 0],
						"2.4583": [0, 0, 0],
						"2.9583": [0, 0, 0],
						"3.2083": [0.15, 0, 0.2],
						"3.3333": [0.15, 0, 0.2],
						"3.4583": [0, 0, 0.12],
						"3.5417": [0, 0, 0.12],
						"3.625": [0.15, 0, -0.1],
						"3.7083": [-0.05, 0, 0.05],
						"4.0417": [0, 0, 0],
						"4.125": [0, -0.05, 0.106],
						"4.2083": [0, -0.08, 0.11],
						"4.375": [0, 0, 0.05],
						"4.625": [0, 0, 0],
						"4.7917": [0, 0, 0]
					},
					"position": {
						"0.0": [0, 0, 0],
						"0.125": [0, 0, 0],
						"0.5833": [0, 0, 0],
						"0.9583": [0, 0, 0],
						"1.375": [0, 0, 0],
						"1.5833": [0, 0, 0],
						"1.7083": [0, 0, 0],
						"2.125": [0, 0, 0],
						"2.4583": [0, 0, 0],
						"2.9583": [0, 0, 0],
						"3.2083": [0, 0, 0],
						"3.3333": [0, 0, 0],
						"3.4583": [0, 0, 0],
						"3.5417": [0, 0, 0],
						"3.625": [0, 0, 0],
						"3.7083": [0, 0, 0],
						"4.0417": [0, 0, 0],
						"4.375": [0, 0, 0],
						"4.625": [0, 0, 0],
						"4.7917": [0, 0, 0]
					}
				},
				"weapon_positioning": {
					"rotation": {
						"0.0": [-3.92, -1.01, -3.5],
						"1.8333": [-3.9, -1.04, -3.5],
						"2.25": [-4.02441, -2.34263, 6.61713],
						"3.3333": [-4.02, -2.34, 6.62],
						"3.5": [-3.84728, -2.61452, 2.62569],
						"3.6667": [-5.70393, -2.54885, -0.11218],
						"3.875": [-3.09792, -2.24048, 2.92696],
						"4.2083": [-3.9, -1.04, -3.5],
						"4.7917": [-3.92, -1.01, -3.5]
					},
					"position": {
						"0.0": [-0.34, 0.82, 0.75],
						"2.0": [-0.37, 0.84, 0.74],
						"2.4167": [-0.67, 0.84, 0.74],
						"3.3333": [-0.67, 0.84, 0.74],
						"3.5": [-0.67, 0.84, 0.74],
						"3.5833": [-0.67, 0.54, 0.74],
						"4.2083": [-0.37, 0.84, 0.74],
						"4.7917": [-0.34, 0.82, 0.75]
					}
				}
			}
		},
		"inspect": {
			"animation_length": 2.2917,
			"bones": {
				"gras_arti": {
					"rotation": {
						"0.0": [3.95, 0.8, 3.72255],
						"0.125": [5.87742, 2.03246, 1.98205],
						"0.25": [-1.1208, 1.34989, 2.6306],
						"0.375": [-3.74595, 2.33925, 0.45213],
						"0.5": [-2.5, 2.34, 0.45],
						"0.5417": [-4.2508, 1.71438, 2.24766],
						"0.5833": [-4.2508, 1.71438, 2.24766],
						"0.75": [-9.62927, -0.12669, 5.60785],
						"0.9583": [-11.54005, -3.51024, 2.37619],
						"1.2083": [-11.3, -2.84, 3.95],
						"1.4583": [-1.34016, 2.29374, 1.83051],
						"1.5": [-1.34016, 2.29374, 1.83051],
						"1.5833": [1.68, 2.1, 0.83],
						"1.625": [2.3998, 2.00417, -0.14211],
						"1.6667": [3.98354, 3.38, -2.08986],
						"1.8333": [4.39382, 4.73674, -0.59757],
						"2.0": [4.9, 6.34, -3.27],
						"2.2917": [3.95, 0.8, 3.72255]
					},
					"position": {
						"0.0": [0.3, -0.9, -0.7],
						"0.125": [0.3, -0.6, -0.7],
						"0.25": [0.3, -0.98, -0.7],
						"0.375": [0.3, -1.67, -0.14],
						"0.5": [0.3, -1.57, -0.14],
						"0.5417": [0.3, -1.94, -0.14],
						"0.5833": [0.3, -1.94, -0.14],
						"0.75": [0.3, -3.07, -0.14],
						"0.9583": [0.5, -3.77, -0.04],
						"1.2083": [0.5, -3.77, -0.04],
						"1.4583": [0.3, -1.4, -0.13],
						"1.5": [0.3, -1.4, -0.13],
						"1.5833": [0.3, -1.17, -0.12],
						"1.6667": [0.4, -0.9, -0.1],
						"1.7083": [0.4, -1.21, -0.28],
						"1.7917": [0.4, -1.51, -0.28],
						"2.0": [0.52, -1.18, -0.7],
						"2.1667": [0.3, -0.7, -0.7],
						"2.2917": [0.3, -0.9, -0.7]
					}
				},
				"righthand": {
					"rotation": {
						"0.0": [120.87, 365.89, -152.95],
						"0.3333": [107.37361, 383.09761, -188.95306],
						"0.4167": [107.37361, 383.09761, -188.95306],
						"0.5417": [131.03337, 363.46178, -147.34528],
						"0.5833": [131.03337, 363.46178, -147.34528],
						"0.75": [131.03337, 363.46178, -147.34528],
						"1.3333": [131.03337, 363.46178, -147.34528],
						"1.4583": [131.03337, 363.46178, -147.34528],
						"1.5": [131.03337, 363.46178, -147.34528],
						"1.6667": [107.37361, 383.09761, -188.95306],
						"1.75": [107.37361, 383.09761, -188.95306],
						"1.9167": [111.43478, 372.92535, -165.83493],
						"2.0417": [120.87, 365.89, -152.95],
						"2.2917": [120.87, 365.89, -152.95]
					},
					"position": {
						"0.0": [7.7, -10.5, 36.5],
						"0.3333": [4.1, -4.1, 31.9],
						"0.4167": [4.1, -4.1, 31.9],
						"0.5": [3.93, -7.78, 29.62],
						"0.5417": [3.15, -9.85, 27.35],
						"0.5833": [3.15, -9.85, 27.35],
						"0.75": [3.15, -9.85, 30.35],
						"1.3333": [3.15, -9.85, 30.35],
						"1.4583": [3.15, -9.85, 27.35],
						"1.5": [3.15, -9.85, 27.35],
						"1.6667": [4.1, -4.1, 31.9],
						"1.75": [4.1, -4.1, 31.9],
						"1.9167": [5.42, -7.03, 35.17],
						"2.0417": [7.7, -10.5, 36.5],
						"2.2917": [7.7, -10.5, 36.5]
					},
					"scale": [1, 1.5, 1]
				},
				"lefthand": {
					"rotation": [110.1557, 315.2398, -143.04479],
					"position": [-8.04, -5.34, 29.96],
					"scale": [1, 1.5, 1]
				},
				"bolt": {
					"rotation": {
						"0.0": [0, 0, 0],
						"0.4167": [0, 0, 0],
						"0.5417": [0, 0, 0],
						"0.5833": [0, 0, 0],
						"0.75": [0, 0, 0],
						"1.3333": [0, 0, 0],
						"1.4583": [0, 0, 0],
						"1.5": [0, 0, 0],
						"1.6667": [0, 0, 0],
						"2.2917": [0, 0, 0]
					},
					"position": {
						"0.0": [0, 0, 0],
						"0.4167": [0, 0, 0],
						"0.5417": [0, 0, 0],
						"0.5833": [0, 0, 0],
						"0.75": [0, 0, 2.75],
						"1.3333": [0, 0, 2.75],
						"1.4583": [0, 0, 0],
						"1.5": [0, 0, 0],
						"1.6667": [0, 0, 0],
						"2.2917": [0, 0, 0]
					}
				},
				"bolt_rotate": {
					"rotation": {
						"0.0": [0, 0, 0],
						"0.4167": [0, 0, 0],
						"0.5417": [0, 0, 90],
						"0.5833": [0, 0, 90],
						"1.4583": [0, 0, 90],
						"1.5": [0, 0, 90],
						"1.6667": [0, 0, 0],
						"2.2917": [0, 0, 0]
					},
					"position": {
						"0.0": [0, 0, 0],
						"0.4167": [0, 0, 0],
						"0.5417": [0, 0, 0],
						"0.5833": [0, 0, 0],
						"1.4583": [0, 0, 0],
						"1.5": [0, 0, 0],
						"1.6667": [0, 0, 0],
						"2.2917": [0, 0, 0]
					}
				},
				"bullet_in_barrel": {
					"rotation": {
						"0.0": [0, 0, 0],
						"0.5833": [0, 0, 0],
						"0.75": [0, 0, 0],
						"1.3333": [0, 0, 0],
						"1.4583": [0, 0, 0]
					},
					"position": {
						"0.0": [0, 0, 0],
						"0.5833": [0, 0, 0],
						"0.75": [0, -0.1, 3.45],
						"1.3333": [0, -0.1, 3.45],
						"1.4583": [0, -0.1, 0.7]
					}
				},
				"constraint": {
					"rotation": {
						"0.0": [0, 0, 0],
						"0.5": [0.8, 0, 0.7],
						"1.6667": [0.8, 0, 0.7],
						"2.2917": [0, 0, 0]
					},
					"position": {
						"0.0": [0, 0, 0],
						"0.5": [0, 1, 0],
						"1.6667": [0, 1, 0],
						"2.2917": [0, 0, 0]
					}
				},
				"weapon_positioning": {
					"rotation": [-3.92, -1.01, -3.5],
					"position": [-0.34, 0.82, 0.75]
				}
			}
		},
		"walk_aiming": {
			"loop": true,
			"animation_length": 1,
			"bones": {
				"root": {
					"rotation": {
						"0.0": [0, 0, 0],
						"0.1667": [-0.29, -0.48, -0.32],
						"0.25": [0.55, -0.01, -0.75],
						"0.4583": [0.92, 0.2, -0.94],
						"0.5417": [0.16, 0.87, -1],
						"0.6667": [-0.67, 0.95, -1.06],
						"0.9167": [0.93, 0.44, -0.26],
						"1.0": [0.23, 0.11, -0.07]
					},
					"position": {
						"0.0": [0, 0, 0],
						"0.2083": [0, -0.01, 0],
						"0.3333": [0, -0.05, 0],
						"0.5417": [0, 0.09, 0],
						"0.5833": [0, 0.11, 0],
						"0.7917": [-0.02, -0.05, 0],
						"1.0": [0, -0.02, 0]
					}
				},
				"constraint": {
					"rotation": {
						"0.0": [1, 1, 1],
						"1.0": [1, 1, 1]
					},
					"position": {
						"0.0": [1, 1, 1],
						"1.0": [1, 1, 1]
					}
				}
			}
		},
		"walk_forward": {
			"loop": true,
			"animation_length": 1,
			"bones": {
				"root": {
					"rotation": {
						"0.0": [0, 0, 0],
						"0.1667": [-1.08, -1.34, 1.56],
						"0.2083": [-2.08, -1.35, 1.36],
						"0.4167": [-0.06, -0.37, -1.63],
						"0.5": [1.67, 0.61, -1.32],
						"0.6667": [-1.05, 1.08, -0.75],
						"0.7083": [-2.34, 1.12, -1.18],
						"0.9167": [0.17, 0.29, -0.55],
						"0.9583": [0.75, 0.12, 0.67],
						"1.0": [0.38, 0.06, 0.34]
					},
					"position": {
						"0.0": [0, 0, 0],
						"0.1667": [0, 0.2, 0],
						"0.4167": [0, -0.1, 0],
						"0.6667": [0, 0.2, 0],
						"0.7917": [-0.1, -0.1, 0],
						"1.0": [-0.04, -0.06, 0]
					}
				},
				"constraint": {
					"rotation": [0.2, 0.2, 0.2],
					"position": [0, 0, 0]
				}
			}
		},
		"walk_sideway": {
			"loop": true,
			"animation_length": 1,
			"bones": {
				"root": {
					"rotation": {
						"0.0": [2, 0, 0],
						"0.1667": [0.92, -1.34, 1.56],
						"0.2083": [-0.08, -1.35, 1.36],
						"0.4167": [1.94, -0.37, -1.63],
						"0.5": [3.67, 0.61, -1.32],
						"0.6667": [0.95, 1.08, -0.75],
						"0.75": [-0.34, 1.12, -1.18],
						"0.9167": [2.17, 0.29, -0.55],
						"1.0": [2.09, 0.14, -0.28]
					},
					"position": {
						"0.0": [0, 0, 0],
						"0.1667": [0, 0.2, 0],
						"0.4167": [0, -0.1, 0],
						"0.6667": [0, 0.2, 0],
						"0.9167": [0, 0.32, 0],
						"1.0": [0, 0.03, 0]
					}
				}
			}
		},
		"walk_backward": {
			"loop": true,
			"animation_length": 1,
			"bones": {
				"root": {
					"rotation": {
						"0.0": [2, 0, 0],
						"0.1667": [0.92, -1.34, 1.56],
						"0.2083": [-0.08, -1.35, 1.36],
						"0.4167": [1.94, -0.37, -1.63],
						"0.5": [3.67, 0.61, -1.32],
						"0.6667": [0.95, 1.08, -0.75],
						"0.75": [-0.34, 1.12, -1.18],
						"0.9167": [2.17, 0.29, -0.55],
						"1.0": [2.09, 0.14, -0.28]
					},
					"position": {
						"0.0": [0, 0, 0],
						"0.1667": [0, 0.2, 0],
						"0.4167": [0, -0.1, 0],
						"0.6667": [0, 0.2, 0],
						"0.9167": [0, 0.32, 0],
						"1.0": [0, 0.03, 0]
					}
				}
			}
		},
		"run_start": {
			"animation_length": 0.4583,
			"bones": {
				"root": {
					"rotation": {
						"0.0": [0, 0, 0],
						"0.1667": [-3.99, -11.82, 29.38],
						"0.2917": [-14.90352, -17.46786, 53.14043],
						"0.375": [-12.06943, -19.89425, 47.24904],
						"0.4583": [-12.99, -18.92, 47.01]
					},
					"position": {
						"0.0": [0, 0, 0],
						"0.125": [0.32, -1.41, 0.03],
						"0.2917": [0.51, -3.83, 1],
						"0.375": [0.51, -3.53, 1],
						"0.4583": [0.51, -3.53, 1]
					}
				},
				"weapon_positioning": {
					"rotation": {
						"0.0": [0, 0, 0],
						"0.4583": [0.27, -2.11, 0.92]
					},
					"position": {
						"0.0": [0, 0, 0],
						"0.4583": [-0.2, 0.4, -3.2]
					}
				}
			}
		},
		"run": {
			"loop": true,
			"animation_length": 0.65,
			"bones": {
				"root": {
					"rotation": [-12.99, -18.92, 47.01],
					"position": [0.51, -3.53, 1]
				},
				"weapon_positioning": {
					"rotation": {
						"0.0": [0.27, -2.11, 0.92],
						"0.15": [0.8932, -0.91564, -3.20014],
						"0.25": [-0.98389, -1.41207, -2.44051],
						"0.35": [-2.08, -1.35, 1.36],
						"0.45": [0.59526, -2.36433, -0.3882],
						"0.55": [-0.5, -1.52, -0.6],
						"0.65": [-0.17, -1.77, 0.38]
					},
					"position": {
						"0.0": [-0.2, 0.4, -3.2],
						"0.1": [0, -0.1, -3.2],
						"0.25": [-0.1, 0.3, -3.2],
						"0.4": [0, -0.3, -3.2],
						"0.55": [0, 0.2, -3.2],
						"0.65": [-0.13, 0.33, -3.2]
					}
				}
			}
		},
		"run_hold": {
			"loop": true,
			"bones": {
				"root": {
					"rotation": [-12.99, -18.92, 47.01],
					"position": [0.51, -3.53, 1]
				},
				"weapon_positioning": {
					"rotation": [0.27, -2.11, 0.92],
					"position": [-0.2, 0.4, -3.2]
				}
			}
		},
		"run_end": {
			"animation_length": 0.75,
			"bones": {
				"root": {
					"rotation": {
						"0.0": [-12.99, -18.92, 47.01],
						"0.0833": [-5.56415, -24.37717, 38.33071],
						"0.25": [4.05927, -14.63257, 28.71327],
						"0.4167": [8.02433, -4.71953, 23.95239],
						"0.5833": [1.20496, -2.20243, 5.60673],
						"0.75": [0, 0, 0]
					},
					"position": {
						"0.0": [0.51, -3.53, 1],
						"0.125": [-1.22, -1.32, 0.75],
						"0.25": [-1.22, -1.32, 0.75],
						"0.375": [-1.23, -0.95, 1.33],
						"0.6667": [0, 0, 0]
					}
				}
			}
		},
		"melee_bayonet_1": {
			"animation_length": 0.7917,
			"bones": {
				"root": {
					"rotation": {
						"0.0": [0, 0, 0],
						"0.0833": [4.65607, -3.03914, 23.34941],
						"0.2083": [5.87279, -5.06188, 38.38521],
						"0.25": [-0.41338, -4.43378, 30.00033],
						"0.2917": [-0.41779, -9.43364, 30.03685],
						"0.3333": [-0.5, -9.25, 29.52],
						"0.4583": [-0.74612, -8.69357, 27.98908],
						"0.625": [7.42294, -6.74142, 21.21886],
						"0.7917": [0, 0, 0]
					},
					"position": {
						"0.0": [0, 0, 0],
						"0.0833": [-0.5, -0.4, 0.4],
						"0.2083": [-2.3, -3.3, 5.9],
						"0.2917": [-1.6, -1.7, -3.2],
						"0.3333": [-1.1, -1.7, -4.6],
						"0.4583": [-1.6, -1.7, -3.9],
						"0.625": [-0.46, -0.26, -0.47],
						"0.7917": [0, 0, 0]
					}
				},
				"righthand": {
					"rotation": {
						"0.0": [120.87, 365.89, -152.95],
						"0.7917": [120.87, 365.89, -152.95]
					},
					"position": {
						"0.0": [7.7, -10.5, 36.5],
						"0.7917": [7.7, -10.5, 36.5]
					},
					"scale": [1, 1.5, 1]
				},
				"lefthand": {
					"rotation": {
						"0.0": [110.1557, 315.2398, -143.04479],
						"0.125": [111.35449, 314.20514, -153.25925],
						"0.3333": [111.35449, 314.20514, -153.25925],
						"0.4583": [111.35449, 314.20514, -153.25925],
						"0.625": [103.4, 312.26, -133.79],
						"0.7917": [110.1557, 315.2398, -143.04479]
					},
					"position": {
						"0.0": [-8.04, -5.34, 29.96],
						"0.125": [-7.28, -4.68, 30.56],
						"0.3333": [-7.28, -4.68, 30.56],
						"0.4583": [-7.28, -4.68, 30.56],
						"0.625": [-6.74, -4.84, 30.56],
						"0.7917": [-8.04, -5.34, 29.96]
					},
					"scale": [1, 1.5, 1]
				}
			}
		},
		"melee_bayonet_2": {
			"animation_length": 1,
			"bones": {
				"root": {
					"rotation": {
						"0.0": [0, 0, 0],
						"0.125": [4.47993, 2.52963, -13.74774],
						"0.25": [3.69698, 4.94633, -18.75859],
						"0.3333": [-4.99947, -5.04476, 5.49141],
						"0.375": [-4.24333, -7.00492, 12.4115],
						"0.6667": [4.46, -4.63, 3.22],
						"0.7917": [5.2453, -1.71778, -5.81873],
						"1.0": [0, 0, 0]
					},
					"position": {
						"0.0": [0, 0, 0],
						"0.125": [-2.1, -3.2, 0.8],
						"0.25": [-3.8, -7.9, 5.6],
						"0.3333": [0.24, -0.32, -4.29],
						"0.4167": [0.19, -0.3, -3.56],
						"0.6667": [0.11, -2.22, -2.1],
						"0.875": [0.05, -0.27, -1.19],
						"1.0": [0, 0, 0]
					}
				},
				"righthand": {
					"rotation": {
						"0.0": [120.87, 365.89, -152.95],
						"1.0": [120.87, 365.89, -152.95]
					},
					"position": {
						"0.0": [7.7, -10.5, 36.5],
						"1.0": [7.7, -10.5, 36.5]
					},
					"scale": [1, 1.5, 1]
				},
				"lefthand": {
					"rotation": {
						"0.0": [110.1557, 315.2398, -143.04479],
						"0.1667": [91.76508, 306.7731, -118.41265],
						"0.5417": [91.76508, 306.7731, -118.41265],
						"0.7917": [95.02618, 309.19324, -126.23007],
						"1.0": [110.1557, 315.2398, -143.04479]
					},
					"position": {
						"0.0": [-8.04, -5.34, 29.96],
						"0.1667": [-4.34, -3.84, 30.56],
						"0.5417": [-4.34, -3.84, 30.56],
						"0.7917": [-4.34, -3.84, 30.56],
						"1.0": [-8.04, -5.34, 29.96]
					},
					"scale": [1, 1.5, 1]
				}
			}
		},
		"melee_bayonet_3": {
			"animation_length": 1.0833,
			"bones": {
				"root": {
					"rotation": {
						"0.0": [0, 0, 0],
						"0.0833": [1.37761, 5.42512, -21.12478],
						"0.2083": [-3.01678, 35.47767, -34.65268],
						"0.3333": [-0.24483, -16.52104, 5.46328],
						"0.375": [-5.64383, -25.86222, 18.39636],
						"0.4583": [-7.73495, -30.58763, 28.32029],
						"0.5": [-7.73495, -30.58763, 28.32029],
						"0.625": [-5.59739, -24.86703, 18.28797],
						"0.7083": [7.37211, -16.17781, -0.52212],
						"0.875": [9.32784, -7.85872, -3.90558],
						"1.0833": [0, 0, 0]
					},
					"position": {
						"0.0": [0, 0, 0],
						"0.125": [-1.4, -3.3, 0.1],
						"0.2083": [-4.64, -2.91, 0.1],
						"0.3333": [2.6, -0.8, 0.1],
						"0.375": [3, -0.43, 0.1],
						"0.5417": [3, -0.43, 0.1],
						"0.7917": [1.38, -0.86, 0.1],
						"0.9583": [0.08, -0.12, -0.02],
						"1.0833": [0, 0, 0]
					}
				},
				"righthand": {
					"rotation": {
						"0.0": [120.87, 365.89, -152.95],
						"1.0": [120.87, 365.89, -152.95]
					},
					"position": {
						"0.0": [7.7, -10.5, 36.5],
						"1.0": [7.7, -10.5, 36.5]
					},
					"scale": [1, 1.5, 1]
				},
				"lefthand": {
					"rotation": {
						"0.0": [110.1557, 315.2398, -143.04479],
						"0.1667": [91.76508, 306.7731, -118.41265],
						"0.5417": [91.76508, 306.7731, -118.41265],
						"0.7917": [95.02618, 309.19324, -126.23007],
						"1.0": [110.1557, 315.2398, -143.04479]
					},
					"position": {
						"0.0": [-8.04, -5.34, 29.96],
						"0.1667": [-4.34, -3.84, 30.56],
						"0.5417": [-4.34, -3.84, 30.56],
						"0.7917": [-4.34, -3.84, 30.56],
						"1.0": [-8.04, -5.34, 29.96]
					},
					"scale": [1, 1.5, 1]
				}
			}
		},
		"melee_stock": {
			"animation_length": 1.25,
			"bones": {
				"root": {
					"rotation": {
						"0.0": [0, 0, 0],
						"0.125": [4.78342, -6.67269, 12.05963],
						"0.2917": [-110.43307, 3.19716, 132.19887],
						"0.375": [-130.06857, 2.4267, 128.70335],
						"0.4583": [-125.86, -2.28, 125.96],
						"0.625": [-99.23968, -21.48377, 101.7995],
						"0.75": [-35.7302, -39.88715, 45.6266],
						"0.9583": [6.62044, -8.87899, 13.38455],
						"1.0417": [8.84246, 3.04735, 0.99624],
						"1.25": [0, 0, 0]
					},
					"position": {
						"0.0": [0, 0, 0],
						"0.125": [-0.4, -1.9, 2.3],
						"0.2917": [8.4, -0.9, -6.1],
						"0.375": [8.3, -0.9, -6.3],
						"0.4583": [7.93, -0.97, -6.19],
						"0.625": [5.33, -2, -4.7],
						"0.75": [3.24, -1.27, -3.04],
						"1.0417": [0.3, -0.9, 0.1],
						"1.25": [0, 0, 0]
					}
				},
				"gras_arti": {
					"rotation": {
						"0.0": [3.95, 0.8, 3.72255],
						"1.25": [3.95, 0.8, 3.72255]
					},
					"position": {
						"0.0": [0.3, -0.9, -0.7],
						"1.25": [0.3, -0.9, -0.7]
					}
				},
				"righthand": {
					"rotation": {
						"0.0": [120.87, 365.89, -152.95],
						"0.2083": [76.77215, 344.62793, -162.85474],
						"0.2917": [27.7602, 334.98166, -142.55959],
						"0.4583": [27.7602, 334.98166, -142.55959],
						"0.5417": [32.31113, 343.55125, -152.0094],
						"0.625": [32.31113, 343.55125, -152.0094],
						"0.75": [54.45, 349.14, -152.24],
						"1.0833": [120.87, 365.89, -152.95],
						"1.25": [120.87, 365.89, -152.95]
					},
					"position": {
						"0.0": [7.7, -10.5, 36.5],
						"0.125": [13.32, -5.25, 36.28],
						"0.2083": [18.95, 1.6, 34.45],
						"0.2917": [22.6, 5.9, 22.4],
						"0.4583": [22.6, 5.9, 22.4],
						"0.5417": [20.2, 7.9, 24.8],
						"0.625": [20.2, 7.9, 24.8],
						"0.75": [19.31, 3.74, 30.63],
						"0.9583": [12.3, -5.69, 37.32],
						"1.0833": [7.7, -10.7, 35.9],
						"1.25": [7.7, -10.5, 36.5]
					},
					"scale": [1, 1.5, 1]
				},
				"lefthand": {
					"rotation": {
						"0.0": [110.52248, 314.30835, -143.56144],
						"0.2083": [103.4, 312.26, -133.79],
						"0.3333": [87.55385, 317.90605, -184.38891],
						"0.5417": [92.6175, 298.43214, -172.18624],
						"0.7083": [89.6175, 298.43214, -172.18624],
						"0.8333": [97.9305, 303.96328, -156.82775],
						"1.0417": [103.4, 312.26, -133.79],
						"1.25": [110.52248, 314.30835, -143.56144]
					},
					"position": {
						"0.0": [-8.04, -5.34, 30.56],
						"0.2083": [-6.74, -4.84, 23.16],
						"0.25": [-4.19, -0.84, 23.56],
						"0.3333": [-4.24, 3.16, 26.46],
						"0.5417": [2.3, -0.05, 24.25],
						"0.7083": [1.9, 1.05, 24.35],
						"0.8333": [-1.32, -3.31, 25.79],
						"1.0417": [-6.64, -4.54, 28.76],
						"1.25": [-8.04, -5.34, 30.56]
					},
					"scale": [1, 1.5, 1]
				},
				"weapon_positioning": {
					"rotation": [-3.92, -1.01, -3.5],
					"position": [-0.34, 0.82, 0.75]
				}
			}
		}
	}
}