{
	"format_version": "1.8.0",
	"animations": {
		"idle": {
			"loop": true,
			"animation_length": 16.8,
			"bones": {
				"root": {
					"rotation": {
						"0.0": [0, 0, 0],
						"1.1": [0, 0.2, 0.2],
						"2.2": [0, -0.5, 0.3],
						"3.1": [0, -0.35, 0.15],
						"3.4": [-0.2, -0.21, -0.04],
						"3.8": [-0.96189, -0.02589, -0.8],
						"4.3": [-1.05184, -0.00945, -0.72368],
						"4.6": [-1.05, -0.01, -0.72],
						"5.0": [-0.8, -0.01, 0.3],
						"5.5": [-0.49222, 0.01103, 1.66146],
						"6.3": [0, 0, 0],
						"6.8": [0, 0, 0],
						"7.0": [0, 0, 0],
						"9.5": [0, 0, 0]
					},
					"position": {
						"0.0": [0, 0, 0],
						"1.1": [0, -0.05, 0],
						"1.6": [0, -0.05, 0],
						"2.7": [0, -0.03, 0],
						"3.4": [0, -0.04, 0],
						"3.8": [0, 0.1, 0],
						"4.1": [0, 0.15, 0],
						"4.4": [0, 0.18, 0],
						"4.6": [0, 0.2, 0],
						"5.0": [0, 0.1, 0],
						"5.6": [0, -0.06, 0],
						"5.8": [0, -0.08, 0],
						"6.3": [0, 0, 0],
						"6.8": [0, 0.025, 0],
						"7.0": [0, 0, 0],
						"8.0": [-0.01, -0.02, 0],
						"9.5": [0, 0, 0]
					}
				},
				"constraint": {
					"rotation": [0.6, 0.6, 0.6],
					"position": [0.6, 0.6, 0.6]
				},
				"weapon_positioning": {
					"rotation": {
						"0.0": [0, 0, 0],
						"0.4": [-0.04, -0.31, -0.4],
						"0.9": [-0.36, -0.31, -0.79],
						"1.3": [-0.3, -0.26, -0.22],
						"1.6": [-0.32, -0.19, 0.35],
						"2.0": [-0.21, -0.12, 0.26],
						"2.3": [-0.19, -0.03, 0.07],
						"2.7": [-0.24, 0.04, -0.07],
						"3.6": [-0.11, 0.03, 0.23],
						"4.2": [0, 0, 0],
						"4.6": [-0.04, -0.31, -0.4],
						"5.1": [-0.36, -0.31, -0.79],
						"5.5": [-0.3, -0.26, -0.22],
						"5.8": [-0.32, -0.19, 0.35],
						"6.2": [-0.21, -0.12, 0.26],
						"6.5": [-0.19, -0.03, 0.07],
						"6.9": [-0.24, 0.04, -0.07],
						"7.8": [-0.11, 0.03, 0.23],
						"8.4": [0, 0, 0],
						"8.8": [-0.04, -0.31, -0.4],
						"9.3": [-0.36, -0.31, -0.79],
						"9.7": [-0.3, -0.26, -0.22],
						"10.0": [-0.32, -0.19, 0.35],
						"10.4": [-0.21, -0.12, 0.26],
						"10.7": [-0.19, -0.03, 0.07],
						"11.1": [-0.24, 0.04, -0.07],
						"12.0": [-0.11, 0.03, 0.23],
						"12.6": [0, 0, 0],
						"13.0": [-0.04, -0.31, -0.4],
						"13.5": [-0.36, -0.31, -0.79],
						"13.9": [-0.3, -0.26, -0.22],
						"14.2": [-0.32, -0.19, 0.35],
						"14.6": [-0.21, -0.12, 0.26],
						"14.9": [-0.19, -0.03, 0.07],
						"15.3": [-0.24, 0.04, -0.07],
						"16.2": [-0.11, 0.03, 0.23],
						"16.8": [0, 0, 0]
					},
					"position": {
						"0.0": [0, 0, 0],
						"1.6": [-0.05, -0.02, 0],
						"3.7": [-0.03, -0.01, 0],
						"4.2": [0, 0, 0],
						"5.8": [-0.05, -0.02, 0],
						"7.9": [-0.03, -0.01, 0],
						"8.4": [0, 0, 0],
						"10.0": [-0.05, -0.02, 0],
						"12.1": [-0.03, -0.01, 0],
						"12.6": [0, 0, 0],
						"14.2": [-0.05, -0.02, 0],
						"16.3": [-0.03, -0.01, 0],
						"16.8": [0, 0, 0]
					}
				}
			}
		},
		"static_idle": {
			"loop": true,
			"bones": {
				"kar71": {
					"rotation": [4.95, 0.8, 3.72255],
					"position": [0.3, -0.9, -0.7]
				},
				"righthand": {
					"rotation": [120.87, 365.89, -152.95],
					"position": [7.7, -10.7, 35.9],
					"scale": [1, 1.5, 1]
				},
				"lefthand": {
					"rotation": [103.4, 312.26, -133.79],
					"position": [-6.74, -4.24, 29.36],
					"scale": [1, 1.5, 1]
				},
				"constraint": {
					"rotation": [0, 0, 0],
					"position": [0, 0, 0]
				},
				"weapon_positioning": {
					"rotation": [-4.9, -1.13, -3.5],
					"position": [-0.341, 0.82, 0.74]
				}
			}
		},
		"static_bolt_caught": {
			"loop": true,
			"bones": {
				"kar71": {
					"rotation": [4.95, 0.8, 3.72255],
					"position": [0.3, -0.9, -0.7]
				},
				"righthand": {
					"rotation": [120.87, 365.89, -152.95],
					"position": [7.7, -10.7, 35.9],
					"scale": [1, 1.5, 1]
				},
				"lefthand": {
					"rotation": [103.4, 312.26, -133.79],
					"position": [-6.74, -4.24, 29.36],
					"scale": [1, 1.5, 1]
				},
				"constraint": {
					"rotation": [0, 0, 0],
					"position": [0, 0, 0]
				},
				"bolt_none_rotating": {
					"rotation": [0, 0, 0],
					"position": [0, 0, -0.32]
				},
				"weapon_positioning": {
					"rotation": [-4.9, -1.13, -3.5],
					"position": [-0.341, 0.82, 0.74]
				}
			}
		},
		"slide": {
			"loop": true,
			"animation_length": 0.6667,
			"bones": {
				"root": {
					"rotation": {
						"0.0": [0, 0, 0],
						"0.125": [-1.99535, 0.85991, -0.92128],
						"0.2917": [-0.80012, 0.9999, 5.42604],
						"0.4167": [0.65925, 0.41153, 8.36971],
						"0.625": [-0.32, 0.4, 6.37]
					},
					"position": {
						"0.0": [0, 0, 0],
						"0.2083": [0, 1.5, 0.8],
						"0.3333": [0, 2, 1.9],
						"0.4167": [0, 1.9, 1.9],
						"0.5833": [0, 1.8, 1.9]
					}
				},
				"constraint": {
					"rotation": [0.01, 0.01, 0.01],
					"position": [0.01, 0.01, 0.01]
				}
			}
		},
		"slide_idle": {
			"loop": true,
			"bones": {
				"root": {
					"rotation": [-0.32, 0.4, 6.37],
					"position": [0, 1.8, 1.9]
				},
				"constraint": {
					"rotation": [0.01, 0.01, 0.01],
					"position": [0.01, 0.01, 0.01]
				}
			}
		},
		"slide_back": {
			"loop": true,
			"animation_length": 0.5417,
			"bones": {
				"root": {
					"rotation": {
						"0.0": [-0.32, 0.4, 6.37],
						"0.125": [-3.26667, 0, 5.30833],
						"0.2917": [-1.30852, -0.4, -2.28036],
						"0.4583": [0, 0, 0]
					},
					"position": {
						"0.0": [0, 1.8, 1.9],
						"0.1667": [0, 0.58, 0.67],
						"0.25": [0, -0.29, 0.47],
						"0.3333": [0, -0.59, 0.47],
						"0.5417": [0, 0, 0]
					}
				},
				"constraint": {
					"rotation": [0.01, 0.01, 0.01],
					"position": [0.01, 0.01, 0.01]
				}
			}
		},
		"shoot": {
			"animation_length": 1.1667,
			"bones": {
				"root": {
					"rotation": {
						"0.0": [0, 0, 0],
						"0.0417": [0, 0, 0],
						"0.0833": [-8.08064, -0.37502, -8.3504],
						"0.1667": [-3.95282, 0.25401, -6.14508],
						"0.25": [-2.30527, 0.42677, -9.62678],
						"0.3333": [-0.16978, -1.2705, -5.58936],
						"0.4583": [3.99757, -0.13948, 2.99513],
						"0.5417": [4.99939, -0.0349, 2.9997],
						"0.6667": [1.99939, -0.0349, 2.9997],
						"0.875": [-0.9997, -0.0349, -0.99939],
						"1.125": [0, 0, 0]
					},
					"position": {
						"0.0": [0, 0, 0],
						"0.0417": [0, 0, 0],
						"0.125": [0, 0.4, 1.2],
						"0.1667": [0, 0.6, 1],
						"0.2083": [0, 0.51, 0.8],
						"0.25": [0, 0.31, 0.6],
						"0.3333": [0, -0.19, 0.25],
						"0.4167": [0, -0.49, 0],
						"0.5": [0, -0.35, 0],
						"0.5833": [-0.08, -0.2, 0],
						"0.6667": [-0.1, -0.05, 0],
						"0.8333": [0, 0, 0]
					}
				},
				"constraint": {
					"rotation": {
						"0.0": [1, 1, 1],
						"0.75": [1, 1, 1],
						"0.9583": [0.2, 0.2, 0.2],
						"1.125": [0, 0, 0]
					},
					"position": {
						"0.0": [1, 1, 1],
						"0.75": [1, 1, 1],
						"0.9583": [0.2, 0.2, 0.2],
						"1.125": [0, 0, 0]
					}
				},
				"camera": {
					"rotation": {
						"0.0": [0, 0, 0],
						"0.0417": [0, 0, 0],
						"0.125": [-2.9648, 0.01608, -0.01786],
						"0.2083": [-5.41656, -0.90575, -0.96779],
						"0.2917": [-2, -0.9, -1.96],
						"0.375": [-0.96, -0.3, -1.96],
						"0.5417": [0, 0, 0],
						"0.7917": [0, 0, 0]
					},
					"position": {
						"0.0": [0, 0, 0],
						"0.0417": [0, 0, 0],
						"0.25": [-0.2, 0, 0],
						"0.7083": [0, 0, 0],
						"0.7917": [0, 0, 0]
					}
				}
			}
		},
		"draw": {
			"animation_length": 2.5417,
			"bones": {
				"kar71": {
					"rotation": {
						"0.0": [25.90357, 21.74341, -33.10398],
						"0.0417": [25.90357, 21.74341, -33.10398],
						"0.1667": [13.43, 14.67, -25.67],
						"0.2917": [3.95836, 7.59263, -18.2281],
						"0.375": [6.30054, 5.0759, -10.48158],
						"0.5833": [14.75824, -3.05515, 8.34027],
						"0.7083": [18.26929, -2.16303, 4.19215],
						"0.9167": [12.02, -2.91, 3.15],
						"1.0833": [8.29, -4.72, 5.26],
						"1.2083": [8.01, -4.04, 4.14],
						"1.375": [8.82465, -2.698, 7.03943],
						"1.4583": [7.9347, -3.09387, 7.52042],
						"1.5": [7.62451, -2.64456, 11.62274],
						"1.5417": [5.43933, -3.75918, 13.11458],
						"1.625": [6.89198, -3.85168, 7.08866],
						"1.7083": [10.13412, -3.15363, 3.1249],
						"1.875": [10.19445, -1.81638, 1.33114],
						"2.0417": [11.90734, -3.15591, 6.87254],
						"2.2083": [8.21369, -1.37336, 9.07321],
						"2.375": [6.16, 2.68, 0.46],
						"2.5417": [4.95, 0.8, 3.72255]
					},
					"position": {
						"0.0": [-4.65, -7.31, 10.83],
						"0.0417": [-4.65, -7.31, 10.83],
						"0.1667": [-1.57, -2.68, 1.81],
						"0.2917": [0.1, -1.15, 0.8],
						"0.4583": [0.07, -0.45, 0.97],
						"0.5833": [0.07, -1.65, -0.3],
						"0.7083": [0.07, -1.58, -0.3],
						"0.7917": [0.09, -1.17, -0.39],
						"0.875": [0.16, -0.96, -0.44],
						"1.0417": [0.12, -1.3, -0.48],
						"1.1667": [0.14, -1.43, -0.46],
						"1.375": [0.15, -1.36, -0.45],
						"1.4583": [0.25, -1.46, -0.45],
						"1.5": [0.45, -1.46, -0.45],
						"1.5417": [0.5, -1.63, -0.49],
						"1.625": [0.5, -1.63, -0.49],
						"1.7083": [0.5, -1.63, -0.49],
						"1.875": [0.5, -1.43, -0.49],
						"2.0417": [0.34, -1.27, -0.49],
						"2.25": [0.4, -0.5, -0.7],
						"2.5417": [0.3, -0.9, -0.7]
					}
				},
				"righthand": {
					"rotation": {
						"0.0": [120.87, 365.89, -152.95],
						"0.9583": [120.87, 365.89, -152.95],
						"1.125": [125.34897, 375.85168, -178.78276],
						"1.25": [125.34897, 375.85168, -178.78276],
						"1.3333": [119.97, 361.09, -153.47],
						"1.4583": [119.97, 361.09, -153.47],
						"1.5417": [119.53438, 353.59028, -140.45505],
						"1.75": [119.53438, 353.59028, -140.45505],
						"2.0": [120.87, 365.89, -152.95],
						"2.5417": [120.87, 365.89, -152.95]
					},
					"position": {
						"0.0": [7.7, -10.7, 35.9],
						"0.9583": [7.7, -10.7, 35.9],
						"1.125": [6.6, -8.3, 34],
						"1.25": [6.6, -7.8, 34.1],
						"1.2917": [6.91, -7.8, 33.9],
						"1.3333": [7.22, -8.2, 33.4],
						"1.4583": [7.42, -8.2, 33.4],
						"1.5417": [7, -10.8, 32.4],
						"1.75": [7, -10.8, 32.4],
						"1.9167": [6.89, -10.67, 35.25],
						"2.0": [7.7, -10.7, 35.9],
						"2.5417": [7.7, -10.7, 35.9]
					},
					"scale": [1, 1.5, 1]
				},
				"lefthand": {
					"rotation": {
						"0.0": [90.65155, 332.91208, -125.20508],
						"0.1667": [90.65155, 332.91208, -125.20508],
						"0.2917": [90.65155, 332.91208, -125.20508],
						"0.4167": [89.68643, 326.6948, -122.1609],
						"0.5833": [90.75, 320.91, -125.38],
						"2.0833": [90.75, 320.91, -125.38],
						"2.2083": [93.29416, 320.18033, -117.01769],
						"2.4167": [103.4, 312.26, -133.79],
						"2.5417": [103.4, 312.26, -133.79]
					},
					"position": {
						"0.0": [-6.54, 1.16, 29.46],
						"0.1667": [-6.54, 1.16, 29.46],
						"0.4167": [-5.28, 1.63, 29.46],
						"0.5833": [-6.34, 0.16, 30.56],
						"2.0833": [-6.34, 0.16, 30.56],
						"2.2083": [-6.46, -1, 30.56],
						"2.4167": [-6.74, -4.24, 29.36],
						"2.5417": [-6.74, -4.24, 29.36]
					},
					"scale": [1, 1.5, 1]
				},
				"constraint": {
					"rotation": {
						"0.0": [0, 0, 0],
						"0.2917": [0.8, 0, 0.7],
						"2.0417": [0.8, 0, 0.7],
						"2.4167": [0, 0, 0]
					},
					"position": {
						"0.0": [0.3, 0.3, 0.3],
						"0.2917": [0, 1, 0],
						"2.0417": [0, 1, 0],
						"2.4167": [0, 0, 0]
					}
				},
				"camera": {
					"rotation": {
						"0.0": [0, 0, 0],
						"0.5833": [0, 0, 0],
						"0.625": [0.15, 0, 0],
						"0.7917": [0, 0, 0],
						"0.9583": [0, 0, 0],
						"1.0833": [0, 0, -0.3],
						"1.125": [0, 0, -0.3],
						"1.25": [0, 0, -0.3],
						"1.2917": [0, 0, -0.1],
						"1.4583": [0, 0, -0.2],
						"1.5417": [0.3, 0, 0.2],
						"1.6667": [0.15, 0, 0.1],
						"2.0417": [0.15, 0, 0.1],
						"2.2083": [-0.15, 0, 0],
						"2.375": [0, 0, 0],
						"2.5417": [0, 0, 0]
					},
					"position": {
						"0.0": [0, 0, 0],
						"0.5833": [0, 0, 0],
						"0.9583": [0, 0, 0],
						"1.0833": [0, 0, 0],
						"1.125": [0, 0, 0],
						"1.25": [0, 0, 0],
						"1.2917": [0, 0, 0],
						"1.4583": [0, 0, 0],
						"1.5417": [0, 0, 0],
						"1.6667": [0, 0, 0],
						"2.0417": [0, 0, 0],
						"2.2083": [0, 0, 0],
						"2.375": [0, 0, 0],
						"2.5417": [0, 0, 0]
					}
				},
				"flag_safety": {
					"rotation": {
						"1.25": [0, 0, -180],
						"1.3333": [0, 0, -99],
						"1.4583": [0, 0, -82.5],
						"1.5417": [0, 0, 0],
						"2.5417": [0, 0, 0]
					},
					"position": {
						"1.25": [0, 0, 0],
						"1.3333": [0, 0, 0],
						"1.4583": [0, 0, 0],
						"1.5417": [0, 0, 0],
						"2.5417": [0, 0, 0]
					}
				},
				"weapon_positioning": {
					"rotation": [-4.9, -1.13, -3.5],
					"position": [-0.341, 0.82, 0.74]
				}
			}
		},
		"inspect_empty": {
			"animation_length": 6.8333,
			"bones": {
				"kar71": {
					"rotation": {
						"0.0": [4.95, 0.8, 3.72255],
						"0.1667": [8.48802, 0.81459, -4.7219],
						"0.375": [9.66055, 0.83283, -15.27747],
						"0.5417": [8.60576, 1.28325, -18.24398],
						"0.6667": [7.60788, 1.28163, -18.24199],
						"0.7917": [6.27, 1.28, -18.24],
						"1.375": [5.60504, 1.2731, -17.85324],
						"2.125": [6.211, 1.16529, -16.85527],
						"2.75": [6.65, 1.16529, -16.85527],
						"3.0": [7.72621, 0.58731, -11.89346],
						"3.2083": [6.72602, -0.40581, -12.01058],
						"3.2917": [6.3, -0.41, -12.01],
						"3.4167": [7.33, -0.41, -12.01],
						"3.5417": [7.93, -0.41, -12.01],
						"3.6667": [7.97, -0.31, -12.72],
						"3.7917": [7.67, -0.24, -13.2],
						"4.4583": [7.93, -0.24, -13.2],
						"5.4167": [8.23, -0.35, -12.39],
						"5.875": [8.43, -0.37, -12.03],
						"6.0833": [11.79103, 0.7789, -9.56567],
						"6.25": [11.15136, 0.94218, -7.31873],
						"6.375": [11.11, 0.13, -5.27],
						"6.5417": [10.82676, 0.82733, -1.99639],
						"6.8333": [4.95, 0.8, 3.72255]
					},
					"position": {
						"0.0": [0.3, -0.9, -0.7],
						"0.1667": [0.23, -1.3, -0.97],
						"0.375": [0.15, -1.35, -1.55],
						"0.5": [0.1, -1.1, -1.55],
						"0.6667": [0.1, -1.2, -1.55],
						"0.7917": [0.1, -1.37, -1.55],
						"1.375": [0.1, -1.7, -1.55],
						"2.125": [0.1, -1.65, -1.55],
						"2.75": [0.1, -1.55, -1.55],
						"3.0": [0.1, -1.75, -1.55],
						"3.2083": [0.1, -1.45, -1.55],
						"3.2917": [0.1, -1.35, -1.55],
						"3.4167": [0.1, -1.51, -1.55],
						"3.5417": [0.1, -1.51, -1.55],
						"3.6667": [0.1, -1.63, -1.55],
						"3.875": [0.1, -1.51, -1.55],
						"4.2917": [0.1, -1.44, -1.55],
						"5.5417": [0.1, -1.49, -1.55],
						"5.8333": [0.1, -1.5, -1.55],
						"6.125": [-0.22, -1.81, -1.43],
						"6.2917": [0.06, -1.53, -1.31],
						"6.4167": [0.09, -1.46, -1.19],
						"6.5": [0.11, -1.62, -1.11],
						"6.6667": [0.28, -0.89, -0.82],
						"6.8333": [0.3, -0.9, -0.7]
					}
				},
				"righthand": {
					"rotation": {
						"0.0": [120.87, 365.89, -152.95],
						"0.5": [130.06406, 376.66319, -181.91603],
						"2.8333": [130.06406, 376.66319, -181.91603],
						"3.0833": [120.87, 365.89, -152.95],
						"3.4583": [111.53497, 365.78675, -111.35352],
						"5.875": [111.53, 365.79, -111.35],
						"6.5": [120.87, 365.89, -152.95],
						"6.8333": [120.87, 365.89, -152.95]
					},
					"position": {
						"0.0": [7.7, -10.7, 35.9],
						"0.5": [7.7, -10.5, 36.5],
						"2.8333": [7.7, -10.5, 36.5],
						"3.0833": [7.7, -10.5, 36.5],
						"3.4583": [1.7, -9.9, 37.5],
						"5.875": [1.7, -9.9, 37.5],
						"6.5": [7.7, -10.5, 36.5],
						"6.8333": [7.7, -10.7, 35.9]
					},
					"scale": [1, 1.5, 1]
				},
				"lefthand": {
					"rotation": {
						"0.0": [103.4, 312.26, -133.79],
						"0.5": [89.76719, 309.07674, -109.5495],
						"2.8333": [89.77, 309.08, -109.55],
						"3.0833": [90.75391, 310.07991, -109.52913],
						"3.4583": [96.60818, 312.06971, -109.33423],
						"3.5417": [96.48406, 313.06319, -109.1657],
						"5.875": [96.48, 313.06, -109.17],
						"6.2917": [100.89818, 311.4514, -119.54619],
						"6.4583": [103.12, 312.11, -125.09],
						"6.5417": [104.34, 312.77, -130.63],
						"6.8333": [103.4, 312.26, -133.79]
					},
					"position": {
						"0.0": [-6.74, -4.24, 29.36],
						"0.2917": [-5.59, -4.36, 30.56],
						"0.5": [-3.84, -4.34, 30.56],
						"2.8333": [-3.84, -4.34, 30.56],
						"3.0833": [-3.84, -4.34, 30.56],
						"3.4583": [-4.74, -4.24, 30.56],
						"3.5417": [-4.74, -4.24, 30.56],
						"5.875": [-4.74, -4.24, 30.56],
						"6.2917": [-6.18, -4.55, 30.56],
						"6.4583": [-7.16, -4.4, 30.56],
						"6.5417": [-7.34, -4.26, 30.56],
						"6.8333": [-6.74, -4.24, 29.36]
					},
					"scale": [1, 1.5, 1]
				},
				"kar71_default": {
					"rotation": {
						"0.0": [0, 0, 0],
						"2.8333": [0, 0, 0],
						"3.25": [-1, 0, 39],
						"3.4583": [-3.00183, 1.99726, 65.89529],
						"3.5417": [-3.00046, 0.99863, 65.94766],
						"3.6667": [-3.05, 0.84, 62.95],
						"5.875": [-3.05, 0.84, 62.95],
						"6.5": [0, 0, 0],
						"6.6667": [0, 0, 0],
						"6.8333": [0, 0, 0]
					},
					"position": {
						"0.0": [0, 0, 0],
						"2.8333": [0, 0, 0],
						"3.25": [0, -0.5, 0],
						"3.4583": [0, -0.8, 0],
						"3.5417": [0, -0.8, 0],
						"3.6667": [0, -0.86, 0],
						"5.875": [0, -0.86, 0],
						"6.5": [0, 0, 0],
						"6.6667": [0, 0, 0],
						"6.8333": [0, 0, 0]
					}
				},
				"weapon_positioning": {
					"rotation": [-4.9, -1.13, -3.5],
					"position": [-0.341, 0.82, 0.74]
				}
			}
		},
		"reload_empty": {
			"animation_length": 4.4167,
			"bones": {
				"kar71": {
					"rotation": {
						"0.0": [4.95, 0.8, 3.72255],
						"0.125": [0.51, 2.53, 0.04],
						"0.25": [0.08888, 3.57418, -8.09038],
						"0.375": [0.03134, 4.5063, -8.62426],
						"0.4167": [0.97, 5.65, -3.77],
						"0.5": [0.72487, 6.7, -1.56868],
						"0.5833": [-0.23, 6.87, -5.89],
						"0.7083": [-6.87566, 8.09257, -36.14039],
						"0.8333": [-9.8657, 7.09213, -36.07195],
						"1.2083": [0.83691, 5.1, -1.60574],
						"1.25": [-0.08964, 4.08484, -0.62226],
						"1.4167": [6.58033, 2.7, 2.95471],
						"1.5417": [6.58033, 2.7, 2.95471],
						"1.75": [6.57, 3.83, 2.85],
						"2.125": [4.83, 3.61, -0.31],
						"2.25": [3.24443, 3.66396, -1.00949],
						"2.4167": [3.30786, 3.60681, -0.1],
						"2.6667": [3.5, 3.55, -0.05],
						"2.7917": [3.52, 3.5, -0.01],
						"2.8333": [3.52, 3.5, -0.01],
						"2.9167": [5.52, 3.5, -0.01],
						"3.0": [7.57949, 2.8, 0.98311],
						"3.0833": [9.70193, 1.73174, 3.94016],
						"3.2083": [10.06007, 0.75115, 6.89477],
						"3.2917": [8.96, 3.54, 2.05],
						"3.3333": [7.34567, 5.1905, 1.2638],
						"3.4583": [7.27944, 8.70808, -8.25854],
						"3.5833": [7.33, 8.27, -4.78],
						"4.0417": [6.90669, 1.84629, 2.90212],
						"4.125": [5.73, 2.32, 2.07],
						"4.4167": [4.95, 0.8, 3.72255]
					},
					"position": {
						"0.0": [0.3, -0.9, -0.7],
						"0.2083": [0.3, -1.62, -0.08],
						"0.375": [0.3, -1.62, -0.08],
						"0.4583": [0.54, -1.39, -0.08],
						"0.5": [0.59, -1.35, -0.08],
						"0.5833": [0.61, -1.34, -0.08],
						"0.625": [0.7, -1.27, -0.08],
						"0.7083": [-0.5, -2.8, -1],
						"0.8333": [-0.5, -3.4, -0.9],
						"0.9583": [-0.22, -3.05, -0.89],
						"1.125": [-0.07, -2.18, -0.7],
						"1.2083": [0.4, -1.33, -0.08],
						"1.25": [0.4, -1.53, -0.08],
						"1.4167": [0.4, -1.54, -0.08],
						"1.5417": [0.4, -1.54, -0.08],
						"1.7083": [0.4, -1.37, -0.08],
						"1.9167": [0.4, -1.3, -0.08],
						"2.125": [0.4, -1.97, -0.08],
						"2.2083": [0.4, -1.97, -0.08],
						"2.3333": [0.4, -1.87, -0.08],
						"2.5833": [0.4, -1.77, -0.08],
						"2.7083": [0.4, -1.77, -0.08],
						"2.8333": [0.4, -1.77, -0.08],
						"2.9167": [0.4, -1.47, -0.08],
						"3.0": [0.4, -1.27, -0.08],
						"3.0833": [0.4, -1.37, -0.08],
						"3.2083": [0.4, -1.21, -0.08],
						"3.2917": [0.4, -1.21, -0.16],
						"3.3333": [0.4, -1.21, -0.28],
						"3.4583": [0.4, -1.21, -0.28],
						"3.625": [0.4, -1.71, -0.28],
						"3.7083": [0.47, -1.51, -0.28],
						"3.875": [0.47, -1.51, -0.7],
						"3.9583": [0.4, -1.71, -0.7],
						"4.25": [0.3, -0.7, -0.7],
						"4.4167": [0.3, -0.9, -0.7]
					}
				},
				"righthand": {
					"rotation": {
						"0.0": [120.87, 365.89, -152.95],
						"0.125": [120.87, 365.89, -152.95],
						"0.2917": [127.83608, 376.83879, -137.33932],
						"0.4167": [129.26951, 372.47248, -131.6822],
						"0.4583": [130.00984, 369.28142, -127.76189],
						"0.5": [132.10313, 355.03088, -121.82886],
						"0.5833": [132.10313, 355.03088, -121.82886],
						"0.6667": [132.10313, 355.03088, -121.82886],
						"1.2083": [132.10313, 355.03088, -121.82886],
						"1.5": [127.29195, 358.88097, -150.13819],
						"1.7917": [133.34218, 366.43952, -134.96317],
						"2.25": [133.34218, 366.43952, -134.96317],
						"2.5833": [129.78, 367.73, -139.4],
						"2.75": [129.78, 367.73, -139.4],
						"2.875": [136.10273, 369.21978, -146.01063],
						"3.0417": [141.32856, 364.20682, -149.64458],
						"3.1667": [146.95024, 356.67872, -143.58392],
						"3.2083": [146.95024, 356.67872, -143.58392],
						"3.2917": [146.95024, 356.67872, -143.58392],
						"3.3333": [146.95024, 356.67872, -143.58392],
						"3.4583": [149.86703, 365.06307, -149.03944],
						"3.7083": [145.96517, 373.4018, -154.63489],
						"3.875": [120.87, 365.89, -152.95],
						"4.4167": [120.87, 365.89, -152.95]
					},
					"position": {
						"0.0": [7.7, -10.7, 35.9],
						"0.125": [7.7, -10.7, 35.9],
						"0.2917": [-1.6, -10.2, 29.5],
						"0.4167": [-2.5, -9.2, 29],
						"0.4583": [-2.6, -9, 29],
						"0.5": [-2.1, -11, 26.5],
						"0.5833": [-2.1, -11, 26.5],
						"0.6667": [-2.1, -11, 30.6],
						"1.2083": [-2.1, -11, 30.6],
						"1.5": [2.42, -12.36, 36.04],
						"1.7917": [-2.37, -15.47, 43.13],
						"2.25": [-2.37, -15.47, 43.13],
						"2.5833": [-1.37, -15.18, 44.42],
						"2.75": [-1.37, -15.18, 44.42],
						"2.9167": [-2.37, -16.98, 44.42],
						"3.0417": [-0.97, -17.53, 46.32],
						"3.1667": [-1.87, -19.58, 44.02],
						"3.2083": [-1.87, -19.58, 44.02],
						"3.2917": [-1.87, -18.88, 40.02],
						"3.3333": [-1.87, -18.88, 40.02],
						"3.4583": [-1.97, -21.58, 39.92],
						"3.7083": [-2.27, -19.78, 43.52],
						"3.875": [7.7, -10.7, 35.9],
						"4.4167": [7.7, -10.7, 35.9]
					},
					"scale": [1, 1.5, 1]
				},
				"lefthand": {
					"rotation": {
						"0.0": [103.4, 312.26, -133.79],
						"0.125": [103.4, 312.26, -133.79],
						"0.25": [103.1415, 320.78102, -132.83505],
						"0.3333": [101.8, 326.46, -132.2],
						"0.4167": [99.46351, 332.14237, -131.56179],
						"1.125": [99.46351, 332.14237, -131.56179],
						"1.5": [103.4, 312.26, -133.79],
						"4.0417": [103.4, 312.26, -133.79],
						"4.25": [103.4, 312.26, -133.79],
						"4.4167": [103.4, 312.26, -133.79]
					},
					"position": {
						"0.0": [-6.74, -4.24, 29.36],
						"0.125": [-6.74, -4.54, 29.36],
						"0.4167": [-11.14, 2.26, 29.36],
						"1.125": [-11.14, 2.26, 29.36],
						"1.5": [-6.74, -4.24, 29.36],
						"4.0417": [-6.74, -4.24, 29.36],
						"4.25": [-6.74, -4.24, 29.36],
						"4.4167": [-6.74, -4.24, 29.36]
					},
					"scale": [1, 1.5, 1]
				},
				"bolt": {
					"rotation": {
						"0.0": [0, 0, 0],
						"0.5833": [0, 0, 0],
						"3.2917": [0, 0, 0]
					},
					"position": {
						"0.0": [0, 0, 0],
						"0.5833": [0, 0, 0],
						"0.6667": [0, 0, 4.1],
						"3.2083": [0, 0, 4.1],
						"3.2917": [0, 0, 0]
					}
				},
				"bolt_rotate": {
					"rotation": {
						"0.0": [0, 0, 0],
						"0.2917": [0, 0, 0],
						"0.4167": [-1, 0, 50],
						"0.5": [0, 0, 90],
						"0.5833": [0, 0, 90],
						"3.2083": [0, 0, 90],
						"3.2917": [0, 0, 90],
						"3.3333": [0, 0, 90],
						"3.4583": [0, 0, 0],
						"4.4167": [0, 0, 0]
					},
					"position": {
						"0.0": [0, 0, 0],
						"0.2917": [0, 0, 0],
						"0.4167": [0, 0, 0],
						"0.5": [0, 0, 0],
						"0.5833": [0, 0, 0],
						"3.2917": [0, 0, 0],
						"3.3333": [0, 0, 0],
						"3.4583": [0, 0, 0],
						"4.4167": [0, 0, 0]
					}
				},
				"mag_and_righthand": {
					"rotation": {
						"0.0": [0, 0, 0],
						"1.6667": [0, 0, 0],
						"2.25": [-12.73316, -5.86821, -24.34467],
						"2.5833": [0, -5, 0],
						"2.6667": [10, 0, 0],
						"2.75": [10, 0, 0],
						"2.9167": [10, 0, 0],
						"3.4583": [10, 0, 0],
						"3.5833": [10, 0, 0],
						"3.7083": [10, 0, 0],
						"3.875": [0, 0, 0],
						"4.4167": [0, 0, 0]
					},
					"position": {
						"0.0": [0, 0, 0],
						"1.6667": [0, 0, 0],
						"2.25": [-1.8, 8.8, -10.5],
						"2.5833": [4.8, 6.4, -15],
						"2.6667": [3.1, 0.1, -16],
						"2.75": [3.1, -0.2, -16.5],
						"2.9167": [3.1, -0.2, -16.5],
						"3.4583": [3.1, -0.2, -16.5],
						"3.5833": [3.1, -0.2, -16.5],
						"3.7083": [3.1, -0.2, -14.2],
						"3.875": [0, 0, 0],
						"4.4167": [0, 0, 0]
					}
				},
				"root": {
					"rotation": {
						"0.0": [0, 0, 0],
						"0.2083": [5, 0, 0],
						"0.375": [8.0012, -0.99027, -0.13919],
						"0.7083": [8.05882, 1.68896, -4.81096],
						"1.8333": [7.86, -0.21, 0.18],
						"2.1667": [5.36, -0.14, -1.32],
						"2.8333": [4.99, -0.14, -1.44],
						"3.0833": [6.82825, -1.36138, 0.04656],
						"3.2083": [7.82825, -1.36138, 0.04656],
						"3.3333": [7.83, -1.36, 0.05],
						"3.4583": [2.83, -1.36, 0.05],
						"3.5833": [4.43, -1.36, 0.05],
						"3.7083": [3.97, -1.22, 0.04],
						"3.875": [6.60714, -0.8, 0.02857],
						"4.1667": [5.94632, -1.64902, 1.92354],
						"4.4167": [0, 0, 0]
					},
					"position": {
						"0.0": [0, 0, 0],
						"0.375": [0, 0, 0],
						"0.5417": [0, 0.04, 0],
						"0.7917": [-0.6, 0, 0],
						"1.125": [-0.8, 0.2, 0],
						"1.25": [-0.8, 0.46, 0],
						"1.5417": [-0.9, 0.14, 0],
						"1.8333": [-0.9, 0.4, 0],
						"2.1667": [-0.9, 0.1, 0],
						"2.8333": [-0.9, 0.1, 0],
						"3.2083": [-0.9, 0.3, 0],
						"3.3333": [-0.9, 0.3, 0],
						"3.4167": [-0.9, -0.3, 0],
						"3.7083": [-0.9, -0.41, 0],
						"3.875": [-0.9, -0.41, 0],
						"4.2083": [-0.08, -0.07, 0],
						"4.4167": [0, 0, 0]
					}
				},
				"bullet": {
					"rotation": {
						"0.0": [0, 0, 0],
						"1.4167": [0, 0, 0],
						"2.3333": [0, 0, 0],
						"2.7083": [0, 0, 0],
						"2.8333": [-9, 0, 0],
						"2.9167": [-10, 0, 0],
						"3.0": [-9, 0, 0],
						"3.2083": [-9, 0, 0],
						"3.3333": [-9, 0, 0],
						"3.5833": [-9, 0, 0],
						"3.875": [-9, 0, 0],
						"4.4167": [-9, 0, 0]
					},
					"position": {
						"0.0": [0, 0, 0],
						"1.4167": [0, 0, 0],
						"2.125": [-2.87, 0.15, 0.77],
						"2.3333": [-3.2, -0.2, 1],
						"2.7083": [-3.2, -0.2, 1],
						"2.8333": [-3.1, -0.4, 0.9],
						"2.9167": [-3.1, -0.4, 0.9],
						"3.0": [-3.1, -0.4, 0.9],
						"3.2083": [-3.1, -0.4, 0.9],
						"3.25": [-3.05, -0.09, -1.12],
						"3.2917": [-3, 0.32, -3.17],
						"3.3333": [-3, 0.32, -3.17],
						"3.5833": [-3, 0.32, -3.17],
						"3.625": [-3, -0.75, -3.17],
						"3.7083": [-3, -0.78, -3.17],
						"3.75": [-2.3, 0.38, -3.17],
						"3.7917": [-1.34, 1.28, -3.17],
						"3.875": [-0.16, 1.15, -3.17],
						"4.4167": [-3, 0.32, -3.17]
					}
				},
				"bullet_in_barrel": {
					"rotation": {
						"0.0": [0, 0, 0],
						"0.5833": [0, 0, 0],
						"0.625": [0, 0, 0],
						"0.6667": [-6.78843, 27.83324, -3.18116],
						"0.7083": [-8.92684, 47.65258, -6.62186],
						"0.875": [0, 0, 0],
						"0.9167": [0, 0, 0],
						"0.9583": [0, 0, 0],
						"3.2083": [0, 0, 0],
						"3.25": [0, 0, 0],
						"3.2917": [0, 0, 0],
						"4.4167": [0, 0, 0]
					},
					"position": {
						"0.0": [0, 0, 0],
						"0.5833": [0, 0, 0.2],
						"0.625": [0, 0, 2.08],
						"0.6667": [-2.2, 0, 3.55],
						"0.75": [-4.6, 0, 3.45],
						"0.875": [-8.4, 0, 3.45],
						"0.9167": [-8.4, 0, 3.45],
						"0.9583": {
							"pre": [-8.4, 0, 3.45],
							"post": [0, -0.9, 0.15]
						},
						"3.2083": [0, -0.9, 0.15],
						"3.25": [0, -0.45, 0.15],
						"3.2917": {
							"pre": [0, -0.45, 0.15],
							"post": [0, 0, 0]
						},
						"4.4167": [0, 0, 0]
					}
				},
				"constraint": {
					"rotation": {
						"0.0": [0, 0, 0],
						"0.2917": [1, 1, 1],
						"3.9583": [1, 1, 1],
						"4.4167": [0, 0, 0]
					},
					"position": {
						"0.0": [0, 0, 0],
						"0.2917": [1, 1, 1],
						"3.9583": [1, 1, 1],
						"4.4167": [0, 0, 0]
					}
				},
				"camera": {
					"rotation": {
						"0.0": [0, 0, 0],
						"0.125": [-0.15, 0, 0],
						"0.2083": [-0.2, 0, 0],
						"0.375": [0.15, 0, 0],
						"0.5833": [0, 0, -0.15],
						"0.7083": [0, 0, 0.1],
						"0.875": [-0.35, 0, 0],
						"0.9583": [0, 0, 0],
						"1.375": [0.35, 0, 0],
						"1.5833": [0.45, 0, 0],
						"1.7083": [0.45, 0, 0],
						"1.7917": [0.65, 0, 0],
						"1.9167": [0.65, 0, 0],
						"2.125": [-0.18, 0, 0],
						"2.4583": [0, 0, 0],
						"2.75": [0, 0, 0],
						"3.0": [0.15, 0, 0.2],
						"3.125": [0.15, 0, 0.2],
						"3.25": [0, 0, 0.12],
						"3.3333": [0, 0, 0.12],
						"3.4167": [0.15, 0, -0.1],
						"3.5": [-0.05, 0, 0.05],
						"3.8333": [0, 0, 0],
						"3.9167": [0, -0.05, 0.106],
						"4.0": [0, -0.08, 0.11],
						"4.1667": [0, 0, 0.05],
						"4.2917": [0, 0, 0],
						"4.4167": [0, 0, 0]
					},
					"position": {
						"0.0": [0, 0, 0],
						"0.125": [0, 0, 0],
						"0.5833": [0, 0, 0],
						"0.9583": [0, 0, 0],
						"1.375": [0, 0, 0],
						"1.5833": [0, 0, 0],
						"1.7083": [0, 0, 0],
						"2.125": [0, 0, 0],
						"2.4583": [0, 0, 0],
						"2.75": [0, 0, 0],
						"3.0": [0, 0, 0],
						"3.125": [0, 0, 0],
						"3.25": [0, 0, 0],
						"3.3333": [0, 0, 0],
						"3.4167": [0, 0, 0],
						"3.5": [0, 0, 0],
						"3.8333": [0, 0, 0],
						"4.1667": [0, 0, 0],
						"4.2917": [0, 0, 0],
						"4.4167": [0, 0, 0]
					}
				},
				"bolt_none_rotating": {
					"rotation": {
						"0.0": [0, 0, 0],
						"0.2917": [0, 0, 0],
						"0.4167": [0, 0, 0]
					},
					"position": {
						"0.0": [0, 0, -0.32],
						"0.2917": [0, 0, -0.32],
						"0.4167": [0, 0, 0]
					}
				},
				"weapon_positioning": {
					"rotation": {
						"0.0": [-4.9, -1.13, -3.5],
						"0.1667": [-4.9, -1.13, -3.5],
						"1.7917": [-4, -1, -3.5],
						"2.0833": [-5.89377, -2.72319, 8.57048],
						"3.1667": [-5.89377, -2.72319, 8.57048],
						"3.3333": [-3.84728, -2.61452, 2.62569],
						"3.5": [-5.70393, -2.54885, -0.11218],
						"3.7083": [-3.09792, -2.24048, 2.92696],
						"4.0417": [-4, -1, -3.5],
						"4.4167": [-4.9, -1.13, -3.5]
					},
					"position": {
						"0.0": [-0.341, 0.82, 0.74],
						"0.1667": [-0.341, 0.82, 0.74],
						"0.375": [-0.36, -0.6, 0.74],
						"1.8333": [-0.36, 0.8, 0.74],
						"2.25": [-0.36, 0.8, 0.74],
						"3.1667": [-0.36, 0.8, 0.74],
						"3.3333": [-0.67, 0.84, 0.74],
						"3.4167": [-0.67, 0.54, 0.74],
						"4.0417": [-0.36, 0.8, 0.74],
						"4.4167": [-0.341, 0.82, 0.74]
					}
				}
			}
		},
		"inspect": {
			"animation_length": 2.2917,
			"bones": {
				"kar71": {
					"rotation": {
						"0.0": [4.95, 0.8, 3.72255],
						"0.125": [5.87742, 2.03246, 1.98205],
						"0.25": [-1.1208, 1.34989, 2.6306],
						"0.375": [-3.74595, 2.33925, 0.45213],
						"0.5": [-2.5, 2.34, 0.45],
						"0.5417": [-4.2508, 1.71438, 2.24766],
						"0.5833": [-4.2508, 1.71438, 2.24766],
						"0.75": [-9.62927, -0.12669, 5.60785],
						"0.9583": [-11.54005, -3.51024, 2.37619],
						"1.2083": [-11.3, -2.84, 3.95],
						"1.4583": [-1.34016, 2.29374, 1.83051],
						"1.5": [-1.34016, 2.29374, 1.83051],
						"1.5833": [1.68, 2.1, 0.83],
						"1.625": [2.3998, 2.00417, -0.14211],
						"1.6667": [3.98354, 3.38, -2.08986],
						"1.8333": [4.39382, 4.73674, -0.59757],
						"2.0": [4.9, 6.34, -3.27],
						"2.2917": [4.95, 0.8, 3.72255]
					},
					"position": {
						"0.0": [0.3, -0.9, -0.7],
						"0.125": [0.3, -0.6, -0.7],
						"0.25": [0.3, -0.98, -0.7],
						"0.375": [0.3, -1.67, -0.14],
						"0.5": [0.3, -1.57, -0.14],
						"0.5417": [0.3, -1.94, -0.14],
						"0.5833": [0.3, -1.94, -0.14],
						"0.75": [0.3, -3.07, -0.14],
						"0.9583": [0.5, -3.77, -0.04],
						"1.2083": [0.5, -3.77, -0.04],
						"1.4583": [0.3, -1.4, -0.13],
						"1.5": [0.3, -1.4, -0.13],
						"1.5833": [0.3, -1.17, -0.12],
						"1.6667": [0.4, -0.9, -0.1],
						"1.7083": [0.4, -1.21, -0.28],
						"1.7917": [0.4, -1.51, -0.28],
						"2.0": [0.52, -1.18, -0.7],
						"2.1667": [0.3, -0.7, -0.7],
						"2.2917": [0.3, -0.9, -0.7]
					}
				},
				"righthand": {
					"rotation": {
						"0.0": [120.87, 365.89, -152.95],
						"0.3333": [107.37361, 383.09761, -188.95306],
						"0.4167": [107.37361, 383.09761, -188.95306],
						"0.5417": [131.03337, 363.46178, -147.34528],
						"0.5833": [131.03337, 363.46178, -147.34528],
						"0.75": [131.03337, 363.46178, -147.34528],
						"1.3333": [131.03337, 363.46178, -147.34528],
						"1.4583": [131.03337, 363.46178, -147.34528],
						"1.5": [131.03337, 363.46178, -147.34528],
						"1.6667": [107.37361, 383.09761, -188.95306],
						"1.75": [107.37361, 383.09761, -188.95306],
						"1.9167": [111.43478, 372.92535, -165.83493],
						"2.0417": [120.87, 365.89, -152.95],
						"2.2917": [120.87, 365.89, -152.95]
					},
					"position": {
						"0.0": [7.7, -10.7, 35.9],
						"0.3333": [4.1, -4.1, 31.9],
						"0.4167": [4.1, -4.1, 31.9],
						"0.5": [3.93, -7.78, 29.62],
						"0.5417": [3.15, -9.85, 27.35],
						"0.5833": [3.15, -9.85, 27.35],
						"0.75": [3.15, -9.85, 30.35],
						"1.3333": [3.15, -9.85, 30.35],
						"1.4583": [3.15, -9.85, 27.35],
						"1.5": [3.15, -9.85, 27.35],
						"1.6667": [4.1, -4.1, 31.9],
						"1.75": [4.1, -4.1, 31.9],
						"1.9167": [5.42, -7.03, 35.17],
						"2.0417": [7.7, -10.5, 36.5],
						"2.2917": [7.7, -10.7, 35.9]
					},
					"scale": [1, 1.5, 1]
				},
				"lefthand": {
					"rotation": [103.4, 312.26, -133.79],
					"position": [-6.74, -4.24, 29.36],
					"scale": [1, 1.5, 1]
				},
				"bolt": {
					"rotation": {
						"0.0": [0, 0, 0],
						"0.4167": [0, 0, 0],
						"0.5417": [0, 0, 0],
						"0.5833": [0, 0, 0],
						"0.75": [0, 0, 0],
						"1.3333": [0, 0, 0],
						"1.4583": [0, 0, 0],
						"1.5": [0, 0, 0],
						"1.6667": [0, 0, 0],
						"2.2917": [0, 0, 0]
					},
					"position": {
						"0.0": [0, 0, 0],
						"0.4167": [0, 0, 0],
						"0.5417": [0, 0, 0],
						"0.5833": [0, 0, 0],
						"0.75": [0, 0, 2.75],
						"1.3333": [0, 0, 2.75],
						"1.4583": [0, 0, 0],
						"1.5": [0, 0, 0],
						"1.6667": [0, 0, 0],
						"2.2917": [0, 0, 0]
					}
				},
				"bolt_rotate": {
					"rotation": {
						"0.0": [0, 0, 0],
						"0.4167": [0, 0, 0],
						"0.5417": [0, 0, 90],
						"0.5833": [0, 0, 90],
						"1.4583": [0, 0, 90],
						"1.5": [0, 0, 90],
						"1.6667": [0, 0, 0],
						"2.2917": [0, 0, 0]
					},
					"position": {
						"0.0": [0, 0, 0],
						"0.4167": [0, 0, 0],
						"0.5417": [0, 0, 0],
						"0.5833": [0, 0, 0],
						"1.4583": [0, 0, 0],
						"1.5": [0, 0, 0],
						"1.6667": [0, 0, 0],
						"2.2917": [0, 0, 0]
					}
				},
				"bullet_in_barrel": {
					"rotation": {
						"0.0": [0, 0, 0],
						"0.5833": [0, 0, 0],
						"0.75": [0, 0, 0],
						"1.3333": [0, 0, 0],
						"1.4583": [0, 0, 0]
					},
					"position": {
						"0.0": [0, 0, 0],
						"0.5833": [0, 0, 0],
						"0.75": [0, -0.1, 3.45],
						"1.3333": [0, -0.1, 3.45],
						"1.4583": [0, -0.1, 0.7]
					}
				},
				"constraint": {
					"rotation": {
						"0.0": [0, 0, 0],
						"0.5": [0.8, 0, 0.7],
						"1.6667": [0.8, 0, 0.7],
						"2.2917": [0, 0, 0]
					},
					"position": {
						"0.0": [0, 0, 0],
						"0.5": [0, 1, 0],
						"1.6667": [0, 1, 0],
						"2.2917": [0, 0, 0]
					}
				},
				"weapon_positioning": {
					"rotation": [-4.9, -1.13, -3.5],
					"position": [-0.341, 0.82, 0.74]
				}
			}
		},
		"run_start": {
			"animation_length": 0.5833,
			"bones": {
				"root": {
					"rotation": {
						"0.0": [0, 0, 0],
						"0.0833": [-3.20577, -3.78251, 8.16697],
						"0.2083": [-6.61776, -10.47673, 12.36088],
						"0.3333": [-24.82307, -15.13004, 32.66788],
						"0.4167": [-26.14107, -17.36285, 30.33759],
						"0.5417": [-18.58872, -19.04577, 21.97285]
					},
					"position": {
						"0.0": [0, 0, 0],
						"0.0833": [0.04, -1.57, -0.65],
						"0.2083": [0.11, -4.22, -0.82],
						"0.3333": [0.18, -4.27, -1],
						"0.4167": [0.28, -4.47, -1],
						"0.5417": [0.18, -5.37, -1]
					}
				},
				"weapon_positioning": {
					"rotation": {
						"0.0": [0, 0, 0],
						"0.5833": [0.27, -2.11, 0.92]
					},
					"position": {
						"0.0": [0, 0, 0],
						"0.5833": [-0.2, 0.4, -3.2]
					}
				}
			}
		},
		"run": {
			"loop": true,
			"animation_length": 0.65,
			"bones": {
				"root": {
					"rotation": [-18.58872, -19.04577, 21.97285],
					"position": [0.18, -5.37, -1]
				},
				"weapon_positioning": {
					"rotation": {
						"0.0": [0.27, -2.11, 0.92],
						"0.15": [0.84406, -0.96113, -0.20008],
						"0.25": [-1.03258, -1.37687, -0.44022],
						"0.35": [-2.03164, -1.42175, -0.6393],
						"0.45": [1.71785, -1.33002, -3.37798],
						"0.55": [-1.04995, -0.91966, -0.71335],
						"0.65": [-0.17, -1.71, 0.38]
					},
					"position": {
						"0.0": [-0.2, 0.4, -3.2],
						"0.1": [0, -0.1, -3.2],
						"0.25": [0, 0.2, -3.2],
						"0.3": [0, 0.2, -3.2],
						"0.4": [0, -0.1, -3.2],
						"0.55": [0, 0.2, -3.2],
						"0.65": [-0.13, 0.33, -3.2]
					}
				}
			}
		},
		"run_hold": {
			"loop": true,
			"bones": {
				"root": {
					"rotation": [-18.58872, -19.04577, 21.97285],
					"position": [0.18, -5.37, -1]
				},
				"weapon_positioning": {
					"rotation": [0.27, -2.11, 0.92],
					"position": [-0.2, 0.4, -3.2]
				}
			}
		},
		"run_end": {
			"animation_length": 0.5417,
			"bones": {
				"root": {
					"rotation": {
						"0.0": [-18.58872, -19.04577, 21.97285],
						"0.1667": [4.05927, -14.63257, 28.71327],
						"0.5417": [0, 0, 0]
					},
					"position": {
						"0.0": [0.18, -5.37, -1],
						"0.25": [-1.22, -1.32, 0.75],
						"0.375": [-1.27, -0.59, 1.11],
						"0.5": [0, 0, 0]
					}
				}
			}
		},
		"walk_aiming": {
			"loop": true,
			"animation_length": 1,
			"bones": {
				"root": {
					"rotation": {
						"0.0": [0, 0, 0],
						"0.1667": [-0.29, -0.48, -0.32],
						"0.25": [0.55, -0.01, -0.75],
						"0.4583": [0.92, 0.2, -0.94],
						"0.5417": [0.16, 0.87, -1],
						"0.6667": [-0.67, 0.95, -1.06],
						"0.9167": [0.93, 0.44, -0.26],
						"1.0": [0.23, 0.11, -0.07]
					},
					"position": {
						"0.0": [0, 0, 0],
						"0.2083": [0, -0.01, 0],
						"0.3333": [0, -0.05, 0],
						"0.5417": [0, 0.09, 0],
						"0.5833": [0, 0.11, 0],
						"0.7917": [-0.02, -0.05, 0],
						"1.0": [0, -0.02, 0]
					}
				},
				"constraint": {
					"rotation": {
						"0.0": [1, 1, 1],
						"1.0": [1, 1, 1]
					},
					"position": {
						"0.0": [1, 1, 1],
						"1.0": [1, 1, 1]
					}
				}
			}
		},
		"walk_forward": {
			"loop": true,
			"animation_length": 1,
			"bones": {
				"root": {
					"rotation": {
						"0.0": [0, 0, 0],
						"0.1667": [-1.08, -1.34, 1.56],
						"0.2083": [-2.08, -1.35, 1.36],
						"0.4167": [-0.06, -0.37, -1.63],
						"0.5": [1.67, 0.61, -1.32],
						"0.6667": [-1.05, 1.08, -0.75],
						"0.7083": [-2.34, 1.12, -1.18],
						"0.9167": [0.17, 0.29, -0.55],
						"0.9583": [0.75, 0.12, 0.67],
						"1.0": [0.38, 0.06, 0.34]
					},
					"position": {
						"0.0": [0, 0, 0],
						"0.1667": [0, 0.2, 0],
						"0.4167": [0, -0.1, 0],
						"0.6667": [0, 0.2, 0],
						"0.7917": [-0.1, -0.1, 0],
						"1.0": [-0.04, -0.06, 0]
					}
				},
				"constraint": {
					"rotation": [0.2, 0.2, 0.2],
					"position": [0, 0, 0]
				}
			}
		},
		"walk_sideway": {
			"loop": true,
			"animation_length": 1,
			"bones": {
				"root": {
					"rotation": {
						"0.0": [2, 0, 0],
						"0.1667": [0.92, -1.34, 1.56],
						"0.2083": [-0.08, -1.35, 1.36],
						"0.4167": [1.94, -0.37, -1.63],
						"0.5": [3.67, 0.61, -1.32],
						"0.6667": [0.95, 1.08, -0.75],
						"0.75": [-0.34, 1.12, -1.18],
						"0.9167": [2.17, 0.29, -0.55],
						"1.0": [2.09, 0.14, -0.28]
					},
					"position": {
						"0.0": [0, 0, 0],
						"0.1667": [0, 0.2, 0],
						"0.4167": [0, -0.1, 0],
						"0.6667": [0, 0.2, 0],
						"0.9167": [0, 0.32, 0],
						"1.0": [0, 0.03, 0]
					}
				}
			}
		},
		"walk_backward": {
			"loop": true,
			"animation_length": 1,
			"bones": {
				"root": {
					"rotation": {
						"0.0": [2, 0, 0],
						"0.1667": [0.92, -1.34, 1.56],
						"0.2083": [-0.08, -1.35, 1.36],
						"0.4167": [1.94, -0.37, -1.63],
						"0.5": [3.67, 0.61, -1.32],
						"0.6667": [0.95, 1.08, -0.75],
						"0.75": [-0.34, 1.12, -1.18],
						"0.9167": [2.17, 0.29, -0.55],
						"1.0": [2.09, 0.14, -0.28]
					},
					"position": {
						"0.0": [0, 0, 0],
						"0.1667": [0, 0.2, 0],
						"0.4167": [0, -0.1, 0],
						"0.6667": [0, 0.2, 0],
						"0.9167": [0, 0.32, 0],
						"1.0": [0, 0.03, 0]
					}
				}
			}
		},
		"melee_stock": {
			"animation_length": 1.25,
			"bones": {
				"root": {
					"rotation": {
						"0.0": [0, 0, 0],
						"0.125": [4.78342, -6.67269, 12.05963],
						"0.2917": [-110.43307, 3.19716, 132.19887],
						"0.375": [-130.06857, 2.4267, 128.70335],
						"0.4583": [-125.86, -2.28, 125.96],
						"0.625": [-99.23968, -21.48377, 101.7995],
						"0.75": [-35.7302, -39.88715, 45.6266],
						"0.9583": [6.62044, -8.87899, 13.38455],
						"1.0417": [8.84246, 3.04735, 0.99624],
						"1.25": [0, 0, 0]
					},
					"position": {
						"0.0": [0, 0, 0],
						"0.125": [-0.4, -1.9, 2.3],
						"0.2917": [8.4, -0.9, -6.1],
						"0.375": [8.3, -0.9, -6.3],
						"0.4583": [7.93, -0.97, -6.19],
						"0.625": [5.33, -2, -4.7],
						"0.75": [3.24, -1.27, -3.04],
						"1.0417": [0.3, -0.9, 0.1],
						"1.25": [0, 0, 0]
					}
				},
				"kar71": {
					"rotation": {
						"0.0": [1.95, 0.8, 3.72],
						"1.25": [1.95, 0.8, 3.72]
					},
					"position": {
						"0.0": [0.3, -0.9, -0.7],
						"1.25": [0.3, -0.9, -0.7]
					}
				},
				"righthand": {
					"rotation": {
						"0.0": [120.87, 365.89, -152.95],
						"0.2083": [76.77215, 344.62793, -162.85474],
						"0.2917": [27.7602, 334.98166, -142.55959],
						"0.4583": [27.7602, 334.98166, -142.55959],
						"0.5417": [32.31113, 343.55125, -152.0094],
						"0.625": [32.31113, 343.55125, -152.0094],
						"0.75": [54.45, 349.14, -152.24],
						"1.0833": [120.87, 365.89, -152.95],
						"1.25": [120.87, 365.89, -152.95]
					},
					"position": {
						"0.0": [7.7, -10.5, 36.5],
						"0.125": [13.32, -5.25, 36.28],
						"0.2083": [18.95, 1.6, 34.45],
						"0.2917": [22.6, 5.9, 22.4],
						"0.4583": [22.6, 5.9, 22.4],
						"0.5417": [20.2, 7.9, 24.8],
						"0.625": [20.2, 7.9, 24.8],
						"0.75": [19.31, 3.74, 30.63],
						"0.9583": [12.3, -5.69, 37.32],
						"1.0833": [7.7, -10.7, 35.9],
						"1.25": [7.7, -10.5, 36.5]
					},
					"scale": [1, 1.5, 1]
				},
				"lefthand": {
					"rotation": {
						"0.0": [110.52248, 314.30835, -143.56144],
						"0.2083": [103.4, 312.26, -133.79],
						"0.3333": [87.55385, 317.90605, -184.38891],
						"0.5417": [92.6175, 298.43214, -172.18624],
						"0.7083": [89.6175, 298.43214, -172.18624],
						"0.8333": [97.9305, 303.96328, -156.82775],
						"1.0417": [103.4, 312.26, -133.79],
						"1.25": [110.52248, 314.30835, -143.56144]
					},
					"position": {
						"0.0": [-8.04, -5.34, 24.76],
						"0.2083": [-6.74, -4.84, 23.16],
						"0.25": [-4.19, -0.84, 23.56],
						"0.3333": [-4.24, 3.16, 23.96],
						"0.5417": [2.3, 1.05, 21.55],
						"0.7083": [1.9, 1.05, 21.55],
						"0.8333": [-1.32, -3.31, 22.19],
						"1.0417": [-6.74, -4.84, 22.16],
						"1.25": [-8.04, -5.34, 24.76]
					},
					"scale": [1, 1.5, 1]
				}
			}
		},
		"ADS_up": {
			"loop": true,
			"animation_length": 0.875,
			"bones": {
				"root": {
					"rotation": {
						"0.0": [0, 0, 0],
						"0.125": [3.03197, 2.48313, -6.91075],
						"0.25": [4.59009, 2.832, -2.87928],
						"0.375": [2.55, 0.52, 0.06],
						"0.5": [0, -1, 3],
						"0.5833": [-1.01132, -0.84211, 4.30251],
						"0.7083": [-0.00046, 0.05233, -0.99863],
						"0.875": [0, 0, 0]
					},
					"position": {
						"0.0": [0, 0, 0],
						"0.125": [-0.2, -0.5, -0.8],
						"0.25": [-0.2, 0.2, -0.5],
						"0.3333": [-0.17, 0.23, -0.5],
						"0.375": [-0.1, 0, -0.5],
						"0.4583": [0, 0, 0],
						"0.625": [0, -0.1, 0],
						"0.8333": [0, 0, 0],
						"0.875": [0, 0, 0]
					}
				},
				"constraint": {
					"rotation": [0.7, 0.7, 0.7],
					"position": [0.7, 0.7, 0.7]
				}
			}
		}
	}
}