{
	"format_version": "1.8.0",
	"animations": {
		"idle": {
			"loop": true,
			"animation_length": 6.7917,
			"bones": {
				"root": {
					"rotation": {
						"0.0": [0, 0, 0],
						"0.3333": [-0.06, 0.48, -0.67105],
						"0.625": [-0.85, 0.4, -1.37],
						"0.9583": [-0.14, -0.02, 0.69],
						"1.2917": [-0.02, 0, 0.11],
						"1.5833": [-0.07335, 0.38134, 0.19862],
						"1.7917": [-0.82546, 0.71913, 0.6151],
						"2.0": [-1.08529, 0.85889, -0.51927],
						"2.4167": [1.78996, 1.28999, -1.05733],
						"2.7083": [-0.85005, 0.68989, -1.38484],
						"3.0417": [-0.14, -0.02, 0.69],
						"3.3333": [-0.02, 0, 0.12],
						"3.6667": [-0.08, -0.62, -0.8],
						"3.875": [-0.85, -0.31, -1.37],
						"4.25": [-0.10687, -0.10221, 1.49945],
						"4.625": [-0.37152, -0.03706, 1.49996],
						"4.9583": [-0.02, 0, 0.11],
						"5.25": [-0.08, 0.38, -0.8014],
						"5.4583": [-0.85005, 0.68989, -1.38484],
						"5.6667": [-1.10056, 1.83963, -1.53841],
						"6.0833": [1.78996, 1.28999, -1.05733],
						"6.375": [-0.85005, 0.68989, -1.38484],
						"6.75": [-0.11, 0.03, 0.23]
					},
					"position": {
						"0.0": [0, 0, 0],
						"0.4583": [-0.16, -0.16, 0],
						"0.75": [-0.1, -0.08, 0],
						"0.9583": [-0.02, -0.01, 0],
						"1.1667": [0.07, 0, 0],
						"1.4583": [0.02, 0, 0],
						"1.9583": [-0.17, -0.09, 0],
						"2.1667": [-0.14, -0.06, 0],
						"2.5417": [-0.08, -0.18, 0],
						"2.8333": [-0.1, -0.08, 0],
						"3.0417": [-0.02, -0.01, 0],
						"3.2083": [0.07, 0, 0],
						"3.5": [0.02, 0, 0],
						"4.1667": [-0.07, -0.09, 0],
						"4.4583": [-0.1, -0.06, 0],
						"4.5833": [-0.05, -0.02, 0],
						"4.8333": [0.07, 0, 0],
						"5.125": [0.02, 0, 0],
						"5.625": [-0.17, -0.09, 0],
						"5.8333": [-0.1, -0.06, 0],
						"6.2083": [-0.08, -0.18, 0],
						"6.5": [-0.1, -0.08, 0],
						"6.7083": [-0.03, -0.01, 0]
					}
				},
				"constraint": {
					"rotation": [1, 1, 1],
					"position": [1, 1, 1]
				}
			}
		},
		"static_idle": {
			"loop": true,
			"bones": {
				"swiss78": {
					"rotation": [0, 0, 0],
					"position": [0, 0, 0]
				},
				"righthand": {
					"rotation": [98.06931, 370.26431, -172.61876],
					"position": [10.1, -4.5, 36.1],
					"scale": [1, 1.5, 1]
				},
				"lefthand": {
					"rotation": [110.01, 425.24, -99.47],
					"position": [-0.74, 2.26, 20.86],
					"scale": [1, 1.5, 1]
				},
				"constraint": {
					"rotation": [1, 1, 1],
					"position": [1, 1, 1]
				},
				"bullet": {
					"scale": 0
				}
			}
		},
		"slide": {
			"loop": true,
			"animation_length": 0.5,
			"bones": {
				"root": {
					"rotation": {
						"0.0": [0, 0, 0],
						"0.125": [-1.99535, 0.85991, -0.92128],
						"0.2083": [-0.80012, 0.9999, 5.42604],
						"0.3333": [0.65925, 0.41153, 8.36971],
						"0.5": [-0.32, 0.4, 6.37]
					},
					"position": {
						"0.0": [0, 0, 0],
						"0.1667": [0, 1.5, 0.8],
						"0.2917": [0, 2, 1.9],
						"0.4583": [0, 1.8, 1.9]
					}
				},
				"bullet": {
					"position": [0, -0.3, -0.2],
					"scale": 0
				},
				"constraint": {
					"rotation": [0, 0, 0],
					"position": [0, 0, 0]
				}
			}
		},
		"slide_idle": {
			"loop": true,
			"bones": {
				"root": {
					"rotation": [-0.32, 0.4, 6.37],
					"position": [0, 1.8, 1.9]
				},
				"constraint": {
					"rotation": [0.01, 0.01, 0.01],
					"position": [0.01, 0.01, 0.01]
				}
			}
		},
		"slide_back": {
			"loop": true,
			"animation_length": 0.5417,
			"bones": {
				"root": {
					"rotation": {
						"0.0": [-0.32, 0.4, 6.37],
						"0.125": [-3.26667, 0, 5.30833],
						"0.2917": [-1.30852, -0.4, -2.28036],
						"0.4583": [0, 0, 0]
					},
					"position": {
						"0.0": [0, 1.8, 1.9],
						"0.1667": [0, 0.58, 0.67],
						"0.25": [0, -0.29, 0.47],
						"0.3333": [0, -0.59, 0.47],
						"0.5417": [0, 0, 0]
					}
				},
				"constraint": {
					"rotation": [0.01, 0.01, 0.01],
					"position": [0.01, 0.01, 0.01]
				}
			}
		},
		"shoot": {
			"animation_length": 1.625,
			"bones": {
				"root": {
					"rotation": {
						"0.0": [0, 0, 0],
						"0.0833": [5.9318, -3.20246, 7.8171],
						"0.125": [-0.96705, 0.29494, -2.01399],
						"0.1667": [-13.13079, 1.78534, -10.42895],
						"0.25": [-9.9785, 2.68921, -6.52939],
						"0.3333": [-0.9871, 2.01352, -2.31764],
						"0.5": [0, 1, 4],
						"0.625": [-0.01745, 0.99985, 2.99985],
						"0.75": [-0.0952, -0.77379, -0.99759],
						"0.9167": [-1.1, -0.15694, -1.5],
						"1.25": [0, 0, 1],
						"1.4583": [0, 0, 0],
						"1.625": [0, 0, 0]
					},
					"position": {
						"0.0": [0, 0, 0],
						"0.0833": [0, -0.3, 0],
						"0.125": [0, 0.1, 0.5],
						"0.2083": [-0.4, 1.3, 0.5],
						"0.2917": [-0.4, 1.3, 0.5],
						"0.375": [-0.1, 1.1, 0],
						"0.5417": [-0.1, -0.3, 0],
						"0.6667": [-0.06, -0.57, 0],
						"0.8333": [-0.08, -0.2, 0],
						"1.0417": [-0.1, -0.05, 0],
						"1.25": [0, -0.1, 0],
						"1.4167": [0.1, -0.1, 0],
						"1.625": [0, 0, 0]
					}
				},
				"hammer": {
					"rotation": {
						"0.0": [0, 0, 0],
						"0.0417": [-40, 0, 0],
						"0.0833": {
							"pre": [-40, 0, 0],
							"post": [10, 0, 0]
						},
						"0.2083": [10, 0, 0],
						"0.25": [0, 0, 0]
					},
					"position": {
						"0.0": [0, 0, 0],
						"0.0417": [0, 0, 0],
						"0.0833": [0, 0, 0],
						"0.2083": [0, 0, 0],
						"0.25": [0, 0, 0]
					}
				},
				"constraint": {
					"rotation": [0.6, 0.6, 0.6],
					"position": [0.6, 0.6, 0.6]
				},
				"cylinder_group": {
					"rotation": {
						"0.0": [0, 0, 0],
						"0.125": [0, 0, -60],
						"0.1667": [0, 0, 0],
						"0.5": [0, 0, 0]
					},
					"position": {
						"0.0": [0, 0, 0],
						"0.125": [0, 0, 0],
						"0.1667": [0, 0, 0],
						"0.5": [0, 0, 0]
					}
				},
				"camera": {
					"rotation": {
						"0.0833": [0, 0, 0],
						"0.125": [-2, 0, 0.8],
						"0.1667": [-2.7, 0, 0.5],
						"0.25": [0, 0, 0],
						"0.5": [1, 0, 0],
						"0.875": [-0.6, 0, 0],
						"1.2917": [0, 0, 0],
						"1.5417": [0, 0, 0]
					},
					"position": {
						"0.0833": [0, 0, 0],
						"0.3333": [0, 0, 0],
						"1.5417": [0, 0, 0]
					}
				}
			}
		},
		"draw": {
			"animation_length": 1.5417,
			"bones": {
				"swiss78": {
					"rotation": {
						"0.0": [28.92646, -72.81413, 4.30086],
						"0.4583": [28.92646, -72.81413, 4.30086],
						"0.5417": [49.70982, -56.48519, -19.44941],
						"0.625": [44.46, -46.59, -15.91],
						"0.7917": [28.69522, -16.88891, -5.31047],
						"1.0": [-4.4873, -2.9722, -16.21954],
						"1.1667": [-1.68805, -5.78451, -15.46641],
						"1.4583": [0, 0, 0]
					},
					"position": {
						"0.0": [4.99, -5.61, 7.4],
						"0.4583": [4.99, -5.61, 7.4],
						"0.5417": [9.99, -5.61, 4.7],
						"0.625": [7.21, -4.53, 3.52],
						"0.7917": [-1.11, -1.31, 0],
						"1.0": [-1.92, 0.28, 0],
						"1.125": [-1.02, 0.3, 0],
						"1.3333": [0, -0.4, 0],
						"1.5": [0, 0, 0]
					}
				},
				"righthand": {
					"rotation": {
						"0.0": [116.68091, 309.06118, -266.33133],
						"0.2083": [104.11011, 326.06419, -146.94363],
						"0.2917": [103.68, 329.31, -146.06],
						"0.4167": [101.91201, 348.49287, -141.36517],
						"0.5417": [98.06931, 370.26431, -172.61876]
					},
					"position": {
						"0.0": [14, 2.7, 22.2],
						"0.2083": [12.2, -11.32, 31.2],
						"0.2917": [11.9, -10.85, 30.33],
						"0.4167": [10.8, -10.6, 33.2],
						"0.5417": [10.1, -4.5, 36.1]
					},
					"scale": [1, 1.5, 1]
				},
				"lefthand": {
					"rotation": [110.01, 425.24, -99.47],
					"position": [-0.74, 2.26, 20.86],
					"scale": [1, 1.5, 1]
				},
				"swiss78_default": {
					"rotation": {
						"0.5417": [25, -30, 0],
						"0.8333": [8.33, -10, 0],
						"1.0": [6, 0, -9],
						"1.1667": [0, 0, 0]
					},
					"position": {
						"0.5417": [2.8, -2.2, 0],
						"0.8333": [0.93, -0.73, 0],
						"1.0": [0, -0.3, 0],
						"1.1667": [0, 0, 0]
					}
				},
				"constraint": {
					"rotation": [1, 1, 1],
					"position": [1, 1, 1]
				},
				"root": {
					"rotation": {
						"0.6667": [0, 0, 0],
						"1.0417": [-4.8522, 1.20816, 9.69881],
						"1.5417": [0, 0, 0]
					},
					"position": {
						"0.6667": [0, 0, 0],
						"1.0": [-0.32, -0.5, 0],
						"1.2917": [-0.3, 0, 0],
						"1.5417": [0, 0, 0]
					}
				},
				"idle_view": {
					"rotation": {
						"0.0417": [0, 0, 0],
						"0.2083": [-0.5, 0.08715, 0.3],
						"0.4167": [0.00076, 0.08715, 0.5],
						"0.5833": [0.1, 0.09, 0.5],
						"0.6667": [0.1, 0.09, 0.5],
						"0.7917": [0, 0.09, 0],
						"0.9583": [-1, 0.09, -0.5],
						"1.2083": [0, 0, 0]
					},
					"position": {
						"0.0417": [0, 0, 0],
						"0.6667": [0, 0, 0],
						"0.7917": [0, 0, 0],
						"1.2083": [0, 0, 0]
					}
				},
				"camera": {
					"rotation": {
						"0.0417": [0, 0, 0],
						"0.2083": [-0.5, 0.08715, 0.3],
						"0.4167": [0.00076, 0.08715, 0.5],
						"0.5833": [0.1, 0.09, 0.5],
						"0.6667": [0.1, 0.09, 0.5],
						"0.7917": [0, 0.09, 0],
						"0.9583": [-1, 0.09, -0.5],
						"1.2083": [0, 0, 0]
					},
					"position": {
						"0.0417": [0, 0, 0],
						"0.6667": [0, 0, 0],
						"0.7917": [0, 0, 0],
						"1.2083": [0, 0, 0]
					}
				}
			},
			"sound_effects": {
				"0.0": {
					"effect": "swiss78_draw"
				}
			}
		},
		"inspect": {
			"animation_length": 4.8333,
			"bones": {
				"swiss78": {
					"rotation": {
						"0.0": [0, 0, 0],
						"0.2083": [11.60294, -8.08299, 15.63201],
						"0.375": [-11.47823, -18.42898, 24.57984],
						"0.5": [-13.68054, -20.35717, 23.03001],
						"0.6667": [-12.42, -20.82, 21.14],
						"1.0": [-6.10624, -23.1427, 11.68959],
						"1.1667": [-4.24, -21.78, 10.25],
						"1.2083": [-4.24, -21.78, 10.25],
						"1.2917": [-3.78, -21.44, 9.89],
						"1.375": [-4.28333, -21.27544, 10.46211],
						"1.5417": [-3.89421, -21.67, 9.39144],
						"1.75": [-4.28562, -21.59871, 10.46305],
						"1.875": [-4.68394, -21.52177, 11.53194],
						"1.9583": [-4.86, -21.45, 11.23],
						"2.125": [-5.03, -21.28, 10.46],
						"2.1667": [-5.03, -21.28, 10.46],
						"2.2917": [-4.22, -21.34, 10.28],
						"2.375": [-3.97, -21.66, 9.61],
						"2.5833": [-4.42, -21.57, 10.82],
						"2.7083": [-4.77, -21.49, 11.38],
						"2.7917": [-4.81, -21.47, 11.31],
						"2.9583": [-5.28333, -21.27544, 10.46211],
						"3.0": [-5.28333, -21.27544, 10.46211],
						"3.125": [-4.28333, -21.27544, 10.46211],
						"3.2917": [-3.89421, -21.67, 9.39144],
						"3.5833": [-2.75103, -20.9, -0.05462],
						"3.6667": [-2.75103, -20.9, -0.05462],
						"3.9167": [5.72584, -23.33867, -0.35632],
						"4.1667": [10.87464, -14.91811, -1.9523],
						"4.25": [15.03, -13.02, -5.14],
						"4.2917": [19.11, -12.07, -6.73],
						"4.625": [1.48, -1.16, 4.05],
						"4.75": [0, 0, 0]
					},
					"position": {
						"0.0": [0, 0, 0],
						"0.125": [0.52, -0.96, 0],
						"0.375": [2.74, -1.39, 0],
						"0.625": [4.41, -1.26, 0],
						"0.8333": [3.91, -1.76, 0],
						"1.0417": [3.91, -1.46, 0],
						"1.1667": [3.91, -1.46, 0],
						"1.2083": [3.91, -1.46, 0],
						"1.2917": [3.91, -1.46, 0],
						"1.375": [3.91, -1.49, 0],
						"1.5417": [3.91, -1.55, 0],
						"1.75": [3.91, -1.48, 0],
						"1.875": [3.91, -1.45, 0],
						"1.9583": [3.91, -1.45, 0],
						"2.125": [3.91, -1.47, 0],
						"2.1667": [3.91, -1.47, 0],
						"2.2917": [3.91, -1.5, 0],
						"2.375": [3.91, -1.54, 0],
						"2.5833": [3.91, -1.47, 0],
						"2.7083": [3.91, -1.45, 0],
						"2.7917": [3.91, -1.45, 0],
						"2.9583": [3.91, -1.46, 0],
						"3.0": [3.91, -1.46, 0],
						"3.125": [3.91, -1.49, 0],
						"3.2917": [3.91, -1.55, 0],
						"3.5417": [3.84, -2.35, 0],
						"3.75": [3.7, -2.5, 0],
						"3.9167": [3.61, -2.44, 0],
						"4.0417": [3.5, -1.95, 0],
						"4.25": [2.27, -1.27, 0],
						"4.2917": [1.98, -1.25, 0],
						"4.4167": [1.1, -1.19, 0],
						"4.5833": [0.14, -0.05, 0],
						"4.75": [0, 0, 0]
					}
				},
				"mag_and_righthand": {
					"rotation": {
						"0.0": [0, 0, 0],
						"0.875": [0, 0, 0],
						"1.0833": [0, 3, 0],
						"1.1667": [0, 3, 0],
						"1.2083": [0, 3, 0],
						"2.1667": [0, 3, 0],
						"3.0": [0, 3, 0],
						"3.5": [0, 3, 0],
						"3.5833": [0, 0, 0],
						"3.7083": [3, 0, 0],
						"4.5": [0, 0, 0]
					},
					"position": {
						"0.0": [0, 0, 0],
						"0.875": [0, 0, 0],
						"1.0833": [-0.3, 0.1, 0],
						"1.1667": [-0.3, 0.1, 0],
						"1.2083": [-0.3, 0.1, 0],
						"2.1667": [-0.3, 0.1, 0],
						"3.0": [-0.3, 0.1, 0],
						"3.5": [-0.3, 0.1, 0],
						"3.5833": [0.4, 0.4, 0.8],
						"3.7083": [0.4, 0.4, 0.5],
						"4.5": [0, 0, 0]
					}
				},
				"righthand": {
					"rotation": {
						"0.0": [98.06931, 370.26431, -172.61876],
						"0.25": [103.14567, 370.7532, -177.67976],
						"0.3333": [113.6837, 375.02639, -188.11853],
						"0.4583": [113.6837, 375.02639, -188.11853],
						"0.625": [104.32998, 366.71586, -161.56631],
						"0.7083": [109.9, 365.57, -166.95],
						"0.7917": [111.48467, 361.00511, -162.7702],
						"0.875": [115.1144, 365.60324, -170.52528],
						"1.0": [117.70126, 365.28384, -158.03194],
						"1.0833": [117.3, 365.28384, -158.03194],
						"1.1667": [115.3, 363.72, -156.21],
						"1.2083": [115.3, 363.72, -156.21],
						"1.2917": [114.305, 362.94342, -155.3],
						"1.3333": [114.95, 363.6, -156.76],
						"1.5417": [122.0277, 370.78906, -172.77278],
						"1.7083": [123.17389, 368.62291, -169.03094],
						"1.8333": [117.70126, 365.28384, -158.03194],
						"1.9167": [117.70126, 365.28384, -158.03194],
						"2.125": [114.305, 362.94342, -155.3],
						"2.1667": [114.305, 362.94342, -155.3],
						"2.2083": [114.95, 363.6, -156.76],
						"2.375": [122.0277, 370.78906, -172.77278],
						"2.5417": [123.17389, 368.62291, -169.03094],
						"2.6667": [117.70126, 365.28384, -158.03194],
						"2.75": [117.70126, 365.28384, -158.03194],
						"2.9583": [114.305, 362.94342, -155.3],
						"3.0": [114.305, 362.94342, -155.3],
						"3.0417": [114.95, 363.6, -156.76],
						"3.2083": [122.0277, 370.78906, -172.77278],
						"3.375": [122.0277, 370.78906, -172.77278],
						"3.4583": [118.13, 369.76, -173.86],
						"3.5833": [107.90836, 369.00688, -175.79785],
						"3.7083": [97.60439, 369.19066, -163.55227],
						"3.8333": [98.06931, 370.26431, -172.61876],
						"4.2917": [98.06931, 370.26431, -172.61876]
					},
					"position": {
						"0.0": [10.1, -4.5, 36.1],
						"0.25": [9.7, -5.8, 36.1],
						"0.3333": [9.3, -7.9, 34.8],
						"0.4583": [9.3, -7.9, 34.8],
						"0.625": [9.3, -7.9, 34.8],
						"0.7083": [8.66, -8.07, 34.2],
						"0.7917": [8.78, -8.78, 34],
						"0.875": [8.5, -8.3, 33.4],
						"1.0": [7.5, -9.5, 32],
						"1.0833": [7.5, -9.5, 32],
						"1.1667": [7.5, -9.7, 31.87],
						"1.2083": [7.5, -9.7, 31.87],
						"1.2917": [7.5, -9.8, 31.8],
						"1.3333": [7.5, -9.88, 31.8],
						"1.375": [7.5, -10.35, 31.8],
						"1.5417": [7.5, -10.6, 31.8],
						"1.7083": [7.5, -9.5, 32],
						"1.8333": [7.5, -9.5, 32],
						"1.9167": [7.5, -9.5, 32],
						"2.125": [7.5, -9.8, 31.8],
						"2.1667": [7.5, -9.8, 31.8],
						"2.2083": [7.5, -9.88, 31.8],
						"2.2917": [7.5, -10.35, 31.8],
						"2.375": [7.5, -10.6, 31.8],
						"2.5417": [7.5, -9.5, 32],
						"2.6667": [7.5, -9.5, 32],
						"2.75": [7.5, -9.5, 32],
						"2.9583": [7.5, -9.8, 31.8],
						"3.0": [7.5, -9.8, 31.8],
						"3.0417": [7.5, -9.88, 31.8],
						"3.125": [7.5, -10.35, 31.8],
						"3.2083": [7.5, -10.6, 31.8],
						"3.375": [7.5, -10.6, 31.8],
						"3.4583": [7.48, -9.65, 32.59],
						"3.5833": [7.42, -7.1, 31.16],
						"3.7083": [9.7, -5.3, 35],
						"3.8333": [10.1, -4.5, 36.1],
						"4.2917": [10.1, -4.5, 36.1]
					},
					"scale": {
						"0.0": [1, 1.5, 1],
						"1.1667": [1, 1.5, 1],
						"1.2083": [1, 1.5, 1],
						"2.1667": [1, 1.5, 1],
						"3.0": [1, 1.5, 1]
					}
				},
				"bullet": {
					"rotation": {
						"0.0": [0, 0, 0],
						"0.1667": [0, 0, 0],
						"0.2083": {
							"pre": [0, 0, 0],
							"post": [-87, 0, 32]
						},
						"1.1667": [-87, 0, 32],
						"1.2083": [-87, 0, 32],
						"2.1667": [-87, 0, 32],
						"3.0": [-87, 0, 32],
						"3.5": [-87, 0, 32],
						"3.5833": [0, 0, 0]
					},
					"position": {
						"0.0": [0, 0, 0],
						"0.1667": [0, 0, 0],
						"0.2083": {
							"pre": [0, 0, 0],
							"post": [0.3, 1, -6.4]
						},
						"1.1667": [0.3, 1, -6.4],
						"1.2083": [0.3, 1, -6.4],
						"2.1667": [0.3, 1, -6.4],
						"3.0": [0.3, 1, -6.4],
						"3.5": [0.3, 1, -6.4],
						"3.5833": [0, 0, 0]
					},
					"scale": {
						"0.0": [0, 0, 0],
						"1.1667": [0, 0, 0],
						"1.2083": [0, 0, 0],
						"2.1667": [0, 0, 0],
						"3.0": [0, 0, 0],
						"3.5": [0, 0, 0],
						"3.5833": [0, 0, 0]
					}
				},
				"gun_and_lefthand": {
					"rotation": {
						"0.0": [0, 0, 0],
						"0.4583": [0, 0, 0],
						"0.75": [-0.14, 1.57, -1.17],
						"1.0": [0, 0, 0],
						"1.1667": [0, 0, 0],
						"1.2083": [0, 0, 0],
						"1.3333": [0, 0, 0],
						"2.1667": [0, 0, 0],
						"3.0": [0, 0, 0],
						"3.4583": [0, 0, 0],
						"3.7083": [14.53, -1.78, 2.8],
						"4.2917": [0, 0, 0],
						"4.7083": [0, 0, 0]
					},
					"position": {
						"0.0": [0, 0, 0],
						"0.5833": [0, 0, 0],
						"0.7083": [-0.13, -0.22, 0.05],
						"0.875": [0, 0, 0],
						"1.125": [0, 0, 0],
						"1.1667": [0, 0, 0],
						"1.2083": [0, 0, 0],
						"2.1667": [0, 0, 0],
						"3.0": [0, 0, 0],
						"3.4583": [0, 0, 0],
						"3.7083": [0.05, 0.48, -0.26],
						"4.2917": [0, 0, 0],
						"4.7083": [0, 0, 0]
					}
				},
				"lefthand": {
					"rotation": {
						"0.0": [110.00545, 425.24384, -99.47238],
						"0.25": [109.72374, 325.14211, -152.67185],
						"0.375": [105.36055, 320.89953, -149.54473],
						"0.4583": [102.57387, 310.73396, -141.88706],
						"0.625": [113.75295, 312.10369, -147.46839],
						"1.1667": [113.75, 312.1, -147.47],
						"1.2083": [113.75, 312.1, -147.47],
						"2.1667": [113.75, 312.1, -147.47],
						"3.0": [113.75, 312.1, -147.47],
						"3.5": [113.75, 312.1, -147.47],
						"3.5833": [113.75, 312.1, -147.47],
						"3.7083": [113.75295, 312.10369, -147.46839],
						"3.9583": [111.7736, 316.71173, -144.70599],
						"4.1667": [106.29538, 344.21802, -133.93523],
						"4.4583": [110.01, 425.24, -99.47],
						"4.7083": [110.01, 425.24, -99.47]
					},
					"position": {
						"0.0": [-0.74, 2.26, 20.86],
						"0.25": [-6.39, -5.59, 38.66],
						"0.375": [-6.81, -4.32, 38.06],
						"0.4583": [-4.66, -6.12, 34.26],
						"0.625": [-7.26, -7.32, 33.96],
						"1.1667": [-7.26, -7.32, 33.96],
						"1.2083": [-7.26, -7.32, 33.96],
						"2.1667": [-7.26, -7.32, 33.96],
						"3.0": [-7.26, -7.32, 33.96],
						"3.5": [-7.26, -7.32, 33.96],
						"3.5833": [-7.26, -7.32, 33.96],
						"3.7083": [-7.26, -7.32, 33.96],
						"4.1667": [-7.36, -7.62, 36.36],
						"4.4583": [-0.74, 2.26, 20.86],
						"4.7083": [-0.74, 2.26, 20.86]
					},
					"scale": {
						"0.0": [1, 1.5, 1],
						"1.1667": [1, 1.5, 1],
						"1.2083": [1, 1.5, 1],
						"2.1667": [1, 1.5, 1],
						"3.0": [1, 1.5, 1],
						"3.5": [1, 1.5, 1],
						"3.5833": [1, 1.5, 1]
					}
				},
				"swiss78_default": {
					"rotation": {
						"0.0": [0, 0, 0],
						"0.1667": [0, 0, 0],
						"0.5": [2.09855, 5.1405, 31.13913],
						"1.1667": [2.1, 5.14, 31.14],
						"1.2083": [2.1, 5.14, 31.14],
						"2.1667": [2.1, 5.14, 31.14],
						"3.0": [2.1, 5.14, 31.14],
						"3.5": [2.1, 5.14, 31.14],
						"3.5833": [2.1, 5.14, 31.14],
						"3.7083": [2.1, 5.14, 31.14],
						"3.9167": [-8.9, 5.14, 31.14],
						"4.1667": [0, 0, 0],
						"4.7083": [0, 0, 0]
					},
					"position": {
						"0.0": [0, 0, 0],
						"0.1667": [0, 0, 0],
						"0.5": [0, 0, 0],
						"1.1667": [0, 0, 0],
						"1.2083": [0, 0, 0],
						"2.1667": [0, 0, 0],
						"3.0": [0, 0, 0],
						"3.5": [0, 0, 0],
						"3.5833": [0, 0, 0],
						"3.7083": [0, 0, 0],
						"3.9167": [0.6, 0.5, 0.7],
						"4.1667": [0, 0, 0],
						"4.7083": [0, 0, 0]
					}
				},
				"cylinder_group": {
					"rotation": {
						"0.0": [0, 0, 0],
						"1.0833": [0, 0, 0],
						"1.1667": [0, 0, -40.02],
						"1.2083": [0, 0, -37.02],
						"1.25": [0, 0, -60],
						"1.3333": [0, 0, -60],
						"1.375": [0, 0, -93.33],
						"1.4583": [0, 0, -120],
						"1.5": [0, 0, -128],
						"1.5833": [0, 0, -120],
						"1.9167": [0, 0, -120],
						"2.125": [0, 0, -180],
						"2.1667": [0, 0, -179],
						"2.2083": [0, 0, -177],
						"2.25": [0, 0, -213.33],
						"2.3333": [0, 0, -240],
						"2.375": [0, 0, -248],
						"2.4167": [0, 0, -240],
						"2.75": [0, 0, -240],
						"2.9583": [0, 0, -301],
						"3.0": [0, 0, -298],
						"3.0417": [0, 0, -301],
						"3.0833": [0, 0, -333.78],
						"3.1667": [0, 0, -360],
						"3.25": [0, 0, -368],
						"3.3333": [0, 0, -360],
						"3.4167": [0, 0, -360],
						"3.4583": {
							"pre": [0, 0, -360],
							"post": [0, 0, 0]
						},
						"3.5833": [0, 0, 0],
						"4.4583": [0, 0, 0]
					},
					"position": {
						"0.0": [0, 0, 0],
						"1.0833": [0, 0, 0],
						"1.1667": [0, 0, 0],
						"1.2083": [0, 0, 0],
						"1.2917": [0, 0, 0],
						"1.3333": [0, 0, 0],
						"1.375": [0, 0, 0],
						"1.4583": [0, 0, 0],
						"1.5833": [0, 0, 0],
						"1.9167": [0, 0, 0],
						"2.125": [0, 0, 0],
						"2.1667": [0, 0, 0],
						"2.2083": [0, 0, 0],
						"2.2917": [0, 0, 0],
						"2.3333": [0, 0, 0],
						"2.4167": [0, 0, 0],
						"2.75": [0, 0, 0],
						"2.9583": [0, 0, 0],
						"3.0": [0, 0, 0],
						"3.0417": [0, 0, 0],
						"3.125": [0, 0, 0],
						"3.2083": [0, 0, 0],
						"3.3333": [0, 0, 0],
						"3.4167": [0, 0, 0],
						"3.4583": [0, 0, 0],
						"3.5833": [0, 0, 0],
						"4.4583": [0, 0, 0]
					}
				},
				"empty_case": {
					"rotation": {
						"0.0": [0, 0, 0],
						"3.5": [0, 0, 0],
						"3.5833": [0, 0, 0],
						"4.4583": [0, 0, 0]
					},
					"position": {
						"0.0": [0, 0, 0],
						"3.5": [0, 0, 0],
						"3.5833": [0, 0, 0],
						"4.4583": [0, 0, 0]
					}
				},
				"ejector_rod": {
					"rotation": {
						"0.0": [0, 0, 0],
						"3.5": [0, 0, 0],
						"3.5833": [0, 0, 0],
						"4.7083": [0, 0, 0]
					},
					"position": {
						"0.0": [0, 0, 0],
						"3.5": [0, 0, 0],
						"3.5833": [0, 0, 0],
						"4.7083": [0, 0, 0]
					}
				},
				"constraint": {
					"rotation": {
						"0.0": [1, 1, 1],
						"3.5": [1, 1, 1]
					},
					"position": {
						"0.0": [1, 1, 1],
						"3.5": [1, 1, 1]
					}
				},
				"camera": {
					"rotation": {
						"0.0": [0, 0, 0],
						"0.3333": [3, 0, 0],
						"0.4167": [3, 0, 0],
						"0.625": [2.5, 0, 0],
						"0.75": [2.5, 0, 0],
						"1.0833": [2.5, 0, 0],
						"1.1667": [2.63, 0, 0.07],
						"1.2083": [2.63, 0, 0.07],
						"1.2917": [2.7, 0, 0.1],
						"1.5417": [2.7, 0, -0.15],
						"1.9167": [2.5, 0, 0],
						"2.125": [2.7, 0, 0.1],
						"2.1667": [2.7, 0, 0.1],
						"2.375": [2.7, 0, -0.15],
						"2.5833": [2.5, 0, 0],
						"2.7083": [2.5, 0, 0],
						"2.9583": [2.7, 0, 0.1],
						"3.0": [2.7, 0, 0.1],
						"3.2083": [2.7, 0, -0.15],
						"3.375": [2.5, 0, 0],
						"3.5": [2.5, 0, 0],
						"3.875": [1.19591, -0.3, 0.3],
						"4.0833": [1.8, 0, 0],
						"4.625": [0, 0, 0]
					},
					"position": {
						"0.0": [0, 0, 0],
						"0.75": [0, 0, 0],
						"1.0833": [0, 0, 0],
						"1.1667": [0, 0, 0],
						"1.2083": [0, 0, 0],
						"1.9167": [0, 0, 0],
						"2.1667": [0, 0, 0],
						"2.5833": [0, 0, 0],
						"2.7083": [0, 0, 0],
						"3.0": [0, 0, 0],
						"3.375": [0, 0, 0],
						"3.5": [0, 0, 0],
						"4.0833": [0, 0, 0],
						"4.625": [0, 0, 0]
					}
				},
				"idle_view": {
					"rotation": {
						"0.0": [0, 0, 0],
						"0.3333": [3, 0, 0],
						"0.4167": [3, 0, 0],
						"0.625": [2.5, 0, 0],
						"0.75": [2.5, 0, 0],
						"1.0833": [2.5, 0, 0],
						"1.1667": [2.63, 0, 0.07],
						"1.2083": [2.63, 0, 0.07],
						"1.2917": [2.7, 0, 0.1],
						"1.5417": [2.7, 0, -0.15],
						"1.9167": [2.5, 0, 0],
						"2.125": [2.7, 0, 0.1],
						"2.1667": [2.7, 0, 0.1],
						"2.375": [2.7, 0, -0.15],
						"2.5833": [2.5, 0, 0],
						"2.7083": [2.5, 0, 0],
						"2.9583": [2.7, 0, 0.1],
						"3.0": [2.7, 0, 0.1],
						"3.2083": [2.7, 0, -0.15],
						"3.375": [2.5, 0, 0],
						"3.5": [2.5, 0, 0],
						"3.875": [1.19591, -0.3, 0.3],
						"4.0833": [1.8, 0, 0],
						"4.625": [0, 0, 0]
					},
					"position": {
						"0.0": [0, 0, 0],
						"0.75": [0, 0, 0],
						"1.0833": [0, 0, 0],
						"1.1667": [0, 0, 0],
						"1.2083": [0, 0, 0],
						"1.9167": [0, 0, 0],
						"2.1667": [0, 0, 0],
						"2.5833": [0, 0, 0],
						"2.7083": [0, 0, 0],
						"3.0": [0, 0, 0],
						"3.375": [0, 0, 0],
						"3.5": [0, 0, 0],
						"4.0833": [0, 0, 0],
						"4.625": [0, 0, 0]
					}
				}
			},
			"sound_effects": {
				"0.0": {
					"effect": "antiques:swiss78/swiss78_inspect"
				}
			}
		},
		"inspect_empty": {
			"animation_length": 6.5417,
			"bones": {
				"swiss78": {
					"rotation": {
						"0.0": [0, 0, 0],
						"0.25": [9.09585, -18.89281, 11.37846],
						"0.4583": [8.63162, -18.25351, 0.27503],
						"0.6667": [4.9578, -24.06131, -35.92419],
						"0.7917": [2.9578, -24.06131, -35.92419],
						"0.9167": [2.80654, -21.97987, -38.00473],
						"1.25": [3.61, -22.76, -37.22],
						"1.5833": [2.90425, -21.97197, -32.82984],
						"1.9583": [0.43553, -24.53335, -24.96167],
						"2.2083": [-0.62, -23.75, -21.58],
						"2.6667": [-0.15, -24.1, -23.08],
						"2.9167": [6.72, -21.88, -4.61],
						"3.125": [10.73981, -12.58157, 9.87182],
						"3.2917": [14.54363, 9.35055, 3.69427],
						"3.4583": [-7.33414, 28.61308, 24.12542],
						"3.5833": [-9.33414, 28.61308, 24.12542],
						"3.7083": [-5.26764, 26.35789, 22.17861],
						"3.875": [0.74032, 23.61636, 24.29026],
						"4.0833": [0.22, 24.79, 27.04],
						"4.5417": [-2.05002, 29.91057, 38.96309],
						"5.2083": [-2, 29, 36.31],
						"5.375": [-0.81865, 26.48275, 34.12975],
						"5.6667": [4.91011, 5.17285, 7.07988],
						"5.8333": [9.89968, -3.04384, 3.42055],
						"5.9583": [9.77372, -7.87242, 9.03529],
						"6.2917": [0.79793, -1.07281, 1.78983],
						"6.5417": [0, 0, 0]
					},
					"position": {
						"0.0": [0, 0, 0],
						"0.25": [-0.4, -1.65, 0],
						"0.4583": [-0.7, -0.03, 0],
						"0.6667": [-1, 0.8, 0],
						"0.7917": [-1.1, 0.93, 0],
						"0.9167": [-1.1, 0.89, 0],
						"1.0417": [-1.08, 0.789, 0],
						"1.25": [-1.06, 0.815, 0],
						"1.5833": [-1.06, 0.715, 0],
						"1.9583": [-1, 0.65, 0],
						"2.2083": [-1, 0.77, 0],
						"2.6667": [-1, 0.78, 0],
						"2.9167": [-1, -0.39, 0],
						"3.125": [-1, -0.9, 0],
						"3.2917": [-1.1, -0.1, 0],
						"3.4583": [-1.2, -0.2, 0],
						"3.625": [-1.2, 0.1, 0],
						"3.7917": [-1.2, -0.17, 0],
						"4.0833": [-1.2, -0.3, 0],
						"4.5417": [-1.2, -0.1, 0],
						"5.2083": [-1.2, -0.19, 0],
						"5.375": [-1.2, -0.34, 0],
						"5.6667": [-0.62, -1.4, 0],
						"5.8333": [-0.22, -1.4, 0],
						"6.1667": [0.14, -0.04, 0],
						"6.4583": [0, 0, 0]
					}
				},
				"righthand": {
					"rotation": {
						"0.0": [98.06931, 370.26431, -172.61876],
						"2.9167": [95.14567, 370.7532, -177.67976],
						"3.4583": [94.11491, 368.76121, -177.86122],
						"5.375": [94.11491, 368.76121, -177.86122],
						"5.9583": [98.06931, 370.26431, -172.61876]
					},
					"position": {
						"0.0": [10.1, -4.5, 36.1],
						"2.9167": [9.7, -3.4, 35],
						"3.4583": [9.7, -3.4, 35],
						"5.375": [9.7, -3.4, 35],
						"5.9583": [10.1, -4.5, 36.1]
					},
					"scale": [1, 1.5, 1]
				},
				"lefthand": {
					"rotation": {
						"0.0": [110.00545, 425.24384, -99.47238],
						"6.375": [110.01, 425.24, -99.47]
					},
					"position": {
						"0.0": [-0.74, 2.26, 20.86],
						"6.375": [-0.74, 2.26, 20.86]
					},
					"scale": [1, 1.5, 1]
				},
				"swiss78_default": {
					"rotation": {
						"0.0": [0, 0, 0],
						"0.25": [0, 0, 0],
						"0.6667": [-8.10096, -6.79108, 1.70143],
						"2.6667": [-8.10096, -6.79108, 1.70143],
						"2.9167": [6.94, -3.77, 0.95],
						"3.125": [4.95158, -0.695, 7.96995],
						"3.4583": [-11, 0, 20],
						"4.5417": [-11, 0, 20],
						"5.2083": [-11, 0, 20],
						"5.375": [-11, 0, 20],
						"5.9583": [0, 0, 0],
						"6.375": [0, 0, 0]
					},
					"position": {
						"0.0": [0, 0, 0],
						"0.25": [0, 0, 0],
						"0.6667": [1.9, 0.7, 0.7],
						"2.6667": [1.9, 0.7, 0.7],
						"2.9167": [1.06, -0.77, 0.39],
						"3.125": [0, -0.7, 0],
						"3.4583": [0, 0, 0.4],
						"4.5417": [0, 0, 0.4],
						"5.2083": [0, 0, 0.4],
						"5.375": [0, 0, 0.4],
						"5.9583": [0, 0, 0],
						"6.375": [0, 0, 0]
					}
				},
				"root": {
					"rotation": {
						"0.0": [0, 0, 0],
						"2.6667": [0, 0, 0],
						"3.4583": [0, -14, 0],
						"4.0417": [0, -14, 0],
						"4.625": [-3.45178, -13.57605, 14.41099],
						"5.4583": [-3.45, -13.58, 14.41],
						"6.125": [-0.56912, -3.25443, -2.62132],
						"6.3333": [0, 0, 0]
					},
					"position": {
						"0.0": [0, 0, 0],
						"2.6667": [0, 0, 0],
						"3.4583": [1.5, 0, 0],
						"3.9167": [1.5, 0, 0],
						"4.8333": [2, -1.1, 0],
						"5.3333": [2, -1.1, 0],
						"6.0": [0.47, -0.53, 0],
						"6.3333": [0, 0, 0]
					}
				},
				"constraint": {
					"rotation": [1, 1, 1],
					"position": [1, 1, 1]
				},
				"bullet": {
					"scale": 0
				}
			}
		},
		"reload_intro_empty": {
			"animation_length": 6.5833,
			"bones": {
				"swiss78": {
					"rotation": {
						"0.0": [0, 0, 0],
						"0.2083": [11.60294, -8.08299, 15.63201],
						"0.375": [-11.47823, -18.42898, 24.57984],
						"0.625": [-13.68054, -20.35717, 23.03001],
						"0.9167": [-5.67174, -21.18359, 11.52565],
						"1.1667": [-3.07109, -21.28535, 12.61429],
						"1.4583": [-0.72, -22.56, 14.18],
						"1.5": [-0.96413, -22.48972, 9.42693],
						"1.625": [2.45412, -22.50314, 8.34773],
						"1.7083": [0.21125, -22.7, 11.59492],
						"1.7917": [-1.66537, -23.65716, 13.76937],
						"1.9167": [-1.23541, -22.68279, 12.65449],
						"2.0417": [0.40037, -21.71126, 8.32658],
						"2.1667": [-1.41, -21.64, 5.1],
						"2.25": [-4.36828, -21.03111, 5.08567],
						"2.375": [-4.23174, -19.39106, 1.17145],
						"2.4583": [-2.11149, -19.41966, 0.46692],
						"2.5": [-2.11, -19.42, 0.47],
						"2.5417": [-2.11, -19.42, 0.47],
						"2.75": [-1.2, -20.84, 3.45],
						"2.8333": [2.03, -19.24, 1.24],
						"2.9583": [-4.79376, -16.88015, 1.72697],
						"3.5": [-13.80375, -18.53176, 6.73868],
						"3.5833": [-12.95, -18.8, 7.56],
						"3.6667": [-12.95, -18.8, 7.56],
						"3.7083": [-12.04053, -18.8, 7.83411],
						"3.8333": [-12.3679, -19.23989, 5.7704],
						"3.9167": [-10.3679, -19.23989, 5.7704],
						"4.9583": [-10.37, -19.24, 5.77],
						"5.0": [-10.98238, -19.8, 5.76714],
						"5.0833": [-12.5905, -20.81611, 5.99173],
						"5.1667": [-7.9451, -21.73367, 6.11155],
						"5.25": [-9.89156, -20.74321, 5.96376],
						"5.4167": [-12.5905, -20.81611, 5.99173],
						"5.7083": [-6.3, -20.16, 5.74],
						"5.7917": [-5.448, -20.62864, 0.42885],
						"5.875": [-2.92, -20.54, -0.15],
						"5.9583": [-0.92, -20.54, -0.15],
						"6.125": [-2.75103, -20.9, -0.05462],
						"6.1667": [-2.75103, -20.9, -0.05462],
						"6.5": [-1.43035, -19.22, -0.6762],
						"6.5833": [-1.77, -18.9, -0.1]
					},
					"position": {
						"0.0": [0, 0, 0],
						"0.125": [0.52, -0.96, 0],
						"0.375": [2.74, -1.39, 0],
						"0.625": [4.41, -1.26, 0],
						"0.9583": [3.91, -1.76, 0],
						"1.25": [3.91, -1.46, 0],
						"1.4583": [4.1, -1.45, 0],
						"1.5417": [4.05, -1.5, 0],
						"1.625": [4, -1.5, 0],
						"1.7083": [4.05, -1.7, 0],
						"1.7917": [4.15, -1.7, 0],
						"1.875": [4.08, -1.8, 0],
						"2.0": [4, -1.7, 0],
						"2.0417": [4, -1.7, 0],
						"2.1667": [3.8, -1.7, 0],
						"2.2917": [3.6, -1.7, 0],
						"2.375": [3.5, -1.95, 0],
						"2.5": [3.5, -1.95, 0],
						"2.5417": [3.5, -1.95, 0],
						"2.6667": [3.55, -2.2, 0],
						"2.75": [3.6, -2.25, 0],
						"2.8333": [3.63, -1.52, 0],
						"2.9583": [3.62, -1.83, 0],
						"3.0833": [3.61, -2.19, 0],
						"3.2083": [3.61, -2.77, 0],
						"3.5417": [3.6, -2.65, 0],
						"3.6667": [3.6, -2.65, 0],
						"3.7083": [3.6, -2.85, 0],
						"3.8333": [3.6, -2.75, 0],
						"3.9167": [3.6, -2.65, 0],
						"4.9583": [3.6, -2.65, 0],
						"5.0417": [3.71, -2.66, 0],
						"5.0833": [3.71, -2.66, 0],
						"5.125": [3.71, -2.67, 0],
						"5.3333": [3.71, -2.66, 0],
						"5.75": [3.7, -2.75, 0],
						"5.8333": [3.7, -2.95, 0],
						"5.9167": [3.7, -2.85, 0],
						"6.0417": [3.7, -2.8, 0],
						"6.1667": [3.7, -2.8, 0],
						"6.4167": [3.5, -1.95, 0]
					}
				},
				"mag_and_righthand": {
					"rotation": {
						"0.0": [0, 0, 0],
						"1.4583": [0, 0, 0],
						"1.6667": [0, 0, 0],
						"1.8333": [0, 0, 0],
						"2.4583": [0, 0, 0],
						"2.5417": [0, 0, 0],
						"3.3333": [0, 0, 0],
						"3.5417": [0, 0, 0],
						"4.0417": [0, 0, 0],
						"4.0833": [-2, 0, 0],
						"4.1667": [0, 0, 0],
						"4.4167": [0, 0, 0],
						"4.5": [0, 0, 0],
						"4.5833": [0, 0, -13],
						"4.7083": [1.57, -0.58, -11.07],
						"4.875": [10.95748, -4.05922, 0.48497],
						"4.9583": [14.2833, -12.78839, -1.73248],
						"5.0833": [14.1804, -10.84976, -1.23016],
						"5.125": [19.1804, -10.84976, -1.23016],
						"5.4583": [19.18, -10.85, -1.23],
						"5.7083": [19.01689, -8.01505, -0.23507],
						"6.0": [19.01689, -8.01505, -0.23507],
						"6.2917": [19.18, -10.85, -1.23]
					},
					"position": {
						"0.0": [0, 0, 0],
						"1.4583": [0.3, 0.2, 0.5],
						"1.6667": [0.3, 0.3, 0.5],
						"1.7083": [0.22, 0.52, 0.55],
						"1.8333": [0, 0, 0.7],
						"2.4583": [0, 0, 0],
						"2.5417": [0, 0, 0],
						"3.3333": [0, 0, 0],
						"3.5417": [0.4, 0.1, 0.5],
						"4.0417": [0.4, 0.1, 0.5],
						"4.1667": [0, 0, 0],
						"4.4167": [-2.1, 3.3, -8.5],
						"4.5": [-2.1, 3.3, -8.5],
						"4.5833": [-2.6, 5.3, -8.1],
						"4.7083": [-1.96, 5.13, -8.01],
						"4.875": [1.9, 4.1, -7.5],
						"4.9583": [3.5, 4.1, -8.3],
						"5.0833": [3.5, 4.3, -8.5],
						"5.125": [3.5, 3.5, -9.4],
						"5.4583": [3.6, 3.2, -9.8],
						"5.7083": [3, 3.2, -10],
						"6.0": [3, 3.2, -10],
						"6.2917": [3.6, 3.2, -9.8]
					}
				},
				"righthand": {
					"rotation": {
						"0.0": [98.06931, 370.26431, -172.61876],
						"0.4167": [103.14567, 370.7532, -177.67976],
						"0.625": [113.6837, 375.02639, -188.11853],
						"0.7083": [113.6837, 375.02639, -188.11853],
						"0.7917": [104.32998, 366.71586, -161.56631],
						"0.9167": [109.9, 365.57, -166.95],
						"1.0833": [112.9512, 369.81045, -181.44945],
						"1.2917": [119.18138, 387.3488, -202.41514],
						"1.5": [122.32, 376.18, -180.7],
						"1.6667": [122.32, 376.18, -180.7],
						"1.75": [123.21369, 362.86759, -156.9898],
						"1.8333": [123.21369, 362.86759, -156.9898],
						"1.9167": [126.30331, 367.95637, -170.43192],
						"2.0": [129.94888, 373.46182, -177.68204],
						"2.0833": [129.95, 373.46, -177.68],
						"2.125": [124.95, 373.46, -177.68],
						"2.4583": [63.05042, 362.82081, -162.98973],
						"2.5417": [63.05042, 362.82081, -162.98973],
						"2.7917": [63.05042, 362.82081, -162.98973],
						"3.0417": [78.58883, 350.32307, -137.50546],
						"3.2083": [93.37439, 346.95209, -138.20794],
						"3.2917": [109.0092, 358.51515, -155.03975],
						"3.4167": [115.9666, 365.47028, -144.0046],
						"3.5417": [113.60638, 360.18374, -135.62512],
						"3.6667": [113.60638, 360.18374, -135.62512],
						"3.7083": [118.62, 358.35, -136.43],
						"3.8333": [118.62, 358.35, -136.43],
						"3.9167": [113.60638, 360.18374, -135.62512],
						"4.0": [116.4607, 361.72353, -141.54076],
						"4.0833": [116.4607, 361.72353, -141.54076],
						"4.1667": [120.36355, 361.61436, -150.77043],
						"4.4167": [116.32324, 362.37082, -156.78557],
						"4.5": [116.17537, 368.8877, -173.85457],
						"5.2917": [116.17537, 368.8877, -173.85457],
						"5.4583": [115.0518, 367.09182, -174.74347],
						"5.5417": [114.96016, 365.27926, -175.59381],
						"5.625": [118.40213, 359.11929, -164.13188],
						"5.7083": [118.4, 359.12, -164.13],
						"5.8333": [115.11932, 355.57512, -159.20247],
						"6.0": [117.8, 357.28085, -162.82773],
						"6.2917": [86.07058, 349.92813, -165.39276],
						"6.5": [55.07058, 349.92813, -165.39276]
					},
					"position": {
						"0.0": [10.1, -4.5, 36.1],
						"0.4167": [9.7, -5.8, 36.1],
						"0.625": [9.3, -7.9, 34.8],
						"0.7083": [9.3, -7.9, 34.8],
						"0.7917": [9.3, -7.9, 34.8],
						"0.9167": [8.66, -8.07, 34.2],
						"1.0833": [7.36, -8.03, 31.25],
						"1.375": [7.26, -8.2, 26.4],
						"1.4583": [6.62, -8.86, 26.56],
						"1.5": [6.62, -9.06, 26.36],
						"1.6667": [6.62, -9.06, 26.36],
						"1.7083": [6.57, -10.14, 25.62],
						"1.75": [6.2, -11.1, 24.9],
						"1.8333": [6.2, -11.1, 24.9],
						"1.9167": [6.4, -11.6, 26.8],
						"2.0": [5.6, -12.8, 29.3],
						"2.0833": [5.6, -14.5, 32.1],
						"2.125": [5.6, -15.8, 33.2],
						"2.4583": [6.9, -17.1, 40.1],
						"2.5417": [6.9, -17.1, 40.1],
						"2.7917": [6.9, -17.1, 40.1],
						"3.2083": [5.88, -12.02, 35.23],
						"3.4167": [3.4, -9.6, 29],
						"3.5417": [5, -10.5, 25.4],
						"3.6667": [5, -10.5, 25.4],
						"3.7083": [4.6, -11.6, 27.1],
						"3.8333": [4.6, -11.6, 27.1],
						"3.9167": [5, -10.7, 25.4],
						"4.0": [5.3, -10.9, 25.2],
						"4.0833": [5.3, -11.2, 25.2],
						"4.1667": [6.27, -10.45, 27.33],
						"4.4167": [6.9, -14.9, 41.5],
						"4.5": [6.9, -13.1, 42.3],
						"5.2917": [7.1, -13.1, 42.1],
						"5.4583": [7.1, -13.1, 43.2],
						"5.5417": [7.1, -13.1, 42.2],
						"5.625": [7.5, -15.1, 40.2],
						"5.7083": [7.5, -15.1, 40.2],
						"5.8333": [7.5, -15.6, 40.2],
						"6.0": [7.5, -15.6, 40.2],
						"6.2917": [7.5, -17.5, 43]
					},
					"scale": {
						"0.0": [1, 1.5, 1],
						"2.5417": [1, 1.5, 1]
					}
				},
				"bullet": {
					"rotation": {
						"2.5417": [0, 0, 0],
						"2.5833": [-87, 0, 32],
						"2.625": {
							"pre": [-87, 0, 32],
							"post": [0, -0.36544, 38.9905]
						},
						"4.1667": [0, -0.36544, 38.9905],
						"4.2083": [0, -0.97, 39.59],
						"4.3333": [-154.59912, 2.73699, 195.53372],
						"4.4167": [-154.59912, 2.73699, 195.53372],
						"4.5": [-52.27176, -1.59089, 118.90892],
						"4.5833": [-26.28072, -8.0827, 3.97174],
						"4.7083": [-26.28072, -8.0827, 3.97174],
						"4.875": [-23.4538, 14.60741, 38.5729],
						"5.0": [4.8717, 7.02461, 38.5729],
						"5.0833": [7.3, 6.68, 38.5729],
						"5.1667": [7.52778, 6.4219, 40.56921],
						"5.2083": [7.52778, 6.4219, 40.56921],
						"5.25": {
							"pre": [7.52778, 6.4219, 40.56921],
							"post": [0, 0, 0]
						},
						"6.4583": [-63.45285, 7.05802, 30.89036],
						"6.5417": [-63.95349, 8.8307, 27.2697]
					},
					"position": {
						"2.5417": [0, 0, 0],
						"2.5833": [0.3, 1, -6.4],
						"2.625": {
							"pre": [0.3, 1, -6.4],
							"post": [-0.08, -0.94, 9.92]
						},
						"4.1667": [-0.08, -0.94, 9.92],
						"4.2083": [0.29, -0.6, 11.26],
						"4.2917": [0.83, -2.4, 9.46],
						"4.3333": [-2.4, -3.3, 2.2],
						"4.4167": [-1.6, -4.9, 6.7],
						"4.5833": [-2.2, -3.8, 5.9],
						"4.7083": [-2.2, -3.8, 5.9],
						"4.875": [-2.2, -3.8, 6.1],
						"5.0": [-2.2, -4, 6.1],
						"5.0833": [-2.2, -4.1, 6.17],
						"5.1667": [-2.16, -3.72, 5.57],
						"5.2083": [-2.16, -3.72, 5.57],
						"5.25": {
							"pre": [-2.16, -3.72, 5.57],
							"post": [0, 0, 0]
						},
						"6.375": [-0.9, -3.6, 2.4],
						"6.4583": [-0.5, -3.6, 2.4],
						"6.5417": [-0.5, -3.6, 2.4]
					},
					"scale": {
						"2.5417": [0, 0, 0],
						"4.25": [0, 0, 0],
						"4.2917": {
							"pre": [0, 0, 0],
							"post": [1, 1, 1]
						},
						"4.3333": [1, 1, 1],
						"5.2083": [1, 1, 1],
						"5.25": [0, 0, 0]
					}
				},
				"gun_and_lefthand": {
					"rotation": {
						"0.0": [0, 0, 0],
						"0.7083": [0, 0, 0],
						"1.0833": [-0.14, 1.57, -1.17],
						"1.25": [0, 0, 0],
						"1.4167": [0, 0, 0],
						"2.4583": [0, 0, 0],
						"2.5417": [0, 0, 0],
						"3.0417": [0, 0, 0],
						"3.3333": [5.12962, -4.92385, 10.03742],
						"3.6667": [6.23468, -5.59081, 12.95712],
						"3.7917": [5.13, -4.92, 10.04],
						"3.875": [5.26, -4.92, 10.04],
						"3.9583": [8.38, -4.92, 10.04],
						"4.1667": [8.52134, -6.50771, 10.3345],
						"4.4583": [9.92, -6.37, 9.63],
						"4.5833": [10.32, -6.08, 8.92],
						"4.75": [11.7188, -5.4, 4.72006],
						"4.9167": [16.96831, -4.53054, 1.83797],
						"5.0": [20.87074, -5.27536, 2.40324],
						"5.3333": [20.87074, -5.27536, 2.40324],
						"5.4583": [20.88687, -3.05032, 2.18105],
						"5.5417": [21.87079, -2.11598, 2.5378],
						"5.7083": [16.6, -1.04, 0.52],
						"5.9583": [16.6, -1.04, 0.52],
						"6.125": [14.91, -1.28, 2.03],
						"6.1667": [14.53, -1.78, 2.8],
						"6.2917": [12.99475, -3.78745, 5.90406],
						"6.5417": [0, 0, 0]
					},
					"position": {
						"0.0": [0, 0, 0],
						"0.875": [0, 0, 0],
						"1.0": [-0.13, -0.22, 0.05],
						"1.1667": [0, 0, 0],
						"1.2917": [0, 0, 0],
						"2.4583": [0, 0, 0],
						"2.5417": [0, 0, 0],
						"3.0417": [0, 0, 0],
						"3.1667": [0, 0, 0],
						"3.3333": [0, 0.5, 0],
						"3.6667": [0, 0.5, 0],
						"3.8333": [0, 0.5, 0],
						"3.875": [0, 0.52, 0],
						"3.9583": [0, 0.53, -0.2],
						"4.125": [0, 0.55, 0],
						"4.625": [0, 0.5, 0],
						"4.8333": [0, 0.3, 0],
						"5.0": [0, 1, -0.5],
						"5.3333": [0, 1, -0.5],
						"5.4167": [0, 0.8, -0.5],
						"5.5417": [-0.04, 0.72, -0.42],
						"5.625": [-0.07, 0.64, -0.35],
						"5.7083": [-0.07, 0.64, -0.35],
						"6.0417": [-0.07, 0.64, -0.35],
						"6.1667": [0.05, 0.48, -0.26],
						"6.5417": [0, 0, 0]
					}
				},
				"lefthand": {
					"rotation": {
						"0.0": [110.00545, 425.24384, -99.47238],
						"0.25": [109.72374, 325.14211, -152.67185],
						"0.375": [105.36055, 320.89953, -149.54473],
						"0.4583": [102.57387, 310.73396, -141.88706],
						"0.625": [113.75295, 312.10369, -147.46839],
						"2.4583": [113.75, 312.1, -147.47],
						"2.5417": [113.75295, 312.10369, -147.46839]
					},
					"position": {
						"0.0": [-0.74, 2.26, 20.86],
						"0.25": [-6.39, -5.59, 38.66],
						"0.375": [-6.81, -4.32, 38.06],
						"0.4583": [-4.66, -6.12, 34.26],
						"0.625": [-7.26, -7.32, 33.96],
						"2.4583": [-7.26, -7.32, 33.96],
						"2.5417": [-7.26, -7.32, 33.96]
					},
					"scale": {
						"0.0": [1, 1.5, 1],
						"2.5417": [1, 1.5, 1]
					}
				},
				"swiss78_default": {
					"rotation": {
						"0.0": [0, 0, 0],
						"0.1667": [0, 0, 0],
						"0.5": [2.09855, 5.1405, 31.13913],
						"2.4583": [2.1, 5.14, 31.14],
						"2.5417": [2.1, 5.14, 31.14]
					},
					"position": {
						"0.0": [0, 0, 0],
						"0.1667": [0, 0, 0],
						"0.5": [0, 0, 0],
						"2.4583": [0, 0, 0],
						"2.5417": [0, 0, 0]
					}
				},
				"cylinder_group": {
					"rotation": {
						"0.0": [0, 0, 0],
						"2.4583": [0, 0, -22],
						"2.5417": [0, 0, -22],
						"5.75": [0, 0, -22],
						"5.8333": [0, 0, -80],
						"5.875": [0, 0, -80],
						"5.9167": {
							"pre": [0, 0, -80],
							"post": [0, 0, -22]
						}
					},
					"position": {
						"0.0": [0, 0, 0],
						"2.4583": [0, 0, 0],
						"2.5417": [0, 0, 0],
						"5.75": [0, 0, 0],
						"5.8333": [0, 0, 0],
						"5.875": [0, 0, 0],
						"5.9167": [0, 0, 0]
					}
				},
				"empty_case": {
					"rotation": {
						"0.0": [0, 0, 0],
						"2.4583": [0, 0, 0],
						"2.5417": [0, 0, 0],
						"3.6667": [0, 0, 0],
						"3.7083": [0, 12.79912, 0],
						"3.8333": [0, 12.8, 0],
						"3.875": [0, 12.8, 0],
						"3.9167": {
							"pre": [0, 12.8, 0],
							"post": [-8, -65, 0]
						},
						"5.2083": [-8, -65, 0],
						"5.25": {
							"pre": [-8, -65, 0],
							"post": [0, 0, 0]
						}
					},
					"position": {
						"0.0": [0, 0, 0],
						"2.4583": [0, 0, 0],
						"2.5417": [0, 0, 0],
						"3.6667": [0, 0, 0],
						"3.7083": [0, -0.4, 4.1],
						"3.8333": [-0.1, -4.7, 12.6],
						"3.875": [-0.1, -4.7, 12.6],
						"3.9167": {
							"pre": [-0.1, -4.7, 12.6],
							"post": [-0.1, -2.1, 2.2]
						},
						"5.2083": [-0.1, -2.1, 2.2],
						"5.25": {
							"pre": [-0.1, -2.1, 2.2],
							"post": [0, 0, 0]
						}
					}
				},
				"ejector_rod": {
					"rotation": {
						"0.0": [0, 0, 0],
						"1.375": [0, 0, 0],
						"1.5": [0, 0, 130],
						"1.6667": [0, 0, 130],
						"1.75": [0, 0, 180],
						"2.4583": [0, 0, 180],
						"2.5417": [0, 0, 180],
						"3.5417": [0, 0, 180],
						"3.6667": [0, 0, 180],
						"3.7083": [0, 0, 180],
						"3.8333": [0, 0, 180],
						"3.9167": [0, 0, 180]
					},
					"position": {
						"0.0": [0, 0, 0],
						"1.375": [0, 0, 0],
						"1.5": [0, 0, 0],
						"1.6667": [0, 0, 0],
						"1.75": [0, 0, 0],
						"2.4583": [0, 0, 0],
						"2.5417": [0, 0, 0],
						"3.5417": [0, 0, 0],
						"3.6667": [0, 0, 0],
						"3.7083": [0, 0, 2.5],
						"3.8333": [0, 0, 2.5],
						"3.9167": [0, 0, 0]
					}
				},
				"constraint": {
					"rotation": {
						"0.0": [1, 1, 1],
						"2.5417": [1, 1, 1]
					},
					"position": {
						"0.0": [1, 1, 1],
						"2.5417": [1, 1, 1]
					}
				},
				"camera": {
					"rotation": {
						"0.0": [0, 0, 0],
						"0.3333": [3, 0, 0],
						"0.4167": [3, 0, 0],
						"0.625": [2.5, 0, 0],
						"0.75": [2.5, 0, 0],
						"0.9583": [2.8, -0.3, 0.02618],
						"1.2083": [2.8, -0.3, 0.02618],
						"1.375": [2.5, 0, 0],
						"1.5": [2.1, 0, 0],
						"1.625": [2.4, 0, 0],
						"1.6667": [2.4, 0, 0],
						"1.75": [2, 0, 0],
						"1.875": [1.9, 0, 0],
						"2.0417": [1.8, 0, 0],
						"2.5": [1.8, 0, 0],
						"2.5417": [1.8, 0, 0],
						"2.75": [2.3, -0.02094, -0.3],
						"2.9167": [2.3, -0.02094, -0.3],
						"3.125": [2, 0, 0.2],
						"3.2917": [1.8, 0, 0],
						"3.6667": [1.8, 0, 0],
						"3.75": [2.3, 0.1, -0.3],
						"3.8333": [2, 0.1, -0.2],
						"3.875": [2, 0.1, -0.2],
						"4.0417": [2, 0, 0],
						"4.7083": [1.8, 0, 0],
						"4.875": [1.8, 0, 0],
						"4.9583": [2, 0.03839, 0.3],
						"5.0417": [1.8, 0.04, 0.2],
						"5.0833": [1.8, 0.04, 0.2],
						"5.125": [1.79964, 0.00161, -0.1],
						"5.2083": [1.8, 0, 0],
						"5.7083": [1.8, 0, 0],
						"5.8333": [2, 0, 0.1],
						"5.9167": [2, 0, -0.15],
						"6.0833": [1.8, 0, 0]
					},
					"position": {
						"0.0": [0, 0, 0],
						"0.75": [0, 0, 0],
						"1.375": [0, 0, 0],
						"1.6667": [0, 0, 0],
						"2.0417": [0, 0, 0],
						"2.5": [0, 0, 0],
						"2.5417": [0, 0, 0],
						"3.6667": [0, 0, 0],
						"4.0417": [0, 0, 0],
						"4.7083": [0, 0, 0],
						"4.875": [0, 0, 0],
						"5.0833": [0, 0, 0],
						"5.2083": [0, 0, 0],
						"5.7083": [0, 0, 0],
						"6.0833": [0, 0, 0]
					}
				}
			},
			"sound_effects": {
				"0.0": {
					"effect": "antiques:swiss78/reload_intro_empty/swiss78_reload_intro_empty0"
				},
				"0.0833": {
					"effect": "antiques:swiss78/reload_intro_empty/swiss78_reload_intro_empty1"
				},
				"0.8333": {
					"effect": "antiques:swiss78/reload_intro_empty/swiss78_reload_intro_empty2"
				},
				"1.4167": {
					"effect": "antiques:swiss78/reload_intro_empty/swiss78_reload_intro_empty3"
				},
				"1.5": {
					"effect": "antiques:swiss78/reload_intro_empty/swiss78_reload_intro_empty4"
				},
				"2.5417": {
					"effect": "antiques:swiss78/reload_loop/reload_loop_0"
				},
				"2.625": {
					"effect": "antiques:swiss78/reload_loop/reload_loop_1"
				},
				"3.375": {
					"effect": "antiques:swiss78/reload_loop/reload_loop_2"
				},
				"3.7917": {
					"effect": "antiques:swiss78/reload_loop/reload_loop_3"
				},
				"4.125": {
					"effect": "antiques:swiss78/reload_loop/reload_loop_4"
				},
				"4.7917": {
					"effect": "antiques:swiss78/reload_loop/reload_loop_5"
				},
				"5.2083": {
					"effect": "antiques:swiss78/reload_loop/reload_loop_6"
				},
				"5.75": {
					"effect": "antiques:swiss78/reload_loop/reload_loop_7"
				}
			}
		},
		"reload_intro": {
			"animation_length": 5.6667,
			"bones": {
				"swiss78": {
					"rotation": {
						"0.0": [0, 0, 0],
						"0.2083": [11.60294, -8.08299, 15.63201],
						"0.375": [-11.47823, -18.42898, 24.57984],
						"0.5": [-13.68054, -20.35717, 23.03001],
						"0.6667": [-12.42, -20.82, 21.14],
						"1.0": [-6.10624, -23.1427, 11.68959],
						"1.1667": [-4.24, -21.78, 10.25],
						"1.2083": [-4.24, -21.78, 10.25],
						"1.2917": [-3.78, -21.44, 9.89],
						"1.375": [-4.28333, -21.27544, 10.46211],
						"1.5417": [-3.89421, -21.67, 9.39144],
						"1.75": [-4.28562, -21.59871, 10.46305],
						"1.875": [-4.68394, -21.52177, 11.53194],
						"1.9583": [-4.86, -21.45, 11.23],
						"2.125": [-5.03, -21.28, 10.46],
						"2.1667": [-5.03, -21.28, 10.46],
						"2.2917": [-4.22, -21.34, 10.28],
						"2.375": [-3.97, -21.66, 9.61],
						"2.5833": [-4.42, -21.57, 10.82],
						"2.7083": [-4.77, -21.49, 11.38],
						"2.7917": [-4.81, -21.47, 11.31],
						"2.9583": [-5.28333, -21.27544, 10.46211],
						"3.0": [-5.28333, -21.27544, 10.46211],
						"3.125": [-4.28333, -21.27544, 10.46211],
						"3.2917": [-3.89421, -21.67, 9.39144],
						"3.5": [-4.28562, -21.59871, 10.46305],
						"3.625": [-4.68394, -21.52177, 11.53194],
						"3.7083": [-4.68, -21.52, 11.53],
						"3.7917": [-3.49332, -21.339, 8.31097],
						"3.875": [-1.10271, -21.39653, 7.23893],
						"3.9583": [3.07996, -21.56632, 4.01267],
						"4.0833": [-0.71543, -22.55524, 6.17656],
						"4.3333": [0.3, -22.8, 6],
						"4.4583": [-0.72, -22.56, 6.18],
						"4.5417": [-0.96413, -22.48972, 9.42693],
						"4.6667": [2.45412, -22.50314, 8.34773],
						"4.75": [0.21125, -22.7, 11.59492],
						"4.8333": [-1.66537, -23.65716, 13.76937],
						"4.9583": [-1.23541, -22.68279, 12.65449],
						"5.0833": [0.40037, -21.71126, 8.32658],
						"5.2083": [-1.41, -21.64, 5.1],
						"5.25": [-4.36828, -21.03111, 5.08567],
						"5.4167": [-4.23174, -19.39106, 1.17145],
						"5.5417": [-2.11149, -19.41966, 0.46692],
						"5.5833": [-2.11, -19.42, 0.47]
					},
					"position": {
						"0.0": [0, 0, 0],
						"0.125": [0.52, -0.96, 0],
						"0.375": [2.74, -1.39, 0],
						"0.625": [4.41, -1.26, 0],
						"0.8333": [3.91, -1.76, 0],
						"1.0417": [3.91, -1.46, 0],
						"1.1667": [3.91, -1.46, 0],
						"1.2083": [3.91, -1.46, 0],
						"1.2917": [3.91, -1.46, 0],
						"1.375": [3.91, -1.49, 0],
						"1.5417": [3.91, -1.55, 0],
						"1.75": [3.91, -1.48, 0],
						"1.875": [3.91, -1.45, 0],
						"1.9583": [3.91, -1.45, 0],
						"2.125": [3.91, -1.47, 0],
						"2.1667": [3.91, -1.47, 0],
						"2.2917": [3.91, -1.5, 0],
						"2.375": [3.91, -1.54, 0],
						"2.5833": [3.91, -1.47, 0],
						"2.7083": [3.91, -1.45, 0],
						"2.7917": [3.91, -1.45, 0],
						"2.9583": [3.91, -1.46, 0],
						"3.0": [3.91, -1.46, 0],
						"3.125": [3.91, -1.49, 0],
						"3.2917": [3.91, -1.55, 0],
						"3.5": [3.91, -1.48, 0],
						"3.625": [3.91, -1.45, 0],
						"3.7083": [3.91, -1.45, 0],
						"3.7917": [3.81, -1.68, 0],
						"3.875": [3.78, -1.7, 0],
						"3.9583": [3.94, -1.55, 0],
						"4.0833": [4, -1.35, 0],
						"4.2083": [4.05, -1.4, 0],
						"4.4583": [4.1, -1.45, 0],
						"4.5833": [4.05, -1.5, 0],
						"4.6667": [4, -1.5, 0],
						"4.75": [4.05, -1.7, 0],
						"4.8333": [4.15, -1.7, 0],
						"4.9167": [4.08, -1.8, 0],
						"5.0417": [4, -1.7, 0],
						"5.0833": [4, -1.7, 0],
						"5.2083": [3.8, -1.7, 0],
						"5.2917": [3.6, -1.7, 0],
						"5.4167": [3.5, -1.95, 0],
						"5.5833": [3.5, -1.95, 0]
					}
				},
				"mag_and_righthand": {
					"rotation": {
						"0.0": [0, 0, 0],
						"0.875": [0, 0, 0],
						"1.0833": [0, 3, 0],
						"1.1667": [0, 3, 0],
						"1.2083": [0, 3, 0],
						"2.1667": [0, 3, 0],
						"3.0": [0, 3, 0],
						"4.0417": [0, 3, 0],
						"4.1667": [0, 0, 0],
						"4.5417": [0, 0, 0],
						"4.75": [0, 0, 0],
						"4.9167": [0, 0, 0],
						"5.4583": [0, 0, 0]
					},
					"position": {
						"0.0": [0, 0, 0],
						"0.875": [0, 0, 0],
						"1.0833": [-0.3, 0.1, 0],
						"1.1667": [-0.3, 0.1, 0],
						"1.2083": [-0.3, 0.1, 0],
						"2.1667": [-0.3, 0.1, 0],
						"3.0": [-0.3, 0.1, 0],
						"4.0417": [-0.3, 0.1, 0],
						"4.1667": [0, 0, 0.7],
						"4.5417": [0.3, 0.2, 0.5],
						"4.75": [0.3, 0.3, 0.5],
						"4.7917": [0.22, 0.52, 0.55],
						"4.9167": [0, 0, 0.7],
						"5.4583": [0, 0, 0]
					}
				},
				"righthand": {
					"rotation": {
						"0.0": [98.06931, 370.26431, -172.61876],
						"0.25": [103.14567, 370.7532, -177.67976],
						"0.3333": [113.6837, 375.02639, -188.11853],
						"0.4583": [113.6837, 375.02639, -188.11853],
						"0.625": [104.32998, 366.71586, -161.56631],
						"0.7083": [109.9, 365.57, -166.95],
						"0.7917": [111.48467, 361.00511, -162.7702],
						"0.875": [115.1144, 365.60324, -170.52528],
						"1.0": [117.70126, 365.28384, -158.03194],
						"1.0833": [117.3, 365.28384, -158.03194],
						"1.1667": [115.3, 363.72, -156.21],
						"1.2083": [115.3, 363.72, -156.21],
						"1.2917": [114.305, 362.94342, -155.3],
						"1.3333": [114.95, 363.6, -156.76],
						"1.5417": [122.0277, 370.78906, -172.77278],
						"1.7083": [123.17389, 368.62291, -169.03094],
						"1.8333": [117.70126, 365.28384, -158.03194],
						"1.9167": [117.70126, 365.28384, -158.03194],
						"2.125": [114.305, 362.94342, -155.3],
						"2.1667": [114.305, 362.94342, -155.3],
						"2.2083": [114.95, 363.6, -156.76],
						"2.375": [122.0277, 370.78906, -172.77278],
						"2.5417": [123.17389, 368.62291, -169.03094],
						"2.6667": [117.70126, 365.28384, -158.03194],
						"2.75": [117.70126, 365.28384, -158.03194],
						"2.9583": [114.305, 362.94342, -155.3],
						"3.0": [114.305, 362.94342, -155.3],
						"3.0417": [114.95, 363.6, -156.76],
						"3.2083": [122.0277, 370.78906, -172.77278],
						"3.375": [123.17389, 368.62291, -169.03094],
						"3.5": [117.70126, 365.28384, -158.03194],
						"3.6667": [117.70126, 365.28384, -158.03194],
						"3.7917": [121.3, 370.94, -170.6],
						"3.875": [122.61741, 367.216, -163.73421],
						"4.0417": [122.61741, 367.216, -163.73421],
						"4.1667": [118.93115, 369.64941, -179.27331],
						"4.3333": [119.18138, 387.3488, -202.41514],
						"4.5833": [122.32, 376.18, -180.7],
						"4.75": [122.32, 376.18, -180.7],
						"4.8333": [123.21369, 362.86759, -156.9898],
						"4.9167": [123.21369, 362.86759, -156.9898],
						"5.0": [126.30331, 367.95637, -170.43192],
						"5.0833": [129.94888, 373.46182, -177.68204],
						"5.1667": [129.95, 373.46, -177.68],
						"5.2083": [124.95, 373.46, -177.68],
						"5.4583": [129.05042, 362.82081, -162.98973]
					},
					"position": {
						"0.0": [10.1, -4.5, 36.1],
						"0.25": [9.7, -5.8, 36.1],
						"0.3333": [9.3, -7.9, 34.8],
						"0.4583": [9.3, -7.9, 34.8],
						"0.625": [9.3, -7.9, 34.8],
						"0.7083": [8.66, -8.07, 34.2],
						"0.7917": [8.78, -8.78, 34],
						"0.875": [8.5, -8.3, 33.4],
						"1.0": [7.5, -9.5, 32],
						"1.0833": [7.5, -9.5, 32],
						"1.1667": [7.5, -9.7, 31.87],
						"1.2083": [7.5, -9.7, 31.87],
						"1.2917": [7.5, -9.8, 31.8],
						"1.3333": [7.5, -9.88, 31.8],
						"1.375": [7.5, -10.35, 31.8],
						"1.5417": [7.5, -10.6, 31.8],
						"1.7083": [7.5, -9.5, 32],
						"1.8333": [7.5, -9.5, 32],
						"1.9167": [7.5, -9.5, 32],
						"2.125": [7.5, -9.8, 31.8],
						"2.1667": [7.5, -9.8, 31.8],
						"2.2083": [7.5, -9.88, 31.8],
						"2.2917": [7.5, -10.35, 31.8],
						"2.375": [7.5, -10.6, 31.8],
						"2.5417": [7.5, -9.5, 32],
						"2.6667": [7.5, -9.5, 32],
						"2.75": [7.5, -9.5, 32],
						"2.9583": [7.5, -9.8, 31.8],
						"3.0": [7.5, -9.8, 31.8],
						"3.0417": [7.5, -9.88, 31.8],
						"3.125": [7.5, -10.35, 31.8],
						"3.2083": [7.5, -10.6, 31.8],
						"3.375": [7.5, -9.5, 32],
						"3.5": [7.5, -9.5, 32],
						"3.6667": [7.5, -9.5, 32],
						"3.7917": [7.5, -9.5, 32],
						"3.875": [7.5, -10.4, 31.5],
						"4.0417": [7.5, -10.4, 31.5],
						"4.1667": [7.42, -9.6, 30.03],
						"4.4167": [7.26, -8.2, 26.4],
						"4.5417": [6.62, -8.86, 26.56],
						"4.5833": [6.62, -9.06, 26.36],
						"4.75": [6.62, -9.06, 26.36],
						"4.7917": [6.57, -10.14, 25.62],
						"4.8333": [6.2, -11.1, 24.9],
						"4.9167": [6.2, -11.1, 24.9],
						"5.0": [6.4, -11.6, 26.8],
						"5.0833": [5.6, -12.8, 29.3],
						"5.1667": [5.6, -14.5, 32.1],
						"5.2083": [5.6, -15.8, 33.2],
						"5.4583": [6.9, -17.1, 40.1]
					},
					"scale": {
						"0.0": [1, 1.5, 1],
						"1.1667": [1, 1.5, 1],
						"1.2083": [1, 1.5, 1],
						"2.1667": [1, 1.5, 1],
						"3.0": [1, 1.5, 1]
					}
				},
				"bullet": {
					"rotation": {
						"0.0": [0, 0, 0],
						"0.1667": [0, 0, 0],
						"0.2083": {
							"pre": [0, 0, 0],
							"post": [-87, 0, 32]
						},
						"1.1667": [-87, 0, 32],
						"1.2083": [-87, 0, 32],
						"2.1667": [-87, 0, 32],
						"3.0": [-87, 0, 32],
						"5.4583": [-87, 0, 32]
					},
					"position": {
						"0.0": [0, 0, 0],
						"0.1667": [0, 0, 0],
						"0.2083": {
							"pre": [0, 0, 0],
							"post": [0.3, 1, -6.4]
						},
						"1.1667": [0.3, 1, -6.4],
						"1.2083": [0.3, 1, -6.4],
						"2.1667": [0.3, 1, -6.4],
						"3.0": [0.3, 1, -6.4],
						"5.4583": [0.3, 1, -6.4]
					},
					"scale": {
						"0.0": [0, 0, 0],
						"1.1667": [0, 0, 0],
						"1.2083": [0, 0, 0],
						"2.1667": [0, 0, 0],
						"3.0": [0, 0, 0]
					}
				},
				"gun_and_lefthand": {
					"rotation": {
						"0.0": [0, 0, 0],
						"0.4583": [0, 0, 0],
						"0.75": [-0.14, 1.57, -1.17],
						"1.0": [0, 0, 0],
						"1.1667": [0, 0, 0],
						"1.2083": [0, 0, 0],
						"1.3333": [0, 0, 0],
						"2.1667": [0, 0, 0],
						"3.0": [0, 0, 0],
						"5.4583": [0, 0, 0]
					},
					"position": {
						"0.0": [0, 0, 0],
						"0.5833": [0, 0, 0],
						"0.7083": [-0.13, -0.22, 0.05],
						"0.875": [0, 0, 0],
						"1.125": [0, 0, 0],
						"1.1667": [0, 0, 0],
						"1.2083": [0, 0, 0],
						"2.1667": [0, 0, 0],
						"3.0": [0, 0, 0],
						"5.4583": [0, 0, 0]
					}
				},
				"lefthand": {
					"rotation": {
						"0.0": [110.00545, 425.24384, -99.47238],
						"0.25": [109.72374, 325.14211, -152.67185],
						"0.375": [105.36055, 320.89953, -149.54473],
						"0.4583": [102.57387, 310.73396, -141.88706],
						"0.625": [113.75295, 312.10369, -147.46839],
						"1.1667": [113.75, 312.1, -147.47],
						"1.2083": [113.75, 312.1, -147.47],
						"2.1667": [113.75, 312.1, -147.47],
						"3.0": [113.75, 312.1, -147.47],
						"5.4583": [113.75, 312.1, -147.47]
					},
					"position": {
						"0.0": [-0.74, 2.26, 20.86],
						"0.25": [-6.39, -5.59, 38.66],
						"0.375": [-6.81, -4.32, 38.06],
						"0.4583": [-4.66, -6.12, 34.26],
						"0.625": [-7.26, -7.32, 33.96],
						"1.1667": [-7.26, -7.32, 33.96],
						"1.2083": [-7.26, -7.32, 33.96],
						"2.1667": [-7.26, -7.32, 33.96],
						"3.0": [-7.26, -7.32, 33.96],
						"5.4583": [-7.26, -7.32, 33.96]
					},
					"scale": {
						"0.0": [1, 1.5, 1],
						"1.1667": [1, 1.5, 1],
						"1.2083": [1, 1.5, 1],
						"2.1667": [1, 1.5, 1],
						"3.0": [1, 1.5, 1]
					}
				},
				"swiss78_default": {
					"rotation": {
						"0.0": [0, 0, 0],
						"0.1667": [0, 0, 0],
						"0.5": [2.09855, 5.1405, 31.13913],
						"1.1667": [2.1, 5.14, 31.14],
						"1.2083": [2.1, 5.14, 31.14],
						"2.1667": [2.1, 5.14, 31.14],
						"3.0": [2.1, 5.14, 31.14],
						"5.4583": [2.1, 5.14, 31.14]
					},
					"position": {
						"0.0": [0, 0, 0],
						"0.1667": [0, 0, 0],
						"0.5": [0, 0, 0],
						"1.1667": [0, 0, 0],
						"1.2083": [0, 0, 0],
						"2.1667": [0, 0, 0],
						"3.0": [0, 0, 0],
						"5.4583": [0, 0, 0]
					}
				},
				"cylinder_group": {
					"rotation": {
						"0.0": [0, 0, 0],
						"1.0833": [0, 0, 0],
						"1.1667": [0, 0, -40.02],
						"1.2083": [0, 0, -37.02],
						"1.25": [0, 0, -60],
						"1.3333": [0, 0, -60],
						"1.375": [0, 0, -93.33],
						"1.4583": [0, 0, -120],
						"1.5": [0, 0, -128],
						"1.5833": [0, 0, -120],
						"1.9167": [0, 0, -120],
						"2.125": [0, 0, -180],
						"2.1667": [0, 0, -179],
						"2.2083": [0, 0, -177],
						"2.25": [0, 0, -213.33],
						"2.3333": [0, 0, -240],
						"2.375": [0, 0, -248],
						"2.4167": [0, 0, -240],
						"2.75": [0, 0, -240],
						"2.9583": [0, 0, -301],
						"3.0": [0, 0, -298],
						"3.0417": [0, 0, -301],
						"3.0833": [0, 0, -333.78],
						"3.1667": [0, 0, -360],
						"3.25": [0, 0, -368],
						"3.3333": [0, 0, -360],
						"3.4167": [0, 0, -360],
						"3.4583": {
							"pre": [0, 0, -360],
							"post": [0, 0, 0]
						},
						"3.6667": [0, 0, 0],
						"3.75": [0, 0, -22],
						"3.7917": [0, 0, -32],
						"3.875": [0, 0, -22],
						"5.4583": [0, 0, -22]
					},
					"position": {
						"0.0": [0, 0, 0],
						"1.0833": [0, 0, 0],
						"1.1667": [0, 0, 0],
						"1.2083": [0, 0, 0],
						"1.2917": [0, 0, 0],
						"1.3333": [0, 0, 0],
						"1.375": [0, 0, 0],
						"1.4583": [0, 0, 0],
						"1.5833": [0, 0, 0],
						"1.9167": [0, 0, 0],
						"2.125": [0, 0, 0],
						"2.1667": [0, 0, 0],
						"2.2083": [0, 0, 0],
						"2.2917": [0, 0, 0],
						"2.3333": [0, 0, 0],
						"2.4167": [0, 0, 0],
						"2.75": [0, 0, 0],
						"2.9583": [0, 0, 0],
						"3.0": [0, 0, 0],
						"3.0417": [0, 0, 0],
						"3.125": [0, 0, 0],
						"3.2083": [0, 0, 0],
						"3.3333": [0, 0, 0],
						"3.4167": [0, 0, 0],
						"3.4583": [0, 0, 0],
						"3.6667": [0, 0, 0],
						"3.75": [0, 0, 0],
						"3.875": [0, 0, 0],
						"5.4583": [0, 0, 0]
					}
				},
				"empty_case": {
					"rotation": {
						"0.0": [0, 0, 0],
						"5.4167": [0, 0, 0]
					},
					"position": {
						"0.0": [0, 0, 0],
						"5.4167": [0, 0, 0]
					}
				},
				"ejector_rod": {
					"rotation": {
						"0.0": [0, 0, 0],
						"4.4583": [0, 0, 0],
						"4.5833": [0, 0, 130],
						"4.75": [0, 0, 130],
						"4.8333": [0, 0, 180],
						"5.4583": [0, 0, 180]
					},
					"position": {
						"0.0": [0, 0, 0],
						"4.4583": [0, 0, 0],
						"4.5833": [0, 0, 0],
						"4.75": [0, 0, 0],
						"4.8333": [0, 0, 0],
						"5.4583": [0, 0, 0]
					}
				},
				"constraint": {
					"rotation": [1, 1, 1],
					"position": [1, 1, 1]
				},
				"camera": {
					"rotation": {
						"0.0": [0, 0, 0],
						"0.3333": [3, 0, 0],
						"0.4167": [3, 0, 0],
						"0.625": [2.5, 0, 0],
						"0.75": [2.5, 0, 0],
						"1.0833": [2.5, 0, 0],
						"1.1667": [2.63, 0, 0.07],
						"1.2083": [2.63, 0, 0.07],
						"1.2917": [2.7, 0, 0.1],
						"1.5417": [2.7, 0, -0.15],
						"1.9167": [2.5, 0, 0],
						"2.125": [2.7, 0, 0.1],
						"2.1667": [2.7, 0, 0.1],
						"2.375": [2.7, 0, -0.15],
						"2.5833": [2.5, 0, 0],
						"2.7083": [2.5, 0, 0],
						"2.9583": [2.7, 0, 0.1],
						"3.0": [2.7, 0, 0.1],
						"3.2083": [2.7, 0, -0.15],
						"3.375": [2.5, 0, 0],
						"3.5": [2.5, 0, 0],
						"3.6667": [2.5, 0, 0],
						"3.7917": [2.7, 0, 0.1],
						"3.875": [2.7, 0, -0.15],
						"4.0417": [2.5, 0, 0],
						"4.2917": [2.8, -0.3, 0.02618],
						"4.4583": [2.5, 0, 0],
						"4.5833": [2.1, 0, 0],
						"4.7083": [2.4, 0, 0],
						"4.75": [2.4, 0, 0],
						"4.8333": [2, 0, 0],
						"4.9583": [1.9, 0, 0],
						"5.125": [1.8, 0, 0]
					},
					"position": {
						"0.0": [0, 0, 0],
						"0.75": [0, 0, 0],
						"1.0833": [0, 0, 0],
						"1.1667": [0, 0, 0],
						"1.2083": [0, 0, 0],
						"1.9167": [0, 0, 0],
						"2.1667": [0, 0, 0],
						"2.5833": [0, 0, 0],
						"2.7083": [0, 0, 0],
						"3.0": [0, 0, 0],
						"3.375": [0, 0, 0],
						"3.5": [0, 0, 0],
						"3.6667": [0, 0, 0],
						"4.0417": [0, 0, 0],
						"4.4583": [0, 0, 0],
						"4.75": [0, 0, 0],
						"5.125": [0, 0, 0]
					}
				}
			},
			"sound_effects": {
				"0.0": {
					"effect": "antiques:swiss78/reload_intro/swiss78_reload_intro0"
				},
				"0.0833": {
					"effect": "antiques:swiss78/reload_intro/swiss78_reload_intro1"
				},
				"0.875": {
					"effect": "antiques:swiss78/reload_intro/swiss78_reload_intro2"
				},
				"1.5": {
					"effect": "antiques:swiss78/reload_intro/swiss78_reload_intro3"
				},
				"2.5": {
					"effect": "antiques:swiss78/reload_intro/swiss78_reload_intro4"
				},
				"3.5": {
					"effect": "antiques:swiss78/reload_intro/swiss78_reload_intro5"
				},
				"4.125": {
					"effect": "antiques:swiss78/reload_intro/swiss78_reload_intro6"
				}
			}
		},
		"reload_loop": {
			"loop": true,
			"animation_length": 4.0833,
			"bones": {
				"swiss78": {
					"rotation": {
						"0.0": [-2.11, -19.42, 0.47],
						"0.2083": [-1.2, -20.84, 3.45],
						"0.2917": [2.03, -19.24, 1.24],
						"0.4167": [-4.79376, -16.88015, 1.72697],
						"0.9583": [-13.80375, -18.53176, 6.73868],
						"1.0417": [-12.95, -18.8, 7.56],
						"1.125": [-12.95, -18.8, 7.56],
						"1.1667": [-12.04053, -18.8, 7.83411],
						"1.2917": [-12.3679, -19.23989, 5.7704],
						"1.375": [-10.3679, -19.23989, 5.7704],
						"2.4167": [-10.37, -19.24, 5.77],
						"2.4583": [-10.98238, -19.8, 5.76714],
						"2.5417": [-12.5905, -20.81611, 5.99173],
						"2.625": [-7.9451, -21.73367, 6.11155],
						"2.7083": [-9.89156, -20.74321, 5.96376],
						"2.875": [-12.5905, -20.81611, 5.99173],
						"3.1667": [-6.3, -20.16, 5.74],
						"3.25": [-5.448, -20.62864, 0.42885],
						"3.3333": [-2.92, -20.54, -0.15],
						"3.4167": [-0.92, -20.54, -0.15],
						"3.5833": [-2.75103, -20.9, -0.05462],
						"3.625": [-2.75103, -20.9, -0.05462],
						"3.9583": [-1.43035, -19.22, -0.6762],
						"4.0417": [-1.77, -18.9, -0.1]
					},
					"position": {
						"0.0": [3.5, -1.95, 0],
						"0.125": [3.55, -2.2, 0],
						"0.2083": [3.6, -2.25, 0],
						"0.2917": [3.63, -1.52, 0],
						"0.4167": [3.62, -1.83, 0],
						"0.5417": [3.61, -2.19, 0],
						"0.6667": [3.61, -2.77, 0],
						"1.0": [3.6, -2.65, 0],
						"1.125": [3.6, -2.65, 0],
						"1.1667": [3.6, -2.85, 0],
						"1.2917": [3.6, -2.75, 0],
						"1.375": [3.6, -2.65, 0],
						"2.4167": [3.6, -2.65, 0],
						"2.5": [3.71, -2.66, 0],
						"2.5417": [3.71, -2.66, 0],
						"2.5833": [3.71, -2.67, 0],
						"2.7917": [3.71, -2.66, 0],
						"3.2083": [3.7, -2.75, 0],
						"3.2917": [3.7, -2.95, 0],
						"3.375": [3.7, -2.85, 0],
						"3.5": [3.7, -2.8, 0],
						"3.625": [3.7, -2.8, 0],
						"3.875": [3.5, -1.95, 0]
					}
				},
				"mag_and_righthand": {
					"rotation": {
						"0.0": [0, 0, 0],
						"0.7917": [0, 0, 0],
						"1.0": [0, 0, 0],
						"1.5": [0, 0, 0],
						"1.5417": [-2, 0, 0],
						"1.625": [0, 0, 0],
						"1.875": [0, 0, 0],
						"1.9583": [0, 0, 0],
						"2.0417": [0, 0, -13],
						"2.1667": [1.57, -0.58, -11.07],
						"2.3333": [10.95748, -4.05922, 0.48497],
						"2.4167": [14.2833, -12.78839, -1.73248],
						"2.5417": [14.1804, -10.84976, -1.23016],
						"2.5833": [19.1804, -10.84976, -1.23016],
						"2.9167": [19.18, -10.85, -1.23],
						"3.1667": [19.01689, -8.01505, -0.23507],
						"3.4583": [19.01689, -8.01505, -0.23507],
						"3.75": [19.18, -10.85, -1.23]
					},
					"position": {
						"0.0": [0, 0, 0],
						"0.7917": [0, 0, 0],
						"1.0": [0.4, 0.1, 0.5],
						"1.5": [0.4, 0.1, 0.5],
						"1.625": [0, 0, 0],
						"1.875": [-2.1, 3.3, -8.5],
						"1.9583": [-2.1, 3.3, -8.5],
						"2.0417": [-2.6, 5.3, -8.1],
						"2.1667": [-1.96, 5.13, -8.01],
						"2.3333": [1.9, 4.1, -7.5],
						"2.4167": [3.5, 4.1, -8.3],
						"2.5417": [3.5, 4.3, -8.5],
						"2.5833": [3.5, 3.5, -9.4],
						"2.9167": [3.6, 3.2, -9.8],
						"3.1667": [3, 3.2, -10],
						"3.4583": [3, 3.2, -10],
						"3.75": [3.6, 3.2, -9.8]
					}
				},
				"righthand": {
					"rotation": {
						"0.0": [63.05042, 362.82081, -162.98973],
						"0.25": [63.05042, 362.82081, -162.98973],
						"0.5": [78.58883, 350.32307, -137.50546],
						"0.6667": [93.37439, 346.95209, -138.20794],
						"0.75": [109.0092, 358.51515, -155.03975],
						"0.875": [115.9666, 365.47028, -144.0046],
						"1.0": [113.60638, 360.18374, -135.62512],
						"1.125": [113.60638, 360.18374, -135.62512],
						"1.1667": [118.62, 358.35, -136.43],
						"1.2917": [118.62, 358.35, -136.43],
						"1.375": [113.60638, 360.18374, -135.62512],
						"1.4583": [116.4607, 361.72353, -141.54076],
						"1.5417": [116.4607, 361.72353, -141.54076],
						"1.625": [120.36355, 361.61436, -150.77043],
						"1.875": [116.32324, 362.37082, -156.78557],
						"1.9583": [116.17537, 368.8877, -173.85457],
						"2.75": [116.17537, 368.8877, -173.85457],
						"2.9167": [115.0518, 367.09182, -174.74347],
						"3.0": [114.96016, 365.27926, -175.59381],
						"3.0833": [118.40213, 359.11929, -164.13188],
						"3.1667": [118.4, 359.12, -164.13],
						"3.2917": [115.11932, 355.57512, -159.20247],
						"3.4583": [117.8, 357.28085, -162.82773],
						"3.75": [86.07058, 349.92813, -165.39276],
						"3.9583": [55.07058, 349.92813, -165.39276]
					},
					"position": {
						"0.0": [6.9, -17.1, 40.1],
						"0.25": [6.9, -17.1, 40.1],
						"0.6667": [5.88, -12.02, 35.23],
						"0.875": [3.4, -9.6, 29],
						"1.0": [5, -10.5, 25.4],
						"1.125": [5, -10.5, 25.4],
						"1.1667": [4.6, -11.6, 27.1],
						"1.2917": [4.6, -11.6, 27.1],
						"1.375": [5, -10.7, 25.4],
						"1.4583": [5.3, -10.9, 25.2],
						"1.5417": [5.3, -11.2, 25.2],
						"1.625": [6.27, -10.45, 27.33],
						"1.875": [6.9, -14.9, 41.5],
						"1.9583": [6.9, -13.1, 42.3],
						"2.75": [7.1, -13.1, 42.1],
						"2.9167": [7.1, -13.1, 43.2],
						"3.0": [7.1, -13.1, 42.2],
						"3.0833": [7.5, -15.1, 40.2],
						"3.1667": [7.5, -15.1, 40.2],
						"3.2917": [7.5, -15.6, 40.2],
						"3.4583": [7.5, -15.6, 40.2],
						"3.75": [7.5, -17.5, 43]
					},
					"scale": [1, 1.5, 1]
				},
				"gun_and_lefthand": {
					"rotation": {
						"0.0": [0, 0, 0],
						"0.5": [0, 0, 0],
						"0.7917": [5.12962, -4.92385, 10.03742],
						"1.125": [6.23468, -5.59081, 12.95712],
						"1.25": [5.13, -4.92, 10.04],
						"1.3333": [5.26, -4.92, 10.04],
						"1.4167": [8.38, -4.92, 10.04],
						"1.625": [8.52134, -6.50771, 10.3345],
						"1.9167": [9.92, -6.37, 9.63],
						"2.0417": [10.32, -6.08, 8.92],
						"2.2083": [11.7188, -5.4, 4.72006],
						"2.375": [16.96831, -4.53054, 1.83797],
						"2.4583": [20.87074, -5.27536, 2.40324],
						"2.7917": [20.87074, -5.27536, 2.40324],
						"2.9167": [20.88687, -3.05032, 2.18105],
						"3.0": [21.87079, -2.11598, 2.5378],
						"3.1667": [16.6, -1.04, 0.52],
						"3.4167": [16.6, -1.04, 0.52],
						"3.5833": [14.91, -1.28, 2.03],
						"3.625": [14.53, -1.78, 2.8],
						"3.75": [12.99475, -3.78745, 5.90406],
						"4.0": [0, 0, 0]
					},
					"position": {
						"0.0": [0, 0, 0],
						"0.5": [0, 0, 0],
						"0.625": [0, 0, 0],
						"0.7917": [0, 0.5, 0],
						"1.125": [0, 0.5, 0],
						"1.2917": [0, 0.5, 0],
						"1.3333": [0, 0.52, 0],
						"1.4167": [0, 0.53, -0.2],
						"1.5833": [0, 0.55, 0],
						"2.0833": [0, 0.5, 0],
						"2.2917": [0, 0.3, 0],
						"2.4583": [0, 1, -0.5],
						"2.7917": [0, 1, -0.5],
						"2.875": [0, 0.8, -0.5],
						"3.0": [-0.04, 0.72, -0.42],
						"3.0833": [-0.07, 0.64, -0.35],
						"3.1667": [-0.07, 0.64, -0.35],
						"3.5": [-0.07, 0.64, -0.35],
						"3.625": [0.05, 0.48, -0.26],
						"4.0": [0, 0, 0]
					}
				},
				"lefthand": {
					"rotation": [113.75295, 312.10369, -147.46839],
					"position": [-7.26, -7.32, 33.96],
					"scale": [1, 1.5, 1]
				},
				"swiss78_default": {
					"rotation": [2.1, 5.14, 31.14],
					"position": [0, 0, 0]
				},
				"cylinder_group": {
					"rotation": {
						"0.0": [0, 0, -22],
						"3.2083": [0, 0, -22],
						"3.2917": [0, 0, -80],
						"3.3333": [0, 0, -80],
						"3.375": {
							"pre": [0, 0, -80],
							"post": [0, 0, -22]
						}
					},
					"position": {
						"0.0": [0, 0, 0],
						"3.2083": [0, 0, 0],
						"3.2917": [0, 0, 0],
						"3.3333": [0, 0, 0],
						"3.375": [0, 0, 0]
					}
				},
				"empty_case": {
					"rotation": {
						"0.0": [0, 0, 0],
						"1.125": [0, 0, 0],
						"1.1667": [0, 12.79912, 0],
						"1.2917": [0, 12.8, 0],
						"1.3333": [0, 12.8, 0],
						"1.375": {
							"pre": [0, 12.8, 0],
							"post": [-8, -65, 0]
						},
						"2.6667": [-8, -65, 0],
						"2.7083": {
							"pre": [-8, -65, 0],
							"post": [0, 0, 0]
						}
					},
					"position": {
						"0.0": [0, 0, 0],
						"1.125": [0, 0, 0],
						"1.1667": [0, -0.4, 4.1],
						"1.2917": [-0.1, -4.7, 12.6],
						"1.3333": [-0.1, -4.7, 12.6],
						"1.375": {
							"pre": [-0.1, -4.7, 12.6],
							"post": [-0.1, -2.1, 2.2]
						},
						"2.6667": [-0.1, -2.1, 2.2],
						"2.7083": {
							"pre": [-0.1, -2.1, 2.2],
							"post": [0, 0, 0]
						}
					}
				},
				"ejector_rod": {
					"rotation": {
						"0.0": [0, 0, 180],
						"1.0": [0, 0, 180],
						"1.125": [0, 0, 180],
						"1.1667": [0, 0, 180],
						"1.2917": [0, 0, 180],
						"1.375": [0, 0, 180]
					},
					"position": {
						"0.0": [0, 0, 0],
						"1.0": [0, 0, 0],
						"1.125": [0, 0, 0],
						"1.1667": [0, 0, 2.5],
						"1.2917": [0, 0, 2.5],
						"1.375": [0, 0, 0]
					}
				},
				"bullet": {
					"rotation": {
						"0.0": [0, 0, 0],
						"0.0417": [-87, 0, 32],
						"0.0833": {
							"pre": [-87, 0, 32],
							"post": [0, -0.36544, 38.9905]
						},
						"1.625": [0, -0.36544, 38.9905],
						"1.6667": [0, -0.97, 39.59],
						"1.7917": [-154.59912, 2.73699, 195.53372],
						"1.875": [-154.59912, 2.73699, 195.53372],
						"1.9583": [-52.27176, -1.59089, 118.90892],
						"2.0417": [-26.28072, -8.0827, 3.97174],
						"2.1667": [-26.28072, -8.0827, 3.97174],
						"2.3333": [-23.4538, 14.60741, 38.5729],
						"2.4583": [4.8717, 7.02461, 38.5729],
						"2.5417": [7.3, 6.68, 38.5729],
						"2.625": [7.52778, 6.4219, 40.56921],
						"2.6667": [7.52778, 6.4219, 40.56921],
						"2.7083": {
							"pre": [7.52778, 6.4219, 40.56921],
							"post": [0, 0, 0]
						},
						"3.9167": [-63.45285, 7.05802, 30.89036],
						"4.0": [-63.95349, 8.8307, 27.2697]
					},
					"position": {
						"0.0": [0, 0, 0],
						"0.0417": [0.3, 1, -6.4],
						"0.0833": {
							"pre": [0.3, 1, -6.4],
							"post": [-0.08, -0.94, 9.92]
						},
						"1.625": [-0.08, -0.94, 9.92],
						"1.6667": [0.29, -0.6, 11.26],
						"1.75": [0.83, -2.4, 9.46],
						"1.7917": [-2.4, -3.3, 2.2],
						"1.875": [-1.6, -4.9, 6.7],
						"2.0417": [-2.2, -3.8, 5.9],
						"2.1667": [-2.2, -3.8, 5.9],
						"2.3333": [-2.2, -3.8, 6.1],
						"2.4583": [-2.2, -4, 6.1],
						"2.5417": [-2.2, -4.1, 6.17],
						"2.625": [-2.16, -3.72, 5.57],
						"2.6667": [-2.16, -3.72, 5.57],
						"2.7083": {
							"pre": [-2.16, -3.72, 5.57],
							"post": [0, 0, 0]
						},
						"3.8333": [-0.9, -3.6, 2.4],
						"3.9167": [-0.5, -3.6, 2.4],
						"4.0": [-0.5, -3.6, 2.4]
					},
					"scale": {
						"0.0": [0, 0, 0],
						"1.7083": [0, 0, 0],
						"1.75": {
							"pre": [0, 0, 0],
							"post": [1, 1, 1]
						},
						"1.7917": [1, 1, 1],
						"2.6667": [1, 1, 1],
						"2.7083": [0, 0, 0]
					}
				},
				"constraint": {
					"rotation": [1, 1, 1],
					"position": [1, 1, 1]
				},
				"camera": {
					"rotation": {
						"0.0": [1.8, 0, 0],
						"0.2083": [2.3, -0.02094, -0.3],
						"0.375": [2.3, -0.02094, -0.3],
						"0.5833": [2, 0, 0.2],
						"0.75": [1.8, 0, 0],
						"1.125": [1.8, 0, 0],
						"1.2083": [2.3, 0.1, -0.3],
						"1.2917": [2, 0.1, -0.2],
						"1.3333": [2, 0.1, -0.2],
						"1.5": [2, 0, 0],
						"2.1667": [1.8, 0, 0],
						"2.3333": [1.8, 0, 0],
						"2.4167": [2, 0.03839, 0.3],
						"2.5": [1.8, 0.04, 0.2],
						"2.5417": [1.8, 0.04, 0.2],
						"2.5833": [1.79964, 0.00161, -0.1],
						"2.6667": [1.8, 0, 0],
						"3.1667": [1.8, 0, 0],
						"3.2917": [2, 0, 0.1],
						"3.375": [2, 0, -0.15],
						"3.5417": [1.8, 0, 0]
					},
					"position": {
						"0.0": [0, 0, 0],
						"1.125": [0, 0, 0],
						"1.5": [0, 0, 0],
						"2.1667": [0, 0, 0],
						"2.3333": [0, 0, 0],
						"2.5417": [0, 0, 0],
						"2.6667": [0, 0, 0],
						"3.1667": [0, 0, 0],
						"3.5417": [0, 0, 0]
					}
				}
			},
			"sound_effects": {
				"0.0": {
					"effect": "antiques:swiss78/reload_loop/reload_loop_0"
				},
				"0.0833": {
					"effect": "antiques:swiss78/reload_loop/reload_loop_1"
				},
				"0.8333": {
					"effect": "antiques:swiss78/reload_loop/reload_loop_2"
				},
				"1.25": {
					"effect": "antiques:swiss78/reload_loop/reload_loop_3"
				},
				"1.5833": {
					"effect": "antiques:swiss78/reload_loop/reload_loop_4"
				},
				"2.25": {
					"effect": "antiques:swiss78/reload_loop/reload_loop_5"
				},
				"2.6667": {
					"effect": "antiques:swiss78/reload_loop/reload_loop_6"
				},
				"3.2083": {
					"effect": "antiques:swiss78/reload_loop/reload_loop_7"
				}
			}
		},
		"reload_end": {
			"animation_length": 3.5,
			"bones": {
				"swiss78": {
					"rotation": {
						"0.0": [-2.11, -19.42, 0.47],
						"0.125": [-12.5905, -20.81611, 5.99173],
						"0.4583": [-8.92, -20.43, 5.84],
						"0.5417": [-8.92, -20.43, 5.84],
						"0.6667": [-6.3, -20.16, 5.74],
						"0.75": [-5.448, -20.62864, 0.42885],
						"0.8333": [-2.92, -20.54, -0.15],
						"0.9167": [-0.92, -20.54, -0.15],
						"1.0": [0.38966, -21.22, 0.78179],
						"1.0833": [-1.63, -21.1, 3.43],
						"1.3333": [-7.68092, -20.72152, 11.36947],
						"1.4583": [-7.07, -21.32, 11.35],
						"1.5417": [-5.87416, -21.94466, 9.20324],
						"1.75": [-4.65802, -22.21531, 4.77622],
						"1.7917": [0.38321, -20.76521, 0.77561],
						"1.875": [0.32, -22.45, 0.46],
						"2.0833": [1.57, -21.55, -2.04],
						"2.3333": [-2.75103, -20.9, -0.05462],
						"2.5833": [5.72584, -23.33867, -0.35632],
						"2.8333": [10.87464, -14.91811, -1.9523],
						"2.9167": [15.03, -13.02, -5.14],
						"2.9583": [19.11, -12.07, -6.73],
						"3.2917": [1.48, -1.16, 4.05],
						"3.4167": [0, 0, 0]
					},
					"position": {
						"0.0": [3.5, -1.95, 0],
						"0.125": [3.55, -2.14, 0],
						"0.4583": [3.63, -2.47, 0],
						"0.5417": [3.63, -2.47, 0],
						"0.7083": [3.7, -2.75, 0],
						"0.7917": [3.7, -2.95, 0],
						"0.875": [3.7, -2.85, 0],
						"0.9583": [3.7, -2.8, 0],
						"1.0833": [3.7, -2.35, 0],
						"1.25": [3.7, -2.5, 0],
						"1.375": [3.7, -2.7, 0],
						"1.4583": [3.7, -2.7, 0],
						"1.5833": [3.65, -2.8, 0],
						"1.75": [3.65, -2.8, 0],
						"1.7917": [3.65, -2.87, 0],
						"1.875": [3.65, -2.92, 0],
						"2.125": [3.84, -2.35, 0],
						"2.4167": [3.7, -2.5, 0],
						"2.5833": [3.61, -2.44, 0],
						"2.7083": [3.5, -1.95, 0],
						"2.9167": [2.27, -1.27, 0],
						"2.9583": [1.98, -1.25, 0],
						"3.0833": [1.1, -1.19, 0],
						"3.25": [0.14, -0.05, 0],
						"3.4167": [0, 0, 0]
					}
				},
				"mag_and_righthand": {
					"rotation": {
						"0.0": [0, 0, 0],
						"0.4583": [0, 0, 0],
						"0.5417": [0, 0, 0],
						"1.125": [0, 0, 0],
						"1.375": [0, 0, 0],
						"2.1667": [0, 0, 0],
						"2.375": [3, 0, 0],
						"3.1667": [0, 0, 0]
					},
					"position": {
						"0.0": [0, 0, 0],
						"0.4583": [0, 0, 0],
						"0.5417": [0, 0, 0],
						"1.125": [0, 0, 0],
						"1.375": [0.4, 0.4, 0.8],
						"2.1667": [0.4, 0.4, 0.8],
						"2.375": [0.4, 0.4, 0.5],
						"3.1667": [0, 0, 0]
					}
				},
				"righthand": {
					"rotation": {
						"0.0": [129.05042, 362.82081, -162.98973],
						"0.125": [129.05042, 362.82081, -162.98973],
						"0.25": [123.64647, 357.08785, -161.31366],
						"0.3333": [121.55677, 361.0809, -156.3571],
						"0.4583": [119.6, 370.19, -148.26],
						"0.5417": [119.6, 370.19, -148.26],
						"0.6667": [120.51186, 371.77064, -153.25981],
						"0.75": [117.69, 371.05, -147.75],
						"0.8333": [117.69, 371.05, -147.75],
						"0.9583": [117.69, 371.05, -147.75],
						"1.0833": [123.21369, 362.86759, -156.9898],
						"1.2917": [123.21369, 362.86759, -156.9898],
						"1.375": [123.21369, 362.86759, -156.9898],
						"1.5": [122.32, 376.18, -180.7],
						"1.5833": [121.27, 379.9, -187.94],
						"1.625": [121.27, 379.9, -187.94],
						"1.75": [121.27, 379.9, -187.94],
						"1.7917": [120.9709, 382.6456, -188.66796],
						"2.0": [120.9709, 382.6456, -188.66796],
						"2.25": [107.90836, 369.00688, -175.79785],
						"2.375": [97.60439, 369.19066, -163.55227],
						"2.5": [98.06931, 370.26431, -172.61876],
						"2.9583": [98.06931, 370.26431, -172.61876]
					},
					"position": {
						"0.0": [6.9, -17.1, 40.1],
						"0.125": [6.9, -17.1, 40.1],
						"0.25": [3.86, -14.05, 34.9],
						"0.3333": [4.05, -11.88, 33.09],
						"0.4583": [4.24, -9.71, 30.89],
						"0.5417": [4.24, -9.71, 30.89],
						"0.6667": [4.14, -9.71, 31.09],
						"0.75": [3.94, -9.71, 31.49],
						"0.8333": [3.94, -9.71, 31.49],
						"0.9583": [3.94, -9.71, 31.49],
						"1.0833": [6.4, -11.4, 26],
						"1.2917": [6.8, -11.3, 24.3],
						"1.375": [6.8, -11.3, 24.3],
						"1.4167": [7.26, -9.98, 25.08],
						"1.5": [7.12, -9.06, 25.86],
						"1.5833": [7.12, -9.06, 25.86],
						"1.625": [7.12, -9.06, 25.86],
						"1.75": [7.12, -9.06, 25.86],
						"1.7917": [7.22, -9.06, 26.36],
						"2.0": [7.22, -9.06, 26.36],
						"2.25": [7.42, -7.1, 31.16],
						"2.375": [9.7, -5.3, 35],
						"2.5": [10.1, -4.5, 36.1],
						"2.9583": [10.1, -4.5, 36.1]
					},
					"scale": {
						"0.0": [1, 1.5, 1],
						"0.4583": [1, 1.5, 1],
						"0.5417": [1, 1.5, 1]
					}
				},
				"gun_and_lefthand": {
					"rotation": {
						"0.0": [0, 0, 0],
						"0.3333": [20.88687, -3.05032, 2.18105],
						"0.4583": [21.87, -2.12, 2.54],
						"0.5417": [21.87, -2.12, 2.54],
						"0.6667": [16.6, -1.04, 0.52],
						"0.9167": [16.6, -1.04, 0.52],
						"1.0417": [14.91, -1.28, 2.03],
						"1.3333": [5.1628, -2.29825, 12.82647],
						"1.4167": [5.1628, -2.29825, 12.82647],
						"2.1667": [5.16, -2.3, 12.83],
						"2.375": [14.53, -1.78, 2.8],
						"2.9583": [0, 0, 0],
						"3.375": [0, 0, 0]
					},
					"position": {
						"0.0": [0, 0, 0],
						"0.2917": [0, 0.8, -0.5],
						"0.4583": [-0.05, 0.69, -0.4],
						"0.5417": [-0.05, 0.69, -0.4],
						"0.625": [-0.07, 0.64, -0.35],
						"0.6667": [-0.07, 0.64, -0.35],
						"1.0": [-0.07, 0.64, -0.35],
						"1.1667": [0.05, 0.48, -0.26],
						"1.4167": [0.05, 0.48, -0.26],
						"2.1667": [0.05, 0.48, -0.26],
						"2.375": [0.05, 0.48, -0.26],
						"2.9583": [0, 0, 0],
						"3.375": [0, 0, 0]
					}
				},
				"lefthand": {
					"rotation": {
						"0.0": [113.75295, 312.10369, -147.46839],
						"0.4583": [113.75, 312.1, -147.47],
						"0.5417": [113.75, 312.1, -147.47],
						"2.1667": [113.75, 312.1, -147.47],
						"2.375": [113.75295, 312.10369, -147.46839],
						"2.625": [111.7736, 316.71173, -144.70599],
						"2.8333": [106.29538, 344.21802, -133.93523],
						"3.125": [110.01, 425.24, -99.47],
						"3.375": [110.01, 425.24, -99.47]
					},
					"position": {
						"0.0": [-7.26, -7.32, 33.96],
						"0.4583": [-7.26, -7.32, 33.96],
						"0.5417": [-7.26, -7.32, 33.96],
						"2.1667": [-7.26, -7.32, 33.96],
						"2.375": [-7.26, -7.32, 33.96],
						"2.8333": [-7.36, -7.62, 36.36],
						"3.125": [-0.74, 2.26, 20.86],
						"3.375": [-0.74, 2.26, 20.86]
					},
					"scale": {
						"0.0": [1, 1.5, 1],
						"0.4583": [1, 1.5, 1],
						"0.5417": [1, 1.5, 1],
						"2.1667": [1, 1.5, 1]
					}
				},
				"swiss78_default": {
					"rotation": {
						"0.0": [2.1, 5.14, 31.14],
						"0.4583": [2.1, 5.14, 31.14],
						"0.5417": [2.1, 5.14, 31.14],
						"1.1667": [2.1, 5.14, 31.14],
						"2.1667": [2.1, 5.14, 31.14],
						"2.375": [2.1, 5.14, 31.14],
						"2.5833": [-8.9, 5.14, 31.14],
						"2.8333": [0, 0, 0],
						"3.375": [0, 0, 0]
					},
					"position": {
						"0.0": [0, 0, 0],
						"0.4583": [0, 0, 0],
						"0.5417": [0, 0, 0],
						"1.1667": [0, 0, 0],
						"2.1667": [0, 0, 0],
						"2.375": [0, 0, 0],
						"2.5833": [0.6, 0.5, 0.7],
						"2.8333": [0, 0, 0],
						"3.375": [0, 0, 0]
					}
				},
				"cylinder_group": {
					"rotation": {
						"0.0": [0, 0, -22],
						"0.4583": [0, 0, -22],
						"0.5417": [0, 0, -22],
						"0.6667": [0, 0, -22],
						"0.75": [0, 0, -57.33],
						"0.7917": [0, 0, -60.33],
						"0.8333": {
							"pre": [0, 0, -60.33],
							"post": [0, 0, 0]
						},
						"0.9167": [0, 0, -10],
						"1.0417": [0, 0, 7],
						"1.1667": [0, 0, 0],
						"2.1667": [0, 0, 0],
						"3.125": [0, 0, 0]
					},
					"position": {
						"0.0": [0, 0, 0],
						"0.4583": [0, 0, 0],
						"0.5417": [0, 0, 0],
						"0.6667": [0, 0, 0],
						"0.75": [0, 0, 0],
						"0.7917": [0, 0, 0],
						"0.8333": [0, 0, 0],
						"1.0417": [0, 0, 0],
						"1.1667": [0, 0, 0],
						"2.1667": [0, 0, 0],
						"3.125": [0, 0, 0]
					}
				},
				"empty_case": {
					"rotation": {
						"0.0": [0, 0, 0],
						"0.4583": [0, 0, 0],
						"0.5417": [0, 0, 0],
						"2.1667": [0, 0, 0],
						"3.125": [0, 0, 0]
					},
					"position": {
						"0.0": [0, 0, 0],
						"0.4583": [0, 0, 0],
						"0.5417": [0, 0, 0],
						"2.1667": [0, 0, 0],
						"3.125": [0, 0, 0]
					}
				},
				"ejector_rod": {
					"rotation": {
						"0.0": [0, 0, 180],
						"0.4583": [0, 0, 180],
						"0.5417": [0, 0, 180],
						"1.4583": [0, 0, 180],
						"1.5417": [0, 0, 130],
						"1.5833": [0, 0, 86.65],
						"1.75": [0, 0, 86.65],
						"1.7917": [0, 0, 0],
						"2.1667": [0, 0, 0],
						"3.375": [0, 0, 0]
					},
					"position": {
						"0.0": [0, 0, 0],
						"0.4583": [0, 0, 0],
						"0.5417": [0, 0, 0],
						"1.4583": [0, 0, 0],
						"1.5417": [0, 0, 0],
						"1.5833": [0, 0, 0],
						"1.75": [0, 0, 0],
						"1.7917": [0, 0, 0],
						"2.1667": [0, 0, 0],
						"3.375": [0, 0, 0]
					}
				},
				"bullet": {
					"rotation": {
						"0.0": [0, 0, 0],
						"0.4583": [0, 0, 0],
						"0.5417": [0, 0, 0],
						"2.1667": [0, 0, 0]
					},
					"position": {
						"0.0": [0, 0, 0],
						"0.4583": [0, 0, 0],
						"0.5417": [0, 0, 0],
						"2.1667": [0, 0, 0]
					},
					"scale": {
						"0.0": [0, 0, 0],
						"0.4583": [0, 0, 0],
						"0.5417": [0, 0, 0],
						"2.1667": [0, 0, 0]
					}
				},
				"camera": {
					"rotation": {
						"0.0": [1.8, 0, 0],
						"0.1667": [1.3504, 0, -0.2],
						"0.4583": [1.8, 0, 0],
						"0.5417": [1.8, 0, 0],
						"0.6667": [1.8, 0, 0],
						"0.7917": [2, 0, 0.1],
						"0.875": [2, 0, -0.15],
						"1.0417": [1.8, 0, 0],
						"1.375": [1.8, 0, 0],
						"1.625": [2, -0.03315, -0.1],
						"1.75": [2, -0.03315, -0.1],
						"1.8333": [2.4, -0.03315, -0.7],
						"2.1667": [2.4, -0.03315, -0.7],
						"2.4583": [1.19591, -0.3, 0.3],
						"2.6667": [1.8, 0, 0],
						"3.2083": [0, 0, 0]
					},
					"position": {
						"0.0": [0, 0, 0],
						"0.4583": [0, 0, 0],
						"0.5417": [0, 0, 0],
						"0.6667": [0, 0, 0],
						"1.0417": [0, 0, 0],
						"1.375": [0, 0, 0],
						"2.6667": [0, 0, 0],
						"3.2083": [0, 0, 0]
					}
				},
				"idle_view": {
					"rotation": {
						"0.0": [1.8, 0, 0],
						"0.1667": [1.3504, 0, -0.2],
						"0.4583": [1.8, 0, 0],
						"0.5417": [1.8, 0, 0],
						"0.6667": [1.8, 0, 0],
						"0.7917": [2, 0, 0.1],
						"0.875": [2, 0, -0.15],
						"1.0417": [1.8, 0, 0],
						"1.375": [1.8, 0, 0],
						"1.625": [2, -0.03315, -0.1],
						"1.75": [2, -0.03315, -0.1],
						"1.8333": [2.6, -0.03315, -0.6],
						"1.9167": [2.4, -0.03315, -0.4],
						"2.1667": [2.4, -0.03315, -0.4],
						"2.4583": [1.19591, -0.3, 0.3],
						"2.6667": [1.8, 0, 0],
						"3.2083": [0, 0, 0]
					},
					"position": {
						"0.0": [0, 0, 0],
						"0.4583": [0, 0, 0],
						"0.5417": [0, 0, 0],
						"0.6667": [0, 0, 0],
						"1.0417": [0, 0, 0],
						"1.375": [0, 0, 0],
						"2.6667": [0, 0, 0],
						"3.2083": [0, 0, 0]
					}
				}
			},
			"sound_effects": {
				"0.0": {
					"effect": "antiques:swiss78/reload_end/swiss78_reload_end0"
				},
				"0.0833": {
					"effect": "antiques:swiss78/reload_end/swiss78_reload_end1"
				},
				"0.5": {
					"effect": "antiques:swiss78/reload_end/swiss78_reload_end2"
				},
				"1.0": {
					"effect": "antiques:swiss78/reload_end/swiss78_reload_end3"
				},
				"2.0": {
					"effect": "antiques:swiss78/reload_end/swiss78_reload_end4"
				},
				"2.7917": {
					"effect": "antiques:swiss78/reload_end/swiss78_reload_end5"
				}
			}
		},
		"run_start": {
			"animation_length": 0.4167,
			"bones": {
				"root": {
					"rotation": {
						"0.0": [0, 0, 0],
						"0.125": [-0.08, -1.52, -11.91],
						"0.375": [11.50306, -7.42908, 10.43154]
					},
					"position": {
						"0.0": [0, 0, 0],
						"0.0417": [-0.16, -0.3, 0],
						"0.2083": [-1.1, -2.4, 0],
						"0.3333": [-1.1, -3.8, 0]
					}
				},
				"weapon_positioning": {
					"rotation": {
						"0.0": [0, 0, 0],
						"0.25": [0.27, -2.11, 0.92]
					},
					"position": {
						"0.0": [0, 0, 0],
						"0.375": [-0.2, 0.4, 0]
					}
				}
			}
		},
		"run": {
			"loop": true,
			"animation_length": 0.6667,
			"bones": {
				"root": {
					"rotation": [11.50306, -7.42908, 10.43154],
					"position": [-1.1, -3.8, 0]
				},
				"weapon_positioning": {
					"rotation": {
						"0.0": [0.27, -2.11, 0.92],
						"0.1667": [0.84406, -0.96113, -0.20008],
						"0.25": [-1.03258, -1.37687, -0.44022],
						"0.3333": [-2.03164, -1.42175, -0.6393],
						"0.4583": [1.71785, -1.33002, -3.37798],
						"0.5417": [-1.04995, -0.91966, -0.71335],
						"0.6667": [-0.17, -1.71, 0.38]
					},
					"position": {
						"0.0": [-0.2, 0.4, 0],
						"0.0833": [0, -0.1, 0],
						"0.25": [0, 0.2, 0],
						"0.2917": [0, 0.2, 0],
						"0.4167": [0, -0.1, 0],
						"0.5417": [0, 0.2, 0],
						"0.6667": [-0.13, 0.33, 0]
					}
				}
			}
		},
		"run_hold": {
			"loop": true,
			"bones": {
				"root": {
					"rotation": [11.50306, -7.42908, 10.43154],
					"position": [-1.1, -3.8, 0]
				},
				"weapon_positioning": {
					"rotation": [0.27, -2.11, 0.92],
					"position": [-0.2, 0.4, 0]
				}
			}
		},
		"run_end": {
			"animation_length": 0.4583,
			"bones": {
				"root": {
					"rotation": {
						"0.0": [11.50306, -7.42908, 10.43154],
						"0.125": [11.56905, -6.06325, 15.86119],
						"0.2083": [7.54, -2.13, 2.45],
						"0.2917": [2.0003, -0.0349, -0.99939],
						"0.375": [0, 0, 0]
					},
					"position": {
						"0.0": [-1.1, -3.8, 0],
						"0.125": [-0.86, -0.16, 0],
						"0.2083": [-0.52, 0.3, 0],
						"0.2917": [0, 0.3, 0],
						"0.375": [0, 0, 0]
					}
				}
			}
		},
		"walk_aiming": {
			"loop": true,
			"animation_length": 1,
			"bones": {
				"root": {
					"rotation": {
						"0.0": [0, 0, 0],
						"0.1667": [-0.29, -0.48, -0.32],
						"0.25": [0.55, -0.01, -0.75],
						"0.4583": [0.92, 0.2, -0.94],
						"0.5417": [0.16, 0.87, -1],
						"0.6667": [-0.67, 0.95, -1.06],
						"0.9167": [0.93, 0.44, -0.26],
						"1.0": [0.23, 0.11, -0.07]
					},
					"position": {
						"0.0": [0, 0, 0],
						"0.2083": [0, -0.01, 0],
						"0.3333": [0, -0.05, 0],
						"0.5417": [0, 0.09, 0],
						"0.5833": [0, 0.11, 0],
						"0.7917": [-0.02, -0.05, 0],
						"1.0": [0, -0.02, 0]
					}
				},
				"constraint": {
					"rotation": [1, 1, 1],
					"position": [1, 1, 1]
				}
			}
		},
		"walk_forward": {
			"loop": true,
			"animation_length": 1,
			"bones": {
				"root": {
					"rotation": {
						"0.0": [0, 0, 0],
						"0.1667": [-1.08, -1.34, 1.56],
						"0.2083": [-2.08, -1.35, 1.36],
						"0.4167": [-0.06, -0.37, -1.63],
						"0.5": [1.67, 0.61, -1.32],
						"0.6667": [-1.05, 1.08, -0.75],
						"0.75": [-2.34, 1.12, -1.18],
						"0.9167": [0.17, 0.29, -0.55],
						"0.9583": [0.75, 0.12, 0.67],
						"1.0": [0.38, 0.06, 0.34]
					},
					"position": {
						"0.0": [0, 0, 0],
						"0.1667": [0, 0.2, 0],
						"0.4167": [0, -0.1, 0],
						"0.6667": [0, 0.2, 0],
						"0.7917": [-0.1, -0.1, 0],
						"1.0": [-0.04, -0.06, 0]
					}
				},
				"constraint": {
					"rotation": [0, 0, 0],
					"position": [0, 0, 0]
				}
			}
		},
		"walk_sideway": {
			"loop": true,
			"animation_length": 1,
			"bones": {
				"root": {
					"rotation": {
						"0.0": [0, 0, 0],
						"0.1667": [0.92, -1.34, 1.56],
						"0.2083": [-0.08, -1.35, 1.36],
						"0.4167": [1.94, -0.37, -1.63],
						"0.5": [3.67, 0.61, -1.32],
						"0.6667": [0.95, 1.08, -0.75],
						"0.75": [-0.34, 1.12, -1.18],
						"0.9167": [2.17, 0.29, -0.55],
						"1.0": [2.09, 0.14, -0.28]
					},
					"position": {
						"0.0": [0, 0, 0],
						"0.1667": [0, 0.2, 0],
						"0.4167": [0, -0.1, 0],
						"0.6667": [0, 0.2, 0],
						"0.9167": [0, 0.32, 0],
						"1.0": [0, 0.03, 0]
					}
				},
				"constraint": {
					"rotation": [0, 0, 0],
					"position": [0, 0, 0]
				}
			}
		},
		"walk_backward": {
			"loop": true,
			"animation_length": 1,
			"bones": {
				"root": {
					"rotation": {
						"0.0": [2, 0, 0],
						"0.1667": [0.92, -1.34, 1.56],
						"0.2083": [-0.08, -1.35, 1.36],
						"0.4167": [1.94, -0.37, -1.63],
						"0.5": [3.67, 0.61, -1.32],
						"0.6667": [0.95, 1.08, -0.75],
						"0.75": [-0.34, 1.12, -1.18],
						"0.9167": [2.17, 0.29, -0.55],
						"1.0": [2.09, 0.14, -0.28]
					},
					"position": {
						"0.0": [0, 0, 0],
						"0.1667": [0, 0.2, 0],
						"0.4167": [0, -0.1, 0],
						"0.6667": [0, 0.2, 0],
						"0.9167": [0, 0.32, 0],
						"1.0": [0, 0.03, 0]
					}
				},
				"constraint": {
					"rotation": [0, 0, 0],
					"position": [0, 0, 0]
				}
			}
		},
		"melee_push": {
			"animation_length": 2.0833,
			"bones": {
				"swiss78": {
					"rotation": {
						"0.0": [0, 0, 0],
						"0.125": [-0.08, -1.52, -11.91],
						"0.25": [15.50306, -7.42908, 10.43154],
						"0.3333": [21.30316, -9.08996, 11.94431],
						"0.4167": [24.01547, -8.07854, 6.87036],
						"0.5": [23.83444, -7.49014, 8.23503],
						"0.7083": [23.83, -7.49, 8.24],
						"0.7917": [-29.30105, 10.42249, 56.56697],
						"0.9167": [-35.30105, 10.42249, 56.56697],
						"1.0417": [-35.3, 10.42, 56.57],
						"1.4167": [-15.21, 2.23, 29.52],
						"1.5833": [2.00588, -4.79858, 6.33145],
						"1.7917": [-2, -3, -6],
						"2.0833": [0, 0, 0]
					},
					"position": {
						"0.0": [0, 0, 0],
						"0.0417": [-0.16, -0.3, 0],
						"0.1667": [-1.9, -2.4, 1.3],
						"0.25": [-2.8, -3.8, 2.6],
						"0.375": [-3.8, -6.1, 2.6],
						"0.7083": [-3.8, -6.1, 2.6],
						"0.7917": [3.6, 0, -6],
						"0.875": [4.6, 0.4, -6.6],
						"1.125": [4.6, 0.4, -6.6],
						"1.3333": [2.68, -1.37, -3.85],
						"1.5": [1.15, -1.59, -1.65],
						"1.7083": [-0.12, -0.96, -0.69],
						"2.0": [0, 0, 0]
					}
				},
				"righthand": {
					"rotation": [98.06931, 370.26431, -172.61876],
					"position": [10.1, -5, 36.1],
					"scale": [1, 1.5, 1]
				},
				"lefthand": {
					"rotation": {
						"0.0": [110.94659, 362.56925, -234.70137],
						"0.2083": [110.94659, 362.56925, -234.70137],
						"0.3333": [112.075, 375.95046, -269.57844],
						"0.4583": [112.89, 381.22, -281.11],
						"0.6667": [111.67309, 394.11017, -292.78621],
						"0.7917": [110.94659, 362.56925, -234.70137]
					},
					"position": {
						"0.0": [-1.24, -17.24, 45.46],
						"0.2083": [-1.24, -17.24, 45.46],
						"0.3333": [9.46, -11.94, 27.96],
						"0.4583": [10.31, -9.29, 18.41],
						"0.6667": [13.66, -7.44, 14.06],
						"0.7917": [-1.24, -17.24, 45.46]
					},
					"scale": [1, 1.5, 1]
				},
				"constraint": {
					"rotation": [1, 1, 1],
					"position": [1, 1, 1]
				},
				"weapon_positioning": {
					"rotation": {
						"0.0": [0, 0, 0],
						"0.2917": [0, 4, 0],
						"0.7083": [0, 4, 0],
						"0.7917": [-21.18017, -10.66044, 7.4543],
						"0.9167": [-16.82829, -9.54776, 10.31474],
						"1.0417": [-14.04, -9.87, 8.29],
						"1.2083": [-8.45748, -10.52913, 4.23895],
						"1.4167": [5.15646, -5.6104, -4.59158],
						"1.625": [8.20991, -2.40446, -1.96782],
						"1.8333": [0, 0, 0]
					},
					"position": {
						"0.0": [0, 0, 0],
						"0.2917": [-2.2, 0, 0],
						"0.7083": [-2.2, 0, 0],
						"0.7917": [-2.2, 2.5, 0],
						"0.9167": [-1.87, 1.55, 0],
						"1.125": [-1.32, 0.97, 0],
						"1.3333": [-0.77, 0.39, 0],
						"1.5": [-0.11, -0.31, 0],
						"1.7917": [0, 0, 0]
					}
				},
				"swiss78_default": {
					"rotation": {
						"0.0": [0, 0, 0],
						"0.7083": [0, 0, 0],
						"0.7917": [-8.58449, -8.68178, 10.26602],
						"1.125": [-8.58449, -8.68178, 10.26602],
						"1.3333": [-6.58141, -9.12994, 15.51174],
						"1.5417": [0, 0, 0]
					},
					"position": {
						"0.0": [0, 0, 0],
						"0.7083": [0, 0, 0],
						"0.7917": [1.5, -0.3, 0],
						"1.125": [1.5, -0.3, 0],
						"1.3333": [1.18, -0.18, 0],
						"1.5417": [0, 0, 0]
					}
				},
				"camera": {
					"rotation": {
						"0.0": [0, 0, 0],
						"0.125": [0.4, 0.1, -0.5],
						"0.2917": [1.9645, 0.3, -1.0349],
						"0.5": [1.96541, 0, -0.99937],
						"0.625": [2, -0.07099, -1],
						"0.7083": [2, -0.07, -1],
						"0.875": [-2.01942, -1.92458, 1.10257],
						"1.125": [-0.0168, -0.9301, 0.9977],
						"1.3333": [0.5, -0.2, 0.5],
						"1.5": [0.8, -0.13, 0.32],
						"1.7917": [0, 0, 0]
					},
					"position": {
						"0.0": [0, 0, 0],
						"0.125": [0, 0, 0],
						"0.7083": [0, 0, 0],
						"0.875": [0, 0, 0],
						"1.125": [0, 0, 0],
						"1.3333": [0, 0, 0],
						"1.7917": [0, 0, 0]
					}
				},
				"idle_view": {
					"rotation": {
						"0.0": [0, 0, 0],
						"0.125": [0.4, 0.1, -0.5],
						"0.2917": [1.9645, 0.3, -1.0349],
						"0.5": [1.96541, 0, -0.99937],
						"0.625": [2, -0.07099, -1],
						"0.7083": [2, -0.07, -1],
						"0.875": [-2.01942, -1.92458, 1.10257],
						"1.125": [-0.0168, -0.9301, 0.9977],
						"1.3333": [0.5, -0.2, 0.5],
						"1.5": [0.8, -0.13, 0.32],
						"1.7917": [0, 0, 0]
					},
					"position": {
						"0.0": [0, 0, 0],
						"0.125": [0, 0, 0],
						"0.7083": [0, 0, 0],
						"0.875": [0, 0, 0],
						"1.125": [0, 0, 0],
						"1.3333": [0, 0, 0],
						"1.7917": [0, 0, 0]
					}
				},
				"root": {
					"rotation": {
						"0.0": [0, 0, 0],
						"0.2083": [-7, 0, 0],
						"0.4583": [-5.36, 0, 0],
						"0.6667": [-4.00547, 2.99269, -0.20946],
						"0.7917": [0, 0, 0]
					},
					"position": {
						"0.0": [0, 0, 0],
						"0.4583": [0, 0.8, 0],
						"0.6667": [0, 0.8, 0],
						"0.7917": [0, 0, 0]
					}
				}
			}
		}
	}
}