{
	"format_version": "1.8.0",
	"animations": {
		"idle": {
			"loop": true,
			"animation_length": 16.8,
			"bones": {
				"root": {
					"rotation": {
						"0.0": [0, 0, 0],
						"1.1": [0, 0.2, 0.2],
						"2.2": [0, -0.5, 0.3],
						"3.1": [0, -0.35, 0.15],
						"3.4": [-0.2, -0.21, -0.04],
						"3.8": [-0.96189, -0.02589, -0.8],
						"4.3": [-1.05184, -0.00945, -0.72368],
						"4.6": [-1.05, -0.01, -0.72],
						"5.0": [-0.8, -0.01, 0.3],
						"5.5": [-0.49222, 0.01103, 1.66146],
						"6.3": [0, 0, 0],
						"6.8": [0, 0, 0],
						"7.0": [0, 0, 0],
						"9.5": [0, 0, 0]
					},
					"position": {
						"0.0": [0, 0, 0],
						"1.1": [0, -0.05, 0],
						"1.6": [0, -0.05, 0],
						"2.7": [0, -0.03, 0],
						"3.4": [0, -0.04, 0],
						"3.8": [0, 0.1, 0],
						"4.1": [0, 0.15, 0],
						"4.4": [0, 0.18, 0],
						"4.6": [0, 0.2, 0],
						"5.0": [0, 0.1, 0],
						"5.6": [0, -0.06, 0],
						"5.8": [0, -0.08, 0],
						"6.3": [0, 0, 0],
						"6.8": [0, 0.025, 0],
						"7.0": [0, 0, 0],
						"8.0": [-0.01, -0.02, 0],
						"9.5": [0, 0, 0]
					}
				},
				"constraint": {
					"rotation": [0.6, 0.6, 0.6],
					"position": [0.6, 0.6, 0.6]
				},
				"weapon_positioning": {
					"rotation": {
						"0.0": [0, 0, 0],
						"0.4": [-0.04, -0.31, -0.4],
						"0.9": [-0.36, -0.31, -0.79],
						"1.3": [-0.3, -0.26, -0.22],
						"1.6": [-0.32, -0.19, 0.35],
						"2.0": [-0.21, -0.12, 0.26],
						"2.3": [-0.19, -0.03, 0.07],
						"2.7": [-0.24, 0.04, -0.07],
						"3.6": [-0.11, 0.03, 0.23],
						"4.2": [0, 0, 0],
						"4.6": [-0.04, -0.31, -0.4],
						"5.1": [-0.36, -0.31, -0.79],
						"5.5": [-0.3, -0.26, -0.22],
						"5.8": [-0.32, -0.19, 0.35],
						"6.2": [-0.21, -0.12, 0.26],
						"6.5": [-0.19, -0.03, 0.07],
						"6.9": [-0.24, 0.04, -0.07],
						"7.8": [-0.11, 0.03, 0.23],
						"8.4": [0, 0, 0],
						"8.8": [-0.04, -0.31, -0.4],
						"9.3": [-0.36, -0.31, -0.79],
						"9.7": [-0.3, -0.26, -0.22],
						"10.0": [-0.32, -0.19, 0.35],
						"10.4": [-0.21, -0.12, 0.26],
						"10.7": [-0.19, -0.03, 0.07],
						"11.1": [-0.24, 0.04, -0.07],
						"12.0": [-0.11, 0.03, 0.23],
						"12.6": [0, 0, 0],
						"13.0": [-0.04, -0.31, -0.4],
						"13.5": [-0.36, -0.31, -0.79],
						"13.9": [-0.3, -0.26, -0.22],
						"14.2": [-0.32, -0.19, 0.35],
						"14.6": [-0.21, -0.12, 0.26],
						"14.9": [-0.19, -0.03, 0.07],
						"15.3": [-0.24, 0.04, -0.07],
						"16.2": [-0.11, 0.03, 0.23],
						"16.8": [0, 0, 0]
					},
					"position": {
						"0.0": [0, 0, 0],
						"1.6": [-0.05, -0.02, 0],
						"3.7": [-0.03, -0.01, 0],
						"4.2": [0, 0, 0],
						"5.8": [-0.05, -0.02, 0],
						"7.9": [-0.03, -0.01, 0],
						"8.4": [0, 0, 0],
						"10.0": [-0.05, -0.02, 0],
						"12.1": [-0.03, -0.01, 0],
						"12.6": [0, 0, 0],
						"14.2": [-0.05, -0.02, 0],
						"16.3": [-0.03, -0.01, 0],
						"16.8": [0, 0, 0]
					}
				}
			}
		},
		"static_idle": {
			"loop": true,
			"bones": {
				"vtterli_kar71": {
					"rotation": [4.95, 0.8, 4],
					"position": [0.3, -1.1, 0.1]
				},
				"firing_pin": {
					"rotation": [0, 0, 0],
					"position": [0, 0, 0]
				},
				"constraint": {
					"rotation": [0, 0, 0],
					"position": [0, 0, 0]
				},
				"righthand": {
					"rotation": [120.87, 365.89, -152.95],
					"position": [7.7, -10, 36.5],
					"scale": [1, 1.5, 1]
				},
				"lefthand": {
					"rotation": [105.4, 312.26, -133.79],
					"position": [-7.04, -4.04, 27.66],
					"scale": [1, 1.5, 1]
				},
				"weapon_positioning": {
					"rotation": [-4.9, -1.14, -3.8],
					"position": [-0.38, 1.08, -0.01]
				}
			}
		},
		"static_bolt_caught": {
			"loop": true,
			"bones": {
				"vtterli_kar71": {
					"rotation": [4.95, 0.8, 4],
					"position": [0.3, -1.1, 0.1]
				},
				"firing_pin": {
					"rotation": [0, 0, 0],
					"position": [0, 0, -0.3]
				},
				"constraint": {
					"rotation": [0, 0, 0],
					"position": [0, 0, 0]
				},
				"righthand": {
					"rotation": [120.87, 365.89, -152.95],
					"position": [7.7, -10, 36.5],
					"scale": [1, 1.5, 1]
				},
				"lefthand": {
					"rotation": [105.4, 312.26, -133.79],
					"position": [-7.04, -4.04, 27.66],
					"scale": [1, 1.5, 1]
				},
				"weapon_positioning": {
					"rotation": [-4.9, -1.14, -3.8],
					"position": [-0.38, 1.08, -0.01]
				}
			}
		},
		"slide": {
			"loop": true,
			"animation_length": 1.0833,
			"bones": {
				"root": {
					"rotation": {
						"0.0": [0, 0, 0],
						"0.125": [-1.99535, 0.85991, -0.92128],
						"0.3333": [-0.80012, 0.9999, 5.42604],
						"0.4583": [0.65925, 0.41153, 8.36971],
						"0.6667": [-0.32, 0.4, 6.37]
					},
					"position": {
						"0.0": [0, 0, 0],
						"0.2083": [0, 1.5, 0.8],
						"0.3333": [0, 2, 1.9],
						"0.4583": [0, 1.9, 1.9],
						"0.625": [0, 1.8, 1.9]
					}
				},
				"constraint": {
					"rotation": [0.01, 0.01, 0.01],
					"position": [0.01, 0.01, 0.01]
				},
				"front_sling": {
					"rotation": {
						"0.0": [0, 0, 0],
						"0.0833": [0, -19, 0],
						"0.2083": [0, 36, 0],
						"0.2917": [0, 130, 0],
						"0.375": [0, 141, 0],
						"0.4583": [0, 150, 0],
						"0.6667": [0, 41, 0],
						"0.75": [0, 26, 0],
						"0.875": [0, 103, 0],
						"0.9583": [0, 116, 0],
						"1.0833": [0, 93, 0]
					},
					"position": {
						"0.0": [0, 0, 0],
						"0.0833": [0, 0, 0],
						"1.0833": [0, 0, 0]
					}
				}
			}
		},
		"slide_idle": {
			"loop": true,
			"animation_length": 1.5,
			"bones": {
				"root": {
					"rotation": [-0.32, 0.4, 6.37],
					"position": [0, 1.8, 1.9]
				},
				"front_sling": {
					"rotation": {
						"0.0": [0, 93, 0],
						"0.5": [0, 91, 0],
						"0.75": [0, 90, 0],
						"1.5": [0, 93, 0]
					},
					"position": {
						"0.0": [0, 0, 0],
						"1.5": [0, 0, 0]
					}
				}
			}
		},
		"slide_back": {
			"loop": true,
			"animation_length": 1,
			"bones": {
				"root": {
					"rotation": {
						"0.0": [-0.32, 0.4, 6.37],
						"0.125": [-3.26667, 0, 5.30833],
						"0.2917": [-1.30852, -0.4, -2.28036],
						"0.4583": [0, 0, 0]
					},
					"position": {
						"0.0": [0, 1.8, 1.9],
						"0.1667": [0, 0.58, 0.67],
						"0.25": [0, -0.29, 0.47],
						"0.3333": [0, -0.59, 0.47],
						"0.5417": [0, 0, 0]
					}
				},
				"front_sling": {
					"rotation": {
						"0.0": [0, 93, 0],
						"0.125": [0, 142, 0],
						"0.25": [0, 168, 0],
						"0.4583": [0, 13, 0],
						"0.5833": [0, -17, 0],
						"0.7083": [0, 6, 0],
						"0.8333": [0, -11.25, 0],
						"1.0": [0, 0, 0]
					},
					"position": [0, 0, 0]
				}
			}
		},
		"draw": {
			"animation_length": 2.7083,
			"bones": {
				"vtterli_kar71": {
					"rotation": {
						"0.0": [25.90357, 21.74341, -33.10398],
						"0.0417": [25.90357, 21.74341, -33.10398],
						"0.1667": [13.43, 14.67, -25.67],
						"0.2917": [3.95836, 7.59263, -18.2281],
						"0.375": [6.30054, 5.0759, -10.48158],
						"0.5417": [15.37818, -0.72772, 1.15073],
						"0.625": [13.77, -1.39, 5.52],
						"0.7083": [12.31684, -0.1, 3.05575],
						"0.875": [14.15647, 1.5, 0.40799],
						"1.0833": [10.74, 3.38, -0.62],
						"1.25": [6.74, 3.38, -0.62],
						"1.2917": [6.74, 3.38, -0.62],
						"1.375": [3.40062, 3.71417, -5.9583],
						"1.625": [5.91, 3.6, -3.83],
						"1.75": [9.64, 2.13, 5.39],
						"1.875": [6.56091, 2.45, -3.03614],
						"2.0": [7.3, 2.39, -1.38],
						"2.2083": [9.69, 2.58, 2.99],
						"2.3333": [10, 1.1, 5.09004],
						"2.5833": [4.95, 0.8, 4]
					},
					"position": {
						"0.0": [-4.65, -7.31, 10.83],
						"0.0417": [-4.65, -7.31, 10.83],
						"0.1667": [-1.57, -2.68, 1.81],
						"0.2917": [0.1, -1.15, 0.8],
						"0.4583": [0.07, -0.45, 0.97],
						"0.625": [0.07, -1.65, 0.4],
						"0.7083": [0.07, -1.58, 0.4],
						"0.9167": [0.07, -0.98, 0.4],
						"1.0833": [0.23, -1.5, -0.4],
						"1.25": [0.23, -2.1, -0.8],
						"1.3333": [0.23, -1.8, -0.5],
						"1.375": [0.2, -2, 0.1],
						"1.4583": [0.2, -1.6, -0.3],
						"1.625": [0.2, -1.4, -0.3],
						"1.7083": [0.2, -1.4, 0.1],
						"1.7917": [0.2, -1.4, 0],
						"1.875": [0.3, -1.6, 0],
						"2.0": [0.3, -1.7, 0],
						"2.1667": [0.4, -1.61, 0.13],
						"2.4167": [0.2, -0.8, 0.1],
						"2.5833": [0.3, -1.1, 0.1]
					}
				},
				"righthand": {
					"rotation": {
						"0.0": [120.87, 365.89, -152.95],
						"0.7917": [120.87, 365.89, -152.95],
						"0.9583": [118.27276, 362.94864, -150.03849],
						"1.0833": [121.90633, 365.13269, -143.99887],
						"1.125": [121.90633, 365.13269, -143.99887],
						"1.25": [121.91, 365.13, -144],
						"1.2917": [121.91, 365.13, -144],
						"1.3333": [127.91, 365.13, -144],
						"1.5833": [127.91, 365.13, -144],
						"1.7083": [121.91, 365.13, -144],
						"1.75": [121.91, 365.13, -144],
						"1.8333": [121.90633, 365.13269, -143.99887],
						"2.0": [120.87, 365.89, -152.95],
						"2.5833": [120.87, 365.89, -152.95]
					},
					"position": {
						"0.0": [7.7, -10, 36.5],
						"0.7917": [7.7, -10, 36.5],
						"0.9583": [4.65, -10.3, 34.4],
						"1.0833": [3, -10.6, 32.3],
						"1.125": [3, -10.6, 32.3],
						"1.25": [2.2, -9.1, 32.3],
						"1.2917": [2.2, -9.1, 32.3],
						"1.3333": [1.4, -10.3, 34],
						"1.5833": [1.4, -10.3, 34],
						"1.7083": [2.2, -9.1, 32.3],
						"1.75": [2.2, -9.1, 32.3],
						"1.8333": [3.1, -10.6, 32.3],
						"2.0": [7.7, -10, 36.5],
						"2.5833": [7.7, -10, 36.5]
					},
					"scale": [1, 1.5, 1]
				},
				"lefthand": {
					"rotation": {
						"0.0": [90.65155, 332.91208, -125.20508],
						"0.125": [90.65155, 332.91208, -125.20508],
						"0.25": [90.65155, 332.91208, -125.20508],
						"0.4167": [90.70297, 324.69495, -122.19025],
						"0.5417": [105.4, 312.26, -133.79],
						"0.5833": [105.4, 312.26, -133.79],
						"2.0": [105.4, 312.26, -133.79],
						"2.25": [103.4, 312.26, -133.79],
						"2.5833": [105.4, 312.26, -133.79]
					},
					"position": {
						"0.0": [-6.54, 1.16, 29.46],
						"0.125": [-6.54, 1.16, 29.46],
						"0.4167": [-5.28, 1.63, 29.46],
						"0.5417": [-7.04, -4.04, 27.66],
						"0.5833": [-7.04, -4.04, 27.66],
						"2.0": [-7.04, -4.04, 27.66],
						"2.25": [-6.94, -3.84, 27.66],
						"2.5833": [-7.04, -4.04, 27.66]
					},
					"scale": [1, 1.5, 1]
				},
				"root": {
					"rotation": {
						"0.9167": [3.5, -1.8, 3.00046],
						"1.25": [8.62052, -0.76807, -2.91627],
						"2.0": [8.54684, -1.36532, 1.0396],
						"2.25": [6.53195, -1.86364, 4.73156],
						"2.5833": [0, 0, 0]
					},
					"position": {
						"0.9167": [0.2, -0.2, -0.5],
						"1.25": [0.1, 0.8, 0],
						"2.0": [0.1, 0.8, 0],
						"2.25": [0.3, 0.44, 0],
						"2.5833": [0, 0, 0]
					}
				},
				"bolt": {
					"rotation": {
						"1.125": [0, 0, 0],
						"1.25": [0, 0, 45],
						"1.2917": [0, 0, 45],
						"1.3333": [0, 0, 45],
						"1.5833": [0, 0, 45],
						"1.7083": [0, 0, 45],
						"1.75": [0, 0, 45],
						"1.8333": [0, 0, 0],
						"2.5833": [0, 0, 0]
					},
					"position": {
						"1.125": [0, 0, 0],
						"1.25": [0, 0, 0],
						"1.2917": [0, 0, 0],
						"1.3333": [0, 0, 3.5],
						"1.5833": [0, 0, 3.5],
						"1.625": [0, 0, 2.5],
						"1.7083": [0, 0, 0],
						"1.75": [0, 0, 0],
						"1.8333": [0, 0, 0],
						"2.5833": [0, 0, 0]
					}
				},
				"bolt_body": {
					"rotation": {
						"1.2917": [0, 0, 0],
						"1.3333": [0, 0, 0],
						"1.5833": [0, 0, 0],
						"1.7083": [0, 0, 0],
						"2.5833": [0, 0, 0]
					},
					"position": {
						"1.2917": [0, 0, 0],
						"1.3333": [0, 0, 3.5],
						"1.5833": [0, 0, 3.5],
						"1.625": [0, 0, 2.53],
						"1.7083": [0, 0, 0],
						"2.5833": [0, 0, 0]
					}
				},
				"lifter": {
					"rotation": {
						"1.2917": [0, 0, 0],
						"1.3333": [0, 0, 0],
						"1.4583": [0, 0, 0],
						"1.5833": [0, 0, 0],
						"1.7083": [0, 0, 0],
						"1.7917": [0, 0, 0],
						"2.5833": [0, 0, 0]
					},
					"position": {
						"1.2917": [0, 0, 0],
						"1.3333": [0, 1, 0],
						"1.4167": [0, 0.9, 0],
						"1.4583": [0, 0.9, 0],
						"1.5833": [0, 0.9, 0],
						"1.6667": [0, 0.9, 0],
						"1.7083": [0, 0.7, 0],
						"1.7917": [0, 0, 0],
						"2.5833": [0, 0, 0]
					}
				},
				"front_sling": {
					"rotation": {
						"0.0": [0, 0, 0],
						"0.0417": [0, 0, 0],
						"0.375": [0, -13.63, 0],
						"0.7083": [0, 169, 0],
						"0.875": [0, 79, 0],
						"0.9583": [0, 45, 0],
						"1.0833": [0, 117, 0],
						"1.25": [0, 139, 0],
						"1.2917": [0, 139, 0],
						"1.375": [0, 32, 0],
						"1.4583": [0, 62.67, 0],
						"1.5833": [0, 124, 0],
						"1.625": [0, 133, 0],
						"1.75": [0, 61, 0],
						"1.8333": [0, 37, 0],
						"2.0": [0, 83, 0],
						"2.125": [0, 117, 0],
						"2.25": [0, 95, 0],
						"2.375": [0, 77, 0],
						"2.5833": [0, 0, 0]
					},
					"position": {
						"0.0": [0, 0, 0],
						"0.0417": [0, 0, 0],
						"0.375": [0, 0, 0],
						"0.7083": [0, 0, 0],
						"0.875": [0, 0, 0],
						"1.2917": [0, 0, 0],
						"1.625": [0, 0, 0],
						"2.5833": [0, 0, 0]
					}
				},
				"constraint": {
					"rotation": {
						"0.0": [0, 0, 0],
						"0.2917": [0.8, 0, 0.7],
						"2.3333": [0.8, 0, 0.7],
						"2.5833": [0, 0, 0]
					},
					"position": {
						"0.0": [0.3, 0.3, 0.3],
						"0.2917": [0, 1, 0],
						"2.3333": [0, 1, 0],
						"2.5833": [0, 0, 0]
					}
				},
				"camera": {
					"rotation": {
						"0.0": [0, 0, 0],
						"0.5": [0, 0, 0],
						"0.5833": [0.15, 0, 0],
						"0.7083": [0, 0, 0],
						"0.9583": [0, 0, 0],
						"1.0833": [0, 0, -0.3],
						"1.125": [0, 0, -0.3],
						"1.25": [0, 0, -0.17],
						"1.2917": [0, 0, -0.17],
						"1.375": [0.5, 0, -0.3],
						"1.4583": [0.1, 0, -0.1],
						"1.5833": [0.1, 0, -0.1],
						"1.7083": [0, 0, -0.3],
						"1.75": [0, 0, -0.3],
						"1.8333": [0.3, 0, -0.5],
						"2.0": [0, 0, 0],
						"2.5833": [0, 0, 0]
					},
					"position": {
						"0.0": [0, 0, 0],
						"0.5": [0, 0, 0],
						"0.9583": [0, 0, 0],
						"1.0833": [0, 0, 0],
						"1.125": [0, 0, 0],
						"1.25": [0, 0, 0],
						"1.2917": [0, 0, 0],
						"1.375": [0, 0, 0],
						"1.5833": [0, 0, 0],
						"1.7083": [0, 0, 0],
						"1.75": [0, 0, 0],
						"1.8333": [0, 0, 0],
						"2.0": [0, 0, 0],
						"2.5833": [0, 0, 0]
					}
				},
				"firing_pin": {
					"rotation": {
						"0.0": [0, 0, 0],
						"0.875": [0, 0, 0],
						"1.2917": [0, 0, 0],
						"1.3333": [-8.00481, 1.98053, -0.27846],
						"1.375": [5, 0, 0],
						"1.4167": [-8, 0, 0],
						"1.4583": [0, 0, 0],
						"1.5833": [0, 0, 0],
						"1.7083": [0, 0, 0],
						"1.75": [0, 0, 0]
					},
					"position": {
						"0.0": [0, 0, 0],
						"0.875": [0, 0, 0],
						"1.2917": [0, 0, 0],
						"1.3333": [0, 0.4, 0],
						"1.375": [0, 0.2, 0],
						"1.4583": [0, 0, 0],
						"1.5833": [0, 0, 0],
						"1.625": [0, 0, 0],
						"1.6667": [0, 0.1, -1.3],
						"1.7083": [0, 0.25, -2.62],
						"1.75": {
							"pre": [0, 0.25, -2.62],
							"post": [0, 0, 0]
						}
					}
				},
				"weapon_positioning": {
					"rotation": [-4.9, -1.14, -3.8],
					"position": [-0.38, 1.08, -0.01]
				}
			},
			"sound_effects": {
				"0.0": {
					"effect": "vtterli_kar71_draw"
				}
			}
		},
		"shoot": {
			"animation_length": 0.7083,
			"bones": {
				"firing_pin": {
					"rotation": {
						"0.0": [0, 0, 0],
						"0.0417": [0, 0, 0]
					},
					"position": {
						"0.0": [0, 0, 0],
						"0.0417": {
							"pre": [0, 0, 0],
							"post": [0, 0, -0.3]
						}
					}
				},
				"constraint": {
					"rotation": {
						"0.0": [0.75, 0.75, 0.75],
						"0.4583": [0.75, 0.75, 0.75],
						"0.5833": [0.2, 0.2, 0.2],
						"0.7083": [0, 0, 0]
					},
					"position": {
						"0.0": [0.75, 0.75, 0.75],
						"0.4583": [0.75, 0.75, 0.75],
						"0.5833": [0.2, 0.2, 0.2],
						"0.7083": [0, 0, 0]
					}
				},
				"root": {
					"rotation": {
						"0.0": [0, 0, 0],
						"0.0417": [0, 0, 0],
						"0.0833": [-7.8, -0.37502, -8.3504],
						"0.25": [-2.30527, 0.42677, -9.62678],
						"0.375": [-0.16978, -1.2705, -5.58936],
						"0.5": [1.13, -0.82, -3.02],
						"0.7083": [0, 0, 0]
					},
					"position": {
						"0.0": [0, 0, 0],
						"0.0417": [0, 0, 0],
						"0.125": [0, 0.4, 1.2],
						"0.2083": [0, 0.51, 0.8],
						"0.2917": [0, 0.31, 0.6],
						"0.375": [0, -0.19, 0.25],
						"0.4583": [0, -0.49, 0],
						"0.5417": [0, -0.35, 0],
						"0.6667": [0, 0, 0],
						"0.7083": [0, 0, 0]
					}
				},
				"front_sling": {
					"rotation": {
						"0.0": [0, 0, 0],
						"0.0417": [0, 0, 0],
						"0.0833": [0, 66, 0],
						"0.1667": [0, 25, 0],
						"0.25": [0, -18, 0],
						"0.3333": [0, 36, 0],
						"0.4167": [0, -18, 0],
						"0.5": [0, 0, 0]
					},
					"position": {
						"0.0": [0, 0, 0],
						"0.0417": [0, 0, 0],
						"0.0833": [0, 0, 0],
						"0.5": [0, 0, 0]
					}
				},
				"camera": {
					"rotation": {
						"0.0": [0, 0, 0],
						"0.0417": [0, 0, 0],
						"0.0833": [-1.89, -0.29, -0.17],
						"0.2083": [-1.47, -0.78, -1.44],
						"0.375": [-0.37, -0.12, -0.45],
						"0.5": [0.84, -0.05, -0.19],
						"0.7083": [0, 0, 0]
					},
					"position": {
						"0.0": [0, 0, 0],
						"0.0417": [0, 0, 0],
						"0.0833": [-0.1, 0, 0],
						"0.7083": [0, 0, 0]
					}
				}
			},
			"sound_effects": {
				"0.0": {
					"effect": "vtterli_kar71_shoot"
				}
			}
		},
		"bolt": {
			"animation_length": 1.6667,
			"bones": {
				"vtterli_kar71": {
					"rotation": {
						"0.0": [4.95, 0.8, 4],
						"0.0417": [4.95, 0.8, 4],
						"0.25": [4.14, 3.09, -3.82],
						"0.4167": [6.74, 3.38, -0.62],
						"0.4583": [6.74, 3.38, -0.62],
						"0.5417": [3.40062, 3.71417, -5.9583],
						"0.75": [8.40968, 3.48284, -1.70197],
						"0.875": [10.88763, 1.63624, 8.46046],
						"0.9167": [12.13963, 1.55198, 8.87718],
						"1.0417": [7.78728, 2.27983, 1.92422],
						"1.125": [8.78728, 2.27983, 1.92422],
						"1.2917": [10.27323, 1.06136, 4.3805],
						"1.3333": [10.27323, 1.06136, 4.3805],
						"1.6667": [4.95, 0.8, 4]
					},
					"position": {
						"0.0": [0.3, -1.1, 0.1],
						"0.0417": [0.3, -1.1, 0.1],
						"0.2083": [0.3, -1.9, 0.1],
						"0.2917": [0.3, -1.8, 0.1],
						"0.4167": [0.23, -1.8, 0.1],
						"0.5": [0.23, -1.8, 0.1],
						"0.5417": [0.2, -2, 0.6],
						"0.625": [0.2, -1.6, 0.3],
						"0.75": [0.2, -1.4, 0.3],
						"0.8333": [0.2, -1.4, 0.1],
						"0.9167": [0.2, -1.4, 0],
						"1.0417": [0.3, -1.6, 0],
						"1.125": [0.3, -1.7, 0],
						"1.25": [0.4, -1.5, 0.05],
						"1.3333": [0.38, -1.35, 0.06],
						"1.5": [0.3, -0.9, 0.1],
						"1.625": [0.3, -1.1, 0.1]
					}
				},
				"bolt": {
					"rotation": {
						"0.0": [0, 0, 0],
						"0.2917": [0, 0, 0],
						"0.4167": [0, 0, 45],
						"0.4583": [0, 0, 45],
						"0.5": [0, 0, 45],
						"0.7083": [0, 0, 45],
						"0.8333": [0, 0, 45],
						"0.875": [0, 0, 45],
						"1.0": [0, 0, 0],
						"1.5": [0, 0, 0]
					},
					"position": {
						"0.0": [0, 0, 0],
						"0.2917": [0, 0, 0],
						"0.4167": [0, 0, 0],
						"0.4583": [0, 0, 0],
						"0.5": [0, 0, 3.5],
						"0.7083": [0, 0, 3.5],
						"0.75": [0, 0, 2.5],
						"0.8333": [0, 0, 0],
						"0.875": [0, 0, 0],
						"1.0": [0, 0, 0],
						"1.5": [0, 0, 0]
					}
				},
				"lifter": {
					"rotation": {
						"0.0": [0, 0, 0],
						"0.4583": [0, 0, 0],
						"0.5": [0, 0, 0],
						"0.625": [0, 0, 0],
						"0.7083": [0, 0, 0],
						"0.8333": [0, 0, 0],
						"0.9167": [0, 0, 0],
						"1.5": [0, 0, 0]
					},
					"position": {
						"0.0": [0, 0, 0],
						"0.4583": [0, 0, 0],
						"0.5": [0, 1, 0],
						"0.5833": [0, 0.9, 0],
						"0.625": [0, 0.9, 0],
						"0.7083": [0, 0.9, 0],
						"0.7917": [0, 0.9, 0],
						"0.8333": [0, 0.7, 0],
						"0.9167": [0, 0, 0],
						"1.5": [0, 0, 0]
					}
				},
				"bullet_in_barrel": {
					"rotation": {
						"0.0": [0, 0, 0],
						"0.4583": [0, 0, 0],
						"1.2917": [0, 996.19, 0],
						"1.375": [0, 1033.7, 0],
						"1.4167": [0, 1052.46, 0],
						"1.4583": {
							"pre": [0, 1052.46, 0],
							"post": [0, 0, 0]
						},
						"1.5": [0, 0, 0]
					},
					"position": {
						"0.0": [0, 0, 0],
						"0.4583": [0, 0, 0],
						"0.5": [-0.1, 2.2, 2],
						"0.5417": [0.4, 4.7, 2.3],
						"0.625": [0.3, 12.2, 3.2],
						"0.7083": [-0.6, 15.13, 3.47],
						"0.7917": [-3.76, 14.46, 3.82],
						"0.8333": [-4.57, 12.32, 4.04],
						"0.875": [-4.48, 10.18, 4.26],
						"1.0": [-3.56, 7.17, 4.01],
						"1.0417": [-3.53, 1.92, 3.13],
						"1.0833": [-3.46, -1.35, 3.19],
						"1.1667": [-3.33, -6.65, 3.24],
						"1.375": [-6.35, -13.66, 3.34],
						"1.4167": [-7.11, -15.41, 3.37],
						"1.4583": {
							"pre": [-7.11, -15.41, 3.37],
							"post": [0, 0, 0]
						},
						"1.5": [0, 0, 0]
					}
				},
				"righthand": {
					"rotation": {
						"0.0": [120.87, 365.89, -152.95],
						"0.125": [118.27276, 362.94864, -150.03849],
						"0.2083": [121.90633, 365.13269, -143.99887],
						"0.25": [121.90633, 365.13269, -143.99887],
						"0.4167": [121.91, 365.13, -144],
						"0.4583": [121.91, 365.13, -144],
						"0.5": [127.91, 365.13, -144],
						"0.7083": [127.91, 365.13, -144],
						"0.8333": [121.91, 365.13, -144],
						"0.875": [121.91, 365.13, -144],
						"1.0": [121.90633, 365.13269, -143.99887],
						"1.125": [120.87, 365.89, -152.95],
						"1.5": [120.87, 365.89, -152.95]
					},
					"position": {
						"0.0": [7.7, -10, 36.5],
						"0.0833": [4.65, -10.3, 34.4],
						"0.2083": [3, -10.6, 32.3],
						"0.25": [3, -10.6, 32.3],
						"0.4167": [2.2, -9.1, 32.3],
						"0.4583": [2.2, -9.1, 32.3],
						"0.5": [1.4, -10.3, 34],
						"0.7083": [1.4, -10.3, 34],
						"0.8333": [2.2, -9.1, 32.3],
						"0.875": [2.2, -9.1, 32.3],
						"1.0": [3.1, -10.6, 32.3],
						"1.125": [7.7, -10, 36.5],
						"1.5": [7.7, -10, 36.5]
					},
					"scale": [1, 1.5, 1]
				},
				"lefthand": {
					"rotation": {
						"0.0": [105.4, 312.26, -133.79],
						"0.0833": [104.4, 312.26, -133.79],
						"0.2083": [91.74638, 320.91405, -125.37946],
						"1.1667": [91.74638, 320.91405, -125.37946],
						"1.4167": [104.4, 312.6, -133.79],
						"1.5": [105.4, 312.26, -133.79]
					},
					"position": {
						"0.0": [-7.04, -4.04, 27.66],
						"0.0833": [-7.04, -3.84, 27.66],
						"0.2083": [-6.64, 1.16, 27.66],
						"1.1667": [-6.64, 1.16, 27.66],
						"1.4167": [-6.94, -3.84, 27.66],
						"1.5": [-7.04, -4.04, 27.66]
					},
					"scale": [1, 1.5, 1]
				},
				"bolt_body": {
					"rotation": {
						"0.0": [0, 0, 0],
						"0.4583": [0, 0, 0],
						"0.5": [0, 0, 0],
						"0.7083": [0, 0, 0],
						"0.8333": [0, 0, 0],
						"1.5": [0, 0, 0]
					},
					"position": {
						"0.0": [0, 0, 0],
						"0.4583": [0, 0, 0],
						"0.5": [0, 0, 3.5],
						"0.7083": [0, 0, 3.5],
						"0.75": [0, 0, 2.53],
						"0.8333": [0, 0, 0],
						"1.5": [0, 0, 0]
					}
				},
				"lifter_bullet": {
					"rotation": {
						"0.0": [0, 0, 0],
						"0.4583": [0, 0, 0],
						"0.5": [-8, 0, 0],
						"0.5417": [0, 0, 0],
						"0.625": [0, 0, 0],
						"0.75": [0, 0, 0],
						"0.7917": [0, 0, 0],
						"1.5": [0, 0, 0]
					},
					"position": {
						"0.0": [0, 0, 0],
						"0.4583": [0, 0, 0],
						"0.5": [0, 0.2, 0],
						"0.5417": [0, 0, 0],
						"0.625": [0, 0, 0],
						"0.6667": [0, 0, 0],
						"0.7083": [0, 0.1, -1.3],
						"0.75": [0, 0.25, -2.62],
						"0.7917": {
							"pre": [0, 0.25, -2.62],
							"post": [0, 0, 0]
						},
						"1.5": [0, 0, 0]
					}
				},
				"front_sling": {
					"rotation": {
						"0.0": [0, 0, 0],
						"0.0833": [0, -12, 0],
						"0.1667": [0, -1, 0],
						"0.25": [0, -12, 0],
						"0.4583": [0, -12, 0],
						"0.5": [0, 44, 0],
						"0.5417": [0, 26, 0],
						"0.625": [0, -12, 0],
						"0.75": [0, 20, 0],
						"0.8333": [0, -16, 0],
						"0.9167": [0, 1, 0],
						"1.0": [0, 38, 0],
						"1.0833": [0, -7, 0],
						"1.1667": [0, 14, 0],
						"1.2917": [0, -16, 0],
						"1.375": [0, -10, 0],
						"1.4583": [0, 0, 0],
						"1.5": [0, 0, 0]
					},
					"position": {
						"0.0": [0, 0, 0],
						"0.0833": [0, 0, 0],
						"0.1667": [0, 0, 0],
						"0.25": [0, 0, 0],
						"0.4583": [0, 0, 0],
						"0.5": [0, 0, 0],
						"0.625": [0, 0, 0],
						"0.75": [0, 0, 0],
						"0.9167": [0, 0, 0],
						"1.0": [0, 0, 0],
						"1.0833": [0, 0, 0],
						"1.4583": [0, 0, 0],
						"1.5": [0, 0, 0]
					}
				},
				"constraint": {
					"rotation": {
						"0.0": [0, 0, 0],
						"0.2083": [0.3, 0.3, 0.5],
						"0.4583": [0.3, 0.3, 0.5],
						"1.25": [0.5, 0.5, 0.5],
						"1.5": [0, 0, 0]
					},
					"position": {
						"0.0": [0, 0, 0],
						"0.2083": [0.5, 0.3, 0.3],
						"0.4583": [0.5, 0.3, 0.3],
						"1.25": [0.5, 0.5, 0.5],
						"1.5": [0, 0, 0]
					}
				},
				"weapon_positioning": {
					"rotation": [-4.9, -1.14, -3.8],
					"position": [-0.38, 1.08, -0.01]
				}
			},
			"sound_effects": {
				"0.0": {
					"effect": "antiques:vtterli_kar71/vtterli_kar71_bolt"
				}
			}
		},
		"reload_intro_empty": {
			"animation_length": 4.375,
			"bones": {
				"vtterli_kar71": {
					"rotation": {
						"0.0": [4.95, 0.8, 4],
						"0.1667": [9.02772, 0.12037, 12.97342],
						"0.2917": [5.34051, -0.69713, 20.25],
						"0.4583": [1.20818, -3.95578, 32.9106],
						"0.5833": [0.01385, -4.27288, 33.94759],
						"0.625": [1.07279, -4.7, 27.39208],
						"0.7083": [2.22273, -5.82916, 27.64941],
						"0.7917": [1.85137, -6.14914, 30.29378],
						"0.9583": [3.25377, -5.38677, 29.63525],
						"1.0833": [1.30575, -5.32494, 29.06344],
						"1.2083": [3.43572, -5.17035, 27.6339],
						"1.5": [1.20349, -8.62096, 42.91853],
						"1.625": [1.7233, -12.04942, 45.88192],
						"1.9167": [2.44514, -12.04968, 45.54431],
						"2.125": [5.85, -10.39, 38.22],
						"2.25": [5.63, -9.99, 37.89],
						"2.3333": [3.73, -9.82, 41.3],
						"2.4583": [3.53, -10.34, 41.34],
						"2.625": [5.25235, -11.0154, 41.44978],
						"2.7083": [4.57, -10.35, 41.51],
						"2.7917": [4.56, -10.3, 41.37],
						"2.8333": [4.56, -10.28, 41.3],
						"2.9583": [5.14995, -10.29499, 38.3507],
						"3.2083": [5, -10.94, 39.84],
						"3.4167": [4.0574, -11.78925, 45.15168],
						"3.5": [3.92545, -12.01832, 45.991],
						"3.5833": [4.6862, -12.09079, 43.60726],
						"3.625": [4.95, -12.13, 43.05],
						"3.7083": [6.00251, -12.3, 40.80874],
						"3.75": [5.54419, -13.00117, 42.85139],
						"3.7917": [4.77519, -13.88156, 41.7464],
						"3.8333": [4.77519, -13.88156, 41.7464],
						"3.9167": [5.22548, -12.71088, 39.78878],
						"4.0": [5.61162, -11.95405, 40.30237],
						"4.2917": [4.56, -10.28, 41.3],
						"4.375": [4.56, -10.28, 41.3]
					},
					"position": {
						"0.0": [0.3, -1.1, 0.1],
						"0.1667": [0.3, -1.4, -0.1],
						"0.2917": [0.5, -1.8, -0.19],
						"0.4583": [0.5, -1.63, -0.3],
						"0.5833": [0.5, -1.66, -0.3],
						"0.625": [0.5, -1.78, -0.3],
						"0.75": [0.5, -1.96, -0.3],
						"0.8333": [0.5, -1.86, -0.3],
						"0.9583": [0.5, -1.86, -0.3],
						"1.0833": [0.5, -2.36, -0.3],
						"1.2083": [0.5, -1.86, -0.3],
						"1.3333": [0.32, -1.79, -1.67],
						"1.4167": [0.23, -1.78, -1],
						"1.5": [0.33, -1.78, -0.7],
						"1.5417": [0.33, -1.78, -0.43],
						"1.625": [0.33, -1.88, -0.5],
						"1.7083": [0.33, -1.88, -0.8],
						"1.9167": [0.33, -1.78, -0.7],
						"2.125": [0.41, -2.26, -0.95],
						"2.2083": [0.38, -2.14, -0.99],
						"2.2917": [0.24, -1.54, -1],
						"2.4167": [0.33, -2.08, -1],
						"2.5417": [0.33, -2.28, -1],
						"2.7083": [0.33, -1.88, -1],
						"2.7917": [0.32, -1.99, -1],
						"2.8333": [0.32, -2.04, -1],
						"2.9583": [0.32, -2.4, -1],
						"3.0833": [0.32, -2.26, -1],
						"3.2083": [0.33, -1.98, -1],
						"3.3333": [0.33, -1.88, -1],
						"3.4583": [0.33, -2.18, -1],
						"3.5833": [0.4, -2.15, -1],
						"3.7083": [0.33, -2.08, -1],
						"3.75": [0.37, -2.08, -1.1],
						"3.7917": [0.47, -2.08, -1.1],
						"3.8333": [0.47, -2.08, -1.1],
						"3.9167": [0.47, -2.08, -1.1],
						"4.0": [0.33, -2.13, -1],
						"4.2917": [0.33, -1.87, -1],
						"4.375": [0.32, -1.98, -1]
					}
				},
				"mag_and_righthand": {
					"rotation": {
						"0.0": [0, 0, 0],
						"1.5417": [0, 0, 0],
						"2.4583": [-45.87889, 2.84062, -9.17837],
						"2.625": [-56.7, 4.81, -9.1],
						"2.7083": [-56.7, 4.81, -9.1],
						"2.7917": [-56.7, 4.81, -9.1],
						"2.8333": [-56.7, 4.81, -9.1],
						"2.9583": [-56.7, 4.81, -9.1],
						"3.0833": [-74.03, 8.62, -22.73],
						"3.2083": [-69.2353, 11.62435, -22.6475],
						"3.5": [-49.02352, -18.02001, -24.92379],
						"3.625": [-49.56711, -19.50159, -26.34271],
						"3.7083": [-54.36, -9.57, -19.44],
						"3.75": [-56.75269, -4.59736, -15.98864],
						"3.7917": [-56.75269, -4.59736, -15.98864],
						"4.2917": [-56.75, -4.6, -15.99],
						"4.375": [-56.72, 1.67, -11.4]
					},
					"position": {
						"0.0": [0, 0, 0],
						"1.5417": [0, 0, 0],
						"2.4583": [-3, -5.5, -1.4],
						"2.625": [-3.56, -8.4, 0.04],
						"2.7083": [-2.86, -7.3, 0.04],
						"2.7917": [-2.63, -6.93, 0.04],
						"2.8333": [-2.51, -6.75, 0.04],
						"2.9583": [-2.16, -6.2, 0.04],
						"3.0833": [-0.67, -6.12, -0.02],
						"3.2083": [-0.77, -4.73, -1.44],
						"3.5": [-5.6, 0.7, -3.8],
						"3.625": [-5.6, 0.7, -3.8],
						"3.7083": [-3.33, 1.23, -3.13],
						"3.75": [-2.2, 1.5, -4],
						"3.7917": [-2.2, 1.5, -5.1],
						"4.2917": [-2.2, 1.5, -5.1],
						"4.375": [-2.41, -4, -1.67]
					}
				},
				"bullet": {
					"rotation": {
						"0.0": [0, 0, 0],
						"1.5417": [0, 0, 0],
						"1.9167": [0, 0, 0],
						"2.2083": [0, 0, 0],
						"2.375": [0, 0, 0],
						"2.4167": {
							"pre": [0, 0, 0],
							"post": [19.13, -6.62, -2.29]
						},
						"2.4583": [19.13, -6.62, -2.29],
						"2.7083": [19.13, -6.62, -2.29],
						"2.8333": [19.13, -6.62, -2.29],
						"3.2083": [19.13, -6.62, -2.29],
						"3.625": [51.20828, -17.44522, 10.28994],
						"3.6667": [51.20828, -17.44522, 10.28994],
						"3.75": [63.68725, -33.94982, -17.73157],
						"3.7917": [57.13, -6.62, -2.29],
						"3.9167": [57.13, -6.62, -2.29],
						"3.9583": [42, 0, 0],
						"4.2917": [48.48187, -5.97467, 6.23435],
						"4.375": [48.48187, -5.97467, 6.23435]
					},
					"position": {
						"0.0": [0, 0, 0],
						"1.5417": [0, 0, 0],
						"1.9167": [1.4, 2, -3.03],
						"2.2083": [3, 2, -5.33],
						"2.375": [3.8, 2, -5.33],
						"2.4167": {
							"pre": [3.8, 2, -5.33],
							"post": [1.7, -11, -7.4]
						},
						"2.4583": [1.7, -11, -7.4],
						"2.7083": [1.7, -11, -7.4],
						"2.8333": [1.7, -11, -7.4],
						"3.2083": [1.7, -11, -7.4],
						"3.625": [1.4, -11.3, -7.4],
						"3.6667": [1.4, -11.3, -7.4],
						"3.75": [2.1, -11.3, -7.4],
						"3.7917": [2, -11.3, -7.4],
						"3.9167": [2, -11.3, -7.4],
						"3.9583": [2.6, -8.45, -5.4],
						"4.2917": [2.1, -0.65, 3.4],
						"4.375": [2.1, -0.65, 3.4]
					}
				},
				"righthand": {
					"rotation": {
						"0.0": [120.87, 365.89, -152.95],
						"0.125": [115.94024, 364.31903, -167.83576],
						"0.2083": [117.07, 364.13, -167.02],
						"0.4583": [121.03849, 366.83812, -169.82926],
						"0.5833": [121.03849, 366.83812, -169.82926],
						"0.625": [117.68978, 359.84851, -156.48936],
						"0.7917": [117.68978, 359.84851, -156.48936],
						"1.125": [111.55535, 397.14127, -221.47377],
						"1.5417": [111.55535, 397.14127, -221.47377],
						"1.9167": [101.78938, 360.67863, -147.18499],
						"2.0833": [101.79, 360.68, -147.18],
						"2.2917": [58.06, 366.93, -186.11],
						"2.7083": [58.06, 366.93, -186.11],
						"2.7917": [58.06, 366.93, -186.11],
						"2.8333": [58.06, 366.93, -186.11],
						"3.9167": [58.06, 366.93, -186.11],
						"4.0": [77.93944, 368.72762, -186.99496],
						"4.2917": [77.94, 368.73, -186.99],
						"4.375": [64.69, 367.53, -186.4]
					},
					"position": {
						"0.0": [7.7, -10, 36.5],
						"0.125": [7.7, -8.1, 33.62],
						"0.2083": [7.7, -8.58, 32.76],
						"0.4583": [7.7, -8.1, 29.6],
						"0.5833": [7.7, -8.1, 29.6],
						"0.625": [7.7, -10, 29.3],
						"0.7917": [7.7, -10, 29.3],
						"1.0": [7.15, -6.05, 29.99],
						"1.125": [5, -5.1, 30.67],
						"1.5417": [5, -5.1, 30.67],
						"1.75": [8.2, -7, 35.7],
						"1.9167": [10.6, -11.9, 41.3],
						"2.0833": [11.9, -11.3, 39.3],
						"2.2917": [10.7, -2.9, 37],
						"2.7083": [10.7, -2.9, 37],
						"2.7917": [10.7, -2.9, 37],
						"2.8333": [10.7, -2.9, 37],
						"3.9167": [10.7, -2.9, 37],
						"4.0": [10, -6.4, 41.5],
						"4.125": [10.1, -5.7, 45.1],
						"4.2917": [10.1, -5.7, 46.9],
						"4.375": [10.5, -3.83, 40.3]
					},
					"scale": {
						"0.0": [1, 1.5, 1],
						"2.8333": [1, 1.5, 1]
					}
				},
				"lefthand": {
					"rotation": {
						"0.0": [105.4, 312.26, -133.79],
						"0.1667": [104.4, 312.26, -133.79],
						"0.2917": [102.57, 315.06, -140.36],
						"0.4583": [100.13723, 318.78846, -149.11136],
						"0.9167": [100.13723, 318.78846, -149.11136],
						"1.125": [94.43646, 312.26, -133.79],
						"1.25": [97.69684, 316.82632, -154.5155],
						"1.375": [93.10515, 320.47938, -171.09589],
						"1.75": [92.78, 320.98, -165.65],
						"1.8333": [92.48, 321.43, -160.7],
						"2.3333": [92.48, 321.43, -160.7],
						"2.5": [93.10515, 320.47938, -171.09589],
						"2.7083": [93.11, 320.48, -171.1],
						"2.7917": [93.11, 320.48, -171.1],
						"2.8333": [93.11, 320.48, -171.1],
						"3.2083": [93.11, 320.48, -171.1],
						"3.3333": [93.2, 320.83, -170.29],
						"3.375": [93.22, 320.92, -170.09],
						"3.5417": [93.11, 320.48, -171.1],
						"4.2917": [93.11, 320.48, -171.1],
						"4.375": [93.11, 320.48, -171.1]
					},
					"position": {
						"0.0": [-7.04, -4.04, 27.66],
						"0.1667": [-6.94, -3.84, 27.66],
						"0.2917": [-6.71, -2.53, 27.66],
						"0.4583": [-6.74, -1.24, 27.66],
						"0.9167": [-6.74, -1.24, 27.66],
						"1.125": [-4.24, -2.44, 27.66],
						"1.375": [-6.21, 1.88, 27.66],
						"1.75": [-6.21, 1.88, 27.66],
						"1.8333": [-6.21, 1.88, 27.66],
						"2.3333": [-6.21, 1.88, 27.66],
						"2.5": [-6.21, 1.88, 27.66],
						"2.7083": [-6.21, 1.88, 27.66],
						"2.7917": [-6.21, 1.88, 27.66],
						"2.8333": [-6.21, 1.88, 27.66],
						"3.2083": [-6.21, 1.88, 27.66],
						"3.3333": [-6.21, 1.88, 27.66],
						"3.375": [-6.21, 1.88, 27.66],
						"3.5417": [-6.21, 1.88, 27.66],
						"4.2917": [-6.21, 1.88, 27.66],
						"4.375": [-6.21, 1.88, 27.66]
					},
					"scale": {
						"0.0": [1, 1.5, 1],
						"2.8333": [1, 1.5, 1]
					}
				},
				"loading_gate": {
					"rotation": {
						"0.0": [0, 0, 0],
						"0.4583": [0, 0, 0],
						"0.5833": [0, 0, 0],
						"0.625": [-22, 0, 0],
						"0.7917": [-22, 0, 0],
						"2.7917": [-22, 0, 0],
						"2.8333": [-22, 0, 0],
						"4.375": [-22, 0, 0]
					},
					"position": {
						"0.0": [0, 0, 0],
						"0.4583": [0, 0, 0],
						"0.5833": [0, 0, 0],
						"0.625": [0, 0, 0],
						"0.7917": [0, 0, 0],
						"2.7917": [0, 0, 0],
						"2.8333": [0, 0, 0],
						"4.375": [0, 0, 0]
					}
				},
				"front_sling": {
					"rotation": {
						"0.0": [0, 0, 0],
						"0.0833": [0, 13.5, 0],
						"0.2917": [0, 133, 0],
						"0.4583": [0, 54, 0],
						"0.5833": [0, 104.5, 0],
						"0.7083": [0, 59, 0],
						"0.8333": [0, 86, 0],
						"0.9583": [0, 101, 0],
						"1.0833": [0, 70, 0],
						"1.2083": [0, 83, 0],
						"1.25": [0, 83, 0],
						"1.3333": [0, 119, 0],
						"1.5": [0, 146, 0],
						"1.5417": [0, 146, 0],
						"1.6667": [0, 37, 0],
						"1.875": [0, 122, 0],
						"2.125": [0, 54, 0],
						"2.25": [0, 104, 0],
						"2.375": [0, 138.67, 0],
						"2.4583": [0, 138, 0],
						"2.625": [0, 77, 0],
						"2.7083": [0, 94, 0],
						"2.7917": [0, 94, 0],
						"2.8333": [0, 94, 0],
						"2.9167": [0, 106, 0],
						"3.0417": [0, 112, 0],
						"3.2083": [0, 74, 0],
						"3.3333": [0, 97, 0],
						"3.5417": [0, 77, 0],
						"3.7083": [0, 90.4, 0],
						"3.7917": [0, 60.85, 0],
						"3.875": [0, 50.59, 0],
						"4.0417": [0, 97.83, 0],
						"4.125": [0, 107.87, 0],
						"4.25": [0, 91.94, 0],
						"4.375": [0, 94, 0]
					},
					"position": {
						"0.0": [0, 0, 0],
						"0.2917": [0, 0, 0],
						"0.5833": [0, 0, 0],
						"0.7083": [0, 0, 0],
						"0.8333": [0, 0, 0],
						"1.625": [0, 0, 0],
						"2.7083": [0, 0, 0],
						"2.7917": [0, 0, 0],
						"2.8333": [0, 0, 0],
						"2.9167": [0, 0, 0],
						"3.0417": [0, 0, 0],
						"3.7083": [0, 0, 0],
						"3.7917": [0, 0, 0],
						"4.375": [0, 0, 0]
					}
				},
				"constraint": {
					"rotation": {
						"0.0": [0, 0, 0],
						"0.25": [1, 1, 1],
						"2.7917": [1, 1, 1],
						"2.8333": [1, 1, 1]
					},
					"position": {
						"0.0": [0, 0, 0],
						"0.25": [1, 1, 1],
						"2.7917": [1, 1, 1],
						"2.8333": [1, 1, 1]
					}
				},
				"camera": {
					"rotation": {
						"0.0": [0, 0, 0],
						"0.125": [0.3, 0, 0.05],
						"0.4583": [0, 0, 0],
						"0.5833": [0, 0, 0],
						"0.6667": [0.3, 0, -0.1],
						"0.75": [0.17, 0, -0.03],
						"0.8333": [0, 0, 0],
						"1.1667": [0, 0, 0],
						"1.2917": [0.3, 0, 0.05],
						"1.5": [0.11, 0, 0.03],
						"1.6667": [0.14, 0, 0.01],
						"1.9167": [0, 0, 0],
						"2.125": [0, 0, 0],
						"2.25": [-0.36, 0, 0.12],
						"2.4167": [0.77, 0, 0],
						"2.5833": [1, 0, 0.2],
						"2.7083": [1, 0, 0],
						"2.7917": [0.91, 0, 0],
						"2.8333": [0.87, 0, 0],
						"3.0833": [0.1, 0, 0],
						"3.1667": [0.1, 0, 0],
						"3.25": [0.17, 0, 0],
						"3.3333": [0.2, -0.07, 0.07],
						"3.4167": [0.27, -0.08, 0.06],
						"3.5": [0.57, -0.07, -0.01],
						"3.7083": [0.7, -0.07, 0.1],
						"3.75": [0.9, -0.07, 0.4],
						"3.9167": [0.39, -0.03, 0.17],
						"4.375": [0.87, 0, 0]
					},
					"position": {
						"0.0": [0, 0, 0],
						"0.4583": [0, 0, 0],
						"0.5833": [0, 0, 0],
						"0.8333": [0, 0, 0],
						"1.1667": [0, 0, 0],
						"1.9167": [0, 0, 0],
						"2.125": [0, 0, 0],
						"2.25": [0, 0, 0],
						"2.4167": [0, 0, 0],
						"2.5833": [0, 0, 0],
						"2.7083": [0, 0, 0],
						"2.7917": [0, 0, 0],
						"2.8333": [0, 0, 0],
						"3.1667": [0, 0, 0],
						"4.375": [0, 0, 0]
					}
				},
				"weapon_positioning": {
					"rotation": [-4.9, -1.14, -3.8],
					"position": [-0.38, 1.08, -0.01]
				}
			},
			"sound_effects": {
				"0.0": {
					"effect": "antiques:vtterli_kar71/vtterli_kar71_reload_intro_empty_start"
				},
				"2.8333": {
					"effect": "antiques:vtterli_kar71/vtterli_kar71_reload_getshell"
				},
				"3.7917": {
					"effect": "antiques:vtterli_kar71/vtterli_kar71_reload_insert_shell"
				}
			}
		},
		"reload_intro": {
			"animation_length": 2.7917,
			"bones": {
				"vtterli_kar71": {
					"rotation": {
						"0.0": [4.95, 0.8, 4],
						"0.1667": [9.02772, 0.12037, 12.97342],
						"0.2917": [5.34051, -0.69713, 20.25],
						"0.4583": [1.20818, -3.95578, 32.9106],
						"0.5833": [0.01385, -4.27288, 33.94759],
						"0.625": [1.07279, -4.7, 27.39208],
						"0.7083": [2.22273, -5.82916, 27.64941],
						"0.7917": [1.85137, -6.14914, 30.29378],
						"0.9583": [3.25377, -5.38677, 29.63525],
						"1.0833": [1.30575, -5.32494, 29.06344],
						"1.2083": [3.43572, -5.17035, 27.6339],
						"1.5": [1.20349, -8.62096, 42.91853],
						"1.625": [1.7233, -12.04942, 45.88192],
						"1.9167": [2.44514, -12.04968, 45.54431],
						"2.125": [5.85, -10.39, 38.22],
						"2.25": [5.63, -9.99, 37.89],
						"2.3333": [3.73, -9.82, 41.3],
						"2.4583": [3.53, -10.34, 41.34],
						"2.625": [5.25235, -11.0154, 41.44978],
						"2.7083": [4.57, -10.35, 41.51],
						"2.7917": [4.56, -10.3, 41.37]
					},
					"position": {
						"0.0": [0.3, -1.1, 0.1],
						"0.1667": [0.3, -1.4, -0.1],
						"0.2917": [0.5, -1.8, -0.19],
						"0.4583": [0.5, -1.63, -0.3],
						"0.5833": [0.5, -1.66, -0.3],
						"0.625": [0.5, -1.78, -0.3],
						"0.75": [0.5, -1.96, -0.3],
						"0.8333": [0.5, -1.86, -0.3],
						"0.9583": [0.5, -1.86, -0.3],
						"1.0833": [0.5, -2.36, -0.3],
						"1.2083": [0.5, -1.86, -0.3],
						"1.3333": [0.32, -1.79, -1.67],
						"1.4167": [0.23, -1.78, -1],
						"1.5": [0.33, -1.78, -0.7],
						"1.5417": [0.33, -1.78, -0.43],
						"1.625": [0.33, -1.88, -0.5],
						"1.7083": [0.33, -1.88, -0.8],
						"1.9167": [0.33, -1.78, -0.7],
						"2.125": [0.41, -2.26, -0.95],
						"2.2083": [0.38, -2.14, -0.99],
						"2.2917": [0.24, -1.54, -1],
						"2.4167": [0.33, -2.08, -1],
						"2.5417": [0.33, -2.28, -1],
						"2.7083": [0.33, -1.88, -1],
						"2.7917": [0.32, -1.99, -1]
					}
				},
				"mag_and_righthand": {
					"rotation": {
						"0.0": [0, 0, 0],
						"1.5417": [0, 0, 0],
						"2.4583": [-45.87889, 2.84062, -9.17837],
						"2.625": [-56.7, 4.81, -9.1],
						"2.7083": [-56.7, 4.81, -9.1],
						"2.7917": [-56.7, 4.81, -9.1]
					},
					"position": {
						"0.0": [0, 0, 0],
						"1.5417": [0, 0, 0],
						"2.4583": [-3, -5.5, -1.4],
						"2.625": [-3.56, -8.4, 0.04],
						"2.7083": [-2.86, -7.3, 0.04],
						"2.7917": [-2.63, -6.93, 0.04]
					}
				},
				"bullet": {
					"rotation": {
						"0.0": [0, 0, 0],
						"1.8333": [0, 0, 0],
						"1.9583": [0, 0, 0],
						"2.7083": [19.13, -6.62, -2.29],
						"2.7917": [20.54, -6.51, -2.15]
					},
					"position": {
						"0.0": [0, 0, 0],
						"1.8333": [0, 0, 0],
						"1.9583": [4.7, -9.8, -9],
						"2.7083": [4.6, -9.5, -9.5],
						"2.7917": [4.6, -9.53, -9.5]
					}
				},
				"righthand": {
					"rotation": {
						"0.0": [120.87, 365.89, -152.95],
						"0.125": [115.94024, 364.31903, -167.83576],
						"0.2083": [117.07, 364.13, -167.02],
						"0.4583": [121.03849, 366.83812, -169.82926],
						"0.5833": [121.03849, 366.83812, -169.82926],
						"0.625": [117.68978, 359.84851, -156.48936],
						"0.7917": [117.68978, 359.84851, -156.48936],
						"1.125": [111.55535, 397.14127, -221.47377],
						"1.5417": [111.55535, 397.14127, -221.47377],
						"1.9167": [101.78938, 360.67863, -147.18499],
						"2.0833": [101.79, 360.68, -147.18],
						"2.2917": [58.06, 366.93, -186.11],
						"2.7083": [58.06, 366.93, -186.11],
						"2.7917": [58.06, 366.93, -186.11]
					},
					"position": {
						"0.0": [7.7, -10, 36.5],
						"0.125": [7.7, -8.1, 33.62],
						"0.2083": [7.7, -8.58, 32.76],
						"0.4583": [7.7, -8.1, 29.6],
						"0.5833": [7.7, -8.1, 29.6],
						"0.625": [7.7, -10, 29.3],
						"0.7917": [7.7, -10, 29.3],
						"1.0": [7.15, -6.05, 29.99],
						"1.125": [5, -5.1, 30.67],
						"1.5417": [5, -5.1, 30.67],
						"1.75": [8.2, -7, 35.7],
						"1.9167": [10.6, -11.9, 41.3],
						"2.0833": [11.9, -11.3, 39.3],
						"2.2917": [10.7, -2.9, 37],
						"2.7083": [10.7, -2.9, 37],
						"2.7917": [10.7, -2.9, 37]
					},
					"scale": [1, 1.5, 1]
				},
				"lefthand": {
					"rotation": {
						"0.0": [105.4, 312.26, -133.79],
						"0.1667": [104.4, 312.26, -133.79],
						"0.2917": [102.57, 315.06, -140.36],
						"0.4583": [100.13723, 318.78846, -149.11136],
						"0.9167": [100.13723, 318.78846, -149.11136],
						"1.125": [94.43646, 312.26, -133.79],
						"1.25": [97.69684, 316.82632, -154.5155],
						"1.375": [93.10515, 320.47938, -171.09589],
						"1.75": [92.78, 320.98, -165.65],
						"1.8333": [92.48, 321.43, -160.7],
						"2.3333": [92.48, 321.43, -160.7],
						"2.5": [93.10515, 320.47938, -171.09589],
						"2.7083": [93.11, 320.48, -171.1],
						"2.7917": [93.11, 320.48, -171.1]
					},
					"position": {
						"0.0": [-7.04, -4.04, 27.66],
						"0.1667": [-6.94, -3.84, 27.66],
						"0.2917": [-6.71, -2.53, 27.66],
						"0.4583": [-6.74, -1.24, 27.66],
						"0.9167": [-6.74, -1.24, 27.66],
						"1.125": [-4.24, -2.44, 27.66],
						"1.375": [-6.21, 1.88, 27.66],
						"1.75": [-6.21, 1.88, 27.66],
						"1.8333": [-6.21, 1.88, 27.66],
						"2.3333": [-6.21, 1.88, 27.66],
						"2.5": [-6.21, 1.88, 27.66],
						"2.7083": [-6.21, 1.88, 27.66],
						"2.7917": [-6.21, 1.88, 27.66]
					},
					"scale": [1, 1.5, 1]
				},
				"loading_gate": {
					"rotation": {
						"0.0": [0, 0, 0],
						"0.4583": [0, 0, 0],
						"0.5833": [0, 0, 0],
						"0.625": [-22, 0, 0],
						"0.7917": [-22, 0, 0],
						"2.7917": [-22, 0, 0]
					},
					"position": {
						"0.0": [0, 0, 0],
						"0.4583": [0, 0, 0],
						"0.5833": [0, 0, 0],
						"0.625": [0, 0, 0],
						"0.7917": [0, 0, 0],
						"2.7917": [0, 0, 0]
					}
				},
				"front_sling": {
					"rotation": {
						"0.0": [0, 0, 0],
						"0.0833": [0, 13.5, 0],
						"0.2917": [0, 133, 0],
						"0.4583": [0, 54, 0],
						"0.5833": [0, 104.5, 0],
						"0.7083": [0, 59, 0],
						"0.8333": [0, 86, 0],
						"0.9583": [0, 101, 0],
						"1.0833": [0, 70, 0],
						"1.2083": [0, 83, 0],
						"1.25": [0, 83, 0],
						"1.3333": [0, 119, 0],
						"1.5": [0, 146, 0],
						"1.5417": [0, 146, 0],
						"1.6667": [0, 37, 0],
						"1.875": [0, 122, 0],
						"2.125": [0, 54, 0],
						"2.25": [0, 104, 0],
						"2.375": [0, 138.67, 0],
						"2.4583": [0, 138, 0],
						"2.625": [0, 77, 0],
						"2.7083": [0, 94, 0],
						"2.7917": [0, 94, 0]
					},
					"position": {
						"0.0": [0, 0, 0],
						"0.2917": [0, 0, 0],
						"0.5833": [0, 0, 0],
						"0.7083": [0, 0, 0],
						"0.8333": [0, 0, 0],
						"1.625": [0, 0, 0],
						"2.7083": [0, 0, 0],
						"2.7917": [0, 0, 0]
					}
				},
				"constraint": {
					"rotation": {
						"0.0": [0, 0, 0],
						"0.25": [1, 1, 1],
						"2.7917": [1, 1, 1]
					},
					"position": {
						"0.0": [0, 0, 0],
						"0.25": [1, 1, 1],
						"2.7917": [1, 1, 1]
					}
				},
				"camera": {
					"rotation": {
						"0.0": [0, 0, 0],
						"0.125": [0.3, 0, 0.05],
						"0.4583": [0, 0, 0],
						"0.5833": [0, 0, 0],
						"0.6667": [0.3, 0, -0.1],
						"0.75": [0.17, 0, -0.03],
						"0.8333": [0, 0, 0],
						"1.1667": [0, 0, 0],
						"1.2917": [0.3, 0, 0.05],
						"1.5": [0.11, 0, 0.03],
						"1.6667": [0.14, 0, 0.01],
						"1.9167": [0, 0, 0],
						"2.125": [0, 0, 0],
						"2.25": [-0.36, 0, 0.12],
						"2.4167": [0.77, 0, 0],
						"2.5833": [1, 0, 0.2],
						"2.7083": [1, 0, 0],
						"2.7917": [0.91, 0, 0]
					},
					"position": {
						"0.0": [0, 0, 0],
						"0.4583": [0, 0, 0],
						"0.5833": [0, 0, 0],
						"0.8333": [0, 0, 0],
						"1.1667": [0, 0, 0],
						"1.9167": [0, 0, 0],
						"2.125": [0, 0, 0],
						"2.25": [0, 0, 0],
						"2.4167": [0, 0, 0],
						"2.5833": [0, 0, 0],
						"2.7083": [0, 0, 0],
						"2.7917": [0, 0, 0]
					}
				},
				"weapon_positioning": {
					"rotation": [-4.9, -1.14, -3.8],
					"position": [-0.38, 1.08, -0.01]
				}
			},
			"sound_effects": {
				"0.0": {
					"effect": "antiques:vtterli_kar71/vtterli_kar71_reload_intro"
				}
			}
		},
		"reload_loop": {
			"loop": true,
			"animation_length": 1.5417,
			"bones": {
				"vtterli_kar71": {
					"rotation": {
						"0.0": [4.56, -10.28, 41.3],
						"0.125": [5.14995, -10.29499, 38.3507],
						"0.375": [5, -10.94, 39.84],
						"0.5833": [4.0574, -11.78925, 45.15168],
						"0.6667": [3.92545, -12.01832, 45.991],
						"0.75": [4.6862, -12.09079, 43.60726],
						"0.7917": [4.95, -12.13, 43.05],
						"0.875": [6.00251, -12.3, 40.80874],
						"0.9167": [5.54419, -13.00117, 42.85139],
						"0.9583": [4.77519, -13.88156, 41.7464],
						"1.0": [4.77519, -13.88156, 41.7464],
						"1.0833": [5.22548, -12.71088, 39.78878],
						"1.1667": [5.61162, -11.95405, 40.30237],
						"1.4583": [4.56, -10.28, 41.3],
						"1.5417": [4.56, -10.28, 41.3]
					},
					"position": {
						"0.0": [0.32, -2.04, -1],
						"0.125": [0.32, -2.4, -1],
						"0.25": [0.32, -2.26, -1],
						"0.375": [0.33, -1.98, -1],
						"0.5": [0.33, -1.88, -1],
						"0.625": [0.33, -2.18, -1],
						"0.75": [0.4, -2.15, -1],
						"0.875": [0.33, -2.08, -1],
						"0.9167": [0.37, -2.08, -1.1],
						"0.9583": [0.47, -2.08, -1.1],
						"1.0": [0.47, -2.08, -1.1],
						"1.0833": [0.47, -2.08, -1.1],
						"1.1667": [0.33, -2.13, -1],
						"1.4583": [0.33, -1.87, -1],
						"1.5417": [0.32, -1.98, -1]
					}
				},
				"mag_and_righthand": {
					"rotation": {
						"0.0": [-56.7, 4.81, -9.1],
						"0.125": [-56.7, 4.81, -9.1],
						"0.25": [-74.03, 8.62, -22.73],
						"0.375": [-69.2353, 11.62435, -22.6475],
						"0.6667": [-49.02352, -18.02001, -24.92379],
						"0.7917": [-49.56711, -19.50159, -26.34271],
						"0.875": [-54.36, -9.57, -19.44],
						"0.9167": [-56.75269, -4.59736, -15.98864],
						"0.9583": [-56.75269, -4.59736, -15.98864],
						"1.4583": [-56.75, -4.6, -15.99],
						"1.5417": [-56.72, 1.67, -11.4]
					},
					"position": {
						"0.0": [-2.51, -6.75, 0.04],
						"0.125": [-2.16, -6.2, 0.04],
						"0.25": [-0.67, -6.12, -0.02],
						"0.375": [-0.77, -4.73, -1.44],
						"0.6667": [-5.6, 0.7, -3.8],
						"0.7917": [-5.6, 0.7, -3.8],
						"0.875": [-3.33, 1.23, -3.13],
						"0.9167": [-2.2, 1.5, -4],
						"0.9583": [-2.2, 1.5, -5.1],
						"1.4583": [-2.2, 1.5, -5.1],
						"1.5417": [-2.41, -4, -1.67]
					}
				},
				"bullet": {
					"rotation": {
						"0.0": [19.13, -6.62, -2.29],
						"0.375": [19.13, -6.62, -2.29],
						"0.7917": [51.20828, -17.44522, 10.28994],
						"0.8333": [56.51477, -26.93131, -3.65404],
						"0.9167": [63.5274, -28.23837, -19.73776],
						"0.9583": [56.85678, -9.24417, 5.98809],
						"1.0": [56.85678, -9.24417, 5.98809],
						"1.0833": [54.32057, -4.17216, 15.46365],
						"1.125": [54.32057, -4.17216, 15.46365],
						"1.1667": {
							"pre": [54.32057, -4.17216, 15.46365],
							"post": [42, 0, 0]
						},
						"1.375": {
							"pre": [42, 0, 0],
							"post": [48.48187, -5.97467, 6.23435]
						},
						"1.5417": [48.48187, -5.97467, 6.23435]
					},
					"position": {
						"0.0": [1.7, -11, -7.4],
						"0.375": [1.7, -11, -7.4],
						"0.7917": [1.4, -11.3, -7.4],
						"0.8333": [1.4, -11.3, -7.7],
						"0.9167": [2.3, -11.7, -7.6],
						"0.9583": [2.3, -11.3, -7.35],
						"1.0": [2.3, -11.3, -7.35],
						"1.0833": [2.1, -11.6, -7.7],
						"1.125": [2.1, -11.6, -7.7],
						"1.1667": {
							"pre": [2.1, -11.6, -7.7],
							"post": [2.6, -8.45, -5.4]
						},
						"1.375": {
							"pre": [2.6, -8.45, -5.4],
							"post": [2.1, -0.65, 3.4]
						},
						"1.4583": [2.79, -0.65, 1.39],
						"1.5417": [3.4, -0.65, -3.6]
					}
				},
				"righthand": {
					"rotation": {
						"0.0": [58.06, 366.93, -186.11],
						"1.0833": [58.06, 366.93, -186.11],
						"1.1667": [77.93944, 368.72762, -186.99496],
						"1.4583": [77.94, 368.73, -186.99],
						"1.5417": [64.69, 367.53, -186.4]
					},
					"position": {
						"0.0": [10.7, -2.9, 37],
						"1.0833": [10.7, -2.9, 37],
						"1.1667": [10, -6.4, 41.5],
						"1.2917": [10.1, -5.7, 45.1],
						"1.4583": [10.1, -5.7, 46.9],
						"1.5417": [10.5, -3.83, 40.3]
					},
					"scale": [1, 1.5, 1]
				},
				"lefthand": {
					"rotation": {
						"0.0": [93.11, 320.48, -171.1],
						"0.375": [93.11, 320.48, -171.1],
						"0.5": [93.2, 320.83, -170.29],
						"0.5417": [93.22, 320.92, -170.09],
						"0.7083": [93.11, 320.48, -171.1],
						"1.4583": [93.11, 320.48, -171.1],
						"1.5417": [93.11, 320.48, -171.1]
					},
					"position": {
						"0.0": [-6.21, 1.88, 27.66],
						"0.375": [-6.21, 1.88, 27.66],
						"0.5": [-6.21, 1.88, 27.66],
						"0.5417": [-6.21, 1.88, 27.66],
						"0.7083": [-6.21, 1.88, 27.66],
						"1.4583": [-6.21, 1.88, 27.66],
						"1.5417": [-6.21, 1.88, 27.66]
					},
					"scale": [1, 1.5, 1]
				},
				"loading_gate": {
					"rotation": {
						"0.0": [-22, 0, 0],
						"1.5417": [-22, 0, 0]
					},
					"position": {
						"0.0": [0, 0, 0],
						"1.5417": [0, 0, 0]
					}
				},
				"front_sling": {
					"rotation": {
						"0.0": [0, 94, 0],
						"0.0833": [0, 106, 0],
						"0.2083": [0, 112, 0],
						"0.375": [0, 74, 0],
						"0.5": [0, 97, 0],
						"0.7083": [0, 77, 0],
						"0.875": [0, 90.4, 0],
						"0.9583": [0, 60.85, 0],
						"1.0417": [0, 50.59, 0],
						"1.2083": [0, 97.83, 0],
						"1.2917": [0, 107.87, 0],
						"1.4167": [0, 91.94, 0],
						"1.5417": [0, 94, 0]
					},
					"position": {
						"0.0": [0, 0, 0],
						"0.0833": [0, 0, 0],
						"0.2083": [0, 0, 0],
						"0.875": [0, 0, 0],
						"0.9583": [0, 0, 0],
						"1.5417": [0, 0, 0]
					}
				},
				"constraint": {
					"rotation": [1, 1, 1],
					"position": [1, 1, 1]
				},
				"camera": {
					"rotation": {
						"0.0": [0.87, 0, 0],
						"0.25": [0.1, 0, 0],
						"0.3333": [0.1, 0, 0],
						"0.4167": [0.17, 0, 0],
						"0.5": [0.2, -0.07, 0.07],
						"0.5833": [0.27, -0.08, 0.06],
						"0.6667": [0.57, -0.07, -0.01],
						"0.875": [0.7, -0.07, 0.1],
						"0.9167": [0.9, -0.07, 0.4],
						"1.0833": [0.39, -0.03, 0.17],
						"1.5417": [0.87, 0, 0]
					},
					"position": {
						"0.0": [0, 0, 0],
						"0.3333": [0, 0, 0],
						"1.5417": [0, 0, 0]
					}
				},
				"weapon_positioning": {
					"rotation": [-4.9, -1.14, -3.8],
					"position": [-0.38, 1.08, -0.01]
				}
			},
			"sound_effects": {
				"0.0": {
					"effect": "antiques:vtterli_kar71/vtterli_kar71_reload_loop_start"
				},
				"0.6667": {
					"effect": "antiques:vtterli_kar71/vtterli_kar71_bullet_insert"
				},
				"0.875": {
					"effect": "antiques:vtterli_kar71/vtterli_kar71_reload_loopfeed"
				}
			}
		},
		"reload_end": {
			"animation_length": 4.0833,
			"bones": {
				"vtterli_kar71": {
					"rotation": {
						"0.0": [4.56, -10.28, 41.3],
						"0.0833": [4.56, -10.28, 41.3],
						"0.2083": [6.59027, -10.86981, 37.09629],
						"0.3333": [6.70494, -11.04, 36.38175],
						"0.5417": [5.69543, -11.18427, 36.47275],
						"0.5833": [4.62, -11.67, 41.47],
						"0.6667": [4.52121, -11.87065, 41.97837],
						"0.875": [5.90298, -11.75774, 35.36008],
						"1.0417": [7.73969, -11.46135, 31.31474],
						"1.125": [7.9472, -12.43878, 31.17647],
						"1.1667": [7.9472, -12.43878, 31.17647],
						"1.25": [6.69153, -15.62023, 41.16595],
						"1.3333": [6.69, -15.62, 41.17],
						"1.4167": [7.39, -15.45, 39.8],
						"1.5": [9.53703, -15.25975, 31.44152],
						"1.625": [12.84644, -12.69893, 24.94708],
						"1.75": [12.85941, -3.99977, 14.92098],
						"1.9167": [14.86, 1.94, 3.07],
						"2.0417": [11.96423, 2.42594, 1.9],
						"2.2917": [10.75, 2.2713, 4.31781],
						"2.4583": [6.74, 3.38, -0.62],
						"2.5": [6.74, 3.38, -0.62],
						"2.5833": [3.40062, 3.71417, -5.9583],
						"2.8333": [5.91, 3.6, -3.83],
						"2.9583": [9.64, 2.13, 5.39],
						"3.0833": [6.56091, 2.45, -3.03614],
						"3.2083": [7.3, 2.39, -1.38],
						"3.4167": [9.69, 2.58, 2.99],
						"3.5417": [10, 1.1, 5.09004],
						"3.7917": [4.95, 0.8, 4]
					},
					"position": {
						"0.0": [0.32, -1.98, -1],
						"0.0833": [0.32, -1.98, -1],
						"0.25": [0.4, -2.18, -1],
						"0.3333": [0.45, -2.28, -1],
						"0.4583": [0.52, -2.28, -1],
						"0.5417": [0.5, -2.28, -1],
						"0.625": [0.65, -2.28, -1],
						"0.75": [0.64, -2.18, -1],
						"1.0": [0.62, -2.28, -1],
						"1.125": [0.62, -2.38, -1],
						"1.1667": [0.62, -2.38, -1],
						"1.25": [0.82, -2.38, -1],
						"1.3333": [0.92, -2.58, -1],
						"1.375": [0.92, -2.58, -1],
						"1.4167": [0.92, -2.58, -1],
						"1.5417": [0.62, -2.18, -1],
						"1.6667": [0.42, -1.14, -0.1],
						"1.7917": [0.36, -0.55, 0.1],
						"1.9583": [0.09, -0.88, 1.96],
						"2.125": [0.07, -0.78, 1.8],
						"2.2917": [0.18, -1.61, 0.93],
						"2.4583": [0.23, -2.1, 0.1],
						"2.5417": [0.23, -2, 0.1],
						"2.5833": [0.2, -2.2, 0.6],
						"2.6667": [0.2, -2, 0.3],
						"2.8333": [0.2, -1.9, 0.3],
						"2.9167": [0.2, -1.6, 0.1],
						"3.0": [0.2, -1.6, 0],
						"3.0833": [0.3, -1.8, 0],
						"3.2083": [0.3, -1.7, 0],
						"3.375": [0.4, -1.61, 0.13],
						"3.625": [0.2, -0.8, 0.1],
						"3.7917": [0.3, -1.1, 0.1]
					}
				},
				"mag_and_righthand": {
					"rotation": {
						"0.0": [-56.72, 1.67, -11.4],
						"0.1667": [0, 0, 0],
						"3.7917": [0, 0, 0]
					},
					"position": {
						"0.0": [-2.41, -4, -1.67],
						"0.1667": [0, 0, 0],
						"3.7917": [0, 0, 0]
					}
				},
				"bullet": {
					"rotation": {
						"0.0": [21.24, -6.45, -2.08],
						"0.1667": [0, 0, 0]
					},
					"position": {
						"0.0": [4.6, -9.55, -9.5],
						"0.1667": [0, 0, 0]
					},
					"scale": 0
				},
				"righthand": {
					"rotation": {
						"0.0": [64.69, 367.53, -186.4],
						"0.1667": [100.14118, 347.25964, -167.40524],
						"0.2917": [116.99932, 353.12993, -170.06045],
						"0.4583": [137.39854, 345.16451, -163.95528],
						"0.5417": [137.39854, 345.16451, -163.95528],
						"0.5833": [144.986, 355.624, -173.40805],
						"0.625": [144.986, 355.624, -173.40805],
						"0.7083": [147.11088, 359.62064, -176.41573],
						"0.7917": [147.0868, 360.77153, -178.35094],
						"1.0": [132.03635, 370.55873, -185.67664],
						"1.125": [120.87, 365.89, -152.95],
						"1.9583": [120.87, 365.89, -152.95],
						"2.1667": [118.27276, 362.94864, -150.03849],
						"2.2917": [121.90633, 365.13269, -143.99887],
						"2.3333": [121.90633, 365.13269, -143.99887],
						"2.4583": [121.91, 365.13, -144],
						"2.5": [121.91, 365.13, -144],
						"2.5417": [127.91, 365.13, -144],
						"2.7917": [127.91, 365.13, -144],
						"2.9167": [121.91, 365.13, -144],
						"2.9583": [121.91, 365.13, -144],
						"3.0417": [121.90633, 365.13269, -143.99887],
						"3.2083": [120.87, 365.89, -152.95],
						"3.7917": [120.87, 365.89, -152.95]
					},
					"position": {
						"0.0": [10.5, -3.83, 40.3],
						"0.1667": [14.88, -9.7, 39.46],
						"0.2917": [11.8, -10.63, 35.59],
						"0.4583": [10.5, -15.2, 23.2],
						"0.5417": [10.5, -15.2, 23.2],
						"0.5833": [10.5, -14, 23.4],
						"0.625": [10.5, -14, 23.4],
						"0.7083": [10.5, -13.6, 23.9],
						"0.7917": [10.5, -13.6, 23.9],
						"1.0": [10.77, -10.07, 35.25],
						"1.125": [7.7, -10, 36.5],
						"1.9583": [7.7, -10, 36.5],
						"2.125": [4.65, -10.3, 34.4],
						"2.2917": [3, -10.6, 32.3],
						"2.3333": [3, -10.6, 32.3],
						"2.4583": [2.2, -9.1, 32.3],
						"2.5": [2.2, -9.1, 32.3],
						"2.5417": [1.4, -10.3, 34],
						"2.7917": [1.4, -10.3, 34],
						"2.9167": [2.2, -9.1, 32.3],
						"2.9583": [2.2, -9.1, 32.3],
						"3.0417": [3.1, -10.6, 32.3],
						"3.2083": [7.7, -10, 36.5],
						"3.7917": [7.7, -10, 36.5]
					},
					"scale": [1, 1.5, 1]
				},
				"lefthand": {
					"rotation": {
						"0.0": [93.11, 320.48, -171.1],
						"0.0833": [93.11, 320.48, -171.1],
						"1.1667": [93.10515, 320.47938, -171.09589],
						"1.4167": [97.69684, 316.82632, -154.5155],
						"1.5833": [94.50426, 311.26183, -133.88088],
						"1.7917": [104.4, 312.26, -133.79],
						"1.9583": [104.4, 312.26, -133.79],
						"2.1667": [91.74638, 320.91405, -125.37946],
						"3.2083": [91.74638, 320.91405, -125.37946],
						"3.4583": [104.4, 312.26, -133.79],
						"3.7917": [105.4, 312.26, -133.79]
					},
					"position": {
						"0.0": [-6.21, 1.88, 27.66],
						"0.0833": [-6.21, 1.88, 27.66],
						"1.1667": [-6.21, 1.88, 27.66],
						"1.5833": [-4.24, -2.44, 27.66],
						"1.7917": [-7.04, -3.84, 27.66],
						"1.9583": [-7.04, -3.84, 27.66],
						"2.1667": [-6.64, 1.16, 27.66],
						"3.2083": [-6.64, 1.16, 27.66],
						"3.4583": [-6.94, -3.84, 27.66],
						"3.7917": [-7.04, -4.04, 27.66]
					},
					"scale": [1, 1.5, 1]
				},
				"root": {
					"rotation": {
						"0.0": [0, 0, 0],
						"2.125": [3.5, -1.8, 3.00046],
						"2.3333": [8.62052, -0.76807, -2.91627],
						"3.2083": [8.54684, -1.36532, 1.0396],
						"3.4583": [6.53195, -1.86364, 4.73156],
						"3.7917": [0, 0, 0]
					},
					"position": {
						"0.0": [0, 0, 0],
						"2.125": [0.2, -0.2, -0.5],
						"2.3333": [0.1, 0.8, 0.8],
						"3.2083": [0.1, 0.8, 0.8],
						"3.4583": [0.3, 0.44, 0.51],
						"3.7917": [0, 0, 0]
					}
				},
				"bolt": {
					"rotation": {
						"0.0": [0, 0, 0],
						"2.3333": [0, 0, 0],
						"2.4583": [0, 0, 45],
						"2.5": [0, 0, 45],
						"2.5417": [0, 0, 45],
						"2.7917": [0, 0, 45],
						"2.9167": [0, 0, 45],
						"2.9583": [0, 0, 45],
						"3.0417": [0, 0, 0],
						"3.7917": [0, 0, 0]
					},
					"position": {
						"0.0": [0, 0, 0],
						"2.3333": [0, 0, 0],
						"2.4583": [0, 0, 0],
						"2.5": [0, 0, 0],
						"2.5417": [0, 0, 3.5],
						"2.7917": [0, 0, 3.5],
						"2.8333": [0, 0, 2.5],
						"2.9167": [0, 0, 0],
						"2.9583": [0, 0, 0],
						"3.0417": [0, 0, 0],
						"3.7917": [0, 0, 0]
					}
				},
				"firing_pin": {
					"rotation": {
						"0.0": [0, 0, 0],
						"2.4167": [0, 0, 0],
						"2.5": [0, 0, 0],
						"3.7917": [0, 0, 0]
					},
					"position": {
						"0.0": [0, 0, -0.3],
						"2.4167": [0, 0, -0.3],
						"2.5": [0, 0, 0],
						"3.7917": [0, 0, 0]
					}
				},
				"bolt_body": {
					"rotation": {
						"0.0": [0, 0, 0],
						"2.5": [0, 0, 0],
						"2.5417": [0, 0, 0],
						"2.7917": [0, 0, 0],
						"2.9167": [0, 0, 0],
						"3.7917": [0, 0, 0]
					},
					"position": {
						"0.0": [0, 0, 0],
						"2.5": [0, 0, 0],
						"2.5417": [0, 0, 3.5],
						"2.7917": [0, 0, 3.5],
						"2.8333": [0, 0, 2.53],
						"2.9167": [0, 0, 0],
						"3.7917": [0, 0, 0]
					}
				},
				"lifter": {
					"rotation": {
						"0.0": [0, 0, 0],
						"2.5": [0, 0, 0],
						"2.5417": [0, 0, 0],
						"2.6667": [0, 0, 0],
						"2.7917": [0, 0, 0],
						"2.9167": [0, 0, 0],
						"3.0": [0, 0, 0],
						"3.7917": [0, 0, 0]
					},
					"position": {
						"0.0": [0, 0, 0],
						"2.5": [0, 0, 0],
						"2.5417": [0, 1, 0],
						"2.625": [0, 0.9, 0],
						"2.6667": [0, 0.9, 0],
						"2.7917": [0, 0.9, 0],
						"2.875": [0, 0.9, 0],
						"2.9167": [0, 0.7, 0],
						"3.0": [0, 0, 0],
						"3.7917": [0, 0, 0]
					}
				},
				"lifter_bullet": {
					"rotation": {
						"0.0": [0, 0, 0],
						"2.5": [0, 0, 0],
						"2.5417": [-8.00481, 1.98053, -0.27846],
						"2.5833": [5, 0, 0],
						"2.625": [-8, 0, 0],
						"2.6667": [0, 0, 0],
						"2.7917": [0, 0, 0],
						"2.9167": [0, 0, 0],
						"2.9583": [0, 0, 0],
						"3.7917": [0, 0, 0]
					},
					"position": {
						"0.0": [0, 0, 0],
						"2.5": [0, 0, 0],
						"2.5417": [0, 0.4, 0],
						"2.5833": [0, 0.2, 0],
						"2.6667": [0, 0, 0],
						"2.7917": [0, 0, 0],
						"2.8333": [0, 0, 0],
						"2.875": [0, 0.1, -1.3],
						"2.9167": [0, 0.25, -2.62],
						"2.9583": {"pre": [0, 0.25, -2.62], "post": [0, 0, 0]},
						"3.7917": [0, 0, 0]
					}
				},
				"loading_gate": {
					"rotation": {
						"0.0": [-22, 0, 0],
						"0.5417": [-22, 0, 0],
						"0.625": [0, 0, 0],
						"3.7917": [0, 0, 0]
					},
					"position": {
						"0.0": [0, 0, 0],
						"0.5417": [0, 0, 0],
						"0.625": [0, 0, 0],
						"3.7917": [0, 0, 0]
					}
				},
				"front_sling": {
					"rotation": {
						"0.0": [0, 94, 0],
						"0.125": [0, 91, 0],
						"0.1667": [0, 109, 0],
						"0.2917": [0, 94, 0],
						"0.3333": [0, 85, 0],
						"0.4583": [0, 94, 0],
						"0.5417": [0, 94, 0],
						"0.625": [0, 103, 0],
						"0.75": [0, 94, 0],
						"0.8333": [0, 94, 0],
						"1.0": [0, 90, 0],
						"1.125": [0, 90, 0],
						"1.25": [0, 159, 0],
						"1.4167": [0, 97.2, 0],
						"1.5": [0, 56, 0],
						"1.625": [0, 105, 0],
						"1.75": [0, 135, 0],
						"1.9167": [0, 55.8, 0],
						"1.9583": [0, 22.28, 0],
						"2.0833": [0, 79, 0],
						"2.2083": [0, 76, 0],
						"2.3333": [0, 117, 0],
						"2.4583": [0, 139, 0],
						"2.5": [0, 139, 0],
						"2.5833": [0, 32, 0],
						"2.6667": [0, 62.67, 0],
						"2.7917": [0, 124, 0],
						"2.8333": [0, 133, 0],
						"2.9583": [0, 61, 0],
						"3.0417": [0, 37, 0],
						"3.2083": [0, 83, 0],
						"3.3333": [0, 117, 0],
						"3.4583": [0, 95, 0],
						"3.5833": [0, 112, 0],
						"3.7083": [0, 120, 0],
						"3.9583": [0, -17, 0],
						"4.0833": [0, 0, 0]
					},
					"position": {
						"0.0": [0, 0, 0],
						"0.5417": [0, 0, 0],
						"1.125": [0, 0, 0],
						"2.0833": [0, 0, 0],
						"2.5": [0, 0, 0],
						"2.8333": [0, 0, 0],
						"3.7083": [0, 0, 0],
						"3.9583": [0, 0, 0],
						"4.0833": [0, 0, 0]
					}
				},
				"constraint": {
					"rotation": {
						"0.0": [1, 1, 1],
						"1.4167": [1, 1, 1],
						"1.75": [1, 0.5, 1],
						"3.375": [1, 0.5, 1],
						"3.7917": [0, 0, 0]
					},
					"position": {
						"0.0": [1, 1, 1],
						"1.4167": [1, 1, 1],
						"1.75": [0.5, 1, 1],
						"3.375": [0.5, 1, 1],
						"3.7917": [0, 0, 0]
					}
				},
				"camera": {
					"rotation": {
						"0.0": [0.5, 0, 0],
						"0.5417": [0.5, 0, 0],
						"0.625": [0.495, 0, 0],
						"0.6667": [0.23, 0, 0.02],
						"0.7917": [0.25, 0, 0.03],
						"1.1667": [0.5, 0, 0],
						"1.25": [0.2, 0, 0.1],
						"1.3333": [0.2, 0, 0.2],
						"1.5": [0.2, 0, 0],
						"1.75": [0, 0, 0],
						"1.8333": [0, 0, 0],
						"1.9167": [0.2, 0, -0.3],
						"1.9583": [0.1, 0, -0.15],
						"2.0": [0, 0, 0],
						"2.1667": [0, 0, 0],
						"2.2917": [0, 0, -0.3],
						"2.3333": [0, 0, -0.3],
						"2.4583": [0, 0, -0.17],
						"2.5": [0, 0, -0.17],
						"2.5833": [0.5, 0, -0.3],
						"2.6667": [0.1, 0, -0.1],
						"2.7917": [0.1, 0, -0.1],
						"2.9167": [0, 0, -0.3],
						"2.9583": [0, 0, -0.3],
						"3.0417": [0.3, 0, -0.5],
						"3.2083": [0, 0, 0],
						"3.7917": [0, 0, 0]
					},
					"position": {
						"0.0": [0, 0, 0],
						"0.5417": [0, 0, 0],
						"0.625": [0, 0, 0],
						"1.1667": [0, 0, 0],
						"1.25": [0, 0, 0],
						"2.1667": [0, 0, 0],
						"2.2917": [0, 0, 0],
						"2.3333": [0, 0, 0],
						"2.4583": [0, 0, 0],
						"2.5": [0, 0, 0],
						"2.5833": [0, 0, 0],
						"2.7917": [0, 0, 0],
						"2.9167": [0, 0, 0],
						"2.9583": [0, 0, 0],
						"3.0417": [0, 0, 0],
						"3.2083": [0, 0, 0],
						"3.7917": [0, 0, 0]
					}
				},
				"weapon_positioning": {
					"rotation": [-4.9, -1.14, -3.8],
					"position": [-0.38, 1.08, -0.01]
				}
			},
			"sound_effects": {
				"0.0": {
					"effect": "antiques:vtterli_kar71/vtterli_kar71_reload_end"
				}
			}
		},
		"inspect_empty": {
			"animation_length": 7.625,
			"bones": {
				"vtterli_kar71": {
					"rotation": {
						"0.0": [4.95, 0.8, 4],
						"0.1667": [8.48802, 0.81459, -4.7219],
						"0.375": [9.66055, 0.83283, -15.27747],
						"0.5417": [8.60576, 1.28325, -18.24398],
						"0.6667": [7.60788, 1.28163, -18.24199],
						"0.7917": [6.27, 1.28, -18.24],
						"1.375": [5.60504, 1.2731, -17.85324],
						"2.125": [6.211, 1.16529, -16.85527],
						"2.75": [6.65, 1.16529, -16.85527],
						"3.0": [7.72621, 0.58731, -11.89346],
						"3.2083": [6.72602, -0.40581, -12.01058],
						"3.2917": [6.3, -0.41, -12.01],
						"3.4167": [7.33, -0.41, -12.01],
						"3.5417": [7.93, -0.41, -12.01],
						"3.6667": [7.97, -0.31, -12.72],
						"3.7917": [7.67, -0.24, -13.2],
						"4.4583": [7.93, -0.24, -13.2],
						"5.4167": [8.23, -0.35, -12.39],
						"5.875": [8.43, -0.37, -12.03],
						"6.2083": [12.08309, 1.86851, -9.96086],
						"6.4583": [7.83549, 5.71162, -19.18466],
						"6.5833": [7.85612, 6.72127, -14.99995],
						"6.6667": [8.64075, 6.62932, -10.5741],
						"6.7917": [9.65718, 3.39384, -3.87453],
						"7.0417": [4.95, 0.8, 4],
						"7.0833": [4.95, 0.8, 4]
					},
					"position": {
						"0.0": [0.3, -1.1, 0.1],
						"0.1667": [0.23, -1.3, -0.97],
						"0.375": [0.15, -1.35, -1.55],
						"0.5": [0.1, -1.1, -1.55],
						"0.6667": [0.1, -1.2, -1.55],
						"0.7917": [0.1, -1.37, -1.55],
						"1.375": [0.1, -1.7, -1.55],
						"2.125": [0.1, -1.65, -1.55],
						"2.75": [0.1, -1.55, -1.55],
						"3.0": [0.1, -1.75, -1.55],
						"3.2083": [0.1, -1.45, -1.55],
						"3.2917": [0.1, -1.35, -1.55],
						"3.4167": [0.1, -1.51, -1.55],
						"3.5417": [0.1, -1.51, -1.55],
						"3.6667": [0.1, -1.63, -1.55],
						"3.875": [0.1, -1.51, -1.55],
						"4.2917": [0.1, -1.44, -1.55],
						"5.5417": [0.1, -1.49, -1.55],
						"5.8333": [0.1, -1.5, -1.55],
						"6.2083": [0.18, -1.75, -0.92],
						"6.4583": [0.03, -1.85, -0.46],
						"6.5417": [-0.14, -1.95, -0.46],
						"6.7083": [0.23, -1.58, -0.46],
						"6.9167": [0.27, -0.94, -0.18],
						"7.0833": [0.3, -1.1, 0.1]
					}
				},
				"righthand": {
					"rotation": {
						"0.0": [120.87, 365.89, -152.95],
						"0.5": [130.06406, 376.66319, -181.91603],
						"2.8333": [130.06406, 376.66319, -181.91603],
						"3.0833": [120.87, 365.89, -152.95],
						"3.4583": [111.53497, 365.78675, -111.35352],
						"5.875": [111.53, 365.79, -111.35],
						"6.125": [111.53, 365.79, -111.35],
						"6.4583": [120.87, 365.89, -152.95],
						"7.0833": [120.87, 365.89, -152.95]
					},
					"position": {
						"0.0": [7.7, -10, 36.5],
						"0.5": [7.7, -10.5, 36.5],
						"2.8333": [7.7, -10.5, 36.5],
						"3.0833": [7.7, -10.5, 36.5],
						"3.4583": [1.7, -9.9, 37.5],
						"5.875": [1.7, -9.9, 37.5],
						"6.125": [1.7, -9.9, 37.5],
						"6.4583": [7.7, -10, 36.5],
						"7.0833": [7.7, -10, 36.5]
					},
					"scale": [1, 1.5, 1]
				},
				"lefthand": {
					"rotation": {
						"0.0": [105.4, 312.26, -133.79],
						"0.5": [89.76719, 309.07674, -109.5495],
						"2.8333": [89.76719, 309.07674, -109.5495],
						"3.0833": [90.75391, 310.07991, -109.52913],
						"3.4583": [96.60818, 312.06971, -109.33423],
						"3.5417": [96.48406, 313.06319, -109.1657],
						"5.875": [96.48, 313.06, -109.17],
						"6.125": [96.48, 313.06, -109.17],
						"6.4583": [88.71088, 311.94726, -105.82306],
						"6.5417": [97.52, 312.13, -122.6],
						"6.5833": [99.48, 312.17, -126.33],
						"6.625": [105.4, 312.26, -133.79],
						"6.6667": [103.4, 312.26, -133.79],
						"6.9167": [105.4, 312.26, -133.79],
						"7.0833": [105.4, 312.26, -133.79]
					},
					"position": {
						"0.0": [-7.04, -4.04, 27.66],
						"0.2917": [-5.14, -3.5, 27.66],
						"0.5": [-3.84, -3.54, 27.66],
						"2.8333": [-3.84, -3.54, 27.66],
						"3.0833": [-3.84, -4.34, 27.66],
						"3.4583": [-4.74, -4.24, 27.66],
						"3.5417": [-4.74, -4.24, 27.66],
						"5.875": [-4.74, -4.24, 27.66],
						"6.125": [-4.74, -3.94, 27.66],
						"6.4583": [-3.78, -2.93, 27.66],
						"6.5417": [-5.68, -3.48, 27.66],
						"6.5833": [-6.1, -3.6, 27.66],
						"6.625": [-7.04, -4.04, 27.66],
						"6.6667": [-6.94, -3.84, 27.66],
						"6.9167": [-7.04, -4.04, 27.66],
						"7.0833": [-7.04, -4.04, 27.66]
					},
					"scale": [1, 1.5, 1]
				},
				"vtterli_kar71_default": {
					"rotation": {
						"0.0": [0, 0, 0],
						"2.8333": [0, 0, 0],
						"3.25": [-1, 0, 39],
						"3.4583": [-3.00183, 1.99726, 65.89529],
						"3.5417": [-3.00046, 0.99863, 65.94766],
						"3.6667": [-3.05, 0.84, 62.95],
						"5.875": [-3.05, 0.84, 62.95],
						"6.0": [-3.00183, 1.99726, 65.89529],
						"6.125": [-2.33, 1.33, 56.93],
						"6.2083": [-1, 0, 39],
						"6.4583": [0, 0, 6],
						"6.7083": [0, 0, 6],
						"7.0833": [0, 0, 0]
					},
					"position": {
						"0.0": [0, 0, 0],
						"2.8333": [0, 0, 0],
						"3.25": [0, -0.5, 0],
						"3.4583": [0, -0.8, 0],
						"3.5417": [0, -0.8, 0],
						"3.6667": [0, -0.86, 0],
						"5.875": [0, -0.86, 0],
						"6.0": [0, -0.8, 0],
						"6.125": [0, -0.7, 0],
						"6.2083": [0, -0.5, 0],
						"6.4583": [0, 0, 0],
						"6.7083": [0, 0, 0],
						"7.0833": [0, 0, 0]
					}
				},
				"front_sling": {
					"rotation": {
						"0.0": [0, 0, 0],
						"0.1667": [0, -16, 0],
						"2.75": [0, -16, 0],
						"2.9167": [0, 0, 0],
						"3.0417": [0, 4.71, 0],
						"3.2083": [0, 102, 0],
						"3.2917": [0, 138, 0],
						"3.4167": [0, 172, 0],
						"3.5417": [0, 177, 0],
						"3.625": [0, 102, 0],
						"3.7917": [0, 23, 0],
						"3.8333": [0, 31, 0],
						"4.0": [0, 132, 0],
						"4.0417": [0, 122.25, 0],
						"4.25": [0, 41, 0],
						"4.2917": [0, 52, 0],
						"4.4583": [0, 113, 0],
						"4.625": [0, 53, 0],
						"4.8333": [0, 98, 0],
						"5.0417": [0, 66, 0],
						"5.2917": [0, 90, 0],
						"5.5833": [0, 76, 0],
						"5.75": [0, 83, 0],
						"5.9167": [0, 77, 0],
						"6.1667": [0, 102, 0],
						"6.2917": [0, 102, 0],
						"6.4583": [0, -15.29, 0],
						"6.5833": [0, 25, 0],
						"6.75": [0, -18, 0],
						"6.875": [0, -4, 0],
						"7.0": [0, -12, 0],
						"7.0833": [0, 0, 0]
					},
					"position": {
						"0.0": [0, 0, 0],
						"0.1667": [0, 0, 0],
						"2.75": [0, 0, 0],
						"2.9167": [0, 0, 0],
						"3.0417": [0, 0, 0],
						"3.2083": [0, 0, 0],
						"3.2917": [0, 0, 0],
						"3.625": [0, 0, 0],
						"5.9167": [0, 0, 0],
						"6.1667": [0, 0, 0],
						"6.2917": [0, 0, 0],
						"6.4583": [0, 0, 0],
						"6.5833": [0, 0, 0],
						"7.0833": [0, 0, 0]
					}
				},
				"weapon_positioning": {
					"rotation": [-4.9, -1.14, -3.8],
					"position": [-0.38, 1.08, -0.01]
				}
			}
		},
		"inspect": {
			"animation_length": 5.5833,
			"bones": {
				"vtterli_kar71": {
					"rotation": {
						"0.0": [4.95, 0.8, 4],
						"0.1667": [9.02772, 0.12037, 12.97342],
						"0.2917": [5.34051, -0.69713, 20.25],
						"0.4583": [1.20818, -3.95578, 32.9106],
						"0.5833": [0.01385, -4.27288, 33.94759],
						"0.625": [1.07279, -4.7, 27.39208],
						"0.7083": [2.22273, -5.82916, 27.64941],
						"0.7917": [1.85137, -6.14914, 30.29378],
						"0.9583": [3.25377, -5.38677, 29.63525],
						"1.0833": [1.30575, -5.32494, 29.06344],
						"1.2083": [3.43572, -5.17035, 27.6339],
						"1.5": [1.20349, -8.62096, 42.91853],
						"1.8333": [1.44514, -12.04968, 45.54431],
						"2.2083": [0.02249, -13.65081, 45.659],
						"2.375": [0.00997, -14.65067, 45.7127],
						"2.625": [2.55128, -15.85797, 43.59327],
						"3.0": [2.33137, -16.09252, 43.59657],
						"3.2917": [2.33137, -16.09252, 43.59657],
						"3.4167": [2.33137, -16.09252, 43.59657],
						"3.7917": [5.69543, -11.18427, 36.47275],
						"3.9167": [5.34, -11.35, 38.14],
						"4.0": [4.93, -11.61, 40.06],
						"4.0417": [4.93, -11.61, 40.06],
						"4.125": [5.90298, -11.75774, 35.36008],
						"4.25": [7.73969, -11.46135, 31.31474],
						"4.4167": [7.9472, -12.43878, 31.17647],
						"4.4583": [7.9472, -12.43878, 31.17647],
						"4.5833": [6.69153, -15.62023, 41.16595],
						"4.625": [6.69, -15.62, 41.17],
						"4.7083": [7.39, -15.45, 39.8],
						"4.8333": [9.53703, -15.25975, 31.44152],
						"4.9583": [12.84644, -12.69893, 24.94708],
						"5.0833": [12.85941, -3.99977, 14.92098],
						"5.1667": [11.31, 1.09, 4.47],
						"5.375": [4.95, 0.8, 4],
						"5.4583": [4.95, 0.8, 4]
					},
					"position": {
						"0.0": [0.3, -1.1, 0.1],
						"0.1667": [0.3, -1.4, -0.1],
						"0.2917": [0.5, -1.8, -0.19],
						"0.4583": [0.5, -1.63, -0.3],
						"0.5833": [0.5, -1.66, -0.3],
						"0.625": [0.5, -1.78, -0.3],
						"0.75": [0.5, -1.96, -0.3],
						"0.8333": [0.5, -1.86, -0.3],
						"0.9583": [0.5, -1.86, -0.3],
						"1.0833": [0.5, -2.36, -0.3],
						"1.2083": [0.5, -1.86, -0.3],
						"1.3333": [0.32, -1.79, -1.67],
						"1.4167": [0.23, -1.78, -1],
						"1.5": [0.33, -1.78, -0.7],
						"1.5417": [0.33, -1.78, -0.43],
						"1.9583": [0.33, -1.24, -0.74],
						"2.0833": [0.33, -1.33, -0.7],
						"2.2917": [0.33, -1.73, -0.7],
						"2.5": [0.33, -1.49, -0.9],
						"2.75": [0.33, -1.43, -0.85],
						"3.0": [0.33, -1.43, -0.84],
						"3.2917": [0.33, -1.43, -0.84],
						"3.4167": [0.33, -1.45, -0.8],
						"3.6667": [0.52, -2.28, -1],
						"3.7917": [0.5, -2.28, -1],
						"3.9167": [0.65, -2.28, -1],
						"4.0833": [0.64, -2.18, -1],
						"4.3333": [0.62, -2.28, -1],
						"4.4167": [0.62, -2.38, -1],
						"4.4583": [0.62, -2.38, -1],
						"4.5417": [0.82, -2.38, -1],
						"4.625": [0.92, -2.58, -1],
						"4.6667": [0.92, -2.58, -1],
						"4.7083": [0.92, -2.58, -1],
						"4.875": [0.62, -2.18, -1],
						"5.0": [0.42, -1.14, -0.1],
						"5.125": [0.36, -1.05, 0.1],
						"5.2083": [0.24, -1.31, 0.1],
						"5.4583": [0.3, -1.1, 0.1]
					}
				},
				"righthand": {
					"rotation": {
						"0.0": [120.87, 365.89, -152.95],
						"0.125": [115.94024, 364.31903, -167.83576],
						"0.2083": [117.07, 364.13, -167.02],
						"0.4583": [121.03849, 366.83812, -169.82926],
						"0.5833": [121.03849, 366.83812, -169.82926],
						"0.625": [117.68978, 359.84851, -156.48936],
						"0.7917": [117.68978, 359.84851, -156.48936],
						"0.9583": [115.94024, 364.31903, -167.83576],
						"1.7083": [115.94, 364.32, -167.84],
						"1.9583": [122.97764, 357.86384, -155.02925],
						"2.1667": [131.16, 353.92, -156.24],
						"2.3333": [131.03087, 353.07533, -154.75883],
						"2.5": [130.03087, 353.07533, -154.75883],
						"2.6667": [131.19922, 354.36405, -156.29754],
						"2.9583": [131.19922, 354.36405, -156.29754],
						"3.2083": [131.03087, 353.07533, -154.75883],
						"3.375": [131.20821, 351.56858, -156.08596],
						"3.5833": [137.39854, 345.16451, -163.95528],
						"3.875": [137.39854, 345.16451, -163.95528],
						"3.9167": [144.986, 355.624, -173.40805],
						"3.9583": [144.986, 355.624, -173.40805],
						"4.0417": [147.11088, 359.62064, -176.41573],
						"4.125": [147.0868, 360.77153, -178.35094],
						"4.3333": [132.03635, 370.55873, -185.67664],
						"4.4583": [120.87, 365.89, -152.95],
						"5.4583": [120.87, 365.89, -152.95]
					},
					"position": {
						"0.0": [7.7, -10, 36.5],
						"0.125": [7.7, -8.1, 33.62],
						"0.2083": [7.7, -8.58, 32.76],
						"0.4583": [7.7, -8.1, 29.6],
						"0.5833": [7.7, -8.1, 29.6],
						"0.625": [7.7, -10, 29.3],
						"0.7917": [7.7, -10, 29.3],
						"0.9583": [9.5, -7.3, 34.52],
						"1.7083": [9.5, -7.3, 34.52],
						"1.9167": [7.9, -12.8, 31.5],
						"2.1667": [8.1, -13.03, 26.64],
						"2.3333": [8.1, -13.2, 26.5],
						"2.5": [8.1, -12.8, 25.8],
						"2.6667": [8.1, -12.8, 25.8],
						"2.9583": [8.1, -12.8, 25.8],
						"3.2083": [8.1, -13.1, 26],
						"3.375": [8.1, -13.1, 26],
						"3.5833": [10.5, -15.2, 23.2],
						"3.875": [10.5, -15.2, 23.2],
						"3.9167": [10.5, -14, 23.4],
						"3.9583": [10.5, -14, 23.4],
						"4.0417": [10.5, -13.6, 23.9],
						"4.125": [10.5, -13.6, 23.9],
						"4.3333": [10.77, -10.07, 35.25],
						"4.4583": [7.7, -10, 36.5],
						"5.4583": [7.7, -10, 36.5]
					},
					"scale": {
						"0.0": [1, 1.5, 1],
						"3.5833": [1, 1.5, 1]
					}
				},
				"lefthand": {
					"rotation": {
						"0.0": [105.4, 312.26, -133.79],
						"0.1667": [104.4, 312.26, -133.79],
						"0.2917": [102.57, 315.06, -140.36],
						"0.4583": [100.13723, 318.78846, -149.11136],
						"0.9167": [100.13723, 318.78846, -149.11136],
						"1.125": [94.43646, 312.26, -133.79],
						"1.25": [97.69684, 316.82632, -154.5155],
						"1.375": [93.11, 320.48, -171.1],
						"3.3333": [93.11, 320.48, -171.1],
						"4.4583": [93.10515, 320.47938, -171.09589],
						"4.7083": [97.69684, 316.82632, -154.5155],
						"4.9167": [93.50426, 311.26183, -133.88088],
						"5.0833": [105.4, 312.26, -133.79],
						"5.4583": [105.4, 312.26, -133.79]
					},
					"position": {
						"0.0": [-7.04, -4.04, 27.66],
						"0.1667": [-6.94, -3.84, 27.66],
						"0.2917": [-6.71, -2.53, 27.66],
						"0.4583": [-6.74, -1.24, 27.66],
						"0.9167": [-6.74, -1.24, 27.66],
						"1.125": [-4.24, -2.44, 27.66],
						"1.375": [-6.21, 1.88, 27.66],
						"3.3333": [-6.21, 1.88, 28.08],
						"4.4583": [-6.21, 1.88, 27.66],
						"4.9167": [-4.24, -2.44, 27.66],
						"5.0833": [-7.04, -4.04, 27.66],
						"5.4583": [-7.04, -4.04, 27.66]
					},
					"scale": [1, 1.5, 1]
				},
				"root": {
					"rotation": {
						"1.5": [0, 0, 0],
						"1.7083": [0, 0, 5],
						"1.9167": [0, 0, 5],
						"3.0": [1, 0.55, 5],
						"3.7083": [0.55, 0.55, 5],
						"4.125": [0.24, 0.8, 4],
						"4.5": [0, 0, 5],
						"4.625": [-0.97, -0.48, 2.74],
						"4.8333": [-0.41, -0.53, 1.04],
						"5.0": [0, 0, 0]
					},
					"position": {
						"1.5": [0, 0, 0],
						"1.7083": [0, 0, 0],
						"1.9167": [0, 0, 0],
						"4.5": [0, 0, 0],
						"4.625": [0, -0.37, 0],
						"4.8333": [0, -0.56, 0],
						"5.0": [0, 0, 0]
					}
				},
				"front_sling": {
					"rotation": {
						"0.0": [0, 0, 0],
						"0.0833": [0, 13.5, 0],
						"0.2917": [0, 133, 0],
						"0.4583": [0, 54, 0],
						"0.5833": [0, 104.5, 0],
						"0.7083": [0, 59, 0],
						"0.8333": [0, 86, 0],
						"0.9583": [0, 101, 0],
						"1.0833": [0, 70, 0],
						"1.2083": [0, 83, 0],
						"1.25": [0, 83, 0],
						"1.3333": [0, 119, 0],
						"1.5": [0, 146, 0],
						"1.5417": [0, 146, 0],
						"1.6667": [0, 68, 0],
						"1.7917": [0, 119.86, 0],
						"1.9167": [0, 81, 0],
						"2.0": [0, 94, 0],
						"3.4583": [0, 94, 0],
						"3.5833": [0, 91, 0],
						"3.625": [0, 109, 0],
						"3.75": [0, 94, 0],
						"3.7917": [0, 85, 0],
						"3.9167": [0, 94, 0],
						"4.0": [0, 94, 0],
						"4.0833": [0, 103, 0],
						"4.2083": [0, 94, 0],
						"4.2917": [0, 94, 0],
						"4.4583": [0, 90, 0],
						"4.5833": [0, 90, 0],
						"4.7083": [0, 159, 0],
						"4.9583": [0, 56, 0],
						"5.0833": [0, 105, 0],
						"5.2083": [0, 135, 0],
						"5.375": [0, 8.8, 0],
						"5.4583": [0, 22.28, 0],
						"5.5833": [0, 0, 0]
					},
					"position": {
						"0.0": [0, 0, 0],
						"0.2917": [0, 0, 0],
						"0.5833": [0, 0, 0],
						"0.7083": [0, 0, 0],
						"0.8333": [0, 0, 0],
						"1.6667": [0, 0, 0],
						"1.9167": [0, 0, 0],
						"3.4583": [0, 0, 0],
						"4.0": [0, 0, 0],
						"4.5833": [0, 0, 0],
						"5.5833": [0, 0, 0]
					}
				},
				"loading_gate": {
					"rotation": {
						"0.0": [0, 0, 0],
						"0.4583": [0, 0, 0],
						"0.5833": [0, 0, 0],
						"0.625": [-22, 0, 0],
						"0.7917": [-22, 0, 0],
						"3.875": [-22, 0, 0],
						"3.9167": {
							"pre": [-22, 0, 0],
							"post": [0, 0, 0]
						}
					},
					"position": {
						"0.0": [0, 0, 0],
						"0.4583": [0, 0, 0],
						"0.5833": [0, 0, 0],
						"0.625": [0, 0, 0],
						"0.7917": [0, 0, 0],
						"3.875": [0, 0, 0],
						"3.9167": [0, 0, 0]
					}
				},
				"constraint": {
					"rotation": {
						"0.0": [0, 0, 0],
						"0.25": [1, 1, 1],
						"4.4583": [1, 1, 1],
						"5.0417": [1, 0.5, 1],
						"5.4583": [0, 0, 0]
					},
					"position": {
						"0.0": [0, 0, 0],
						"0.25": [1, 1, 1],
						"4.4583": [1, 1, 1],
						"5.0417": [0.5, 1, 1],
						"5.4583": [0, 0, 0]
					}
				},
				"camera": {
					"rotation": {
						"0.0": [0, 0, 0],
						"0.125": [0.3, 0, 0.05],
						"0.4583": [0, 0, 0],
						"0.5833": [0, 0, 0],
						"0.6667": [0.3, 0, -0.1],
						"0.75": [0.17, 0, -0.03],
						"0.8333": [0, 0, 0],
						"1.1667": [0, 0, 0],
						"1.2917": [0.3, 0, 0.05],
						"1.5": [0.11, 0, 0.03],
						"1.75": [0.5, 0, 0],
						"3.3333": [0.5, 0, 0],
						"3.5833": [-0.05, 0, 0.08],
						"3.875": [0.5, 0, 0],
						"3.9583": [0.495, 0, 0],
						"4.0": [0.23, 0, 0.02],
						"4.125": [0.25, 0, 0.03],
						"4.4583": [0.2, 0, 0],
						"4.5417": [0.2, 0, 0.1],
						"4.625": [0.2, 0, 0.2],
						"4.7917": [0.2, 0, 0],
						"5.0417": [0, 0, 0],
						"5.125": [0, 0, 0],
						"5.2083": [0.2, 0, -0.3],
						"5.2917": [0.1, 0, -0.15],
						"5.3333": [0, 0, 0],
						"5.4583": [0, 0, 0]
					},
					"position": {
						"0.0": [0, 0, 0],
						"0.4583": [0, 0, 0],
						"0.5833": [0, 0, 0],
						"0.8333": [0, 0, 0],
						"1.1667": [0, 0, 0],
						"1.5": [0, 0, 0],
						"1.75": [0, 0, 0],
						"3.3333": [0, 0, 0],
						"3.875": [0, 0, 0],
						"3.9583": [0, 0, 0],
						"4.4583": [0, 0, 0],
						"4.5417": [0, 0, 0],
						"5.4583": [0, 0, 0]
					}
				},
				"vtterli_kar71_default": {
					"rotation": {
						"1.2083": [0, 0, 0],
						"1.4167": [0, 0, 11],
						"4.4583": [0, 0, 11],
						"4.75": [0, 0, 0]
					},
					"position": {
						"1.3333": [0, 0, 0],
						"4.4583": [0, 0, 0],
						"4.6667": [0, 0, 0]
					}
				},
				"lifter_bullet": {
					"rotation": {
						"2.2917": [0, 0, 0],
						"2.4167": [0, 0, 0],
						"3.2083": [0, 0, 0],
						"3.3333": [0, 0, 0]
					},
					"position": {
						"2.2917": [0, 0, 0],
						"2.4167": [0, 0, -0.6],
						"3.2083": [0, 0, -0.6],
						"3.3333": [0, 0, 0]
					}
				},
				"weapon_positioning": {
					"rotation": [-4.9, -1.14, -3.8],
					"position": [-0.38, 1.08, -0.01]
				}
			},
			"sound_effects": {
				"0.0": {
					"effect": "antiques:vtterli_kar71/vtterli_kar71_inspect"
				}
			}
		},
		"run_start": {
			"animation_length": 0.5,
			"bones": {
				"root": {
					"rotation": {
						"0.0": [0, 0, 0],
						"0.1667": [-3.99, -11.82, 29.38],
						"0.2917": [-14.90352, -17.46786, 53.14043],
						"0.375": [-12.06943, -19.89425, 47.24904],
						"0.4583": [-12.99, -18.92, 47.01]
					},
					"position": {
						"0.0": [0, 0, 0],
						"0.125": [0.32, -1.41, 0.03],
						"0.2917": [0.51, -3.83, 1],
						"0.375": [0.51, -3.53, 1],
						"0.4583": [0.51, -3.53, 1]
					}
				},
				"front_sling": {
					"rotation": {
						"0.0": [0, 0, 0],
						"0.0833": [0, -18, 0],
						"0.2083": [0, -18, 0],
						"0.3333": [0, -18, 0],
						"0.4583": [0, 118, 0]
					},
					"position": {
						"0.0": [0, 0, 0],
						"0.0833": [0, 0, 0],
						"0.2083": [0, 0, 0],
						"0.3333": [0, 0, 0],
						"0.4583": [0, 0, 0]
					}
				},
				"weapon_positioning": {
					"rotation": {
						"0.0": [0, 0, 0],
						"0.125": [3.1286, -0.09848, 10.11382],
						"0.2083": [2.09, -0.25, 7.96],
						"0.3333": [1.06, -0.41, 5.81],
						"0.4167": [1.54674, -3.48762, 0.33636],
						"0.4583": [0.91, -2.8, 0.63]
					},
					"position": {
						"0.0": [0, 0, 0],
						"0.125": [0.19, -0.69, -2.34],
						"0.2083": [0.27, -0.57, -2.67],
						"0.3333": [0.35, -0.45, -2.99],
						"0.4583": [0, 0.03, -3.2]
					}
				}
			}
		},
		"run": {
			"loop": true,
			"animation_length": 0.6667,
			"bones": {
				"root": {
					"rotation": {
						"0.0": [-12.99, -18.92, 47.01],
						"0.6667": [-12.99, -18.92, 47.01]
					},
					"position": {
						"0.0": [0.51, -3.53, 1],
						"0.6667": [0.51, -3.53, 1]
					}
				},
				"front_sling": {
					"rotation": {
						"0.0": [0, 126.5, 0],
						"0.0833": [0, 62, 0],
						"0.2083": [0, 135, 0],
						"0.25": [0, 121, 0],
						"0.4167": [0, 82, 0],
						"0.5": [0, 135, 0],
						"0.5417": [0, 121, 0],
						"0.6667": [0, 95.33, 0]
					},
					"position": {
						"0.0": [0, 0, 0],
						"0.2083": [0, 0, 0],
						"0.5": [0, 0, 0],
						"0.6667": [0, 0, 0]
					}
				},
				"weapon_positioning": {
					"rotation": {
						"0.0": [0.27, -2.11, 0.92],
						"0.1667": [0.8932, -0.91564, -3.20014],
						"0.25": [-0.98389, -1.41207, -2.44051],
						"0.3333": [-2.08, -1.35, 1.36],
						"0.4583": [0.59526, -2.36433, -0.3882],
						"0.5417": [-0.5, -1.52, -0.6],
						"0.6667": [-0.17, -1.77, 0.38]
					},
					"position": {
						"0.0": [-0.2, 0.4, -3.2],
						"0.0833": [0, -0.1, -3.2],
						"0.25": [-0.1, 0.3, -3.2],
						"0.4167": [0, -0.3, -3.2],
						"0.5417": [0, 0.2, -3.2],
						"0.6667": [-0.13, 0.33, -3.2]
					}
				}
			}
		},
		"run_hold": {
			"loop": true,
			"bones": {
				"root": {
					"rotation": [-12.99, -18.92, 47.01],
					"position": [0.51, -3.53, 1]
				},
				"front_sling": {
					"rotation": [0, 126.5, 0],
					"position": [0, 0, 0]
				},
				"weapon_positioning": {
					"rotation": [0.27, -2.11, 0.92],
					"position": [-0.2, 0.4, -3.2]
				}
			}
		},
		"run_end": {
			"animation_length": 0.6667,
			"bones": {
				"root": {
					"rotation": {
						"0.0": [-12.99, -18.92, 47.01],
						"0.0833": [-5.56415, -24.37717, 38.33071],
						"0.25": [4.05927, -14.63257, 28.71327],
						"0.375": [8.02433, -4.71953, 23.95239],
						"0.5": [7.91, -2.78, 18.68],
						"0.6667": [0, 0, 0]
					},
					"position": {
						"0.0": [0.51, -3.53, 1],
						"0.1667": [-1.22, -1.32, 0.75],
						"0.25": [-1.22, -1.32, 0.75],
						"0.375": [-1.23, -0.95, 1.33],
						"0.4583": [-1.27, -0.59, 1.11],
						"0.6667": [0, 0, 0]
					}
				},
				"front_sling": {
					"rotation": {
						"0.0": [0, 113.44, 0],
						"0.125": [0, 83.63, 0],
						"0.2083": [0, 86.75, 0],
						"0.3333": [0, 31.64, 0],
						"0.4167": [0, -16.4, 0],
						"0.5417": [0, 9.52, 0],
						"0.6667": [0, 0, 0]
					},
					"position": {
						"0.0": [0, 0, 0],
						"0.3333": [0, 0, 0],
						"0.4167": [0, 0, 0],
						"0.6667": [0, 0, 0]
					}
				}
			}
		},
		"walk_aiming": {
			"loop": true,
			"animation_length": 1,
			"bones": {
				"root": {
					"rotation": {
						"0.0": [0, 0, 0],
						"0.1667": [-0.29, -0.48, -0.32],
						"0.25": [0.55, -0.01, -0.75],
						"0.4583": [0.92, 0.2, -0.94],
						"0.5417": [0.16, 0.87, -1],
						"0.6667": [-0.67, 0.95, -1.06],
						"0.9167": [0.93, 0.44, -0.26],
						"1.0": [0.23, 0.11, -0.07]
					},
					"position": {
						"0.0": [0, 0, 0],
						"0.2083": [0, -0.01, 0],
						"0.3333": [0, -0.05, 0],
						"0.5417": [0, 0.09, 0],
						"0.5833": [0, 0.11, 0],
						"0.7917": [-0.02, -0.05, 0],
						"1.0": [0, -0.02, 0]
					}
				},
				"front_sling": {
					"rotation": {
						"0.0": [0, 0, 0],
						"0.0833": [0, -16, 0],
						"0.25": [0, 0, 0],
						"0.3333": [0, 0, 0],
						"0.4167": [0, 6, 0],
						"0.625": [0, -11, 0],
						"0.75": [0, 0, 0],
						"0.9167": [0, 0, 0]
					},
					"position": {
						"0.0": [0, 0, 0],
						"0.3333": [0, 0, 0],
						"0.75": [0, 0, 0],
						"0.9167": [0, 0, 0]
					}
				},
				"constraint": {
					"rotation": {
						"0.0": [1, 1, 1],
						"1.0": [1, 1, 1]
					},
					"position": {
						"0.0": [1, 1, 1],
						"1.0": [1, 1, 1]
					}
				}
			}
		},
		"walk_forward": {
			"loop": true,
			"animation_length": 0.9167,
			"bones": {
				"root": {
					"rotation": {
						"0.0": [0, 0, 0],
						"0.125": [-2.25, 0, 0],
						"0.25": [-1, -0.73, 1.51],
						"0.375": [0.81, -0.99, 1.8],
						"0.5": [-1.08, -1.34, 1.56],
						"0.5833": [-2.08, -1.35, 1.36],
						"0.75": [-0.79, -0.93, 0.38],
						"0.9167": [0, 0, 0]
					},
					"position": {
						"0.0": [0, 0, 0],
						"0.125": [0, 0.1, 0],
						"0.2917": [0, -0.1, 0],
						"0.5": [0, 0.2, 0],
						"0.5417": [0, 0.2, 0],
						"0.75": [0, -0.1, 0],
						"0.9167": [0, 0, 0]
					}
				},
				"front_sling": {
					"rotation": {
						"0.0": [0, 0, 0],
						"0.0833": [0, -16, 0],
						"0.2083": [0, 0, 0],
						"0.2917": [0, 0, 0],
						"0.375": [0, 6, 0],
						"0.5417": [0, -11, 0],
						"0.6667": [0, 0, 0],
						"0.75": [0, -16, 0],
						"0.9167": [0, 0, 0]
					},
					"position": {
						"0.0": [0, 0, 0],
						"0.2917": [0, 0, 0],
						"0.6667": [0, 0, 0],
						"0.9167": [0, 0, 0]
					}
				}
			}
		},
		"walk_sideway": {
			"loop": true,
			"animation_length": 0.9167,
			"bones": {
				"root": {
					"rotation": {
						"0.0": [0, 0, 0],
						"0.1667": [-2.34, 1.12, -1.18],
						"0.25": [-1.05, 1.08, -0.75],
						"0.4167": [1.67, 0.61, -1.32],
						"0.5417": [-0.06, -0.37, -1.63],
						"0.7083": [-2.08, -1.35, 1.36],
						"0.7917": [-1.08, -1.34, 1.56],
						"0.9167": [0, 0, 0]
					},
					"position": {
						"0.0": [0, 0, 0],
						"0.2083": [0, 0.2, 0],
						"0.25": [0, 0.2, 0],
						"0.5": [0, -0.1, 0],
						"0.75": [0, 0.2, 0],
						"0.7917": [0, 0.2, 0],
						"0.9167": [0, 0, 0]
					}
				},
				"front_sling": {
					"rotation": {
						"0.0": [0, 0, 0],
						"0.0833": [0, 0, 0],
						"0.1667": [0, -16, 0],
						"0.2917": [0, 0, 0],
						"0.375": [0, 0, 0],
						"0.4583": [0, 6, 0],
						"0.7917": [0, -11, 0],
						"0.9167": [0, 0, 0]
					},
					"position": {
						"0.0": [0, 0, 0],
						"0.0833": [0, 0, 0],
						"0.375": [0, 0, 0],
						"0.9167": [0, 0, 0]
					}
				}
			}
		},
		"walk_backward": {
			"loop": true,
			"animation_length": 0.9167,
			"bones": {
				"root": {
					"rotation": {
						"0.0": [0, 0, 0],
						"0.1667": [-2.34, 1.12, -1.18],
						"0.25": [-1.05, 1.08, -0.75],
						"0.4167": [1.67, 0.61, -1.32],
						"0.5417": [-0.06, -0.37, -1.63],
						"0.7083": [-2.08, -1.35, 1.36],
						"0.7917": [-1.08, -1.34, 1.56],
						"0.9167": [0, 0, 0]
					},
					"position": {
						"0.0": [0, 0, 0],
						"0.2083": [0, 0.2, 0],
						"0.25": [0, 0.2, 0],
						"0.5": [0, -0.1, 0],
						"0.75": [0, 0.2, 0],
						"0.7917": [0, 0.2, 0],
						"0.9167": [0, 0, 0]
					}
				},
				"front_sling": {
					"rotation": {
						"0.0": [0, 0, 0],
						"0.0833": [0, 0, 0],
						"0.1667": [0, -16, 0],
						"0.2917": [0, 0, 0],
						"0.375": [0, 0, 0],
						"0.4583": [0, 6, 0],
						"0.7917": [0, -11, 0],
						"0.9167": [0, 0, 0]
					},
					"position": {
						"0.0": [0, 0, 0],
						"0.0833": [0, 0, 0],
						"0.375": [0, 0, 0],
						"0.9167": [0, 0, 0]
					}
				}
			}
		},
		"melee_stock": {
			"animation_length": 1.25,
			"bones": {
				"root": {
					"rotation": {
						"0.0": [0, 0, 0],
						"0.125": [4.78342, -6.67269, 12.05963],
						"0.2917": [-110.43307, 3.19716, 132.19887],
						"0.375": [-130.06857, 2.4267, 128.70335],
						"0.4583": [-125.86, -2.28, 125.96],
						"0.625": [-99.23968, -21.48377, 101.7995],
						"0.75": [-35.7302, -39.88715, 45.6266],
						"0.9583": [6.62044, -8.87899, 13.38455],
						"1.0417": [8.84246, 3.04735, 0.99624],
						"1.25": [0, 0, 0]
					},
					"position": {
						"0.0": [0, 0, 0],
						"0.125": [-0.4, -1.9, 2.3],
						"0.2917": [8.4, -0.9, -6.1],
						"0.375": [8.3, -0.9, -6.3],
						"0.4583": [7.93, -0.97, -6.19],
						"0.625": [5.33, -2, -4.7],
						"0.75": [3.24, -1.27, -3.04],
						"1.0417": [0.3, -0.9, 0.1],
						"1.25": [0, 0, 0]
					}
				},
				"vtterli_kar71": {
					"rotation": [4.95, 0.8, 4],
					"position": [0.3, -1.1, 0.1]
				},
				"righthand": {
					"rotation": {
						"0.0": [120.87, 365.89, -152.95],
						"0.2083": [76.77215, 344.62793, -162.85474],
						"0.2917": [27.7602, 334.98166, -142.55959],
						"0.4583": [27.7602, 334.98166, -142.55959],
						"0.5417": [32.31113, 343.55125, -152.0094],
						"0.625": [32.31113, 343.55125, -152.0094],
						"0.75": [54.45, 349.14, -152.24],
						"1.0833": [120.87, 365.89, -152.95],
						"1.25": [120.87, 365.89, -152.95]
					},
					"position": {
						"0.0": [7.7, -10, 36.5],
						"0.125": [13.32, -5.25, 36.28],
						"0.2083": [18.95, 1.6, 34.45],
						"0.2917": [22.6, 5.9, 22.4],
						"0.4583": [22.6, 5.9, 22.4],
						"0.5417": [20.2, 7.9, 24.8],
						"0.625": [20.2, 7.9, 24.8],
						"0.75": [19.31, 3.74, 30.63],
						"0.9583": [12.3, -5.69, 37.32],
						"1.0833": [7.7, -10.7, 35.9],
						"1.25": [7.7, -10, 36.5]
					},
					"scale": [1, 1.5, 1]
				},
				"lefthand": {
					"rotation": {
						"0.0": [105.4, 312.26, -133.79],
						"0.2083": [103.4, 312.26, -133.79],
						"0.3333": [87.55385, 317.90605, -184.38891],
						"0.5417": [92.6175, 298.43214, -172.18624],
						"0.7083": [89.6175, 298.43214, -172.18624],
						"0.8333": [97.9305, 303.96328, -156.82775],
						"1.0417": [103.4, 312.26, -133.79],
						"1.25": [105.4, 312.26, -133.79]
					},
					"position": {
						"0.0": [-7.04, -4.04, 27.66],
						"0.2083": [-6.74, -4.84, 26.46],
						"0.25": [-4.19, -0.84, 26.46],
						"0.3333": [-5.64, 3.96, 26.46],
						"0.4583": [-1.31, 2.53, 25.2],
						"0.5417": [1.6, 0.85, 24.25],
						"0.7083": [1.7, 1.85, 24.35],
						"0.8333": [-1.42, -2.11, 25.79],
						"1.0417": [-6.64, -3.64, 27.46],
						"1.25": [-7.04, -4.04, 27.66]
					},
					"scale": [1, 1.5, 1]
				}
			}
		}
	}
}