{
	"format_version": "1.8.0",
	"animations": {
		"idle": {
			"animation_length": 16.8333,
			"bones": {
				"root": {
					"rotation": {
						"0.0": [0, 0, 0],
						"0.5833": [0, 0, 0],
						"0.7917": [0, 0, 0],
						"2.2917": [0, 0.05, 0],
						"2.9167": [0, 0, 0],
						"3.5": [0, 0, 0],
						"3.7083": [0, 0, 0],
						"5.0": [0, -0.05, 0],
						"5.7083": [0, 0, 0],
						"6.2917": [0, 0, 0],
						"6.5": [0, 0, 0],
						"7.7917": [0, -0.05, 0],
						"8.5": [0, 0, 0],
						"10.5": [0, -0.5, 0.1],
						"11.4167": [0, -0.1, -0.15],
						"11.7083": [-0.2, 0, -0.04],
						"12.0833": [-0.96189, -0.02589, -0.8],
						"12.5833": [-1.05184, -0.00945, -0.72368],
						"12.9167": [-1.05, -0.01, -0.72],
						"13.2917": [-0.8, -0.01, 0.3],
						"13.7917": [-0.49222, 0.01103, 1.66146],
						"14.5833": [0, 0, 0],
						"15.0833": [0, 0, 0],
						"15.2917": [0, 0, 0],
						"15.9167": [0, 0, 0]
					},
					"position": {
						"0.0": [0, 0, 0],
						"0.5833": [0, 0.025, 0],
						"1.0": [0, 0, 0],
						"1.7083": [-0.01, -0.02, 0],
						"2.9167": [0, 0, 0],
						"3.5": [0, 0.025, 0],
						"3.9167": [0, 0, 0],
						"4.7083": [-0.01, -0.02, 0],
						"5.7083": [0, 0, 0],
						"6.2917": [0, 0.025, 0],
						"6.7083": [0, 0, 0],
						"7.5": [-0.01, -0.02, 0],
						"8.5": [0, 0, 0],
						"9.5": [0, -0.1, 0],
						"10.2917": [0, -0.08, 0],
						"11.0": [0, -0.06, 0],
						"11.7083": [0, -0.04, 0],
						"12.0833": [0, 0.1, 0],
						"12.4167": [0, 0.15, 0],
						"12.7083": [0, 0.18, 0],
						"12.9167": [0, 0.2, 0],
						"13.2917": [0, 0.1, 0],
						"13.9167": [0, -0.06, 0],
						"14.0833": [0, -0.08, 0],
						"14.5833": [0, 0, 0],
						"15.0833": [0, 0.025, 0],
						"15.2917": [0, 0, 0],
						"15.9167": [0, 0, 0]
					}
				},
				"constraint": {
					"rotation": [0.3, 0.3, 0.3],
					"position": [0.3, 0.3, 0.3]
				},
				"weapon_positioning": {
					"rotation": {
						"0.0": [0, 0, 0],
						"0.4167": [-0.04, -0.31, -0.4],
						"0.9167": [-0.36, -0.31, -0.79],
						"1.2917": [-0.3, -0.26, -0.22],
						"1.5833": [-0.32, -0.19, 0.35],
						"2.0": [-0.21, -0.12, 0.26],
						"2.2917": [-0.19, -0.03, 0.07],
						"2.7083": [-0.24, 0.04, -0.07],
						"3.5833": [-0.11, 0.03, 0.23],
						"4.2083": [0, 0, 0],
						"4.625": [-0.04, -0.31, -0.4],
						"5.125": [-0.36, -0.31, -0.79],
						"5.5": [-0.3, -0.26, -0.22],
						"5.7917": [-0.32, -0.19, 0.35],
						"6.2083": [-0.21, -0.12, 0.26],
						"6.5": [-0.19, -0.03, 0.07],
						"6.9167": [-0.24, 0.04, -0.07],
						"7.7917": [-0.11, 0.03, 0.23],
						"8.4167": [0, 0, 0],
						"8.8333": [-0.04, -0.31, -0.4],
						"9.3333": [-0.36, -0.31, -0.79],
						"9.7083": [-0.3, -0.26, -0.22],
						"10.0": [-0.32, -0.19, 0.35],
						"10.4167": [-0.21, -0.12, 0.26],
						"10.7083": [-0.19, -0.03, 0.07],
						"11.125": [-0.24, 0.04, -0.07],
						"12.0": [-0.11, 0.03, 0.23],
						"12.625": [0, 0, 0],
						"13.0417": [-0.04, -0.31, -0.4],
						"13.5417": [-0.36, -0.31, -0.79],
						"13.9167": [-0.3, -0.26, -0.22],
						"14.2083": [-0.32, -0.19, 0.35],
						"14.625": [-0.21, -0.12, 0.26],
						"14.9167": [-0.19, -0.03, 0.07],
						"15.3333": [-0.24, 0.04, -0.07],
						"16.2083": [-0.11, 0.03, 0.23],
						"16.8333": [0, 0, 0]
					},
					"position": {
						"0.0": [0, 0, 0],
						"1.5833": [-0.05, -0.02, 0],
						"3.7083": [-0.03, -0.01, 0],
						"4.2083": [0, 0, 0],
						"5.7917": [-0.05, -0.02, 0],
						"7.9167": [-0.03, -0.01, 0],
						"8.4167": [0, 0, 0],
						"10.0": [-0.05, -0.02, 0],
						"12.125": [-0.03, -0.01, 0],
						"12.625": [0, 0, 0],
						"14.2083": [-0.05, -0.02, 0],
						"16.3333": [-0.03, -0.01, 0],
						"16.8333": [0, 0, 0]
					}
				}
			}
		},
		"static_idle": {
			"loop": true,
			"bones": {
				"vtterli69_71": {
					"rotation": [4.95, 0.8, 4],
					"position": [0.3, -1.1, 0.1]
				},
				"firing_pin": {
					"rotation": [0, 0, 0],
					"position": [0, 0, 0]
				},
				"constraint": {
					"rotation": [0, 0, 0],
					"position": [0, 0, 0]
				},
				"righthand": {
					"rotation": [120.87, 365.89, -152.95],
					"position": [7.7, -10, 36.5],
					"scale": [1, 1.5, 1]
				},
				"lefthand": {
					"rotation": [105.4, 312.26, -133.79],
					"position": [-7.04, -4.04, 26.76],
					"scale": [1, 1.5, 1]
				},
				"weapon_positioning": {
					"rotation": [-4.86, -1.14, -3.82],
					"position": [-0.34, 1.1, 0]
				}
			}
		},
		"static_bolt_caught": {
			"loop": true,
			"bones": {
				"vtterli69_71": {
					"rotation": [4.95, 0.8, 4],
					"position": [0.3, -1.1, 0.1]
				},
				"mag_and_righthand": {
					"rotation": [0, 0, 0],
					"position": [0, 0, 0]
				},
				"bullet": {
					"rotation": [0, 0, 0],
					"position": [0, 0, 0]
				},
				"gun_and_lefthand": {
					"rotation": [0, 0, 0],
					"position": [0, 0, 0]
				},
				"bolt": {
					"rotation": [0, 0, 0],
					"position": [0, 0, 0]
				},
				"bolt_back": {
					"rotation": [0, 0, 0],
					"position": [0, 0, 0]
				},
				"firing_pin": {
					"rotation": [0, 0, 0],
					"position": [0, 0, -0.3]
				},
				"lifter": {
					"rotation": [0, 0, 0],
					"position": [0, 0, 0]
				},
				"bullet_in_barrel": {
					"rotation": [0, 0, 0],
					"position": [0, 0, 0]
				},
				"lifter_bullet": {
					"rotation": [0, 0, 0],
					"position": [0, 0, -3.7]
				},
				"constraint": {
					"rotation": [0, 0, 0],
					"position": [0, 0, 0]
				},
				"weapon_positioning": {
					"rotation": [-4.86, -1.14, -3.82],
					"position": [-0.34, 1.1, 0]
				}
			}
		},
		"slide": {
			"loop": true,
			"animation_length": 0.6667,
			"bones": {
				"root": {
					"rotation": {
						"0.0": [0, 0, 0],
						"0.125": [-1.99535, 0.85991, -0.92128],
						"0.3333": [-0.80012, 0.9999, 5.42604],
						"0.4583": [0.65925, 0.41153, 8.36971],
						"0.6667": [-0.32, 0.4, 6.37]
					},
					"position": {
						"0.0": [0, 0, 0],
						"0.2083": [0, 1.5, 0.8],
						"0.3333": [0, 2, 1.9],
						"0.4583": [0, 1.9, 1.9],
						"0.625": [0, 1.8, 1.9]
					}
				}
			}
		},
		"slide_idle": {
			"loop": true,
			"bones": {
				"root": {
					"rotation": [-0.32, 0.4, 6.37],
					"position": [0, 1.8, 1.9]
				}
			}
		},
		"slide_back": {
			"loop": true,
			"animation_length": 0.5417,
			"bones": {
				"root": {
					"rotation": {
						"0.0": [-0.32, 0.4, 6.37],
						"0.125": [-3.26667, 0, 5.30833],
						"0.2917": [-1.30852, -0.4, -2.28036],
						"0.4583": [0, 0, 0]
					},
					"position": {
						"0.0": [0, 1.8, 1.9],
						"0.1667": [0, 0.58, 0.67],
						"0.25": [0, -0.29, 0.47],
						"0.3333": [0, -0.59, 0.47],
						"0.5417": [0, 0, 0]
					}
				}
			}
		},
		"shoot": {
			"animation_length": 1,
			"bones": {
				"root": {
					"rotation": {
						"0.0": [0, 0, 0],
						"0.0417": [0, 0, 0],
						"0.0833": [-7.8, -0.37502, -8.3504],
						"0.2083": [-1.59, -0.14, -8.28],
						"0.375": [-0.25801, -1.25556, -1.58842],
						"0.5": [1.99939, -0.0349, 2.9997],
						"0.75": [-0.9997, -0.0349, -0.99939],
						"1.0": [0, 0, 0]
					},
					"position": {
						"0.0": [0, 0, 0],
						"0.0417": [0, 0, 0],
						"0.125": [0, 0.4, 0.9],
						"0.2083": [0, 0.14, 0.48],
						"0.2917": [0, -0.19, 0.25],
						"0.4583": [-0.1, -0.25, 0],
						"0.7083": [0, 0, 0]
					}
				},
				"firing_pin": {
					"rotation": {
						"0.0": [0, 0, 0],
						"0.0417": [0, 0, 0],
						"0.7083": [0, 0, 0]
					},
					"position": {
						"0.0": [0, 0, 0],
						"0.0417": [0, 0, -0.3],
						"0.7083": [0, 0, -0.3]
					}
				},
				"constraint": {
					"rotation": {
						"0.0": [0.5, 0.5, 0.5],
						"0.75": [0.5, 0.5, 0.5],
						"0.875": [0.2, 0.2, 0.2],
						"1.0": [1, 1, 1]
					},
					"position": {
						"0.0": [0.5, 0.5, 0.5],
						"0.75": [0.5, 0.5, 0.5],
						"0.875": [0.2, 0.2, 0.2],
						"1.0": [1, 1, 1]
					}
				},
				"camera": {
					"rotation": {
						"0.0": [0, 0, 0],
						"0.0417": [0, 0, 0],
						"0.0833": [-1.93741, -0.15638, -1.07987],
						"0.125": [-2.34, -0.62, -1.1],
						"0.2083": [-0.37, -0.12, -0.45],
						"0.2917": [0.84, -0.05, -0.19],
						"0.4583": [1.2, 0, 0],
						"0.6667": [-0.9, 0, 0],
						"0.9583": [0, 0, 0]
					},
					"position": {
						"0.0": [0, 0, 0],
						"0.0417": [0, 0, 0],
						"0.0833": [-0.05, 0, 0],
						"0.5417": [0, 0, 0],
						"0.9583": [0, 0, 0]
					}
				}
			}
		},
		"draw": {
			"animation_length": 3.5417,
			"bones": {
				"vtterli69_71": {
					"rotation": {
						"0.0": [-93.4953, -38.21021, -47.0051],
						"0.7083": [-93.4953, -38.21021, -47.0051],
						"0.875": [-10.96, -14.58, -24.04],
						"1.0": [7.61552, -4.26048, -14.01322],
						"1.125": [12.5728, -5.61104, 2.96913],
						"1.2083": [12.91, -3.56, 1.12],
						"1.4167": [9.79024, 4.80104, -7.19969],
						"1.5": [10.574, 3.84275, -5.44414],
						"1.6667": [15.37, 1.9, 2.91],
						"2.0417": [10.75, 2.2713, 4.31781],
						"2.2083": [6.74, 3.38, -0.62],
						"2.25": [6.74, 3.38, -0.62],
						"2.3333": [3.40062, 3.71417, -5.9583],
						"2.5833": [5.91, 3.6, -3.83],
						"2.7083": [9.64, 2.13, 5.39],
						"2.8333": [6.56091, 2.45, -3.03614],
						"2.9583": [7.3, 2.39, -1.38],
						"3.1667": [9.69, 2.58, 2.99],
						"3.2917": [10, 1.1, 5.09004],
						"3.5417": [4.95, 0.8, 4]
					},
					"position": {
						"0.0": [-7.7, -7.9, 5],
						"0.7083": [-7.7, -7.9, 5],
						"0.875": [-1.72, -3.47, 1.99],
						"1.0": [0.89, -1.62, 0.68],
						"1.125": [1.2, -1.39, 0.88],
						"1.375": [0.54, -0.12, 1.61],
						"1.5417": [0.1, -0.68, 1.8],
						"1.6667": [0.1, -0.45, 2],
						"1.875": [0.07, -0.58, 1.8],
						"2.0417": [0.18, -1.11, 0.93],
						"2.2083": [0.23, -1.8, 0.1],
						"2.2917": [0.23, -1.8, 0.1],
						"2.3333": [0.2, -2, 0.6],
						"2.4167": [0.2, -1.6, 0.3],
						"2.5833": [0.2, -1.4, 0.3],
						"2.6667": [0.2, -1.4, 0.1],
						"2.75": [0.2, -1.4, 0],
						"2.8333": [0.3, -1.6, 0],
						"2.9583": [0.3, -1.7, 0],
						"3.125": [0.4, -1.61, 0.13],
						"3.375": [0.2, -0.8, 0.1],
						"3.5417": [0.3, -1.1, 0.1]
					}
				},
				"righthand": {
					"rotation": {
						"0.0": [219.35375, 403.5658, 27.88042],
						"0.1667": [203.00544, 412.50505, 6.07771],
						"0.3333": [223.24, 401.34, 15.97],
						"0.4167": [230.9, 399.28, 17.89],
						"0.5417": [229.66, 400.21, 16.41],
						"0.7083": [226.4743, 402.5956, 12.61569],
						"0.75": [218.15837, 404.03009, 10.69684],
						"0.8333": [129.61016, 365.19183, -144.93784],
						"1.0833": [120.87, 365.89, -152.95],
						"1.7083": [120.87, 365.89, -152.95],
						"1.9167": [118.27276, 362.94864, -150.03849],
						"2.0417": [121.90633, 365.13269, -143.99887],
						"2.0833": [121.90633, 365.13269, -143.99887],
						"2.2083": [121.91, 365.13, -144],
						"2.25": [121.91, 365.13, -144],
						"2.2917": [127.91, 365.13, -144],
						"2.5417": [127.91, 365.13, -144],
						"2.6667": [121.91, 365.13, -144],
						"2.7083": [121.91, 365.13, -144],
						"2.7917": [121.90633, 365.13269, -143.99887],
						"2.9583": [120.87, 365.89, -152.95],
						"3.5417": [120.87, 365.89, -152.95]
					},
					"position": {
						"0.0": [0.83, 15.22, 18.93],
						"0.1667": [1.23, 4.82, 26.93],
						"0.3333": [0.59, 0.74, 26.93],
						"0.4167": [1.15, 0.97, 25.63],
						"0.5417": [0.61, 3.04, 24.5],
						"0.7083": [-0.77, 8.38, 21.61],
						"0.75": [0.43, 8.42, 21.63],
						"0.8333": [2.53, -11.3, 35.45],
						"1.0833": [7.7, -10, 36.5],
						"1.7083": [7.7, -10, 36.5],
						"1.875": [4.65, -10.3, 34.4],
						"2.0417": [3, -10.6, 32.3],
						"2.0833": [3, -10.6, 32.3],
						"2.2083": [2.2, -9.1, 32.3],
						"2.25": [2.2, -9.1, 32.3],
						"2.2917": [1.4, -10.3, 34],
						"2.5417": [1.4, -10.3, 34],
						"2.6667": [2.2, -9.1, 32.3],
						"2.7083": [2.2, -9.1, 32.3],
						"2.7917": [3.1, -10.6, 32.3],
						"2.9583": [7.7, -10, 36.5],
						"3.5417": [7.7, -10, 36.5]
					},
					"scale": [1, 1.5, 1]
				},
				"lefthand": {
					"rotation": {
						"0.0": [89.97963, 325.30174, -101.03879],
						"0.7083": [89.97963, 325.30174, -101.03879],
						"1.0833": [91.75, 320.91, -125.38],
						"1.25": [91.72223, 321.91359, -125.34074],
						"2.9583": [91.72223, 321.91359, -125.34074],
						"3.2083": [104.4, 312.26, -133.79],
						"3.5417": [105.4, 312.26, -133.79]
					},
					"position": {
						"0.0": [-6.94, 2.16, 29.76],
						"0.7083": [-6.94, 2.16, 26.76],
						"1.0833": [-6.34, 0.66, 26.76],
						"1.25": [-6.64, 1.16, 26.76],
						"2.9583": [-6.64, 1.16, 26.76],
						"3.2083": [-7.04, -3.84, 26.76],
						"3.5417": [-7.04, -4.04, 26.76]
					},
					"scale": [1, 1.5, 1]
				},
				"lifter_bullet": {
					"rotation": {
						"0.0": [0, 0, 0],
						"0.875": [0, 0, 0],
						"2.25": [0, 0, 0],
						"2.2917": [-8.00481, 1.98053, -0.27846],
						"2.3333": [5, 0, 0],
						"2.375": [-8, 0, 0],
						"2.4167": [0, 0, 0],
						"2.5417": [0, 0, 0],
						"2.6667": [0, 0, 0],
						"2.7083": [0, 0, 0],
						"3.5417": [0, 0, 0]
					},
					"position": {
						"0.0": [0, 0, 0],
						"0.875": [0, 0, 0],
						"2.25": [0, 0, 0],
						"2.2917": [0, 0.4, 0],
						"2.3333": [0, 0.2, 0],
						"2.4167": [0, 0, 0],
						"2.5417": [0, 0, 0],
						"2.5833": [0, 0, 0],
						"2.625": [0, 0.1, -1.3],
						"2.6667": [0, 0.25, -2.62],
						"2.7083": {
							"pre": [0, 0.25, -2.62],
							"post": [0, 0, 0]
						},
						"3.5417": [0, 0, 0]
					}
				},
				"root": {
					"rotation": {
						"0.0": [0.5, -1.8, 3.00046],
						"0.875": [0.5, -1.8, 3.00046],
						"1.875": [3.5, -1.8, 3.00046],
						"2.0833": [8.62052, -0.76807, -2.91627],
						"2.9583": [8.54684, -1.36532, 1.0396],
						"3.2083": [6.53195, -1.86364, 4.73156],
						"3.5417": [0, 0, 0]
					},
					"position": {
						"0.0": [0.2, -0.2, -0.5],
						"0.875": [0.2, -0.2, -0.5],
						"1.875": [0.2, -0.2, -0.5],
						"2.0833": [0.1, 0.8, 0.8],
						"2.9583": [0.1, 0.8, 0.8],
						"3.2083": [0.3, 0.44, 0.51],
						"3.5417": [0, 0, 0]
					}
				},
				"bolt": {
					"rotation": {
						"0.0": [0, 0, 0],
						"0.875": [0, 0, 0],
						"2.0833": [0, 0, 0],
						"2.2083": [0, 0, 45],
						"2.25": [0, 0, 45],
						"2.2917": [0, 0, 45],
						"2.5417": [0, 0, 45],
						"2.6667": [0, 0, 45],
						"2.7083": [0, 0, 45],
						"2.7917": [0, 0, 0],
						"3.5417": [0, 0, 0]
					},
					"position": {
						"0.0": [0, 0, 0],
						"0.875": [0, 0, 0],
						"2.0833": [0, 0, 0],
						"2.2083": [0, 0, 0],
						"2.25": [0, 0, 0],
						"2.2917": [0, 0, 3.5],
						"2.5417": [0, 0, 3.5],
						"2.5833": [0, 0, 2.5],
						"2.6667": [0, 0, 0],
						"2.7083": [0, 0, 0],
						"2.7917": [0, 0, 0],
						"3.5417": [0, 0, 0]
					}
				},
				"bolt_body": {
					"rotation": {
						"0.0": [0, 0, 0],
						"2.25": [0, 0, 0],
						"2.2917": [0, 0, 0],
						"2.5417": [0, 0, 0],
						"2.6667": [0, 0, 0],
						"3.5417": [0, 0, 0]
					},
					"position": {
						"0.0": [0, 0, 0],
						"2.25": [0, 0, 0],
						"2.2917": [0, 0, 3.5],
						"2.5417": [0, 0, 3.5],
						"2.5833": [0, 0, 2.53],
						"2.6667": [0, 0, 0],
						"3.5417": [0, 0, 0]
					}
				},
				"lifter": {
					"rotation": {
						"0.0": [0, 0, 0],
						"0.875": [0, 0, 0],
						"2.25": [0, 0, 0],
						"2.2917": [0, 0, 0],
						"2.4167": [0, 0, 0],
						"2.5417": [0, 0, 0],
						"2.6667": [0, 0, 0],
						"2.75": [0, 0, 0],
						"3.5417": [0, 0, 0]
					},
					"position": {
						"0.0": [0, 0, 0],
						"0.875": [0, 0, 0],
						"2.25": [0, 0, 0],
						"2.2917": [0, 1, 0],
						"2.375": [0, 0.9, 0],
						"2.4167": [0, 0.9, 0],
						"2.5417": [0, 0.9, 0],
						"2.625": [0, 0.9, 0],
						"2.6667": [0, 0.7, 0],
						"2.75": [0, 0, 0],
						"3.5417": [0, 0, 0]
					}
				},
				"gun_and_lefthand": {
					"rotation": {
						"0.0": [0, 0, 0],
						"0.2917": [0, 0, 0],
						"0.5833": [47.64683, 6.67593, -6.04962],
						"0.7083": [63.98286, 0.3476, 6.52686],
						"0.875": [0, 3, 0],
						"1.125": [0, 0, 0]
					},
					"position": {
						"0.0": [0, 0, 0],
						"0.2917": [0, 0, 0],
						"0.5833": [-2.1, -1.5, -1.8],
						"0.7083": [-2.2, -3.6, -3.1],
						"0.7917": [-1.25, -0.9, -3.5],
						"0.875": [-0.3, 0.2, -1.3],
						"1.125": [0, 0, 0]
					}
				},
				"camera": {
					"rotation": {
						"0.0": [0, 0, 0],
						"0.25": [0, 0, 0],
						"0.4167": [-0.03492, -0.1, 0.3],
						"0.5417": [0.2, -0.1, 0.5],
						"0.7083": [0.5, 0, 0.5],
						"0.7917": [0.5, 0, 0.5],
						"1.0417": [0.65, 0, 0.5],
						"1.375": [0, 0, 0],
						"1.5": [0.25, 0, -0.3],
						"1.5417": [0.15, 0, -0.15],
						"1.625": [0, 0, 0],
						"1.7083": [0, 0, 0],
						"2.0417": [0, 0, -0.3],
						"2.0833": [0, 0, -0.3],
						"2.2083": [0, 0, -0.17],
						"2.25": [0, 0, -0.17],
						"2.3333": [0.5, 0, -0.3],
						"2.4167": [0.1, 0, -0.1],
						"2.5417": [0.1, 0, -0.1],
						"2.6667": [0, 0, -0.3],
						"2.7083": [0, 0, -0.3],
						"2.7917": [0.3, 0, -0.5],
						"2.9583": [0, 0, 0],
						"3.5417": [0, 0, 0]
					},
					"position": {
						"0.0": [0, 0, 0],
						"0.25": [0, 0, 0],
						"0.4167": [0, 0, 0],
						"0.5417": [0, 0, 0],
						"0.7083": [0, 0, 0],
						"1.7083": [0, 0, 0],
						"2.0417": [0, 0, 0],
						"2.0833": [0, 0, 0],
						"2.2083": [0, 0, 0],
						"2.25": [0, 0, 0],
						"2.3333": [0, 0, 0],
						"2.5417": [0, 0, 0],
						"2.6667": [0, 0, 0],
						"2.7083": [0, 0, 0],
						"2.7917": [0, 0, 0],
						"2.9583": [0, 0, 0],
						"3.5417": [0, 0, 0]
					}
				},
				"constraint": {
					"rotation": [1, 1, 1],
					"position": [1, 1, 1]
				},
				"weapon_positioning": {
					"rotation": [-4.86, -1.14, -3.82],
					"position": [-0.34, 1.1, 0]
				}
			}
		},
		"bolt": {
			"animation_length": 1.75,
			"bones": {
				"vtterli69_71": {
					"rotation": {
						"0.0": [4.95, 0.8, 4],
						"0.2917": [4.14, 3.09, -3.82],
						"0.4583": [6.74, 3.38, -0.62],
						"0.5": [6.74, 3.38, -0.62],
						"0.5833": [3.40062, 3.71417, -5.9583],
						"0.8333": [8.40968, 3.48284, -1.70197],
						"0.9583": [10.88763, 1.63624, 8.46046],
						"1.0": [12.13963, 1.55198, 8.87718],
						"1.0833": [7.78728, 2.27983, 1.92422],
						"1.2083": [8.78728, 2.27983, 1.92422],
						"1.375": [10.27323, 1.06136, 4.3805],
						"1.4167": [10.27323, 1.06136, 4.3805],
						"1.75": [4.95, 0.8, 4]
					},
					"position": {
						"0.0": [0.3, -1.1, 0.1],
						"0.2083": [0.3, -1.9, 0.1],
						"0.3333": [0.3, -1.8, 0.1],
						"0.4583": [0.23, -1.8, 0.1],
						"0.5417": [0.23, -1.8, 0.1],
						"0.5833": [0.2, -2, 0.6],
						"0.6667": [0.2, -1.6, 0.3],
						"0.8333": [0.2, -1.4, 0.3],
						"0.9167": [0.2, -1.4, 0.1],
						"1.0": [0.2, -1.4, 0],
						"1.0833": [0.3, -1.6, 0],
						"1.2083": [0.3, -1.7, 0],
						"1.3333": [0.4, -1.5, 0.05],
						"1.4167": [0.38, -1.35, 0.06],
						"1.5417": [0.3, -0.9, 0.1],
						"1.6667": [0.3, -1.1, 0.1]
					}
				},
				"bolt": {
					"rotation": {
						"0.0": [0, 0, 0],
						"0.3333": [0, 0, 0],
						"0.4583": [0, 0, 45],
						"0.5": [0, 0, 45],
						"0.5417": [0, 0, 45],
						"0.7917": [0, 0, 45],
						"0.9167": [0, 0, 45],
						"0.9583": [0, 0, 45],
						"1.0833": [0, 0, 0],
						"1.5833": [0, 0, 0]
					},
					"position": {
						"0.0": [0, 0, 0],
						"0.3333": [0, 0, 0],
						"0.4583": [0, 0, 0],
						"0.5": [0, 0, 0],
						"0.5417": [0, 0, 3.5],
						"0.7917": [0, 0, 3.5],
						"0.8333": [0, 0, 2.5],
						"0.9167": [0, 0, 0],
						"0.9583": [0, 0, 0],
						"1.0833": [0, 0, 0],
						"1.5833": [0, 0, 0]
					}
				},
				"firing_pin": {
					"rotation": {
						"0.0": [0, 0, 0],
						"0.4167": [0, 0, 0],
						"0.4583": [0, 0, 0],
						"1.5833": [0, 0, 0]
					},
					"position": {
						"0.0": [0, 0, 0],
						"0.4167": [0, 0, 0],
						"0.4583": [0, 0, 0],
						"1.5833": [0, 0, 0]
					}
				},
				"lifter": {
					"rotation": {
						"0.0": [0, 0, 0],
						"0.5": [0, 0, 0],
						"0.5417": [0, 0, 0],
						"0.6667": [0, 0, 0],
						"0.7917": [0, 0, 0],
						"0.9167": [0, 0, 0],
						"1.0": [0, 0, 0],
						"1.5833": [0, 0, 0]
					},
					"position": {
						"0.0": [0, 0, 0],
						"0.5": [0, 0, 0],
						"0.5417": [0, 1, 0],
						"0.625": [0, 0.9, 0],
						"0.6667": [0, 0.9, 0],
						"0.7917": [0, 0.9, 0],
						"0.875": [0, 0.9, 0],
						"0.9167": [0, 0.7, 0],
						"1.0": [0, 0, 0],
						"1.5833": [0, 0, 0]
					}
				},
				"bullet_in_barrel": {
					"rotation": {
						"0.0": [0, 0, 0],
						"0.5": [0, 0, 0],
						"1.375": [0, 996.19, 0],
						"1.4583": [0, 1033.7, 0],
						"1.5": [0, 1052.46, 0],
						"1.5417": {
							"pre": [0, 1052.46, 0],
							"post": [0, 0, 0]
						}
					},
					"position": {
						"0.0": [0, 0, 0],
						"0.5": [0, 0, 0],
						"0.5417": [-0.1, 2.2, 2],
						"0.5833": [0.4, 4.7, 2.3],
						"0.6667": [0.3, 12.2, 3.2],
						"0.7917": [-0.6, 15.13, 3.47],
						"0.875": [-3.76, 14.46, 3.82],
						"0.9167": [-4.57, 12.32, 4.04],
						"0.9583": [-4.48, 10.18, 4.26],
						"1.0417": [-3.56, 7.17, 4.01],
						"1.0833": [-3.53, 1.92, 3.13],
						"1.1667": [-3.46, -1.35, 3.19],
						"1.25": [-3.33, -6.65, 3.24],
						"1.4583": [-6.35, -13.66, 3.34],
						"1.5": [-7.11, -15.41, 3.37],
						"1.5417": {
							"pre": [-7.11, -15.41, 3.37],
							"post": [0, 0, 0]
						}
					}
				},
				"righthand": {
					"rotation": {
						"0.0": [120.87, 365.89, -152.95],
						"0.0417": [120.87, 365.89, -152.95],
						"0.2083": [118.27276, 362.94864, -150.03849],
						"0.2917": [121.90633, 365.13269, -143.99887],
						"0.3333": [121.90633, 365.13269, -143.99887],
						"0.4583": [121.91, 365.13, -144],
						"0.5": [121.91, 365.13, -144],
						"0.5417": [127.91, 365.13, -144],
						"0.7917": [127.91, 365.13, -144],
						"0.9167": [121.91, 365.13, -144],
						"0.9583": [121.91, 365.13, -144],
						"1.0417": [121.90633, 365.13269, -143.99887],
						"1.2083": [120.87, 365.89, -152.95],
						"1.5833": [120.87, 365.89, -152.95]
					},
					"position": {
						"0.0": [7.7, -10, 36.5],
						"0.0417": [7.7, -10, 36.5],
						"0.125": [4.65, -10.3, 34.4],
						"0.2917": [3, -10.6, 32.3],
						"0.3333": [3, -10.6, 32.3],
						"0.4583": [2.2, -9.1, 32.3],
						"0.5": [2.2, -9.1, 32.3],
						"0.5417": [1.4, -10.3, 34],
						"0.7917": [1.4, -10.3, 34],
						"0.9167": [2.2, -9.1, 32.3],
						"0.9583": [2.2, -9.1, 32.3],
						"1.0417": [3.1, -10.6, 32.3],
						"1.2083": [7.7, -10, 36.5],
						"1.5833": [7.7, -10, 36.5]
					},
					"scale": [1, 1.5, 1]
				},
				"lefthand": {
					"rotation": {
						"0.0": [105.4, 312.26, -133.79],
						"0.0833": [103.42, 312.24, -133.74],
						"0.1667": [104.6, 312.08733, -138.54333],
						"1.125": [104.6, 312.08733, -138.54333],
						"1.25": [103.83, 311.86, -132.9],
						"1.375": [105.4, 312.26, -133.79],
						"1.5833": [105.4, 312.26, -133.79]
					},
					"position": {
						"0.0": [-7.04, -4.04, 26.76],
						"0.0833": [-6.74, -3.64, 26.76],
						"0.1667": [-6.74, -3.34, 26.76],
						"1.125": [-6.74, -3.34, 26.76],
						"1.375": [-7.04, -3.84, 26.76],
						"1.5833": [-7.04, -4.04, 26.76]
					},
					"scale": [1, 1.5, 1]
				},
				"bolt_body": {
					"rotation": {
						"0.0": [0, 0, 0],
						"0.5": [0, 0, 0],
						"0.5417": [0, 0, 0],
						"0.7917": [0, 0, 0],
						"0.9167": [0, 0, 0],
						"1.5833": [0, 0, 0]
					},
					"position": {
						"0.0": [0, 0, 0],
						"0.5": [0, 0, 0],
						"0.5417": [0, 0, 3.5],
						"0.7917": [0, 0, 3.5],
						"0.8333": [0, 0, 2.53],
						"0.9167": [0, 0, 0],
						"1.5833": [0, 0, 0]
					}
				},
				"lifter_bullet": {
					"rotation": {
						"0.0": [0, 0, 0],
						"0.5": [0, 0, 0],
						"0.5417": [-8.00481, 1.98053, -0.27846],
						"0.5833": [5, 0, 0],
						"0.625": [-8, 0, 0],
						"0.6667": [0, 0, 0],
						"0.7917": [0, 0, 0],
						"0.9167": [0, 0, 0],
						"0.9583": [0, 0, 0],
						"1.5833": [0, 0, 0]
					},
					"position": {
						"0.0": [0, 0, 0],
						"0.5": [0, 0, 0],
						"0.5417": [0, 0.4, 0],
						"0.5833": [0, 0.2, 0],
						"0.6667": [0, 0, 0],
						"0.7917": [0, 0, 0],
						"0.8333": [0, 0, 0],
						"0.875": [0, 0.1, -1.3],
						"0.9167": [0, 0.25, -2.62],
						"0.9583": {
							"pre": [0, 0.25, -2.62],
							"post": [0, 0, 0]
						},
						"1.5833": [0, 0, 0]
					}
				},
				"constraint": {
					"rotation": [1, 1, 1],
					"position": [1, 1, 1]
				},
				"camera": {
					"rotation": {
						"0.0": [0, 0, 0],
						"0.2917": [0, 0, -0.3],
						"0.3333": [0, 0, -0.3],
						"0.4583": [0, 0, -0.17],
						"0.5": [0, 0, -0.17],
						"0.625": [0.5, 0, -0.3],
						"0.7083": [0.1, 0, -0.1],
						"0.7917": [0.1, 0, -0.1],
						"0.9167": [0, 0, -0.3],
						"0.9583": [0, 0, -0.3],
						"1.0417": [0.3, 0, -0.5],
						"1.2083": [0, 0, 0],
						"1.5833": [0, 0, 0]
					},
					"position": {
						"0.0": [0, 0, 0],
						"0.2917": [0, 0, 0],
						"0.3333": [0, 0, 0],
						"0.4583": [0, 0, 0],
						"0.5": [0, 0, 0],
						"0.625": [0, 0, 0],
						"0.7917": [0, 0, 0],
						"0.9167": [0, 0, 0],
						"0.9583": [0, 0, 0],
						"1.0417": [0, 0, 0],
						"1.2083": [0, 0, 0],
						"1.5833": [0, 0, 0]
					}
				},
				"weapon_positioning": {
					"rotation": [-4.86, -1.14, -3.82],
					"position": [-0.34, 1.1, 0]
				}
			},
			"sound_effects": {
				"0.0": {
					"effect": "antiques:vtterli69_71/vtterli69_71_bolt"
				}
			}
		},
		"reload_intro_empty": {
			"animation_length": 3.5833,
			"bones": {
				"vtterli69_71": {
					"rotation": {
						"0.0": [4.95, 0.8, 4],
						"0.125": [8.33638, -3.44178, 10.71797],
						"0.25": [11.94917, 0.51515, 15.63608],
						"0.5": [1.20349, -8.62096, 42.91853],
						"0.625": [1.7233, -12.04942, 45.88192],
						"0.75": [2.44514, -12.04968, 45.54431],
						"0.9167": [1.84, -10.85, 45.58],
						"1.0": [2.44, -11.05, 45.57],
						"1.125": [3.28064, -10.66543, 41.82427],
						"1.2917": [5.85, -10.39, 38.22],
						"1.4167": [5.63, -9.99, 37.89],
						"1.5": [3.73, -9.82, 41.3],
						"1.625": [3.53, -10.34, 41.34],
						"1.8333": [4.56, -10.28, 41.3],
						"2.125": [6.01041, -10.58935, 39.41236],
						"2.2917": [5, -10.94, 39.84],
						"2.5": [4.0574, -11.78925, 45.15168],
						"2.5833": [3.92545, -12.01832, 45.991],
						"2.6667": [4.6862, -12.09079, 43.60726],
						"2.75": [4.95, -12.13, 43.05],
						"2.9167": [6.00251, -12.3, 40.80874],
						"2.9583": [5.54419, -13.00117, 42.85139],
						"3.0": [4.77519, -13.88156, 41.7464],
						"3.0417": [4.77519, -13.88156, 41.7464],
						"3.125": [5.22548, -12.71088, 39.78878],
						"3.2083": [5.61162, -11.95405, 40.30237],
						"3.5": [4.56, -10.28, 41.3],
						"3.5833": [4.56, -10.28, 41.3]
					},
					"position": {
						"0.0": [0.3, -1.1, 0.1],
						"0.125": [-0.05, -1.8, -1.5],
						"0.2917": [0.32, -1.79, -1.67],
						"0.4167": [0.23, -1.78, -1],
						"0.5": [0.33, -1.78, -0.7],
						"0.5417": [0.33, -1.78, -0.43],
						"0.625": [0.33, -1.88, -0.5],
						"0.7083": [0.33, -1.88, -0.8],
						"0.75": [0.33, -1.78, -0.7],
						"0.875": [0.33, -1.73, -0.7],
						"0.9583": [0.33, -1.78, -0.7],
						"1.0": [0.33, -1.78, -0.7],
						"1.0833": [0.4, -2.1, -0.9],
						"1.2917": [0.41, -2.26, -0.95],
						"1.375": [0.38, -2.14, -0.99],
						"1.4583": [0.24, -1.54, -1],
						"1.5833": [0.33, -2.08, -1],
						"1.7083": [0.33, -2.28, -1],
						"1.9167": [0.32, -2.04, -1],
						"2.0833": [0.32, -2.1, -1],
						"2.2917": [0.33, -1.98, -1],
						"2.4167": [0.33, -1.88, -1],
						"2.5417": [0.33, -2.18, -1],
						"2.6667": [0.4, -2.15, -1],
						"2.9167": [0.33, -2.08, -1],
						"2.9583": [0.37, -2.08, -1.1],
						"3.0": [0.47, -2.08, -1.1],
						"3.0417": [0.47, -2.08, -1.1],
						"3.125": [0.47, -2.08, -1.1],
						"3.2083": [0.33, -2.13, -1],
						"3.5": [0.33, -1.87, -1],
						"3.5833": [0.32, -1.98, -1]
					}
				},
				"mag_and_righthand": {
					"rotation": {
						"0.0": [0, 0, 0],
						"0.5417": [0, 0, 0],
						"1.625": [-45.87889, 2.84062, -9.17837],
						"1.7917": [-56.7, 4.81, -9.1],
						"1.875": [-56.7, 4.81, -9.1],
						"1.9167": [-56.7, 4.81, -9.1],
						"2.0417": [-56.7, 4.81, -9.1],
						"2.1667": [-74.03, 8.62, -22.73],
						"2.2917": [-69.2353, 11.62435, -22.6475],
						"2.5833": [-49.02352, -18.02001, -24.92379],
						"2.75": [-49.56711, -19.50159, -26.34271],
						"2.8333": [-54.36, -9.57, -19.44],
						"2.9167": [-54.36, -9.57, -19.44],
						"2.9583": [-56.75269, -4.59736, -15.98864],
						"3.0": [-56.75269, -4.59736, -15.98864],
						"3.5": [-56.75, -4.6, -15.99],
						"3.5833": [-56.72, 1.67, -11.4]
					},
					"position": {
						"0.0": [0, 0, 0],
						"0.5417": [0, 0, 0],
						"1.625": [-3, -5.5, -1.4],
						"1.7917": [-3.56, -8.4, 0.04],
						"1.875": [-2.86, -7.3, 0.04],
						"1.9167": [-2.51, -6.75, 0.04],
						"2.0417": [-2.16, -6.2, 0.04],
						"2.1667": [-0.67, -6.12, -0.02],
						"2.2917": [-0.77, -4.73, -1.44],
						"2.5833": [-5.6, 0.7, -3.8],
						"2.75": [-5.6, 0.7, -3.8],
						"2.8333": [-3.33, 1.23, -3.13],
						"2.9167": [-3.33, 1.23, -3.13],
						"2.9583": [-2.2, 1.5, -4],
						"3.0": [-2.2, 1.5, -5.1],
						"3.5": [-2.2, 1.5, -5.1],
						"3.5833": [-2.41, -4, -1.67]
					}
				},
				"bullet": {
					"rotation": {
						"0.0": [0, 0, 0],
						"0.9583": [0, 0, 0],
						"1.0833": [0, 0, 0],
						"1.875": [19.13, -6.62, -2.29],
						"1.9167": [19.13, -6.62, -2.29],
						"2.2917": [19.13, -6.62, -2.29],
						"2.75": [51.20828, -17.44522, 10.28994],
						"2.7917": [56.51477, -26.93131, -3.65404],
						"2.9167": [57.38668, -28.02213, -5.54358],
						"2.9583": [58.89588, -12.99425, -12.61405],
						"3.0": [54.32057, -4.17216, 15.46365],
						"3.125": [54.32057, -4.17216, 15.46365],
						"3.1667": [54.32057, -4.17216, 15.46365],
						"3.2083": {
							"pre": [54.32057, -4.17216, 15.46365],
							"post": [42, 0, 0]
						},
						"3.4167": {
							"pre": [42, 0, 0],
							"post": [48.48187, -5.97467, 6.23435]
						},
						"3.5833": [48.48187, -5.97467, 6.23435]
					},
					"position": {
						"0.0": [0, 0, 0],
						"0.9583": [0, 0, 0],
						"1.0833": [4.7, -9.8, -9],
						"1.875": [4.6, -9.5, -9.5],
						"1.9167": [1.7, -11, -7.4],
						"2.2917": [1.7, -11, -7.4],
						"2.75": [1.4, -11.3, -7.4],
						"2.7917": [1.4, -11.3, -7.7],
						"2.9167": [1.6, -11.6, -7.8],
						"2.9583": [2, -11.3, -7.4],
						"3.0": [2.1, -11.3, -7.4],
						"3.125": [2.1, -11.6, -7.7],
						"3.1667": [2.1, -11.6, -7.7],
						"3.2083": {
							"pre": [2.1, -11.6, -7.7],
							"post": [2.6, -8.45, -5.4]
						},
						"3.4167": {
							"pre": [2.6, -8.45, -5.4],
							"post": [2.1, -0.65, 3.4]
						},
						"3.5": [2.79, -0.65, 1.39],
						"3.5833": [3.4, -0.65, -3.6]
					}
				},
				"righthand": {
					"rotation": {
						"0.0": [120.87, 365.89, -152.95],
						"0.6667": [120.87, 365.89, -152.95],
						"0.7917": [101.78938, 360.67863, -147.18499],
						"0.9167": [101.79, 360.68, -147.18],
						"1.2917": [58.06, 366.93, -186.11],
						"1.875": [58.06, 366.93, -186.11],
						"1.9167": [58.06, 366.93, -186.11],
						"2.625": [59.06, 366.93, -186.11],
						"3.125": [58.06, 366.93, -186.11],
						"3.2083": [77.93944, 368.72762, -186.99496],
						"3.5": [77.94, 368.73, -186.99],
						"3.5833": [64.69, 367.53, -186.4]
					},
					"position": {
						"0.0": [7.7, -10, 36.5],
						"0.6667": [7.7, -10, 36.5],
						"0.7917": [10.6, -10, 36.5],
						"0.9167": [11.9, -11.3, 39.3],
						"1.2917": [10.7, -2.9, 37],
						"1.875": [10.7, -2.9, 37],
						"1.9167": [10.7, -2.9, 37],
						"3.125": [10.7, -2.9, 37],
						"3.2083": [10, -6.4, 41.5],
						"3.3333": [10.1, -5.7, 45.1],
						"3.5": [10.1, -5.7, 46.9],
						"3.5833": [10.5, -3.83, 40.3]
					},
					"scale": {
						"0.0": [1, 1.5, 1],
						"1.9167": [1, 1.5, 1]
					}
				},
				"lefthand": {
					"rotation": {
						"0.0": [105.4, 312.26, -133.79],
						"0.25": [94.43646, 312.26, -133.79],
						"0.4583": [97.69684, 316.82632, -154.5155],
						"0.5833": [93.10515, 320.47938, -171.09589],
						"0.7917": [92.91, 320.77, -167.9],
						"1.5": [92.91, 320.77, -167.9],
						"1.6667": [93.10515, 320.47938, -171.09589],
						"1.875": [93.11, 320.48, -171.1],
						"1.9167": [93.11, 320.48, -171.1],
						"2.2917": [93.11, 320.48, -171.1],
						"2.4167": [93.2, 320.83, -170.29],
						"2.4583": [93.22, 320.92, -170.09],
						"2.625": [93.11, 320.48, -171.1],
						"3.5": [93.11, 320.48, -171.1],
						"3.5833": [93.11, 320.48, -171.1]
					},
					"position": {
						"0.0": [-7.04, -4.04, 26.76],
						"0.25": [-4.24, -2.44, 26.76],
						"0.5833": [-6.21, 1.88, 26.76],
						"0.7917": [-6.21, 1.88, 26.76],
						"1.5": [-6.21, 1.88, 26.76],
						"1.6667": [-6.21, 1.88, 26.76],
						"1.875": [-6.21, 1.88, 26.76],
						"1.9167": [-6.21, 1.88, 26.76],
						"2.2917": [-6.21, 1.88, 26.76],
						"2.4167": [-6.21, 1.88, 26.76],
						"2.4583": [-6.21, 1.88, 26.76],
						"2.625": [-6.21, 1.88, 26.76],
						"3.5": [-6.21, 1.88, 26.76],
						"3.5833": [-6.21, 1.88, 26.76]
					},
					"scale": {
						"0.0": [1, 1.5, 1],
						"1.9167": [1, 1.5, 1]
					}
				},
				"constraint": {
					"rotation": [1, 1, 1],
					"position": [1, 1, 1]
				},
				"camera": {
					"rotation": {
						"0.0": [0, 0, 0],
						"0.125": [0.6, 0, 0.1],
						"0.3333": [-0.18, 0, 0],
						"0.5": [0.15, 0, 0],
						"0.75": [0, 0, 0],
						"1.2917": [0, 0, 0],
						"1.4167": [-0.36, 0, 0.12],
						"1.875": [0.72, 0, 0.09],
						"2.2917": [0.1, 0, 0],
						"2.375": [0.1, 0, 0],
						"2.4583": [0.17, 0, 0],
						"2.5417": [0.2, -0.07, 0.07],
						"2.625": [0.27, -0.08, 0.06],
						"2.7083": [0.57, -0.07, -0.01],
						"2.9167": [0.7, -0.07, 0.1],
						"2.9583": [0.9, -0.07, 0.4],
						"3.125": [0.39, -0.03, 0.17],
						"3.5833": [0.5, 0, 0]
					},
					"position": {
						"0.0": [0, 0, 0],
						"0.75": [0, 0, 0],
						"1.2917": [0, 0, 0],
						"1.4167": [0, 0, 0],
						"1.875": [0, 0, 0],
						"2.375": [0, 0, 0],
						"3.5833": [0, 0, 0]
					}
				},
				"weapon_positioning": {
					"rotation": [-4.86, -1.14, -3.82],
					"position": [-0.34, 1.1, 0]
				}
			},
			"sound_effects": {
				"0.0": {
					"effect": "antiques:vtterli69_71/vtterli69_71_reload_intro_empty"
				},
				"2.0": {
					"effect": "antiques:vtterli69_71/vtterli69_71_reload_loop_cut"
				},
				"2.5833": {
					"effect": "antiques:vtterli69_71/vtterli69_71_reload_bullet_insert"
				},
				"2.9167": {
					"effect": "antiques:vtterli69_71/vtterli69_71_reload_loopfeed"
				}
			}
		},
		"reload_intro": {
			"animation_length": 1.875,
			"bones": {
				"vtterli69_71": {
					"rotation": {
						"0.0": [4.95, 0.8, 4],
						"0.125": [8.33638, -3.44178, 10.71797],
						"0.25": [11.94917, 0.51515, 15.63608],
						"0.5": [1.20349, -8.62096, 42.91853],
						"0.625": [1.7233, -12.04942, 45.88192],
						"0.75": [2.44514, -12.04968, 45.54431],
						"0.9167": [1.84, -10.85, 45.58],
						"1.0": [2.44, -11.05, 45.57],
						"1.125": [3.28064, -10.66543, 41.82427],
						"1.2917": [5.85, -10.39, 38.22],
						"1.4167": [5.63, -9.99, 37.89],
						"1.5": [3.73, -9.82, 41.3],
						"1.625": [3.53, -10.34, 41.34],
						"1.7917": [5.25235, -11.0154, 41.44978],
						"1.875": [4.57, -10.35, 41.51]
					},
					"position": {
						"0.0": [0.3, -1.1, 0.1],
						"0.125": [-0.05, -1.8, -1.5],
						"0.2917": [0.32, -1.79, -1.67],
						"0.4167": [0.23, -1.78, -1],
						"0.5": [0.33, -1.78, -0.7],
						"0.5417": [0.33, -1.78, -0.43],
						"0.625": [0.33, -1.88, -0.5],
						"0.7083": [0.33, -1.88, -0.8],
						"0.75": [0.33, -1.78, -0.7],
						"0.875": [0.33, -1.73, -0.7],
						"0.9583": [0.33, -1.78, -0.7],
						"1.0": [0.33, -1.78, -0.7],
						"1.0833": [0.4, -2.1, -0.9],
						"1.2917": [0.41, -2.26, -0.95],
						"1.375": [0.38, -2.14, -0.99],
						"1.4583": [0.24, -1.54, -1],
						"1.5833": [0.33, -2.08, -1],
						"1.7083": [0.33, -2.28, -1],
						"1.875": [0.33, -1.88, -1]
					}
				},
				"mag_and_righthand": {
					"rotation": {
						"0.0": [0, 0, 0],
						"0.5417": [0, 0, 0],
						"1.625": [-45.87889, 2.84062, -9.17837],
						"1.7917": [-56.7, 4.81, -9.1],
						"1.875": [-56.7, 4.81, -9.1]
					},
					"position": {
						"0.0": [0, 0, 0],
						"0.5417": [0, 0, 0],
						"1.625": [-3, -5.5, -1.4],
						"1.7917": [-3.56, -8.4, 0.04],
						"1.875": [-2.86, -7.3, 0.04]
					}
				},
				"bullet": {
					"rotation": {
						"0.0": [0, 0, 0],
						"0.9583": [0, 0, 0],
						"1.0833": [0, 0, 0],
						"1.875": [19.13, -6.62, -2.29]
					},
					"position": {
						"0.0": [0, 0, 0],
						"0.9583": [0, 0, 0],
						"1.0833": [4.7, -9.8, -9],
						"1.875": [4.6, -9.5, -9.5]
					}
				},
				"righthand": {
					"rotation": {
						"0.0": [120.87, 365.89, -152.95],
						"0.6667": [120.87, 365.89, -152.95],
						"0.7917": [101.78938, 360.67863, -147.18499],
						"0.9167": [101.79, 360.68, -147.18],
						"1.2917": [58.06, 366.93, -186.11],
						"1.875": [58.06, 366.93, -186.11]
					},
					"position": {
						"0.0": [7.7, -10, 36.5],
						"0.6667": [7.7, -10, 36.5],
						"0.7917": [10.6, -10, 36.5],
						"0.9167": [11.9, -11.3, 39.3],
						"1.2917": [10.7, -2.9, 37],
						"1.875": [10.7, -2.9, 37]
					},
					"scale": [1, 1.5, 1]
				},
				"lefthand": {
					"rotation": {
						"0.0": [105.4, 312.26, -133.79],
						"0.25": [94.43646, 312.26, -133.79],
						"0.4583": [97.69684, 316.82632, -154.5155],
						"0.5833": [93.10515, 320.47938, -171.09589],
						"0.7917": [92.91, 320.77, -167.9],
						"1.5": [92.91, 320.77, -167.9],
						"1.6667": [93.10515, 320.47938, -171.09589],
						"1.875": [93.11, 320.48, -171.1]
					},
					"position": {
						"0.0": [-7.04, -4.04, 26.76],
						"0.25": [-4.24, -2.44, 26.76],
						"0.5833": [-6.21, 1.88, 26.76],
						"0.7917": [-6.21, 1.88, 26.76],
						"1.5": [-6.21, 1.88, 26.76],
						"1.6667": [-6.21, 1.88, 26.76],
						"1.875": [-6.21, 1.88, 26.76]
					},
					"scale": [1, 1.5, 1]
				},
				"camera": {
					"rotation": {
						"0.0": [0, 0, 0],
						"0.125": [0.6, 0, 0.1],
						"0.3333": [-0.18, 0, 0],
						"0.5": [0.15, 0, 0],
						"0.75": [0, 0, 0],
						"1.2917": [0, 0, 0],
						"1.4167": [-0.36, 0, 0.12],
						"1.75": [0.43, 0, 0.1],
						"1.875": [0.72, 0, 0.09]
					},
					"position": {
						"0.0": [0, 0, 0],
						"0.75": [0, 0, 0],
						"1.2917": [0, 0, 0],
						"1.4167": [0, 0, 0],
						"1.75": [0, 0, 0],
						"1.875": [0, 0, 0]
					}
				},
				"constraint": {
					"rotation": [1, 1, 1],
					"position": [1, 1, 1]
				},
				"weapon_positioning": {
					"rotation": [-4.86, -1.14, -3.82],
					"position": [-0.34, 1.1, 0]
				}
			},
			"sound_effects": {
				"0.0": {
					"effect": "antiques:vtterli69_71/vtterli69_71_reload_intro"
				}
			}
		},
		"reload_loop": {
			"loop": true,
			"animation_length": 1.6667,
			"bones": {
				"vtterli69_71": {
					"rotation": {
						"0.0": [4.56, -10.28, 41.3],
						"0.125": [5.14995, -10.29499, 38.3507],
						"0.375": [5, -10.94, 39.84],
						"0.5833": [4.0574, -11.78925, 45.15168],
						"0.6667": [3.92545, -12.01832, 45.991],
						"0.75": [4.6862, -12.09079, 43.60726],
						"0.8333": [4.95, -12.13, 43.05],
						"1.0": [6.00251, -12.3, 40.80874],
						"1.0417": [5.54419, -13.00117, 42.85139],
						"1.0833": [4.77519, -13.88156, 41.7464],
						"1.125": [4.77519, -13.88156, 41.7464],
						"1.2083": [5.22548, -12.71088, 39.78878],
						"1.2917": [5.61162, -11.95405, 40.30237],
						"1.5833": [4.56, -10.28, 41.3],
						"1.6667": [4.56, -10.28, 41.3]
					},
					"position": {
						"0.0": [0.32, -2.04, -1],
						"0.125": [0.32, -2.4, -1],
						"0.25": [0.32, -2.26, -1],
						"0.375": [0.33, -1.98, -1],
						"0.5": [0.33, -1.88, -1],
						"0.625": [0.33, -2.18, -1],
						"0.75": [0.4, -2.15, -1],
						"1.0": [0.33, -2.08, -1],
						"1.0417": [0.37, -2.08, -1.1],
						"1.0833": [0.47, -2.08, -1.1],
						"1.125": [0.47, -2.08, -1.1],
						"1.2083": [0.47, -2.08, -1.1],
						"1.2917": [0.33, -2.13, -1],
						"1.5833": [0.33, -1.87, -1],
						"1.6667": [0.32, -1.98, -1]
					}
				},
				"mag_and_righthand": {
					"rotation": {
						"0.0": [-56.7, 4.81, -9.1],
						"0.125": [-56.7, 4.81, -9.1],
						"0.25": [-74.03, 8.62, -22.73],
						"0.375": [-69.2353, 11.62435, -22.6475],
						"0.6667": [-49.02352, -18.02001, -24.92379],
						"0.8333": [-49.56711, -19.50159, -26.34271],
						"0.9167": [-54.36, -9.57, -19.44],
						"1.0": [-54.36, -9.57, -19.44],
						"1.0417": [-56.75269, -4.59736, -15.98864],
						"1.0833": [-56.75269, -4.59736, -15.98864],
						"1.5833": [-56.75, -4.6, -15.99],
						"1.6667": [-56.72, 1.67, -11.4]
					},
					"position": {
						"0.0": [-2.51, -6.75, 0.04],
						"0.125": [-2.16, -6.2, 0.04],
						"0.25": [-0.67, -6.12, -0.02],
						"0.375": [-0.77, -4.73, -1.44],
						"0.6667": [-5.6, 0.7, -3.8],
						"0.8333": [-5.6, 0.7, -3.8],
						"0.9167": [-3.33, 1.23, -3.13],
						"1.0": [-3.33, 1.23, -3.13],
						"1.0417": [-2.2, 1.5, -4],
						"1.0833": [-2.2, 1.5, -5.1],
						"1.5833": [-2.2, 1.5, -5.1],
						"1.6667": [-2.41, -4, -1.67]
					}
				},
				"bullet": {
					"rotation": {
						"0.0": [19.13, -6.62, -2.29],
						"0.375": [19.13, -6.62, -2.29],
						"0.8333": [56.51477, -26.93131, -3.65404],
						"1.0": [57.38668, -28.02213, -5.54358],
						"1.0417": [58.89588, -12.99425, -12.61405],
						"1.0833": [54.32057, -4.17216, 15.46365],
						"1.2083": [54.32057, -4.17216, 15.46365],
						"1.25": [54.32057, -4.17216, 15.46365],
						"1.2917": {
							"pre": [54.32057, -4.17216, 15.46365],
							"post": [42, 0, 0]
						},
						"1.5": {
							"pre": [42, 0, 0],
							"post": [48.48187, -5.97467, 6.23435]
						},
						"1.6667": [48.48187, -5.97467, 6.23435]
					},
					"position": {
						"0.0": [1.7, -11, -7.4],
						"0.375": [1.7, -11, -7.4],
						"0.8333": [1.4, -11.3, -7.7],
						"1.0": [1.6, -11.6, -7.8],
						"1.0417": [2, -11.3, -7.4],
						"1.0833": [2.1, -11.3, -7.4],
						"1.2083": [2.1, -11.6, -7.7],
						"1.25": [2.1, -11.6, -7.7],
						"1.2917": {
							"pre": [2.1, -11.6, -7.7],
							"post": [2.6, -8.45, -5.4]
						},
						"1.5": {
							"pre": [2.6, -8.45, -5.4],
							"post": [2.1, -0.65, 3.4]
						},
						"1.5833": [2.79, -0.65, 1.39],
						"1.6667": [3.4, -0.65, -3.6]
					}
				},
				"righthand": {
					"rotation": {
						"0.0": [58.06, 366.93, -186.11],
						"0.75": [59.06, 366.93, -186.11],
						"1.2083": [58.06, 366.93, -186.11],
						"1.2917": [77.93944, 368.72762, -186.99496],
						"1.5833": [77.94, 368.73, -186.99],
						"1.6667": [64.69, 367.53, -186.4]
					},
					"position": {
						"0.0": [10.7, -2.9, 37],
						"1.2083": [10.7, -2.9, 37],
						"1.2917": [10, -6.4, 41.5],
						"1.4167": [10.1, -5.7, 45.1],
						"1.5833": [10.1, -5.7, 46.9],
						"1.6667": [10.5, -3.83, 40.3]
					},
					"scale": [1, 1.5, 1]
				},
				"lefthand": {
					"rotation": {
						"0.0": [93.11, 320.48, -171.1],
						"0.375": [93.11, 320.48, -171.1],
						"0.5": [93.2, 320.83, -170.29],
						"0.5417": [93.22, 320.92, -170.09],
						"0.7083": [93.11, 320.48, -171.1],
						"1.5833": [93.11, 320.48, -171.1],
						"1.6667": [93.11, 320.48, -171.1]
					},
					"position": {
						"0.0": [-6.21, 1.88, 26.76],
						"0.375": [-6.21, 1.88, 26.76],
						"0.5": [-6.21, 1.88, 26.76],
						"0.5417": [-6.21, 1.88, 26.76],
						"0.7083": [-6.21, 1.88, 26.76],
						"1.5833": [-6.21, 1.88, 26.76],
						"1.6667": [-6.21, 1.88, 26.76]
					},
					"scale": [1, 1.5, 1]
				},
				"constraint": {
					"rotation": [1, 1, 1],
					"position": [1, 1, 1]
				},
				"camera": {
					"rotation": {
						"0.0": [0.66, 0, 0.08],
						"0.375": [0.1, 0, 0],
						"0.4583": [0.1, 0, 0],
						"0.5417": [0.17, 0, 0],
						"0.625": [0.2, -0.07, 0.07],
						"0.7083": [0.27, -0.08, 0.06],
						"0.7917": [0.57, -0.07, -0.01],
						"1.0": [0.7, -0.07, 0.1],
						"1.0417": [0.9, -0.07, 0.4],
						"1.2083": [0.39, -0.03, 0.17],
						"1.6667": [0.64, 0, 0.09]
					},
					"position": {
						"0.0": [0, 0, 0],
						"0.4583": [0, 0, 0],
						"1.6667": [0, 0, 0]
					}
				},
				"weapon_positioning": {
					"rotation": [-4.86, -1.14, -3.82],
					"position": [-0.34, 1.1, 0]
				}
			},
			"sound_effects": {
				"0.0": {
					"effect": "antiques:vtterli69_71/vtterli69_71_reload_loop_start"
				},
				"0.125": {
					"effect": "antiques:vtterli69_71/vtterli69_71_reload_loop_cut"
				},
				"0.625": {
					"effect": "antiques:vtterli69_71/vtterli69_71_reload_bullet_insert"
				},
				"1.0": {
					"effect": "antiques:vtterli69_71/vtterli69_71_reload_loopfeed"
				}
			}
		},
		"reload_end": {
			"animation_length": 3.2917,
			"bones": {
				"vtterli69_71": {
					"rotation": {
						"0.0": [4.56, -10.28, 41.3],
						"0.0833": [4.56, -10.28, 41.3],
						"0.2083": [5.9962, -11.42893, 39.5405],
						"0.375": [5.615, -12.62725, 41.47087],
						"0.5": [5.64289, -13.62517, 41.36924],
						"0.5833": [5.64, -13.63, 41.37],
						"0.6667": [6.69153, -15.62023, 41.16595],
						"0.75": [6.69, -15.62, 41.17],
						"0.8333": [7.39, -15.45, 39.8],
						"0.9167": [9.53703, -15.25975, 31.44152],
						"1.0417": [12.84644, -12.69893, 24.94708],
						"1.2083": [12.85941, -3.99977, 14.92098],
						"1.3333": [14.86, 1.94, 3.07],
						"1.4583": [11.96423, 2.42594, 1.9],
						"1.625": [13.55948, 2.37439, 2.34744],
						"1.7917": [10.75, 2.2713, 4.31781],
						"1.9583": [6.74, 3.38, -0.62],
						"2.0": [6.74, 3.38, -0.62],
						"2.0833": [3.40062, 3.71417, -5.9583],
						"2.3333": [5.91, 3.6, -3.83],
						"2.4583": [9.64, 2.13, 5.39],
						"2.5833": [6.56091, 2.45, -3.03614],
						"2.7083": [7.3, 2.39, -1.38],
						"2.9167": [9.69, 2.58, 2.99],
						"3.0417": [10, 1.1, 5.09004],
						"3.2917": [4.95, 0.8, 4]
					},
					"position": {
						"0.0": [0.32, -1.98, -1],
						"0.0833": [0.32, -1.98, -1],
						"0.25": [0.52, -2.18, -1],
						"0.375": [0.62, -2.28, -1],
						"0.5": [0.62, -2.38, -1],
						"0.5833": [0.62, -2.38, -1],
						"0.6667": [0.82, -2.38, -1],
						"0.75": [0.92, -2.58, -1],
						"0.7917": [0.92, -2.58, -1],
						"0.8333": [0.92, -2.58, -1],
						"0.9583": [0.62, -2.18, -1],
						"1.0833": [0.42, -1.14, -0.1],
						"1.25": [0.36, -0.55, 0.1],
						"1.4167": [0.09, -0.88, 1.96],
						"1.5833": [0.07, -0.78, 1.8],
						"1.7917": [0.18, -1.61, 0.93],
						"1.9583": [0.23, -2.1, 0.1],
						"2.0417": [0.23, -2, 0.1],
						"2.0833": [0.2, -2.2, 0.6],
						"2.1667": [0.2, -2, 0.3],
						"2.3333": [0.2, -1.9, 0.3],
						"2.4167": [0.2, -1.6, 0.1],
						"2.5": [0.2, -1.6, 0],
						"2.5833": [0.3, -1.8, 0],
						"2.7083": [0.3, -1.7, 0],
						"2.875": [0.4, -1.61, 0.13],
						"3.125": [0.2, -0.8, 0.1],
						"3.2917": [0.3, -1.1, 0.1]
					}
				},
				"mag_and_righthand": {
					"rotation": {
						"0.0": [-56.72, 1.67, -11.4],
						"0.1667": [0, 0, 0],
						"1.625": [0, 0, 0],
						"3.2917": [0, 0, 0]
					},
					"position": {
						"0.0": [-2.41, -4, -1.67],
						"0.1667": [0, 0, 0],
						"1.625": [0, 0, 0],
						"3.2917": [0, 0, 0]
					}
				},
				"bullet": {
					"rotation": {
						"0.0": [21.24, -6.45, -2.08],
						"0.1667": [21.17011, -4.58539, -1.35325],
						"1.625": [0, 0, 0],
						"3.2917": [0, 0, 0]
					},
					"position": {
						"0.0": [4.6, -9.55, -9.5],
						"0.0417": [3, -3.35, -9.5],
						"0.1667": [0.5, 3.25, -7.1],
						"1.625": [0, 0, 0],
						"3.2917": [0, 0, 0]
					}
				},
				"righthand": {
					"rotation": {
						"0.0": [64.69, 367.53, -186.4],
						"0.1667": [100.14118, 347.25964, -167.40524],
						"0.3333": [116.99932, 353.12993, -170.06045],
						"0.4583": [132.03635, 370.55873, -185.67664],
						"0.5833": [120.87, 365.89, -152.95],
						"1.4167": [120.87, 365.89, -152.95],
						"1.625": [118.27276, 362.94864, -150.03849],
						"1.7917": [121.90633, 365.13269, -143.99887],
						"1.8333": [121.90633, 365.13269, -143.99887],
						"1.9583": [121.91, 365.13, -144],
						"2.0": [121.91, 365.13, -144],
						"2.0417": [127.91, 365.13, -144],
						"2.2917": [127.91, 365.13, -144],
						"2.4167": [121.91, 365.13, -144],
						"2.4583": [121.91, 365.13, -144],
						"2.5417": [121.90633, 365.13269, -143.99887],
						"2.7083": [120.87, 365.89, -152.95],
						"3.2917": [120.87, 365.89, -152.95]
					},
					"position": {
						"0.0": [10.5, -3.83, 40.3],
						"0.1667": [14.88, -9.7, 39.46],
						"0.3333": [11.8, -10.63, 35.59],
						"0.4583": [10.77, -10.07, 35.25],
						"0.5833": [7.7, -10, 36.5],
						"1.4167": [7.7, -10, 36.5],
						"1.5833": [4.65, -10.3, 34.4],
						"1.7917": [3, -10.6, 32.3],
						"1.8333": [3, -10.6, 32.3],
						"1.9583": [2.2, -9.1, 32.3],
						"2.0": [2.2, -9.1, 32.3],
						"2.0417": [1.4, -10.3, 34],
						"2.2917": [1.4, -10.3, 34],
						"2.4167": [2.2, -9.1, 32.3],
						"2.4583": [2.2, -9.1, 32.3],
						"2.5417": [3.1, -10.6, 32.3],
						"2.7083": [7.7, -10, 36.5],
						"3.2917": [7.7, -10, 36.5]
					},
					"scale": [1, 1.5, 1]
				},
				"lefthand": {
					"rotation": {
						"0.0": [93.11, 320.48, -171.1],
						"0.1667": [93.11, 320.48, -171.1],
						"0.5833": [93.10515, 320.47938, -171.09589],
						"0.8333": [97.69684, 316.82632, -154.5155],
						"1.0": [95.50426, 311.26183, -133.88088],
						"1.25": [91.75, 320.91, -125.38],
						"1.4167": [91.72223, 321.91359, -125.34074],
						"2.7083": [91.72223, 321.91359, -125.34074],
						"2.9583": [104.4, 312.26, -133.79],
						"3.2917": [105.4, 312.26, -133.79]
					},
					"position": {
						"0.0": [-6.21, 1.88, 26.76],
						"0.1667": [-6.21, 1.88, 26.76],
						"0.5833": [-6.21, 1.88, 26.76],
						"1.0": [-4.24, -2.44, 26.76],
						"1.25": [-6.34, 0.66, 26.76],
						"1.4167": [-6.64, 1.16, 26.76],
						"2.7083": [-6.64, 1.16, 26.76],
						"2.9583": [-7.04, -3.84, 26.76],
						"3.2917": [-7.04, -4.04, 26.76]
					},
					"scale": [1, 1.5, 1]
				},
				"root": {
					"rotation": {
						"0.0": [0, 0, 0],
						"1.5833": [3.5, -1.8, 3.00046],
						"1.8333": [8.62052, -0.76807, -2.91627],
						"2.7083": [8.54684, -1.36532, 1.0396],
						"2.9583": [6.53195, -1.86364, 4.73156],
						"3.2917": [0, 0, 0]
					},
					"position": {
						"0.0": [0, 0, 0],
						"1.5833": [0.2, -0.2, -0.5],
						"1.8333": [0.1, 0.8, 0.8],
						"2.7083": [0.1, 0.8, 0.8],
						"2.9583": [0.3, 0.44, 0.51],
						"3.2917": [0, 0, 0]
					}
				},
				"bolt": {
					"rotation": {
						"1.8333": [0, 0, 0],
						"1.9583": [0, 0, 45],
						"2.0": [0, 0, 45],
						"2.0417": [0, 0, 45],
						"2.2917": [0, 0, 45],
						"2.4167": [0, 0, 45],
						"2.4583": [0, 0, 45],
						"2.5417": [0, 0, 0],
						"3.2917": [0, 0, 0]
					},
					"position": {
						"1.8333": [0, 0, 0],
						"1.9583": [0, 0, 0],
						"2.0": [0, 0, 0],
						"2.0417": [0, 0, 3.5],
						"2.2917": [0, 0, 3.5],
						"2.3333": [0, 0, 2.5],
						"2.4167": [0, 0, 0],
						"2.4583": [0, 0, 0],
						"2.5417": [0, 0, 0],
						"3.2917": [0, 0, 0]
					}
				},
				"firing_pin": {
					"rotation": {
						"0.0": [0, 0, 0],
						"1.9167": [0, 0, 0],
						"2.0": [0, 0, 0],
						"3.2917": [0, 0, 0]
					},
					"position": {
						"0.0": [0, 0, -0.3],
						"1.9167": [0, 0, -0.3],
						"2.0": [0, 0, 0],
						"3.2917": [0, 0, 0]
					}
				},
				"bolt_body": {
					"rotation": {
						"2.0": [0, 0, 0],
						"2.0417": [0, 0, 0],
						"2.2917": [0, 0, 0],
						"2.4167": [0, 0, 0],
						"3.2917": [0, 0, 0]
					},
					"position": {
						"2.0": [0, 0, 0],
						"2.0417": [0, 0, 3.5],
						"2.2917": [0, 0, 3.5],
						"2.3333": [0, 0, 2.53],
						"2.4167": [0, 0, 0],
						"3.2917": [0, 0, 0]
					}
				},
				"lifter": {
					"rotation": {
						"2.0": [0, 0, 0],
						"2.0417": [0, 0, 0],
						"2.1667": [0, 0, 0],
						"2.2917": [0, 0, 0],
						"2.4167": [0, 0, 0],
						"2.5": [0, 0, 0],
						"3.2917": [0, 0, 0]
					},
					"position": {
						"2.0": [0, 0, 0],
						"2.0417": [0, 1, 0],
						"2.125": [0, 0.9, 0],
						"2.1667": [0, 0.9, 0],
						"2.2917": [0, 0.9, 0],
						"2.375": [0, 0.9, 0],
						"2.4167": [0, 0.7, 0],
						"2.5": [0, 0, 0],
						"3.2917": [0, 0, 0]
					}
				},
				"lifter_bullet": {
					"rotation": {
						"2.0": [0, 0, 0],
						"2.0417": [-8.00481, 1.98053, -0.27846],
						"2.0833": [5, 0, 0],
						"2.125": [-8, 0, 0],
						"2.1667": [0, 0, 0],
						"2.2917": [0, 0, 0],
						"2.4167": [0, 0, 0],
						"2.4583": [0, 0, 0],
						"3.2917": [0, 0, 0]
					},
					"position": {
						"2.0": [0, 0, 0],
						"2.0417": [0, 0.4, 0],
						"2.0833": [0, 0.2, 0],
						"2.1667": [0, 0, 0],
						"2.2917": [0, 0, 0],
						"2.3333": [0, 0, 0],
						"2.375": [0, 0.1, -1.3],
						"2.4167": [0, 0.25, -2.62],
						"2.4583": {
							"pre": [0, 0.25, -2.62],
							"post": [0, 0, 0]
						},
						"3.2917": [0, 0, 0]
					}
				},
				"camera": {
					"rotation": {
						"0.0": [0.66, 0, 0.08],
						"0.5833": [0.2, 0, 0],
						"0.6667": [0.2, 0, 0.1],
						"0.75": [0.2, 0, 0.2],
						"0.9583": [0.2, 0, 0],
						"1.2083": [0, 0, 0],
						"1.2917": [0, 0, 0],
						"1.375": [0.2, 0, -0.3],
						"1.4583": [0.1, 0, -0.15],
						"1.5": [0, 0, 0],
						"1.6667": [0, 0, 0],
						"1.7917": [0, 0, -0.3],
						"1.8333": [0, 0, -0.3],
						"1.9583": [0, 0, -0.17],
						"2.0": [0, 0, -0.17],
						"2.0833": [0.5, 0, -0.3],
						"2.1667": [0.1, 0, -0.1],
						"2.2917": [0.1, 0, -0.1],
						"2.4167": [0, 0, -0.3],
						"2.4583": [0, 0, -0.3],
						"2.5417": [0.3, 0, -0.5],
						"2.7083": [0, 0, 0],
						"3.2917": [0, 0, 0]
					},
					"position": {
						"0.0": [0, 0, 0],
						"0.5833": [0, 0, 0],
						"0.6667": [0, 0, 0],
						"1.6667": [0, 0, 0],
						"1.7917": [0, 0, 0],
						"1.8333": [0, 0, 0],
						"1.9583": [0, 0, 0],
						"2.0": [0, 0, 0],
						"2.0833": [0, 0, 0],
						"2.2917": [0, 0, 0],
						"2.4167": [0, 0, 0],
						"2.4583": [0, 0, 0],
						"2.5417": [0, 0, 0],
						"2.7083": [0, 0, 0],
						"3.2917": [0, 0, 0]
					}
				},
				"constraint": {
					"rotation": [1, 1, 1],
					"position": [1, 1, 1]
				},
				"weapon_positioning": {
					"rotation": [-4.86, -1.14, -3.82],
					"position": [-0.34, 1.1, 0]
				}
			},
			"sound_effects": {
				"0.0": {
					"effect": "antiques:vtterli69_71/vtterli69_71_reload_end"
				}
			}
		},
		"inspect": {
			"loop": true,
			"animation_length": 4.5417,
			"bones": {
				"vtterli69_71": {
					"rotation": {
						"0.0": [4.95, 0.8, 4],
						"0.125": [8.33638, -3.44178, 10.71797],
						"0.25": [11.94917, 0.51515, 15.63608],
						"0.5": [1.20349, -8.62096, 42.91853],
						"0.625": [1.7233, -12.04942, 45.88192],
						"0.75": [2.44514, -12.04968, 45.54431],
						"0.9167": [1.44514, -12.04968, 45.54431],
						"1.25": [0.02249, -13.65081, 45.659],
						"1.4167": [0.00997, -14.65067, 45.7127],
						"1.6667": [2.55128, -15.85797, 43.59327],
						"2.0417": [2.33137, -16.09252, 43.59657],
						"2.3333": [2.33137, -16.09252, 43.59657],
						"2.4583": [2.33137, -16.09252, 43.59657],
						"2.6667": [3.61149, -16.08835, 39.85303],
						"2.7917": [3.61149, -16.08835, 39.85303],
						"2.9167": [3.61149, -16.08835, 39.85303],
						"3.0417": [4.82734, -19.06851, 45.54856],
						"3.3333": [3.55951, -16.74417, 38.28559],
						"3.625": [9.79024, 4.80104, -7.19969],
						"3.875": [9.51, 2.23, 3.12],
						"4.1667": [3.93521, 0.90353, 3.00526],
						"4.375": [4.95, 0.8, 4]
					},
					"position": {
						"0.0": [0.3, -1.1, 0.1],
						"0.125": [-0.05, -1.8, -1.5],
						"0.2917": [0.32, -1.79, -1.67],
						"0.4167": [0.23, -1.38, -1],
						"0.5": [0.33, -1.28, -0.7],
						"0.5417": [0.33, -1.28, -0.43],
						"0.625": [0.33, -1.28, -0.5],
						"0.7083": [0.33, -1.38, -0.8],
						"0.9167": [0.33, -1.24, -0.74],
						"1.125": [0.33, -1.33, -0.7],
						"1.3333": [0.33, -1.73, -0.7],
						"1.5417": [0.33, -1.49, -0.9],
						"1.7917": [0.33, -1.43, -0.85],
						"2.0417": [0.33, -1.43, -0.84],
						"2.3333": [0.33, -1.43, -0.84],
						"2.4583": [0.33, -1.45, -0.8],
						"2.5833": [0.33, -1.66, -0.8],
						"2.9167": [0.33, -1.56, -0.8],
						"3.0417": [0.33, -1.13, -0.77],
						"3.3333": [0.33, -0.64, -0.74],
						"3.5833": [0.54, -0.62, 0.5],
						"3.75": [0.1, -1.18, 0.1],
						"3.9583": [0.3, -1.05, 0.1],
						"4.2917": [0.3, -1.1, 0.1]
					}
				},
				"righthand": {
					"rotation": {
						"0.0": [120.87, 365.89, -152.95],
						"0.7083": [120.87, 365.89, -152.95],
						"1.0": [122.97764, 357.86384, -155.02925],
						"1.2083": [131.16, 353.92, -156.24],
						"1.375": [131.03087, 353.07533, -154.75883],
						"1.5417": [130.03087, 353.07533, -154.75883],
						"1.7083": [131.19922, 354.36405, -156.29754],
						"2.0": [131.19922, 354.36405, -156.29754],
						"2.25": [131.03087, 353.07533, -154.75883],
						"2.4167": [131.20821, 351.56858, -156.08596],
						"2.5833": [123.12308, 354.51066, -157.21528],
						"2.75": [120.87, 365.89, -152.95],
						"2.875": [117.79527, 365.29777, -146.1777],
						"3.0": [117.79527, 365.29777, -146.1777],
						"3.125": [120.87, 365.89, -152.95]
					},
					"position": {
						"0.0": [7.7, -10, 36.5],
						"0.7083": [7.7, -10, 36.5],
						"0.9583": [7.9, -12.8, 31.5],
						"1.2083": [8.1, -13.03, 26.64],
						"1.375": [8.1, -13.2, 26.5],
						"1.5417": [8.1, -12.8, 25.8],
						"1.7083": [8.1, -12.8, 25.8],
						"2.0": [8.1, -12.8, 25.8],
						"2.25": [8.1, -13.1, 26],
						"2.4167": [8.1, -13.1, 26],
						"2.625": [7.9, -12.8, 31.5],
						"2.75": [7.7, -10, 36.5],
						"2.875": [7.7, -10, 36.5],
						"3.0": [7.7, -10, 36.5],
						"3.125": [7.7, -10, 36.5]
					},
					"scale": [1, 1.5, 1]
				},
				"lefthand": {
					"rotation": {
						"0.0": [105.4, 312.26, -133.79],
						"0.25": [94.43646, 312.26, -133.79],
						"0.375": [97.69684, 316.82632, -154.5155],
						"0.5": [93.10515, 320.47938, -171.09589],
						"0.7083": [94.01793, 321.54402, -170.30137],
						"2.9167": [94.01793, 321.54402, -170.30137],
						"3.0833": [96.45783, 318.80886, -154.15961],
						"3.3333": [94.43646, 312.26, -133.79],
						"3.875": [105.4, 312.26, -133.79]
					},
					"position": {
						"0.0": [-7.04, -4.04, 26.76],
						"0.25": [-4.24, -2.44, 26.76],
						"0.5": [-6.21, 1.88, 26.76],
						"0.7083": [-6.21, 1.88, 26.76],
						"2.9167": [-6.21, 1.88, 26.76],
						"3.3333": [-4.24, -2.44, 26.76],
						"3.875": [-7.04, -4.04, 26.76]
					},
					"scale": [1, 1.5, 1]
				},
				"root": {
					"rotation": {
						"0.0": [0, 0, 0],
						"0.5": [0, 0, 0],
						"0.7083": [0, 0, 5],
						"0.9167": [0, 0, 5],
						"1.4167": [1, 0.55, 5],
						"2.125": [0.55, 0.55, 5],
						"2.5417": [0.24, 0.8, 4],
						"2.9167": [0, 0, 5],
						"3.0417": [-2.89531, -1.42773, -1.77032],
						"3.2917": [1.81719, -0.71769, -5.75793],
						"3.4167": [0, 0, 0]
					},
					"position": {
						"0.0": [0, 0, 0],
						"0.5": [0, 0, 0],
						"0.7083": [0, 0, 0],
						"0.9167": [0, 0, 0],
						"2.9167": [0, 0, 0],
						"3.0417": [0, -1.1, 0],
						"3.25": [0, -1.33, 0],
						"3.4167": [0, 0, 0]
					}
				},
				"vtterli69_71_default": {
					"rotation": {
						"0.0": [0, 0, 0],
						"0.5": [0, 0, 0],
						"0.7083": [0, 0, 11],
						"3.0833": [0, 0, 11],
						"3.375": [0, 0, 0]
					},
					"position": {
						"0.0": [0, 0, 0],
						"0.625": [0, 0, 0],
						"3.0833": [0, 0, 0],
						"3.2917": [0, 0, 0]
					}
				},
				"lifter_bullet": {
					"rotation": {
						"0.0": [0, 0, 0],
						"1.4167": [0, 0, 0],
						"1.5417": [0, 0, 0],
						"2.3333": [0, 0, 0],
						"2.4583": [0, 0, 0]
					},
					"position": {
						"0.0": [0, 0, 0],
						"1.4167": [0, 0, 0],
						"1.5417": [0, 0, -0.6],
						"2.3333": [0, 0, -0.6],
						"2.4583": [0, 0, 0]
					}
				},
				"camera": {
					"rotation": {
						"0.0": [0, 0, 0],
						"0.0833": [0.24, 0, 0.04],
						"0.3333": [-0.18, 0, 0],
						"0.5": [0.15, 0, 0],
						"0.75": [0, 0, 0],
						"2.4583": [0.12, 0, 0],
						"2.625": [-0.05, 0, 0.08],
						"2.8333": [0.11, 0, 0.14],
						"2.9167": [0.16, 0, 0.13],
						"3.0": [0.26, 0, -0.04],
						"3.0833": [0.35, 0, -0.22],
						"3.2083": [0.16, 0, 0.13],
						"3.5": [0.2, 0, 0],
						"3.5833": [0.2, 0, 0.1],
						"3.6667": [0.2, 0, 0.2],
						"3.875": [0.2, 0, 0],
						"4.125": [0, 0, 0],
						"4.2083": [0, 0, 0],
						"4.5417": [0, 0, 0]
					},
					"position": {
						"0.0": [0, 0, 0],
						"0.75": [0, 0, 0],
						"2.4583": [0, 0, 0],
						"2.9167": [0, 0, 0],
						"3.2083": [0, 0, 0],
						"3.5": [0, 0, 0],
						"3.5833": [0, 0, 0],
						"4.5417": [0, 0, 0]
					}
				},
				"weapon_positioning": {
					"rotation": [-4.86, -1.14, -3.82],
					"position": [-0.34, 1.1, 0]
				},
				"constraint": {
					"rotation": [1, 1, 1],
					"position": [1, 1, 1]
				}
			},
			"sound_effects": {
				"0.0": {
					"effect": "antiques:vtterli69_71/vtterli69_71_inspect"
				}
			}
		},
		"inspect_empty": {
			"animation_length": 7.0833,
			"bones": {
				"vtterli69_71": {
					"rotation": {
						"0.0": [4.95, 0.8, 4],
						"0.1667": [8.48802, 0.81459, -4.7219],
						"0.375": [9.66055, 0.83283, -15.27747],
						"0.5417": [8.60576, 1.28325, -18.24398],
						"0.6667": [7.60788, 1.28163, -18.24199],
						"0.7917": [6.27, 1.28, -18.24],
						"1.375": [5.60504, 1.2731, -17.85324],
						"2.125": [6.211, 1.16529, -16.85527],
						"2.75": [6.65, 1.16529, -16.85527],
						"3.0": [7.72621, 0.58731, -11.89346],
						"3.2083": [6.72602, -0.40581, -12.01058],
						"3.2917": [6.3, -0.41, -12.01],
						"3.4167": [7.33, -0.41, -12.01],
						"3.5417": [7.93, -0.41, -12.01],
						"3.6667": [7.97, -0.31, -12.72],
						"3.7917": [7.67, -0.24, -13.2],
						"4.4583": [7.93, -0.24, -13.2],
						"5.4167": [8.23, -0.35, -12.39],
						"5.875": [8.43, -0.37, -12.03],
						"6.2083": [12.08309, 1.86851, -9.96086],
						"6.4583": [7.83549, 5.71162, -19.18466],
						"6.5833": [7.85612, 6.72127, -14.99995],
						"6.6667": [8.64075, 6.62932, -10.5741],
						"6.7917": [9.65718, 3.39384, -3.87453],
						"7.0417": [4.95, 0.8, 4],
						"7.0833": [4.95, 0.8, 4]
					},
					"position": {
						"0.0": [0.3, -1.1, 0.1],
						"0.1667": [0.23, -1.3, -0.97],
						"0.375": [0.15, -1.35, -1.55],
						"0.5": [0.1, -1.1, -1.55],
						"0.6667": [0.1, -1.2, -1.55],
						"0.7917": [0.1, -1.37, -1.55],
						"1.375": [0.1, -1.7, -1.55],
						"2.125": [0.1, -1.65, -1.55],
						"2.75": [0.1, -1.55, -1.55],
						"3.0": [0.1, -1.75, -1.55],
						"3.2083": [0.1, -1.45, -1.55],
						"3.2917": [0.1, -1.35, -1.55],
						"3.4167": [0.1, -1.51, -1.55],
						"3.5417": [0.1, -1.51, -1.55],
						"3.6667": [0.1, -1.63, -1.55],
						"3.875": [0.1, -1.51, -1.55],
						"4.2917": [0.1, -1.44, -1.55],
						"5.5417": [0.1, -1.49, -1.55],
						"5.8333": [0.1, -1.5, -1.55],
						"6.2083": [0.18, -1.75, -0.92],
						"6.4583": [0.03, -1.85, -0.46],
						"6.5417": [-0.14, -1.95, -0.46],
						"6.7083": [0.23, -1.58, -0.46],
						"6.9167": [0.27, -0.94, -0.18],
						"7.0833": [0.3, -1.1, 0.1]
					}
				},
				"righthand": {
					"rotation": {
						"0.0": [120.87, 365.89, -152.95],
						"0.5": [130.06406, 376.66319, -181.91603],
						"2.8333": [130.06406, 376.66319, -181.91603],
						"3.0833": [120.87, 365.89, -152.95],
						"3.4583": [111.53497, 365.78675, -111.35352],
						"5.875": [111.53, 365.79, -111.35],
						"6.125": [111.53, 365.79, -111.35],
						"6.4583": [120.87, 365.89, -152.95],
						"7.0833": [120.87, 365.89, -152.95]
					},
					"position": {
						"0.0": [7.7, -10, 36.5],
						"0.5": [7.7, -10.5, 36.5],
						"2.8333": [7.7, -10.5, 36.5],
						"3.0833": [7.7, -10.5, 36.5],
						"3.4583": [1.7, -9.9, 37.5],
						"5.875": [1.7, -9.9, 37.5],
						"6.125": [1.7, -9.9, 37.5],
						"6.4583": [7.7, -10, 36.5],
						"7.0833": [7.7, -10, 36.5]
					},
					"scale": [1, 1.5, 1]
				},
				"lefthand": {
					"rotation": {
						"0.0": [105.4, 312.26, -133.79],
						"0.5": [89.76719, 309.07674, -109.5495],
						"2.8333": [89.76719, 309.07674, -109.5495],
						"3.0833": [90.75391, 310.07991, -109.52913],
						"3.4583": [96.60818, 312.06971, -109.33423],
						"3.5417": [96.48406, 313.06319, -109.1657],
						"5.875": [96.48, 313.06, -109.17],
						"6.125": [96.48, 313.06, -109.17],
						"6.4583": [88.71088, 311.94726, -105.82306],
						"6.625": [105.4, 312.26, -133.79],
						"6.9167": [105.4, 312.26, -133.79],
						"7.0833": [105.4, 312.26, -133.79]
					},
					"position": {
						"0.0": [-7.04, -4.04, 26.76],
						"0.2917": [-5.14, -3.5, 26.76],
						"0.5": [-3.84, -3.54, 26.76],
						"2.8333": [-3.84, -3.54, 26.76],
						"3.0833": [-3.84, -4.34, 26.76],
						"3.4583": [-4.74, -4.24, 26.76],
						"3.5417": [-4.74, -4.24, 26.76],
						"5.875": [-4.74, -4.24, 26.76],
						"6.125": [-4.74, -3.94, 26.76],
						"6.4583": [-3.78, -2.93, 26.76],
						"6.625": [-6.94, -3.84, 26.76],
						"6.9167": [-6.94, -3.84, 26.76],
						"7.0833": [-7.04, -4.04, 26.76]
					},
					"scale": [1, 1.5, 1]
				},
				"vtterli69_71_default": {
					"rotation": {
						"0.0": [0, 0, 0],
						"2.8333": [0, 0, 0],
						"3.25": [-1, 0, 39],
						"3.4583": [-3.00183, 1.99726, 65.89529],
						"3.5417": [-3.00046, 0.99863, 65.94766],
						"3.6667": [-3.05, 0.84, 62.95],
						"5.875": [-3.05, 0.84, 62.95],
						"6.0": [-3.00183, 1.99726, 65.89529],
						"6.125": [-2.33, 1.33, 56.93],
						"6.2083": [-1, 0, 39],
						"6.4583": [0, 0, 6],
						"6.7083": [0, 0, 6],
						"7.0833": [0, 0, 0]
					},
					"position": {
						"0.0": [0, 0, 0],
						"2.8333": [0, 0, 0],
						"3.25": [0, -0.5, 0],
						"3.4583": [0, -0.8, 0],
						"3.5417": [0, -0.8, 0],
						"3.6667": [0, -0.86, 0],
						"5.875": [0, -0.86, 0],
						"6.0": [0, -0.8, 0],
						"6.125": [0, -0.7, 0],
						"6.2083": [0, -0.5, 0],
						"6.4583": [0, 0, 0],
						"6.7083": [0, 0, 0],
						"7.0833": [0, 0, 0]
					}
				},
				"weapon_positioning": {
					"rotation": [-4.86, -1.14, -3.82],
					"position": [-0.34, 1.1, 0]
				},
				"constraint": {
					"rotation": [1, 1, 1],
					"position": [1, 1, 1]
				}
			}
		},
		"run_start": {
			"animation_length": 1.4583,
			"bones": {
				"root": {
					"rotation": {
						"0.0": [0, 0, 0],
						"0.1667": [3.93336, -0.89065, 6.2681],
						"0.25": [4.45736, -2.55161, 15.46086],
						"0.4167": [9.51, -8.05, 28.61],
						"0.5417": [15.22836, -4.09495, 23.32181],
						"1.0417": [7.8, -9.71, 39.62],
						"1.4583": [7.8, -9.71, 39.62]
					},
					"position": {
						"0.0": [0, 0, 0],
						"0.1667": [-0.46, 0.17, 3.4],
						"0.2917": [-0.77, -1.38, 3.97],
						"0.4167": [-1.9, -1.57, 5.95],
						"0.5417": [-1.5, -0.77, 5.95],
						"0.9167": [-1.9, -1.57, 5.95],
						"1.4583": [-1.9, -1.57, 5.95]
					}
				},
				"weapon_positioning": {
					"rotation": {
						"0.0": [0, 0, 0],
						"0.4167": [2.55, 0.52, 2.4],
						"0.4583": [0, 0, 0],
						"0.5833": [-2.25, 0, 0],
						"0.6667": [-1, -0.73, 1.51],
						"0.7083": [0.81, -0.99, 1.8],
						"0.8333": [-1.08, -1.34, 1.56],
						"0.9167": [-2.08, -1.35, 1.36],
						"0.9583": [-0.06, -0.37, -1.63],
						"1.0833": [1.67, 0.61, -1.32],
						"1.1667": [-1.05, 1.08, -0.75],
						"1.2083": [-2.34, 1.12, -1.18],
						"1.3333": [0.17, 0.29, -0.55],
						"1.375": [0.75, 0.12, 0.67],
						"1.4583": [0.39, -1.55, 0.86]
					},
					"position": {
						"0.0": [0, 0, 0],
						"0.4167": [0.19, -0.58, -3.2],
						"0.4583": [0, 0, -3.2],
						"0.5833": [0, 0.1, -3.2],
						"0.6667": [0, -0.1, -3.2],
						"0.8333": [0, 0.2, -3.2],
						"0.875": [0, 0.2, -3.2],
						"1.0": [0, -0.1, -3.2],
						"1.1667": [0, 0.2, -3.2],
						"1.3333": [-0.2, -0.3, -3.2],
						"1.4583": [-0.2, 0.26, -3.2]
					}
				}
			}
		},
		"run": {
			"loop": true,
			"animation_length": 0.6667,
			"bones": {
				"root": {
					"rotation": [7.8, -9.71, 39.62],
					"position": [-1.9, -1.57, 5.95]
				},
				"weapon_positioning": {
					"rotation": {
						"0.0": [0.27, -2.11, 0.92],
						"0.15": [0.8932, -0.91564, -3.20014],
						"0.25": [-0.98389, -1.41207, -2.44051],
						"0.35": [-2.08, -1.35, 1.36],
						"0.45": [0.59526, -2.36433, -0.3882],
						"0.55": [-0.5, -1.52, -0.6],
						"0.65": [-0.17, -1.77, 0.38]
					},
					"position": {
						"0.0": [-0.2, 0.4, -3.2],
						"0.1": [0, -0.1, -3.2],
						"0.25": [-0.1, 0.3, -3.2],
						"0.4": [0, -0.3, -3.2],
						"0.55": [0, 0.2, -3.2],
						"0.65": [-0.13, 0.33, -3.2]
					}
				}
			}
		},
		"run_hold": {
			"loop": true,
			"bones": {
				"root": {
					"rotation": [7.8, -9.71, 39.62],
					"position": [-1.9, -1.57, 5.95]
				},
				"weapon_positioning": {
					"rotation": [0.27, -2.11, 0.92],
					"position": [-0.2, 0.4, -3.2]
				}
			}
		},
		"run_end": {
			"animation_length": 0.95,
			"bones": {
				"root": {
					"rotation": {
						"0.0": [7.8, -9.71, 39.62],
						"0.2": [12.63259, -2.91705, 15.35667],
						"0.35": [15.96868, -4.80788, 10.31837],
						"0.45": [14.80756, -4.832, 8.8926],
						"0.6": [5.92863, -2.58258, -2.11336],
						"0.8": [3.27973, -0.74315, -4.78401],
						"0.95": [0, 0, 0]
					},
					"position": {
						"0.0": [-1.9, -1.57, 5.95],
						"0.2": [-0.71, -0.59, 2.77],
						"0.35": [-0.63, -1.13, 0.48],
						"0.65": [0.4, 0.3, -0.5],
						"0.85": [0.04, -0.42, 0.01],
						"0.95": [0, 0, 0]
					}
				}
			}
		},
		"walk_aiming": {
			"loop": true,
			"animation_length": 1,
			"bones": {
				"root": {
					"rotation": {
						"0.0": [0, 0, 0],
						"0.1667": [-0.29, -0.48, -0.32],
						"0.25": [0.55, -0.01, -0.75],
						"0.4583": [0.92, 0.2, -0.94],
						"0.5417": [0.16, 0.87, -1],
						"0.6667": [-0.67, 0.95, -1.06],
						"0.9167": [0.93, 0.44, -0.26],
						"1.0": [0.23, 0.11, -0.07]
					},
					"position": {
						"0.0": [0, 0, 0],
						"0.2083": [0, -0.01, 0],
						"0.3333": [0, -0.05, 0],
						"0.5417": [0, 0.09, 0],
						"0.5833": [0, 0.11, 0],
						"0.7917": [-0.02, -0.05, 0],
						"1.0": [0, -0.02, 0]
					}
				},
				"constraint": {
					"rotation": {
						"0.0": [1, 1, 1],
						"1.0": [1, 1, 1]
					},
					"position": {
						"0.0": [1, 1, 1],
						"1.0": [1, 1, 1]
					}
				}
			}
		},
		"walk_forward": {
			"loop": true,
			"animation_length": 0.9,
			"bones": {
				"root": {
					"rotation": {
						"0.0": [0, 0, 0],
						"0.15": [-2.25, 0, 0],
						"0.25": [-1, -0.73, 1.51],
						"0.4": [0.81, -0.99, 1.8],
						"0.5": [-1.08, -1.34, 1.56],
						"0.6": [-2.08, -1.35, 1.36],
						"0.75": [-0.79, -0.93, 0.38],
						"0.9": [0, 0, 0]
					},
					"position": {
						"0.0": [0, 0, 0],
						"0.15": [0, 0.1, 0],
						"0.3": [0, -0.1, 0],
						"0.5": [0, 0.2, 0],
						"0.55": [0, 0.2, 0],
						"0.75": [0, -0.1, 0],
						"0.9": [0, 0, 0]
					}
				}
			}
		},
		"walk_sideway": {
			"loop": true,
			"animation_length": 0.9,
			"bones": {
				"root": {
					"rotation": {
						"0.0": [0, 0, 0],
						"0.15": [-2.34, 1.12, -1.18],
						"0.25": [-1.05, 1.08, -0.75],
						"0.4": [1.67, 0.61, -1.32],
						"0.55": [-0.06, -0.37, -1.63],
						"0.7": [-2.08, -1.35, 1.36],
						"0.8": [-1.08, -1.34, 1.56],
						"0.9": [0, 0, 0]
					},
					"position": {
						"0.0": [0, 0, 0],
						"0.2": [0, 0.2, 0],
						"0.25": [0, 0.2, 0],
						"0.5": [0, -0.1, 0],
						"0.75": [0, 0.2, 0],
						"0.8": [0, 0.2, 0],
						"0.9": [0, 0, 0]
					}
				}
			}
		},
		"walk_backward": {
			"loop": true,
			"animation_length": 1.875,
			"bones": {
				"root": {
					"rotation": {
						"0.0": [0, 0, 0],
						"0.15": [-2.34, 1.12, -1.18],
						"0.25": [-1.05, 1.08, -0.75],
						"0.4": [1.67, 0.61, -1.32],
						"0.55": [-0.06, -0.37, -1.63],
						"0.7": [-2.08, -1.35, 1.36],
						"0.8": [-1.08, -1.34, 1.56],
						"0.9": [0, 0, 0]
					},
					"position": {
						"0.0": [0, 0, 0],
						"0.2": [0, 0.2, 0],
						"0.25": [0, 0.2, 0],
						"0.5": [0, -0.1, 0],
						"0.75": [0, 0.2, 0],
						"0.8": [0, 0.2, 0],
						"0.9": [0, 0, 0]
					}
				}
			}
		},
		"melee_bayonet_1": {
			"animation_length": 1.0417,
			"bones": {
				"root": {
					"rotation": {
						"0.0": [0, 0, 0],
						"0.0833": [4.65607, -3.03914, 23.34941],
						"0.1667": [7.16226, -4.40867, 25.02554],
						"0.25": [6.12889, -4.74818, 35.39069],
						"0.375": [5.87279, -5.06188, 38.38521],
						"0.4167": [-0.41338, -4.43378, 30.00033],
						"0.4583": [-0.41779, -9.43364, 30.03685],
						"0.5": [-0.5, -9.25, 29.52],
						"0.625": [-0.74612, -8.69357, 27.98908],
						"0.8333": [7.42294, -6.74142, 21.21886],
						"1.0417": [0, 0, 0]
					},
					"position": {
						"0.0": [0, 0, 0],
						"0.0833": [-0.5, -0.4, 0.4],
						"0.1667": [-1.7, -1.9, 0.8],
						"0.25": [-2.1, -3.3, 2.2],
						"0.375": [-2.3, -3.3, 5.9],
						"0.4583": [-1.6, -1.7, -3.2],
						"0.5": [-1.1, -1.7, -4.6],
						"0.625": [-1.6, -1.7, -3.9],
						"0.8333": [-0.46, -0.26, -0.47],
						"1.0417": [0, 0, 0]
					}
				},
				"vtterli69_71": {
					"rotation": [4.95, 0.8, 4],
					"position": [0.3, -1.1, 0.1]
				},
				"weapon_positioning": {
					"rotation": [-4.86, -1.14, -3.82],
					"position": [-0.34, 1.1, 0]
				}
			}
		},
		"melee_bayonet_2": {
			"animation_length": 1.25,
			"bones": {
				"root": {
					"rotation": {
						"0.0": [0, 0, 0],
						"0.125": [4.47993, 2.52963, -13.74774],
						"0.2917": [4.42504, 4.30764, -9.75182],
						"0.375": [3.69698, 4.94633, -18.75859],
						"0.4583": [-4.99947, -5.04476, 5.49141],
						"0.5": [-4.24333, -7.00492, 12.4115],
						"0.6667": [-3.8578, -6.06761, 12.45035],
						"0.8333": [4.46, -4.63, 3.22],
						"0.9583": [5.2453, -1.71778, -5.81873],
						"1.1667": [0, 0, 0]
					},
					"position": {
						"0.0": [0, 0, 0],
						"0.125": [-2.1, -3.2, 0.8],
						"0.2917": [-3.8, -7.9, 3.9],
						"0.375": [-3.8, -7.9, 5.6],
						"0.4583": [0.24, -0.32, -4.29],
						"0.5417": [0.19, -0.3, -3.56],
						"0.6667": [0.19, -1.3, -3.16],
						"0.8333": [0.11, -2.22, -2.1],
						"1.0417": [0.05, -0.27, -1.19],
						"1.1667": [0, 0, 0]
					}
				},
				"vtterli69_71": {
					"rotation": [4.95, 0.8, 4],
					"position": [0.3, -1.1, 0.1]
				},
				"weapon_positioning": {
					"rotation": [-4.86, -1.14, -3.82],
					"position": [-0.34, 1.1, 0]
				}
			}
		},
		"melee_bayonet_3": {
			"animation_length": 1.1667,
			"bones": {
				"root": {
					"rotation": {
						"0.0": [0, 0, 0],
						"0.0417": [1.49, 0.84, -4.58],
						"0.0833": [2.99, 1.69, -9.17],
						"0.125": [4.48, 2.53, -13.75],
						"0.1667": [4.47, 2.97, -12.75],
						"0.2083": [4.45, 3.42, -11.75],
						"0.25": [4.44, 3.86, -10.75],
						"0.2917": [4.43, 4.31, -9.75],
						"0.3333": [4.06, 4.63, -14.26],
						"0.375": [3.7, 4.95, -18.76],
						"0.4167": [-0.65, -0.05, -6.63],
						"0.4583": [-5, -5.04, 5.49],
						"0.5": [-4.24, -7, 12.41],
						"0.5417": [-4.15, -6.77, 12.42],
						"0.5833": [-4.05, -6.54, 12.43],
						"0.625": [-3.95, -6.3, 12.44],
						"0.6667": [-3.86, -6.07, 12.45],
						"0.7083": [-1.78, -5.71, 10.14],
						"0.75": [0.3, -5.35, 7.84],
						"0.7917": [2.38, -4.99, 5.53],
						"0.8333": [4.46, -4.63, 3.22],
						"0.875": [4.72, -3.66, 0.21],
						"0.9167": [4.98, -2.69, -2.81],
						"0.9583": [5.25, -1.72, -5.82],
						"1.0": [4.2, -1.37, -4.65],
						"1.0417": [3.15, -1.03, -3.49],
						"1.0833": [2.1, -0.69, -2.33],
						"1.125": [1.05, -0.34, -1.16],
						"1.1667": [0, 0, 0]
					},
					"position": {
						"0.0": [0, 0, 0],
						"0.0417": [-0.7, -1.07, 0.27],
						"0.0833": [-1.4, -2.13, 0.53],
						"0.125": [-2.1, -3.2, 0.8],
						"0.1667": [-2.52, -4.37, 1.58],
						"0.2083": [-2.95, -5.55, 2.35],
						"0.25": [-3.37, -6.72, 3.13],
						"0.2917": [-3.8, -7.9, 3.9],
						"0.3333": [-3.8, -7.9, 4.75],
						"0.375": [-3.8, -7.9, 5.6],
						"0.4167": [-1.78, -4.11, 0.66],
						"0.4583": [0.24, -0.32, -4.29],
						"0.5": [0.22, -0.31, -3.92],
						"0.5417": [0.19, -0.3, -3.56],
						"0.5833": [0.19, -0.63, -3.43],
						"0.625": [0.19, -0.97, -3.29],
						"0.6667": [0.19, -1.3, -3.16],
						"0.7083": [0.17, -1.53, -2.89],
						"0.75": [0.15, -1.76, -2.63],
						"0.7917": [0.13, -1.99, -2.37],
						"0.8333": [0.11, -2.22, -2.1],
						"0.875": [0.1, -1.83, -1.92],
						"0.9167": [0.09, -1.44, -1.74],
						"0.9583": [0.07, -1.05, -1.55],
						"1.0": [0.06, -0.66, -1.37],
						"1.0417": [0.05, -0.27, -1.19],
						"1.0833": [0.03, -0.18, -0.79],
						"1.125": [0.02, -0.09, -0.4],
						"1.1667": [0, 0, 0]
					}
				},
				"vtterli69_71": {
					"rotation": [4.95, 0.8, 4],
					"position": [0.3, -1.1, 0.1]
				},
				"vtterli69_71_default": {
					"rotation": {
						"0.0": [0, 0, 0],
						"0.2917": [1.99, 5, 53.89],
						"0.3333": [1.99, 5, 53.89],
						"0.375": [1.99, 5, 53.89],
						"0.4167": [1, 4, 45.53],
						"0.4583": [0, 3, 37.16],
						"0.5": [0, 3, 37.16],
						"0.5417": [0, 3, 37.16],
						"0.5833": [0, 3, 37.16],
						"0.625": [0, 3, 37.16],
						"0.6667": [0, 3, 37.16],
						"0.7083": [0, 2.57, 31.85],
						"0.75": [0, 2.14, 26.54],
						"0.7917": [0, 1.71, 21.23],
						"0.8333": [0, 1.28, 15.92],
						"0.875": [0, 0.86, 10.62],
						"0.9167": [0, 0.43, 5.31],
						"0.9583": [0, 0, 0],
						"1.0": [0, 0, 0],
						"1.0417": [0, 0, 0],
						"1.0833": [0, 0, 0],
						"1.125": [0, 0, 0],
						"1.1667": [0, 0, 0]
					},
					"position": {
						"0.0": [0, 0, 0],
						"0.2917": [0, 0, 0.6],
						"0.3333": [0, 0, 0.6],
						"0.375": [0, 0, 0.6],
						"0.4167": [-0.15, 0, 0.3],
						"0.4583": [-0.3, 0, 0],
						"0.5": [-0.3, 0, 0],
						"0.5417": [-0.3, 0, 0],
						"0.5833": [-0.3, 0, 0],
						"0.625": [-0.3, 0, 0],
						"0.6667": [-0.3, 0, 0],
						"0.7083": [-0.26, 0, 0],
						"0.75": [-0.21, 0, 0],
						"0.7917": [-0.17, 0, 0],
						"0.8333": [-0.13, 0, 0],
						"0.875": [-0.09, 0, 0],
						"0.9167": [-0.04, 0, 0],
						"0.9583": [0, 0, 0],
						"1.0": [0, 0, 0],
						"1.0417": [0, 0, 0],
						"1.0833": [0, 0, 0],
						"1.125": [0, 0, 0],
						"1.1667": [0, 0, 0]
					}
				},
				"weapon_positioning": {
					"rotation": [-4.86, -1.14, -3.82],
					"position": [-0.34, 1.1, 0]
				}
			}
		},
		"melee_stock": {
			"animation_length": 1.5833,
			"bones": {
				"root": {
					"rotation": {
						"0.0": [0, 0, 0],
						"0.125": [4.78342, -6.67269, 12.05963],
						"0.25": [-26.92703, -18.08941, 66.84548],
						"0.3333": [-42.23, -13.83, 79.92],
						"0.4167": [-110.43307, 3.19716, 132.19887],
						"0.5": [-130.06857, 2.4267, 128.70335],
						"0.5833": [-125.86, -2.28, 125.96],
						"0.625": [-121.66, -6.99, 123.21],
						"0.7917": [-99.23968, -21.48377, 101.7995],
						"0.9583": [-35.7302, -39.88715, 45.6266],
						"1.0833": [-1.60158, -20.80533, 25.77286],
						"1.1667": [6.62044, -8.87899, 13.38455],
						"1.25": [8.84246, 3.04735, 0.99624],
						"1.375": [7.16929, 5.73941, -6.51618],
						"1.5833": [0, 0, 0]
					},
					"position": {
						"0.0": [0, 0, 0],
						"0.125": [-0.4, -1.9, 2.3],
						"0.25": [0.8, -1.93, -2.3],
						"0.3333": [1.94, -1.72, -3.62],
						"0.4167": [8.4, -0.9, -6.1],
						"0.5": [8.3, -0.9, -6.3],
						"0.5833": [7.93, -0.97, -6.19],
						"0.625": [7.56, -1.05, -6.09],
						"0.7917": [5.33, -2, -4.7],
						"0.9583": [3.24, -1.27, -3.04],
						"1.0833": [1.15, -0.54, -1.38],
						"1.25": [0.3, -0.9, 0.1],
						"1.4583": [0.24, -0.64, 0.1],
						"1.5833": [0, 0, 0]
					}
				},
				"vtterli69_71": {
					"rotation": [4.95, 0.8, 4],
					"position": [0.3, -1.1, 0.1]
				},
				"righthand": {
					"rotation": {
						"0.0": [120.87, 365.89, -152.95],
						"0.25": [76.77215, 344.62793, -162.85474],
						"0.4167": [27.7602, 334.98166, -142.55959],
						"0.5": [27.7602, 334.98166, -142.55959],
						"0.625": [30.04, 339.27, -147.28],
						"0.7083": [32.31113, 343.55125, -152.0094],
						"0.7917": [32.31113, 343.55125, -152.0094],
						"0.9583": [54.45, 349.14, -152.24],
						"1.0417": [71.05564, 353.32446, -152.42091],
						"1.4167": [120.87, 365.89, -152.95],
						"1.5833": [120.87, 365.89, -152.95]
					},
					"position": {
						"0.0": [7.7, -10, 36.5],
						"0.125": [13.32, -5.25, 36.28],
						"0.25": [18.95, 1.6, 34.45],
						"0.4167": [22.6, 5.9, 22.4],
						"0.5": [22.6, 5.9, 22.4],
						"0.625": [21.4, 6.9, 23.6],
						"0.7083": [20.2, 7.9, 24.8],
						"0.7917": [20.2, 7.9, 24.8],
						"0.9583": [19.31, 3.74, 30.63],
						"1.0417": [16.89, 0.52, 34.75],
						"1.2083": [12.81, -5.08, 37.03],
						"1.4167": [7.7, -10.7, 35.9],
						"1.5833": [7.7, -10, 36.5]
					},
					"scale": [1, 1.5, 1]
				},
				"lefthand": {
					"rotation": {
						"0.0": [105.4, 312.26, -133.79],
						"0.25": [103.4, 312.26, -133.79],
						"0.4583": [87.55385, 317.90605, -184.38891],
						"0.7083": [92.6175, 298.43214, -172.18624],
						"0.875": [89.6175, 298.43214, -172.18624],
						"1.0417": [97.9305, 303.96328, -156.82775],
						"1.25": [103.4, 312.26, -133.79],
						"1.5833": [105.4, 312.26, -133.79]
					},
					"position": {
						"0.0": [-7.04, -4.04, 26.76],
						"0.25": [-6.74, -4.84, 26.76],
						"0.3333": [-4.19, -0.84, 26.76],
						"0.4583": [-4.24, 3.16, 26.76],
						"0.7083": [2.3, 1.05, 26.76],
						"0.875": [1.9, 2.05, 26.76],
						"1.0417": [-1.32, -2.21, 26.76],
						"1.25": [-6.74, -3.54, 26.76],
						"1.5833": [-7.04, -4.04, 26.76]
					},
					"scale": [1, 1.5, 1]
				},
				"weapon_positioning": {
					"rotation": [-4.86, -1.14, -3.82],
					"position": [-0.34, 1.1, 0]
				}
			}
		}
	}
}