{
	"format_version": "1.8.0",
	"animations": {
		"idle": {
			"animation_length": 16.8,
			"bones": {
				"root": {
					"rotation": {
						"0.0": [0, 0, 0],
						"0.6": [0, 0, 0],
						"0.8": [0, 0, 0],
						"2.3": [0, 0.05, 0],
						"2.9": [0, 0, 0],
						"3.5": [0, 0, 0],
						"3.7": [0, 0, 0],
						"5.0": [0, -0.05, 0],
						"5.7": [0, 0, 0],
						"6.3": [0, 0, 0],
						"6.5": [0, 0, 0],
						"7.8": [0, -0.05, 0],
						"8.5": [0, 0, 0],
						"10.5": [0, -0.5, 0.1],
						"11.4": [0, -0.1, -0.15],
						"11.7": [-0.2, 0, -0.04],
						"12.1": [-0.96189, -0.02589, -0.8],
						"12.6": [-1.05184, -0.00945, -0.72368],
						"12.9": [-1.05, -0.01, -0.72],
						"13.3": [-0.8, -0.01, 0.3],
						"13.8": [-0.49222, 0.01103, 1.66146],
						"14.6": [0, 0, 0],
						"15.1": [0, 0, 0],
						"15.3": [0, 0, 0],
						"15.9": [0, 0, 0]
					},
					"position": {
						"0.0": [0, 0, 0],
						"0.6": [0, 0.025, 0],
						"1.0": [0, 0, 0],
						"1.7": [-0.01, -0.02, 0],
						"2.9": [0, 0, 0],
						"3.5": [0, 0.025, 0],
						"3.9": [0, 0, 0],
						"4.7": [-0.01, -0.02, 0],
						"5.7": [0, 0, 0],
						"6.3": [0, 0.025, 0],
						"6.7": [0, 0, 0],
						"7.5": [-0.01, -0.02, 0],
						"8.5": [0, 0, 0],
						"9.5": [0, -0.1, 0],
						"10.3": [0, -0.08, 0],
						"11.0": [0, -0.06, 0],
						"11.7": [0, -0.04, 0],
						"12.1": [0, 0.1, 0],
						"12.4": [0, 0.15, 0],
						"12.7": [0, 0.18, 0],
						"12.9": [0, 0.2, 0],
						"13.3": [0, 0.1, 0],
						"13.9": [0, -0.06, 0],
						"14.1": [0, -0.08, 0],
						"14.6": [0, 0, 0],
						"15.1": [0, 0.025, 0],
						"15.3": [0, 0, 0],
						"15.9": [0, 0, 0]
					}
				},
				"constraint": {
					"rotation": [0.3, 0.3, 0.3],
					"position": [0.3, 0.3, 0.3]
				},
				"weapon_positioning": {
					"rotation": {
						"0.0": [0, 0, 0],
						"0.4": [-0.04, -0.31, -0.4],
						"0.9": [-0.36, -0.31, -0.79],
						"1.3": [-0.3, -0.26, -0.22],
						"1.6": [-0.32, -0.19, 0.35],
						"2.0": [-0.21, -0.12, 0.26],
						"2.3": [-0.19, -0.03, 0.07],
						"2.7": [-0.24, 0.04, -0.07],
						"3.6": [-0.11, 0.03, 0.23],
						"4.2": [0, 0, 0],
						"4.6": [-0.04, -0.31, -0.4],
						"5.1": [-0.36, -0.31, -0.79],
						"5.5": [-0.3, -0.26, -0.22],
						"5.8": [-0.32, -0.19, 0.35],
						"6.2": [-0.21, -0.12, 0.26],
						"6.5": [-0.19, -0.03, 0.07],
						"6.9": [-0.24, 0.04, -0.07],
						"7.8": [-0.11, 0.03, 0.23],
						"8.4": [0, 0, 0],
						"8.8": [-0.04, -0.31, -0.4],
						"9.3": [-0.36, -0.31, -0.79],
						"9.7": [-0.3, -0.26, -0.22],
						"10.0": [-0.32, -0.19, 0.35],
						"10.4": [-0.21, -0.12, 0.26],
						"10.7": [-0.19, -0.03, 0.07],
						"11.1": [-0.24, 0.04, -0.07],
						"12.0": [-0.11, 0.03, 0.23],
						"12.6": [0, 0, 0],
						"13.0": [-0.04, -0.31, -0.4],
						"13.5": [-0.36, -0.31, -0.79],
						"13.9": [-0.3, -0.26, -0.22],
						"14.2": [-0.32, -0.19, 0.35],
						"14.6": [-0.21, -0.12, 0.26],
						"14.9": [-0.19, -0.03, 0.07],
						"15.3": [-0.24, 0.04, -0.07],
						"16.2": [-0.11, 0.03, 0.23],
						"16.8": [0, 0, 0]
					},
					"position": {
						"0.0": [0, 0, 0],
						"1.6": [-0.05, -0.02, 0],
						"3.7": [-0.03, -0.01, 0],
						"4.2": [0, 0, 0],
						"5.8": [-0.05, -0.02, 0],
						"7.9": [-0.03, -0.01, 0],
						"8.4": [0, 0, 0],
						"10.0": [-0.05, -0.02, 0],
						"12.1": [-0.03, -0.01, 0],
						"12.6": [0, 0, 0],
						"14.2": [-0.05, -0.02, 0],
						"16.3": [-0.03, -0.01, 0],
						"16.8": [0, 0, 0]
					}
				}
			}
		},
		"static_idle": {
			"loop": true,
			"bones": {
				"werndl": {
					"rotation": [1.98918, 0.69687, 5],
					"position": [0.3, -1, -0.7]
				},
				"righthand": {
					"rotation": [120.87, 365.89, -152.95],
					"position": [7.7, -11.4, 35.9],
					"scale": [1, 1.5, 1]
				},
				"gun_and_lefthand": {
					"rotation": [0, 0, 0],
					"position": [0, 0, 0]
				},
				"lefthand": {
					"rotation": [110.52248, 314.30835, -143.56144],
					"position": [-8.04, -5.34, 26.06],
					"scale": [1, 1.5, 1]
				},
				"constraint": {
					"rotation": [0, 0, 0],
					"position": [0, 0, 0]
				},
				"hammer": {
					"rotation": [-48, 0, 0]
				},
				"weapon_positioning": {
					"rotation": [-1.9, -0.84, -4.95],
					"position": [-0.39, 0.95, 0.726]
				}
			}
		},
		"static_bolt_caught": {
			"loop": true,
			"bones": {
				"werndl": {
					"rotation": [1.98918, 0.69687, 5],
					"position": [0.3, -1, -0.7]
				},
				"righthand": {
					"rotation": [120.87, 365.89, -152.95],
					"position": [7.7, -11.4, 35.9],
					"scale": [1, 1.5, 1]
				},
				"gun_and_lefthand": {
					"rotation": [0, 0, 0],
					"position": [0, 0, 0]
				},
				"lefthand": {
					"rotation": [110.52248, 314.30835, -143.56144],
					"position": [-8.04, -5.34, 26.06],
					"scale": [1, 1.5, 1]
				},
				"constraint": {
					"rotation": [0, 0, 0],
					"position": [0, 0, 0]
				},
				"hammer": {
					"rotation": [0, 0, 0],
					"position": [0, 0, 0]
				},
				"weapon_positioning": {
					"rotation": [-1.9, -0.84, -4.95],
					"position": [-0.39, 0.95, 0.726]
				}
			}
		},
		"slide": {
			"loop": true,
			"animation_length": 0.6667,
			"bones": {
				"root": {
					"rotation": {
						"0.0": [0, 0, 0],
						"0.125": [-1.99535, 0.85991, -0.92128],
						"0.3333": [-0.80012, 0.9999, 5.42604],
						"0.4583": [0.65925, 0.41153, 8.36971],
						"0.6667": [-0.32, 0.4, 6.37]
					},
					"position": {
						"0.0": [0, 0, 0],
						"0.2083": [0, 1.5, 0.8],
						"0.3333": [0, 2, 1.9],
						"0.4583": [0, 1.9, 1.9],
						"0.625": [0, 1.8, 1.9]
					}
				},
				"constraint": {
					"rotation": [0.01, 0.01, 0.01],
					"position": [0.01, 0.01, 0.01]
				}
			}
		},
		"slide_idle": {
			"loop": true,
			"bones": {
				"root": {
					"rotation": [-0.32, 0.4, 6.37],
					"position": [0, 1.8, 1.9]
				},
				"constraint": {
					"rotation": [0.01, 0.01, 0.01],
					"position": [0.01, 0.01, 0.01]
				}
			}
		},
		"slide_back": {
			"loop": true,
			"animation_length": 0.5417,
			"bones": {
				"root": {
					"rotation": {
						"0.0": [-0.32, 0.4, 6.37],
						"0.125": [-3.26667, 0, 5.30833],
						"0.2917": [-1.30852, -0.4, -2.28036],
						"0.4583": [0, 0, 0]
					},
					"position": {
						"0.0": [0, 1.8, 1.9],
						"0.1667": [0, 0.58, 0.67],
						"0.25": [0, -0.29, 0.47],
						"0.3333": [0, -0.59, 0.47],
						"0.5417": [0, 0, 0]
					}
				},
				"constraint": {
					"rotation": [0.01, 0.01, 0.01],
					"position": [0.01, 0.01, 0.01]
				}
			}
		},
		"shoot": {
			"animation_length": 1.1667,
			"bones": {
				"root": {
					"rotation": {
						"0.0": [0, 0, 0],
						"0.0417": [0, 0, 0],
						"0.0833": [-7.8, -0.37502, -8.3504],
						"0.1667": [-3.95282, 0.25401, -6.14508],
						"0.25": [-2.30527, 0.42677, -9.62678],
						"0.3333": [-1.59, -0.14, -8.28],
						"0.375": [-0.16978, -1.2705, -5.58936],
						"0.4167": [1.13, -0.82, -3.02],
						"0.5": [3.99757, -0.13948, 2.99513],
						"0.5833": [4.99939, -0.0349, 2.9997],
						"0.7083": [1.99939, -0.0349, 2.9997],
						"0.9167": [-0.9997, -0.0349, -0.99939],
						"1.1667": [0, 0, 0]
					},
					"position": {
						"0.0": [0, 0, 0],
						"0.0417": [0, 0, 0],
						"0.125": [0, 0.4, 1.2],
						"0.2083": [0, 0.51, 0.8],
						"0.25": [0, 0.31, 0.6],
						"0.3333": [0, 0.14, 0.48],
						"0.375": [0, -0.19, 0.25],
						"0.4583": [0, -0.59, 0],
						"0.5417": [0, -0.55, 0],
						"0.625": [-0.08, -0.4, 0],
						"0.7083": [-0.1, -0.25, 0],
						"0.875": [0, 0, 0]
					}
				},
				"camera": {
					"rotation": {
						"0.0": [0, 0, 0],
						"0.0417": [0, 0, 0],
						"0.0833": [-3.89, -0.29, -0.17],
						"0.1667": [-1.47, -0.78, -1.44],
						"0.3333": [-0.55, -0.49, -0.94],
						"0.4167": [0.84, -0.05, -0.19],
						"0.75": [-0.6, 0, 0],
						"0.9583": [0, 0, 0],
						"1.1667": [0, 0, 0]
					},
					"position": {
						"0.0": [0, 0, 0],
						"0.0417": [0, 0, 0],
						"0.0833": [-0.1, 0, 0],
						"0.1667": [-0.1, 0, 0],
						"0.3333": [-0.09, 0, 0],
						"1.1667": [0, 0, 0]
					}
				},
				"constraint": {
					"rotation": {
						"0.0": [1, 1, 1],
						"0.9167": [1, 1, 1],
						"1.0417": [0.2, 0.2, 0.2],
						"1.1667": [0, 0, 0]
					},
					"position": {
						"0.0": [1, 1, 1],
						"0.9167": [1, 1, 1],
						"1.0417": [0.2, 0.2, 0.2],
						"1.1667": [0, 0, 0]
					}
				}
			}
		},
		"draw": {
			"animation_length": 2.7917,
			"bones": {
				"werndl": {
					"rotation": {
						"0.0": [-93.4953, -38.21021, -47.0051],
						"0.7083": [-93.4953, -38.21021, -47.0051],
						"0.875": [-10.96, -14.58, -24.04],
						"1.0": [7.61552, -4.26048, -14.01322],
						"1.125": [9.77, -6.44, -3.27],
						"1.25": [8.28741, -6.5802, 6.17993],
						"1.4167": [0.25821, -3.59816, 6.50898],
						"1.5417": [3.26792, -3.52728, 5.29737],
						"1.7083": [3.99205, -3.41827, 7.55895],
						"1.9167": [2.97374, -1.14528, 12.30647],
						"2.0": [3.0463, -1.05, 8.31133],
						"2.0417": [4.13383, -0.95482, 3.31147],
						"2.125": [6.03513, -1.31118, 8.29974],
						"2.2083": [5.46, -1.2, 7.1],
						"2.3333": [6.3, -1.10467, 6.10435],
						"2.4167": [5.96756, -1.16333, 8.93406],
						"2.5": [5.96756, -1.16333, 8.93406],
						"2.625": [5.39636, -0.41956, 7.56115],
						"2.7917": [1.98918, 0.69687, 5]
					},
					"position": {
						"0.0": [-7.7, -7.9, 5],
						"0.7083": [-7.7, -7.9, 5],
						"0.875": [-1.72, -4.57, 1.99],
						"1.0": [0.89, -1.62, 0.68],
						"1.0833": [1.25, -1.91, -0.77],
						"1.1667": [1.2, -1.73, -1.51],
						"1.3333": [0.54, -0.12, 0.01],
						"1.4167": [0.1, -1.19, 0.1],
						"1.5417": [0.1, -1.15, -0.3],
						"1.6667": [0.15, -1.15, -0.3],
						"1.7917": [0.21, -1.71, -0.22],
						"1.9167": [0.3, -1.8, -0.1],
						"2.0": [0.3, -1.95, -0.1],
						"2.0417": [0.3, -2.25, -0.1],
						"2.125": [0.3, -1.85, -0.1],
						"2.2083": [0.3, -1.67, -0.1],
						"2.3333": [0.3, -1.57, -0.3],
						"2.4167": [0.3, -1.65, -0.32],
						"2.5417": [0.3, -1.46, -0.32],
						"2.7083": [0.3, -1, -0.7],
						"2.7917": [0.3, -1, -0.7]
					}
				},
				"righthand": {
					"rotation": {
						"0.0": [219.35375, 403.5658, 27.88042],
						"0.1667": [203.00544, 412.50505, 6.07771],
						"0.3333": [223.24, 401.34, 15.97],
						"0.4167": [230.9, 399.28, 17.89],
						"0.5417": [229.66, 400.21, 16.41],
						"0.7083": [226.4743, 402.5956, 12.61569],
						"0.7917": [218.15837, 404.03009, 10.69684],
						"0.8333": [129.61016, 365.19183, -144.93784],
						"1.0833": [120.87, 365.89, -152.95],
						"1.4583": [120.87, 365.89, -152.95],
						"1.5417": [121.68488, 361.45514, -153.44672],
						"1.6667": [125.57123, 358.72985, -152.90389],
						"1.75": [123.44163, 357.6901, -151.28436],
						"1.8333": [129.32789, 366.98677, -159.30789],
						"1.9167": [129.32789, 366.98677, -159.30789],
						"1.9583": [132.32789, 366.98677, -159.30789],
						"2.0": [132.33, 366.99, -159.31],
						"2.0417": [130.33, 366.99, -159.31],
						"2.2083": [130.33, 366.99, -159.31],
						"2.3333": [124.50217, 363.85976, -157.20321],
						"2.4583": [120.87, 365.89, -152.95],
						"2.7083": [120.87, 365.89, -152.95],
						"2.7917": [120.87, 365.89, -152.95]
					},
					"position": {
						"0.0": [0.83, 15.22, 18.93],
						"0.1667": [1.23, 4.82, 26.93],
						"0.3333": [0.59, 0.74, 26.93],
						"0.4167": [1.15, 0.97, 25.63],
						"0.5417": [0.61, 3.04, 24.5],
						"0.7083": [-0.77, 8.38, 21.61],
						"0.7917": [0.43, 8.42, 21.63],
						"0.8333": [2.53, -11.3, 35.45],
						"1.0833": [7.7, -11.4, 35.9],
						"1.4583": [7.7, -11.4, 35.9],
						"1.75": [6.32, -9.71, 33.06],
						"1.8333": [5.8, -9.9, 32],
						"1.9167": [5.8, -9.9, 32],
						"1.9583": [5.6, -10.9, 32],
						"2.0": [5.6, -11, 32.05],
						"2.0417": [5.6, -11.1, 32.75],
						"2.2083": [5.6, -11.1, 32.75],
						"2.4583": [7.7, -11.4, 35.9],
						"2.7083": [7.7, -11.4, 35.9],
						"2.7917": [7.7, -11.4, 35.9]
					},
					"scale": [1, 1.5, 1]
				},
				"gun_and_lefthand": {
					"rotation": {
						"0.0": [0, 0, 0],
						"0.2917": [0, 0, 0],
						"0.5833": [45.63246, 16.8801, -15.85609],
						"0.7083": [63.98286, 0.3476, 6.52686],
						"0.875": [0, 0, 0],
						"1.0": [0, 0, 0],
						"2.7917": [0, 0, 0]
					},
					"position": {
						"0.0": [0, 0, 0],
						"0.2917": [0, 0, 0],
						"0.5833": [-2.1, 0, -4.7],
						"0.7083": [-2.2, -3.6, -3.1],
						"0.875": [0, 0, 0],
						"1.0": [0, 0, 0],
						"2.7917": [0, 0, 0]
					}
				},
				"lefthand": {
					"rotation": {
						"0.0": [89.97963, 325.30174, -101.03879],
						"0.5833": [89.97963, 325.30174, -101.03879],
						"0.7083": [90.75, 320.91, -125.38],
						"0.875": [110.52248, 314.30835, -143.56144],
						"1.0833": [110.52248, 314.30835, -143.56144],
						"1.5": [110.52248, 314.30835, -143.56144],
						"1.625": [112.52248, 314.30835, -143.56144],
						"1.75": [110.5, 313.75366, -145.41371],
						"2.375": [110.5, 313.75366, -145.41371],
						"2.5": [112.7, 315.99516, -150.34521],
						"2.625": [111.43003, 314.94756, -146.32251],
						"2.7917": [110.52248, 314.30835, -143.56144]
					},
					"position": {
						"0.0": [-6.94, 2.16, 29.46],
						"0.5833": [-6.94, 2.16, 29.46],
						"0.7083": [-6.34, 0.16, 28.26],
						"0.875": [-8.04, -5.34, 26.06],
						"1.0833": [-8.04, -5.34, 26.06],
						"1.5": [-8.04, -5.34, 26.06],
						"1.75": [-8.04, -4.74, 28.86],
						"2.375": [-8.04, -4.74, 28.86],
						"2.7917": [-8.04, -5.34, 26.06]
					},
					"scale": [1, 1.5, 1]
				},
				"hammer": {
					"rotation": {
						"1.9167": [0, 0, 0],
						"1.9583": [-24, 0, 0],
						"2.0": [-26, 0, 0],
						"2.0417": [-48, 0, 0],
						"2.7917": [-48, 0, 0]
					},
					"position": {
						"1.9167": [0, 0, 0],
						"1.9583": [0, 0, 0],
						"2.0": [0, 0, 0],
						"2.0417": [0, 0, 0],
						"2.7917": [0, 0, 0]
					}
				},
				"constraint": {
					"rotation": {
						"0.0": [0, 0, 0],
						"0.7083": [0.8, 0, 0.7],
						"2.4167": [0.8, 0, 0.7],
						"2.7917": [0, 0, 0]
					},
					"position": {
						"0.0": [0.3, 0.3, 0.3],
						"0.7083": [0, 1, 0],
						"2.4167": [0, 1, 0],
						"2.7917": [0, 0, 0]
					}
				},
				"camera": {
					"rotation": {
						"0.0": [0, 0, 0],
						"0.25": [0, 0, 0],
						"0.4167": [-0.03492, -0.1, 0.3],
						"0.5417": [0.2, -0.1, 0.5],
						"0.7083": [0.5, 0, 0.5],
						"0.7917": [0.5, 0, 0.5],
						"1.0417": [0.65, 0, 0.5],
						"1.3333": [0, 0, 0],
						"1.4583": [0.25, 0, -0.3],
						"1.5": [0.15, 0, -0.15],
						"1.5833": [0, 0, 0],
						"1.6667": [0, 0, 0],
						"1.8333": [0.3, 0, -0.2],
						"1.9583": [0.1, 0, 0],
						"2.0417": [0.5, 0, -0.2],
						"2.1667": [0.35, 0, -0.13],
						"2.4167": [0, 0, 0]
					},
					"position": {
						"0.0": [0, 0, 0],
						"0.25": [0, 0, 0],
						"0.4167": [0, 0, 0],
						"0.5417": [0, 0, 0],
						"0.7083": [0, 0, 0],
						"1.6667": [0, 0, 0],
						"2.4167": [0, 0, 0]
					}
				},
				"weapon_positioning": {
					"rotation": [-1.9, -0.84, -4.95],
					"position": [-0.39, 0.95, 0.726]
				}
			},
			"sound_effects": {
				"0.0": {
					"effect": "werndl_draw"
				}
			}
		},
		"inspect_empty": {
			"animation_length": 7.125,
			"bones": {
				"werndl": {
					"rotation": {
						"0.0": [1.98918, 0.69687, 5],
						"0.1667": [8.48802, 0.81459, -4.7219],
						"0.375": [9.66055, 0.83283, -15.27747],
						"0.5417": [8.60576, 1.28325, -18.24398],
						"0.6667": [7.60788, 1.28163, -18.24199],
						"0.7917": [6.27, 1.28, -18.24],
						"1.375": [5.60504, 1.2731, -17.85324],
						"2.125": [6.211, 1.16529, -16.85527],
						"2.75": [6.65, 1.16529, -16.85527],
						"3.0": [7.72621, 0.58731, -11.89346],
						"3.2083": [6.72602, -0.40581, -12.01058],
						"3.2917": [6.3, -0.41, -12.01],
						"3.4167": [7.33, -0.41, -12.01],
						"3.5417": [7.93, -0.41, -12.01],
						"3.6667": [7.97, -0.31, -12.72],
						"3.7917": [7.67, -0.24, -13.2],
						"4.4583": [7.93, -0.24, -13.2],
						"5.4167": [8.23, -0.35, -12.39],
						"5.875": [8.43, -0.37, -12.03],
						"6.2083": [12.08309, 1.86851, -9.96086],
						"6.4583": [7.83549, 5.71162, -19.18466],
						"6.5833": [7.85612, 6.72127, -14.99995],
						"6.6667": [8.64075, 6.62932, -10.5741],
						"6.7917": [9.65718, 3.39384, -3.87453],
						"7.0417": [1.98918, 0.69687, 5],
						"7.0833": [1.99, 0.7, 5]
					},
					"position": {
						"0.0": [0.3, -1, -0.7],
						"0.1667": [0.23, -1.3, -0.97],
						"0.375": [0.15, -1.35, -1.55],
						"0.5": [0.1, -1.1, -1.55],
						"0.6667": [0.1, -1.2, -1.55],
						"0.7917": [0.1, -1.37, -1.55],
						"1.375": [0.1, -1.7, -1.55],
						"2.125": [0.1, -1.65, -1.55],
						"2.75": [0.1, -1.55, -1.55],
						"3.0": [0.1, -1.75, -1.55],
						"3.2083": [0.1, -1.45, -1.55],
						"3.2917": [0.1, -1.35, -1.55],
						"3.4167": [0.1, -1.51, -1.55],
						"3.5417": [0.1, -1.51, -1.55],
						"3.6667": [0.1, -1.63, -1.55],
						"3.875": [0.1, -1.51, -1.55],
						"4.2917": [0.1, -1.44, -1.55],
						"5.5417": [0.1, -1.49, -1.55],
						"5.8333": [0.1, -1.5, -1.55],
						"6.2083": [0.18, -1.75, -1.12],
						"6.4583": [0.03, -1.85, -0.66],
						"6.5417": [-0.14, -1.95, -0.66],
						"6.7083": [0.23, -1.58, -0.66],
						"6.9167": [0.27, -0.94, -0.78],
						"7.0833": [0.3, -1, -0.7]
					}
				},
				"righthand": {
					"rotation": {
						"0.0": [120.87, 365.89, -152.95],
						"0.5": [130.06406, 376.66319, -181.91603],
						"2.8333": [130.06406, 376.66319, -181.91603],
						"3.0833": [120.87, 365.89, -152.95],
						"3.4583": [111.53497, 365.78675, -111.35352],
						"5.875": [111.53, 365.79, -111.35],
						"6.125": [111.53, 365.79, -111.35],
						"6.4583": [120.87, 365.89, -152.95],
						"7.0833": [120.87, 365.89, -152.95]
					},
					"position": {
						"0.0": [7.7, -11.4, 35.9],
						"0.5": [7.7, -10.5, 36.5],
						"2.8333": [7.7, -10.5, 36.5],
						"3.0833": [7.7, -10.5, 36.5],
						"3.4583": [1.7, -9.9, 37.5],
						"5.875": [1.7, -9.9, 37.5],
						"6.125": [1.7, -9.9, 37.5],
						"6.4583": [7.7, -10.5, 36.5],
						"7.0833": [7.7, -10.5, 36.5]
					},
					"scale": [1, 1.5, 1]
				},
				"lefthand": {
					"rotation": {
						"0.0": [110.52248, 314.30835, -143.56144],
						"0.5": [89.76719, 309.07674, -109.5495],
						"2.8333": [89.77, 309.08, -109.55],
						"3.0833": [90.75391, 310.07991, -109.52913],
						"3.4583": [96.60818, 312.06971, -109.33423],
						"3.5417": [96.48406, 313.06319, -109.1657],
						"5.875": [96.48406, 313.06319, -109.1657],
						"6.125": [96.48406, 313.06319, -109.1657],
						"6.4583": [96.2, 313.11, -119.76],
						"6.5": [97.37913, 313.12156, -122.40855],
						"6.5417": [99.30293, 313.1566, -126.08922],
						"6.625": [103.4, 312.26, -133.79],
						"6.875": [103.4, 312.26, -133.79],
						"7.0833": [110.52248, 314.30835, -143.56144]
					},
					"position": {
						"0.0": [-8.04, -5.34, 26.06],
						"0.3333": [-4.89, -4.29, 26.06],
						"0.5": [-3.84, -4.34, 26.06],
						"2.8333": [-3.84, -4.34, 26.06],
						"3.0833": [-3.84, -4.34, 26.06],
						"3.4583": [-4.74, -5.24, 26.06],
						"3.5417": [-4.74, -5.24, 26.06],
						"5.875": [-4.74, -5.24, 26.06],
						"6.125": [-4.74, -5.24, 26.06],
						"6.4583": [-5.49, -3.27, 26.06],
						"6.5": [-5.68, -3.48, 26.06],
						"6.5417": [-6.1, -3.6, 26.06],
						"6.625": [-6.74, -4.24, 26.06],
						"6.875": [-6.74, -4.24, 26.06],
						"7.0833": [-8.04, -5.34, 26.06]
					},
					"scale": [1, 1.5, 1]
				},
				"werndl_default": {
					"rotation": {
						"0.0": [0, 0, 0],
						"2.8333": [0, 0, 0],
						"3.25": [-1, 0, 39],
						"3.4583": [-3.00183, 1.99726, 65.89529],
						"3.5417": [-3.00046, 0.99863, 65.94766],
						"3.6667": [-3.05, 0.84, 62.95],
						"5.875": [-3.05, 0.84, 62.95],
						"6.0": [-3.00183, 1.99726, 65.89529],
						"6.125": [-2.33, 1.33, 56.93],
						"6.2083": [-1, 0, 39],
						"6.4583": [0, 0, 6],
						"6.7083": [0, 0, 6],
						"7.0833": [0, 0, 0]
					},
					"position": {
						"0.0": [0, 0, 0],
						"2.8333": [0, 0, 0],
						"3.25": [0, -0.5, 0],
						"3.4583": [0, -0.8, 0],
						"3.5417": [0, -0.8, 0],
						"3.6667": [0, -0.86, 0],
						"5.875": [0, -0.86, 0],
						"6.0": [0, -0.8, 0],
						"6.125": [0, -0.7, 0],
						"6.2083": [0, -0.5, 0],
						"6.4583": [0, 0, 0],
						"6.7083": [0, 0, 0],
						"7.0833": [0, 0, 0]
					}
				},
				"weapon_positioning": {
					"rotation": [-1.9, -0.84, -4.95],
					"position": [-0.39, 0.95, 0.726]
				},
				"constraint": {
					"rotation": [1, 1, 1],
					"position": [1, 1, 1]
				}
			}
		},
		"reload_empty": {
			"animation_length": 7.8333,
			"bones": {
				"werndl": {
					"rotation": {
						"0.0": [1.98918, 0.69687, 5],
						"0.125": [7.01398, 0.58947, 5.04772],
						"0.4167": [3.47396, -1.37475, 14.00079],
						"0.5": [2.97374, -1.14528, 12.30647],
						"0.5833": [3.0463, -1.05, 8.31133],
						"0.625": [4.13383, -0.95482, 3.31147],
						"0.7083": [6.03513, -1.31118, 8.29974],
						"0.7917": [5.46, -1.2, 7.1],
						"1.0417": [3.73431, -0.10462, -5.96093],
						"1.2083": [3.72, 0.1, -3.3],
						"1.2917": [3.72014, 0.4, -0.30632],
						"1.4167": [4.71398, 0.5, 1.68691],
						"1.5": [5.68975, 0.39, -0.30338],
						"1.6667": [4.66381, 0.82697, -2.29689],
						"1.75": [5.63226, 0.05059, -4.38391],
						"1.8333": [5.40142, 0.10208, -1.39],
						"1.9583": [4.71, -0.49662, 1.60789],
						"2.0833": [5.67636, -0.79429, 4.59328],
						"2.2917": [7.81827, -1.86963, 4.44617],
						"2.5417": [7.03, -1.79, 4.48],
						"2.75": [7.25, -1.18, 4.56],
						"3.0417": [-1.64407, -0.78549, 8.57995],
						"3.2083": [-0.32561, -0.84663, 9.58072],
						"3.375": [-0.31511, -0.556, 8.57991],
						"3.4167": [-0.34378, -0.53875, 11.57999],
						"3.4583": [-0.35313, -0.53266, 12.58002],
						"3.5833": [-0.37, -1.52, 14.59],
						"3.7083": [-0.36, -0.93, 13.39],
						"3.8333": [-0.39091, -0.58034, 16.39009],
						"3.875": [-6.54443, 1.0108, 37.31348],
						"3.9167": [-7.43158, -1.39865, 42.6707],
						"4.0": [-5.32499, -1.80631, 39.49462],
						"4.125": [-1.93875, -2.69408, 29.62829],
						"4.25": [4.34707, -4.51255, 17.239],
						"4.4167": [12.42722, -3.12315, 10.80786],
						"4.5417": [9.13, -0.77, 0.35],
						"4.6667": [7.11205, 0.49603, -3.46051],
						"4.7917": [8.1194, 0.6, -2.47049],
						"4.9167": [8.62906, 0.45004, -1.48127],
						"5.0833": [8.64293, -0.98921, 1.33573],
						"5.1667": [10.57073, -2.341, 3.12247],
						"5.2083": [11.67704, -1.7878, 0.17199],
						"5.25": [12.73123, -1.38204, -1.78717],
						"5.375": [11.68905, -2.19316, 0.15686],
						"5.4583": [10.69, -2.19, 0.16],
						"5.5417": [10.87443, -0.87889, -6.71874],
						"5.7083": [10.94179, 0.74404, -9.49783],
						"5.8333": [11.96483, -0.20658, -4.58892],
						"5.875": [11.85354, -1.65283, 2.26114],
						"5.9583": [12.64798, -1.8843, 6.20721],
						"6.0417": [12.64798, -1.8843, 6.20721],
						"6.125": [12.39816, -3.88493, 10.63669],
						"6.2083": [12.52289, -3.06536, 8.15446],
						"6.3333": [12.67, -1.71, 3.94],
						"6.4583": [13.59025, -1.73013, 6.0023],
						"6.625": [14.40269, -2.49935, 10.97158],
						"6.9167": [14.44286, -2.25027, 10.00227],
						"7.0417": [15.86, -3.1, 11.8],
						"7.125": [16.21, -2.13, 10.29],
						"7.2917": [13.79, -0.46, 3.79],
						"7.4167": [7.28, 0.14, 1.89],
						"7.5417": [2.94459, 0.90443, 3.5],
						"7.7083": [1.98918, 0.69687, 5]
					},
					"position": {
						"0.0": [0.3, -1, -0.7],
						"0.2083": [0.3, -1.68, -0.2],
						"0.2917": [0.3, -1.78, -0.1],
						"0.375": [0.3, -1.88, -0.1],
						"0.5": [0.3, -1.8, -0.1],
						"0.5833": [0.3, -1.95, -0.1],
						"0.625": [0.3, -2.25, -0.1],
						"0.7083": [0.3, -1.85, -0.1],
						"0.7917": [0.3, -1.67, -0.1],
						"0.9167": [0.3, -1.57, -0.3],
						"1.0417": [0.3, -1.65, -0.7],
						"1.2083": [0.3, -1.88, -0.7],
						"1.25": [0.3, -2.08, -0.7],
						"1.375": [0.3, -2.28, -0.7],
						"1.5": [0.3, -1.78, -0.7],
						"1.6667": [0.3, -2.08, -0.7],
						"1.75": [0.3, -2.35, -0.7],
						"1.8333": [0.3, -2.33, -0.7],
						"1.9167": [0.3, -2.08, -0.7],
						"2.125": [0.3, -2.58, -0.7],
						"2.25": [0.3, -2.51, -0.67],
						"2.4583": [0.3, -2.45, -0.67],
						"2.625": [0.3, -2.45, -0.67],
						"2.75": [0.3, -2.43, -0.65],
						"2.9583": [0.3, -2.28, -0.1],
						"3.0833": [0.3, -2.08, -0.1],
						"3.2083": [0.3, -2.13, -0.1],
						"3.375": [0.3, -2.18, -0.1],
						"3.4167": [0.6, -2.18, -0.1],
						"3.4583": [0.65, -2.38, -0.1],
						"3.5417": [0.65, -2.38, -0.1],
						"3.625": [0.55, -2.38, -0.1],
						"3.7083": [0.5, -2.38, -0.1],
						"3.8333": [0.55, -2.42, -0.1],
						"3.875": [0.85, -3.42, -1.2],
						"3.9583": [0.95, -3.72, -1.2],
						"4.0": [0.9, -3.75, -1.2],
						"4.125": [0.71, -3.69, -0.79],
						"4.25": [0.61, -3.54, -0.56],
						"4.4167": [0.4, -1.75, -0.1],
						"4.5417": [0.4, -1.74, -0.1],
						"4.6667": [0.4, -2.44, -0.1],
						"4.7917": [0.4, -2.54, -0.1],
						"4.9167": [0.4, -2.48, -0.1],
						"5.0": [0.4, -2.35, -0.1],
						"5.0833": [0.4, -2.35, -0.1],
						"5.1667": [0.4, -2.02, -0.1],
						"5.2083": [0.5, -2.02, -0.2],
						"5.2917": [0.6, -2.02, -0.5],
						"5.375": [0.4, -1.92, -0.7],
						"5.4583": [0.4, -2.12, -0.5],
						"5.5417": [0.4, -2.42, -0.5],
						"5.7083": [0.4, -2.12, -0.5],
						"5.7917": [0.4, -1.88, -0.5],
						"5.875": [0.4, -1.52, -0.5],
						"5.9583": [0.45, -1.82, -0.5],
						"6.0417": [0.49, -1.92, -0.5],
						"6.0833": [0.59, -2.12, -0.5],
						"6.2083": [0.53, -2.42, -0.5],
						"6.3333": [0.49, -2.12, -0.5],
						"6.4583": [0.49, -2.17, -0.5],
						"6.5417": [0.59, -2.32, -0.5],
						"6.75": [0.58, -2.28, -0.5],
						"6.9167": [0.49, -1.99, -0.5],
						"7.0417": [0.69, -1.77, -0.5],
						"7.125": [0.75, -1.68, -0.5],
						"7.2917": [0.5, -1.28, -0.88],
						"7.4167": [0.25, -1.04, -0.94],
						"7.5417": [0.25, -0.9, -0.7],
						"7.625": [0.3, -1, -0.7],
						"7.7083": [0.3, -1, -0.7]
					}
				},
				"righthand": {
					"rotation": {
						"0.0": [120.87, 365.89, -152.95],
						"0.125": [120.87, 365.89, -152.95],
						"0.2083": [123.69, 361.59, -152.92],
						"0.3333": [123.52, 358.99, -151.83],
						"0.4167": [129.32789, 366.98677, -159.30789],
						"0.5": [129.32789, 366.98677, -159.30789],
						"0.5417": [132.32789, 366.98677, -159.30789],
						"0.5833": [132.33, 366.99, -159.31],
						"0.625": [130.33, 366.99, -159.31],
						"0.7083": [130.33, 366.99, -159.31],
						"0.8333": [127.23459, 361.1825, -148.67824],
						"1.0417": [141.32814, 341.69382, -125.84851],
						"1.1667": [141.29915, 336.88867, -118.85826],
						"1.2917": [141.29915, 336.88867, -118.85826],
						"1.375": [154.35, 335.03, -121.44],
						"1.4583": [154.97, 334.87, -122.43],
						"1.5": [155.59365, 334.70903, -123.42326],
						"1.5417": [156.71, 331.94, -130.57],
						"1.625": [156.71, 331.94, -130.57],
						"1.6667": [157.73033, 329.38125, -137.17055],
						"1.75": [154.53, 329.38, -137.17],
						"1.875": [130.187, 338.57109, -126.98472],
						"2.0": [130.19, 338.57, -126.98],
						"2.2083": [133.34218, 366.43952, -134.96317],
						"4.75": [133.34, 366.44, -134.96],
						"4.8333": [133.37, 365.95, -134.42],
						"4.9167": [133.69324, 363.47444, -128.70275],
						"5.0833": [134.13915, 361.95443, -121.06022],
						"5.1667": [134.13915, 361.95443, -121.06022],
						"5.2083": [134.14, 361.95, -121.06],
						"5.3333": [134.13, 361.47, -121.52],
						"5.375": [134.12066, 361.23223, -121.75656],
						"5.4583": [134.29, 362.06, -127.21],
						"5.5417": [135.06679, 365.7851, -151.69807],
						"5.7083": [140.69497, 395.71585, -178.317],
						"5.8333": [139.57907, 397.69771, -184.5106],
						"5.875": [139.4994, 387.96324, -170.07302],
						"5.9583": [140.36, 359.53, -133.72],
						"6.0417": [140.36, 359.53, -133.72],
						"6.0833": [142.28803, 355.27936, -127.93032],
						"6.2083": [142.28803, 355.27936, -127.93032],
						"6.2917": [142.03, 356.09, -129.8],
						"6.5417": [136.12264, 374.61287, -172.71958],
						"6.8333": [120.87, 365.89, -152.95],
						"7.7083": [120.87, 365.89, -152.95]
					},
					"position": {
						"0.0": [7.7, -11.4, 35.9],
						"0.125": [7.7, -11.4, 35.9],
						"0.3333": [6.32, -9.71, 33.06],
						"0.4167": [5.8, -9.9, 32],
						"0.5": [5.8, -9.9, 32],
						"0.5417": [5.6, -10.9, 32],
						"0.5833": [5.6, -11, 32.05],
						"0.625": [5.6, -11.1, 32.75],
						"0.7083": [5.6, -11.1, 32.75],
						"0.8333": [4.39, -11.34, 32.62],
						"1.0417": [-0.25, -13.67, 22.96],
						"1.1667": [-0.23, -14.78, 21.74],
						"1.2917": [-0.23, -14.78, 21.74],
						"1.375": [-2.13, -15.08, 18.14],
						"1.4583": [-3.02, -14.3, 18.15],
						"1.5": [-3.47, -14.66, 17.8],
						"1.5417": [-1.74, -15.97, 16.88],
						"1.625": [-1.74, -15.97, 16.88],
						"1.6667": [-0.13, -17.18, 16.04],
						"1.75": [0.15, -17.18, 16.84],
						"1.875": [0.57, -17.18, 23.04],
						"2.0": [0.57, -19.78, 24.74],
						"2.2083": [-2.37, -15.47, 43.13],
						"4.75": [-2.37, -15.47, 43.13],
						"4.8333": [-2.57, -15.51, 43.13],
						"5.0833": [-5.77, -16.27, 43.03],
						"5.1667": [-5.77, -16.27, 43.03],
						"5.2083": [-5.77, -16.27, 43.03],
						"5.3333": [-5.77, -16.27, 42.83],
						"5.375": [-5.77, -16.27, 43.33],
						"5.4583": [-4.82, -16.26, 43.4],
						"5.5417": [-0.56, -16.19, 43.74],
						"5.625": [-0.99, -15.93, 44.33],
						"5.7083": [-1.37, -16.07, 44.48],
						"5.8333": [-0.47, -15.27, 44.88],
						"5.875": [-0.47, -15.27, 44.88],
						"5.9167": [-0.51, -16.26, 44.19],
						"5.9583": [-2.54, -18.24, 42.11],
						"6.0417": [-2.54, -18.24, 42.11],
						"6.0833": [-3.67, -18.87, 40.98],
						"6.2083": [-3.67, -18.87, 40.98],
						"6.2917": [-3.43, -18.66, 40.82],
						"6.5417": [2.01, -13.84, 37.24],
						"6.8333": [7.7, -11.4, 35.9],
						"7.7083": [7.7, -11.4, 35.9]
					},
					"scale": [1, 1.5, 1]
				},
				"lefthand": {
					"rotation": {
						"0.0": [110.52248, 314.30835, -143.56144],
						"0.125": [112.52248, 314.30835, -143.56144],
						"0.25": [110.5, 313.75366, -145.41371],
						"3.7083": [110.5, 313.75366, -145.41371],
						"3.875": [93.70525, 313.75, -145.41],
						"3.9583": [93.70525, 313.75, -145.41],
						"4.25": [110.5, 313.75366, -145.41371],
						"6.7917": [110.5, 313.75366, -145.41371],
						"6.9167": [112.52248, 314.30835, -143.56144],
						"7.0417": [110.52248, 314.30835, -143.56144],
						"7.7083": [110.52, 314.31, -143.56]
					},
					"position": {
						"0.0": [-8.04, -5.34, 26.06],
						"0.25": [-8.04, -4.74, 28.86],
						"3.7083": [-8.04, -4.74, 28.86],
						"3.875": [-4.64, -0.74, 29.86],
						"3.9583": [-4.64, -0.74, 29.86],
						"4.25": [-8.04, -4.74, 28.86],
						"6.7917": [-8.04, -4.74, 28.86],
						"7.0417": [-8.04, -5.34, 26.06],
						"7.7083": [-8.04, -5.34, 26.06]
					},
					"scale": [1, 1.5, 1]
				},
				"hammer": {
					"rotation": {
						"0.0": [0, 0, 0],
						"0.5": [0, 0, 0],
						"0.5417": [-24, 0, 0],
						"0.5833": [-26, 0, 0],
						"0.625": [-48, 0, 0],
						"7.7083": [-48, 0, 0]
					},
					"position": {
						"0.0": [0, 0, 0],
						"0.5": [0, 0, 0],
						"0.5417": [0, 0, 0],
						"0.5833": [0, 0, 0],
						"0.625": [0, 0, 0],
						"7.7083": [0, 0, 0]
					}
				},
				"mag_and_righthand": {
					"rotation": {
						"2.1667": [0, 0, 0],
						"2.5": [0, 0, 0],
						"2.7083": [-6.37, -2.93, -12.17],
						"3.0833": [-11.35031, 10.68347, -42.75598],
						"3.2917": [-12.57506, 9.66223, -50.6841],
						"3.375": [-4.4639, 22.12736, -14.77423],
						"3.4583": [-4.49691, 2.65205, -20.30916],
						"3.5417": [-6.49, 6.52, -26.74],
						"3.625": [-4.54381, 6.14775, -31.75677],
						"3.7083": [-2.60338, 6.16194, -36.79528],
						"4.0833": [-2.6, 6.16, -36.8],
						"4.25": [-4.58553, 4.16642, -36.63921],
						"4.4167": [-4.59, 4.17, -36.64],
						"4.5833": [2.34898, 12.7875, -5.53028],
						"4.6667": [8.35, 12.79, -5.53],
						"4.75": [18.28139, 11.84066, -5.85165],
						"5.1667": [18.28139, 11.84066, -5.85165],
						"5.2083": [18.28, 11.84, -5.85],
						"6.3333": [18.28, 11.84, -5.85],
						"6.8333": [0, 0, 0],
						"7.7083": [0, 0, 0]
					},
					"position": {
						"2.1667": [0, 0, 0],
						"2.5": [0, 0, 0],
						"2.7083": [-0.9, 4.4, -5.25],
						"2.875": [-4.15, 5.13, -11.38],
						"3.0833": [-9.03, 2.73, -14.58],
						"3.2083": [-11.3, 1.6, -15],
						"3.2917": [-11.35, 1.52, -15],
						"3.375": [-9.4, 2.9, -13.9],
						"3.4583": [-0.8, 5.2, -16.4],
						"3.5417": [-4.75, 4.63, -15.93],
						"3.7083": [-2.65, 1.93, -14.93],
						"4.0833": [-2.65, 1.93, -14.93],
						"4.4167": [-3.25, 3.23, -11.43],
						"4.5833": [-3.75, 3.03, -10.93],
						"4.6667": [-3.35, 0.13, -11.63],
						"4.75": [-2.05, -4.97, -12.43],
						"5.1667": [-2.05, -4.97, -12.43],
						"5.2083": [-2.05, -4.97, -14.93],
						"6.3333": [-2.05, -4.97, -14.93],
						"6.8333": [0, 0, 0],
						"7.7083": [0, 0, 0]
					}
				},
				"bullet": {
					"rotation": {
						"2.1667": [0, 0, 0],
						"2.2083": [-20.54543, -28.48236, 4.33126],
						"4.5833": [-20.54543, -28.48236, 4.33126],
						"4.6667": [-10.83456, -11.30018, 9.83888],
						"4.75": [-10.83456, -11.30018, 9.83888],
						"4.8333": [-19.76521, -10.3591, 9.49516],
						"6.3333": [-19.76521, -10.3591, 9.49516],
						"6.5": [-19.83, -11.3, 9.84],
						"6.8333": [0, 0, 0],
						"7.7083": [0, 0, 0]
					},
					"position": {
						"2.1667": [0, 0, 0],
						"2.2083": [-2.5, 0.3, 1.2],
						"4.5833": [-2.5, 0.3, 1.2],
						"4.6667": [-2.5, 0.3, 1.2],
						"4.75": [-2.6, 0.25, 0.45],
						"4.8333": [-2.76, 0.15, 0.1],
						"6.3333": [-2.76, 0.15, 0.1],
						"6.375": [-2.76, 0.15, 0.1],
						"6.5": [-1.5, 1.15, -2.15],
						"6.8333": [0, 0, 0],
						"7.7083": [0, 0, 0]
					}
				},
				"tabernacle": {
					"rotation": {
						"1.4167": [0, 0, 0],
						"1.4583": [0, 0, -42.6],
						"1.5": [0, 0, -85.2],
						"1.5417": [0, 0, -114.73],
						"1.625": [0, 0, -114.73],
						"1.6667": [0, 0, -142],
						"5.7083": [0, 0, -142],
						"5.8333": [0, 0, -114.73],
						"5.875": [0, 0, -85.2],
						"5.9583": [0, 0, -20.52],
						"6.0417": [0, 0, -20.52],
						"6.0833": [0, 0, 0],
						"7.7083": [0, 0, 0]
					},
					"position": {
						"1.4167": [0, 0, 0],
						"1.4583": [0, 0, 0],
						"1.5": [0, 0, 0],
						"1.5417": [0, 0, 0],
						"1.625": [0, 0, 0],
						"1.6667": [0, 0, 0],
						"5.7083": [0, 0, 0],
						"5.8333": [0, 0, 0],
						"5.875": [0, 0, 0],
						"5.9583": [0, 0, 0],
						"6.0417": [0, 0, 0],
						"6.0833": [0, 0, 0],
						"7.7083": [0, 0, 0]
					}
				},
				"tabernacle_pin": {
					"rotation": {
						"1.4167": [0, 0, 0],
						"1.4583": [0, 0, -42.6],
						"1.5": [0, 0, -85.2],
						"1.5417": [0, 0, -114.73],
						"1.625": [0, 0, -114.73],
						"1.6667": [0, 0, -142],
						"5.7083": [0, 0, -142],
						"5.8333": [0, 0, -114.73],
						"5.875": [0, 0, -85.2],
						"5.9583": [0, 0, -20.52],
						"6.0417": [0, 0, -20.52],
						"6.0833": [0, 0, 0],
						"7.7083": [0, 0, 0]
					},
					"position": {
						"1.4167": [0, 0, 0],
						"1.4583": [0, 0, 0],
						"1.5": [0, 0, 0],
						"1.5417": [0, 0, 0],
						"1.625": [0, 0, 0],
						"1.6667": [0, 0, 0],
						"5.7083": [0, 0, 0],
						"5.8333": [0, 0, 0],
						"5.875": [0, 0, 0],
						"5.9583": [0, 0, 0],
						"6.0417": [0, 0, 0],
						"6.0833": [0, 0, 0],
						"7.7083": [0, 0, 0]
					}
				},
				"constraint": {
					"rotation": {
						"0.0": [1, 1, 1],
						"0.2917": [0.8, 0, 0.7],
						"6.9167": [0.8, 0, 0.7],
						"7.125": [0.8, 0, 0.7],
						"7.625": [0, 0, 0]
					},
					"position": {
						"0.0": [1, 1, 1],
						"0.2917": [1, 1, 0.4],
						"6.9167": [1, 1, 0.4],
						"7.125": [0.4, 0.65, 0.4],
						"7.4167": [0.23, 0.1, 0.23],
						"7.8333": [0, 0, 0]
					}
				},
				"bullet2": {
					"rotation": {
						"0.0": [0, 0, 0],
						"1.625": [0, 0, 0],
						"1.6667": [0, 0, 0],
						"3.375": [0, 0, 0],
						"3.4167": [15, 0, 0],
						"3.5": [4, 0, 0],
						"3.5417": [-2.02647, 4.96264, -0.61088],
						"3.6667": [4, 0, 0],
						"3.8333": [3.16319, -3.87232, 13.78825],
						"3.9583": [-30.4611, -34.6726, 86.37178],
						"4.0": [-83.47513, -1.81891, 172.14415],
						"4.0833": [-49.91203, 21.47334, 273.9531],
						"4.1667": [-49.91, 21.47, 273.95],
						"4.2083": {
							"pre": [-49.91, 21.47, 273.95],
							"post": [0, 0, 0]
						},
						"4.7083": {
							"pre": [0, 0, 0],
							"post": [255.82, -72.82, 192.22]
						},
						"4.75": [255.82, -72.82, 192.22],
						"4.7917": {
							"pre": [255.82, -72.82, 192.22],
							"post": [0, 0, 0]
						},
						"6.3333": [0, 0, 0],
						"6.375": [0, 0, 0],
						"6.4167": [0, 0, 0],
						"7.7083": [0, 0, 0]
					},
					"position": {
						"0.0": [0, 0, 0],
						"1.625": [0, 0, 0],
						"1.6667": [0, 0, 0.2],
						"3.375": [0, 0, 0.2],
						"3.4167": [0, 0.27, 1.9],
						"3.5": [0, 0.2, 2.6],
						"3.5417": [-0.1, 0.4, 2.6],
						"3.625": [0.1, 0.2, 2.6],
						"3.7083": [0, 0.2, 2.6],
						"3.8333": [0.05, 0.2, 2.6],
						"3.9583": [0.8, 0.2, 2.6],
						"4.0": [2.4, -0.9, 2.6],
						"4.0833": [5.3, -2.4, 2.6],
						"4.1667": [7.9, -8.1, 2.6],
						"4.2083": {
							"pre": [7.9, -8.1, 2.6],
							"post": [0, -0.7, 0]
						},
						"4.7083": {
							"pre": [0, -0.7, 0],
							"post": [2.2, -17, 3.05]
						},
						"4.75": [2.2, -17, 3.05],
						"4.7917": {
							"pre": [2.2, -17, 3.05],
							"post": [0, -0.9, 0]
						},
						"6.3333": [0, -0.9, 0],
						"6.375": {
							"pre": [0, -0.9, 0],
							"post": [0, 0, 0]
						},
						"6.4167": [0, 0, 0],
						"7.7083": [0, 0, 0]
					}
				},
				"root": {
					"rotation": {
						"0.0": [0, 0, 0],
						"0.25": [3, 0, 0],
						"0.5417": [0, 0, 0],
						"0.75": [1, 0, 0],
						"0.9167": [0, 0, 0],
						"1.0833": [2, 0, 0],
						"1.2917": [1, 0, 0],
						"1.5417": [3.06, 0, 0],
						"5.7083": [2, 0, 0],
						"6.3333": [0, 0, 0],
						"6.5": [-4, 0, 0],
						"6.6667": [-3.96344, -1.13646, -1.92575],
						"6.7917": [-2.16, -1.14, -1.93],
						"7.0417": [-2.16, -1.14, -1.93],
						"7.4167": [0, 0, 0]
					},
					"position": {
						"0.0": [0, 0, 0],
						"0.375": [-0.9, 0, 0],
						"1.0833": [-0.9, -0.2, 0],
						"1.2917": [-0.9, -0.4, 0],
						"1.5417": [-0.9, -0.19, 0],
						"5.7083": [-0.9, -0.2, 0],
						"5.9167": [-0.9, -0.2, 0],
						"6.125": [-0.7, 0, 0],
						"6.3333": [-0.7, 0, 0],
						"6.5": [-0.4, -0.3, 0],
						"6.7917": [-0.3, -0.3, 0],
						"7.0417": [0, -0.3, -0.4],
						"7.25": [0, 0.29, -0.65],
						"7.4167": [0, 0, 0]
					}
				},
				"camera": {
					"rotation": {
						"0.0": [0, 0, 0],
						"0.2917": [0, 0, 0],
						"0.5417": [0.3, 0, -0.2],
						"0.625": [0.1, 0, 0],
						"0.7083": [0.37, 0, -0.13],
						"0.8333": [0.36, 0, -0.13],
						"1.0417": [0, 0, 0],
						"1.2083": [0, 0, 0],
						"1.3333": [0.12, 0, 0],
						"1.5": [-0.09, 0, 0],
						"1.6667": [0.12, 0, 0],
						"1.75": [0.17, 0, -0.13],
						"2.0": [0, 0, 0],
						"2.2083": [0.35, 0, 0],
						"2.4167": [0.45, 0, 0],
						"2.5417": [0.45, 0, 0],
						"2.625": [0.65, 0, 0],
						"2.75": [0.65, 0, 0],
						"2.9583": [-0.18, 0, 0],
						"3.125": [-0.5, 0, 0],
						"3.375": [0.2, 0, 0],
						"3.4583": [0, -0.1, 0.35],
						"3.5833": [0, -0.05, 0.15],
						"3.75": [0, 0, 0],
						"3.7917": [0, 0, 0],
						"3.9167": [0.15, 0, 0],
						"4.0": [0.25, 0, -0.27],
						"4.125": [0, 0, 0],
						"4.25": [0, 0, 0],
						"4.4167": [-0.3, 0, 0],
						"4.6667": [0, 0, 0],
						"4.8333": [0, 0, 0],
						"5.0": [0.3, 0, 0],
						"5.1667": [0.3, 0, 0],
						"5.25": [0.5, 0, -0.2],
						"5.375": [0.3, 0, -0.05],
						"5.5": [0.3, 0, -0.05],
						"5.7083": [0.4, 0, -0.4],
						"5.875": [0.2, 0, -0.1],
						"6.0": [0, 0, 0],
						"6.0833": [0.2, 0, 0.2],
						"6.2083": [0.1, 0, 0.1],
						"6.3333": [0, 0, 0],
						"6.5417": [0.4, 0.08, 0.1],
						"6.75": [0.4, 0.08, 0.1],
						"6.9167": [0.6, 0, 0],
						"7.2083": [0.6, 0, 0],
						"7.2917": [0, 0, 0],
						"7.4583": [-0.4, 0, -0.2],
						"7.625": [0, 0, 0]
					},
					"position": {
						"0.0": [0, 0, 0],
						"0.2917": [0, 0, 0],
						"1.0417": [0, 0, 0],
						"1.2083": [0, 0, 0],
						"2.0": [0, 0, 0],
						"2.2083": [0, 0, 0],
						"2.4167": [0, 0, 0],
						"2.5417": [0, 0, 0],
						"2.9583": [0, 0, 0],
						"3.125": [0, 0, 0],
						"3.75": [0, 0, 0],
						"3.7917": [0, 0, 0],
						"4.125": [0, 0, 0],
						"4.25": [0, 0, 0],
						"4.6667": [0, 0, 0],
						"4.8333": [0, 0, 0],
						"6.3333": [0, 0, 0]
					}
				},
				"weapon_positioning": {
					"rotation": [-1.9, -0.84, -4.95],
					"position": [-0.39, 0.95, 0.726]
				}
			},
			"sound_effects": {
				"0.0": {
					"effect": "werndl_reload_empty"
				}
			}
		},
		"inspect": {
			"animation_length": 5.5,
			"bones": {
				"werndl": {
					"rotation": {
						"0.0": [1.98918, 0.69687, 5],
						"0.0833": [4.00653, -0.03545, 2.00739],
						"0.2083": [4.99441, 0.31359, -2.98044],
						"0.375": [2.44819, 0.2199, -6.25597],
						"0.5833": [3.73431, -0.10462, -5.96093],
						"0.6667": [4.73541, -0.5, -6.95752],
						"0.75": [4, -0.47, -6.87],
						"0.875": [6.76192, -0.3, -3.73932],
						"1.0": [6.35019, -0.2, -3.0461],
						"1.0833": [6.33847, -0.25, -2.05215],
						"1.2083": [4.76771, -0.43646, -3.1969],
						"1.2917": [5.14987, -0.66459, -1.61743],
						"1.5": [7.6587, -0.8, 2.71832],
						"1.625": [7.5717, -0.75, 5.68745],
						"1.75": [8.52365, -1.06245, 8.66437],
						"1.8333": [8.8066, -1.43331, 11.10846],
						"1.9583": [8.52402, -0.71557, 9.64975],
						"2.0417": [9.03, -0.69, 8.66],
						"2.0833": [9.53662, -0.65778, 7.67198],
						"2.1667": [8.54922, -0.6, 5.6942],
						"2.25": [7.5648, 0.1, 3.71641],
						"2.375": [7.56247, 1, -1.24006],
						"2.5417": [7.9, 0.13, 0.46],
						"2.7083": [9.57, -1.26, 0.28],
						"2.9583": [10.69, -2.19, 0.16],
						"3.0833": [10.87443, -0.87889, -6.71874],
						"3.2083": [10.94179, 0.74404, -9.49783],
						"3.3333": [11.96483, -0.20658, -4.58892],
						"3.375": [11.85354, -1.65283, 2.26114],
						"3.4583": [12.64798, -1.8843, 6.20721],
						"3.5": [12.6, -2.22, 6.94],
						"3.5833": [12.39816, -3.88493, 10.63669],
						"3.6667": [12.52289, -3.06536, 8.15446],
						"3.7917": [12.67, -1.71, 3.94],
						"3.9167": [13.59025, -1.73013, 6.0023],
						"4.0833": [11.40269, -2.49935, 10.97158],
						"4.2083": [11.42, -2.39, 10.56],
						"4.25": [10.45949, -2.5, 9.57576],
						"4.3333": [9.56197, -1.73017, 6.61222],
						"4.4583": [10.42, -2.39, 10.56],
						"4.7083": [14.44286, -2.25027, 10.00227],
						"4.8333": [15.86, -3.1, 11.8],
						"4.9167": [16.21, -2.13, 10.29],
						"5.0833": [13.79, -0.46, 3.79],
						"5.2083": [7.28, 0.14, 1.89],
						"5.3333": [2.94459, 0.90443, 3.5],
						"5.5": [1.98918, 0.69687, 5]
					},
					"position": {
						"0.0": [0.3, -1, -0.7],
						"0.125": [0.3, -1.1, -1.1],
						"0.25": [0.3, -0.6, -1],
						"0.4167": [0.3, -1.65, -0.7],
						"0.5833": [0.3, -1.88, -0.7],
						"0.6667": [0.3, -1.88, -0.7],
						"0.7917": [0.3, -1.98, -0.7],
						"0.875": [0.3, -1.65, -0.7],
						"1.0": [0.3, -1.7, -0.7],
						"1.0833": [0.3, -1.7, -0.7],
						"1.2083": [0.3, -1.78, -0.7],
						"1.2917": [0.3, -1.9, -0.7],
						"1.375": [0.3, -1.65, -0.62],
						"1.4583": [0.3, -1.35, -0.5],
						"1.625": [0.4, -1.91, -0.2],
						"1.75": [0.4, -2.01, -0.2],
						"1.8333": [0.48, -2.16, -0.2],
						"1.9167": [0.47, -2.1, -0.2],
						"1.9583": [0.45, -2.14, -0.2],
						"2.0417": [0.45, -1.89, -0.2],
						"2.0833": [0.45, -1.74, -0.2],
						"2.25": [0.45, -1.94, -0.2],
						"2.375": [0.4, -2, -0.2],
						"2.5833": [0.45, -1.94, -0.2],
						"2.75": [0.42, -2.05, -0.38],
						"2.9583": [0.4, -2.12, -0.5],
						"3.0833": [0.4, -2.42, -0.5],
						"3.2083": [0.4, -2.12, -0.5],
						"3.2917": [0.4, -1.88, -0.5],
						"3.375": [0.4, -1.52, -0.5],
						"3.4583": [0.45, -1.82, -0.5],
						"3.5": [0.5, -1.92, -0.5],
						"3.5417": [0.59, -2.12, -0.5],
						"3.6667": [0.53, -2.42, -0.5],
						"3.7917": [0.49, -2.12, -0.5],
						"3.9167": [0.49, -2.17, -0.5],
						"4.0": [0.59, -2.32, -0.5],
						"4.2083": [0.58, -2.48, -0.5],
						"4.25": [0.58, -2.48, -0.5],
						"4.3333": [0.58, -2.48, -0.5],
						"4.4583": [0.58, -2.38, -0.5],
						"4.7083": [0.49, -1.99, -0.5],
						"4.8333": [0.69, -1.77, -0.5],
						"4.9167": [0.75, -1.68, -0.5],
						"5.0833": [0.5, -1.28, -0.88],
						"5.2083": [0.25, -1.04, -0.94],
						"5.3333": [0.25, -0.9, -0.7],
						"5.4167": [0.3, -1, -0.7],
						"5.5": [0.3, -1, -0.7]
					}
				},
				"righthand": {
					"rotation": {
						"0.0": [120.87, 365.89, -152.95],
						"0.25": [120.87, 365.89, -152.95],
						"0.4583": [122.83017, 364.46372, -160.4989],
						"0.6667": [125.41693, 371.427, -162.56866],
						"0.75": [124.82, 371.43, -162.57],
						"0.7917": [124.42, 371.43, -162.57],
						"0.8333": [124.42, 371.43, -162.57],
						"0.9167": [119.81, 371.43, -162.57],
						"1.0": [116.3115, 370.01851, -159.87565],
						"1.0833": [116.3115, 370.01851, -159.87565],
						"1.2083": [118.06, 370.72, -161.22],
						"1.2917": [118.06, 370.72, -161.22],
						"1.4167": [121.06, 368.42, -156.3],
						"1.5417": [129.45, 361.62, -140.73],
						"1.7083": [141.29915, 336.88867, -118.85826],
						"1.7917": [141.29915, 336.88867, -118.85826],
						"1.875": [154.35, 335.03, -121.44],
						"1.9583": [154.35, 335.03, -121.44],
						"2.0417": [154.66, 334.95, -121.93],
						"2.0833": [154.97, 334.87, -122.43],
						"2.1667": [155.59365, 334.70903, -123.42326],
						"2.2083": [156.71, 331.94, -130.57],
						"2.2917": [157.39, 330.23, -134.97],
						"2.625": [156.88, 331.51, -131.67],
						"2.75": [147.23, 337, -132.93],
						"2.9583": [131.15934, 346.13943, -135.03887],
						"3.0833": [134.52, 359.08, -148.34],
						"3.2083": [137.89027, 372.02532, -161.64423],
						"3.375": [138.89553, 358.70424, -148.06947],
						"3.4167": [138.25726, 356.75923, -139.69037],
						"3.5": [138.25726, 356.75923, -139.69037],
						"3.5417": [137.53111, 350.66854, -131.46005],
						"3.7083": [137.53111, 350.66854, -131.46005],
						"4.0417": [129.32789, 366.98677, -159.30789],
						"4.2083": [129.32789, 366.98677, -159.30789],
						"4.25": [132.32789, 366.98677, -159.30789],
						"4.2917": [132.33, 366.99, -159.31],
						"4.3333": [130.33, 366.99, -159.31],
						"4.5": [130.33, 366.99, -159.31],
						"4.625": [124.50217, 363.85976, -157.20321],
						"4.75": [120.87, 365.89, -152.95],
						"5.0": [120.87, 365.89, -152.95],
						"5.5": [120.87, 365.89, -152.95]
					},
					"position": {
						"0.0": [7.7, -11.4, 35.9],
						"0.25": [7.7, -11.4, 35.9],
						"0.4583": [6.6, -10.15, 35.1],
						"0.6667": [5.5, -9.5, 34.3],
						"0.75": [5.5, -9.5, 34.42],
						"0.7917": [5.5, -9.5, 34.5],
						"0.8333": [5.5, -9.5, 34.5],
						"0.9167": [5.7, -7.7, 34.92],
						"1.0": [6, -6.5, 34.43],
						"1.0833": [6, -6.5, 34.43],
						"1.2083": [5.85, -7, 34.68],
						"1.2917": [5.85, -7, 34.68],
						"1.4167": [4.83, -7.81, 33.42],
						"1.5417": [2.75, -10.01, 30.19],
						"1.7083": [-0.23, -14.78, 21.74],
						"1.7917": [-0.23, -14.78, 21.74],
						"1.875": [-2.13, -15.08, 18.14],
						"1.9583": [-2.13, -15.08, 18.14],
						"2.0417": [-2.57, -14.69, 18.15],
						"2.0833": [-3.02, -14.3, 18.15],
						"2.1667": [-3.47, -14.66, 17.8],
						"2.2083": [-1.74, -15.97, 16.88],
						"2.2917": [-0.67, -16.78, 16.32],
						"2.625": [-1.47, -16.17, 16.74],
						"2.75": [0.14, -15.25, 20.25],
						"2.9583": [2.83, -13.17, 25.84],
						"3.0833": [3.28, -11.92, 27.14],
						"3.2083": [3.53, -11.27, 28.04],
						"3.375": [4.03, -11.97, 26.14],
						"3.4167": [3.73, -12.57, 26.14],
						"3.5": [3.73, -12.57, 26.14],
						"3.5417": [2.83, -13.67, 25.24],
						"3.7083": [2.83, -13.67, 25.24],
						"3.875": [3.8, -11.79, 28.62],
						"4.0417": [5.8, -9.9, 32],
						"4.2083": [5.8, -9.9, 32],
						"4.25": [5.6, -10.9, 32],
						"4.2917": [5.6, -11, 32.05],
						"4.3333": [5.6, -11.1, 32.75],
						"4.5": [5.6, -11.1, 32.75],
						"4.75": [7.7, -11.4, 35.9],
						"5.0": [7.7, -11.4, 35.9],
						"5.5": [7.7, -11.4, 35.9]
					},
					"scale": [1, 1.5, 1]
				},
				"lefthand": {
					"rotation": {
						"0.0": [110.52248, 314.30835, -143.56144],
						"0.125": [112.52248, 314.30835, -143.56144],
						"0.25": [110.5, 313.75366, -145.41371],
						"4.6667": [110.5, 313.75366, -145.41371],
						"4.7917": [112.52248, 314.30835, -143.56144],
						"4.9167": [110.52248, 314.30835, -143.56144],
						"5.5": [110.52, 314.31, -143.56]
					},
					"position": {
						"0.0": [-8.04, -5.34, 26.06],
						"0.25": [-8.04, -4.74, 28.86],
						"4.6667": [-8.04, -4.74, 28.86],
						"4.9167": [-8.04, -5.34, 26.06],
						"5.5": [-8.04, -5.34, 26.06]
					},
					"scale": [1, 1.5, 1]
				},
				"hammer": {
					"rotation": {
						"0.0": [-48, 0, 0],
						"0.6667": [-48, 0, 0],
						"0.75": [-57, 0, 0],
						"0.7917": [-60, 0, 0],
						"0.8333": [-60, 0, 0],
						"0.9167": [-36.6, 0, 0],
						"1.0": [0, 0, 0],
						"1.0833": [0, 0, 0],
						"1.2083": [-15, 0, 0],
						"1.2917": [-15, 0, 0],
						"4.2083": [0, 0, 0],
						"4.25": [-24, 0, 0],
						"4.2917": [-26, 0, 0],
						"4.3333": [-48, 0, 0],
						"5.5": [-48, 0, 0]
					},
					"position": {
						"0.0": [0, 0, 0],
						"0.6667": [0, 0, 0],
						"0.75": [0, 0, 0],
						"0.7917": [0, 0, 0],
						"0.8333": [0, 0, 0],
						"0.9167": [0, 0, 0],
						"1.0": [0, 0, 0],
						"1.0833": [0, 0, 0],
						"1.2083": [0, 0, 0],
						"1.2917": [0, 0, 0],
						"4.2083": [0, 0, 0],
						"4.25": [0, 0, 0],
						"4.2917": [0, 0, 0],
						"4.3333": [0, 0, 0],
						"5.5": [0, 0, 0]
					}
				},
				"tabernacle": {
					"rotation": {
						"0.0": [0, 0, 0],
						"1.9583": [0, 0, 0],
						"2.0417": [0, 0, -21.3],
						"2.0833": [0, 0, -42.6],
						"2.1667": [0, 0, -85.2],
						"2.2083": [0, 0, -114.73],
						"2.3333": [0, 0, -132.91],
						"2.5417": [0, 0, -119.27],
						"2.8333": [0, 0, -119.27],
						"3.2083": [0, 0, -142],
						"3.3333": [0, 0, -114.73],
						"3.375": [0, 0, -85.2],
						"3.4167": [0, 0, -20.52],
						"3.5": [0, 0, -20.52],
						"3.5417": [0, 0, 0],
						"5.5": [0, 0, 0]
					},
					"position": {
						"0.0": [0, 0, 0],
						"1.9583": [0, 0, 0],
						"2.0417": [0, 0, 0],
						"2.0833": [0, 0, 0],
						"2.1667": [0, 0, 0],
						"2.2083": [0, 0, 0],
						"2.3333": [0, 0, 0],
						"2.5417": [0, 0, 0],
						"2.8333": [0, 0, 0],
						"3.2083": [0, 0, 0],
						"3.3333": [0, 0, 0],
						"3.375": [0, 0, 0],
						"3.4167": [0, 0, 0],
						"3.5": [0, 0, 0],
						"3.5417": [0, 0, 0],
						"5.5": [0, 0, 0]
					}
				},
				"tabernacle_pin": {
					"rotation": {
						"0.0": [0, 0, 0],
						"1.9583": [0, 0, 0],
						"2.0417": [0, 0, -21.3],
						"2.0833": [0, 0, -42.6],
						"2.1667": [0, 0, -85.2],
						"2.2083": [0, 0, -114.73],
						"2.3333": [0, 0, -132.91],
						"2.5417": [0, 0, -119.27],
						"2.8333": [0, 0, -119.27],
						"3.2083": [0, 0, -142],
						"3.3333": [0, 0, -114.73],
						"3.375": [0, 0, -85.2],
						"3.4167": [0, 0, -20.52],
						"3.5": [0, 0, -20.52],
						"3.5417": [0, 0, 0],
						"5.5": [0, 0, 0]
					},
					"position": {
						"0.0": [0, 0, 0],
						"1.9583": [0, 0, 0],
						"2.0417": [0, 0, 0],
						"2.0833": [0, 0, 0],
						"2.1667": [0, 0, 0],
						"2.2083": [0, 0, 0],
						"2.3333": [0, 0, 0],
						"2.5417": [0, 0, 0],
						"2.8333": [0, 0, 0],
						"3.2083": [0, 0, 0],
						"3.3333": [0, 0, 0],
						"3.375": [0, 0, 0],
						"3.4167": [0, 0, 0],
						"3.5": [0, 0, 0],
						"3.5417": [0, 0, 0],
						"5.5": [0, 0, 0]
					}
				},
				"root": {
					"rotation": {
						"0.0": [0, 0, 0],
						"3.7917": [0, 0, 0],
						"4.125": [3.96527, -2.10135, 1.89355],
						"4.4583": [3.97, -2.1, 1.89],
						"4.7083": [0, 0, 0]
					},
					"position": {
						"0.0": [0, 0, 0],
						"3.7917": [0, 0, 0],
						"4.125": [0, 1, 0],
						"4.4583": [0, 1, 0],
						"4.7083": [0, 0, 0]
					}
				},
				"camera": {
					"rotation": {
						"0.0": [0, 0, 0],
						"0.0833": [0, 0, 0],
						"0.25": [-0.2, 0, 0],
						"0.4167": [0.18, 0, 0],
						"0.5417": [0, 0, 0],
						"0.6667": [0, 0, 0],
						"0.7917": [0.1, 0, 0],
						"0.875": [0.1, 0, 0],
						"1.0": [-0.1, 0, 0],
						"1.1667": [0, 0, 0],
						"1.7083": [0, 0, 0],
						"1.8333": [0.12, 0, 0],
						"2.0": [-0.09, 0, 0],
						"2.1667": [0.12, 0, 0],
						"2.25": [0.17, 0, -0.13],
						"2.5": [0, 0, 0],
						"2.875": [0, 0, 0],
						"3.0": [0.3, 0, -0.05],
						"3.2083": [0.4, 0, -0.4],
						"3.375": [0.2, 0, -0.1],
						"3.5": [0, 0, 0],
						"3.5833": [0.13, 0, 0.13],
						"3.7083": [0.11, 0, 0.11],
						"3.8333": [0, 0, 0],
						"4.0": [0, 0, 0],
						"4.25": [0.3, 0, -0.2],
						"4.3333": [0.2, 0, -0.1],
						"4.4167": [0.37, 0, -0.13],
						"4.5417": [0.36, 0, -0.13],
						"5.0": [0.6, 0, 0],
						"5.1667": [0, 0, 0],
						"5.3333": [-0.27, 0, -0.13],
						"5.5": [0, 0, 0]
					},
					"position": {
						"0.0": [0, 0, 0],
						"0.0833": [0, 0, 0],
						"0.5417": [0, 0, 0],
						"0.6667": [0, 0, 0],
						"1.1667": [0, 0, 0],
						"1.7083": [0, 0, 0],
						"2.5": [0, 0, 0],
						"2.875": [0, 0, 0],
						"3.8333": [0, 0, 0],
						"4.0": [0, 0, 0],
						"5.5": [0, 0, 0]
					}
				},
				"constraint": {
					"rotation": [1, 1, 1],
					"position": [1, 1, 1]
				},
				"weapon_positioning": {
					"rotation": [-1.9, -0.84, -4.95],
					"position": [-0.39, 0.95, 0.726]
				}
			},
			"sound_effects": {
				"0.0": {
					"effect": "werndl_inspect"
				}
			}
		},
		"bolt": {
			"animation_length": 1.3333,
			"bones": {
				"righthand": {
					"rotation": {
						"0.0": [120.87, 365.89, -152.95],
						"0.0833": [120.87, 365.89, -152.95],
						"0.1667": [123.69, 361.59, -152.92],
						"0.2917": [123.52, 358.99, -151.83],
						"0.375": [129.32789, 366.98677, -159.30789],
						"0.4583": [129.32789, 366.98677, -159.30789],
						"0.5": [132.32789, 366.98677, -159.30789],
						"0.5417": [132.33, 366.99, -159.31],
						"0.5833": [130.33, 366.99, -159.31],
						"0.75": [130.33, 366.99, -159.31],
						"0.875": [124.50217, 363.85976, -157.20321],
						"1.0": [120.87, 365.89, -152.95],
						"1.25": [120.87, 365.89, -152.95],
						"1.3333": [120.87, 365.89, -152.95]
					},
					"position": {
						"0.0": [7.7, -11.4, 35.9],
						"0.0833": [7.7, -11.4, 35.9],
						"0.2917": [6.32, -9.71, 33.06],
						"0.375": [5.8, -9.9, 32],
						"0.4583": [5.8, -9.9, 32],
						"0.5": [5.6, -10.9, 32],
						"0.5417": [5.6, -11, 32.05],
						"0.5833": [5.6, -11.1, 32.75],
						"0.75": [5.6, -11.1, 32.75],
						"1.0": [7.7, -11.4, 35.9],
						"1.25": [7.7, -11.4, 35.9],
						"1.3333": [7.7, -11.4, 35.9]
					},
					"scale": [1, 1.5, 1]
				},
				"lefthand": {
					"rotation": {
						"0.0": [110.52248, 314.30835, -143.56144],
						"0.0833": [111.89, 314.74, -147.68],
						"0.875": [111.89, 314.74, -147.68],
						"0.9583": [112.7, 315.99516, -150.34521],
						"1.0833": [111.43003, 314.94756, -146.32251],
						"1.25": [110.52248, 314.30835, -143.56144],
						"1.3333": [110.52248, 314.30835, -143.56144]
					},
					"position": {
						"0.0": [-8.04, -5.34, 26.06],
						"0.0833": [-8.04, -5.34, 25.74],
						"0.875": [-8.04, -5.34, 25.74],
						"1.25": [-8.04, -5.34, 26.06],
						"1.3333": [-8.04, -5.34, 26.06]
					},
					"scale": [1, 1.5, 1]
				},
				"werndl": {
					"rotation": {
						"0.0": [6.76, 0.57, 5.25],
						"0.0417": [7.01398, 0.58947, 5.04772],
						"0.375": [3.47396, -1.37475, 14.00079],
						"0.4583": [2.97374, -1.14528, 12.30647],
						"0.5417": [3.0463, -1.05, 8.31133],
						"0.5833": [4.13383, -0.95482, 3.31147],
						"0.6667": [6.03513, -1.31118, 8.29974],
						"0.75": [5.46, -1.2, 7.1],
						"0.875": [6.3, -1.10467, 6.10435],
						"0.9583": [5.96756, -1.16333, 8.93406],
						"1.0417": [5.96756, -1.16333, 8.93406],
						"1.1667": [5.39636, -0.41956, 7.56115],
						"1.3333": [1.98918, 0.69687, 5]
					},
					"position": {
						"0.0": [0.3, -1.4, -1],
						"0.1667": [0.3, -1.68, -0.2],
						"0.25": [0.3, -1.78, -0.1],
						"0.3333": [0.3, -1.88, -0.1],
						"0.4583": [0.3, -1.8, -0.1],
						"0.5417": [0.3, -1.95, -0.1],
						"0.5833": [0.3, -2.25, -0.1],
						"0.6667": [0.3, -1.85, -0.1],
						"0.75": [0.3, -1.67, -0.1],
						"0.875": [0.3, -1.57, -0.3],
						"0.9583": [0.3, -1.65, -0.32],
						"1.0833": [0.3, -1.46, -0.32],
						"1.25": [0.3, -1, -0.7],
						"1.3333": [0.3, -1, -0.7]
					}
				},
				"hammer": {
					"rotation": {
						"0.0": [0, 0, 0],
						"0.4583": [0, 0, 0],
						"0.5": [-24, 0, 0],
						"0.5417": [-26, 0, 0],
						"0.5833": [-48, 0, 0],
						"1.3333": [-48, 0, 0]
					},
					"position": {
						"0.0": [0, 0, 0],
						"0.4583": [0, 0, 0],
						"0.5": [0, 0, 0],
						"0.5417": [0, 0, 0],
						"0.5833": [0, 0, 0],
						"1.3333": [0, 0, 0]
					}
				},
				"weapon_positioning": {
					"rotation": [-1.9, -0.84, -4.95],
					"position": [-0.39, 0.95, 0.726]
				},
				"constraint": {
					"rotation": [1, 1, 1],
					"position": [1, 1, 1]
				}
			}
		},
		"run_start": {
			"animation_length": 1.4583,
			"bones": {
				"root": {
					"rotation": {
						"0.0": [0, 0, 0],
						"0.125": [3.93336, -0.89065, 6.2681],
						"0.2917": [4.45736, -2.55161, 15.46086],
						"0.4167": [9.51, -8.05, 28.61],
						"1.0417": [7.8, -9.71, 39.62],
						"1.4583": [7.8, -9.71, 39.62]
					},
					"position": {
						"0.0": [0, 0, 0],
						"0.125": [-0.46, 0.17, 3.4],
						"0.2917": [-0.77, -1.38, 3.97],
						"0.4167": [-1.9, -1.57, 5.95],
						"0.875": [-1.9, -1.57, 5.95],
						"1.4583": [-1.9, -1.57, 5.95]
					}
				},
				"weapon_positioning": {
					"rotation": {
						"0.0": [0, 0, 0],
						"0.375": [2.55, 0.52, 2.4],
						"0.4583": [0, 0, 0],
						"0.5417": [-2.25, 0, 0],
						"0.625": [-1, -0.73, 1.51],
						"0.7083": [0.81, -0.99, 1.8],
						"0.7917": [-1.08, -1.34, 1.56],
						"0.875": [-2.08, -1.35, 1.36],
						"0.9583": [-0.06, -0.37, -1.63],
						"1.0417": [1.67, 0.61, -1.32],
						"1.125": [-1.05, 1.08, -0.75],
						"1.2083": [-2.34, 1.12, -1.18],
						"1.2917": [0.17, 0.29, -0.55],
						"1.3333": [0.75, 0.12, 0.67],
						"1.4583": [0.39, -1.55, 0.86]
					},
					"position": {
						"0.0": [0, 0, 0],
						"0.375": [0.19, -0.58, -3.2],
						"0.4583": [0, 0, -3.2],
						"0.5417": [0, 0.1, -3.2],
						"0.6667": [0, -0.1, -3.2],
						"0.7917": [0, 0.2, -3.2],
						"0.8333": [0, 0.2, -3.2],
						"1.0": [0, -0.1, -3.2],
						"1.125": [0, 0.2, -3.2],
						"1.1667": [0, 0.2, -3.2],
						"1.2917": [-0.2, -0.3, -3.2],
						"1.4583": [-0.2, 0.26, -3.2]
					}
				}
			}
		},
		"run": {
			"loop": true,
			"animation_length": 0.65,
			"bones": {
				"root": {
					"rotation": [7.8, -9.71, 39.62],
					"position": [-1.9, -1.57, 5.95]
				},
				"weapon_positioning": {
					"rotation": {
						"0.0": [0.27, -2.11, 0.92],
						"0.15": [0.8932, -0.91564, -3.20014],
						"0.25": [-0.98389, -1.41207, -2.44051],
						"0.35": [-2.08, -1.35, 1.36],
						"0.45": [0.59526, -2.36433, -0.3882],
						"0.55": [-0.5, -1.52, -0.6],
						"0.65": [-0.17, -1.77, 0.38]
					},
					"position": {
						"0.0": [-0.2, 0.4, -3.2],
						"0.1": [0, -0.1, -3.2],
						"0.25": [-0.1, 0.3, -3.2],
						"0.4": [0, -0.3, -3.2],
						"0.55": [0, 0.2, -3.2],
						"0.65": [-0.13, 0.33, -3.2]
					}
				}
			}
		},
		"run_hold": {
			"loop": true,
			"bones": {
				"root": {
					"rotation": [7.8, -9.71, 39.62],
					"position": [-1.9, -1.57, 5.95]
				},
				"weapon_positioning": {
					"rotation": [0.27, -2.11, 0.92],
					"position": [-0.2, 0.4, -3.2]
				}
			}
		},
		"run_end": {
			"animation_length": 0.85,
			"bones": {
				"root": {
					"rotation": {
						"0.0": [7.8, -9.71, 39.62],
						"0.15": [12.63259, -2.91705, 15.35667],
						"0.3": [15.96868, -4.80788, 10.31837],
						"0.4": [14.80756, -4.832, 8.8926],
						"0.55": [5.92863, -2.58258, -2.11336],
						"0.7": [3.27973, -0.74315, -4.78401],
						"0.85": [0, 0, 0]
					},
					"position": {
						"0.0": [-1.9, -1.57, 5.95],
						"0.6": [0.4, 0.3, -0.5],
						"0.75": [0.04, -0.42, 0.01],
						"0.85": [0, 0, 0]
					}
				}
			}
		},
		"walk_aiming": {
			"loop": true,
			"animation_length": 1,
			"bones": {
				"root": {
					"rotation": {
						"0.0": [0, 0, 0],
						"0.1667": [-0.29, -0.48, -0.32],
						"0.25": [0.55, -0.01, -0.75],
						"0.4583": [0.92, 0.2, -0.94],
						"0.5417": [0.16, 0.87, -1],
						"0.6667": [-0.67, 0.95, -1.06],
						"0.9167": [0.93, 0.44, -0.26],
						"1.0": [0.23, 0.11, -0.07]
					},
					"position": {
						"0.0": [0, 0, 0],
						"0.2083": [0, -0.01, 0],
						"0.3333": [0, -0.05, 0],
						"0.5417": [0, 0.09, 0],
						"0.5833": [0, 0.11, 0],
						"0.7917": [-0.02, -0.05, 0],
						"1.0": [0, -0.02, 0]
					}
				},
				"constraint": {
					"rotation": [1, 1, 1],
					"position": [1, 1, 1]
				}
			}
		},
		"walk_forward": {
			"loop": true,
			"animation_length": 1,
			"bones": {
				"root": {
					"rotation": {
						"0.0": [0, 0, 0],
						"0.1667": [-1.08, -1.34, 1.56],
						"0.2083": [-2.08, -1.35, 1.36],
						"0.4167": [-0.06, -0.37, -1.63],
						"0.5": [1.67, 0.61, -1.32],
						"0.6667": [-1.05, 1.08, -0.75],
						"0.7083": [-2.34, 1.12, -1.18],
						"0.9167": [0.17, 0.29, -0.55],
						"0.9583": [0.75, 0.12, 0.67],
						"1.0": [0.38, 0.06, 0.34]
					},
					"position": {
						"0.0": [0, 0, 0],
						"0.1667": [0, 0.2, 0],
						"0.4167": [0, -0.1, 0],
						"0.6667": [0, 0.2, 0],
						"0.7917": [-0.1, -0.1, 0],
						"1.0": [-0.04, -0.06, 0]
					}
				},
				"constraint": {
					"rotation": [0.2, 0.2, 0.2],
					"position": [0, 0, 0]
				}
			}
		},
		"walk_sideway": {
			"loop": true,
			"animation_length": 1,
			"bones": {
				"root": {
					"rotation": {
						"0.0": [2, 0, 0],
						"0.1667": [0.92, -1.34, 1.56],
						"0.2083": [-0.08, -1.35, 1.36],
						"0.4167": [1.94, -0.37, -1.63],
						"0.5": [3.67, 0.61, -1.32],
						"0.6667": [0.95, 1.08, -0.75],
						"0.75": [-0.34, 1.12, -1.18],
						"0.9167": [2.17, 0.29, -0.55],
						"1.0": [2.09, 0.14, -0.28]
					},
					"position": {
						"0.0": [0, 0, 0],
						"0.1667": [0, 0.2, 0],
						"0.4167": [0, -0.1, 0],
						"0.6667": [0, 0.2, 0],
						"0.9167": [0, 0.32, 0],
						"1.0": [0, 0.03, 0]
					}
				}
			}
		},
		"walk_backward": {
			"loop": true,
			"animation_length": 1,
			"bones": {
				"root": {
					"rotation": {
						"0.0": [2, 0, 0],
						"0.1667": [0.92, -1.34, 1.56],
						"0.2083": [-0.08, -1.35, 1.36],
						"0.4167": [1.94, -0.37, -1.63],
						"0.5": [3.67, 0.61, -1.32],
						"0.6667": [0.95, 1.08, -0.75],
						"0.75": [-0.34, 1.12, -1.18],
						"0.9167": [2.17, 0.29, -0.55],
						"1.0": [2.09, 0.14, -0.28]
					},
					"position": {
						"0.0": [0, 0, 0],
						"0.1667": [0, 0.2, 0],
						"0.4167": [0, -0.1, 0],
						"0.6667": [0, 0.2, 0],
						"0.9167": [0, 0.32, 0],
						"1.0": [0, 0.03, 0]
					}
				}
			}
		},
		"melee_stock": {
			"animation_length": 1.5833,
			"bones": {
				"root": {
					"rotation": {
						"0.0": [0, 0, 0],
						"0.125": [4.78342, -6.67269, 12.05963],
						"0.25": [-26.92703, -18.08941, 66.84548],
						"0.3333": [-42.23, -13.83, 79.92],
						"0.4167": [-110.43307, 3.19716, 132.19887],
						"0.5": [-130.06857, 2.4267, 128.70335],
						"0.5833": [-125.86, -2.28, 125.96],
						"0.625": [-121.66, -6.99, 123.21],
						"0.7917": [-99.23968, -21.48377, 101.7995],
						"0.9583": [-35.7302, -39.88715, 45.6266],
						"1.0833": [-1.60158, -20.80533, 25.77286],
						"1.1667": [6.62044, -8.87899, 13.38455],
						"1.25": [8.84246, 3.04735, 0.99624],
						"1.375": [7.16929, 5.73941, -6.51618],
						"1.5833": [0, 0, 0]
					},
					"position": {
						"0.0": [0, 0, 0],
						"0.125": [-0.4, -1.9, 2.3],
						"0.25": [0.8, -1.93, -2.3],
						"0.3333": [1.94, -1.72, -3.62],
						"0.4167": [8.4, -0.9, -6.1],
						"0.5": [8.3, -0.9, -6.3],
						"0.5833": [7.93, -0.97, -6.19],
						"0.625": [7.56, -1.05, -6.09],
						"0.7917": [5.33, -2, -4.7],
						"0.9583": [3.24, -1.27, -3.04],
						"1.0833": [1.15, -0.54, -1.38],
						"1.25": [0.3, -0.9, 0.1],
						"1.4583": [0.24, -0.64, 0.1],
						"1.5833": [0, 0, 0]
					}
				},
				"righthand": {
					"rotation": {
						"0.0": [120.87, 365.89, -152.95],
						"0.25": [76.77215, 344.62793, -162.85474],
						"0.4167": [27.7602, 334.98166, -142.55959],
						"0.5": [27.7602, 334.98166, -142.55959],
						"0.625": [30.04, 339.27, -147.28],
						"0.7083": [32.31113, 343.55125, -152.0094],
						"0.7917": [32.31113, 343.55125, -152.0094],
						"0.9583": [54.45, 349.14, -152.24],
						"1.0417": [71.05564, 353.32446, -152.42091],
						"1.4167": [120.87, 365.89, -152.95],
						"1.5833": [120.87, 365.89, -152.95]
					},
					"position": {
						"0.0": [7.7, -10.5, 36.5],
						"0.125": [13.32, -5.25, 36.28],
						"0.25": [18.95, 1.6, 34.45],
						"0.4167": [22.6, 5.9, 22.4],
						"0.5": [22.6, 5.9, 22.4],
						"0.625": [21.4, 6.9, 23.6],
						"0.7083": [20.2, 7.9, 24.8],
						"0.7917": [20.2, 7.9, 24.8],
						"0.9583": [19.31, 3.74, 30.63],
						"1.0417": [16.89, 0.52, 34.75],
						"1.2083": [12.81, -5.08, 37.03],
						"1.4167": [7.7, -10.7, 35.9],
						"1.5833": [7.7, -10.5, 36.5]
					},
					"scale": [1, 1.5, 1]
				},
				"lefthand": {
					"rotation": {
						"0.0": [110.52248, 314.30835, -143.56144],
						"0.25": [103.4, 312.26, -133.79],
						"0.4583": [87.55385, 317.90605, -184.38891],
						"0.7083": [92.6175, 298.43214, -172.18624],
						"0.875": [89.6175, 298.43214, -172.18624],
						"1.0417": [97.9305, 303.96328, -156.82775],
						"1.25": [103.4, 312.26, -133.79],
						"1.5833": [110.52248, 314.30835, -143.56144]
					},
					"position": {
						"0.0": [-8.04, -5.34, 24.76],
						"0.25": [-6.74, -4.84, 23.16],
						"0.3333": [-4.19, -0.84, 23.56],
						"0.4583": [-4.24, 3.16, 23.96],
						"0.7083": [2.3, 1.05, 21.55],
						"0.875": [1.9, 1.05, 21.55],
						"1.0417": [-1.32, -3.31, 22.19],
						"1.25": [-6.74, -4.84, 22.16],
						"1.5833": [-8.04, -5.34, 24.76]
					},
					"scale": [1, 1.5, 1]
				}
			}
		},
		"melee_bayonet_1": {
			"animation_length": 0.9583,
			"bones": {
				"root": {
					"rotation": {
						"0.0": [0, 0, 0],
						"0.0833": [4.65607, -3.03914, 23.34941],
						"0.1667": [7.16226, -4.40867, 25.02554],
						"0.25": [6.12889, -4.74818, 35.39069],
						"0.2917": [5.85366, -2.07757, 38.69224],
						"0.3333": [5.85366, -2.07757, 38.69224],
						"0.4167": [-0.41251, -2.43383, 29.98589],
						"0.4583": [-2.40675, -4.43549, 29.93034],
						"0.5": [-3.47704, -5.25559, 29.32742],
						"0.5833": [-0.74612, -8.69357, 27.98908],
						"0.6667": [1.87319, -8.0992, 22.26068],
						"0.7917": [3.71, -3.37, 10.61],
						"0.9583": [0, 0, 0]
					},
					"position": {
						"0.0": [0, 0, 0],
						"0.0833": [-0.5, -0.4, 0.4],
						"0.1667": [-1.7, -1.9, 0.8],
						"0.25": [-2.1, -3.3, 2.2],
						"0.2917": [-2.3, -3.3, 5.9],
						"0.3333": [-2.3, -3.3, 5.9],
						"0.4583": [-1.6, -0.6, -3.2],
						"0.5": [-1.5, -0.6, -3.7],
						"0.5833": [-1.6, -1.7, -3.9],
						"0.6667": [-1.31, -1.34, -3.04],
						"0.7917": [-0.23, -0.13, -0.24],
						"0.9583": [0, 0, 0]
					}
				},
				"werndl": {
					"rotation": [1.98918, 0.69687, 5],
					"position": [0.3, -1, -0.7]
				},
				"weapon_positioning": {
					"rotation": [-1.9, -0.84, -4.95],
					"position": [-0.39, 0.95, 0.726]
				}
			}
		},
		"melee_bayonet_2": {
			"animation_length": 1.1667,
			"bones": {
				"root": {
					"rotation": {
						"0.0": [0, 0, 0],
						"0.125": [4.47993, 2.52963, -13.74774],
						"0.2917": [4.42504, 4.30764, -9.75182],
						"0.375": [3.69698, 4.94633, -18.75859],
						"0.4583": [-4.99947, -5.04476, 5.49141],
						"0.5": [-4.24333, -7.00492, 12.4115],
						"0.6667": [-3.8578, -6.06761, 12.45035],
						"0.8333": [4.46, -4.63, 3.22],
						"0.9583": [5.2453, -1.71778, -5.81873],
						"1.1667": [0, 0, 0]
					},
					"position": {
						"0.0": [0, 0, 0],
						"0.125": [-2.1, -3.2, 0.8],
						"0.2917": [-3.8, -7.9, 3.9],
						"0.375": [-3.8, -7.9, 5.6],
						"0.4583": [0.24, -0.32, -4.29],
						"0.5417": [0.19, -0.3, -3.56],
						"0.6667": [0.19, -1.3, -3.16],
						"0.8333": [0.11, -2.22, -2.1],
						"1.0417": [0.05, -0.27, -1.19],
						"1.1667": [0, 0, 0]
					}
				},
				"werndl": {
					"rotation": [1.98918, 0.69687, 5],
					"position": [0.3, -1, -0.7]
				},
				"weapon_positioning": {
					"rotation": [-1.9, -0.84, -4.95],
					"position": [-0.39, 0.95, 0.726]
				}
			}
		},
		"melee_bayonet_3": {
			"animation_length": 1.2083,
			"bones": {
				"root": {
					"rotation": {
						"0.0": [0, 0, 0],
						"0.0833": [1.37761, 5.42512, -21.12478],
						"0.1667": [-0.90421, 15.3412, -35.66868],
						"0.375": [-3.01678, 35.47767, -34.65268],
						"0.4583": [-0.24483, -16.52104, 5.46328],
						"0.5": [-5.64383, -25.86222, 18.39636],
						"0.5833": [-7.73495, -30.58763, 28.32029],
						"0.625": [-7.73495, -30.58763, 28.32029],
						"0.75": [-5.59739, -24.86703, 18.28797],
						"0.8333": [7.37211, -16.17781, -0.52212],
						"1.0": [9.32784, -7.85872, -3.90558],
						"1.2083": [0, 0, 0]
					},
					"position": {
						"0.0": [0, 0, 0],
						"0.125": [-1.4, -3.3, 0.1],
						"0.375": [-4.64, -2.91, 0.1],
						"0.4583": [2.6, -0.8, 0.1],
						"0.5": [3, -0.43, 0.1],
						"0.6667": [3, -0.43, 0.1],
						"0.9167": [1.38, -0.86, 0.1],
						"1.0833": [0.08, -0.12, -0.02],
						"1.2083": [0, 0, 0]
					}
				},
				"werndl": {
					"rotation": [1.98918, 0.69687, 5],
					"position": [0.3, -1, -0.7]
				},
				"weapon_positioning": {
					"rotation": [-1.9, -0.84, -4.95],
					"position": [-0.39, 0.95, 0.726]
				}
			}
		}
	}
}