{
	"format_version": "1.8.0",
	"animations": {
		"inspect_empty": {
			"loop": "hold_on_last_frame",
			"animation_length": 5.5833,
			"bones": {
				"root": {
					"rotation": {
						"0.0": {
							"post": [0, 0, 0],
							"lerp_mode": "catmullrom"
						},
						"0.1667": {
							"post": [-3.75, -3.875, -0.75],
							"lerp_mode": "catmullrom"
						},
						"0.375": {
							"post": [-25.66888, 24.15253, 52.49118],
							"lerp_mode": "catmullrom"
						},
						"0.5833": {
							"post": [-34.67514, 27.24409, 49.65714],
							"lerp_mode": "catmullrom"
						},
						"0.7917": {
							"post": [-25.29128, 17.68951, 36.19982],
							"lerp_mode": "catmullrom"
						},
						"0.9583": {
							"post": [-22.92734, -20.07831, -17.49321],
							"lerp_mode": "catmullrom"
						},
						"1.0833": {
							"post": [-0.80961, -29.72943, -62.94452],
							"lerp_mode": "catmullrom"
						},
						"1.25": {
							"post": [3.21282, -30.08556, -71.4541],
							"lerp_mode": "catmullrom"
						},
						"1.375": {
							"post": [-13.24607, -29.22909, -43.59527],
							"lerp_mode": "catmullrom"
						},
						"1.4167": {
							"post": [-26.52987, -28.04726, -39.54597],
							"lerp_mode": "catmullrom"
						},
						"1.5417": {
							"post": [-12.09169, -38.02817, -59.47242],
							"lerp_mode": "catmullrom"
						},
						"1.625": {
							"post": [-10.00162, -38.20551, -55.73771],
							"lerp_mode": "catmullrom"
						},
						"1.7917": {
							"post": [5.03196, -40.44337, -68.22623],
							"lerp_mode": "catmullrom"
						},
						"2.0": {
							"post": [0.53846, -36.76777, -62.49485],
							"lerp_mode": "catmullrom"
						},
						"2.25": {
							"post": [2.49308, -36.16192, -69.52249],
							"lerp_mode": "catmullrom"
						},
						"2.375": {
							"post": [4.09066, -35.9433, -71.11334],
							"lerp_mode": "catmullrom"
						},
						"2.5": {
							"post": [1.80306, -35.76991, -61.49301],
							"lerp_mode": "catmullrom"
						},
						"2.6667": {
							"post": [-3.58473, -43.93885, -50.75038],
							"lerp_mode": "catmullrom"
						},
						"2.8333": {
							"post": [1.77435, -45.08309, -58.802],
							"lerp_mode": "catmullrom"
						},
						"3.0417": {
							"post": [0.08202, -43.9057, -58.56015],
							"lerp_mode": "catmullrom"
						},
						"3.2083": {
							"post": [9.22133, -34.81879, -69.5694],
							"lerp_mode": "catmullrom"
						},
						"3.4583": {
							"post": [-7.39413, -35.54872, -41.22728],
							"lerp_mode": "catmullrom"
						},
						"3.5": {
							"post": [-7.64415, -31.76298, -37.74014],
							"lerp_mode": "catmullrom"
						},
						"3.5833": {
							"post": [-2.33111, -36.9649, -46.50287],
							"lerp_mode": "catmullrom"
						},
						"3.6667": {
							"post": [-10.34163, -40.89974, -34.93328],
							"lerp_mode": "catmullrom"
						},
						"3.7083": {
							"post": [-12.06616, -29.88815, -15.00084],
							"lerp_mode": "catmullrom"
						},
						"3.75": {
							"post": [-4.81818, -29.06718, -31.24028],
							"lerp_mode": "catmullrom"
						},
						"3.8333": {
							"post": [-9.48494, -28.21956, -21.16517],
							"lerp_mode": "catmullrom"
						},
						"3.9583": {
							"post": [-15.75442, -28.2703, -14.5161],
							"lerp_mode": "catmullrom"
						},
						"4.0833": {
							"post": [-30.69212, -5.54852, 28.48932],
							"lerp_mode": "catmullrom"
						},
						"4.2083": {
							"post": [-38.95353, 20.2708, 41.85867],
							"lerp_mode": "catmullrom"
						},
						"4.3333": {
							"post": [-34.03359, 27.88138, 55.00904],
							"lerp_mode": "catmullrom"
						},
						"4.5": {
							"post": [-35.80654, 26.6952, 48.4586],
							"lerp_mode": "catmullrom"
						},
						"4.5833": {
							"post": [-35.60598, 25.14886, 43.49686],
							"lerp_mode": "catmullrom"
						},
						"4.7083": {
							"post": [-22.54281, 12.84685, 33.69107],
							"lerp_mode": "catmullrom"
						},
						"4.9167": {
							"post": [4.25, 2.125, 3.5],
							"lerp_mode": "catmullrom"
						},
						"5.0833": {
							"post": [0.98555, -0.30199, 2.99958],
							"lerp_mode": "catmullrom"
						},
						"5.2083": {
							"post": [0, 0, 0],
							"lerp_mode": "catmullrom"
						}
					},
					"position": {
						"0.0": {
							"post": [0, 0, 0],
							"lerp_mode": "catmullrom"
						},
						"0.25": {
							"post": [0.0625, -1.0625, -2.45],
							"lerp_mode": "catmullrom"
						},
						"0.4167": {
							"post": [0.25, 1.6, 0.75],
							"lerp_mode": "catmullrom"
						},
						"0.75": {
							"post": [0.75, 2.11, 2.15],
							"lerp_mode": "catmullrom"
						},
						"0.9167": {
							"post": [1.4125, 0.94375, 0.675],
							"lerp_mode": "catmullrom"
						},
						"1.0833": {
							"post": [1.3125, 2.38125, 1.375],
							"lerp_mode": "catmullrom"
						},
						"1.3333": {
							"post": [0.93, 3, 1.32],
							"lerp_mode": "catmullrom"
						},
						"1.4167": {
							"post": [1.375, 1.41875, 1.375],
							"lerp_mode": "catmullrom"
						},
						"1.625": {
							"post": [0.3125, 2.61875, 1.375],
							"lerp_mode": "catmullrom"
						},
						"1.8333": {
							"post": [0.1625, 3.2175, 1.375],
							"lerp_mode": "catmullrom"
						},
						"2.1667": {
							"post": [0.2125, 2.905, 1.375],
							"lerp_mode": "catmullrom"
						},
						"2.5833": {
							"post": [-0.4375, 2.78, 1.375],
							"lerp_mode": "catmullrom"
						},
						"2.9167": {
							"post": [-0.8375, 2.655, 1.375],
							"lerp_mode": "catmullrom"
						},
						"3.1667": {
							"post": [-0.7375, 2.4675, 1.375],
							"lerp_mode": "catmullrom"
						},
						"3.375": {
							"post": [1.0625, 2.7675, 1.375],
							"lerp_mode": "catmullrom"
						},
						"3.4583": {
							"post": [1.23, 2.48, 1.41],
							"lerp_mode": "catmullrom"
						},
						"3.5": {
							"post": [1.23, 2.78, 1.43],
							"lerp_mode": "catmullrom"
						},
						"3.625": {
							"post": [1.18, 3.065, 1.54],
							"lerp_mode": "catmullrom"
						},
						"3.6667": {
							"post": [1.06, 2.9, 1.13],
							"lerp_mode": "catmullrom"
						},
						"3.7083": {
							"post": [1.67, 1.71, 0.6],
							"lerp_mode": "catmullrom"
						},
						"3.8333": {
							"post": [1.39, 2.07, 1.17],
							"lerp_mode": "catmullrom"
						},
						"4.0": {
							"post": [1.5, 1.28, 1.63],
							"lerp_mode": "catmullrom"
						},
						"4.1667": {
							"post": [1.02, 0.81, 1.27],
							"lerp_mode": "catmullrom"
						},
						"4.3333": {
							"post": [0.5125, 1.94375, 1.125],
							"lerp_mode": "catmullrom"
						},
						"4.5417": {
							"post": [0.45, 1.91, 1.3],
							"lerp_mode": "catmullrom"
						},
						"4.75": {
							"post": [0.75, 0.925, 1.5],
							"lerp_mode": "catmullrom"
						},
						"4.875": {
							"post": [0.0625, -0.8125, 0],
							"lerp_mode": "catmullrom"
						},
						"5.0833": {
							"post": [0.04, -0.1375, 0.03],
							"lerp_mode": "catmullrom"
						},
						"5.2917": {
							"post": [0, 0, 0],
							"lerp_mode": "catmullrom"
						}
					}
				},
				"slide": {
					"position": [0, 0, 2.25]
				},
				"magazine": {
					"position": {
						"1.375": [0, 0, 0],
						"1.4583": [0, -6.0625, 1.375],
						"1.5417": [0, -7.15, 1.38],
						"1.6667": [0, -6.0625, 1.375],
						"3.7083": [0, -5.8125, 1.375],
						"3.75": [0, -5.8125, 1.375],
						"3.7917": [0, 0, 0]
					}
				},
				"barrel": {
					"rotation": [-2, 0, 0]
				},
				"bullet_in_mag": {
					"scale": 0
				},
				"additional_magazine": {
					"scale": 0
				},
				"bullet_in_mag2": {
					"scale": 0
				},
				"bullet_in_barrel": {
					"scale": 0
				},
				"constraint": {
					"rotation": {
						"1.3333": [0.25, 0.5, 0.5],
						"1.875": [0.125, 0.125, 0.125],
						"5.5": [0.125, 0.125, 0.125],
						"5.5833": [0.25, 0.5, 0.5]
					},
					"position": {
						"1.3333": [0.25, 0.35, 0.35],
						"1.875": [0.125, 0.125, 0.125],
						"5.5": [0.125, 0.125, 0.125],
						"5.5833": [0.25, 0.35, 0.35]
					}
				},
				"camera": {
					"rotation": {
						"0.0": {
							"post": [0, 0, 0],
							"lerp_mode": "catmullrom"
						},
						"0.125": {
							"post": [1, 0, -0.5],
							"lerp_mode": "catmullrom"
						},
						"0.2917": {
							"post": [3, 1, -0.25],
							"lerp_mode": "catmullrom"
						},
						"0.5": {
							"post": [4, 0.5, 0.5],
							"lerp_mode": "catmullrom"
						},
						"0.75": {
							"post": [4.25, 0.75, 0],
							"lerp_mode": "catmullrom"
						},
						"0.9583": {
							"post": [5.75, 2, 0],
							"lerp_mode": "catmullrom"
						},
						"1.25": {
							"post": [5.25, 0.75, -1],
							"lerp_mode": "catmullrom"
						},
						"1.375": {
							"post": [3.75, 1, 0.5],
							"lerp_mode": "catmullrom"
						},
						"1.4583": {
							"post": [2, 0, 0.28],
							"lerp_mode": "catmullrom"
						},
						"1.7083": {
							"post": [4, -0.5, 0.14],
							"lerp_mode": "catmullrom"
						},
						"1.9167": {
							"post": [4, -1, 0],
							"lerp_mode": "catmullrom"
						},
						"2.3333": {
							"post": [4.5, -1, 0],
							"lerp_mode": "catmullrom"
						},
						"2.4583": {
							"post": [5, -0.5, 0.5],
							"lerp_mode": "catmullrom"
						},
						"2.7083": {
							"post": [7, -1.25, 0],
							"lerp_mode": "catmullrom"
						},
						"3.0": {
							"post": [6.5, -2, 0],
							"lerp_mode": "catmullrom"
						},
						"3.2083": {
							"post": [5.5, -2.5, 0.5],
							"lerp_mode": "catmullrom"
						},
						"3.4167": {
							"post": [7.5, -1, 0],
							"lerp_mode": "catmullrom"
						},
						"3.5417": {
							"post": [8, -1, 0.5],
							"lerp_mode": "catmullrom"
						},
						"3.6667": {
							"post": [7.5, -1, -1],
							"lerp_mode": "catmullrom"
						},
						"3.7083": {
							"post": [7.47, -0.5, 0.5],
							"lerp_mode": "catmullrom"
						},
						"3.8333": {
							"post": [6, -0.25, -0.25],
							"lerp_mode": "catmullrom"
						},
						"3.9583": {
							"post": [5.61, -0.23, -0.3],
							"lerp_mode": "catmullrom"
						},
						"4.1667": {
							"post": [3.5, 0.5, -1],
							"lerp_mode": "catmullrom"
						},
						"4.375": {
							"post": [2.5, 0.5, 0.25],
							"lerp_mode": "catmullrom"
						},
						"4.5833": {
							"post": [2.5, 0.5, -0.25],
							"lerp_mode": "catmullrom"
						},
						"4.6667": {
							"post": [2.75, 0.25, 0.25],
							"lerp_mode": "catmullrom"
						},
						"4.8333": {
							"post": [1.25, -0.25, 0],
							"lerp_mode": "catmullrom"
						},
						"4.9583": {
							"post": [0.25, 0, 0.25],
							"lerp_mode": "catmullrom"
						},
						"5.1667": {
							"post": [0, 0, 0],
							"lerp_mode": "catmullrom"
						}
					}
				},
				"lefthand": {
					"rotation": {
						"0.0": [103.70198, -16.68321, 164.77774],
						"0.6667": [34.63797, -0.95955, 179.00201],
						"1.0": {
							"pre": [52.13797, -0.95955, 179.00201],
							"post": [52.13797, -0.95955, 179.00201],
							"lerp_mode": "catmullrom"
						},
						"1.2917": [68.93021, -50.11669, 277.11059],
						"3.625": [68.93021, -50.11669, 277.11059],
						"3.75": [68.93021, -50.11669, 277.11059],
						"4.0": [68.93021, -50.11669, 277.11059],
						"4.125": [68.93021, -50.11669, 277.11059],
						"4.25": [103.70198, -16.68321, 164.77774]
					},
					"position": {
						"0.0": [7.75, -14.26, 1.63],
						"0.6667": [15.66, -43.76, 10.9825],
						"1.0": {
							"pre": [8.66, -43.76, 1.92],
							"post": [8.66, -43.76, 1.92],
							"lerp_mode": "catmullrom"
						},
						"1.2917": [5.72401, -20.72969, 4.19577],
						"3.6667": [5.72401, -20.72969, 4.19577],
						"3.7083": [5.72, -16.73, 4.2],
						"3.9583": [5.72, -16.73, 4.2],
						"4.125": [8.72, -16.73, 4.2],
						"4.25": [7.75, -14.26, 1.63]
					},
					"scale": {
						"0.0": [1, 1.5, 1],
						"4.25": [1, 1.5, 1]
					}
				},
				"righthand": {
					"rotation": {
						"0.0": [93.94813, 362.17452, -175.99563],
						"0.1667": {
							"pre": [93.94569, 359.18163, -176.20212],
							"post": [93.94569, 359.18163, -176.20212],
							"lerp_mode": "catmullrom"
						},
						"0.375": [93.63121, 358.252, -162.22934],
						"1.25": [93.63121, 358.252, -162.22934],
						"1.3333": [93.16745, 357.50787, -149.74284],
						"1.4167": [101.13121, 358.252, -162.22934],
						"1.5833": [93.16745, 357.50787, -149.74284],
						"3.875": [93.16745, 357.50787, -149.74284],
						"4.125": [93.94813, 362.17452, -175.99563]
					},
					"position": {
						"0.0": [-7, -13.08, 2.52],
						"0.1667": [-7, -13.08, 2.52],
						"0.25": [-7.53562, -13.08, 2.2],
						"1.1667": [-7.51562, -13.08, 2.52],
						"1.3333": [-7.34627, -13.31314, 2.47176],
						"1.4167": [-7.27, -13.08, 2.52],
						"1.5": [-7.52, -13.08, 2.52],
						"3.7917": [-7.52, -13.08, 2.52],
						"4.125": [-7, -13.08, 2.52]
					},
					"scale": [1, 1.5, 1]
				}
			},
			"sound_effects": {
				"0.0": {
					"effect": "tacz:p320/p320_inspect_empty_raise"
				},
				"0.6667": {
					"effect": "tacz:p320/p320_inspect_empty_rotate"
				},
				"1.375": {
					"effect": "tacz:p320/p320_inspect_empty_magout"
				},
				"2.2917": {
					"effect": "tacz:p320/p320_inspect_empty_flip"
				},
				"3.4167": {
					"effect": "tacz:p320/p320_inspect_empty_maghit"
				},
				"3.5833": {
					"effect": "tacz:p320/p320_inspect_empty_magin"
				},
				"3.9583": {
					"effect": "tacz:p320/p320_inspect_empty_rattle"
				},
				"4.6667": {
					"effect": "tacz:p320/p320_inspect_empty_end"
				}
			}
		},
		"inspect": {
			"loop": "hold_on_last_frame",
			"animation_length": 6.0417,
			"bones": {
				"root": {
					"rotation": {
						"0.0": {
							"post": [0, 0, 0],
							"lerp_mode": "catmullrom"
						},
						"0.125": {
							"post": [-9.23637, -6.89493, 16.86507],
							"lerp_mode": "catmullrom"
						},
						"0.2917": {
							"post": [-4.25, -34, -29.5],
							"lerp_mode": "catmullrom"
						},
						"0.4583": {
							"post": [6.83118, -36.45503, -61.45869],
							"lerp_mode": "catmullrom"
						},
						"0.7083": {
							"post": [-2.96605, -37.08696, -53.81283],
							"lerp_mode": "catmullrom"
						},
						"0.9167": {
							"post": [-5.86806, -36.95133, -50.45071],
							"lerp_mode": "catmullrom"
						},
						"1.25": {
							"post": [2.88194, -36.95133, -52.20071],
							"lerp_mode": "catmullrom"
						},
						"1.375": {
							"post": [6.19039, -29.72943, -62.94452],
							"lerp_mode": "catmullrom"
						},
						"1.4167": {
							"post": [-15.37209, -28.23993, -39.17484],
							"lerp_mode": "catmullrom"
						},
						"1.4583": {
							"post": [-30.75478, -23.2412, -29.8114],
							"lerp_mode": "catmullrom"
						},
						"1.5833": {
							"post": [-14.59169, -38.02817, -59.47242],
							"lerp_mode": "catmullrom"
						},
						"1.6667": {
							"post": [-12.50162, -38.20551, -55.73771],
							"lerp_mode": "catmullrom"
						},
						"1.8333": {
							"post": [-1.46804, -40.44337, -68.22623],
							"lerp_mode": "catmullrom"
						},
						"2.0417": {
							"post": [-4.46154, -36.76777, -62.49485],
							"lerp_mode": "catmullrom"
						},
						"2.2917": {
							"post": [-0.00692, -36.16192, -69.52249],
							"lerp_mode": "catmullrom"
						},
						"2.4167": {
							"post": [4.09066, -35.9433, -71.11334],
							"lerp_mode": "catmullrom"
						},
						"2.5417": {
							"post": [1.80306, -35.76991, -61.49301],
							"lerp_mode": "catmullrom"
						},
						"2.7083": {
							"post": [-3.58473, -43.93885, -50.75038],
							"lerp_mode": "catmullrom"
						},
						"2.875": {
							"post": [1.77435, -45.08309, -58.802],
							"lerp_mode": "catmullrom"
						},
						"3.0833": {
							"post": [0.08202, -43.9057, -58.56015],
							"lerp_mode": "catmullrom"
						},
						"3.25": {
							"post": [9.22133, -34.81879, -69.5694],
							"lerp_mode": "catmullrom"
						},
						"3.5": {
							"post": [-7.39413, -35.54872, -41.22728],
							"lerp_mode": "catmullrom"
						},
						"3.5417": {
							"post": [-7.64415, -31.76298, -37.74014],
							"lerp_mode": "catmullrom"
						},
						"3.625": {
							"post": [-2.33111, -36.9649, -46.50287],
							"lerp_mode": "catmullrom"
						},
						"3.7083": {
							"post": [-10.34163, -40.89974, -34.93328],
							"lerp_mode": "catmullrom"
						},
						"3.75": {
							"post": [-12.06616, -29.88815, -15.00084],
							"lerp_mode": "catmullrom"
						},
						"3.7917": {
							"post": [-4.81818, -29.06718, -31.24028],
							"lerp_mode": "catmullrom"
						},
						"3.875": {
							"post": [-9.48494, -28.21956, -21.16517],
							"lerp_mode": "catmullrom"
						},
						"4.0833": {
							"post": [-15.37698, -23.94727, -17.58908],
							"lerp_mode": "catmullrom"
						},
						"4.3333": {
							"post": [-33.61586, 25.49196, 50.29417],
							"lerp_mode": "catmullrom"
						},
						"4.5417": {
							"post": [-41.71032, 26.75119, 62.38672],
							"lerp_mode": "catmullrom"
						},
						"4.625": {
							"post": [-46.27778, 29.82095, 56.93596],
							"lerp_mode": "catmullrom"
						},
						"4.6667": {
							"post": [-51.18482, 23.1826, 48.36922],
							"lerp_mode": "catmullrom"
						},
						"4.75": {
							"post": [-45.04509, 26.66593, 53.65533],
							"lerp_mode": "catmullrom"
						},
						"4.8333": {
							"post": [-44.9289, 24.32341, 55.15529],
							"lerp_mode": "catmullrom"
						},
						"4.9583": {
							"post": [-42.68372, 20.60656, 57.37159],
							"lerp_mode": "catmullrom"
						},
						"5.0833": {
							"post": [-40.73703, 19.35314, 57.75215],
							"lerp_mode": "catmullrom"
						},
						"5.1667": {
							"post": [-40.76, 27.35, 64.81],
							"lerp_mode": "catmullrom"
						},
						"5.2083": {
							"post": [-31.61318, 23.37661, 66.14535],
							"lerp_mode": "catmullrom"
						},
						"5.25": {
							"post": [-36.89806, 20.79667, 54.13993],
							"lerp_mode": "catmullrom"
						},
						"5.4167": {
							"post": [-24.78873, -5.3817, 45.25595],
							"lerp_mode": "catmullrom"
						},
						"5.5833": {
							"post": [0.24809, 2.46735, 16.76075],
							"lerp_mode": "catmullrom"
						},
						"5.7083": {
							"post": [1, 0, -1],
							"lerp_mode": "catmullrom"
						},
						"5.9583": {
							"post": [0, 0, 0],
							"lerp_mode": "catmullrom"
						}
					},
					"position": {
						"0.0": {
							"post": [0, 0, 0],
							"lerp_mode": "catmullrom"
						},
						"0.1667": {
							"post": [0.25, -1.0625, -0.25],
							"lerp_mode": "catmullrom"
						},
						"0.4167": {
							"post": [1, 3.5, 2.75],
							"lerp_mode": "catmullrom"
						},
						"0.7083": {
							"post": [1, 3.66, 2.75],
							"lerp_mode": "catmullrom"
						},
						"1.0": {
							"post": [1.0625, 3.09375, 2.225],
							"lerp_mode": "catmullrom"
						},
						"1.2083": {
							"post": [0.8125, 3.28125, 1.375],
							"lerp_mode": "catmullrom"
						},
						"1.375": {
							"post": [0.93, 3, 1.32],
							"lerp_mode": "catmullrom"
						},
						"1.4583": {
							"post": [1.375, 1.91875, 1.375],
							"lerp_mode": "catmullrom"
						},
						"1.6667": {
							"post": [0.3125, 2.61875, 1.375],
							"lerp_mode": "catmullrom"
						},
						"1.875": {
							"post": [0.1625, 3.2175, 1.375],
							"lerp_mode": "catmullrom"
						},
						"2.2083": {
							"post": [0.2125, 2.905, 1.375],
							"lerp_mode": "catmullrom"
						},
						"2.625": {
							"post": [-0.4375, 2.78, 1.375],
							"lerp_mode": "catmullrom"
						},
						"2.9583": {
							"post": [-0.8375, 2.655, 1.375],
							"lerp_mode": "catmullrom"
						},
						"3.2083": {
							"post": [-0.7375, 2.4675, 1.375],
							"lerp_mode": "catmullrom"
						},
						"3.4167": {
							"post": [1.0625, 2.7675, 1.375],
							"lerp_mode": "catmullrom"
						},
						"3.5": {
							"post": [1.23, 2.48, 1.41],
							"lerp_mode": "catmullrom"
						},
						"3.5417": {
							"post": [1.23, 2.78, 1.43],
							"lerp_mode": "catmullrom"
						},
						"3.6667": {
							"post": [1.18, 3.065, 1.54],
							"lerp_mode": "catmullrom"
						},
						"3.7083": {
							"post": [1.06, 2.9, 1.13],
							"lerp_mode": "catmullrom"
						},
						"3.75": {
							"post": [1.67, 1.71, 0.6],
							"lerp_mode": "catmullrom"
						},
						"3.875": {
							"post": [1.39, 2.07, 1.17],
							"lerp_mode": "catmullrom"
						},
						"4.0": {
							"post": [1.5, 1.28, 1.63],
							"lerp_mode": "catmullrom"
						},
						"4.1667": {
							"post": [1.1375, 0.5425, 2.1925],
							"lerp_mode": "catmullrom"
						},
						"4.3333": {
							"post": [0.52169, 1.84805, 2.16568],
							"lerp_mode": "catmullrom"
						},
						"4.625": {
							"post": [0.71081, 2.77333, 2.08],
							"lerp_mode": "catmullrom"
						},
						"4.6667": {
							"post": [1.12846, 2.80206, 1.9638],
							"lerp_mode": "catmullrom"
						},
						"4.75": {
							"post": [1.08162, 2.63592, 1.69227],
							"lerp_mode": "catmullrom"
						},
						"4.875": {
							"post": [1.40561, 2.47463, 1.53114],
							"lerp_mode": "catmullrom"
						},
						"5.125": {
							"post": [1.37, 2.47, 1.23],
							"lerp_mode": "catmullrom"
						},
						"5.1667": {
							"post": [1.191, 2.2363, 1.96512],
							"lerp_mode": "catmullrom"
						},
						"5.2083": {
							"post": [1.29, 2.25, 1.51],
							"lerp_mode": "catmullrom"
						},
						"5.3333": {
							"post": [1.2882, 0.69777, 0.15525],
							"lerp_mode": "catmullrom"
						},
						"5.5": {
							"post": [0.26029, -0.94004, 0.13027],
							"lerp_mode": "catmullrom"
						},
						"5.6667": {
							"post": [-0.325, -0.12, -0.15],
							"lerp_mode": "catmullrom"
						},
						"5.8333": {
							"post": [0.01, -0.1, -0.005],
							"lerp_mode": "catmullrom"
						},
						"6.0417": {
							"post": [0, 0, 0],
							"lerp_mode": "catmullrom"
						}
					}
				},
				"slide": {
					"position": {
						"4.625": {
							"pre": [0, 0, 0],
							"post": [0, 0, 0],
							"lerp_mode": "catmullrom"
						},
						"4.6667": {
							"post": [0, 0, 0.76],
							"lerp_mode": "catmullrom"
						},
						"4.75": {
							"post": [0, 0, 1.125],
							"lerp_mode": "catmullrom"
						},
						"4.875": [0, 0, 1.125],
						"5.125": [0, 0, 1.125],
						"5.1667": [0, 0, 0]
					}
				},
				"magazine": {
					"position": {
						"1.4583": [0, 0, 0],
						"1.5833": [0, -6.0625, 1.375],
						"3.25": [0, -6.0625, 1.375],
						"3.7083": [0, -5.8125, 1.375],
						"3.75": [0, 0, 0]
					}
				},
				"additional_magazine": {
					"scale": 0
				},
				"bullet_in_barrel": {
					"position": {
						"4.625": {
							"pre": [0, 0, 0],
							"post": [0, 0, 0],
							"lerp_mode": "catmullrom"
						},
						"4.6667": {
							"post": [0, 0, 0.83],
							"lerp_mode": "catmullrom"
						},
						"4.75": {
							"post": [0, 0, 1.25],
							"lerp_mode": "catmullrom"
						},
						"4.875": [0, 0, 1.25],
						"5.125": [0, 0, 1.25],
						"5.1667": [0, 0, 0]
					}
				},
				"barrel": {
					"rotation": {
						"4.625": [0, 0, 0],
						"4.75": [-3.005, 0, 0],
						"5.125": [-3.005, 0, 0],
						"5.1667": [0, 0, 0]
					},
					"position": {
						"4.625": [0, 0, 0],
						"4.75": [0, -0.025, 0.275],
						"5.125": [0, -0.025, 0.275],
						"5.1667": [0, 0, 0]
					}
				},
				"constraint": {
					"rotation": {
						"1.3333": [0.25, 0.5, 0.5],
						"1.875": [0.125, 0.125, 0.125],
						"5.5": [0.125, 0.125, 0.125],
						"5.5833": [0.25, 0.5, 0.5]
					},
					"position": {
						"1.3333": [0.25, 0.35, 0.35],
						"1.875": [0.125, 0.125, 0.125],
						"5.5": [0.125, 0.125, 0.125],
						"5.5833": [0.25, 0.35, 0.35]
					}
				},
				"camera": {
					"rotation": {
						"0.0": {
							"post": [0, 0, 0],
							"lerp_mode": "catmullrom"
						},
						"0.125": {
							"post": [1, 0, -0.5],
							"lerp_mode": "catmullrom"
						},
						"0.4167": {
							"post": [3, 1, -0.25],
							"lerp_mode": "catmullrom"
						},
						"0.625": {
							"post": [4, 0.5, 0.5],
							"lerp_mode": "catmullrom"
						},
						"0.875": {
							"post": [4.25, 0.75, 0],
							"lerp_mode": "catmullrom"
						},
						"1.125": {
							"post": [4.3, 0.74, 0],
							"lerp_mode": "catmullrom"
						},
						"1.2917": {
							"post": [4.25, 0.75, -1],
							"lerp_mode": "catmullrom"
						},
						"1.4167": {
							"post": [3.75, 1, 0.5],
							"lerp_mode": "catmullrom"
						},
						"1.5": {
							"post": [2, 0, 0.28],
							"lerp_mode": "catmullrom"
						},
						"1.75": {
							"post": [4, -0.5, 0.14],
							"lerp_mode": "catmullrom"
						},
						"1.9583": {
							"post": [4, -1, 0],
							"lerp_mode": "catmullrom"
						},
						"2.375": {
							"post": [4.5, -1, 0],
							"lerp_mode": "catmullrom"
						},
						"2.5": {
							"post": [5, -0.5, 0.5],
							"lerp_mode": "catmullrom"
						},
						"2.75": {
							"post": [7, -1.25, 0],
							"lerp_mode": "catmullrom"
						},
						"3.0417": {
							"post": [6.5, -2, 0],
							"lerp_mode": "catmullrom"
						},
						"3.25": {
							"post": [5.5, -2.5, 0.5],
							"lerp_mode": "catmullrom"
						},
						"3.4583": {
							"post": [7.5, -1, 0],
							"lerp_mode": "catmullrom"
						},
						"3.5833": {
							"post": [8, -1, 0.5],
							"lerp_mode": "catmullrom"
						},
						"3.6667": {
							"post": [7.5, -1, -1],
							"lerp_mode": "catmullrom"
						},
						"3.75": {
							"post": [7.47, -0.5, 0.5],
							"lerp_mode": "catmullrom"
						},
						"3.875": {
							"post": [6.5, -0.25, -0.25],
							"lerp_mode": "catmullrom"
						},
						"4.0": {
							"post": [6.61, -0.23, -0.3],
							"lerp_mode": "catmullrom"
						},
						"4.25": {
							"post": [3.5, 0.5, -1],
							"lerp_mode": "catmullrom"
						},
						"4.4167": {
							"post": [2.5, 0.5, 0.25],
							"lerp_mode": "catmullrom"
						},
						"4.625": {
							"post": [2.5, 0.5, -0.25],
							"lerp_mode": "catmullrom"
						},
						"4.7083": {
							"post": [3, 0.5, 0.25],
							"lerp_mode": "catmullrom"
						},
						"4.875": {
							"post": [2, 0, -0.25],
							"lerp_mode": "catmullrom"
						},
						"5.125": {
							"post": [1.75, -0.5, 0],
							"lerp_mode": "catmullrom"
						},
						"5.1667": {
							"post": [2.75, -0.5, -0.25],
							"lerp_mode": "catmullrom"
						},
						"5.2917": {
							"post": [1.75, -0.5, 0.5],
							"lerp_mode": "catmullrom"
						},
						"5.4167": {
							"post": [2.5, -0.5, 0.55],
							"lerp_mode": "catmullrom"
						},
						"5.5833": {
							"post": [1.25, -0.25, 0],
							"lerp_mode": "catmullrom"
						},
						"5.7083": {
							"post": [0.25, 0, 0.25],
							"lerp_mode": "catmullrom"
						},
						"5.9167": {
							"post": [0, 0, 0],
							"lerp_mode": "catmullrom"
						}
					}
				},
				"lefthand": {
					"rotation": {
						"0.0": [103.70198, -16.68321, 164.77774],
						"0.75": [34.63797, -0.95955, 179.00201],
						"1.0833": {
							"pre": [52.13797, -0.95955, 179.00201],
							"post": [52.13797, -0.95955, 179.00201],
							"lerp_mode": "catmullrom"
						},
						"1.4583": [68.93021, -50.11669, 277.11059],
						"3.7083": [68.93021, -50.11669, 277.11059],
						"4.0833": [68.93, -50.12, 277.11],
						"4.4167": [69.01954, -41.13084, 177.65878],
						"5.125": [69.02, -41.13, 177.66],
						"5.2083": {
							"pre": [100.15495, -44.39961, 133.0592],
							"post": [100.15495, -44.39961, 133.0592],
							"lerp_mode": "catmullrom"
						},
						"5.3333": [69.02, -41.13, 177.66],
						"5.5833": [103.70198, -16.68321, 164.77774]
					},
					"position": {
						"0.0": [7.75, -14.26, 1.63],
						"0.75": [15.66, -43.76, 10.9825],
						"1.0833": {
							"pre": [8.66, -43.76, 1.92],
							"post": [8.66, -43.76, 1.92],
							"lerp_mode": "catmullrom"
						},
						"1.4583": [5.72401, -20.72969, 4.19577],
						"3.75": [5.72401, -20.72969, 4.19577],
						"3.7917": [5.72, -16.73, 4.2],
						"4.0": [5.72, -16.73, 4.2],
						"4.1667": {
							"pre": [10.36866, -11.95824, 1.1365],
							"post": [10.36866, -11.95824, 1.1365],
							"lerp_mode": "catmullrom"
						},
						"4.2917": [8.05326, -9.93027, -2.40749],
						"4.625": [8.05326, -9.93027, -2.40749],
						"4.7083": [7.97, -9.54, -0.05],
						"5.125": [7.97, -9.54, -0.05],
						"5.2083": [9.22087, -8.31714, 1.32619],
						"5.2917": [9.22087, -8.31714, 1.32619],
						"5.4167": [8.55, -11.56, 0.71],
						"5.5833": [7.75, -14.26, 1.63]
					},
					"scale": {
						"0.0": [1, 1.5, 1],
						"5.5833": [1, 1.5, 1]
					}
				},
				"righthand": {
					"rotation": {
						"0.0": [93.94813, 362.17452, -175.99563],
						"0.1667": {
							"pre": [93.94569, 359.18163, -176.20212],
							"post": [93.94569, 359.18163, -176.20212],
							"lerp_mode": "catmullrom"
						},
						"0.375": [93.63121, 358.252, -162.22934],
						"1.2917": [93.63121, 358.252, -162.22934],
						"1.375": [93.16745, 357.50787, -149.74284],
						"1.4583": [101.13121, 358.252, -162.22934],
						"1.5417": [93.16745, 357.50787, -149.74284],
						"3.8333": [93.17, 357.51, -149.74],
						"4.2083": [93.16745, 357.50787, -149.74284],
						"4.3333": [93.94813, 362.17452, -175.99563]
					},
					"position": {
						"0.0": [-7, -13.08, 2.52],
						"0.1667": [-7, -13.08, 2.52],
						"0.25": [-7.53562, -13.08, 2.2],
						"1.2083": [-7.51562, -13.08, 2.52],
						"1.375": [-7.34627, -13.31314, 2.47176],
						"1.4583": [-7.27, -13.08, 2.52],
						"1.5417": [-7.52, -13.08, 2.52],
						"4.2083": [-7.52, -13.08, 2.52],
						"4.3333": [-7, -13.08, 2.52]
					},
					"scale": [1, 1.5, 1]
				}
			},
			"sound_effects": {
				"0.0": {
					"effect": "tacz:p320/p320_inspect_empty_raise"
				},
				"1.375": {
					"effect": "tacz:p320/p320_inspect_empty_magout"
				},
				"2.2917": {
					"effect": "tacz:p320/p320_inspect_empty_flip"
				},
				"3.4167": {
					"effect": "tacz:p320/p320_inspect_empty_maghit"
				},
				"3.5833": {
					"effect": "tacz:p320/p320_inspect_empty_magin"
				},
				"3.9583": {
					"effect": "tacz:p320/p320_inspect_empty_rattle"
				},
				"4.5417": {
					"effect": "tacz:p320/p320_inspect_slidepull"
				},
				"4.9583": {
					"effect": "tacz:p320/p320_inspect_sliderelease"
				},
				"5.25": {
					"effect": "tacz:p320/p320_inspect_empty_end"
				}
			}
		},
		"reload_tactical": {
			"animation_length": 2.1046,
			"bones": {
				"root": {
					"rotation": {
						"0.0": {
							"post": [0, 0, 0],
							"lerp_mode": "catmullrom"
						},
						"0.1": {
							"post": [0.65283, -1.69567, 5.48595],
							"lerp_mode": "catmullrom"
						},
						"0.2": {
							"post": [-1.56832, -15.07837, -4.85203],
							"lerp_mode": "catmullrom"
						},
						"0.38": {
							"post": [-6.11, -36.55, -38.7],
							"lerp_mode": "catmullrom"
						},
						"0.56": {
							"post": [2.31109, -38.29497, -53.42309],
							"lerp_mode": "catmullrom"
						},
						"0.64": {
							"post": [-17.37994, -25.65221, -25.28729],
							"lerp_mode": "catmullrom"
						},
						"0.68": {
							"post": [-23.18711, -31.74843, -19.58642],
							"lerp_mode": "catmullrom"
						},
						"0.74": {
							"post": [-13.52078, -40.22323, -41.52903],
							"lerp_mode": "catmullrom"
						},
						"0.84": {
							"post": [-18.0827, -32.36518, -29.25855],
							"lerp_mode": "catmullrom"
						},
						"0.96": {
							"post": [-15.63238, -29.1232, -24.58358],
							"lerp_mode": "catmullrom"
						},
						"1.0": {
							"post": [-4.45517, -31.45326, -39.14384],
							"lerp_mode": "catmullrom"
						},
						"1.04": {
							"post": [-13.59293, -28.24712, -24.93336],
							"lerp_mode": "catmullrom"
						},
						"1.08": {
							"post": [-17.96403, -31.46544, -23.84473],
							"lerp_mode": "catmullrom"
						},
						"1.12": {
							"post": [-14.84015, -31.5824, -26.79122],
							"lerp_mode": "catmullrom"
						},
						"1.2": {
							"post": [-21.55303, -33.58621, -31.99818],
							"lerp_mode": "catmullrom"
						},
						"1.22": {
							"post": [-10.79299, -42.38985, -55.53756],
							"lerp_mode": "catmullrom"
						},
						"1.26": {
							"post": [-21.20731, -36.60639, -30.31295],
							"lerp_mode": "catmullrom"
						},
						"1.32": {
							"post": [-17.1576, -25.70088, -31.51501],
							"lerp_mode": "catmullrom"
						},
						"1.44": {
							"post": [-12.82838, -17.30909, -24.90235],
							"lerp_mode": "catmullrom"
						},
						"1.54": {
							"post": [-12.91039, -6.26307, 9.30303],
							"lerp_mode": "catmullrom"
						},
						"1.62": {
							"post": [-2.22157, -4.2403, 8.70164],
							"lerp_mode": "catmullrom"
						},
						"1.72": {
							"post": [0, 0, 0.7],
							"lerp_mode": "catmullrom"
						},
						"1.84": {
							"post": [0, 0, 0],
							"lerp_mode": "catmullrom"
						}
					},
					"position": {
						"0.0": {
							"post": [0, 0, 0],
							"lerp_mode": "catmullrom"
						},
						"0.14": {
							"post": [-0.1775, -1.72, -0.37],
							"lerp_mode": "catmullrom"
						},
						"0.24": {
							"post": [-0.81, 0.66, 1.97],
							"lerp_mode": "catmullrom"
						},
						"0.34": {
							"post": [-0.77, 2.31, 2.39],
							"lerp_mode": "catmullrom"
						},
						"0.56": {
							"post": [-0.79, 2.04, 2.52],
							"lerp_mode": "catmullrom"
						},
						"0.66": {
							"post": [-1.01, 1.52, 2.57],
							"lerp_mode": "catmullrom"
						},
						"0.7": {
							"post": [-1.11, 2.48, 2.57],
							"lerp_mode": "catmullrom"
						},
						"0.76": {
							"post": [-1.57, 2.84, 2.53],
							"lerp_mode": "catmullrom"
						},
						"0.88": {
							"post": [-1.29, 3.23, 2.47],
							"lerp_mode": "catmullrom"
						},
						"1.0": {
							"post": [-1.12, 2.49, 2.45],
							"lerp_mode": "catmullrom"
						},
						"1.02": {
							"post": [-1.09, 2.65, 2.44],
							"lerp_mode": "catmullrom"
						},
						"1.12": {
							"post": [-1.17, 2.3875, 2.4],
							"lerp_mode": "catmullrom"
						},
						"1.2": {
							"post": [-1.31, 1.67, 2.13],
							"lerp_mode": "catmullrom"
						},
						"1.24": {
							"post": [-1.51, 1.37, 1.88],
							"lerp_mode": "catmullrom"
						},
						"1.3": {
							"post": [-1.55, 1.92, 1.64],
							"lerp_mode": "catmullrom"
						},
						"1.4": {
							"post": [-1.75, 1.44, 1.4],
							"lerp_mode": "catmullrom"
						},
						"1.54": {
							"post": [-0.71, -0.205, 0.53],
							"lerp_mode": "catmullrom"
						},
						"1.66": {
							"post": [-0.05, -0.77938, -0.6625],
							"lerp_mode": "catmullrom"
						},
						"1.74": {
							"post": [0.01, 0, 0.2],
							"lerp_mode": "catmullrom"
						},
						"1.88": [0, 0, 0]
					}
				},
				"magazine": {
					"scale": {
						"0.0": [0, 0, 0],
						"0.34": [0, 0, 0],
						"0.38": [1, 1, 1]
					}
				},
				"camera": {
					"rotation": {
						"0.0": {
							"post": [0, 0, 0],
							"lerp_mode": "catmullrom"
						},
						"0.08": {
							"post": [0.5, 0, -0.5],
							"lerp_mode": "catmullrom"
						},
						"0.26": {
							"post": [2, 0.5, 0.5],
							"lerp_mode": "catmullrom"
						},
						"0.38": {
							"post": [2.63, 0.78, 0.38],
							"lerp_mode": "catmullrom"
						},
						"0.48": {
							"post": [4, 1, 0],
							"lerp_mode": "catmullrom"
						},
						"0.6": {
							"post": [4, 1, 0],
							"lerp_mode": "catmullrom"
						},
						"0.64": {
							"post": [3.5, 1, -1],
							"lerp_mode": "catmullrom"
						},
						"0.72": {
							"post": [3, 1.5, 0],
							"lerp_mode": "catmullrom"
						},
						"0.84": {
							"post": [3.7, 1.25, 0],
							"lerp_mode": "catmullrom"
						},
						"0.98": {
							"post": [4.5, 1, -1],
							"lerp_mode": "catmullrom"
						},
						"1.02": {
							"post": [4.75, 1.25, 0.5],
							"lerp_mode": "catmullrom"
						},
						"1.1": {
							"post": [5.03, 1.5, -0.25],
							"lerp_mode": "catmullrom"
						},
						"1.16": {
							"post": [4.5, 1.5, 0],
							"lerp_mode": "catmullrom"
						},
						"1.2": {
							"post": [4, 1.5, 0],
							"lerp_mode": "catmullrom"
						},
						"1.24": {
							"post": [4, 1.5, -0.5],
							"lerp_mode": "catmullrom"
						},
						"1.26": {
							"post": [4, 1.5, 0.5],
							"lerp_mode": "catmullrom"
						},
						"1.32": {
							"post": [3, 1.25, 0.5],
							"lerp_mode": "catmullrom"
						},
						"1.4": {
							"post": [3, 1, 0],
							"lerp_mode": "catmullrom"
						},
						"1.54": {
							"post": [0.75, 0.5, 0.25],
							"lerp_mode": "catmullrom"
						},
						"1.66": {
							"post": [0, 0, 0],
							"lerp_mode": "catmullrom"
						},
						"1.74": {
							"post": [-0.25, 0, 0],
							"lerp_mode": "catmullrom"
						},
						"1.84": {
							"post": [0, 0, 0],
							"lerp_mode": "catmullrom"
						}
					}
				},
				"lefthand": {
					"rotation": {
						"0.0": [103.70198, -16.68321, 164.77774],
						"0.2": [90.26619, -6.80072, 156.96194],
						"0.92": [90.27, -6.8, 156.96],
						"1.04": [93.14161, -10.0144, 153.39027],
						"1.24": [93.14161, -10.0144, 153.39027],
						"1.32": [76.76807, -10.01252, 153.39016],
						"1.36": [41.85, -10.01, 153.39],
						"1.44": {
							"pre": [80.94543, -24.8699, 145.39088],
							"post": [80.94543, -24.8699, 145.39088],
							"lerp_mode": "catmullrom"
						},
						"1.56": [114.31629, -28.9439, 159.64918],
						"1.68": [103.70198, -16.68321, 164.77774]
					},
					"position": {
						"0.0": [7.75, -14.26, 1.63],
						"0.2": [7.16, -15.54, 3.46],
						"0.92": [7.16, -15.54, 3.46],
						"1.04": [7.08, -15.78, 3.46],
						"1.24": [7.08, -15.78, 3.46],
						"1.28": [9.36, -29.32, 4.23],
						"1.32": [10.74, -34.29, 5],
						"1.36": [12.27, -36.65, 8.1],
						"1.48": {
							"pre": [12.19, -21.58, 3.47],
							"post": [12.19, -21.58, 3.47],
							"lerp_mode": "catmullrom"
						},
						"1.56": {
							"post": [10.5, -17.33, 2.48],
							"lerp_mode": "catmullrom"
						},
						"1.64": [7.75, -14.26, 1.63]
					},
					"scale": [1, 1.5, 1]
				},
				"righthand": {
					"rotation": {
						"0.0": [93.94813, 362.17452, -175.99563],
						"0.24": [93.94813, 362.17452, -175.99563],
						"1.48": [92.98, 366.57, -182.49],
						"1.68": [93.94813, 362.17452, -175.99563]
					},
					"position": {
						"0.0": [-7, -13.08, 2.52],
						"0.24": [-7, -13.08, 2.52],
						"0.32": [-8.02, -13.08, 2.2],
						"1.44": [-8.02, -13.08, 2.2],
						"1.52": [-7, -13.08, 2.52]
					},
					"scale": [1, 1.5, 1]
				},
				"additional_magazine": {
					"rotation": {
						"0.0": [0, 0, 0],
						"0.6": [0, 0, 0],
						"0.7": [0, 0, 0],
						"0.72": [2.41492, -0.64686, 11.73637],
						"0.8": [-5.00207, 7.68445, -2.70095],
						"1.04": [-43.66901, 11.14485, 4.32875],
						"1.16": [-32.57225, 5.52146, 8.11133],
						"1.2": [-82.23094, 7.7321, -7.51613],
						"1.26": [-74.2, 8.16, -5.99],
						"1.34": [-77.82404, 8.88236, -3.45606],
						"1.42": [-59.3314, 15.09188, -17.1099],
						"1.6": [-8.5, 0, -9.25]
					},
					"position": {
						"0.0": [0, 0, 0],
						"0.64": [0, 0, 0],
						"0.7": [0.07156, -4.19245, 1.23239],
						"0.72": [-0.48143, -5.40511, 1.82933],
						"0.76": {
							"pre": [-0.94505, -6.59864, 2.56765],
							"post": [-0.94505, -6.59864, 2.56765],
							"lerp_mode": "catmullrom"
						},
						"0.8": {
							"post": [-2.49573, -8.61626, 2.47439],
							"lerp_mode": "catmullrom"
						},
						"0.88": {
							"post": [-2.48655, -8.9584, 3.1667],
							"lerp_mode": "catmullrom"
						},
						"1.0": {
							"post": [-0.93373, -5.47676, 3.11401],
							"lerp_mode": "catmullrom"
						},
						"1.12": [-1.21784, -4.96099, 3.25443],
						"1.2": [-1.2367, -0.74145, 3.27789],
						"1.34": [-1.04343, -0.64751, 2.55115],
						"1.42": [0.2961, -3.73023, 2.3175],
						"1.6": [-1.55, -42.62, 5.62]
					},
					"scale": {
						"0.9": [1, 1, 1],
						"0.92": [0, 0, 0]
					}
				},
				"constraint": {
					"rotation": [0.25, 0.5, 0.5],
					"position": [0.25, 0.35, 0.35]
				},
				"mag_and_lefthand": {
					"rotation": {
						"0.0": [0, 0, 0],
						"0.08": [0.59, 0, 0],
						"0.4": [6.5, 0, 0],
						"0.52": [12.31507, 3.10424, -14.93802],
						"0.6": [13.35641, -3.29641, 16.51393],
						"0.68": [13.36, -3.3, 13.61],
						"0.8": {
							"pre": [11.00011, -2.31022, 9.47185],
							"post": [11.00011, -2.31022, 9.47185],
							"lerp_mode": "catmullrom"
						},
						"0.96": [-5.26104, -0.65625, 2.66754],
						"1.12": [0, 0, 0]
					},
					"position": {
						"0.0": [0, 0, 0],
						"0.08": [0.87, -2.96, 0.12],
						"0.4": [9.54, -32.6, 1.36],
						"0.52": [1.27, -6.46, 1.21],
						"0.6": [-1.42, -3.18, 0.81],
						"0.72": {
							"pre": [0.78, -7.38, 1.63],
							"post": [0.78, -7.38, 1.63],
							"lerp_mode": "catmullrom"
						},
						"0.84": {
							"post": [-1.69, -8.5325, -0.32],
							"lerp_mode": "catmullrom"
						},
						"0.96": [-0.07, -5.46, 1.16],
						"1.08": [-0.07, -5.46, 1.16],
						"1.12": [0, 0, 0]
					}
				}
			},
			"sound_effects": {
				"0.0": {
					"effect": "tacz:p320/p320_reload_raise"
				},
				"0.46": {
					"effect": "tacz:p320/p320_reload_magrelease"
				},
				"0.54": {
					"effect": "tacz:p320/p320_reload_magout"
				},
				"1.0": {
					"effect": "tacz:p320/p320_reload_maghit"
				},
				"1.16": {
					"effect": "tacz:p320/p320_reload_magin"
				},
				"1.52": {
					"effect": "tacz:p320/p320_reload_fast_end"
				}
			}
		},
		"static_idle": {
			"loop": true,
			"bones": {
				"root": {
					"rotation": [0, 0, 0],
					"position": [0, 0, 0]
				},
				"constraint": {
					"rotation": [0.25, 0.5, 0.5],
					"position": [0.25, 0.35, 0.35]
				},
				"lefthand": {
					"rotation": [103.70198, -16.68321, 164.77774],
					"position": [7.75, -14.26, 1.63],
					"scale": [1, 1.5, 1]
				},
				"righthand": {
					"rotation": [93.94813, 362.17452, -175.99563],
					"position": [-7, -13.08, 2.52],
					"scale": [1, 1.5, 1]
				}
			}
		},
		"shoot": {
			"loop": true,
			"animation_length": 0.6667,
			"bones": {
				"root": {
					"rotation": {
						"0.0": {
							"post": [0, 0, 0],
							"lerp_mode": "catmullrom"
						},
						"0.0167": {
							"post": [-2.59768, 0.1525, 1.74334],
							"lerp_mode": "catmullrom"
						},
						"0.05": {
							"post": [-20.95824, -1.30704, -2.72798],
							"lerp_mode": "catmullrom"
						},
						"0.0833": {
							"post": [-14, 0, 0],
							"lerp_mode": "catmullrom"
						},
						"0.1167": {
							"post": [0.84251, -0.98521, -1.02186],
							"lerp_mode": "catmullrom"
						},
						"0.2": {
							"post": [0.65, 0.2, 0],
							"lerp_mode": "catmullrom"
						},
						"0.3": {
							"post": [-0.70043, -0.09694, 0.24998],
							"lerp_mode": "catmullrom"
						},
						"0.4167": {
							"post": [0.05, 0.13, 0.1],
							"lerp_mode": "catmullrom"
						},
						"0.5833": {
							"post": [0, 0, 0],
							"lerp_mode": "catmullrom"
						}
					},
					"position": {
						"0.0": {
							"post": [0, 0, 0],
							"lerp_mode": "catmullrom"
						},
						"0.0167": {
							"post": [0, -0.0025, 0.75],
							"lerp_mode": "catmullrom"
						},
						"0.0333": {
							"post": [0, -0.2225, 0.975],
							"lerp_mode": "catmullrom"
						},
						"0.0833": {
							"post": [0, 0.175, -0.175],
							"lerp_mode": "catmullrom"
						},
						"0.1167": {
							"post": [0, 0.0625, 0.2625],
							"lerp_mode": "catmullrom"
						},
						"0.2": {
							"post": [0, -0.1, 0.075],
							"lerp_mode": "catmullrom"
						},
						"0.3": {
							"post": [0.0125, -0.025, 0.125],
							"lerp_mode": "catmullrom"
						},
						"0.4167": {
							"post": [0, -0.005, -0.015],
							"lerp_mode": "catmullrom"
						},
						"0.5833": {
							"post": [0, 0, 0],
							"lerp_mode": "catmullrom"
						}
					}
				},
				"slide": {
					"position": {
						"0.0": [0, 0, 0],
						"0.0167": [0, 0, 2.5],
						"0.0333": [0, 0, 2.5],
						"0.0667": {
							"pre": [0, 0, 0],
							"post": [0, 0, 0],
							"lerp_mode": "catmullrom"
						}
					}
				},
				"barrel": {
					"rotation": {
						"0.0": [0, 0, 0],
						"0.0167": [-3.005, 0, 0],
						"0.0333": [-3, 0, 0],
						"0.0667": [0, 0, 0]
					},
					"position": {
						"0.0": [0, 0, 0],
						"0.0167": [0, -0.125, 0.375],
						"0.0333": [0, -0.125, 0.375],
						"0.0667": [0, 0, 0]
					}
				},
				"camera": {
					"rotation": {
						"0.0": {
							"post": [0, 0, 0],
							"lerp_mode": "catmullrom"
						},
						"0.0167": {
							"post": [-0.5, 0.25, 1.025],
							"lerp_mode": "catmullrom"
						},
						"0.0333": {
							"post": [0.5, -0.25, -0.7],
							"lerp_mode": "catmullrom"
						},
						"0.0833": {
							"post": [0.25, -0.125, 0.6],
							"lerp_mode": "catmullrom"
						},
						"0.1333": {
							"post": [0, 0.125, -0.1],
							"lerp_mode": "catmullrom"
						},
						"0.2": {
							"post": [-0.125, 0.125, 0.35],
							"lerp_mode": "catmullrom"
						},
						"0.3333": {
							"post": [0, 0, -0.15],
							"lerp_mode": "catmullrom"
						},
						"0.5167": {
							"post": [0, 0, 0],
							"lerp_mode": "catmullrom"
						}
					}
				},
				"constraint": {
					"rotation": {
						"0.0": [1, 0.5, 0.5],
						"0.2": [0.25, 0.5, 0.5]
					},
					"position": {
						"0.0": [0.25, 0.15, 0.35],
						"0.0333": [0.25, 0.15, 0.35],
						"0.0833": [0.25, 0.35, 0.35]
					}
				},
				"hammer": {
					"rotation": {
						"0.0": [42.5, 0, 0],
						"0.0333": [-17.5, 0, 0],
						"0.0667": [-17.5, 0, 0],
						"0.1": [0, 0, 0]
					}
				}
			}
		},
		"reload_empty": {
			"animation_length": 2.5,
			"bones": {
				"root": {
					"rotation": {
						"0.0": {
							"post": [0, 0, 0],
							"lerp_mode": "catmullrom"
						},
						"0.08": {
							"post": [-13.73073, -11.29349, 7.84308],
							"lerp_mode": "catmullrom"
						},
						"0.16": {
							"post": [-13.95424, -28.49202, -11.84756],
							"lerp_mode": "catmullrom"
						},
						"0.24": {
							"post": [-10.98667, -33.77287, -26.94644],
							"lerp_mode": "catmullrom"
						},
						"0.32": {
							"post": [-5.72025, -36.66166, -41.84512],
							"lerp_mode": "catmullrom"
						},
						"0.44": {
							"post": [-15.17, -38.18, -37.83],
							"lerp_mode": "catmullrom"
						},
						"0.6": {
							"post": [-26.21886, -33.57408, -18.57421],
							"lerp_mode": "catmullrom"
						},
						"0.68": {
							"post": [-14.06915, -40.15243, -47.6639],
							"lerp_mode": "catmullrom"
						},
						"0.7": {
							"post": [-25.96634, -33.20311, -31.27957],
							"lerp_mode": "catmullrom"
						},
						"0.74": {
							"post": [-40.09525, -20.76863, -3.94298],
							"lerp_mode": "catmullrom"
						},
						"0.88": {
							"post": [-34.35657, -17.55733, 6.68247],
							"lerp_mode": "catmullrom"
						},
						"1.1": {
							"post": [-21.68764, -40.79302, -27.91899],
							"lerp_mode": "catmullrom"
						},
						"1.18": {
							"post": [-25.09203, -35.2541, -17.16053],
							"lerp_mode": "catmullrom"
						},
						"1.3": {
							"post": [-24.37074, -27.65644, -18.87043],
							"lerp_mode": "catmullrom"
						},
						"1.38": {
							"post": [-9.40335, -27.28145, -23.2507],
							"lerp_mode": "catmullrom"
						},
						"1.4": {
							"post": [0.0825, -19.52727, -30.08023],
							"lerp_mode": "catmullrom"
						},
						"1.56": {
							"post": [-16.86729, -18.32471, -20.50148],
							"lerp_mode": "catmullrom"
						},
						"1.66": {
							"post": [-31.56804, 2.16977, 43.42883],
							"lerp_mode": "catmullrom"
						},
						"1.78": {
							"post": [-46.37033, 15.68338, 44.55641],
							"lerp_mode": "catmullrom"
						},
						"1.8": {
							"post": [-40.36728, 3.83755, 37.88375],
							"lerp_mode": "catmullrom"
						},
						"1.82": {
							"post": [-38.03429, -3.77002, 31.01741],
							"lerp_mode": "catmullrom"
						},
						"1.86": {
							"post": [-42.57519, 9.42764, 32.93039],
							"lerp_mode": "catmullrom"
						},
						"1.98": {
							"post": [-42.20849, 5.94352, 24.35812],
							"lerp_mode": "catmullrom"
						},
						"2.08": {
							"post": [-9.25203, -4.72202, 2.9806],
							"lerp_mode": "catmullrom"
						},
						"2.16": {
							"post": [2.17754, -2.07929, -2.96762],
							"lerp_mode": "catmullrom"
						},
						"2.26": {
							"post": [-1.43537, -1.08263, -3.28021],
							"lerp_mode": "catmullrom"
						},
						"2.44": {
							"post": [0, 0, 0],
							"lerp_mode": "catmullrom"
						}
					},
					"position": {
						"0.0": {
							"post": [0, 0, 0],
							"lerp_mode": "catmullrom"
						},
						"0.12": {
							"post": [-0.66, -0.19, 0.72],
							"lerp_mode": "catmullrom"
						},
						"0.28": {
							"post": [-0.37, 1.76, 1.89],
							"lerp_mode": "catmullrom"
						},
						"0.4": {
							"post": [-0.12, 2.17, 1.41],
							"lerp_mode": "catmullrom"
						},
						"0.56": {
							"post": [-0.16, 1.68, 0.89],
							"lerp_mode": "catmullrom"
						},
						"0.7": {
							"post": [-0.16, 1.03, 0.57],
							"lerp_mode": "catmullrom"
						},
						"0.72": {
							"post": [-0.9, 0.68, 0.64],
							"lerp_mode": "catmullrom"
						},
						"0.8": {
							"post": [-0.64, 0.14, 0.8075],
							"lerp_mode": "catmullrom"
						},
						"0.92": {
							"post": [-0.22, 0.96, 0.2375],
							"lerp_mode": "catmullrom"
						},
						"1.06": {
							"post": [-0.02, 1.94, -0.19],
							"lerp_mode": "catmullrom"
						},
						"1.14": {
							"post": [-0.11, 1.85, -0.09],
							"lerp_mode": "catmullrom"
						},
						"1.18": {
							"post": [-0.17, 1.85, -0.01],
							"lerp_mode": "catmullrom"
						},
						"1.26": {
							"post": [-0.27, 1.52, 0.28],
							"lerp_mode": "catmullrom"
						},
						"1.34": {
							"post": [-0.09, 1.51, 1.22],
							"lerp_mode": "catmullrom"
						},
						"1.38": {
							"post": [0, 0.75, 1.32],
							"lerp_mode": "catmullrom"
						},
						"1.4": {
							"post": [-0.5, 1.58, 1.41],
							"lerp_mode": "catmullrom"
						},
						"1.5": {
							"post": [-0.46, 1.11, 1.5675],
							"lerp_mode": "catmullrom"
						},
						"1.62": {
							"post": [-0.28, -0.56, 2.19],
							"lerp_mode": "catmullrom"
						},
						"1.78": {
							"post": [0.76, -0.31, 1.66],
							"lerp_mode": "catmullrom"
						},
						"1.82": {
							"post": [0.87, -1.21, 2.17],
							"lerp_mode": "catmullrom"
						},
						"1.9": {
							"post": [0.76, -0.81, 1.4725],
							"lerp_mode": "catmullrom"
						},
						"2.06": {
							"post": [0.91, -2.09, -1.33],
							"lerp_mode": "catmullrom"
						},
						"2.2": {
							"post": [0.11, -1, -1.105],
							"lerp_mode": "catmullrom"
						},
						"2.34": {
							"post": [0.1, -0.1, -0.3],
							"lerp_mode": "catmullrom"
						},
						"2.48": {
							"post": [0, 0, 0],
							"lerp_mode": "catmullrom"
						}
					}
				},
				"magazine": {
					"scale": {
						"0.0": [0, 0, 0],
						"0.44": [1, 1, 1]
					}
				},
				"slide": {
					"position": {
						"0.0": [0, 0, 2.25],
						"1.78": {
							"pre": [0, 0, 2.25],
							"post": [0, 0, 2.25],
							"lerp_mode": "catmullrom"
						},
						"1.82": {
							"post": [0, 0, 0],
							"lerp_mode": "catmullrom"
						}
					}
				},
				"barrel": {
					"rotation": {
						"0.0": [-2, 0, 0],
						"1.74": [-2, 0, 0],
						"1.78": [0, 0, 0]
					}
				},
				"bullet_in_mag2": {
					"scale": 0
				},
				"camera": {
					"rotation": {
						"0.0": {
							"post": [0, 0, 0],
							"lerp_mode": "catmullrom"
						},
						"0.06": {
							"post": [1, 0, -0.5],
							"lerp_mode": "catmullrom"
						},
						"0.2": {
							"post": [2, 0.5, 0.5],
							"lerp_mode": "catmullrom"
						},
						"0.28": {
							"post": [3, 0.75, 0],
							"lerp_mode": "catmullrom"
						},
						"0.4": {
							"post": [3.5, 0.5, 0],
							"lerp_mode": "catmullrom"
						},
						"0.54": {
							"post": [4.25, 0.25, 0],
							"lerp_mode": "catmullrom"
						},
						"0.66": {
							"post": [4.25, 0.25, -0.5],
							"lerp_mode": "catmullrom"
						},
						"0.72": {
							"post": [2.75, 0.375, 0.5],
							"lerp_mode": "catmullrom"
						},
						"0.82": {
							"post": [3.5, 0.75, 0],
							"lerp_mode": "catmullrom"
						},
						"0.9": {
							"post": [3.25, 0.75, 0],
							"lerp_mode": "catmullrom"
						},
						"0.98": {
							"post": [3.75, 0.75, 0.5],
							"lerp_mode": "catmullrom"
						},
						"1.1": {
							"post": [4.25, 0.5, 0],
							"lerp_mode": "catmullrom"
						},
						"1.3": {
							"post": [4.75, 0.25, 0],
							"lerp_mode": "catmullrom"
						},
						"1.38": {
							"post": [5.75, 0, -1],
							"lerp_mode": "catmullrom"
						},
						"1.4": {
							"post": [5.58, 0.04, 0.5],
							"lerp_mode": "catmullrom"
						},
						"1.52": {
							"post": [4.75, 0.25, -1],
							"lerp_mode": "catmullrom"
						},
						"1.76": {
							"post": [5.75, 1, 0],
							"lerp_mode": "catmullrom"
						},
						"1.78": {
							"post": [5.5, 1, -1],
							"lerp_mode": "catmullrom"
						},
						"1.82": {
							"post": [5.67, 0.5, -0.25],
							"lerp_mode": "catmullrom"
						},
						"1.86": {
							"post": [5.75, 0, 0.5],
							"lerp_mode": "catmullrom"
						},
						"1.98": {
							"post": [4.75, 0, -0.5],
							"lerp_mode": "catmullrom"
						},
						"2.1": {
							"post": [1.75, -0.25, 0.25],
							"lerp_mode": "catmullrom"
						},
						"2.24": {
							"post": [0, 0, 0],
							"lerp_mode": "catmullrom"
						},
						"2.32": {
							"post": [-0.25, 0, 0],
							"lerp_mode": "catmullrom"
						},
						"2.44": {
							"post": [0, 0, 0],
							"lerp_mode": "catmullrom"
						}
					}
				},
				"lefthand": {
					"rotation": {
						"0.0": [103.70198, -16.68321, 164.77774],
						"0.28": [90.26619, -6.80072, 156.96194],
						"0.56": [84.12, -6.8, 154.5],
						"0.76": [107.7813, -4.20557, 146.62605],
						"0.88": [126.13, -6.8, 151.3],
						"1.12": [93.14161, -10.0144, 153.39027],
						"1.24": [93.14161, -10.0144, 153.39027],
						"1.48": [93.14161, -10.0144, 153.39027],
						"1.56": [93.14161, -10.0144, 153.39027],
						"1.68": [93.14161, -10.0144, 153.39027],
						"1.92": [103.70198, -16.68321, 164.77774]
					},
					"position": {
						"0.0": [7.75, -14.26, 1.63],
						"0.28": [7.16, -15.54, 3.46],
						"0.96": [7.16, -15.54, 3.46],
						"1.12": [7.08, -15.78, 3.46],
						"1.24": [7.08, -15.78, 3.46],
						"1.48": [7.08, -15.78, 3.46],
						"1.56": [7.08, -15.78, 3.46],
						"1.68": [7.08, -15.78, 3.46],
						"1.92": [7.75, -14.26, 1.63]
					},
					"scale": [1, 1.5, 1]
				},
				"righthand": {
					"rotation": {
						"0.0": [93.94813, 362.17452, -175.99563],
						"0.4": [92.97989, 366.57425, -182.49418],
						"1.56": [92.98, 366.57, -182.49],
						"1.68": [94.32451, 369.79579, -170.1408],
						"1.8": [94.32451, 369.79579, -170.1408],
						"1.84": [104.80877, 372.73687, -171.79572],
						"1.92": [100.37878, 376.52813, -189.19617],
						"2.04": [93.94813, 362.17452, -175.99563]
					},
					"position": {
						"0.0": [-7, -13.08, 2.52],
						"0.2": [-7, -13.08, 2.52],
						"0.28": [-8.02, -13.08, 2.2],
						"1.56": [-8.02, -13.08, 2.2],
						"1.68": [-7.04, -13.08, 2.2],
						"1.8": [-7.04, -13.08, 2.2],
						"1.84": [-6.82, -12.76, 2.2],
						"1.92": [-6.62, -12.4, 2.84],
						"2.04": [-7, -13.08, 2.52]
					},
					"scale": [1, 1.5, 1]
				},
				"additional_magazine": {
					"rotation": {
						"0.68": [0, 0, 0],
						"0.7": [-13.36965, 6.86379, -2.30542],
						"0.74": [-3.32, -9.79, -75.82],
						"0.82": [-5.7297, -43.10859, -222.85845]
					},
					"position": {
						"0.68": [0, 0, 0],
						"0.7": [0.11195, -3.93329, 1.06933],
						"0.72": [2.47936, -5.99902, 0.95407],
						"0.74": [4.89433, -8.98094, 0.88653],
						"0.76": [8.74545, -12.54963, 2.55161],
						"0.78": [11.32944, -18.81588, 5.41152],
						"0.8": [14.70797, -26.16569, 8.53276],
						"0.82": [19.40349, -36.04468, 12.16563]
					}
				},
				"constraint": {
					"rotation": [0.25, 0.5, 0.5],
					"position": [0.25, 0.35, 0.35]
				},
				"mag_and_lefthand": {
					"rotation": {
						"0.0": [0, 0, 0],
						"0.08": [0.59, 0, 0],
						"0.4": [6.5, 0, 0],
						"0.52": [12.31507, 3.10424, -2.11802],
						"0.64": [13.35641, 5.86359, 1.91393],
						"0.76": [13.36, 4.94, 3.15],
						"0.88": {
							"pre": [-21.55426, 0.95623, -22.11624],
							"post": [-21.55426, 0.95623, -22.11624],
							"lerp_mode": "catmullrom"
						},
						"1.04": {
							"post": [-5.09798, -5.30136, 11.61071],
							"lerp_mode": "catmullrom"
						},
						"1.28": [-3.88104, -0.65625, 2.66754],
						"1.44": [0, 0, 0]
					},
					"position": {
						"0.0": [0, 0, 0],
						"0.08": [0.87, -2.96, 0.12],
						"0.4": [9.54, -32.6, 1.36],
						"0.52": {
							"pre": [1.27, -11.34, -0.58],
							"post": [1.27, -11.34, -0.58],
							"lerp_mode": "catmullrom"
						},
						"0.64": {
							"post": [0.2, -3.2, -0.98],
							"lerp_mode": "catmullrom"
						},
						"0.76": {
							"post": [0.2, -3.2, -0.98],
							"lerp_mode": "catmullrom"
						},
						"0.88": {
							"post": [4.98, -6.0425, -4.48],
							"lerp_mode": "catmullrom"
						},
						"1.0": {
							"post": [5.96219, -2.05753, -4.67568],
							"lerp_mode": "catmullrom"
						},
						"1.16": {
							"post": [-2.5875, -10.15, -0.36],
							"lerp_mode": "catmullrom"
						},
						"1.28": [-0.07, -4.96, 1.16],
						"1.44": [-0.07, -4.96, 1.16],
						"1.52": [0, 0, 0]
					}
				}
			},
			"sound_effects": {
				"0.0": {
					"effect": "tacz:p320/p320_reload_empty_raise"
				},
				"0.56": {
					"effect": "tacz:p320/p320_reload_empty_magrelease"
				},
				"0.6": {
					"effect": "tacz:p320/p320_reload_empty_magout"
				},
				"0.98": {
					"effect": "tacz:p320/p320_mag_drop"
				},
				"1.06": {
					"effect": "tacz:p320/p320_reload_empty_maghit"
				},
				"1.28": {
					"effect": "tacz:p320/p320_reload_empty_magin"
				},
				"1.56": {
					"effect": "tacz:p320/p320_reload_empty_charge"
				},
				"2.04": {
					"effect": "tacz:p320/p320_reload_empty_end"
				}
			}
		},
		"static_bolt_caught": {
			"loop": true,
			"animation_length": 0.5,
			"bones": {
				"slide": {
					"position": [0, 0, 2.25]
				},
				"barrel": {
					"rotation": [-2.5, 0, 0],
					"position": [0, -0.125, 0.375]
				},
				"lefthand": {
					"rotation": [103.70198, -16.68321, 164.77774],
					"position": [7.75, -14.26, 1.63],
					"scale": [1, 1.5, 1]
				},
				"righthand": {
					"rotation": [93.94813, 362.17452, -175.99563],
					"position": [-7, -13.08, 2.52],
					"scale": [1, 1.5, 1]
				}
			}
		},
		"draw": {
			"animation_length": 0.625,
			"bones": {
				"root": {
					"rotation": {
						"0.0": {
							"post": [47.5, -15, 41],
							"lerp_mode": "catmullrom"
						},
						"0.1667": {
							"post": [-6.71308, -22.18904, 36.36928],
							"lerp_mode": "catmullrom"
						},
						"0.25": {
							"post": [-0.06544, -8.37357, 14.75086],
							"lerp_mode": "catmullrom"
						},
						"0.3333": {
							"post": [1.075, -2.1875, 3.75],
							"lerp_mode": "catmullrom"
						},
						"0.4167": {
							"post": [-0.55, 0, 0],
							"lerp_mode": "catmullrom"
						},
						"0.5417": {
							"post": [0, 0, 0],
							"lerp_mode": "catmullrom"
						}
					},
					"position": {
						"0.0": {
							"post": [-4.5, -7.575, 4.05],
							"lerp_mode": "catmullrom"
						},
						"0.0833": {
							"post": [-3.33, -5.685, 3.2375],
							"lerp_mode": "catmullrom"
						},
						"0.25": {
							"post": [-0.45, -0.4125, 0.45],
							"lerp_mode": "catmullrom"
						},
						"0.4583": {
							"post": [0, -0.1625, 0],
							"lerp_mode": "catmullrom"
						},
						"0.625": [0, 0, 0]
					}
				},
				"camera": {
					"rotation": {
						"0.0": {
							"post": [0, 0, 0],
							"lerp_mode": "catmullrom"
						},
						"0.0833": {
							"post": [0.175, 0.2, 0.35],
							"lerp_mode": "catmullrom"
						},
						"0.2083": {
							"post": [0.8, 0.3, 0.7],
							"lerp_mode": "catmullrom"
						},
						"0.2917": {
							"post": [0.245, 0.305, 0.44],
							"lerp_mode": "catmullrom"
						},
						"0.4167": {
							"post": [0.1, 0.2, 0],
							"lerp_mode": "catmullrom"
						},
						"0.5417": {
							"post": [0, 0, 0],
							"lerp_mode": "catmullrom"
						}
					}
				},
				"lefthand": {
					"rotation": {
						"0.0": [83.11274, -19.45872, 224.79639],
						"0.3333": [103.70198, -16.68321, 164.77774]
					},
					"position": {
						"0.0": {
							"post": [15.915, -20.385, 1.895],
							"lerp_mode": "catmullrom"
						},
						"0.0833": {
							"post": [15.5525, -16.335, 1.895],
							"lerp_mode": "catmullrom"
						},
						"0.2083": {
							"post": [10.5875, -15.41, 1.65],
							"lerp_mode": "catmullrom"
						},
						"0.3333": [7.75, -14.26, 1.63],
						"0.4583": [7.75, -14.26, 1.63]
					},
					"scale": [1, 1.5, 1]
				},
				"righthand": {
					"rotation": [93.94813, 362.17452, -175.99563],
					"position": [-7, -13.08, 2.52],
					"scale": [1, 1.5, 1]
				}
			}
		},
		"put_away": {
			"animation_length": 0.32,
			"bones": {
				"root": {
					"rotation": {
						"0.0": {
							"post": [0, 0, 0],
							"lerp_mode": "catmullrom"
						},
						"0.12": {
							"post": [4.19646, -9.26734, 21.26489],
							"lerp_mode": "catmullrom"
						},
						"0.24": {
							"post": [9.69345, -29.05378, 31.43118],
							"lerp_mode": "catmullrom"
						},
						"0.32": {
							"post": [4.04875, -38.20952, 51.4205],
							"lerp_mode": "catmullrom"
						}
					},
					"position": {
						"0.0": {
							"post": [0, 0, 0],
							"lerp_mode": "catmullrom"
						},
						"0.12": {
							"post": [-0.97, -1.02, 0.04],
							"lerp_mode": "catmullrom"
						},
						"0.24": {
							"post": [-3.27, -4.28, 0.85],
							"lerp_mode": "catmullrom"
						},
						"0.32": {
							"post": [-5.08, -6.34, 2.92],
							"lerp_mode": "catmullrom"
						}
					}
				},
				"camera": {
					"rotation": {
						"0.0": [0, 0, 0],
						"0.12": {
							"pre": [0.5, 0, -0.53],
							"post": [0.5, 0, -0.53],
							"lerp_mode": "catmullrom"
						},
						"0.32": [0, 0, 0]
					}
				},
				"lefthand": {
					"rotation": {
						"0.0": [103.70198, -16.68321, 164.77774],
						"0.12": {
							"pre": [134.48476, 6.94293, 84.85027],
							"post": [134.48476, 6.94293, 84.85027],
							"lerp_mode": "catmullrom"
						}
					},
					"position": {
						"0.0": [7.75, -14.26, 1.63],
						"0.08": {
							"pre": [11.6875, -14.26, 1.63],
							"post": [11.6875, -14.26, 1.63],
							"lerp_mode": "catmullrom"
						},
						"0.16": {
							"post": [12.75, -15.26, 1.63],
							"lerp_mode": "catmullrom"
						}
					},
					"scale": [1, 1.5, 1]
				},
				"righthand": {
					"rotation": {
						"0.0": [93.94813, 362.17452, -175.99563],
						"0.24": [93.82913, 362.37802, -178.99108]
					},
					"position": {
						"0.0": [-7, -13.08, 2.52],
						"0.24": [-6.78, -13.08, 2.2]
					},
					"scale": [1, 1.5, 1]
				}
			}
		},
		"static_state": {
			"loop": true,
			"animation_length": 0.4167,
			"bones": {
				"lefthand": {
					"rotation": [103.70198, -16.68321, 164.77774],
					"position": [7.75, -14.26, 1.63],
					"scale": [1, 1.5, 1]
				},
				"righthand": {
					"rotation": [93.94813, 362.17452, -175.99563],
					"position": [-7, -13.08, 2.52],
					"scale": [1, 1.5, 1]
				}
			}
		}
	}
}