{
  "materials": [
    {
      "item": {
        "tag": "forge:ingots/gold"
      },
      "count": 6
    },
    {
      "item": {
        "tag": "forge:ingots/iron"
      },
      "count": 20
    },
    {
      "item":{
        "tag":"forge:dyes/white"
      },
      "count":2
    },
     {
      "item":{
        "tag":"forge:dyes/red"
      },
      "count":2
    }
  ],
  "result": {
    "type": "gun",
    "id": "the_continental:cyrex"
  },
  "type": "tacz:gun_smith_table_crafting"
}