{
	"format_version": "1.12.0",
	"minecraft:geometry": [
		{
			"description": {
				"identifier": "geometry.unknown",
				"texture_width": 32,
				"texture_height": 32,
				"visible_bounds_width": 21,
				"visible_bounds_height": 17,
				"visible_bounds_offset": [0, 2.5, 0]
			},
			"bones": [
				{
					"name": "root",
					"pivot": [0, 12, 0]
				},
				{
					"name": "gun_and_rh",
					"parent": "root",
					"pivot": [0, 0, 4],
					"rotation": [45, 0, 0]
				},
				{
					"name": "shg43",
					"parent": "gun_and_rh",
					"pivot": [0, 3, 4]
				},
				{
					"name": "default_gun",
					"parent": "shg43",
					"pivot": [0, 3, 4]
				},
				{
					"name": "body",
					"parent": "default_gun",
					"pivot": [-0.0156, 10.75198, 5.01605],
					"cubes": [
						{
							"origin": [-0.39115, 1.07865, 3.48994],
							"size": [0.76, 1.4, 1.8],
							"uv": {
								"north": {"uv": [0, 20], "uv_size": [0.75, 1.5]},
								"east": {"uv": [14, 8], "uv_size": [1.75, 1.5]},
								"south": {"uv": [20, 0], "uv_size": [0.75, 1.5]},
								"west": {"uv": [14, 10], "uv_size": [1.75, 1.5]},
								"up": {"uv": [18, 16], "uv_size": [0.75, 1.75]},
								"down": {"uv": [18, 19.75], "uv_size": [0.75, -1.75]}
							}
						},
						{
							"origin": [-0.34115, 2.47865, 3.58994],
							"size": [0.66, 2.4, 1.6],
							"uv": {
								"north": {"uv": [3, 17], "uv_size": [0.75, 2.5]},
								"east": {"uv": [6, 11], "uv_size": [1.5, 2.5]},
								"south": {"uv": [17, 7], "uv_size": [0.75, 2.5]},
								"west": {"uv": [8, 11], "uv_size": [1.5, 2.5]},
								"up": {"uv": [20, 6], "uv_size": [0.75, 1.5]},
								"down": {"uv": [7, 21.5], "uv_size": [0.75, -1.5]}
							}
						},
						{
							"origin": [-0.34115, 2.47865, 3.58994],
							"size": [0.66, 2.4, 1.6],
							"pivot": [-0.01115, 3.17865, 4.38994],
							"rotation": [0, 90, 0],
							"uv": {
								"north": {"uv": [9, 17], "uv_size": [0.75, 2.5]},
								"east": {"uv": [0, 12], "uv_size": [1.5, 2.5]},
								"south": {"uv": [17, 10], "uv_size": [0.75, 2.5]},
								"west": {"uv": [2, 12], "uv_size": [1.5, 2.5]},
								"up": {"uv": [8, 20], "uv_size": [0.75, 1.5]},
								"down": {"uv": [20, 9.5], "uv_size": [0.75, -1.5]}
							}
						},
						{
							"origin": [-0.34349, 2.47865, 3.59091],
							"size": [0.66468, 2.4, 1.59806],
							"pivot": [-0.01115, 3.17865, 4.38994],
							"rotation": [0, 45, 0],
							"uv": {
								"north": {"uv": [17, 13], "uv_size": [0.75, 2.5]},
								"east": {"uv": [4, 12], "uv_size": [1.5, 2.5]},
								"south": {"uv": [17, 16], "uv_size": [0.75, 2.5]},
								"west": {"uv": [12, 6], "uv_size": [1.5, 2.5]},
								"up": {"uv": [9, 20], "uv_size": [0.75, 1.5]},
								"down": {"uv": [20, 11.5], "uv_size": [0.75, -1.5]}
							}
						},
						{
							"origin": [-0.34349, 2.47865, 3.59091],
							"size": [0.66468, 2.4, 1.59806],
							"pivot": [-0.01115, 3.17865, 4.38994],
							"rotation": [0, 135, 0],
							"uv": {
								"north": {"uv": [1, 18], "uv_size": [0.75, 2.5]},
								"east": {"uv": [12, 9], "uv_size": [1.5, 2.5]},
								"south": {"uv": [2, 18], "uv_size": [0.75, 2.5]},
								"west": {"uv": [10, 12], "uv_size": [1.5, 2.5]},
								"up": {"uv": [20, 12], "uv_size": [0.75, 1.5]},
								"down": {"uv": [20, 15.5], "uv_size": [0.75, -1.5]}
							}
						},
						{
							"origin": [-0.51115, 8.77865, 3.18994],
							"size": [1, 3.5, 2.4],
							"uv": {
								"north": {"uv": [12, 12], "uv_size": [1, 3.5]},
								"east": {"uv": [0, 0], "uv_size": [2.5, 3.5]},
								"south": {"uv": [13, 0], "uv_size": [1, 3.5]},
								"west": {"uv": [3, 0], "uv_size": [2.5, 3.5]},
								"up": {"uv": [9, 14], "uv_size": [1, 2.5]},
								"down": {"uv": [4, 17.5], "uv_size": [1, -2.5]}
							}
						},
						{
							"origin": [-0.50612, 8.77865, 3.18786],
							"size": [0.98995, 3.5, 2.40416],
							"pivot": [-0.01115, 9.27865, 4.38994],
							"rotation": [0, 45, 0],
							"uv": {
								"north": {"uv": [14, 4], "uv_size": [1, 3.5]},
								"east": {"uv": [6, 0], "uv_size": [2.5, 3.5]},
								"south": {"uv": [6, 14], "uv_size": [1, 3.5]},
								"west": {"uv": [6, 4], "uv_size": [2.5, 3.5]},
								"up": {"uv": [10, 15], "uv_size": [1, 2.5]},
								"down": {"uv": [11, 17.5], "uv_size": [1, -2.5]}
							}
						},
						{
							"origin": [-0.50612, 8.77865, 3.18786],
							"size": [0.98995, 3.5, 2.40416],
							"pivot": [-0.01115, 9.27865, 4.38994],
							"rotation": [0, -45, 0],
							"uv": {
								"north": {"uv": [7, 14], "uv_size": [1, 3.5]},
								"east": {"uv": [0, 8], "uv_size": [2.5, 3.5]},
								"south": {"uv": [8, 14], "uv_size": [1, 3.5]},
								"west": {"uv": [3, 8], "uv_size": [2.5, 3.5]},
								"up": {"uv": [16, 4], "uv_size": [1, 2.5]},
								"down": {"uv": [16, 9.5], "uv_size": [1, -2.5]}
							}
						},
						{
							"origin": [-0.51115, 8.77865, 3.18994],
							"size": [1, 3.5, 2.4],
							"pivot": [-0.01115, 9.27865, 4.38994],
							"rotation": [0, 90, 0],
							"uv": {
								"north": {"uv": [13, 12], "uv_size": [1, 3.5]},
								"east": {"uv": [0, 4], "uv_size": [2.5, 3.5]},
								"south": {"uv": [14, 0], "uv_size": [1, 3.5]},
								"west": {"uv": [3, 4], "uv_size": [2.5, 3.5]},
								"up": {"uv": [15, 4], "uv_size": [1, 2.5]},
								"down": {"uv": [5, 17.5], "uv_size": [1, -2.5]}
							}
						},
						{
							"origin": [-0.34115, 7.77865, 3.58994],
							"size": [0.66, 1, 1.6],
							"uv": {
								"north": {"uv": [12, 21], "uv_size": [0.75, 1]},
								"east": {"uv": [18, 14], "uv_size": [1.5, 1]},
								"south": {"uv": [21, 12], "uv_size": [0.75, 1]},
								"west": {"uv": [18, 15], "uv_size": [1.5, 1]},
								"up": {"uv": [1, 21], "uv_size": [0.75, 1.5]},
								"down": {"uv": [2, 22.5], "uv_size": [0.75, -1.5]}
							}
						},
						{
							"origin": [-0.34115, 7.77865, 3.58994],
							"size": [0.66, 1, 1.6],
							"pivot": [-0.01115, 8.47865, 4.38994],
							"rotation": [0, 90, 0],
							"uv": {
								"north": {"uv": [11, 21], "uv_size": [0.75, 1]},
								"east": {"uv": [18, 12], "uv_size": [1.5, 1]},
								"south": {"uv": [21, 11], "uv_size": [0.75, 1]},
								"west": {"uv": [18, 13], "uv_size": [1.5, 1]},
								"up": {"uv": [20, 20], "uv_size": [0.75, 1.5]},
								"down": {"uv": [21, 1.5], "uv_size": [0.75, -1.5]}
							}
						},
						{
							"origin": [-0.34349, 7.77865, 3.59091],
							"size": [0.66468, 1, 1.59806],
							"pivot": [-0.01115, 8.47865, 4.38994],
							"rotation": [0, 45, 0],
							"uv": {
								"north": {"uv": [10, 21], "uv_size": [0.75, 1]},
								"east": {"uv": [18, 10], "uv_size": [1.5, 1]},
								"south": {"uv": [21, 10], "uv_size": [0.75, 1]},
								"west": {"uv": [18, 11], "uv_size": [1.5, 1]},
								"up": {"uv": [20, 18], "uv_size": [0.75, 1.5]},
								"down": {"uv": [19, 21.5], "uv_size": [0.75, -1.5]}
							}
						},
						{
							"origin": [-0.34349, 7.77865, 3.59091],
							"size": [0.66468, 1, 1.59806],
							"pivot": [-0.01115, 8.47865, 4.38994],
							"rotation": [0, 135, 0],
							"uv": {
								"north": {"uv": [21, 8], "uv_size": [0.75, 1]},
								"east": {"uv": [18, 9], "uv_size": [1.5, 1]},
								"south": {"uv": [21, 9], "uv_size": [0.75, 1]},
								"west": {"uv": [10, 18], "uv_size": [1.5, 1]},
								"up": {"uv": [20, 16], "uv_size": [0.75, 1.5]},
								"down": {"uv": [18, 21.5], "uv_size": [0.75, -1.5]}
							}
						},
						{
							"origin": [-2.91115, 8.77865, 3.18994],
							"size": [1, 3.5, 2.4],
							"uv": {
								"north": {"uv": [12, 12], "uv_size": [1, 3.5]},
								"east": {"uv": [0, 0], "uv_size": [2.5, 3.5]},
								"south": {"uv": [13, 0], "uv_size": [1, 3.5]},
								"west": {"uv": [3, 0], "uv_size": [2.5, 3.5]},
								"up": {"uv": [9, 14], "uv_size": [1, 2.5]},
								"down": {"uv": [4, 17.5], "uv_size": [1, -2.5]}
							}
						},
						{
							"origin": [-2.90612, 8.77865, 3.18786],
							"size": [0.98995, 3.5, 2.40416],
							"pivot": [-2.41115, 9.27865, 4.38994],
							"rotation": [0, 45, 0],
							"uv": {
								"north": {"uv": [14, 4], "uv_size": [1, 3.5]},
								"east": {"uv": [6, 0], "uv_size": [2.5, 3.5]},
								"south": {"uv": [6, 14], "uv_size": [1, 3.5]},
								"west": {"uv": [6, 4], "uv_size": [2.5, 3.5]},
								"up": {"uv": [10, 15], "uv_size": [1, 2.5]},
								"down": {"uv": [11, 17.5], "uv_size": [1, -2.5]}
							}
						},
						{
							"origin": [-2.90612, 8.77865, 3.18786],
							"size": [0.98995, 3.5, 2.40416],
							"pivot": [-2.41115, 9.27865, 4.38994],
							"rotation": [0, -45, 0],
							"uv": {
								"north": {"uv": [7, 14], "uv_size": [1, 3.5]},
								"east": {"uv": [0, 8], "uv_size": [2.5, 3.5]},
								"south": {"uv": [8, 14], "uv_size": [1, 3.5]},
								"west": {"uv": [3, 8], "uv_size": [2.5, 3.5]},
								"up": {"uv": [16, 4], "uv_size": [1, 2.5]},
								"down": {"uv": [16, 9.5], "uv_size": [1, -2.5]}
							}
						},
						{
							"origin": [-2.91115, 8.77865, 3.18994],
							"size": [1, 3.5, 2.4],
							"pivot": [-2.41115, 9.27865, 4.38994],
							"rotation": [0, 90, 0],
							"uv": {
								"north": {"uv": [13, 12], "uv_size": [1, 3.5]},
								"east": {"uv": [0, 4], "uv_size": [2.5, 3.5]},
								"south": {"uv": [14, 0], "uv_size": [1, 3.5]},
								"west": {"uv": [3, 4], "uv_size": [2.5, 3.5]},
								"up": {"uv": [15, 4], "uv_size": [1, 2.5]},
								"down": {"uv": [5, 17.5], "uv_size": [1, -2.5]}
							}
						},
						{
							"origin": [-2.74115, 7.77865, 3.58994],
							"size": [0.66, 1, 1.6],
							"uv": {
								"north": {"uv": [12, 21], "uv_size": [0.75, 1]},
								"east": {"uv": [18, 14], "uv_size": [1.5, 1]},
								"south": {"uv": [21, 12], "uv_size": [0.75, 1]},
								"west": {"uv": [18, 15], "uv_size": [1.5, 1]},
								"up": {"uv": [1, 21], "uv_size": [0.75, 1.5]},
								"down": {"uv": [2, 22.5], "uv_size": [0.75, -1.5]}
							}
						},
						{
							"origin": [-2.74115, 7.77865, 3.58994],
							"size": [0.66, 1, 1.6],
							"pivot": [-2.41115, 8.47865, 4.38994],
							"rotation": [0, 90, 0],
							"uv": {
								"north": {"uv": [11, 21], "uv_size": [0.75, 1]},
								"east": {"uv": [18, 12], "uv_size": [1.5, 1]},
								"south": {"uv": [21, 11], "uv_size": [0.75, 1]},
								"west": {"uv": [18, 13], "uv_size": [1.5, 1]},
								"up": {"uv": [20, 20], "uv_size": [0.75, 1.5]},
								"down": {"uv": [21, 1.5], "uv_size": [0.75, -1.5]}
							}
						},
						{
							"origin": [-2.74349, 7.77865, 3.59091],
							"size": [0.66468, 1, 1.59806],
							"pivot": [-2.41115, 8.47865, 4.38994],
							"rotation": [0, 45, 0],
							"uv": {
								"north": {"uv": [10, 21], "uv_size": [0.75, 1]},
								"east": {"uv": [18, 10], "uv_size": [1.5, 1]},
								"south": {"uv": [21, 10], "uv_size": [0.75, 1]},
								"west": {"uv": [18, 11], "uv_size": [1.5, 1]},
								"up": {"uv": [20, 18], "uv_size": [0.75, 1.5]},
								"down": {"uv": [19, 21.5], "uv_size": [0.75, -1.5]}
							}
						},
						{
							"origin": [-2.74349, 7.77865, 3.59091],
							"size": [0.66468, 1, 1.59806],
							"pivot": [-2.41115, 8.47865, 4.38994],
							"rotation": [0, 135, 0],
							"uv": {
								"north": {"uv": [21, 8], "uv_size": [0.75, 1]},
								"east": {"uv": [18, 9], "uv_size": [1.5, 1]},
								"south": {"uv": [21, 9], "uv_size": [0.75, 1]},
								"west": {"uv": [10, 18], "uv_size": [1.5, 1]},
								"up": {"uv": [20, 16], "uv_size": [0.75, 1.5]},
								"down": {"uv": [18, 21.5], "uv_size": [0.75, -1.5]}
							}
						},
						{
							"origin": [1.88885, 8.77865, 3.18994],
							"size": [1, 3.5, 2.4],
							"uv": {
								"north": {"uv": [12, 12], "uv_size": [1, 3.5]},
								"east": {"uv": [0, 0], "uv_size": [2.5, 3.5]},
								"south": {"uv": [13, 0], "uv_size": [1, 3.5]},
								"west": {"uv": [3, 0], "uv_size": [2.5, 3.5]},
								"up": {"uv": [9, 14], "uv_size": [1, 2.5]},
								"down": {"uv": [4, 17.5], "uv_size": [1, -2.5]}
							}
						},
						{
							"origin": [1.89388, 8.77865, 3.18786],
							"size": [0.98995, 3.5, 2.40416],
							"pivot": [2.38885, 9.27865, 4.38994],
							"rotation": [0, 45, 0],
							"uv": {
								"north": {"uv": [14, 4], "uv_size": [1, 3.5]},
								"east": {"uv": [6, 0], "uv_size": [2.5, 3.5]},
								"south": {"uv": [6, 14], "uv_size": [1, 3.5]},
								"west": {"uv": [6, 4], "uv_size": [2.5, 3.5]},
								"up": {"uv": [10, 15], "uv_size": [1, 2.5]},
								"down": {"uv": [11, 17.5], "uv_size": [1, -2.5]}
							}
						},
						{
							"origin": [1.89388, 8.77865, 3.18786],
							"size": [0.98995, 3.5, 2.40416],
							"pivot": [2.38885, 9.27865, 4.38994],
							"rotation": [0, -45, 0],
							"uv": {
								"north": {"uv": [7, 14], "uv_size": [1, 3.5]},
								"east": {"uv": [0, 8], "uv_size": [2.5, 3.5]},
								"south": {"uv": [8, 14], "uv_size": [1, 3.5]},
								"west": {"uv": [3, 8], "uv_size": [2.5, 3.5]},
								"up": {"uv": [16, 4], "uv_size": [1, 2.5]},
								"down": {"uv": [16, 9.5], "uv_size": [1, -2.5]}
							}
						},
						{
							"origin": [1.88885, 8.77865, 3.18994],
							"size": [1, 3.5, 2.4],
							"pivot": [2.38885, 9.27865, 4.38994],
							"rotation": [0, 90, 0],
							"uv": {
								"north": {"uv": [13, 12], "uv_size": [1, 3.5]},
								"east": {"uv": [0, 4], "uv_size": [2.5, 3.5]},
								"south": {"uv": [14, 0], "uv_size": [1, 3.5]},
								"west": {"uv": [3, 4], "uv_size": [2.5, 3.5]},
								"up": {"uv": [15, 4], "uv_size": [1, 2.5]},
								"down": {"uv": [5, 17.5], "uv_size": [1, -2.5]}
							}
						},
						{
							"origin": [2.05885, 7.77865, 3.58994],
							"size": [0.66, 1, 1.6],
							"uv": {
								"north": {"uv": [12, 21], "uv_size": [0.75, 1]},
								"east": {"uv": [18, 14], "uv_size": [1.5, 1]},
								"south": {"uv": [21, 12], "uv_size": [0.75, 1]},
								"west": {"uv": [18, 15], "uv_size": [1.5, 1]},
								"up": {"uv": [1, 21], "uv_size": [0.75, 1.5]},
								"down": {"uv": [2, 22.5], "uv_size": [0.75, -1.5]}
							}
						},
						{
							"origin": [2.05885, 7.77865, 3.58994],
							"size": [0.66, 1, 1.6],
							"pivot": [2.38885, 8.47865, 4.38994],
							"rotation": [0, 90, 0],
							"uv": {
								"north": {"uv": [11, 21], "uv_size": [0.75, 1]},
								"east": {"uv": [18, 12], "uv_size": [1.5, 1]},
								"south": {"uv": [21, 11], "uv_size": [0.75, 1]},
								"west": {"uv": [18, 13], "uv_size": [1.5, 1]},
								"up": {"uv": [20, 20], "uv_size": [0.75, 1.5]},
								"down": {"uv": [21, 1.5], "uv_size": [0.75, -1.5]}
							}
						},
						{
							"origin": [2.05651, 7.77865, 3.59091],
							"size": [0.66468, 1, 1.59806],
							"pivot": [2.38885, 8.47865, 4.38994],
							"rotation": [0, 45, 0],
							"uv": {
								"north": {"uv": [10, 21], "uv_size": [0.75, 1]},
								"east": {"uv": [18, 10], "uv_size": [1.5, 1]},
								"south": {"uv": [21, 10], "uv_size": [0.75, 1]},
								"west": {"uv": [18, 11], "uv_size": [1.5, 1]},
								"up": {"uv": [20, 18], "uv_size": [0.75, 1.5]},
								"down": {"uv": [19, 21.5], "uv_size": [0.75, -1.5]}
							}
						},
						{
							"origin": [2.05651, 7.77865, 3.59091],
							"size": [0.66468, 1, 1.59806],
							"pivot": [2.38885, 8.47865, 4.38994],
							"rotation": [0, 135, 0],
							"uv": {
								"north": {"uv": [21, 8], "uv_size": [0.75, 1]},
								"east": {"uv": [18, 9], "uv_size": [1.5, 1]},
								"south": {"uv": [21, 9], "uv_size": [0.75, 1]},
								"west": {"uv": [10, 18], "uv_size": [1.5, 1]},
								"up": {"uv": [20, 16], "uv_size": [0.75, 1.5]},
								"down": {"uv": [18, 21.5], "uv_size": [0.75, -1.5]}
							}
						},
						{
							"origin": [1.35357, 7.77865, 1.89385],
							"size": [0.66468, 1, 1.59806],
							"pivot": [-0.01115, 9.40365, 4.38994],
							"rotation": [-180, -15, 180],
							"uv": {
								"north": {"uv": [21, 8], "uv_size": [0.75, 1]},
								"east": {"uv": [18, 9], "uv_size": [1.5, 1]},
								"south": {"uv": [21, 9], "uv_size": [0.75, 1]},
								"west": {"uv": [10, 18], "uv_size": [1.5, 1]},
								"up": {"uv": [20, 16], "uv_size": [0.75, 1.5]},
								"down": {"uv": [18, 21.5], "uv_size": [0.75, -1.5]}
							}
						},
						{
							"origin": [-2.04055, 7.77865, 1.89385],
							"size": [0.66468, 1, 1.59806],
							"pivot": [-0.01115, 9.40365, 4.38994],
							"rotation": [-180, 75, 180],
							"uv": {
								"north": {"uv": [10, 21], "uv_size": [0.75, 1]},
								"east": {"uv": [18, 10], "uv_size": [1.5, 1]},
								"south": {"uv": [21, 10], "uv_size": [0.75, 1]},
								"west": {"uv": [18, 11], "uv_size": [1.5, 1]},
								"up": {"uv": [20, 18], "uv_size": [0.75, 1.5]},
								"down": {"uv": [19, 21.5], "uv_size": [0.75, -1.5]}
							}
						},
						{
							"origin": [-0.34115, 7.77865, 1.18994],
							"size": [0.66, 1, 1.6],
							"pivot": [-0.01115, 9.40365, 4.38994],
							"rotation": [-180, 30, 180],
							"uv": {
								"north": {"uv": [11, 21], "uv_size": [0.75, 1]},
								"east": {"uv": [18, 12], "uv_size": [1.5, 1]},
								"south": {"uv": [21, 11], "uv_size": [0.75, 1]},
								"west": {"uv": [18, 13], "uv_size": [1.5, 1]},
								"up": {"uv": [20, 20], "uv_size": [0.75, 1.5]},
								"down": {"uv": [21, 1.5], "uv_size": [0.75, -1.5]}
							}
						},
						{
							"origin": [-2.74115, 7.77865, 3.58994],
							"size": [0.66, 1, 1.6],
							"pivot": [-0.01115, 9.40365, 4.38994],
							"rotation": [0, 60, 0],
							"uv": {
								"north": {"uv": [12, 21], "uv_size": [0.75, 1]},
								"east": {"uv": [18, 14], "uv_size": [1.5, 1]},
								"south": {"uv": [21, 12], "uv_size": [0.75, 1]},
								"west": {"uv": [18, 15], "uv_size": [1.5, 1]},
								"up": {"uv": [1, 21], "uv_size": [0.75, 1.5]},
								"down": {"uv": [2, 22.5], "uv_size": [0.75, -1.5]}
							}
						},
						{
							"origin": [-0.51115, 8.77865, 0.78994],
							"size": [1, 3.5, 2.4],
							"pivot": [-0.01115, 9.40365, 4.38994],
							"rotation": [-180, 30, 180],
							"uv": {
								"north": {"uv": [13, 12], "uv_size": [1, 3.5]},
								"east": {"uv": [0, 4], "uv_size": [2.5, 3.5]},
								"south": {"uv": [14, 0], "uv_size": [1, 3.5]},
								"west": {"uv": [3, 4], "uv_size": [2.5, 3.5]},
								"up": {"uv": [15, 4], "uv_size": [1, 2.5]},
								"down": {"uv": [5, 17.5], "uv_size": [1, -2.5]}
							}
						},
						{
							"origin": [-2.20318, 8.77865, 4.88492],
							"size": [0.98995, 3.5, 2.40416],
							"pivot": [-0.01115, 9.40365, 4.38994],
							"rotation": [0, 15, 0],
							"uv": {
								"north": {"uv": [7, 14], "uv_size": [1, 3.5]},
								"east": {"uv": [0, 8], "uv_size": [2.5, 3.5]},
								"south": {"uv": [8, 14], "uv_size": [1, 3.5]},
								"west": {"uv": [3, 8], "uv_size": [2.5, 3.5]},
								"up": {"uv": [16, 4], "uv_size": [1, 2.5]},
								"down": {"uv": [16, 9.5], "uv_size": [1, -2.5]}
							}
						},
						{
							"origin": [-2.20318, 8.77865, 1.4908],
							"size": [0.98995, 3.5, 2.40416],
							"pivot": [-0.01115, 9.40365, 4.38994],
							"rotation": [-180, 75, 180],
							"uv": {
								"north": {"uv": [14, 4], "uv_size": [1, 3.5]},
								"east": {"uv": [6, 0], "uv_size": [2.5, 3.5]},
								"south": {"uv": [6, 14], "uv_size": [1, 3.5]},
								"west": {"uv": [6, 4], "uv_size": [2.5, 3.5]},
								"up": {"uv": [10, 15], "uv_size": [1, 2.5]},
								"down": {"uv": [11, 17.5], "uv_size": [1, -2.5]}
							}
						},
						{
							"origin": [-2.91115, 8.77865, 3.18994],
							"size": [1, 3.5, 2.4],
							"pivot": [-0.01115, 9.40365, 4.38994],
							"rotation": [0, 60, 0],
							"uv": {
								"north": {"uv": [12, 12], "uv_size": [1, 3.5]},
								"east": {"uv": [0, 0], "uv_size": [2.5, 3.5]},
								"south": {"uv": [13, 0], "uv_size": [1, 3.5]},
								"west": {"uv": [3, 0], "uv_size": [2.5, 3.5]},
								"up": {"uv": [9, 14], "uv_size": [1, 2.5]},
								"down": {"uv": [4, 17.5], "uv_size": [1, -2.5]}
							}
						},
						{
							"origin": [-2.04054, 7.77865, 5.28797],
							"size": [0.66468, 1, 1.59806],
							"pivot": [-0.01115, 9.40365, 4.38994],
							"rotation": [-180, -15, 180],
							"uv": {
								"north": {"uv": [21, 8], "uv_size": [0.75, 1]},
								"east": {"uv": [18, 9], "uv_size": [1.5, 1]},
								"south": {"uv": [21, 9], "uv_size": [0.75, 1]},
								"west": {"uv": [10, 18], "uv_size": [1.5, 1]},
								"up": {"uv": [20, 16], "uv_size": [0.75, 1.5]},
								"down": {"uv": [18, 21.5], "uv_size": [0.75, -1.5]}
							}
						},
						{
							"origin": [1.35357, 7.77865, 5.28797],
							"size": [0.66468, 1, 1.59806],
							"pivot": [-0.01115, 9.40365, 4.38994],
							"rotation": [-180, 75, 180],
							"uv": {
								"north": {"uv": [10, 21], "uv_size": [0.75, 1]},
								"east": {"uv": [18, 10], "uv_size": [1.5, 1]},
								"south": {"uv": [21, 10], "uv_size": [0.75, 1]},
								"west": {"uv": [18, 11], "uv_size": [1.5, 1]},
								"up": {"uv": [20, 18], "uv_size": [0.75, 1.5]},
								"down": {"uv": [19, 21.5], "uv_size": [0.75, -1.5]}
							}
						},
						{
							"origin": [-0.34115, 7.77865, 5.98994],
							"size": [0.66, 1, 1.6],
							"pivot": [-0.01115, 9.40365, 4.38994],
							"rotation": [-180, 30, 180],
							"uv": {
								"north": {"uv": [11, 21], "uv_size": [0.75, 1]},
								"east": {"uv": [18, 12], "uv_size": [1.5, 1]},
								"south": {"uv": [21, 11], "uv_size": [0.75, 1]},
								"west": {"uv": [18, 13], "uv_size": [1.5, 1]},
								"up": {"uv": [20, 20], "uv_size": [0.75, 1.5]},
								"down": {"uv": [21, 1.5], "uv_size": [0.75, -1.5]}
							}
						},
						{
							"origin": [2.05885, 7.77865, 3.58994],
							"size": [0.66, 1, 1.6],
							"pivot": [-0.01115, 9.40365, 4.38994],
							"rotation": [0, 60, 0],
							"uv": {
								"north": {"uv": [12, 21], "uv_size": [0.75, 1]},
								"east": {"uv": [18, 14], "uv_size": [1.5, 1]},
								"south": {"uv": [21, 12], "uv_size": [0.75, 1]},
								"west": {"uv": [18, 15], "uv_size": [1.5, 1]},
								"up": {"uv": [1, 21], "uv_size": [0.75, 1.5]},
								"down": {"uv": [2, 22.5], "uv_size": [0.75, -1.5]}
							}
						},
						{
							"origin": [-0.51115, 8.77865, 5.58994],
							"size": [1, 3.5, 2.4],
							"pivot": [-0.01115, 9.40365, 4.38994],
							"rotation": [-180, 30, 180],
							"uv": {
								"north": {"uv": [13, 12], "uv_size": [1, 3.5]},
								"east": {"uv": [0, 4], "uv_size": [2.5, 3.5]},
								"south": {"uv": [14, 0], "uv_size": [1, 3.5]},
								"west": {"uv": [3, 4], "uv_size": [2.5, 3.5]},
								"up": {"uv": [15, 4], "uv_size": [1, 2.5]},
								"down": {"uv": [5, 17.5], "uv_size": [1, -2.5]}
							}
						},
						{
							"origin": [1.19094, 8.77865, 1.4908],
							"size": [0.98995, 3.5, 2.40416],
							"pivot": [-0.01115, 9.40365, 4.38994],
							"rotation": [0, 15, 0],
							"uv": {
								"north": {"uv": [7, 14], "uv_size": [1, 3.5]},
								"east": {"uv": [0, 8], "uv_size": [2.5, 3.5]},
								"south": {"uv": [8, 14], "uv_size": [1, 3.5]},
								"west": {"uv": [3, 8], "uv_size": [2.5, 3.5]},
								"up": {"uv": [16, 4], "uv_size": [1, 2.5]},
								"down": {"uv": [16, 9.5], "uv_size": [1, -2.5]}
							}
						},
						{
							"origin": [1.19094, 8.77865, 4.88492],
							"size": [0.98995, 3.5, 2.40416],
							"pivot": [-0.01115, 9.40365, 4.38994],
							"rotation": [-180, 75, 180],
							"uv": {
								"north": {"uv": [14, 4], "uv_size": [1, 3.5]},
								"east": {"uv": [6, 0], "uv_size": [2.5, 3.5]},
								"south": {"uv": [6, 14], "uv_size": [1, 3.5]},
								"west": {"uv": [6, 4], "uv_size": [2.5, 3.5]},
								"up": {"uv": [10, 15], "uv_size": [1, 2.5]},
								"down": {"uv": [11, 17.5], "uv_size": [1, -2.5]}
							}
						},
						{
							"origin": [1.88885, 8.77865, 3.18994],
							"size": [1, 3.5, 2.4],
							"pivot": [-0.01115, 9.40365, 4.38994],
							"rotation": [0, 60, 0],
							"uv": {
								"north": {"uv": [12, 12], "uv_size": [1, 3.5]},
								"east": {"uv": [0, 0], "uv_size": [2.5, 3.5]},
								"south": {"uv": [13, 0], "uv_size": [1, 3.5]},
								"west": {"uv": [3, 0], "uv_size": [2.5, 3.5]},
								"up": {"uv": [9, 14], "uv_size": [1, 2.5]},
								"down": {"uv": [4, 17.5], "uv_size": [1, -2.5]}
							}
						},
						{
							"origin": [1.35357, 7.77865, 1.89385],
							"size": [0.66468, 1, 1.59806],
							"pivot": [-0.01115, 9.40365, 4.38994],
							"rotation": [-180, -75, 180],
							"uv": {
								"north": {"uv": [21, 8], "uv_size": [0.75, 1]},
								"east": {"uv": [18, 9], "uv_size": [1.5, 1]},
								"south": {"uv": [21, 9], "uv_size": [0.75, 1]},
								"west": {"uv": [10, 18], "uv_size": [1.5, 1]},
								"up": {"uv": [20, 16], "uv_size": [0.75, 1.5]},
								"down": {"uv": [18, 21.5], "uv_size": [0.75, -1.5]}
							}
						},
						{
							"origin": [-2.04055, 7.77865, 1.89385],
							"size": [0.66468, 1, 1.59806],
							"pivot": [-0.01115, 9.40365, 4.38994],
							"rotation": [-180, 15, 180],
							"uv": {
								"north": {"uv": [10, 21], "uv_size": [0.75, 1]},
								"east": {"uv": [18, 10], "uv_size": [1.5, 1]},
								"south": {"uv": [21, 10], "uv_size": [0.75, 1]},
								"west": {"uv": [18, 11], "uv_size": [1.5, 1]},
								"up": {"uv": [20, 18], "uv_size": [0.75, 1.5]},
								"down": {"uv": [19, 21.5], "uv_size": [0.75, -1.5]}
							}
						},
						{
							"origin": [-0.34115, 7.77865, 1.18994],
							"size": [0.66, 1, 1.6],
							"pivot": [-0.01115, 9.40365, 4.38994],
							"rotation": [-180, -30, 180],
							"uv": {
								"north": {"uv": [11, 21], "uv_size": [0.75, 1]},
								"east": {"uv": [18, 12], "uv_size": [1.5, 1]},
								"south": {"uv": [21, 11], "uv_size": [0.75, 1]},
								"west": {"uv": [18, 13], "uv_size": [1.5, 1]},
								"up": {"uv": [20, 20], "uv_size": [0.75, 1.5]},
								"down": {"uv": [21, 1.5], "uv_size": [0.75, -1.5]}
							}
						},
						{
							"origin": [-2.74115, 7.77865, 3.58994],
							"size": [0.66, 1, 1.6],
							"pivot": [-0.01115, 9.40365, 4.38994],
							"rotation": [-180, 60, 180],
							"uv": {
								"north": {"uv": [12, 21], "uv_size": [0.75, 1]},
								"east": {"uv": [18, 14], "uv_size": [1.5, 1]},
								"south": {"uv": [21, 12], "uv_size": [0.75, 1]},
								"west": {"uv": [18, 15], "uv_size": [1.5, 1]},
								"up": {"uv": [1, 21], "uv_size": [0.75, 1.5]},
								"down": {"uv": [2, 22.5], "uv_size": [0.75, -1.5]}
							}
						},
						{
							"origin": [-0.51115, 8.77865, 0.78994],
							"size": [1, 3.5, 2.4],
							"pivot": [-0.01115, 9.40365, 4.38994],
							"rotation": [-180, -30, 180],
							"uv": {
								"north": {"uv": [13, 12], "uv_size": [1, 3.5]},
								"east": {"uv": [0, 4], "uv_size": [2.5, 3.5]},
								"south": {"uv": [14, 0], "uv_size": [1, 3.5]},
								"west": {"uv": [3, 4], "uv_size": [2.5, 3.5]},
								"up": {"uv": [15, 4], "uv_size": [1, 2.5]},
								"down": {"uv": [5, 17.5], "uv_size": [1, -2.5]}
							}
						},
						{
							"origin": [-2.20318, 8.77865, 4.88492],
							"size": [0.98995, 3.5, 2.40416],
							"pivot": [-0.01115, 9.40365, 4.38994],
							"rotation": [0, 75, 0],
							"uv": {
								"north": {"uv": [7, 14], "uv_size": [1, 3.5]},
								"east": {"uv": [0, 8], "uv_size": [2.5, 3.5]},
								"south": {"uv": [8, 14], "uv_size": [1, 3.5]},
								"west": {"uv": [3, 8], "uv_size": [2.5, 3.5]},
								"up": {"uv": [16, 4], "uv_size": [1, 2.5]},
								"down": {"uv": [16, 9.5], "uv_size": [1, -2.5]}
							}
						},
						{
							"origin": [-2.20318, 8.77865, 1.4908],
							"size": [0.98995, 3.5, 2.40416],
							"pivot": [-0.01115, 9.40365, 4.38994],
							"rotation": [-180, 15, 180],
							"uv": {
								"north": {"uv": [14, 4], "uv_size": [1, 3.5]},
								"east": {"uv": [6, 0], "uv_size": [2.5, 3.5]},
								"south": {"uv": [6, 14], "uv_size": [1, 3.5]},
								"west": {"uv": [6, 4], "uv_size": [2.5, 3.5]},
								"up": {"uv": [10, 15], "uv_size": [1, 2.5]},
								"down": {"uv": [11, 17.5], "uv_size": [1, -2.5]}
							}
						},
						{
							"origin": [-2.91115, 8.77865, 3.18994],
							"size": [1, 3.5, 2.4],
							"pivot": [-0.01115, 9.40365, 4.38994],
							"rotation": [-180, 60, 180],
							"uv": {
								"north": {"uv": [12, 12], "uv_size": [1, 3.5]},
								"east": {"uv": [0, 0], "uv_size": [2.5, 3.5]},
								"south": {"uv": [13, 0], "uv_size": [1, 3.5]},
								"west": {"uv": [3, 0], "uv_size": [2.5, 3.5]},
								"up": {"uv": [9, 14], "uv_size": [1, 2.5]},
								"down": {"uv": [4, 17.5], "uv_size": [1, -2.5]}
							}
						},
						{
							"origin": [-2.04054, 7.77865, 5.28797],
							"size": [0.66468, 1, 1.59806],
							"pivot": [-0.01115, 9.40365, 4.38994],
							"rotation": [-180, -75, 180],
							"uv": {
								"north": {"uv": [21, 8], "uv_size": [0.75, 1]},
								"east": {"uv": [18, 9], "uv_size": [1.5, 1]},
								"south": {"uv": [21, 9], "uv_size": [0.75, 1]},
								"west": {"uv": [10, 18], "uv_size": [1.5, 1]},
								"up": {"uv": [20, 16], "uv_size": [0.75, 1.5]},
								"down": {"uv": [18, 21.5], "uv_size": [0.75, -1.5]}
							}
						},
						{
							"origin": [1.35357, 7.77865, 5.28797],
							"size": [0.66468, 1, 1.59806],
							"pivot": [-0.01115, 9.40365, 4.38994],
							"rotation": [-180, 15, 180],
							"uv": {
								"north": {"uv": [10, 21], "uv_size": [0.75, 1]},
								"east": {"uv": [18, 10], "uv_size": [1.5, 1]},
								"south": {"uv": [21, 10], "uv_size": [0.75, 1]},
								"west": {"uv": [18, 11], "uv_size": [1.5, 1]},
								"up": {"uv": [20, 18], "uv_size": [0.75, 1.5]},
								"down": {"uv": [19, 21.5], "uv_size": [0.75, -1.5]}
							}
						},
						{
							"origin": [-0.34115, 7.77865, 5.98994],
							"size": [0.66, 1, 1.6],
							"pivot": [-0.01115, 9.40365, 4.38994],
							"rotation": [-180, -30, 180],
							"uv": {
								"north": {"uv": [11, 21], "uv_size": [0.75, 1]},
								"east": {"uv": [18, 12], "uv_size": [1.5, 1]},
								"south": {"uv": [21, 11], "uv_size": [0.75, 1]},
								"west": {"uv": [18, 13], "uv_size": [1.5, 1]},
								"up": {"uv": [20, 20], "uv_size": [0.75, 1.5]},
								"down": {"uv": [21, 1.5], "uv_size": [0.75, -1.5]}
							}
						},
						{
							"origin": [2.05885, 7.77865, 3.58994],
							"size": [0.66, 1, 1.6],
							"pivot": [-0.01115, 9.40365, 4.38994],
							"rotation": [-180, 60, 180],
							"uv": {
								"north": {"uv": [12, 21], "uv_size": [0.75, 1]},
								"east": {"uv": [18, 14], "uv_size": [1.5, 1]},
								"south": {"uv": [21, 12], "uv_size": [0.75, 1]},
								"west": {"uv": [18, 15], "uv_size": [1.5, 1]},
								"up": {"uv": [1, 21], "uv_size": [0.75, 1.5]},
								"down": {"uv": [2, 22.5], "uv_size": [0.75, -1.5]}
							}
						},
						{
							"origin": [-0.51115, 8.77865, 5.58994],
							"size": [1, 3.5, 2.4],
							"pivot": [-0.01115, 9.40365, 4.38994],
							"rotation": [-180, -30, 180],
							"uv": {
								"north": {"uv": [13, 12], "uv_size": [1, 3.5]},
								"east": {"uv": [0, 4], "uv_size": [2.5, 3.5]},
								"south": {"uv": [14, 0], "uv_size": [1, 3.5]},
								"west": {"uv": [3, 4], "uv_size": [2.5, 3.5]},
								"up": {"uv": [15, 4], "uv_size": [1, 2.5]},
								"down": {"uv": [5, 17.5], "uv_size": [1, -2.5]}
							}
						},
						{
							"origin": [1.19094, 8.77865, 1.4908],
							"size": [0.98995, 3.5, 2.40416],
							"pivot": [-0.01115, 9.40365, 4.38994],
							"rotation": [0, 75, 0],
							"uv": {
								"north": {"uv": [7, 14], "uv_size": [1, 3.5]},
								"east": {"uv": [0, 8], "uv_size": [2.5, 3.5]},
								"south": {"uv": [8, 14], "uv_size": [1, 3.5]},
								"west": {"uv": [3, 8], "uv_size": [2.5, 3.5]},
								"up": {"uv": [16, 4], "uv_size": [1, 2.5]},
								"down": {"uv": [16, 9.5], "uv_size": [1, -2.5]}
							}
						},
						{
							"origin": [1.19094, 8.77865, 4.88492],
							"size": [0.98995, 3.5, 2.40416],
							"pivot": [-0.01115, 9.40365, 4.38994],
							"rotation": [-180, 15, 180],
							"uv": {
								"north": {"uv": [14, 4], "uv_size": [1, 3.5]},
								"east": {"uv": [6, 0], "uv_size": [2.5, 3.5]},
								"south": {"uv": [6, 14], "uv_size": [1, 3.5]},
								"west": {"uv": [6, 4], "uv_size": [2.5, 3.5]},
								"up": {"uv": [10, 15], "uv_size": [1, 2.5]},
								"down": {"uv": [11, 17.5], "uv_size": [1, -2.5]}
							}
						},
						{
							"origin": [1.88885, 8.77865, 3.18994],
							"size": [1, 3.5, 2.4],
							"pivot": [-0.01115, 9.40365, 4.38994],
							"rotation": [-180, 60, 180],
							"uv": {
								"north": {"uv": [12, 12], "uv_size": [1, 3.5]},
								"east": {"uv": [0, 0], "uv_size": [2.5, 3.5]},
								"south": {"uv": [13, 0], "uv_size": [1, 3.5]},
								"west": {"uv": [3, 0], "uv_size": [2.5, 3.5]},
								"up": {"uv": [9, 14], "uv_size": [1, 2.5]},
								"down": {"uv": [4, 17.5], "uv_size": [1, -2.5]}
							}
						},
						{
							"origin": [-0.39115, 1.07865, 3.48994],
							"size": [0.76, 1.4, 1.8],
							"pivot": [-0.01115, 1.27865, 4.38994],
							"rotation": [0, 90, 0],
							"uv": {
								"north": {"uv": [20, 2], "uv_size": [0.75, 1.5]},
								"east": {"uv": [14, 12], "uv_size": [1.75, 1.5]},
								"south": {"uv": [3, 20], "uv_size": [0.75, 1.5]},
								"west": {"uv": [14, 14], "uv_size": [1.75, 1.5]},
								"up": {"uv": [19, 0], "uv_size": [0.75, 1.75]},
								"down": {"uv": [19, 3.75], "uv_size": [0.75, -1.75]}
							}
						},
						{
							"origin": [-0.37885, 1.07865, 3.48484],
							"size": [0.73539, 1.4, 1.81019],
							"pivot": [-0.01115, 1.27865, 4.38994],
							"rotation": [0, 45, 0],
							"uv": {
								"north": {"uv": [4, 20], "uv_size": [0.75, 1.5]},
								"east": {"uv": [0, 15], "uv_size": [1.75, 1.5]},
								"south": {"uv": [20, 4], "uv_size": [0.75, 1.5]},
								"west": {"uv": [15, 0], "uv_size": [1.75, 1.5]},
								"up": {"uv": [19, 4], "uv_size": [0.75, 1.75]},
								"down": {"uv": [19, 7.75], "uv_size": [0.75, -1.75]}
							}
						},
						{
							"origin": [-0.37885, 1.07865, 3.48484],
							"size": [0.73539, 1.4, 1.81019],
							"pivot": [-0.01115, 1.27865, 4.38994],
							"rotation": [0, 135, 0],
							"uv": {
								"north": {"uv": [5, 20], "uv_size": [0.75, 1.5]},
								"east": {"uv": [2, 15], "uv_size": [1.75, 1.5]},
								"south": {"uv": [6, 20], "uv_size": [0.75, 1.5]},
								"west": {"uv": [15, 2], "uv_size": [1.75, 1.5]},
								"up": {"uv": [10, 19], "uv_size": [0.75, 1.75]},
								"down": {"uv": [11, 20.75], "uv_size": [0.75, -1.75]}
							}
						},
						{
							"origin": [-0.39115, 4.87865, 3.48994],
							"size": [0.76, 2.9, 1.8],
							"uv": {
								"north": {"uv": [16, 16], "uv_size": [0.75, 3]},
								"east": {"uv": [11, 0], "uv_size": [1.75, 3]},
								"south": {"uv": [0, 17], "uv_size": [0.75, 3]},
								"west": {"uv": [11, 3], "uv_size": [1.75, 3]},
								"up": {"uv": [17, 19], "uv_size": [0.75, 1.75]},
								"down": {"uv": [19, 19.75], "uv_size": [0.75, -1.75]}
							}
						},
						{
							"origin": [-0.39115, 4.87865, 3.48994],
							"size": [0.76, 2.9, 1.8],
							"pivot": [-0.01115, 5.07865, 4.38994],
							"rotation": [0, 90, 0],
							"uv": {
								"north": {"uv": [14, 16], "uv_size": [0.75, 3]},
								"east": {"uv": [10, 6], "uv_size": [1.75, 3]},
								"south": {"uv": [15, 16], "uv_size": [0.75, 3]},
								"west": {"uv": [10, 9], "uv_size": [1.75, 3]},
								"up": {"uv": [16, 19], "uv_size": [0.75, 1.75]},
								"down": {"uv": [19, 17.75], "uv_size": [0.75, -1.75]}
							}
						},
						{
							"origin": [-0.37885, 4.87865, 3.48484],
							"size": [0.73539, 2.9, 1.81019],
							"pivot": [-0.01115, 5.07865, 4.38994],
							"rotation": [0, 45, 0],
							"uv": {
								"north": {"uv": [13, 16], "uv_size": [0.75, 3]},
								"east": {"uv": [9, 0], "uv_size": [1.75, 3]},
								"south": {"uv": [16, 13], "uv_size": [0.75, 3]},
								"west": {"uv": [9, 3], "uv_size": [1.75, 3]},
								"up": {"uv": [14, 19], "uv_size": [0.75, 1.75]},
								"down": {"uv": [15, 20.75], "uv_size": [0.75, -1.75]}
							}
						},
						{
							"origin": [-0.37885, 4.87865, 3.48484],
							"size": [0.73539, 2.9, 1.81019],
							"pivot": [-0.01115, 5.07865, 4.38994],
							"rotation": [0, 135, 0],
							"uv": {
								"north": {"uv": [16, 10], "uv_size": [0.75, 3]},
								"east": {"uv": [6, 8], "uv_size": [1.75, 3]},
								"south": {"uv": [12, 16], "uv_size": [0.75, 3]},
								"west": {"uv": [8, 8], "uv_size": [1.75, 3]},
								"up": {"uv": [12, 19], "uv_size": [0.75, 1.75]},
								"down": {"uv": [13, 20.75], "uv_size": [0.75, -1.75]}
							}
						},
						{
							"origin": [-1.99115, 9.37865, 0.97742],
							"size": [3.96, 0.3, 0.11252],
							"uv": {
								"north": {"uv": [21, 6], "uv_size": [0.75, 1]},
								"east": {"uv": [17, 5], "uv_size": [2, 1]},
								"south": {"uv": [21, 7], "uv_size": [0.75, 1]},
								"west": {"uv": [17, 6], "uv_size": [2, 1]},
								"up": {"uv": [18, 7], "uv_size": [0.75, 2]},
								"down": {"uv": [8, 20], "uv_size": [0.75, -2]}
							}
						},
						{
							"origin": [-1.99115, 9.37865, 7.68994],
							"size": [3.96, 0.3, 0.11252],
							"uv": {
								"north": {"uv": [21, 6], "uv_size": [0.75, 1]},
								"east": {"uv": [17, 5], "uv_size": [2, 1]},
								"south": {"uv": [21, 7], "uv_size": [0.75, 1]},
								"west": {"uv": [17, 6], "uv_size": [2, 1]},
								"up": {"uv": [18, 7], "uv_size": [0.75, 2]},
								"down": {"uv": [8, 20], "uv_size": [0.75, -2]}
							}
						},
						{
							"origin": [-1.83564, 9.37865, 7.9129],
							"size": [3.34, 0.3, 0.1],
							"pivot": [-0.11564, 9.52865, 4.6129],
							"rotation": [0, 60, 0],
							"uv": {
								"north": {"uv": [21, 6], "uv_size": [0.75, 1]},
								"east": {"uv": [17, 5], "uv_size": [2, 1]},
								"south": {"uv": [21, 7], "uv_size": [0.75, 1]},
								"west": {"uv": [17, 6], "uv_size": [2, 1]},
								"up": {"uv": [18, 7], "uv_size": [0.75, 2]},
								"down": {"uv": [8, 20], "uv_size": [0.75, -2]}
							}
						},
						{
							"origin": [-1.52666, 9.37865, 0.76698],
							"size": [3.34, 0.3, 0.1],
							"pivot": [0.09334, 9.52865, 4.16698],
							"rotation": [0, 60, 0],
							"uv": {
								"north": {"uv": [21, 6], "uv_size": [0.75, 1]},
								"east": {"uv": [17, 5], "uv_size": [2, 1]},
								"south": {"uv": [21, 7], "uv_size": [0.75, 1]},
								"west": {"uv": [17, 6], "uv_size": [2, 1]},
								"up": {"uv": [18, 7], "uv_size": [0.75, 2]},
								"down": {"uv": [8, 20], "uv_size": [0.75, -2]}
							}
						},
						{
							"origin": [-2.27182, 9.37865, 7.1994],
							"size": [3.34, 0.3, 0.1],
							"pivot": [-0.30648, 9.52865, 3.87841],
							"rotation": [0, 120, 0],
							"uv": {
								"north": {"uv": [21, 6], "uv_size": [0.75, 1]},
								"east": {"uv": [17, 5], "uv_size": [2, 1]},
								"south": {"uv": [21, 7], "uv_size": [0.75, 1]},
								"west": {"uv": [17, 6], "uv_size": [2, 1]},
								"up": {"uv": [18, 7], "uv_size": [0.75, 2]},
								"down": {"uv": [8, 20], "uv_size": [0.75, -2]}
							}
						},
						{
							"origin": [-1.09048, 9.37865, 1.48048],
							"size": [3.34, 0.3, 0.1],
							"pivot": [0.28418, 9.52865, 4.90147],
							"rotation": [0, 120, 0],
							"uv": {
								"north": {"uv": [21, 6], "uv_size": [0.75, 1]},
								"east": {"uv": [17, 5], "uv_size": [2, 1]},
								"south": {"uv": [21, 7], "uv_size": [0.75, 1]},
								"west": {"uv": [17, 6], "uv_size": [2, 1]},
								"up": {"uv": [18, 7], "uv_size": [0.75, 2]},
								"down": {"uv": [8, 20], "uv_size": [0.75, -2]}
							}
						},
						{
							"origin": [-0.28115, 9.37865, 7.68994],
							"size": [1.04, 0.3, 0.1],
							"pivot": [0.23885, 9.52865, 4.38994],
							"rotation": [0, 90, 0],
							"uv": {
								"north": {"uv": [21, 6], "uv_size": [0.75, 1]},
								"east": {"uv": [17, 5], "uv_size": [2, 1]},
								"south": {"uv": [21, 7], "uv_size": [0.75, 1]},
								"west": {"uv": [17, 6], "uv_size": [2, 1]},
								"up": {"uv": [18, 7], "uv_size": [0.75, 2]},
								"down": {"uv": [8, 20], "uv_size": [0.75, -2]}
							}
						},
						{
							"origin": [-0.78115, 9.37865, 0.98994],
							"size": [1.04, 0.3, 0.1],
							"pivot": [-0.26115, 9.52865, 4.38994],
							"rotation": [0, 90, 0],
							"uv": {
								"north": {"uv": [21, 6], "uv_size": [0.75, 1]},
								"east": {"uv": [17, 5], "uv_size": [2, 1]},
								"south": {"uv": [21, 7], "uv_size": [0.75, 1]},
								"west": {"uv": [17, 6], "uv_size": [2, 1]},
								"up": {"uv": [18, 7], "uv_size": [0.75, 2]},
								"down": {"uv": [8, 20], "uv_size": [0.75, -2]}
							}
						},
						{
							"origin": [-1.99115, 11.07865, 0.97742],
							"size": [3.96, 0.3, 0.11252],
							"uv": {
								"north": {"uv": [21, 6], "uv_size": [0.75, 1]},
								"east": {"uv": [17, 5], "uv_size": [2, 1]},
								"south": {"uv": [21, 7], "uv_size": [0.75, 1]},
								"west": {"uv": [17, 6], "uv_size": [2, 1]},
								"up": {"uv": [18, 7], "uv_size": [0.75, 2]},
								"down": {"uv": [8, 20], "uv_size": [0.75, -2]}
							}
						},
						{
							"origin": [-2.27182, 11.07865, 7.1994],
							"size": [3.34, 0.3, 0.1],
							"pivot": [-0.30648, 11.22865, 3.87841],
							"rotation": [0, 120, 0],
							"uv": {
								"north": {"uv": [21, 6], "uv_size": [0.75, 1]},
								"east": {"uv": [17, 5], "uv_size": [2, 1]},
								"south": {"uv": [21, 7], "uv_size": [0.75, 1]},
								"west": {"uv": [17, 6], "uv_size": [2, 1]},
								"up": {"uv": [18, 7], "uv_size": [0.75, 2]},
								"down": {"uv": [8, 20], "uv_size": [0.75, -2]}
							}
						},
						{
							"origin": [-0.28115, 11.07865, 7.68994],
							"size": [1.04, 0.3, 0.1],
							"pivot": [0.23885, 11.22865, 4.38994],
							"rotation": [0, 90, 0],
							"uv": {
								"north": {"uv": [21, 6], "uv_size": [0.75, 1]},
								"east": {"uv": [17, 5], "uv_size": [2, 1]},
								"south": {"uv": [21, 7], "uv_size": [0.75, 1]},
								"west": {"uv": [17, 6], "uv_size": [2, 1]},
								"up": {"uv": [18, 7], "uv_size": [0.75, 2]},
								"down": {"uv": [8, 20], "uv_size": [0.75, -2]}
							}
						},
						{
							"origin": [-1.83564, 11.07865, 7.9129],
							"size": [3.34, 0.3, 0.1],
							"pivot": [-0.11564, 11.22865, 4.6129],
							"rotation": [0, 60, 0],
							"uv": {
								"north": {"uv": [21, 6], "uv_size": [0.75, 1]},
								"east": {"uv": [17, 5], "uv_size": [2, 1]},
								"south": {"uv": [21, 7], "uv_size": [0.75, 1]},
								"west": {"uv": [17, 6], "uv_size": [2, 1]},
								"up": {"uv": [18, 7], "uv_size": [0.75, 2]},
								"down": {"uv": [8, 20], "uv_size": [0.75, -2]}
							}
						},
						{
							"origin": [-1.99115, 11.07865, 7.68994],
							"size": [3.96, 0.3, 0.11252],
							"uv": {
								"north": {"uv": [21, 6], "uv_size": [0.75, 1]},
								"east": {"uv": [17, 5], "uv_size": [2, 1]},
								"south": {"uv": [21, 7], "uv_size": [0.75, 1]},
								"west": {"uv": [17, 6], "uv_size": [2, 1]},
								"up": {"uv": [18, 7], "uv_size": [0.75, 2]},
								"down": {"uv": [8, 20], "uv_size": [0.75, -2]}
							}
						},
						{
							"origin": [-1.09048, 11.07865, 1.48048],
							"size": [3.34, 0.3, 0.1],
							"pivot": [0.28418, 11.22865, 4.90147],
							"rotation": [0, 120, 0],
							"uv": {
								"north": {"uv": [21, 6], "uv_size": [0.75, 1]},
								"east": {"uv": [17, 5], "uv_size": [2, 1]},
								"south": {"uv": [21, 7], "uv_size": [0.75, 1]},
								"west": {"uv": [17, 6], "uv_size": [2, 1]},
								"up": {"uv": [18, 7], "uv_size": [0.75, 2]},
								"down": {"uv": [8, 20], "uv_size": [0.75, -2]}
							}
						},
						{
							"origin": [-0.78115, 11.07865, 0.98994],
							"size": [1.04, 0.3, 0.1],
							"pivot": [-0.26115, 11.22865, 4.38994],
							"rotation": [0, 90, 0],
							"uv": {
								"north": {"uv": [21, 6], "uv_size": [0.75, 1]},
								"east": {"uv": [17, 5], "uv_size": [2, 1]},
								"south": {"uv": [21, 7], "uv_size": [0.75, 1]},
								"west": {"uv": [17, 6], "uv_size": [2, 1]},
								"up": {"uv": [18, 7], "uv_size": [0.75, 2]},
								"down": {"uv": [8, 20], "uv_size": [0.75, -2]}
							}
						},
						{
							"origin": [-1.52666, 11.07865, 0.76698],
							"size": [3.34, 0.3, 0.1],
							"pivot": [0.09334, 11.22865, 4.16698],
							"rotation": [0, 60, 0],
							"uv": {
								"north": {"uv": [21, 6], "uv_size": [0.75, 1]},
								"east": {"uv": [17, 5], "uv_size": [2, 1]},
								"south": {"uv": [21, 7], "uv_size": [0.75, 1]},
								"west": {"uv": [17, 6], "uv_size": [2, 1]},
								"up": {"uv": [18, 7], "uv_size": [0.75, 2]},
								"down": {"uv": [8, 20], "uv_size": [0.75, -2]}
							}
						}
					]
				},
				{
					"name": "positioning",
					"pivot": [0, 4, 4]
				},
				{
					"name": "ground",
					"parent": "positioning",
					"pivot": [0, 0, 0]
				},
				{
					"name": "thirdperson_hand",
					"parent": "positioning",
					"pivot": [0, 4, 0.4]
				},
				{
					"name": "fixed",
					"parent": "positioning",
					"pivot": [0, 6, 0.4],
					"rotation": [0, 90, 0]
				}
			]
		}
	]
}