{
	"format_version": "1.12.0",
	"minecraft:geometry": [
		{
			"description": {
				"identifier": "geometry.unknown",
				"texture_width": 32,
				"texture_height": 32,
				"visible_bounds_width": 30,
				"visible_bounds_height": 17,
				"visible_bounds_offset": [0, 2.5, 0]
			},
			"bones": [
				{
					"name": "root",
					"pivot": [0, 0, 0]
				},
				{
					"name": "m48",
					"parent": "root",
					"pivot": [0, 0, 1],
					"rotation": [45, 0, 0]
				},
				{
					"name": "body",
					"parent": "m48",
					"pivot": [-0.01092, 8.92639, 0.31124],
					"rotation": [0, 180, 0],
					"cubes": [
						{
							"origin": [-0.14, 1.19, -3.55],
							"size": [0.28, 1.26, 12.6],
							"pivot": [0, 1.82, -0.4],
							"rotation": [90, 0, 0],
							"uv": {
								"north": {"uv": [22, 6], "uv_size": [0.5, 1.75]},
								"east": {"uv": [0, 0], "uv_size": [18, 1.75]},
								"south": {"uv": [8, 22], "uv_size": [0.5, 1.75]},
								"west": {"uv": [0, 2], "uv_size": [18, 1.75]},
								"up": {"uv": [6, 10], "uv_size": [0.5, 18]},
								"down": {"uv": [7, 28], "uv_size": [0.5, -18]}
							}
						},
						{
							"origin": [-0.42, 0.91, -2.85],
							"size": [0.84, 1.82, 6.51],
							"pivot": [0, 1.82, -0.4],
							"rotation": [90, 0, 0],
							"uv": {
								"north": {"uv": [9, 13], "uv_size": [1.25, 2.5]},
								"east": {"uv": [0, 4], "uv_size": [9, 2.5]},
								"south": {"uv": [9, 16], "uv_size": [1.25, 2.5]},
								"west": {"uv": [0, 7], "uv_size": [9, 2.5]},
								"up": {"uv": [9, 4], "uv_size": [1.25, 9]},
								"down": {"uv": [0, 19], "uv_size": [1.25, -9]}
							}
						},
						{
							"origin": [-0.14, 10.9695, -1.19548],
							"size": [0.28, 1.59095, 1.59095],
							"pivot": [0, 11.76498, -0.4],
							"rotation": [45, 0, 0],
							"uv": {
								"north": {"uv": [19, 19], "uv_size": [0.5, 2.25]},
								"east": {"uv": [12, 6], "uv_size": [2.25, 2.25]},
								"south": {"uv": [20, 6], "uv_size": [0.5, 2.25]},
								"west": {"uv": [12, 9], "uv_size": [2.25, 2.25]},
								"up": {"uv": [20, 9], "uv_size": [0.5, 2.25]},
								"down": {"uv": [12, 22.25], "uv_size": [0.5, -2.25]}
							}
						},
						{
							"origin": [-0.14, 11.76498, -5.23498],
							"size": [0.28, 0.35, 8.47995],
							"uv": {
								"north": {"uv": [8, 25], "uv_size": [0.5, 0.5]},
								"east": {"uv": [11, 4], "uv_size": [12, 0.5]},
								"south": {"uv": [25, 8], "uv_size": [0.5, 0.5]},
								"west": {"uv": [11, 5], "uv_size": [12, 0.5]},
								"up": {"uv": [8, 10], "uv_size": [0.5, 12]},
								"down": {"uv": [11, 18], "uv_size": [0.5, -12]}
							}
						},
						{
							"origin": [-0.07, 11.62498, -5.31898],
							"size": [0.14, 0.14, 2.96395],
							"uv": {
								"north": {"uv": [27, 16], "uv_size": [0.25, 0.25]},
								"east": {"uv": [20, 3], "uv_size": [4.25, 0.25]},
								"south": {"uv": [17, 27], "uv_size": [0.25, 0.25]},
								"west": {"uv": [21, 9], "uv_size": [4.25, 0.25]},
								"up": {"uv": [21, 10], "uv_size": [0.25, 4.25]},
								"down": {"uv": [21, 19.25], "uv_size": [0.25, -4.25]}
							}
						},
						{
							"origin": [-0.07, 12.01917, -2.4301],
							"size": [0.14, 0.14, 0.56995],
							"pivot": [0, 12.08918, -0.99013],
							"rotation": [16, 0, 0],
							"uv": {
								"north": {"uv": [27, 18], "uv_size": [0.25, 0.25]},
								"east": {"uv": [20, 25], "uv_size": [0.75, 0.25]},
								"south": {"uv": [19, 27], "uv_size": [0.25, 0.25]},
								"west": {"uv": [25, 20], "uv_size": [0.75, 0.25]},
								"up": {"uv": [21, 25], "uv_size": [0.25, 0.75]},
								"down": {"uv": [25, 21.75], "uv_size": [0.25, -0.75]}
							}
						},
						{
							"origin": [-0.14, 10.10044, 0.97257],
							"size": [0.28, 0.7, 2.45],
							"pivot": [0, 10.49818, 2.79754],
							"rotation": [-55, 0, 0],
							"uv": {
								"north": {"uv": [24, 15], "uv_size": [0.5, 1]},
								"east": {"uv": [15, 16], "uv_size": [3.5, 1]},
								"south": {"uv": [16, 24], "uv_size": [0.5, 1]},
								"west": {"uv": [2, 17], "uv_size": [3.5, 1]},
								"up": {"uv": [14, 18], "uv_size": [0.5, 3.5]},
								"down": {"uv": [18, 20.5], "uv_size": [0.5, -3.5]}
							}
						},
						{
							"origin": [-0.14, 10.58525, 3.02407],
							"size": [0.28, 1.19, 1.75],
							"pivot": [0, 11.42525, 3.54907],
							"rotation": [-112.5, 0, 0],
							"uv": {
								"north": {"uv": [9, 22], "uv_size": [0.5, 1.75]},
								"east": {"uv": [15, 6], "uv_size": [2.5, 1.75]},
								"south": {"uv": [10, 22], "uv_size": [0.5, 1.75]},
								"west": {"uv": [15, 8], "uv_size": [2.5, 1.75]},
								"up": {"uv": [15, 19], "uv_size": [0.5, 2.5]},
								"down": {"uv": [16, 21.5], "uv_size": [0.5, -2.5]}
							}
						},
						{
							"origin": [-0.14, 11.95135, 2.84834],
							"size": [0.28, 1.05, 1.75],
							"pivot": [0, 12.65135, 3.72334],
							"rotation": [-90, 0, 0],
							"uv": {
								"north": {"uv": [14, 22], "uv_size": [0.5, 1.5]},
								"east": {"uv": [15, 14], "uv_size": [2.5, 1.5]},
								"south": {"uv": [22, 14], "uv_size": [0.5, 1.5]},
								"west": {"uv": [12, 16], "uv_size": [2.5, 1.5]},
								"up": {"uv": [19, 16], "uv_size": [0.5, 2.5]},
								"down": {"uv": [17, 21.5], "uv_size": [0.5, -2.5]}
							}
						},
						{
							"origin": [-0.14, 13.5708, 3.24013],
							"size": [0.28, 0.98, 1.05],
							"pivot": [0, 14.2008, 3.41513],
							"rotation": [-67.5, 0, 0],
							"uv": {
								"north": {"uv": [15, 22], "uv_size": [0.5, 1.5]},
								"east": {"uv": [18, 2], "uv_size": [1.5, 1.5]},
								"south": {"uv": [16, 22], "uv_size": [0.5, 1.5]},
								"west": {"uv": [12, 18], "uv_size": [1.5, 1.5]},
								"up": {"uv": [22, 16], "uv_size": [0.5, 1.5]},
								"down": {"uv": [17, 23.5], "uv_size": [0.5, -1.5]}
							}
						},
						{
							"origin": [-0.07, 10.10044, 3.35257],
							"size": [0.14, 0.7, 0.21],
							"pivot": [0, 10.49818, 2.93754],
							"rotation": [-55, 0, 0],
							"uv": {
								"north": {"uv": [25, 15], "uv_size": [0.25, 1]},
								"east": {"uv": [16, 25], "uv_size": [0.25, 1]},
								"south": {"uv": [25, 16], "uv_size": [0.25, 1]},
								"west": {"uv": [25, 17], "uv_size": [0.25, 1]},
								"up": {"uv": [27, 15], "uv_size": [0.25, 0.25]},
								"down": {"uv": [16, 27.25], "uv_size": [0.25, -0.25]}
							}
						},
						{
							"origin": [-0.07, 11.56525, 3.16407],
							"size": [0.14, 0.21, 1.75],
							"pivot": [0, 11.42525, 3.68907],
							"rotation": [-112.5, 0, 0],
							"uv": {
								"north": {"uv": [27, 14], "uv_size": [0.25, 0.25]},
								"east": {"uv": [23, 22], "uv_size": [2.5, 0.25]},
								"south": {"uv": [15, 27], "uv_size": [0.25, 0.25]},
								"west": {"uv": [23, 23], "uv_size": [2.5, 0.25]},
								"up": {"uv": [1, 24], "uv_size": [0.25, 2.5]},
								"down": {"uv": [4, 26.5], "uv_size": [0.25, -2.5]}
							}
						},
						{
							"origin": [-0.07, 12.79135, 2.98834],
							"size": [0.14, 0.21, 1.75],
							"pivot": [0, 12.65135, 3.86334],
							"rotation": [-90, 0, 0],
							"uv": {
								"north": {"uv": [27, 13], "uv_size": [0.25, 0.25]},
								"east": {"uv": [22, 2], "uv_size": [2.5, 0.25]},
								"south": {"uv": [14, 27], "uv_size": [0.25, 0.25]},
								"west": {"uv": [22, 8], "uv_size": [2.5, 0.25]},
								"up": {"uv": [23, 16], "uv_size": [0.25, 2.5]},
								"down": {"uv": [23, 21.5], "uv_size": [0.25, -2.5]}
							}
						},
						{
							"origin": [-0.07, 14.3408, 3.38013],
							"size": [0.14, 0.21, 1.05],
							"pivot": [0, 14.2008, 3.55513],
							"rotation": [-67.5, 0, 0],
							"uv": {
								"north": {"uv": [27, 12], "uv_size": [0.25, 0.25]},
								"east": {"uv": [25, 4], "uv_size": [1.5, 0.25]},
								"south": {"uv": [13, 27], "uv_size": [0.25, 0.25]},
								"west": {"uv": [25, 5], "uv_size": [1.5, 0.25]},
								"up": {"uv": [5, 25], "uv_size": [0.25, 1.5]},
								"down": {"uv": [25, 7.5], "uv_size": [0.25, -1.5]}
							}
						},
						{
							"origin": [-0.14, 13.02074, 2.24629],
							"size": [0.28, 1.19, 0.21],
							"pivot": [0, 13.65074, 2.77129],
							"rotation": [-80, 0, 0],
							"uv": {
								"north": {"uv": [22, 10], "uv_size": [0.5, 1.75]},
								"east": {"uv": [24, 16], "uv_size": [0.25, 1.75]},
								"south": {"uv": [22, 12], "uv_size": [0.5, 1.75]},
								"west": {"uv": [17, 24], "uv_size": [0.25, 1.75]},
								"up": {"uv": [22, 25], "uv_size": [0.5, 0.25]},
								"down": {"uv": [23, 25.25], "uv_size": [0.5, -0.25]}
							}
						},
						{
							"origin": [-0.14, 11.43337, 0.4847],
							"size": [0.28, 4.27, 0.28137],
							"pivot": [0, 13.53337, 1.0097],
							"rotation": [-90, 0, 0],
							"uv": {
								"north": {"uv": [4, 18], "uv_size": [0.5, 6]},
								"east": {"uv": [5, 18], "uv_size": [0.5, 6]},
								"south": {"uv": [18, 6], "uv_size": [0.5, 6]},
								"west": {"uv": [11, 18], "uv_size": [0.5, 6]},
								"up": {"uv": [9, 25], "uv_size": [0.5, 0.5]},
								"down": {"uv": [10, 25.5], "uv_size": [0.5, -0.5]}
							}
						},
						{
							"origin": [-0.14, 15.35337, 0.76607],
							"size": [0.28, 0.41528, 0.59363],
							"pivot": [0, 13.53337, 1.0097],
							"rotation": [-90, 0, 0],
							"uv": {
								"north": {"uv": [25, 12], "uv_size": [0.5, 0.5]},
								"east": {"uv": [20, 24], "uv_size": [0.75, 0.5]},
								"south": {"uv": [13, 25], "uv_size": [0.5, 0.5]},
								"west": {"uv": [24, 20], "uv_size": [0.75, 0.5]},
								"up": {"uv": [21, 24], "uv_size": [0.5, 0.75]},
								"down": {"uv": [24, 21.75], "uv_size": [0.5, -0.75]}
							}
						},
						{
							"origin": [-0.14, 13.35726, 1.87523],
							"size": [0.28, 0.21, 0.21],
							"pivot": [0, 13.5649, 2.18954],
							"rotation": [-135, 0, 0],
							"uv": {
								"north": {"uv": [24, 25], "uv_size": [0.5, 0.25]},
								"east": {"uv": [26, 26], "uv_size": [0.25, 0.25]},
								"south": {"uv": [25, 24], "uv_size": [0.5, 0.25]},
								"west": {"uv": [0, 27], "uv_size": [0.25, 0.25]},
								"up": {"uv": [25, 25], "uv_size": [0.5, 0.25]},
								"down": {"uv": [0, 26.25], "uv_size": [0.5, -0.25]}
							}
						},
						{
							"origin": [-0.14, 13.35726, 2.43995],
							"size": [0.28, 0.21, 0.21],
							"pivot": [0, 13.5649, 2.75426],
							"rotation": [-135, 0, 0],
							"uv": {
								"north": {"uv": [10, 26], "uv_size": [0.5, 0.25]},
								"east": {"uv": [27, 3], "uv_size": [0.25, 0.25]},
								"south": {"uv": [26, 10], "uv_size": [0.5, 0.25]},
								"west": {"uv": [4, 27], "uv_size": [0.25, 0.25]},
								"up": {"uv": [11, 26], "uv_size": [0.5, 0.25]},
								"down": {"uv": [26, 11.25], "uv_size": [0.5, -0.25]}
							}
						},
						{
							"origin": [-0.14, 13.35726, 1.45995],
							"size": [0.28, 0.21, 0.21],
							"pivot": [0, 13.5649, 1.77426],
							"rotation": [-135, 0, 0],
							"uv": {
								"north": {"uv": [26, 0], "uv_size": [0.5, 0.25]},
								"east": {"uv": [27, 0], "uv_size": [0.25, 0.25]},
								"south": {"uv": [26, 1], "uv_size": [0.5, 0.25]},
								"west": {"uv": [1, 27], "uv_size": [0.25, 0.25]},
								"up": {"uv": [2, 26], "uv_size": [0.5, 0.25]},
								"down": {"uv": [26, 2.25], "uv_size": [0.5, -0.25]}
							}
						},
						{
							"origin": [-0.14, 13.35726, 0.47995],
							"size": [0.28, 0.21, 0.21],
							"pivot": [0, 13.5649, 0.79426],
							"rotation": [-135, 0, 0],
							"uv": {
								"north": {"uv": [8, 26], "uv_size": [0.5, 0.25]},
								"east": {"uv": [27, 2], "uv_size": [0.25, 0.25]},
								"south": {"uv": [26, 8], "uv_size": [0.5, 0.25]},
								"west": {"uv": [3, 27], "uv_size": [0.25, 0.25]},
								"up": {"uv": [9, 26], "uv_size": [0.5, 0.25]},
								"down": {"uv": [26, 9.25], "uv_size": [0.5, -0.25]}
							}
						},
						{
							"origin": [-0.14, 13.35726, -0.08477],
							"size": [0.28, 0.21, 0.21],
							"pivot": [0, 13.5649, 0.22955],
							"rotation": [-135, 0, 0],
							"uv": {
								"north": {"uv": [24, 26], "uv_size": [0.5, 0.25]},
								"east": {"uv": [27, 11], "uv_size": [0.25, 0.25]},
								"south": {"uv": [26, 24], "uv_size": [0.5, 0.25]},
								"west": {"uv": [12, 27], "uv_size": [0.25, 0.25]},
								"up": {"uv": [25, 26], "uv_size": [0.5, 0.25]},
								"down": {"uv": [26, 25.25], "uv_size": [0.5, -0.25]}
							}
						},
						{
							"origin": [-0.14, 13.35726, 0.89523],
							"size": [0.28, 0.21, 0.21],
							"pivot": [0, 13.5649, 1.20954],
							"rotation": [-135, 0, 0],
							"uv": {
								"north": {"uv": [3, 26], "uv_size": [0.5, 0.25]},
								"east": {"uv": [27, 1], "uv_size": [0.25, 0.25]},
								"south": {"uv": [26, 3], "uv_size": [0.5, 0.25]},
								"west": {"uv": [2, 27], "uv_size": [0.25, 0.25]},
								"up": {"uv": [26, 6], "uv_size": [0.5, 0.25]},
								"down": {"uv": [26, 7.25], "uv_size": [0.5, -0.25]}
							}
						},
						{
							"origin": [-0.14, 12.74665, 2.43995],
							"size": [0.28, 0.21, 0.21],
							"pivot": [0, 12.95429, 2.75426],
							"rotation": [-135, 0, 0],
							"uv": {
								"north": {"uv": [22, 26], "uv_size": [0.5, 0.25]},
								"east": {"uv": [27, 10], "uv_size": [0.25, 0.25]},
								"south": {"uv": [26, 22], "uv_size": [0.5, 0.25]},
								"west": {"uv": [11, 27], "uv_size": [0.25, 0.25]},
								"up": {"uv": [23, 26], "uv_size": [0.5, 0.25]},
								"down": {"uv": [26, 23.25], "uv_size": [0.5, -0.25]}
							}
						},
						{
							"origin": [-0.14, 12.74665, 1.87523],
							"size": [0.28, 0.21, 0.21],
							"pivot": [0, 12.95429, 2.18954],
							"rotation": [-135, 0, 0],
							"uv": {
								"north": {"uv": [20, 26], "uv_size": [0.5, 0.25]},
								"east": {"uv": [27, 9], "uv_size": [0.25, 0.25]},
								"south": {"uv": [26, 20], "uv_size": [0.5, 0.25]},
								"west": {"uv": [10, 27], "uv_size": [0.25, 0.25]},
								"up": {"uv": [21, 26], "uv_size": [0.5, 0.25]},
								"down": {"uv": [26, 21.25], "uv_size": [0.5, -0.25]}
							}
						},
						{
							"origin": [-0.14, 12.74665, 1.45995],
							"size": [0.28, 0.21, 0.21],
							"pivot": [0, 12.95429, 1.77426],
							"rotation": [-135, 0, 0],
							"uv": {
								"north": {"uv": [18, 26], "uv_size": [0.5, 0.25]},
								"east": {"uv": [27, 8], "uv_size": [0.25, 0.25]},
								"south": {"uv": [26, 18], "uv_size": [0.5, 0.25]},
								"west": {"uv": [9, 27], "uv_size": [0.25, 0.25]},
								"up": {"uv": [19, 26], "uv_size": [0.5, 0.25]},
								"down": {"uv": [26, 19.25], "uv_size": [0.5, -0.25]}
							}
						},
						{
							"origin": [-0.14, 12.74665, 0.89523],
							"size": [0.28, 0.21, 0.21],
							"pivot": [0, 12.95429, 1.20954],
							"rotation": [-135, 0, 0],
							"uv": {
								"north": {"uv": [16, 26], "uv_size": [0.5, 0.25]},
								"east": {"uv": [27, 7], "uv_size": [0.25, 0.25]},
								"south": {"uv": [26, 16], "uv_size": [0.5, 0.25]},
								"west": {"uv": [8, 27], "uv_size": [0.25, 0.25]},
								"up": {"uv": [17, 26], "uv_size": [0.5, 0.25]},
								"down": {"uv": [26, 17.25], "uv_size": [0.5, -0.25]}
							}
						},
						{
							"origin": [-0.14, 12.74665, 0.47995],
							"size": [0.28, 0.21, 0.21],
							"pivot": [0, 12.95429, 0.79426],
							"rotation": [-135, 0, 0],
							"uv": {
								"north": {"uv": [14, 26], "uv_size": [0.5, 0.25]},
								"east": {"uv": [27, 5], "uv_size": [0.25, 0.25]},
								"south": {"uv": [26, 14], "uv_size": [0.5, 0.25]},
								"west": {"uv": [27, 6], "uv_size": [0.25, 0.25]},
								"up": {"uv": [15, 26], "uv_size": [0.5, 0.25]},
								"down": {"uv": [26, 15.25], "uv_size": [0.5, -0.25]}
							}
						},
						{
							"origin": [-0.14, 12.74665, -0.08477],
							"size": [0.28, 0.21, 0.21],
							"pivot": [0, 12.95429, 0.22955],
							"rotation": [-135, 0, 0],
							"uv": {
								"north": {"uv": [12, 26], "uv_size": [0.5, 0.25]},
								"east": {"uv": [27, 4], "uv_size": [0.25, 0.25]},
								"south": {"uv": [26, 12], "uv_size": [0.5, 0.25]},
								"west": {"uv": [5, 27], "uv_size": [0.25, 0.25]},
								"up": {"uv": [13, 26], "uv_size": [0.5, 0.25]},
								"down": {"uv": [26, 13.25], "uv_size": [0.5, -0.25]}
							}
						},
						{
							"origin": [-0.14, 13.25504, 1.74302],
							"size": [0.28, 0.41528, 0.59363],
							"pivot": [0, 13.46268, 2.05734],
							"rotation": [-90, 0, 0],
							"uv": {
								"north": {"uv": [25, 14], "uv_size": [0.5, 0.5]},
								"east": {"uv": [2, 25], "uv_size": [0.75, 0.5]},
								"south": {"uv": [15, 25], "uv_size": [0.5, 0.5]},
								"west": {"uv": [25, 2], "uv_size": [0.75, 0.5]},
								"up": {"uv": [3, 25], "uv_size": [0.5, 0.75]},
								"down": {"uv": [25, 3.75], "uv_size": [0.5, -0.75]}
							}
						},
						{
							"origin": [-0.14, 13.25504, 0.76302],
							"size": [0.28, 0.41528, 0.59363],
							"pivot": [0, 13.46268, 1.07734],
							"rotation": [-90, 0, 0],
							"uv": {
								"north": {"uv": [25, 13], "uv_size": [0.5, 0.5]},
								"east": {"uv": [22, 24], "uv_size": [0.75, 0.5]},
								"south": {"uv": [14, 25], "uv_size": [0.5, 0.5]},
								"west": {"uv": [23, 24], "uv_size": [0.75, 0.5]},
								"up": {"uv": [24, 24], "uv_size": [0.5, 0.75]},
								"down": {"uv": [0, 25.75], "uv_size": [0.5, -0.75]}
							}
						},
						{
							"origin": [-0.14, 12.27504, -0.21698],
							"size": [0.28, 1.39528, 0.59363],
							"pivot": [0, 13.46268, 0.09734],
							"rotation": [-90, 0, 0],
							"uv": {
								"north": {"uv": [22, 0], "uv_size": [0.5, 2]},
								"east": {"uv": [19, 6], "uv_size": [0.75, 2]},
								"south": {"uv": [1, 22], "uv_size": [0.5, 2]},
								"west": {"uv": [19, 8], "uv_size": [0.75, 2]},
								"up": {"uv": [25, 0], "uv_size": [0.5, 0.75]},
								"down": {"uv": [25, 1.75], "uv_size": [0.5, -0.75]}
							}
						},
						{
							"origin": [-0.14, 10.52337, 0.4497],
							"size": [0.28, 4.33528, 1.06839],
							"pivot": [0, 12.62337, 1.0097],
							"rotation": [-90, 0, 0],
							"uv": {
								"north": {"uv": [2, 18], "uv_size": [0.5, 6.25]},
								"east": {"uv": [2, 10], "uv_size": [1.5, 6.25]},
								"south": {"uv": [3, 18], "uv_size": [0.5, 6.25]},
								"west": {"uv": [4, 10], "uv_size": [1.5, 6.25]},
								"up": {"uv": [23, 6], "uv_size": [0.5, 1.5]},
								"down": {"uv": [23, 11.5], "uv_size": [0.5, -1.5]}
							}
						},
						{
							"origin": [-0.14, 13.92309, -3.13855],
							"size": [0.28, 1.05, 2.1],
							"pivot": [0, 13.39809, -2.61355],
							"rotation": [-85, 0, 0],
							"uv": {
								"north": {"uv": [18, 22], "uv_size": [0.5, 1.5]},
								"east": {"uv": [12, 12], "uv_size": [3, 1.5]},
								"south": {"uv": [22, 18], "uv_size": [0.5, 1.5]},
								"west": {"uv": [12, 14], "uv_size": [3, 1.5]},
								"up": {"uv": [0, 19], "uv_size": [0.5, 3]},
								"down": {"uv": [1, 22], "uv_size": [0.5, -3]}
							}
						},
						{
							"origin": [-0.14, 13.45919, -4.62671],
							"size": [0.28, 1.05, 1.89],
							"pivot": [0, 12.61525, -3.7349],
							"rotation": [-75, 0, 0],
							"uv": {
								"north": {"uv": [19, 22], "uv_size": [0.5, 1.5]},
								"east": {"uv": [15, 10], "uv_size": [2.75, 1.5]},
								"south": {"uv": [20, 22], "uv_size": [0.5, 1.5]},
								"west": {"uv": [15, 12], "uv_size": [2.75, 1.5]},
								"up": {"uv": [9, 19], "uv_size": [0.5, 2.75]},
								"down": {"uv": [10, 21.75], "uv_size": [0.5, -2.75]}
							}
						},
						{
							"origin": [-0.14, 12.55122, -4.46661],
							"size": [0.28, 1.05, 1.61],
							"pivot": [0, 12.61525, -3.7349],
							"rotation": [-65, 0, 0],
							"uv": {
								"north": {"uv": [22, 20], "uv_size": [0.5, 1.5]},
								"east": {"uv": [15, 17], "uv_size": [2.25, 1.5]},
								"south": {"uv": [21, 22], "uv_size": [0.5, 1.5]},
								"west": {"uv": [18, 0], "uv_size": [2.25, 1.5]},
								"up": {"uv": [20, 12], "uv_size": [0.5, 2.25]},
								"down": {"uv": [13, 22.25], "uv_size": [0.5, -2.25]}
							}
						},
						{
							"origin": [-0.14, 11.62926, -4.46661],
							"size": [0.28, 1.05, 1.05],
							"pivot": [0, 12.61525, -3.7349],
							"rotation": [-55, 0, 0],
							"uv": {
								"north": {"uv": [22, 22], "uv_size": [0.5, 1.5]},
								"east": {"uv": [18, 12], "uv_size": [1.5, 1.5]},
								"south": {"uv": [0, 23], "uv_size": [0.5, 1.5]},
								"west": {"uv": [18, 14], "uv_size": [1.5, 1.5]},
								"up": {"uv": [23, 0], "uv_size": [0.5, 1.5]},
								"down": {"uv": [23, 5.5], "uv_size": [0.5, -1.5]}
							}
						},
						{
							"origin": [-0.14, 10.9533, -4.62671],
							"size": [0.28, 0.818, 0.43233],
							"pivot": [0, 12.61525, -3.7349],
							"rotation": [-45, 0, 0],
							"uv": {
								"north": {"uv": [12, 23], "uv_size": [0.5, 1.25]},
								"east": {"uv": [23, 12], "uv_size": [0.5, 1.25]},
								"south": {"uv": [13, 23], "uv_size": [0.5, 1.25]},
								"west": {"uv": [23, 14], "uv_size": [0.5, 1.25]},
								"up": {"uv": [25, 10], "uv_size": [0.5, 0.5]},
								"down": {"uv": [11, 25.5], "uv_size": [0.5, -0.5]}
							}
						},
						{
							"origin": [-0.07, 10.7539, -4.69671],
							"size": [0.14, 0.1994, 0.44293],
							"pivot": [-0.07, 12.47525, -3.7349],
							"rotation": [-45, 0, 0],
							"uv": {
								"north": {"uv": [27, 17], "uv_size": [0.25, 0.25]},
								"east": {"uv": [18, 25], "uv_size": [0.75, 0.25]},
								"south": {"uv": [18, 27], "uv_size": [0.25, 0.25]},
								"west": {"uv": [25, 18], "uv_size": [0.75, 0.25]},
								"up": {"uv": [19, 25], "uv_size": [0.25, 0.75]},
								"down": {"uv": [25, 19.75], "uv_size": [0.25, -0.75]}
							}
						},
						{
							"origin": [-0.14, 11.79803, -4.75478],
							"size": [0.28, 1.518, 0.43233],
							"pivot": [0, 12.20703, -4.53862],
							"rotation": [-90, 0, 0],
							"uv": {
								"north": {"uv": [20, 15], "uv_size": [0.5, 2.25]},
								"east": {"uv": [20, 18], "uv_size": [0.5, 2.25]},
								"south": {"uv": [21, 0], "uv_size": [0.5, 2.25]},
								"west": {"uv": [21, 6], "uv_size": [0.5, 2.25]},
								"up": {"uv": [25, 11], "uv_size": [0.5, 0.5]},
								"down": {"uv": [12, 25.5], "uv_size": [0.5, -0.5]}
							}
						},
						{
							"origin": [-0.14, 11.51803, 2.03522],
							"size": [0.28, 0.608, 0.50233],
							"pivot": [0, 11.57703, 2.25138],
							"rotation": [-90, 0, 0],
							"uv": {
								"north": {"uv": [18, 24], "uv_size": [0.5, 0.75]},
								"east": {"uv": [24, 0], "uv_size": [0.75, 0.75]},
								"south": {"uv": [24, 18], "uv_size": [0.5, 0.75]},
								"west": {"uv": [24, 1], "uv_size": [0.75, 0.75]},
								"up": {"uv": [19, 24], "uv_size": [0.5, 0.75]},
								"down": {"uv": [24, 19.75], "uv_size": [0.5, -0.75]}
							}
						},
						{
							"origin": [-0.14, 5.80048, -0.085],
							"size": [0.28, 0.63, 0.63],
							"pivot": [0, 6.11548, 0.23],
							"rotation": [45, 0, 0],
							"uv": {
								"north": {"uv": [24, 4], "uv_size": [0.5, 1]},
								"east": {"uv": [19, 10], "uv_size": [1, 1]},
								"south": {"uv": [5, 24], "uv_size": [0.5, 1]},
								"west": {"uv": [19, 11], "uv_size": [1, 1]},
								"up": {"uv": [24, 5], "uv_size": [0.5, 1]},
								"down": {"uv": [24, 7], "uv_size": [0.5, -1]}
							}
						},
						{
							"origin": [-0.14, 5.80048, -1.345],
							"size": [0.28, 0.63, 0.63],
							"pivot": [0, 6.11548, -1.03],
							"rotation": [45, 0, 0],
							"uv": {
								"north": {"uv": [24, 7], "uv_size": [0.5, 1]},
								"east": {"uv": [20, 2], "uv_size": [1, 1]},
								"south": {"uv": [8, 24], "uv_size": [0.5, 1]},
								"west": {"uv": [18, 21], "uv_size": [1, 1]},
								"up": {"uv": [9, 24], "uv_size": [0.5, 1]},
								"down": {"uv": [10, 25], "uv_size": [0.5, -1]}
							}
						},
						{
							"origin": [-0.14, -1.19952, -0.085],
							"size": [0.28, 0.63, 0.63],
							"pivot": [0, -0.88452, 0.23],
							"rotation": [45, 0, 0],
							"uv": {
								"north": {"uv": [24, 13], "uv_size": [0.5, 1]},
								"east": {"uv": [21, 21], "uv_size": [1, 1]},
								"south": {"uv": [14, 24], "uv_size": [0.5, 1]},
								"west": {"uv": [0, 22], "uv_size": [1, 1]},
								"up": {"uv": [24, 14], "uv_size": [0.5, 1]},
								"down": {"uv": [15, 25], "uv_size": [0.5, -1]}
							}
						},
						{
							"origin": [-0.14, -1.19952, -1.345],
							"size": [0.28, 0.63, 0.63],
							"pivot": [0, -0.88452, -1.03],
							"rotation": [45, 0, 0],
							"uv": {
								"north": {"uv": [24, 10], "uv_size": [0.5, 1]},
								"east": {"uv": [20, 21], "uv_size": [1, 1]},
								"south": {"uv": [11, 24], "uv_size": [0.5, 1]},
								"west": {"uv": [21, 20], "uv_size": [1, 1]},
								"up": {"uv": [24, 11], "uv_size": [0.5, 1]},
								"down": {"uv": [24, 13], "uv_size": [0.5, -1]}
							}
						}
					]
				}
			]
		}
	]
}