{
	"format_version": "1.21.0",
	"minecraft:geometry": [
		{
			"description": {
				"identifier": "geometry.sight_deon_d80hv56wtixgr",
				"texture_width": 32,
				"texture_height": 32,
				"visible_bounds_width": 180,
				"visible_bounds_height": 49,
				"visible_bounds_offset": [0, 0.5, 0]
			},
			"bones": [
				{
					"name": "lod",
					"pivot": [0, 0, 0],
					"cubes": [
						{
							"origin": [-1.2, 0.55, -14.95],
							"size": [2.4, 2.4, 5],
							"pivot": [0, 1.75, -13.95],
							"rotation": [0, 0, 45],
							"uv": {
								"north": {"uv": [7, 3], "uv_size": [2, 2]},
								"east": {"uv": [2, 2], "uv_size": [5, 2]},
								"south": {"uv": [8, 7], "uv_size": [2, 2]},
								"west": {"uv": [2, 4], "uv_size": [5, 2]},
								"up": {"uv": [2, 6], "uv_size": [2, 5]},
								"down": {"uv": [4, 11], "uv_size": [2, -5]}
							}
						},
						{
							"origin": [-0.95, 0.8, -4.075],
							"size": [1.9, 1.9, 1.9],
							"uv": {
								"north": {"uv": [6, 12], "uv_size": [2, 2]},
								"east": {"uv": [12, 7], "uv_size": [2, 2]},
								"south": {"uv": [12, 9], "uv_size": [2, 2]},
								"west": {"uv": [12, 11], "uv_size": [2, 2]},
								"up": {"uv": [13, 0], "uv_size": [2, 2]},
								"down": {"uv": [2, 15], "uv_size": [2, -2]}
							}
						},
						{
							"origin": [-0.7, 2.7, -3.825],
							"size": [1.4, 1.5, 1.4],
							"pivot": [0, 3.45, -3.125],
							"rotation": [0, 22.5, 0],
							"uv": {
								"north": {"uv": [5, 15], "uv_size": [1, 2]},
								"east": {"uv": [15, 11], "uv_size": [1, 2]},
								"south": {"uv": [12, 15], "uv_size": [1, 2]},
								"west": {"uv": [13, 15], "uv_size": [1, 2]},
								"up": {"uv": [0, 17], "uv_size": [1, 1]}
							}
						},
						{
							"origin": [-2.45, 1.05, -3.825],
							"size": [1.5, 1.4, 1.4],
							"pivot": [-1.7, 1.75, -3.125],
							"rotation": [22.5, 0, 0],
							"uv": {
								"north": {"uv": [15, 4], "uv_size": [2, 1]},
								"east": {"uv": [12, 2], "uv_size": [1, 1]},
								"south": {"uv": [15, 5], "uv_size": [2, 1]},
								"up": {"uv": [8, 15], "uv_size": [2, 1]},
								"down": {"uv": [10, 16], "uv_size": [2, -1]}
							}
						},
						{
							"origin": [0.95, 1.05, -3.825],
							"size": [1.25, 1.4, 1.4],
							"pivot": [1.7, 1.75, -3.125],
							"rotation": [67.5, 0, 0],
							"uv": {
								"north": {"uv": [17, 0], "uv_size": [1, 1]},
								"south": {"uv": [1, 17], "uv_size": [1, 1]},
								"west": {"uv": [17, 1], "uv_size": [1, 1]},
								"up": {"uv": [2, 17], "uv_size": [1, 1]},
								"down": {"uv": [17, 3], "uv_size": [1, -1]}
							}
						},
						{
							"origin": [-0.65, 1.1, -9.95],
							"size": [1.3, 1.3, 13],
							"pivot": [0, 1.75, -13.95],
							"rotation": [0, 0, 45],
							"uv": {
								"east": {"uv": [0, 0], "uv_size": [13, 1]},
								"west": {"uv": [0, 1], "uv_size": [13, 1]},
								"up": {"uv": [0, 2], "uv_size": [1, 13]},
								"down": {"uv": [1, 15], "uv_size": [1, -13]}
							}
						},
						{
							"origin": [-0.85, 0.9, 3.05],
							"size": [1.7, 1.7, 2.2],
							"pivot": [0, 1.75, -13.95],
							"rotation": [0, 0, 45],
							"uv": {
								"north": {"uv": [9, 3], "uv_size": [2, 2]},
								"east": {"uv": [8, 9], "uv_size": [2, 2]},
								"south": {"uv": [10, 7], "uv_size": [2, 2]},
								"west": {"uv": [10, 9], "uv_size": [2, 2]},
								"up": {"uv": [2, 11], "uv_size": [2, 2]},
								"down": {"uv": [11, 5], "uv_size": [2, -2]}
							}
						},
						{
							"origin": [-0.75, 1, 2.35],
							"size": [1.5, 1.5, 0.3],
							"pivot": [0, 1.75, -14.65],
							"rotation": [0, 0, 45],
							"uv": {
								"north": {"uv": [4, 11], "uv_size": [2, 2]},
								"east": {"uv": [14, 11], "uv_size": [1, 2]},
								"south": {"uv": [11, 5], "uv_size": [2, 2]},
								"west": {"uv": [14, 13], "uv_size": [1, 2]},
								"up": {"uv": [0, 15], "uv_size": [2, 1]},
								"down": {"uv": [15, 1], "uv_size": [2, -1]}
							}
						},
						{
							"origin": [-0.75, 1, 1.1],
							"size": [1.5, 1.5, 0.625],
							"pivot": [0, 1.75, -15.575],
							"rotation": [0, 0, 45],
							"uv": {
								"north": {"uv": [8, 11], "uv_size": [2, 2]},
								"east": {"uv": [15, 1], "uv_size": [1, 2]},
								"south": {"uv": [10, 11], "uv_size": [2, 2]},
								"west": {"uv": [2, 15], "uv_size": [1, 2]},
								"up": {"uv": [3, 15], "uv_size": [2, 1]},
								"down": {"uv": [15, 4], "uv_size": [2, -1]}
							}
						},
						{
							"origin": [-0.9, 0.85, -1.25],
							"size": [1.8, 1.8, 1.25],
							"pivot": [0, 1.75, -17.3],
							"rotation": [0, 0, 45],
							"uv": {
								"north": {"uv": [13, 2], "uv_size": [2, 2]},
								"east": {"uv": [15, 13], "uv_size": [1, 2]},
								"south": {"uv": [4, 13], "uv_size": [2, 2]},
								"west": {"uv": [14, 15], "uv_size": [1, 2]},
								"up": {"uv": [15, 15], "uv_size": [2, 1]},
								"down": {"uv": [0, 17], "uv_size": [2, -1]}
							}
						},
						{
							"origin": [-0.75, -0.35, -6.25],
							"size": [1.5, 1.825, 1.25],
							"uv": {
								"north": {"uv": [14, 7], "uv_size": [2, 2]},
								"east": {"uv": [11, 16], "uv_size": [1, 2]},
								"south": {"uv": [14, 9], "uv_size": [2, 2]},
								"west": {"uv": [16, 13], "uv_size": [1, 2]},
								"down": {"uv": [15, 17], "uv_size": [2, -1]}
							}
						},
						{
							"origin": [-0.9, 0.85, -6.25],
							"size": [1.8, 1.8, 1.25],
							"pivot": [0, 1.75, -22.3],
							"rotation": [0, 0, 45],
							"uv": {
								"north": {"uv": [10, 13], "uv_size": [2, 2]},
								"east": {"uv": [4, 16], "uv_size": [1, 2]},
								"south": {"uv": [12, 13], "uv_size": [2, 2]},
								"west": {"uv": [8, 16], "uv_size": [1, 2]},
								"up": {"uv": [16, 8], "uv_size": [2, 1]},
								"down": {"uv": [9, 17], "uv_size": [2, -1]}
							}
						},
						{
							"origin": [-0.5, 2.65, -5.875],
							"size": [1, 1, 0.5],
							"pivot": [0, 1.75, -22.3],
							"rotation": [0, 0, 45],
							"uv": {
								"north": {"uv": [17, 13], "uv_size": [1, 1]},
								"east": {"uv": [14, 17], "uv_size": [1, 1]},
								"south": {"uv": [17, 14], "uv_size": [1, 1]},
								"west": {"uv": [15, 17], "uv_size": [1, 1]},
								"up": {"uv": [17, 15], "uv_size": [1, 1]}
							}
						},
						{
							"origin": [-0.75, -0.35, -1.25],
							"size": [1.5, 1.6, 1.25],
							"uv": {
								"north": {"uv": [13, 4], "uv_size": [2, 2]},
								"east": {"uv": [16, 1], "uv_size": [1, 2]},
								"south": {"uv": [8, 13], "uv_size": [2, 2]},
								"west": {"uv": [3, 16], "uv_size": [1, 2]},
								"down": {"uv": [16, 8], "uv_size": [2, -1]}
							}
						},
						{
							"origin": [-0.75, -0.35, -3.75],
							"size": [1.5, 0.825, 1.25],
							"uv": {
								"north": {"uv": [16, 9], "uv_size": [2, 1]},
								"east": {"uv": [17, 3], "uv_size": [1, 1]},
								"south": {"uv": [16, 10], "uv_size": [2, 1]},
								"west": {"uv": [17, 4], "uv_size": [1, 1]},
								"up": {"uv": [16, 11], "uv_size": [2, 1]},
								"down": {"uv": [16, 13], "uv_size": [2, -1]}
							}
						},
						{
							"origin": [-0.375, 3.2, -10.75],
							"size": [0.75, 0.625, 4.5],
							"uv": {
								"north": {"uv": [12, 17], "uv_size": [1, 1]},
								"east": {"uv": [6, 6], "uv_size": [5, 1]},
								"south": {"uv": [13, 17], "uv_size": [1, 1]},
								"west": {"uv": [7, 2], "uv_size": [5, 1]},
								"up": {"uv": [6, 7], "uv_size": [1, 5]},
								"down": {"uv": [7, 12], "uv_size": [1, -5]}
							}
						},
						{
							"origin": [-0.375, 2.65, -6.25],
							"size": [0.75, 0.775, 1.25],
							"uv": {
								"north": {"uv": [5, 17], "uv_size": [1, 1]},
								"east": {"uv": [17, 5], "uv_size": [1, 1]},
								"south": {"uv": [17, 6], "uv_size": [1, 1]},
								"west": {"uv": [9, 17], "uv_size": [1, 1]},
								"up": {"uv": [10, 17], "uv_size": [1, 1]}
							}
						},
						{
							"origin": [-0.375, 0.075, -5],
							"size": [0.75, 0.4, 3.75],
							"inflate": 0.0001,
							"uv": {
								"east": {"uv": [7, 5], "uv_size": [4, 1]},
								"west": {"uv": [13, 6], "uv_size": [4, 1]},
								"up": {"uv": [6, 14], "uv_size": [1, 4]},
								"down": {"uv": [7, 18], "uv_size": [1, -4]}
							}
						}
					]
				}
			]
		}
	]
}