{
	"format_version": "1.12.0",
	"minecraft:geometry": [
		{
			"description": {
				"identifier": "geometry.sight_smtbd_cm2hp_10t60x56_lod",
				"texture_width": 32,
				"texture_height": 32,
				"visible_bounds_width": 124,
				"visible_bounds_height": 33,
				"visible_bounds_offset": [0, 0.5, 0]
			},
			"bones": [
				{
					"name": "scope_body",
					"pivot": [0, -0.25, 0],
					"cubes": [
						{
							"origin": [-1.25, 0.9, -15.75],
							"size": [2.5, 2.5, 6],
							"pivot": [0, 2.15, -1],
							"rotation": [0, 0, 45],
							"uv": {
								"north": {"uv": [13, 9], "uv_size": [3, 3]},
								"east": {"uv": [4, 4], "uv_size": [6, 3]},
								"south": {"uv": [13, 12], "uv_size": [3, 3]},
								"west": {"uv": [4, 7], "uv_size": [6, 3]},
								"up": {"uv": [4, 10], "uv_size": [3, 6]},
								"down": {"uv": [10, 10], "uv_size": [3, -6]}
							}
						},
						{
							"origin": [-0.75, 1.4, -9.75],
							"size": [1.5, 1.5, 10.5],
							"pivot": [0, 2.15, -1],
							"rotation": [0, 0, 45],
							"uv": {
								"east": {"uv": [0, 0], "uv_size": [11, 2]},
								"west": {"uv": [0, 2], "uv_size": [11, 2]},
								"up": {"uv": [0, 4], "uv_size": [2, 11]},
								"down": {"uv": [2, 15], "uv_size": [2, -11]}
							}
						},
						{
							"origin": [-1, 1.15, 0.75],
							"size": [2, 2, 4.5],
							"pivot": [0, 2.15, -1],
							"rotation": [0, 0, 45],
							"uv": {
								"north": {"uv": [16, 11], "uv_size": [2, 2]},
								"east": {"uv": [11, 0], "uv_size": [5, 2]},
								"south": {"uv": [16, 13], "uv_size": [2, 2]},
								"west": {"uv": [11, 2], "uv_size": [5, 2]},
								"up": {"uv": [11, 10], "uv_size": [2, 5]},
								"down": {"uv": [13, 9], "uv_size": [2, -5]}
							}
						},
						{
							"origin": [-1.25, 0.9, -5.2],
							"size": [2.5, 2.5, 2.6],
							"uv": {
								"north": {"uv": [0, 15], "uv_size": [3, 3]},
								"east": {"uv": [15, 4], "uv_size": [3, 3]},
								"south": {"uv": [11, 15], "uv_size": [3, 3]},
								"west": {"uv": [14, 15], "uv_size": [3, 3]},
								"up": {"uv": [16, 0], "uv_size": [3, 3]},
								"down": {"uv": [3, 19], "uv_size": [3, -3]}
							}
						},
						{
							"origin": [-0.675, 3.4, -4.625],
							"size": [1.35, 1.4, 1.35],
							"pivot": [0, 2.15, -3.95],
							"rotation": [0, -45, 0],
							"uv": {
								"north": {"uv": [3, 15], "uv_size": [1, 1]},
								"east": {"uv": [10, 17], "uv_size": [1, 1]},
								"south": {"uv": [2, 18], "uv_size": [1, 1]},
								"west": {"uv": [16, 18], "uv_size": [1, 1]},
								"up": {"uv": [19, 15], "uv_size": [1, 1]}
							}
						},
						{
							"origin": [-2.175, 1.45, -4.6],
							"size": [4.575, 1.4, 1.4],
							"pivot": [0.1125, 2.15, -3.9],
							"rotation": [-45, 0, 0],
							"uv": {
								"north": {"uv": [16, 3], "uv_size": [5, 1]},
								"east": {"uv": [16, 19], "uv_size": [1, 1]},
								"south": {"uv": [6, 16], "uv_size": [5, 1]},
								"west": {"uv": [19, 16], "uv_size": [1, 1]},
								"up": {"uv": [16, 9], "uv_size": [5, 1]},
								"down": {"uv": [16, 11], "uv_size": [5, -1]}
							}
						},
						{
							"origin": [-0.95, -0.3625, -6.8],
							"size": [1.75, 0.75, 5.8],
							"uv": {
								"north": {"uv": [18, 6], "uv_size": [2, 1]},
								"east": {"uv": [15, 7], "uv_size": [6, 1]},
								"south": {"uv": [2, 19], "uv_size": [2, 1]},
								"west": {"uv": [15, 8], "uv_size": [6, 1]},
								"up": {"uv": [7, 10], "uv_size": [2, 6]},
								"down": {"uv": [9, 16], "uv_size": [2, -6]}
							}
						},
						{
							"origin": [-0.55, 0.3875, -6.8],
							"size": [1.35, 0.6, 1.5],
							"uv": {
								"north": {"uv": [17, 19], "uv_size": [1, 1]},
								"east": {"uv": [19, 2], "uv_size": [2, 1]},
								"south": {"uv": [19, 17], "uv_size": [1, 1]},
								"west": {"uv": [4, 19], "uv_size": [2, 1]}
							}
						},
						{
							"origin": [-1.1625, 0.9875, -6.8],
							"size": [2.325, 2.325, 1.5],
							"uv": {
								"north": {"uv": [6, 17], "uv_size": [2, 2]},
								"east": {"uv": [8, 17], "uv_size": [2, 2]},
								"south": {"uv": [17, 15], "uv_size": [2, 2]},
								"west": {"uv": [17, 17], "uv_size": [2, 2]},
								"up": {"uv": [0, 18], "uv_size": [2, 2]},
								"down": {"uv": [18, 6], "uv_size": [2, -2]}
							}
						},
						{
							"origin": [-0.5125, 3.6875, -7.55],
							"size": [1.025, 0.25, 2.5],
							"uv": {
								"north": {"uv": [6, 17], "uv_size": [2, 2]},
								"east": {"uv": [8, 17], "uv_size": [2, 2]},
								"south": {"uv": [17, 15], "uv_size": [2, 2]},
								"west": {"uv": [17, 17], "uv_size": [2, 2]},
								"up": {"uv": [0, 18], "uv_size": [2, 2]},
								"down": {"uv": [18, 6], "uv_size": [2, -2]}
							}
						},
						{
							"origin": [-0.625, 3.9375, -7.75],
							"size": [1.25, 0.75, 2.75],
							"uv": {
								"north": {"uv": [6, 17], "uv_size": [2, 2]},
								"east": {"uv": [8, 17], "uv_size": [2, 2]},
								"south": {"uv": [17, 15], "uv_size": [2, 2]},
								"west": {"uv": [17, 17], "uv_size": [2, 2]},
								"up": {"uv": [0, 18], "uv_size": [2, 2]},
								"down": {"uv": [18, 6], "uv_size": [2, -2]}
							}
						},
						{
							"origin": [-0.625, 4.6875, -7.5],
							"size": [1.25, 1, 0.75],
							"uv": {
								"north": {"uv": [6, 17], "uv_size": [2, 2]},
								"east": {"uv": [8, 17], "uv_size": [2, 2]},
								"south": {"uv": [17, 15], "uv_size": [2, 2]},
								"west": {"uv": [17, 17], "uv_size": [2, 2]},
								"up": {"uv": [0, 18], "uv_size": [2, 2]},
								"down": {"uv": [18, 6], "uv_size": [2, -2]}
							}
						},
						{
							"origin": [-0.625, 4.63572, -7.80178],
							"size": [1.25, 0.17678, 0.35355],
							"pivot": [0, 4.8125, -7.625],
							"rotation": [45, 0, 0],
							"uv": {
								"north": {"uv": [6, 17], "uv_size": [2, 2]},
								"east": {"uv": [8, 17], "uv_size": [2, 2]},
								"south": {"uv": [17, 15], "uv_size": [2, 2]},
								"west": {"uv": [17, 17], "uv_size": [2, 2]},
								"up": {"uv": [0, 18], "uv_size": [2, 2]},
								"down": {"uv": [18, 6], "uv_size": [2, -2]}
							}
						},
						{
							"origin": [-0.625, 4.75184, -7.125],
							"size": [1.25, 0.53033, 1.06066],
							"pivot": [0, 4.90717, -6.75],
							"rotation": [-45, 0, 0],
							"uv": {
								"north": {"uv": [6, 17], "uv_size": [2, 2]},
								"east": {"uv": [8, 17], "uv_size": [2, 2]},
								"south": {"uv": [17, 15], "uv_size": [2, 2]},
								"west": {"uv": [17, 17], "uv_size": [2, 2]},
								"up": {"uv": [0, 18], "uv_size": [2, 2]},
								"down": {"uv": [18, 6], "uv_size": [2, -2]}
							}
						},
						{
							"origin": [-0.2625, 3.3125, -6.55],
							"size": [0.525, 0.375, 1],
							"uv": {
								"north": {"uv": [6, 17], "uv_size": [2, 2]},
								"east": {"uv": [8, 17], "uv_size": [2, 2]},
								"south": {"uv": [17, 15], "uv_size": [2, 2]},
								"west": {"uv": [17, 17], "uv_size": [2, 2]},
								"up": {"uv": [0, 18], "uv_size": [2, 2]},
								"down": {"uv": [18, 6], "uv_size": [2, -2]}
							}
						},
						{
							"origin": [-1.1625, 0.9875, -2.5],
							"size": [2.325, 2.325, 1.5],
							"uv": {
								"north": {"uv": [10, 18], "uv_size": [2, 2]},
								"east": {"uv": [18, 11], "uv_size": [2, 2]},
								"south": {"uv": [12, 18], "uv_size": [2, 2]},
								"west": {"uv": [18, 13], "uv_size": [2, 2]},
								"up": {"uv": [14, 18], "uv_size": [2, 2]},
								"down": {"uv": [19, 2], "uv_size": [2, -2]}
							}
						},
						{
							"origin": [-0.55, 0.3875, -2.5],
							"size": [1.35, 0.6, 1.5],
							"uv": {
								"north": {"uv": [18, 19], "uv_size": [1, 1]},
								"east": {"uv": [6, 19], "uv_size": [2, 1]},
								"south": {"uv": [19, 18], "uv_size": [1, 1]},
								"west": {"uv": [8, 19], "uv_size": [2, 1]}
							}
						}
					]
				}
			]
		}
	]
}