{
	"format_version": "1.8.0",
	"animations": {
		"static_idle": {
			"animation_length": 0.0667,
			"bones": {
				"lefthand": {
					"rotation": [97.704, -29.88, -140.639],
					"position": [7.112, -12.069, -5.555],
					"scale": [1, 1.5, 1]
				},
				"righthand": {
					"rotation": [-240.66833, 26.88346, -148.73246],
					"position": [-7.558, -11.837, 5.326],
					"scale": [1, 1.5, 1]
				},
				"bolt": {
					"position": [0, 0, 2.5]
				},
				"constraint": {
					"rotation": [0.3, 0.2, 0.3],
					"position": [0.1, 0.1, 0.5]
				}
			}
		},
		"static_bolt_caught": {
			"animation_length": 0.0667,
			"bones": {
				"bolt": {
					"position": [0, 0, -2.5]
				},
				"bullet": {
					"scale": 0
				},
				"bullet2": {
					"scale": 0
				},
				"bullet3": {
					"scale": 0
				},
				"bullet4": {
					"scale": 0
				}
			}
		},
		"draw": {
			"animation_length": 1.0417,
			"bones": {
				"lefthand": {
					"rotation": [97.704, -29.88, -140.639],
					"position": [7.112, -12.069, -5.555],
					"scale": [1, 1.5, 1]
				},
				"righthand": {
					"rotation": [-240.66833, 26.88346, -148.73246],
					"position": [-7.558, -11.837, 5.326],
					"scale": [1, 1.5, 1]
				},
				"bolt": {
					"position": [0, 0, 2.5]
				},
				"constraint": {
					"rotation": [0.3, 0.2, 0.3],
					"position": [0.1, 0.1, 0.5]
				},
				"root": {
					"rotation": {
						"0.0": [3.75, -33.541, 39.18],
						"0.0417": [3.212, -32.972, 39.813],
						"0.0833": [1.241, -30.344, 42.165],
						"0.125": [0.345, -28.461, 42.976],
						"0.1667": [-0.217, -25.614, 42.489],
						"0.2083": [-0.411, -21.933, 40.436],
						"0.25": [-0.193, -15.745, 34.403],
						"0.2917": [1.754, -11.615, 20.161],
						"0.3333": [0.359, -6.327, 11.267],
						"0.375": [-0.78, -3.558, 6.1],
						"0.4167": [-1.608, -0.67, -0.393],
						"0.4583": [-1.799, 0.401, -3.639],
						"0.5": [-1.846, 0.79, -4.572],
						"0.5417": [-1.544, 0.665, -5.032],
						"0.5833": [-0.014, -0.16, -1.176],
						"0.625": [0.203, -0.358, -1.734],
						"0.6667": [0.427, -0.646, -2.843],
						"0.7083": [0.308, -0.765, -1.876],
						"0.75": [0.023, -0.459, -1.389],
						"0.7917": [0.09, -0.258, -1.308],
						"0.8333": [0.183, -0.062, -0.619],
						"0.875": [0.23, 0.031, -0.171],
						"0.9167": [0.241, 0.225, 0.079],
						"0.9583": [0.094, 0.115, 0.033],
						"1.0": [0.023, 0.03, 0.031],
						"1.0417": [0, 0, 0]
					},
					"position": {
						"0.0": [-0.824, -10.839, 0.431],
						"0.0417": [-1.09, -9.467, -0.332],
						"0.0833": [0.2, -5.94, -2.046],
						"0.125": [1.809, -4.373, -2.608],
						"0.1667": [1.677, -3.256, -2.997],
						"0.2083": [1.553, -2.446, -3.229],
						"0.25": [1.316, -1.422, -3.332],
						"0.2917": [1.094, -1.132, -3.248],
						"0.3333": [0.425, -0.669, -3.026],
						"0.375": [-0.028, -0.359, -2.771],
						"0.4167": [-0.415, -0.004, -1.888],
						"0.4583": [-0.369, 0.09, -1.042],
						"0.5": [-0.242, 0.104, -0.23],
						"0.5417": [-0.087, 0.096, 0.227],
						"0.5833": [0.065, 0.004, -0.39],
						"0.625": [0.069, -0.016, -0.548],
						"0.6667": [0.067, -0.04, -0.691],
						"0.7083": [0.041, -0.042, -0.641],
						"0.75": [-0.032, -0.029, -0.274],
						"0.7917": [-0.057, -0.028, -0.13],
						"0.8333": [-0.078, -0.028, -0.041],
						"0.875": [-0.087, -0.027, -0.016],
						"0.9167": [-0.066, -0.019, -0.062],
						"0.9583": [-0.026, -0.007, -0.06],
						"1.0": [-0.006, -0.002, -0.02],
						"1.0417": [0, 0, 0]
					}
				},
				"camera": {
					"rotation": {
						"0.0": {
							"post": [0, 0, 0],
							"lerp_mode": "catmullrom"
						},
						"0.25": {
							"post": [1.075, 0, 0.625],
							"lerp_mode": "catmullrom"
						},
						"0.5417": {
							"post": [-0.125, 0, -0.1],
							"lerp_mode": "catmullrom"
						},
						"0.5833": {
							"post": [0.15, 0, 0.125],
							"lerp_mode": "catmullrom"
						},
						"0.7083": {
							"post": [-0.05, 0, -0.05],
							"lerp_mode": "catmullrom"
						},
						"0.8333": {
							"post": [0, 0, 0.025],
							"lerp_mode": "catmullrom"
						},
						"0.9583": {
							"post": [0, 0, 0],
							"lerp_mode": "catmullrom"
						}
					}
				}
			},
			"sound_effects": {
				"0.2917": {
					"effect": "tacz:ump45/ump45_raise_quick"
				}
			}
		},
		"put_away": {
			"animation_length": 0.4583,
			"bones": {
				"lefthand": {
					"rotation": {
						"0.0": {
							"post": [97.704, -29.88, -140.639],
							"lerp_mode": "catmullrom"
						},
						"0.125": {
							"post": [118.92202, -10.98387, -196.42126],
							"lerp_mode": "catmullrom"
						},
						"0.25": {
							"post": [120.08162, -6.32188, -234.28859],
							"lerp_mode": "catmullrom"
						}
					},
					"position": {
						"0.0": {
							"post": [7.112, -12.069, -5.555],
							"lerp_mode": "catmullrom"
						},
						"0.125": {
							"post": [9.11, -9.07, -5.55],
							"lerp_mode": "catmullrom"
						},
						"0.25": {
							"post": [7.11, -6.07, -8.55],
							"lerp_mode": "catmullrom"
						}
					},
					"scale": [1, 1.5, 1]
				},
				"righthand": {
					"rotation": [-240.66833, 26.88346, -148.73246],
					"position": [-7.558, -11.837, 5.326],
					"scale": [1, 1.5, 1]
				},
				"bolt": {
					"position": [0, 0, 2.5]
				},
				"constraint": {
					"rotation": [0.3, 0.2, 0.3],
					"position": [0.1, 0.1, 0.5]
				},
				"root": {
					"rotation": {
						"0.0": [0, 0, 0],
						"0.0417": [-0.569, -0.003, 5.018],
						"0.0833": [-2.447, -0.087, 22.848],
						"0.125": [-1.933, -1.636, 29.538],
						"0.1667": [0.762, -5.751, 31.746],
						"0.2083": [5.23, -12.003, 33.27],
						"0.25": [16.085, -27.043, 33.965],
						"0.2917": [21.774, -34.333, 33.206],
						"0.3333": [26.956, -40.562, 32.029],
						"0.375": [30.676, -45.178, 31.004],
						"0.4167": [34.025, -48.529, 28.672],
						"0.4583": [35.303, -48.148, 26.884]
					},
					"position": {
						"0.0": [0, 0, 0],
						"0.0417": [-0.376, -0.04, -0.284],
						"0.0833": [-1.779, -0.814, -1.917],
						"0.125": [-2.511, -1.566, -2.827],
						"0.1667": [-3.188, -2.654, -3.498],
						"0.2083": [-3.808, -3.961, -3.691],
						"0.25": [-4.788, -6.679, -1.485],
						"0.2917": [-5.106, -8.035, 0.504],
						"0.3333": [-5.274, -9.371, 2.545],
						"0.375": [-5.254, -10.69, 4.225],
						"0.4167": [-4.44, -14.142, 5.215],
						"0.4583": [-4.074, -15.921, 5.651]
					}
				},
				"camera": {
					"rotation": {
						"0.0": [0, 0, 0],
						"0.25": [0, 0, 0.525],
						"0.4583": [0, 0, 0]
					}
				}
			},
			"sound_effects": {
				"0.0": {
					"effect": "tacz:ump45/ump45_drop"
				}
			}
		},
		"reload_empty": {
			"animation_length": 3.125,
			"bones": {
				"lefthand": {
					"rotation": {
						"0.0": [97.704, -29.88, -140.639],
						"0.25": [111.41234, -11.29639, -187.93984],
						"0.5": [120.76661, 0.32391, -215.99136],
						"0.625": [117.47, -3.99, -205.23],
						"1.0": [107.59, -16.94, -172.93],
						"1.125": [87.20037, -31.309, -157.89239],
						"1.625": [87.20037, -31.309, -157.89239],
						"1.7917": [111.41234, -11.29639, -187.93984],
						"1.9583": [97.704, -29.88, -140.639]
					},
					"position": {
						"0.0": [7.112, -12.069, -5.555],
						"0.25": [8.61, -11.57, -5.55],
						"0.5": [8.11, -11.07, -5.55],
						"0.625": [7.97, -12.21, -5.55],
						"1.0": [7.54, -11.64, -5.55],
						"1.125": [8.40435, -15.85452, -5.64493],
						"1.625": [8.40435, -15.85452, -5.64493],
						"1.7917": [8.61, -11.57, -5.55],
						"1.9583": [7.112, -12.069, -5.555]
					},
					"scale": {
						"0.0": [1, 1.5, 1],
						"1.625": [1, 1.5, 1]
					}
				},
				"righthand": {
					"rotation": {
						"0.0": [-240.66833, 26.88346, -148.73246],
						"1.625": [-240.66833, 26.88346, -148.73246],
						"1.9583": [-240.67, 26.88, -148.73],
						"2.0417": [-245.44941, 13.00963, -126.51084],
						"2.125": [-255.3865, 5.33446, -110.56518],
						"2.2917": [-264.29249, -23.50476, -90.65363],
						"2.4583": [-245.44941, 13.00963, -126.51084],
						"2.5417": [-240.67, 26.88, -148.73]
					},
					"position": {
						"0.0": [-7.558, -11.837, 5.326],
						"1.625": [-7.558, -11.837, 5.326],
						"1.9583": [-7.56, -11.84, 5.33],
						"2.0417": [-10.2671, -11.34218, 5.98099],
						"2.125": [-8.83661, -10.96934, 4.30429],
						"2.2917": [-8.9789, -10.57728, 6.76505],
						"2.4583": [-10.2671, -11.34218, 5.98099],
						"2.5417": [-7.56, -11.84, 5.33]
					},
					"scale": {
						"0.0": [1, 1.5, 1],
						"1.625": [1, 1.5, 1]
					}
				},
				"bolt": {
					"position": {
						"2.125": [0, 0, 0],
						"2.2917": [0, 0, 3],
						"2.3333": [0, 0, 2.5]
					}
				},
				"constraint": {
					"rotation": {
						"0.0": [0.3, 0.2, 0.3],
						"1.625": [0.3, 0.2, 0.3]
					},
					"position": {
						"0.0": [0.1, 0.1, 0.5],
						"1.625": [0.1, 0.1, 0.5]
					}
				},
				"root": {
					"rotation": {
						"0.0": [0, 0, 0],
						"0.0417": [0.134, -0.159, -2.183],
						"0.0833": [-4.001, -0.254, -13.739],
						"0.125": [-8.236, -1.449, -19.531],
						"0.1667": [-13.007, -3.69, -23.549],
						"0.2083": [-17.847, -6.377, -26.365],
						"0.25": [-26.363, -11.056, -30.523],
						"0.2917": [-29.044, -12.606, -31.643],
						"0.3333": [-29.16, -14.598, -32.472],
						"0.375": [-28.125, -13.246, -31.272],
						"0.4167": [-26.07, -9.194, -26.98],
						"0.4583": [-25.146, -7.032, -25.104],
						"0.5": [-24.166, -6.559, -24.738],
						"0.5417": [-23.683, -6.744, -22.298],
						"0.5833": [-24.553, -8.595, -15.074],
						"0.625": [-25.881, -7.789, -11.235],
						"0.6667": [-25.915, -11.52, -21.619],
						"0.7083": [-27.288, -12.302, -27.939],
						"0.75": [-32.091, -9.088, -27.605],
						"0.7917": [-33.75, -6.76, -23.535],
						"0.8333": [-34.238, -6.098, -20.973],
						"0.875": [-33.765, -7.231, -21.251],
						"0.9167": [-31.364, -10.301, -24.893],
						"0.9583": [-30.193, -10.535, -24.899],
						"1.0": [-29.172, -10.45, -24.24],
						"1.0417": [-28.22, -10.732, -23.918],
						"1.0833": [-25.137, -17.309, -32.885],
						"1.125": [-23.113, -21.13, -38.711],
						"1.1667": [-21.426, -24.176, -42.932],
						"1.2083": [-20.381, -26.468, -45.127],
						"1.25": [-23.194, -26.619, -40.38],
						"1.2917": [-25.371, -24.79, -37.458],
						"1.3333": [-25.625, -23.854, -36.59],
						"1.375": [-25.048, -22.697, -36.331],
						"1.4167": [-25.564, -17.307, -30.33],
						"1.4583": [-24.677, -17.45, -30.747],
						"1.5": [-24.059, -17.905, -31.111],
						"1.5417": [-25.28, -16.99, -28.315],
						"1.5833": [-21.384, -11.867, -21.301],
						"1.625": [-17.215, -12.448, -22.082],
						"1.6667": [-16.754, -15.672, -26.845],
						"1.7083": [-17.454, -18.108, -30.803],
						"1.75": [-19.93, -15.921, -26.953],
						"1.7917": [-19.843, -13.57, -23.797],
						"1.8333": [-18.255, -11.472, -22.469],
						"1.875": [-16.837, -8.003, -16.364],
						"1.9167": [-12.263, -2.706, -1.102],
						"1.9583": [-9.697, -2.198, 5.202],
						"2.0": [-7.271, -2.102, 8.658],
						"2.0417": [-4.986, -1.501, 9.424],
						"2.0833": [-2.457, 0.377, 9.156],
						"2.125": [-2.794, 1.291, 9.771],
						"2.1667": [-4.464, 1.177, 13.027],
						"2.2083": [-6.268, 1.394, 12.385],
						"2.25": [-8.615, 1.502, 5.407],
						"2.2917": [-9.052, 3.185, 8.965],
						"2.3333": [-7.462, 5.929, 16.941],
						"2.375": [-8.702, 2.686, 13.25],
						"2.4167": [-7.562, 0.455, 11.285],
						"2.4583": [-5.889, 2.453, 18.843],
						"2.5": [-5.328, 2.875, 17.456],
						"2.5417": [-5.115, 1.928, 14.569],
						"2.5833": [-2.36, -0.858, 14.508],
						"2.625": [-0.656, -2.012, 13.685],
						"2.6667": [1.078, -1.567, 12.246],
						"2.7083": [2.13, -0.383, 10.315],
						"2.75": [0.927, 0.908, -0.793],
						"2.7917": [0.026, 0.786, -5.688],
						"2.8333": [-1.074, 0.438, -7.957],
						"2.875": [-1.44, -0.233, -3.796],
						"2.9167": [-0.761, -0.261, 2.468],
						"2.9583": [-0.329, 0.174, 0.602],
						"3.0": [-0.055, 0.084, -0.89],
						"3.0417": [0.029, -0.188, -1.423],
						"3.0833": [0.034, -0.158, -0.697],
						"3.125": [0, 0, 0]
					},
					"position": {
						"0.0": [0, 0, 0],
						"0.0417": [0.119, -0.11, -0.265],
						"0.0833": [0.108, 0.037, -1.314],
						"0.125": [0.002, 0.47, -1.76],
						"0.1667": [-0.106, 0.981, -2.135],
						"0.2083": [-0.218, 1.49, -2.3],
						"0.25": [-0.405, 1.936, -1.973],
						"0.2917": [-0.368, 1.764, -1.759],
						"0.3333": [-0.379, 1.548, -1.57],
						"0.375": [-0.327, 1.449, -1.437],
						"0.4167": [-0.207, 1.388, -1.198],
						"0.4583": [-0.209, 1.325, -1.184],
						"0.5": [-0.21, 1.306, -1.202],
						"0.5417": [-0.217, 1.268, -1.244],
						"0.5833": [-0.343, 1.385, -1.191],
						"0.625": [-0.421, 1.759, -1.039],
						"0.6667": [-0.346, 1.89, -1.108],
						"0.7083": [-0.393, 1.939, -1.045],
						"0.75": [-0.605, 1.611, -1.002],
						"0.7917": [-0.762, 1.568, -0.984],
						"0.8333": [-0.875, 1.553, -0.987],
						"0.875": [-0.921, 1.501, -0.986],
						"0.9167": [-0.803, 1.358, -1.049],
						"0.9583": [-0.675, 1.283, -1.088],
						"1.0": [-0.534, 1.205, -1.121],
						"1.0417": [-0.409, 1.156, -1.152],
						"1.0833": [-0.128, 1.201, -1.171],
						"1.125": [0.019, 1.24, -1.152],
						"1.1667": [0.131, 1.292, -1.144],
						"1.2083": [0.23, 1.333, -1.111],
						"1.25": [0.291, 1.423, -1.175],
						"1.2917": [0.338, 1.405, -1.24],
						"1.3333": [0.293, 1.458, -1.218],
						"1.375": [0.286, 1.369, -1.228],
						"1.4167": [0.251, 1.207, -1.251],
						"1.4583": [0.278, 1.202, -1.245],
						"1.5": [0.298, 1.21, -1.239],
						"1.5417": [0.269, 1.117, -1.235],
						"1.5833": [0.585, 0.622, -1.335],
						"1.625": [0.489, 0.67, -1.371],
						"1.6667": [0.376, 0.821, -1.361],
						"1.7083": [0.298, 0.828, -1.337],
						"1.75": [0.173, 0.47, -1.287],
						"1.7917": [0.074, 0.166, -1.302],
						"1.8333": [-0.06, 0.004, -1.301],
						"1.875": [-0.197, -0.177, -1.317],
						"1.9167": [-0.433, -0.492, -1.315],
						"1.9583": [-0.438, -0.649, -1.316],
						"2.0": [-0.426, -0.786, -1.305],
						"2.0417": [-0.319, -0.791, -1.294],
						"2.0833": [-0.147, -0.488, -1.257],
						"2.125": [-0.051, -0.311, -1.393],
						"2.1667": [-0.099, -0.251, -1.019],
						"2.2083": [-0.071, -0.292, -0.875],
						"2.25": [-0.282, -0.174, -0.742],
						"2.2917": [-0.393, 0.03, -0.994],
						"2.3333": [-0.508, 0.087, -2.169],
						"2.375": [-0.296, -0.125, -2.173],
						"2.4167": [-0.299, -0.44, -2.1],
						"2.4583": [-0.438, -0.451, -2.469],
						"2.5": [-0.263, -0.445, -2.349],
						"2.5417": [-0.093, -0.521, -1.992],
						"2.5833": [-0.177, -0.731, -2.424],
						"2.625": [-0.133, -0.866, -2.728],
						"2.6667": [-0.067, -1.004, -3.008],
						"2.7083": [0.005, -1.127, -3.165],
						"2.75": [0.167, -0.836, -2.244],
						"2.7917": [0.301, -0.535, -1.44],
						"2.8333": [0.336, -0.26, -0.698],
						"2.875": [0.108, -0.044, 0.01],
						"2.9167": [-0.041, 0.068, -0.254],
						"2.9583": [0.075, 0.034, -0.332],
						"3.0": [0.151, -0.056, -0.297],
						"3.0417": [0.125, -0.088, -0.207],
						"3.0833": [0.037, -0.05, -0.032],
						"3.125": [0, 0, 0]
					}
				},
				"mag_and_lefthand": {
					"rotation": {
						"0.5417": [0, 0, 0],
						"0.625": [0, 0, 0],
						"0.75": [0, 0, -20],
						"0.875": [12.5, 12.5, -37.5],
						"1.0": [77.55358, 52.50909, 27.52543],
						"1.1667": [-5.22246, -8.92376, 3.26173],
						"1.2917": [0, 0, 0],
						"1.4583": [0, 0, 0],
						"1.625": [0, 0, 0]
					},
					"position": {
						"0.5417": [0, 0, 0],
						"0.625": [0, -2, 0],
						"0.75": [4.69846, -5.2899, 0],
						"0.875": [8.48898, -9.76618, 6.26785],
						"1.0": [5.25155, -8.08234, 11.0307],
						"1.1667": [5.54391, -6.42762, 6.23559],
						"1.2917": [0, -2, 0],
						"1.4583": [0, -2, 0],
						"1.625": [0, 0, 0]
					}
				},
				"charginghandle": {
					"rotation": {
						"2.125": [0, 0, 0],
						"2.2917": [0, 0, 0],
						"2.375": [0, 0, 0]
					},
					"position": {
						"2.125": [0, 0, 0],
						"2.2917": [0, 0, 3],
						"2.375": [0, 0, 0]
					}
				},
				"mag": {
					"rotation": {
						"0.0": [0, 0, 0],
						"0.5417": [0, 0, 0],
						"0.625": [0, 0, 0],
						"0.6667": {
							"pre": [0, 0, 0],
							"post": [0, 0, 0],
							"lerp_mode": "catmullrom"
						},
						"0.75": {
							"post": [-13.52412, 0.06423, -11.57684],
							"lerp_mode": "catmullrom"
						},
						"0.7917": {
							"post": [-5, 0, -17.5],
							"lerp_mode": "catmullrom"
						},
						"0.875": {
							"post": [-4.92442, -0.86717, -27.46271],
							"lerp_mode": "catmullrom"
						},
						"1.0": {
							"post": [-5, 0, -17.5],
							"lerp_mode": "catmullrom"
						},
						"1.0417": [0, 0, 0]
					},
					"position": {
						"0.0": [0, 0, 0],
						"0.5417": [0, 0, 0],
						"0.625": [0, 1, 0],
						"0.6667": {
							"pre": [0, 1, 0],
							"post": [0, 1, 0],
							"lerp_mode": "catmullrom"
						},
						"0.75": {
							"post": [-2.4, -0.23, -10.73],
							"lerp_mode": "catmullrom"
						},
						"0.7917": {
							"post": [-3.52855, -4.70126, -13.58419],
							"lerp_mode": "catmullrom"
						},
						"0.875": {
							"post": [-4.6, -15.26, -11.33],
							"lerp_mode": "catmullrom"
						},
						"1.0": {
							"post": [1.2, -6.94, -4.57],
							"lerp_mode": "catmullrom"
						},
						"1.0417": [0, 1, 0],
						"1.375": [0, 1, 0],
						"1.5417": [0, 0, 0]
					}
				},
				"camera": {
					"rotation": {
						"0.0": [-0.002, -0.004, 0],
						"0.0417": [-0.002, -0.004, 0.357],
						"0.0833": [-0.042, -0.037, 1.365],
						"0.125": [-0.075, -0.047, 1.212],
						"0.1667": [-0.079, -0.062, 0.77],
						"0.2083": [-0.083, -0.077, 0.328],
						"0.25": [-0.091, -0.106, -0.555],
						"0.2917": [-0.062, -0.138, -0.71],
						"0.3333": [-0.012, -0.165, -0.46],
						"0.375": [0.059, -0.202, 0.106],
						"0.4167": [0.202, -0.277, 1.24],
						"0.4583": [0.287, -0.317, 1.597],
						"0.5": [0.467, -0.304, 1.131],
						"0.5417": [0.65, -0.257, 0.161],
						"0.5833": [0.627, -0.104, -1.697],
						"0.625": [0.205, 0.018, -1.901],
						"0.6667": [-0.169, 0.107, -0.32],
						"0.7083": [-0.307, 0.127, 1.59],
						"0.75": [-0.231, 0.087, 1.801],
						"0.7917": [-0.186, 0.067, 0.765],
						"0.8333": [-0.14, 0.048, -0.272],
						"0.875": [-0.098, 0.043, -1.075],
						"0.9167": [0.008, 0.043, -0.816],
						"0.9583": [0.073, 0.039, -0.378],
						"1.0": [0.137, 0.038, 0.06],
						"1.0417": [0.192, 0.035, 0.258],
						"1.0833": [0.298, -0.024, -0.093],
						"1.125": [0.351, -0.053, -0.268],
						"1.1667": [0.398, -0.097, -0.437],
						"1.2083": [0.445, -0.142, -0.605],
						"1.25": [0.503, -0.191, 0.037],
						"1.2917": [0.49, -0.195, 1.412],
						"1.3333": [0.367, -0.143, 1.241],
						"1.375": [0.244, -0.092, 1.07],
						"1.4167": [-0.041, 0.088, 0.41],
						"1.4583": [-0.184, 0.176, 0.079],
						"1.5": [-0.328, 0.264, -0.252],
						"1.5417": [-0.383, 0.315, -0.463],
						"1.5833": [0.337, 0.54, -1.522],
						"1.6667": [0.395, 0.707, 0.609],
						"1.75": [0.062, 0.614, 0.808],
						"1.7917": [0.044, 0.559, 1.118],
						"1.8333": [0.025, 0.504, 1.428],
						"1.875": [0.006, 0.449, 1.738],
						"1.9167": [0.033, 0.302, 2.141],
						"1.9583": [0.046, 0.228, 2.343],
						"2.0": [0.058, 0.154, 2.544],
						"2.0417": [0.071, 0.08, 2.746],
						"2.0833": [0.17, -0.032, 3.326],
						"2.125": [0.366, -0.051, 3.241],
						"2.1667": [0.947, 0.229, 1.647],
						"2.2083": [1.361, 0.517, 0.393],
						"2.25": [0.753, 0.254, 1.292],
						"2.2917": [0.573, 0.258, 1.387],
						"2.3333": [-0.202, -0.104, 0.848],
						"2.375": [0.131, 0.142, -0.578],
						"2.4167": [0.535, 0.24, 0.971],
						"2.5": [0.387, -0.175, 1.139],
						"2.5417": [0.295, -0.251, -0.113],
						"2.5833": [0.174, -0.215, -0.886],
						"2.625": [0.063, -0.155, -0.28],
						"2.6667": [-0.029, -0.096, 0.317],
						"2.75": [-0.155, 0.039, 1.394],
						"2.7917": [0.33, 0.28, 1.176],
						"2.875": [0.371, 0.374, -0.377],
						"2.9167": [0.206, 0.396, -0.796],
						"2.9583": [-0.119, 0.216, 0.968],
						"3.0417": [-0.161, 0.081, -0.237],
						"3.125": [0, 0, 0]
					}
				},
				"bullet": {
					"scale": {
						"0.0": [0, 0, 0],
						"1.0": {
							"pre": [0, 0, 0],
							"post": [1, 1, 1]
						}
					}
				},
				"bullet2": {
					"scale": {
						"0.0": [0, 0, 0],
						"1.0": {
							"pre": [0, 0, 0],
							"post": [1, 1, 1]
						}
					}
				},
				"bullet3": {
					"scale": {
						"0.0": [0, 0, 0],
						"1.0": {
							"pre": [0, 0, 0],
							"post": [1, 1, 1]
						}
					}
				},
				"bullet4": {
					"scale": {
						"0.0": [0, 0, 0],
						"1.0": {
							"pre": [0, 0, 0],
							"post": [1, 1, 1]
						}
					}
				}
			},
			"sound_effects": {
				"0.0": {
					"effect": "tacz:ump45/ump45_reload_empty_raise"
				},
				"0.4583": {
					"effect": "tacz:ump45/ump45_reload_fast_magout"
				},
				"1.2917": {
					"effect": "tacz:ump45/ump45_reload_empty_magin"
				},
				"2.0833": {
					"effect": "tacz:ump45/ump45_reload_empty_fast_charge"
				},
				"2.25": {
					"effect": "tacz:ump45/ump45_reload_empty_bolt_release"
				},
				"2.5417": {
					"effect": "tacz:ump45/ump45_reload_empty_end"
				}
			}
		},
		"reload_tactical": {
			"animation_length": 2.5417,
			"bones": {
				"lefthand": {
					"rotation": {
						"0.0": [97.704, -29.88, -140.639],
						"0.25": [111.41234, -11.29639, -187.93984],
						"0.5": [120.76661, 0.32391, -215.99136],
						"1.0": [107.59, -16.94, -172.93],
						"1.125": [87.20037, -31.309, -157.89239],
						"1.625": [87.20037, -31.309, -157.89239],
						"1.7917": [111.41234, -11.29639, -187.93984],
						"1.9583": [97.704, -29.88, -140.639]
					},
					"position": {
						"0.0": [7.112, -12.069, -5.555],
						"0.25": [8.61, -11.57, -5.55],
						"0.5": [8.11, -11.07, -5.55],
						"1.0": [7.54, -11.64, -5.55],
						"1.125": [8.40435, -15.85452, -5.64493],
						"1.625": [8.40435, -15.85452, -5.64493],
						"1.7917": [8.61, -11.57, -5.55],
						"1.9583": [7.112, -12.069, -5.555]
					},
					"scale": {
						"0.0": [1, 1.5, 1],
						"1.625": [1, 1.5, 1]
					}
				},
				"righthand": {
					"rotation": {
						"0.0": [-240.66833, 26.88346, -148.73246],
						"1.625": [-240.66833, 26.88346, -148.73246]
					},
					"position": {
						"0.0": [-7.558, -11.837, 5.326],
						"1.625": [-7.558, -11.837, 5.326]
					},
					"scale": {
						"0.0": [1, 1.5, 1],
						"1.625": [1, 1.5, 1]
					}
				},
				"bolt": {
					"position": [0, 0, 2.5]
				},
				"constraint": {
					"rotation": {
						"0.0": [0.3, 0.2, 0.3],
						"1.625": [0.3, 0.2, 0.3]
					},
					"position": {
						"0.0": [0.1, 0.1, 0.5],
						"1.625": [0.1, 0.1, 0.5]
					}
				},
				"root": {
					"rotation": {
						"0.0": [0, 0, 0],
						"0.0417": [-0.353, 0.06, -1.446],
						"0.0833": [-6.701, 0.827, -9.759],
						"0.125": [-11.593, -0.107, -14.78],
						"0.1667": [-15.659, -2.715, -19.812],
						"0.2083": [-18.336, -6.196, -24.753],
						"0.25": [-20.942, -11.487, -32.889],
						"0.2917": [-21.501, -12.733, -35.645],
						"0.3333": [-21.009, -14.051, -37.436],
						"0.375": [-20.543, -13.64, -36.852],
						"0.4167": [-20.329, -10.22, -31.885],
						"0.4583": [-19.997, -8.498, -29.721],
						"0.5": [-19.284, -8.008, -29.291],
						"0.5417": [-18.404, -8.26, -26.892],
						"0.5833": [-16.32, -6.1, -17.376],
						"0.625": [-17.598, -5.101, -11.11],
						"0.6667": [-18.026, -7.688, -21.855],
						"0.7083": [-19.581, -8.072, -28.469],
						"0.75": [-23.97, -5.606, -28.977],
						"0.7917": [-25.189, -4.22, -25.434],
						"0.8333": [-24.933, -4.705, -23.581],
						"0.875": [-23.664, -6.576, -24.937],
						"0.9167": [-21.099, -9.133, -29.383],
						"0.9583": [-20.347, -8.93, -28.611],
						"1.0": [-19.853, -8.433, -26.991],
						"1.0417": [-19.566, -8.061, -25.567],
						"1.0833": [-18.847, -11.407, -30.961],
						"1.125": [-18.095, -14.427, -36.202],
						"1.1667": [-17.324, -17.269, -40.702],
						"1.2083": [-17.247, -19.256, -42.478],
						"1.25": [-20.681, -19.118, -36.508],
						"1.2917": [-22.165, -17.983, -34.775],
						"1.3333": [-22.81, -16.667, -32.918],
						"1.375": [-22.527, -15.522, -32.543],
						"1.4167": [-22.321, -12.128, -26.482],
						"1.4583": [-21.091, -12.293, -27.817],
						"1.5": [-18.997, -11.562, -29.075],
						"1.5417": [-18.144, -11.858, -32.255],
						"1.5833": [-14.464, -8.739, -30.404],
						"1.625": [-15.425, -7.856, -25.037],
						"1.6667": [-16.908, -6.109, -20.593],
						"1.7083": [-17.519, -5.543, -21.154],
						"1.75": [-17.444, -4.089, -14.511],
						"1.7917": [-15.393, -2.634, -8.75],
						"1.8333": [-12.647, -1.459, -2.617],
						"1.875": [-9.495, -0.587, 3.408],
						"1.9167": [-3.067, -0.161, 11.354],
						"1.9583": [-0.412, -0.201, 11.723],
						"2.0": [1.126, 0.12, 9.26],
						"2.0417": [1.306, 0.754, 6.113],
						"2.0833": [-0.072, 0.79, 0.224],
						"2.125": [-0.26, 0.195, -1.479],
						"2.1667": [-0.164, -0.362, -2.506],
						"2.2083": [0.06, -0.595, -1.27],
						"2.25": [-1.251, -0.152, 1.942],
						"2.2917": [-0.921, 0.169, 1.516],
						"2.3333": [-0.481, 0.106, 1.28],
						"2.375": [-0.102, -0.153, 0.708],
						"2.4167": [0.347, -0.226, -1.727],
						"2.4583": [0.247, -0.135, -1.222],
						"2.5": [0.083, -0.043, -0.394],
						"2.5417": [0, 0, 0]
					},
					"position": {
						"0.0": [0, 0, 0],
						"0.0417": [0.089, -0.047, -0.144],
						"0.0833": [0.046, 0.291, -1.146],
						"0.125": [-0.062, 0.741, -1.693],
						"0.1667": [-0.14, 1.224, -2.119],
						"0.2083": [-0.174, 1.613, -2.265],
						"0.25": [-0.252, 1.796, -2.035],
						"0.2917": [-0.189, 1.547, -1.843],
						"0.3333": [-0.23, 1.373, -1.671],
						"0.375": [-0.206, 1.379, -1.516],
						"0.4167": [-0.138, 1.412, -1.22],
						"0.4583": [-0.099, 1.295, -1.186],
						"0.5": [-0.079, 1.227, -1.203],
						"0.5417": [-0.072, 1.192, -1.234],
						"0.5833": [-0.237, 0.956, -1.196],
						"0.625": [-0.322, 1.093, -1.061],
						"0.6667": [-0.219, 1.178, -1.143],
						"0.7083": [-0.219, 1.284, -1.085],
						"0.75": [-0.337, 1.344, -1.079],
						"0.7917": [-0.426, 1.28, -1.07],
						"0.8333": [-0.447, 1.226, -1.07],
						"0.875": [-0.424, 1.135, -1.082],
						"0.9167": [-0.28, 0.989, -1.127],
						"0.9583": [-0.23, 0.973, -1.147],
						"1.0": [-0.181, 0.961, -1.166],
						"1.0417": [-0.147, 0.958, -1.202],
						"1.0833": [-0.053, 1.084, -1.227],
						"1.125": [0.024, 1.186, -1.22],
						"1.1667": [0.099, 1.26, -1.212],
						"1.2083": [0.153, 1.334, -1.2],
						"1.25": [0.233, 1.455, -1.262],
						"1.2917": [0.317, 1.493, -1.31],
						"1.3333": [0.284, 1.536, -1.312],
						"1.375": [0.261, 1.486, -1.297],
						"1.4167": [0.254, 1.329, -1.298],
						"1.4583": [0.289, 1.329, -1.306],
						"1.5": [0.302, 1.311, -1.305],
						"1.5417": [0.205, 1.31, -1.312],
						"1.5833": [0.819, 0.69, -1.365],
						"1.625": [0.501, 0.917, -1.392],
						"1.6667": [0.186, 1.11, -1.389],
						"1.7083": [0.07, 1.03, -1.387],
						"1.75": [0.144, 0.634, -1.421],
						"1.7917": [0.126, 0.379, -1.575],
						"1.8333": [0.105, 0.072, -1.795],
						"1.875": [0.047, -0.243, -2.045],
						"1.9167": [-0.088, -0.723, -2.646],
						"1.9583": [-0.146, -0.753, -3.063],
						"2.0": [-0.143, -0.692, -3.262],
						"2.0417": [-0.094, -0.451, -2.947],
						"2.0833": [0.198, 0.121, -1.549],
						"2.125": [0.306, 0.144, -0.732],
						"2.1667": [0.348, 0.076, 0.151],
						"2.2083": [0.214, 0.023, 0.577],
						"2.25": [0.008, 0.013, 0.317],
						"2.2917": [0.071, -0.05, 0.159],
						"2.3333": [0.116, -0.074, -0.035],
						"2.375": [0.086, -0.096, -0.164],
						"2.4167": [0.039, -0.099, -0.091],
						"2.4583": [0.012, -0.077, -0.033],
						"2.5": [-0.02, -0.019, 0.008],
						"2.5417": [0, 0, 0]
					}
				},
				"mag_and_lefthand": {
					"rotation": {
						"0.5417": [0, 0, 0],
						"0.625": [0, 0, 0],
						"0.75": [0, 0, -20],
						"0.875": [12.5, 12.5, -37.5],
						"1.0": [77.55358, 52.50909, 27.52543],
						"1.1667": [-5.22246, -8.92376, 3.26173],
						"1.2917": [0, 0, 0],
						"1.4583": [0, 0, 0],
						"1.625": [0, 0, 0]
					},
					"position": {
						"0.5417": [0, 0, 0],
						"0.625": [0, -2, 0],
						"0.75": [4.69846, -5.2899, 0],
						"0.875": [8.48898, -9.76618, 6.26785],
						"1.0": [5.25155, -8.08234, 11.0307],
						"1.1667": [5.54391, -6.42762, 6.23559],
						"1.2917": [0, -2, 0],
						"1.4583": [0, -2, 0],
						"1.625": [0, 0, 0]
					}
				},
				"mag": {
					"rotation": [0, 0, 0],
					"position": {
						"0.0": [0, 0, 0],
						"0.5833": [0, 0, 0],
						"0.6667": [0, 1, 0],
						"1.375": [0, 1, 0],
						"1.5417": [0, 0, 0]
					}
				},
				"camera": {
					"rotation": {
						"0.0": [0, 0, 0],
						"0.0417": [0, -0.011, 0.357],
						"0.0833": [-0.011, -0.043, 1.364],
						"0.125": [-0.037, -0.057, 1.211],
						"0.1667": [-0.05, -0.077, 0.769],
						"0.2083": [-0.063, -0.097, 0.327],
						"0.25": [-0.087, -0.138, -0.556],
						"0.2917": [-0.064, -0.166, -0.711],
						"0.3333": [-0.025, -0.2, -0.46],
						"0.375": [0.038, -0.24, 0.107],
						"0.4167": [0.163, -0.323, 1.24],
						"0.4583": [0.234, -0.366, 1.598],
						"0.5": [0.387, -0.347, 1.132],
						"0.5417": [0.536, -0.287, 0.164],
						"0.5833": [0.511, -0.111, -1.694],
						"0.7083": [-0.238, 0.149, 0.614],
						"0.7917": [-0.119, 0.05, -0.273],
						"0.875": [-0.081, 0.046, -1.075],
						"0.9167": [0.002, 0.052, -0.816],
						"0.9583": [0.058, 0.05, -0.377],
						"1.0": [0.114, 0.049, 0.061],
						"1.0417": [0.161, 0.045, 0.259],
						"1.0833": [0.25, -0.023, -0.092],
						"1.125": [0.294, -0.056, -0.267],
						"1.1667": [0.331, -0.107, -0.435],
						"1.2083": [0.367, -0.158, -0.603],
						"1.25": [0.417, -0.22, 0.038],
						"1.2917": [0.407, -0.22, 1.414],
						"1.3333": [0.308, -0.161, 1.242],
						"1.375": [0.208, -0.103, 1.071],
						"1.4167": [-0.026, 0.104, 0.41],
						"1.4583": [-0.143, 0.207, 0.079],
						"1.5": [-0.262, 0.309, -0.252],
						"1.5417": [-0.31, 0.367, -0.464],
						"1.5833": [-0.01, 0.085, 1.265],
						"1.625": [0.296, 0.651, -0.795],
						"1.7083": [0.185, 0.781, 0.446],
						"1.75": [0.078, 0.732, 0.81],
						"1.7917": [0.044, 0.65, 1.14],
						"1.8333": [0.008, 0.568, 1.47],
						"1.875": [-0.007, 0.466, 1.586],
						"1.9167": [-0.039, 0.263, 1.817],
						"1.9583": [-0.056, 0.161, 1.933],
						"2.0": [-0.072, 0.06, 2.048],
						"2.0417": [-0.089, -0.042, 2.164],
						"2.0833": [0.043, 0.199, 2.72],
						"2.125": [0.301, 0.349, 2.528],
						"2.1667": [0.427, 0.426, 2.023],
						"2.25": [0.052, 0.405, -0.158],
						"2.2917": [-0.084, 0.266, 0.693],
						"2.3333": [-0.162, 0.148, 0.769],
						"2.375": [-0.125, 0.094, 0.362],
						"2.4167": [-0.088, 0.04, 0.03],
						"2.4583": [-0.036, 0.014, 0.147],
						"2.5": [-0.01, 0.001, 0.018],
						"2.5417": [0, 0, 0]
					}
				}
			},
			"sound_effects": {
				"0.0": {
					"effect": "tacz:ump45/ump45_reload_raise"
				},
				"0.5": {
					"effect": "tacz:ump45/ump45_reload_magout"
				},
				"1.375": {
					"effect": "tacz:ump45/ump45_reload_magin"
				},
				"1.5833": {
					"effect": "tacz:ump45/ump45_reload_end"
				}
			}
		},
		"shoot": {
			"animation_length": 1.1333,
			"bones": {
				"ump45_bolt": {
					"position": {
						"0.0": [0, 0, 0],
						"0.0333": [0, 0, 2.55],
						"0.0667": [0, 0, 0]
					}
				},
				"root": {
					"rotation": {
						"0.0": [0, 0, 0],
						"0.0333": [-0.586, 0.022, -0.92],
						"0.0667": [-0.504, 0.013, -0.169],
						"0.1": [-0.273, 0.009, 0.812],
						"0.1333": [-0.014, 0.047, 1.048],
						"0.1667": [0.228, 0.118, 0.927],
						"0.2": [0.343, 0.179, 0.353],
						"0.2333": [0.458, 0.242, -0.221],
						"0.2667": [0.339, 0.226, -0.463],
						"0.3": [0.129, 0.177, -0.515],
						"0.3333": [-0.064, 0.105, -0.246],
						"0.3667": [-0.257, 0.034, 0.024],
						"0.4": [-0.21, -0.019, 0.183],
						"0.4333": [-0.162, -0.071, 0.343],
						"0.4667": [-0.098, -0.04, 0.194],
						"0.5": [-0.034, -0.008, 0.045],
						"0.5333": [0.03, 0.024, -0.104],
						"0.5667": [0.094, 0.056, -0.253],
						"0.6": [0.078, 0.045, -0.164],
						"0.6333": [0.062, 0.034, -0.075],
						"0.6667": [0.047, 0.023, 0.015],
						"0.7": [0.031, 0.011, 0.104],
						"0.7333": [0.022, 0.01, 0.058],
						"0.8": [0.013, 0.009, 0.011],
						"0.9": [0.003, 0.005, -0.103],
						"1.0": [0.002, 0.004, -0.077],
						"1.1333": [0, 0, 0]
					},
					"position": {
						"0.0": [0, 0, 0],
						"0.0333": [0.002, 0.029, 1.064],
						"0.0667": [0.007, 0.059, 0.539],
						"0.1": [0.012, 0.082, 0.258],
						"0.1333": [0, 0.036, 0.272],
						"0.1667": [-0.003, -0.014, 0.11],
						"0.2": [-0.014, -0.034, 0.084],
						"0.2333": [-0.024, -0.055, 0.058],
						"0.2667": [-0.009, -0.03, 0.051],
						"0.3": [0.001, -0.014, 0.042],
						"0.3333": [0.003, 0.004, 0.034],
						"0.3667": [0.016, -0.009, 0.043],
						"0.4": [0.032, 0.003, 0.056],
						"0.4333": [0.048, 0.015, 0.069],
						"0.4667": [0.039, 0.012, 0.057],
						"0.5": [0.03, 0.01, 0.045],
						"0.5333": [0.022, 0.007, 0.034],
						"0.5667": [0.013, 0.004, 0.022],
						"0.6": [-0.003, -0.006, 0.009],
						"0.6333": [-0.005, -0.007, 0.007],
						"0.6667": [-0.007, -0.007, 0.006],
						"0.7": [-0.01, -0.007, 0.005],
						"0.7333": [-0.008, -0.008, 0.005],
						"0.8": [-0.007, -0.008, 0.004],
						"0.9": [-0.003, -0.009, 0.003],
						"1.0": [-0.003, -0.008, 0.003],
						"1.1333": [0, 0, 0]
					}
				},
				"bolt": {
					"position": {
						"0.0": [0, 0, 2.5],
						"0.0333": [0, 0, 0],
						"0.1333": [0, 0, 3],
						"0.1667": {
							"pre": [0, 0, 2.5],
							"post": [0, 0, 0]
						}
					}
				},
				"camera": {
					"rotation": {
						"0.0": [0, 0, 0],
						"0.0333": [0, 0, 0.65],
						"0.0667": [0, 0, -0.37],
						"0.1": [0, 0, 0.41],
						"0.1333": [0, 0, -0.185],
						"0.1667": [0, 0, 0.2],
						"0.2": [0, 0, 0]
					}
				}
			}
		},
		"inspect": {
			"animation_length": 4.5667,
			"bones": {
				"lefthand": {
					"rotation": {
						"0.0": [97.704, -29.88, -140.639],
						"0.6": [97.7, -29.88, -140.64],
						"4.0": [97.704, -29.88, -140.639]
					},
					"position": {
						"0.0": [7.112, -12.069, -5.555],
						"0.6": [7.11, -12.07, -5.55],
						"0.7667": [7.11, -14.07, -5.55],
						"1.2": [7.11, -14.07, -5.55],
						"1.3333": [7.11, -14.07, -5.55],
						"1.6667": [7.11, -14.07, -5.55],
						"1.7667": [7.11, -14.07, -5.55],
						"3.6333": [7.11, -14.07, -5.55],
						"4.0": [7.112, -12.069, -5.555]
					},
					"scale": [1, 1.5, 1]
				},
				"righthand": {
					"rotation": [-240.66833, 26.88346, -148.73246],
					"position": [-7.558, -11.837, 5.326],
					"scale": [1, 1.5, 1]
				},
				"bolt": {
					"position": [0, 0, 2.5]
				},
				"constraint": {
					"rotation": [0.3, 0.2, 0.3],
					"position": [0.1, 0.1, 0.5]
				},
				"root": {
					"rotation": {
						"0.0": [0, 0, 0],
						"0.0333": [0.061, -0.093, -0.061],
						"0.0667": [0.011, -0.057, 1.89],
						"0.1": [-0.973, 0.029, 3.869],
						"0.1333": [-4.115, -0.261, 1.897],
						"0.1667": [-9.046, -1.672, -3.119],
						"0.2": [-14.176, -4.698, -9.861],
						"0.2333": [-17.979, -9.047, -17.071],
						"0.2667": [-19.785, -14.989, -26.49],
						"0.3": [-19.092, -22, -38.103],
						"0.3333": [-16.926, -27.77, -47.891],
						"0.3667": [-15.838, -31.434, -53.148],
						"0.4": [-15.388, -33.801, -55.903],
						"0.4333": [-14.57, -35.187, -58.187],
						"0.4667": [-12.897, -35.225, -60.227],
						"0.5": [-11.754, -34.947, -61.145],
						"0.5333": [-13.581, -35.177, -58.309],
						"0.5667": [-15.913, -35.445, -54.902],
						"0.6": [-15.878, -36.729, -55.82],
						"0.6333": [-15.978, -37.82, -56.646],
						"0.6667": [-17.517, -36.857, -54.089],
						"0.7": [-19.146, -35.034, -50.81],
						"0.7333": [-16.005, -34.541, -57.061],
						"0.7667": [-12.273, -33.82, -64.926],
						"0.8": [-18.238, -31.838, -55.38],
						"0.8333": [-24.76, -29.852, -45.76],
						"0.8667": [-24.091, -32.335, -50.133],
						"0.9": [-21.543, -34.794, -55.966],
						"0.9333": [-24.464, -33.439, -50.261],
						"0.9667": [-26.789, -31.447, -44.536],
						"1.0": [-25.41, -31.971, -45.529],
						"1.0333": [-23.629, -32.688, -47.531],
						"1.0667": [-22.115, -33.551, -49.496],
						"1.1": [-21.47, -34.26, -50.664],
						"1.1333": [-21.478, -34.884, -50.986],
						"1.1667": [-21.673, -35.44, -51.042],
						"1.2": [-22.01, -35.842, -50.821],
						"1.2333": [-22.44, -35.988, -50.394],
						"1.2667": [-22.88, -35.934, -49.838],
						"1.3": [-23.14, -35.778, -49.286],
						"1.3333": [-23.23, -35.63, -48.782],
						"1.3667": [-23.259, -35.456, -48.31],
						"1.4": [-23.218, -35.3, -47.908],
						"1.4333": [-23.089, -35.225, -47.633],
						"1.4667": [-22.618, -35.335, -47.671],
						"1.5": [-22.086, -35.575, -47.904],
						"1.5333": [-21.357, -36.269, -48.808],
						"1.5667": [-20.186, -37.448, -50.7],
						"1.6": [-18.447, -38.711, -53.349],
						"1.6333": [-16.38, -39.815, -56.337],
						"1.6667": [-14.738, -40.655, -58.916],
						"1.7": [-13.549, -41.196, -60.754],
						"1.7333": [-13.131, -41.344, -61.343],
						"1.7667": [-12.934, -41.244, -61.303],
						"1.8": [-12.072, -40.783, -62.537],
						"1.8333": [-10.656, -40.338, -65.196],
						"1.8667": [-13.215, -40.024, -62.796],
						"1.9": [-15.077, -39.954, -61.645],
						"1.9333": [-17.349, -39.599, -59.783],
						"1.9667": [-19.069, -39.161, -58.433],
						"2.0": [-20.046, -38.592, -58.009],
						"2.0333": [-20.854, -37.723, -57.484],
						"2.0667": [-20.426, -37.382, -57.661],
						"2.1": [-20.042, -37.248, -57.831],
						"2.1333": [-19.264, -36.981, -58.344],
						"2.1667": [-17.372, -37.432, -60.445],
						"2.2": [-13.207, -38.33, -65.518],
						"2.2333": [-18.66, -37.574, -59.487],
						"2.2667": [-22.645, -36.266, -55.517],
						"2.3": [-19.691, -36.754, -60.239],
						"2.3333": [-18.447, -36.495, -61.266],
						"2.3667": [-26.553, -37.526, -63.241],
						"2.4": [-30.361, -34.469, -54.757],
						"2.4333": [-24.725, -32.453, -50.605],
						"2.4667": [-19.341, -32.136, -54.806],
						"2.5": [-16.326, -33.174, -61.617],
						"2.5333": [-20.731, -31.823, -55.542],
						"2.5667": [-24.079, -29.791, -49.585],
						"2.6": [-22.787, -30.523, -51.712],
						"2.6333": [-20.786, -30.895, -54.147],
						"2.6667": [-20.869, -29.169, -51.062],
						"2.7": [-22.545, -25.394, -42.988],
						"2.7333": [-24.249, -20.207, -31.523],
						"2.7667": [-25.1, -14.117, -17.834],
						"2.8": [-24.816, -8.092, -2.899],
						"2.8333": [-23.356, -2.804, 12.593],
						"2.8667": [-21.42, 1.405, 27.661],
						"2.9": [-19.361, 4.296, 41.176],
						"2.9333": [-17.813, 6.18, 51.695],
						"2.9667": [-17.372, 7.321, 56.044],
						"3.0": [-17.188, 7.154, 58.26],
						"3.0333": [-16.444, 7.502, 59.514],
						"3.0667": [-15.667, 7.608, 60.192],
						"3.1": [-15.651, 7.473, 60.1],
						"3.1333": [-16.043, 7.365, 59.935],
						"3.1667": [-16.621, 7.322, 59.662],
						"3.2": [-16.937, 7.526, 58.794],
						"3.2333": [-17.198, 7.837, 58.152],
						"3.2667": [-17.202, 8.072, 57.818],
						"3.3": [-17.514, 8.247, 57.43],
						"3.3333": [-17.393, 8.306, 57.509],
						"3.3667": [-17.229, 8.332, 57.665],
						"3.4": [-17.101, 8.366, 57.943],
						"3.4333": [-16.999, 8.442, 58.32],
						"3.4667": [-16.932, 8.579, 58.769],
						"3.5": [-16.905, 8.814, 59.256],
						"3.5333": [-16.702, 8.718, 60.237],
						"3.5667": [-16.571, 8.462, 61.274],
						"3.6": [-16.704, 7.999, 62.01],
						"3.6333": [-17.312, 7.282, 62.119],
						"3.6667": [-18.444, 6.473, 61.268],
						"3.7": [-17.438, 5.119, 59.143],
						"3.7333": [-15.086, 3.619, 56.848],
						"3.7667": [-12.854, 2.098, 54.412],
						"3.8": [-9.406, 1.01, 50.988],
						"3.8333": [-7.358, -0.794, 45.878],
						"3.8667": [-6.264, -2.458, 40.155],
						"3.9": [-3.738, -3.625, 31.364],
						"3.9333": [-1.219, -4.089, 21.705],
						"3.9667": [1.587, -3.817, 12.513],
						"4.0": [4.033, -2.939, 5.153],
						"4.0333": [5.028, -2.159, 2.998],
						"4.0667": [4.612, -1.301, 0.429],
						"4.1": [3.467, -0.159, -2.135],
						"4.1333": [2.352, 0.913, -4.175],
						"4.1667": [1.967, 0.065, -4.936],
						"4.2": [1.411, -0.467, -5.379],
						"4.2333": [0.573, -0.41, -1.99],
						"4.2667": [-0.145, -0.178, 1.331],
						"4.3": [-0.246, 0.032, 0.083],
						"4.3333": [0.182, 0.044, -1.25],
						"4.3667": [0.31, 0.026, -0.819],
						"4.4": [0.165, 0.009, 0.001],
						"4.4333": [0.016, 0.01, 0.392],
						"4.4667": [0.005, 0.012, 0.306],
						"4.5": [0.005, -0.002, 0.123],
						"4.5333": [0.005, -0.001, 0]
					},
					"position": {
						"0.0": [0, 0, 0],
						"0.0333": [0.022, -0.013, 0.002],
						"0.0667": [0, -0.068, -0.122],
						"0.1": [-0.009, -0.125, -0.349],
						"0.1333": [0.015, -0.108, -0.676],
						"0.1667": [0.063, -0.017, -1.019],
						"0.2": [0.095, 0.068, -1.309],
						"0.2333": [0.126, 0.1, -1.384],
						"0.2667": [0.154, 0.13, -1.134],
						"0.3": [0.165, 0.134, -0.618],
						"0.3333": [0.193, 0.091, -0.128],
						"0.3667": [0.167, 0.074, 0.269],
						"0.4": [0.147, -0.009, 0.633],
						"0.4333": [0.125, -0.181, 0.937],
						"0.4667": [0.115, -0.433, 1.088],
						"0.5": [0.167, -0.512, 1.161],
						"0.5333": [0.209, -0.392, 1.263],
						"0.5667": [0.193, -0.341, 1.357],
						"0.6": [0.188, -0.303, 1.44],
						"0.6333": [0.146, -0.276, 1.515],
						"0.6667": [0.07, -0.338, 1.536],
						"0.7": [-0.15, -0.322, 1.506],
						"0.7333": [-0.003, -0.256, 1.417],
						"0.7667": [0.013, 0.001, 1.46],
						"0.8": [-0.107, 0.152, 1.605],
						"0.8333": [-0.265, 0.332, 1.781],
						"0.8667": [-0.391, 0.359, 1.927],
						"0.9": [-0.47, 0.395, 2.01],
						"0.9333": [-0.567, 0.488, 2.116],
						"0.9667": [-0.623, 0.548, 2.209],
						"1.0": [-0.659, 0.543, 2.225],
						"1.0333": [-0.672, 0.54, 2.24],
						"1.0667": [-0.686, 0.541, 2.218],
						"1.1": [-0.696, 0.549, 2.235],
						"1.1333": [-0.699, 0.532, 2.232],
						"1.1667": [-0.677, 0.497, 2.237],
						"1.2": [-0.654, 0.467, 2.246],
						"1.2333": [-0.623, 0.453, 2.268],
						"1.2667": [-0.578, 0.435, 2.251],
						"1.3": [-0.549, 0.421, 2.248],
						"1.3333": [-0.534, 0.416, 2.251],
						"1.3667": [-0.52, 0.416, 2.259],
						"1.4": [-0.499, 0.416, 2.254],
						"1.4333": [-0.481, 0.416, 2.248],
						"1.4667": [-0.44, 0.401, 2.236],
						"1.5": [-0.399, 0.379, 2.218],
						"1.5333": [-0.362, 0.373, 2.226],
						"1.5667": [-0.321, 0.344, 2.213],
						"1.6": [-0.281, 0.323, 2.207],
						"1.6333": [-0.239, 0.315, 2.211],
						"1.6667": [-0.222, 0.317, 2.224],
						"1.7": [-0.209, 0.311, 2.221],
						"1.7333": [-0.195, 0.319, 2.231],
						"1.7667": [-0.204, 0.331, 2.19],
						"1.8": [-0.173, 0.304, 2.194],
						"1.8333": [-0.168, 0.239, 2.18],
						"1.8667": [-0.152, 0.245, 2.174],
						"1.9": [-0.127, 0.237, 2.156],
						"1.9333": [-0.105, 0.238, 2.143],
						"1.9667": [-0.102, 0.255, 2.144],
						"2.0": [-0.098, 0.206, 2.115],
						"2.0333": [-0.118, 0.175, 2.112],
						"2.0667": [-0.153, 0.152, 2.099],
						"2.1": [-0.219, 0.137, 2.074],
						"2.1333": [-0.228, 0.062, 2.099],
						"2.1667": [-0.139, -0.057, 2.105],
						"2.2": [-0.047, -0.055, 2.285],
						"2.2333": [-0.105, 0.018, 2.29],
						"2.2667": [-0.245, 0.023, 2.314],
						"2.3": [-0.28, -0.001, 2.328],
						"2.3333": [-0.439, -0.069, 2.474],
						"2.3667": [-0.089, 0.1, 2.054],
						"2.4": [0.206, -0.577, 1.9],
						"2.4333": [0.047, -0.457, 2.315],
						"2.4667": [0.062, -0.299, 2.313],
						"2.5": [0.051, 0.024, 2.076],
						"2.5333": [0.003, 0.118, 1.903],
						"2.5667": [-0.001, 0.084, 1.775],
						"2.6": [-0.006, -0.053, 1.723],
						"2.6333": [-0.085, -0.291, 1.788],
						"2.6667": [-0.151, -0.524, 1.92],
						"2.7": [-0.194, -0.637, 2.013],
						"2.7333": [-0.137, -0.653, 2.012],
						"2.7667": [0.01, -0.652, 1.995],
						"2.8": [0.269, -0.659, 1.896],
						"2.8333": [0.54, -0.659, 1.788],
						"2.8667": [0.82, -0.638, 1.637],
						"2.9": [1.033, -0.657, 1.498],
						"2.9333": [1.144, -0.657, 1.393],
						"2.9667": [1.203, -0.577, 1.274],
						"3.0": [1.156, -0.429, 1.223],
						"3.0333": [1.224, -0.235, 1.234],
						"3.0667": [1.291, -0.064, 1.272],
						"3.1": [1.276, 0.076, 1.26],
						"3.1333": [1.212, 0.151, 1.265],
						"3.1667": [1.135, 0.132, 1.244],
						"3.2": [1.178, 0.1, 1.204],
						"3.2333": [1.18, 0.056, 1.187],
						"3.2667": [1.157, 0.071, 1.206],
						"3.3": [1.135, 0.04, 1.215],
						"3.3333": [1.138, 0.078, 1.262],
						"3.3667": [1.105, 0.105, 1.299],
						"3.4": [1.06, 0.139, 1.389],
						"3.4333": [1.005, 0.198, 1.436],
						"3.4667": [0.963, 0.145, 1.443],
						"3.5": [0.943, 0.134, 1.482],
						"3.5333": [0.891, 0.125, 1.44],
						"3.5667": [0.793, 0.148, 1.468],
						"3.6": [0.62, 0.144, 1.464],
						"3.6333": [0.42, 0.069, 1.45],
						"3.6667": [0.197, 0.037, 1.311],
						"3.7": [0.231, -0.201, 1.22],
						"3.7333": [0.359, -0.566, 1.05],
						"3.7667": [0.381, -0.943, 0.696],
						"3.8": [0.722, -1.48, 0.212],
						"3.8333": [0.734, -1.898, -0.142],
						"3.8667": [0.444, -2.205, -0.555],
						"3.9": [0.246, -2.343, -0.94],
						"3.9333": [0.069, -2.257, -1.336],
						"3.9667": [-0.064, -2.021, -1.77],
						"4.0": [-0.102, -1.731, -2.147],
						"4.0333": [-0.055, -1.423, -2.314],
						"4.0667": [-0.012, -1.214, -2.158],
						"4.1": [0.01, -0.936, -1.721],
						"4.1333": [-0.032, -0.675, -1.061],
						"4.1667": [0.002, -0.458, -0.321],
						"4.2": [0.077, -0.219, 0.409],
						"4.2333": [0.107, -0.042, 0.434],
						"4.2667": [0.061, 0.086, 0.093],
						"4.3": [-0.027, 0.105, -0.084],
						"4.3333": [-0.021, 0.048, -0.014],
						"4.3667": [0.01, 0.014, 0.033],
						"4.4": [0.008, 0.003, 0.027],
						"4.4333": [0.007, -0.011, 0.019],
						"4.4667": [0.006, -0.005, 0.012],
						"4.5": [0.003, 0, 0.005],
						"4.5333": [0, 0, 0]
					}
				},
				"mag_and_lefthand": {
					"rotation": {
						"0.6": {
							"pre": [0, 0, 0],
							"post": [0, 0, 0],
							"lerp_mode": "catmullrom"
						},
						"0.7667": {
							"post": [-19.9299, 1.70818, 27.19986],
							"lerp_mode": "catmullrom"
						},
						"1.2": {
							"post": [-19.9299, 1.70818, 27.19986],
							"lerp_mode": "catmullrom"
						},
						"1.3333": {
							"post": [-9.54013, 17.66046, 83.5146],
							"lerp_mode": "catmullrom"
						},
						"1.6667": {
							"post": [-9.54013, 17.66046, 83.5146],
							"lerp_mode": "catmullrom"
						},
						"1.7667": {
							"post": [-19.9299, 1.70818, 27.19986],
							"lerp_mode": "catmullrom"
						},
						"2.1667": {
							"post": [0, 0, 0],
							"lerp_mode": "catmullrom"
						},
						"2.3": {
							"post": [0, 0, 0],
							"lerp_mode": "catmullrom"
						},
						"2.4": {
							"post": [0, 0, 0],
							"lerp_mode": "catmullrom"
						},
						"2.7667": [0, 0, 0],
						"3.1": [-25, 0, 0],
						"3.7667": [-25, 0, 0],
						"3.9667": [0, 0, 0]
					},
					"position": {
						"0.0": [0, 0, 0],
						"0.4": {
							"pre": [0, 0, -2.375],
							"post": [0, 0, -2.375],
							"lerp_mode": "catmullrom"
						},
						"0.6": {
							"post": [-0.43, -3.6, -3.05],
							"lerp_mode": "catmullrom"
						},
						"0.7667": {
							"post": [-2, -5.69, 1.63],
							"lerp_mode": "catmullrom"
						},
						"1.2": {
							"post": [-2, -5.69, 1.63],
							"lerp_mode": "catmullrom"
						},
						"1.3333": {
							"post": [-8, -1.69, 2.63],
							"lerp_mode": "catmullrom"
						},
						"1.6667": {
							"post": [-8, -1.69, 2.63],
							"lerp_mode": "catmullrom"
						},
						"1.7667": {
							"post": [-2, -5.69, 1.63],
							"lerp_mode": "catmullrom"
						},
						"2.0333": {
							"post": [-0.43, -3.6, -3.05],
							"lerp_mode": "catmullrom"
						},
						"2.1667": {
							"post": [0, -2, -2.37],
							"lerp_mode": "catmullrom"
						},
						"2.3": {
							"post": [0, -2, -2.37],
							"lerp_mode": "catmullrom"
						},
						"2.4": {
							"post": [0, 0, -2.1],
							"lerp_mode": "catmullrom"
						},
						"2.6": [0, 0, -2.1],
						"2.9": [0, 0, 0]
					}
				},
				"magazine": {
					"rotation": {
						"1.2": [0, 0, 0],
						"1.4": [0, 0, 27.5],
						"1.6667": [0, 0, 27.5],
						"1.8": [0, 0, 0]
					}
				},
				"mag_extended_3": {
					"rotation": {
						"1.2": [0, 0, 0],
						"1.3333": [0, 0, 0]
					},
					"position": {
						"0.6": [0, 0, 0],
						"0.7667": [-2, 0, 0],
						"1.2": [-2, 0, 0],
						"1.6667": [-2, 0, 0],
						"2.0": [-2, 0, 0],
						"2.2": [0, 0, 0]
					}
				},
				"gun_and_righthand": {
					"rotation": {
						"2.7667": [0, 0, 0],
						"3.1": [-25, 0, 0],
						"3.7667": [-25, 0, 0],
						"3.9667": [0, 0, 0]
					},
					"position": {
						"0.0": [0, 0, 0],
						"0.4": [0, 0, -2.375],
						"2.3": [0, 0, -2.375],
						"2.6": [0, 0, -2.1],
						"2.9": [0, 0, 0]
					}
				},
				"camera": {
					"rotation": {
						"0.0": [0, 0, 0],
						"0.0333": [-0.061, 0.093, 0.061],
						"0.0667": [-0.122, 0.186, 0.123],
						"0.1": [-0.183, 0.28, 0.184],
						"0.1333": [-0.243, 0.373, 0.245],
						"0.1667": [-0.251, 0.547, 0.282],
						"0.2": [-0.259, 0.722, 0.319],
						"0.2333": [-0.267, 0.896, 0.356],
						"0.2667": [-0.11, 1.137, 0.358],
						"0.3": [0.047, 1.378, 0.359],
						"0.3333": [0.204, 1.618, 0.359],
						"0.3667": [0.504, 1.615, 0.354],
						"0.4": [0.803, 1.612, 0.35],
						"0.4333": [1.16, 1.528, 0.346],
						"0.4667": [1.516, 1.443, 0.341],
						"0.5": [1.874, 1.597, 0.527],
						"0.5333": [2.232, 1.75, 0.714],
						"0.5667": [2.369, 1.72, 0.559],
						"0.6": [2.505, 1.69, 0.405],
						"0.6333": [2.798, 1.455, 0.277],
						"0.6667": [3.208, 1.006, 0.019],
						"0.7": [3.937, 0.133, -0.906],
						"0.7333": [4.54, 0.352, 0.096],
						"0.7667": [4.198, 0.779, 0.994],
						"0.8333": [3.106, 1.189, 0.014],
						"0.8667": [2.674, 0.943, 0.116],
						"0.9": [2.355, 0.464, 0.452],
						"0.9333": [2.172, -0.073, 0.361],
						"0.9667": [1.99, -0.611, 0.272],
						"1.0": [1.94, -0.882, 0.356],
						"1.0333": [1.889, -1.152, 0.44],
						"1.0667": [1.957, -1.153, 0.393],
						"1.1": [2.026, -1.153, 0.345],
						"1.1333": [2.094, -1.153, 0.297],
						"1.1667": [2.084, -1.081, 0.316],
						"1.2": [2.074, -1.009, 0.335],
						"1.2333": [2.064, -0.937, 0.355],
						"1.2667": [2.054, -0.865, 0.374],
						"1.3": [1.991, -0.809, 0.368],
						"1.3333": [1.928, -0.754, 0.363],
						"1.3667": [1.866, -0.698, 0.357],
						"1.4": [1.803, -0.643, 0.352],
						"1.4333": [1.74, -0.588, 0.346],
						"1.4667": [1.596, -0.341, 0.361],
						"1.5": [1.451, -0.095, 0.376],
						"1.5333": [1.307, 0.151, 0.39],
						"1.5667": [1.163, 0.397, 0.403],
						"1.6": [1.019, 0.643, 0.416],
						"1.6333": [0.874, 0.89, 0.428],
						"1.6667": [0.798, 0.908, 0.453],
						"1.7": [0.722, 0.926, 0.478],
						"1.7333": [0.646, 0.944, 0.503],
						"1.7667": [0.78, 0.952, 0.294],
						"1.8": [0.644, 0.922, 0.48],
						"1.8333": [0.507, 0.893, 0.665],
						"1.8667": [0.663, 0.89, 1.085],
						"1.9": [0.818, 0.888, 1.504],
						"1.9333": [0.974, 0.884, 1.924],
						"1.9667": [1.08, 0.894, 2.115],
						"2.0": [1.185, 0.903, 2.306],
						"2.0333": [1.214, 0.875, 2.34],
						"2.0667": [1.242, 0.847, 2.374],
						"2.1": [1.39, 0.712, 2.445],
						"2.1333": [1.004, 0.664, 2.641],
						"2.1667": [0.617, 0.616, 2.838],
						"2.2": [0.982, 0.677, 2.08],
						"2.2333": [1.406, 0.827, 2.584],
						"2.2667": [1.257, 1.103, 2.331],
						"2.3": [0.742, 1.388, 1.581],
						"2.3333": [-0.211, 0.815, 1.059],
						"2.3667": [0.793, 0.304, 4.729],
						"2.4": [1.892, 0.047, 2.224],
						"2.4333": [1.897, 0.096, 1.327],
						"2.5": [3.246, -0.395, 5.339],
						"2.5333": [3.857, -0.914, 5.428],
						"2.6": [3.335, 0.027, 5.205],
						"2.6333": [2.853, -0.099, 4.57],
						"2.6667": [2.373, -0.231, 3.935],
						"2.7": [1.893, -0.368, 3.302],
						"2.7333": [1.462, -0.173, 2.649],
						"2.7667": [1.029, 0.018, 1.994],
						"2.8": [0.779, 0.278, 1.468],
						"2.8333": [0.527, 0.536, 0.942],
						"2.8667": [0.546, 0.702, 0.46],
						"2.9": [0.563, 0.868, -0.022],
						"2.9333": [0.759, 0.989, -0.342],
						"2.9667": [0.956, 1.111, -0.605],
						"3.0": [1.211, 1.188, -0.761],
						"3.0333": [1.552, 1.193, -0.777],
						"3.0667": [1.887, 1.196, -0.903],
						"3.1": [2.417, 1.204, -1.087],
						"3.1333": [2.751, 1.255, -1.505],
						"3.1667": [2.879, 1.31, -1.985],
						"3.2": [2.998, 1.332, -2.197],
						"3.2333": [3.118, 1.355, -2.41],
						"3.2667": [3.214, 1.351, -2.378],
						"3.3": [3.311, 1.345, -2.345],
						"3.3333": [3.408, 1.34, -2.313],
						"3.3667": [3.449, 1.303, -2.207],
						"3.4": [3.489, 1.265, -2.1],
						"3.4333": [3.53, 1.228, -1.994],
						"3.4667": [3.57, 1.19, -1.887],
						"3.5": [3.611, 1.152, -1.781],
						"3.5333": [3.475, 1.099, -1.962],
						"3.5667": [3.339, 1.046, -2.142],
						"3.6": [3.2, 0.988, -2.325],
						"3.6333": [3.061, 0.931, -2.507],
						"3.6667": [3.528, 0.961, -2.686],
						"3.7": [3.132, 0.654, -2.457],
						"3.7333": [2.477, 0.435, -2.084],
						"3.7667": [1.816, 0.207, -1.686],
						"3.8": [1.081, -0.015, -1.15],
						"3.8333": [0.489, -0.205, -0.348],
						"3.8667": [0.235, -0.341, -0.144],
						"3.9": [0.108, -0.389, -0.369],
						"3.9333": [0.123, -0.221, -0.793],
						"3.9667": [0.137, -0.054, -1.218],
						"4.0": [0.203, 0.127, -1.413],
						"4.0333": [0.243, 0.203, -1.262],
						"4.0667": [0.078, 0.17, -0.893],
						"4.1": [-0.088, 0.138, -0.524],
						"4.1333": [-0.205, -0.036, -0.23],
						"4.1667": [-0.255, -0.124, -0.184],
						"4.2": [-0.031, -0.011, 0.244],
						"4.2333": [0.193, 0.1, 0.672],
						"4.2667": [0.276, 0.16, 0.174],
						"4.3": [0.015, 0.123, -0.422],
						"4.3333": [-0.131, 0.005, -0.214],
						"4.3667": [-0.058, -0.067, 0.133],
						"4.4": [-0.043, -0.051, 0.1],
						"4.4333": [-0.029, -0.034, 0.067],
						"4.4667": [-0.014, -0.017, 0.033],
						"4.5": [0, 0, 0]
					},
					"scale": 1
				}
			},
			"sound_effects": {
				"0.0": {
					"effect": "tacz:ump45/ump45_reload_fast_xmaglrg_raise"
				},
				"0.6667": {
					"effect": "tacz:ump45/ump45_reload_fast_magout"
				},
				"1.7667": {
					"effect": "tacz:ump45/ump45_reload_empty_maghit"
				},
				"2.1667": {
					"effect": "tacz:ump45/ump45_reload_magin"
				},
				"2.7667": {
					"effect": "tacz:ump45/ump45_drop_quick"
				},
				"3.8667": {
					"effect": "tacz:ump45/ump45_reload_fast_end"
				}
			}
		},
		"aim_start": {
			"animation_length": 0.6333,
			"bones": {
				"root": {
					"rotation": {
						"0.0": [0, 0, 0],
						"0.0333": [-0.01, -0.01, 0.64],
						"0.0667": [-0.02, -0.03, 1.61],
						"0.1": [-0.04, -0.05, 2.75],
						"0.1333": [-0.05, -0.08, 3.91],
						"0.1667": [-0.07, -0.1, 4.94],
						"0.2": [-0.08, -0.11, 5.67],
						"0.2333": [-0.09, -0.12, 5.96],
						"0.2667": [-0.09, -0.11, 5.7],
						"0.3": [-0.08, -0.1, 5.01],
						"0.3333": [-0.07, -0.08, 4.02],
						"0.3667": [-0.06, -0.06, 2.9],
						"0.4": [-0.05, -0.04, 1.79],
						"0.4333": [-0.05, -0.02, 0.84],
						"0.4667": [-0.04, -0.01, 0.21],
						"0.5": [-0.04, 0, 0.08],
						"0.5333": [-0.03, 0, 0.07],
						"0.5667": [-0.02, 0, 0.06],
						"0.6": [-0.01, 0, 0.03],
						"0.6333": [0, 0, 0]
					},
					"position": {
						"0.0": [0, 0, 0],
						"0.0333": [0.02, -0.02, -0.07],
						"0.0667": [0.04, -0.04, -0.18],
						"0.1": [0.07, -0.07, -0.3],
						"0.1333": [0.1, -0.11, -0.43],
						"0.1667": [0.13, -0.14, -0.55],
						"0.2": [0.15, -0.16, -0.66],
						"0.2333": [0.18, -0.17, -0.72],
						"0.2667": [0.21, -0.18, -0.78],
						"0.3": [0.24, -0.17, -0.77],
						"0.3333": [0.26, -0.15, -0.73],
						"0.3667": [0.28, -0.12, -0.67],
						"0.4": [0.24, -0.08, -0.49],
						"0.4333": [0.19, -0.04, -0.28],
						"0.4667": [0.14, 0, -0.11],
						"0.5": [0, 0, 0],
						"0.5333": [0, 0, 0],
						"0.5667": [0, 0, 0],
						"0.6": [0, 0, 0]
					}
				}
			}
		},
		"aim_end": {
			"animation_length": 0.6,
			"bones": {
				"root": {
					"rotation": {
						"0.0": [0, 0, 0],
						"0.0333": [0, -0.04, 0.26],
						"0.0667": [-0.01, -0.11, 0.66],
						"0.1": [-0.01, -0.19, 1.11],
						"0.1333": [-0.01, -0.26, 1.53],
						"0.1667": [-0.02, -0.32, 1.84],
						"0.2": [-0.02, -0.34, 1.96],
						"0.2333": [-0.02, -0.34, 1.86],
						"0.2667": [-0.02, -0.32, 1.61],
						"0.3": [-0.02, -0.29, 1.25],
						"0.3333": [-0.01, -0.25, 0.85],
						"0.3667": [-0.01, -0.2, 0.46],
						"0.4": [-0.01, -0.17, 0.14],
						"0.4333": [-0.01, -0.14, -0.07],
						"0.4667": [-0.01, -0.11, -0.09],
						"0.5": [-0.01, -0.08, 0.13],
						"0.5333": [-0.01, -0.06, 0.11],
						"0.5667": [0, -0.02, 0.05],
						"0.6": [0, 0, 0]
					},
					"position": {
						"0.0": [0, 0, 0],
						"0.0333": [0, -0.03, -0.06],
						"0.0667": [0, -0.07, -0.14],
						"0.1": [0, -0.13, -0.24],
						"0.1333": [0, -0.18, -0.33],
						"0.1667": [0, -0.22, -0.42],
						"0.2": [0, -0.25, -0.47],
						"0.2333": [0, -0.26, -0.51],
						"0.2667": [-0.01, -0.27, -0.54],
						"0.3": [-0.01, -0.27, -0.55],
						"0.3333": [-0.02, -0.26, -0.55],
						"0.3667": [-0.03, -0.25, -0.53],
						"0.4": [-0.03, -0.23, -0.5],
						"0.4333": [-0.04, -0.18, -0.38],
						"0.4667": [-0.04, -0.11, -0.2],
						"0.5": [-0.04, -0.06, -0.06],
						"0.5333": [-0.02, -0.02, 0],
						"0.5667": [-0.01, -0.01, 0],
						"0.6": [0, 0, 0]
					}
				}
			}
		},
		"inspect_empty": {
			"animation_length": 4.7,
			"bones": {
				"root": {
					"rotation": {
						"0.0": [0, 0, 0],
						"0.0333": [-0.046, 0.038, 1.951],
						"0.0667": [-1.027, 0.126, 3.93],
						"0.1": [-4.172, -0.166, 1.958],
						"0.1333": [-9.064, -1.498, -3.08],
						"0.1667": [-14.215, -4.528, -9.82],
						"0.2": [-18.039, -8.883, -17.024],
						"0.2333": [-19.751, -14.704, -26.497],
						"0.2667": [-19.118, -21.713, -38.093],
						"0.3": [-17.008, -27.492, -47.852],
						"0.3333": [-15.625, -31.196, -53.264],
						"0.3667": [-15.183, -33.554, -56.02],
						"0.4": [-14.253, -34.928, -58.371],
						"0.4333": [-12.591, -34.957, -60.405],
						"0.4667": [-11.716, -34.561, -60.986],
						"0.5": [-13.52, -34.793, -58.162],
						"0.5333": [-15.777, -35.35, -55.134],
						"0.5667": [-15.741, -36.633, -56.055],
						"0.6": [-15.518, -37.703, -57.044],
						"0.6333": [-16.746, -36.788, -54.785],
						"0.6667": [-17.697, -35.032, -52.511],
						"0.7": [-15.901, -33.88, -56.136],
						"0.7333": [-12.993, -33.92, -63.662],
						"0.7667": [-18.925, -32.19, -55.512],
						"0.8": [-25.181, -30.131, -46.058],
						"0.8333": [-24.203, -32.822, -49.959],
						"0.8667": [-21.296, -35.321, -55.752],
						"0.9": [-24.103, -33.925, -50.531],
						"0.9333": [-26.495, -31.96, -44.76],
						"0.9667": [-25.225, -32.194, -45.534],
						"1.0": [-23.433, -32.905, -47.544],
						"1.0333": [-22.061, -33.501, -49.573],
						"1.0667": [-21.417, -34.209, -50.742],
						"1.1": [-21.424, -34.833, -51.064],
						"1.1333": [-21.75, -35.402, -50.981],
						"1.1667": [-22.087, -35.803, -50.759],
						"1.2": [-22.517, -35.95, -50.332],
						"1.2333": [-22.956, -35.895, -49.777],
						"1.2667": [-23.242, -35.79, -49.233],
						"1.3": [-23.332, -35.641, -48.729],
						"1.3333": [-23.361, -35.466, -48.258],
						"1.3667": [-23.32, -35.31, -47.856],
						"1.4": [-23.191, -35.234, -47.582],
						"1.4333": [-22.96, -35.275, -47.465],
						"1.4667": [-22.429, -35.516, -47.696],
						"1.5": [-21.705, -36.215, -48.595],
						"1.5333": [-20.541, -37.403, -50.476],
						"1.5667": [-18.811, -38.679, -53.113],
						"1.6": [-16.751, -39.797, -56.091],
						"1.6333": [-14.811, -40.711, -58.844],
						"1.6667": [-13.621, -41.253, -60.683],
						"1.7": [-13.201, -41.402, -61.271],
						"1.7333": [-12.853, -41.121, -61.565],
						"1.7667": [-12.125, -40.92, -62.317],
						"1.8": [-10.7, -40.476, -64.981],
						"1.8333": [-13.129, -39.891, -62.431],
						"1.8667": [-14.987, -39.822, -61.283],
						"1.9": [-17.254, -39.469, -59.424],
						"1.9333": [-19.013, -39.067, -58.277],
						"1.9667": [-19.99, -38.498, -57.853],
						"2.0": [-20.806, -37.714, -57.479],
						"2.0333": [-20.378, -37.373, -57.655],
						"2.0667": [-19.802, -37.195, -57.902],
						"2.1": [-19.473, -37.335, -58.02],
						"2.1333": [-17.567, -37.792, -60.129],
						"2.1667": [-13.072, -37.969, -66.361],
						"2.2": [-18.566, -37.133, -59.043],
						"2.2333": [-23.022, -36.232, -55.553],
						"2.2667": [-20.295, -37.054, -60.63],
						"2.3": [-19.54, -37.648, -62.554],
						"2.3333": [-23.23, -35.176, -58.291],
						"2.3667": [-28.769, -34.027, -58.163],
						"2.4": [-25.565, -32.787, -52.65],
						"2.4333": [-20.02, -32.446, -52.249],
						"2.4667": [-15.369, -32.839, -59.677],
						"2.5": [-19.828, -31.606, -55.896],
						"2.5333": [-24.546, -29.631, -49.827],
						"2.5667": [-23.487, -30.543, -51.963],
						"2.6": [-20.962, -31.381, -54.684],
						"2.6333": [-21.071, -29.646, -51.59],
						"2.6667": [-22.813, -25.842, -43.5],
						"2.7": [-24.741, -20.286, -32.012],
						"2.7333": [-25.582, -14.085, -18.375],
						"2.7667": [-25.081, -7.854, -3.392],
						"2.8": [-23.546, -2.505, 12.072],
						"2.8333": [-21.325, 1.538, 27.18],
						"2.8667": [-19.236, 4.402, 40.702],
						"2.9": [-17.594, 6.095, 51.397],
						"2.9333": [-17.092, 7.105, 56.334],
						"2.9667": [-17.061, 7.103, 57.589],
						"3.0": [-16.695, 7.303, 59.127],
						"3.0333": [-16.279, 7.661, 59.646],
						"3.0667": [-16.318, 7.436, 56.765],
						"3.1": [-16.558, 7.414, 54.862],
						"3.1333": [-16.806, 7.805, 56.945],
						"3.1667": [-17.168, 8.151, 58.717],
						"3.2": [-17.394, 8.319, 58.456],
						"3.2333": [-17.499, 8.214, 57.895],
						"3.2667": [-17.465, 8.164, 57.47],
						"3.3": [-17.344, 8.224, 57.549],
						"3.3333": [-17.235, 8.283, 57.772],
						"3.3667": [-17.107, 8.317, 58.051],
						"3.4": [-17.006, 8.393, 58.428],
						"3.4333": [-16.938, 8.53, 58.876],
						"3.4667": [-16.912, 8.765, 59.363],
						"3.5": [-16.974, 9.072, 59.877],
						"3.5333": [-16.759, 9.611, 61.754],
						"3.5667": [-16.502, 10.156, 63.298],
						"3.6": [-16.883, 10.097, 63.033],
						"3.6333": [-17.665, 9.408, 60.67],
						"3.6667": [-18.141, 6.367, 49.529],
						"3.7": [-15.154, 5.898, 51.664],
						"3.7333": [-13.79, 2.612, 46.957],
						"3.7667": [-11.411, 1.47, 50.39],
						"3.8": [-9.078, -0.472, 47.56],
						"3.8333": [-6.545, -2.397, 40.372],
						"3.8667": [-3.874, -3.599, 31.148],
						"3.9": [-1.145, -3.939, 21.275],
						"3.9333": [1.636, -3.657, 12.085],
						"3.9667": [4.114, -2.765, 4.953],
						"4.0": [5.072, -2.085, 3.147],
						"4.0333": [4.445, -1.331, 0.802],
						"4.0667": [3.302, -0.196, -1.766],
						"4.1": [2.247, 0.731, -3.882],
						"4.1333": [1.924, -0.028, -4.891],
						"4.1667": [1.625, -0.336, -4.952],
						"4.2": [0.793, -0.291, -1.564],
						"4.2333": [-0.06, -0.121, 0.833],
						"4.2667": [-0.505, -0.007, -0.513],
						"4.3": [0.038, -0.077, -1.041],
						"4.3333": [0.385, -0.046, -0.472],
						"4.3667": [0.18, 0.025, -0.032],
						"4.4": [0.03, 0.028, 0.358],
						"4.4333": [0.02, 0.029, 0.273],
						"4.4667": [0.018, 0.015, 0.089],
						"4.5": [0.016, 0, 0],
						"4.5333": [0.013, 0, 0],
						"4.6": [0.009, 0, 0],
						"4.6667": [0.008, 0, 0],
						"4.7": [0.007, 0, 0]
					},
					"position": {
						"0.0": [0, 0, 0],
						"0.0333": [-0.023, -0.054, -0.123],
						"0.0667": [-0.032, -0.112, -0.351],
						"0.1": [-0.008, -0.094, -0.678],
						"0.1333": [0.026, -0.014, -1.012],
						"0.1667": [0.057, 0.071, -1.302],
						"0.2": [0.087, 0.104, -1.377],
						"0.2333": [0.107, 0.1, -1.11],
						"0.2667": [0.12, 0.105, -0.594],
						"0.3": [0.151, 0.063, -0.104],
						"0.3333": [0.168, 0.023, 0.297],
						"0.3667": [0.148, -0.058, 0.662],
						"0.4": [0.138, -0.238, 0.969],
						"0.4333": [0.129, -0.489, 1.122],
						"0.4667": [0.124, -0.559, 1.205],
						"0.5": [0.166, -0.438, 1.306],
						"0.5333": [0.214, -0.369, 1.37],
						"0.5667": [0.209, -0.331, 1.453],
						"0.6": [0.193, -0.324, 1.535],
						"0.6333": [0.162, -0.409, 1.56],
						"0.6667": [0.076, -0.47, 1.54],
						"0.7": [-0.146, -0.301, 1.49],
						"0.7333": [-0.143, 0.092, 1.449],
						"0.7667": [-0.102, 0.221, 1.56],
						"0.8": [-0.229, 0.373, 1.744],
						"0.8333": [-0.367, 0.426, 1.877],
						"0.8667": [-0.437, 0.459, 1.958],
						"0.9": [-0.487, 0.509, 2.072],
						"0.9333": [-0.543, 0.569, 2.164],
						"0.9667": [-0.631, 0.555, 2.206],
						"1.0": [-0.644, 0.552, 2.221],
						"1.0333": [-0.682, 0.529, 2.224],
						"1.0667": [-0.692, 0.537, 2.241],
						"1.1": [-0.694, 0.52, 2.238],
						"1.1333": [-0.689, 0.499, 2.24],
						"1.1667": [-0.666, 0.47, 2.249],
						"1.2": [-0.635, 0.455, 2.271],
						"1.2333": [-0.589, 0.437, 2.254],
						"1.2667": [-0.556, 0.429, 2.246],
						"1.3": [-0.54, 0.424, 2.249],
						"1.3333": [-0.527, 0.424, 2.256],
						"1.3667": [-0.506, 0.424, 2.252],
						"1.4": [-0.488, 0.424, 2.246],
						"1.4333": [-0.475, 0.421, 2.236],
						"1.4667": [-0.433, 0.399, 2.218],
						"1.5": [-0.396, 0.393, 2.225],
						"1.5333": [-0.355, 0.364, 2.213],
						"1.5667": [-0.315, 0.343, 2.206],
						"1.6": [-0.274, 0.335, 2.21],
						"1.6333": [-0.227, 0.329, 2.218],
						"1.6667": [-0.214, 0.323, 2.215],
						"1.7": [-0.2, 0.331, 2.225],
						"1.7333": [-0.186, 0.302, 2.203],
						"1.7667": [-0.186, 0.332, 2.18],
						"1.8": [-0.182, 0.267, 2.166],
						"1.8333": [-0.19, 0.244, 2.188],
						"1.8667": [-0.166, 0.236, 2.17],
						"1.9": [-0.144, 0.236, 2.157],
						"1.9333": [-0.121, 0.25, 2.154],
						"1.9667": [-0.118, 0.201, 2.125],
						"2.0": [-0.117, 0.173, 2.113],
						"2.0333": [-0.153, 0.15, 2.101],
						"2.0667": [-0.207, 0.12, 2.081],
						"2.1": [-0.241, 0.125, 2.06],
						"2.1333": [-0.152, 0.005, 2.066],
						"2.1667": [0.021, -0.139, 2.323],
						"2.2": [-0.175, -0.015, 2.337],
						"2.2333": [-0.256, 0.03, 2.313],
						"2.2667": [-0.244, 0.029, 2.293],
						"2.3": [-0.281, 0.022, 2.347],
						"2.3333": [-0.586, -0.016, 2.315],
						"2.3667": [0.597, -0.823, 1.987],
						"2.4": [0.26, -0.465, 2.257],
						"2.4333": [-0.194, -0.121, 2.267],
						"2.4667": [-0.11, 0.038, 2.118],
						"2.5": [0.063, 0.037, 1.939],
						"2.5333": [-0.016, 0.084, 1.78],
						"2.5667": [-0.014, -0.024, 1.705],
						"2.6": [0.001, -0.25, 1.733],
						"2.6333": [-0.063, -0.485, 1.862],
						"2.6667": [-0.105, -0.599, 1.955],
						"2.7": [-0.091, -0.623, 1.973],
						"2.7333": [0.056, -0.62, 1.956],
						"2.7667": [0.29, -0.644, 1.879],
						"2.8": [0.56, -0.641, 1.77],
						"2.8333": [0.849, -0.656, 1.644],
						"2.8667": [1.061, -0.673, 1.504],
						"2.9": [1.161, -0.695, 1.418],
						"2.9333": [1.186, -0.572, 1.304],
						"2.9667": [1.185, -0.519, 1.265],
						"3.0": [1.109, -0.523, 1.305],
						"3.0333": [1.101, -0.514, 1.452],
						"3.0667": [1.116, -0.546, 1.591],
						"3.1": [1.05, -0.571, 1.72],
						"3.1333": [0.997, -0.583, 1.78],
						"3.1667": [0.984, -0.453, 1.679],
						"3.2": [0.989, -0.339, 1.562],
						"3.2333": [0.97, -0.349, 1.576],
						"3.2667": [0.976, -0.362, 1.595],
						"3.3": [0.981, -0.37, 1.616],
						"3.3333": [0.98, -0.376, 1.636],
						"3.3667": [0.978, -0.363, 1.649],
						"3.4": [0.973, -0.355, 1.661],
						"3.4333": [0.965, -0.353, 1.671],
						"3.4667": [0.957, -0.362, 1.678],
						"3.5": [0.945, -0.362, 1.682],
						"3.5333": [0.899, -0.384, 1.702],
						"3.5667": [0.866, -0.38, 1.915],
						"3.6": [0.822, -0.464, 2.001],
						"3.6333": [0.774, -0.551, 2.085],
						"3.6667": [0.879, -0.335, 1.218],
						"3.7": [0.974, -0.8, 0.717],
						"3.7333": [0.758, -1.162, 0.374],
						"3.7667": [0.581, -1.501, 0.045],
						"3.8": [0.516, -1.853, -0.278],
						"3.8333": [0.442, -2.151, -0.594],
						"3.8667": [0.286, -2.327, -0.96],
						"3.9": [0.093, -2.278, -1.328],
						"3.9333": [-0.043, -2.042, -1.761],
						"3.9667": [-0.115, -1.754, -2.131],
						"4.0": [-0.09, -1.425, -2.305],
						"4.0333": [-0.048, -1.162, -2.179],
						"4.0667": [-0.025, -0.885, -1.741],
						"4.1": [-0.03, -0.64, -1.082],
						"4.1333": [0.013, -0.447, -0.33],
						"4.1667": [0.015, -0.238, 0.436],
						"4.2": [0.047, -0.061, 0.46],
						"4.2333": [0.098, 0.05, 0.104],
						"4.2667": [0.036, 0.125, -0.11],
						"4.3": [-0.02, 0.083, -0.033],
						"4.3333": [-0.01, 0.017, 0.037],
						"4.3667": [0.008, -0.001, 0.029],
						"4.4": [0.007, -0.015, 0.021],
						"4.4333": [0.006, -0.009, 0.014],
						"4.4667": [0.003, -0.004, 0.007],
						"4.5": [0, 0, 0]
					}
				},
				"mag_and_lefthand": {
					"rotation": {
						"0.6": {
							"pre": [0, 0, 0],
							"post": [0, 0, 0],
							"lerp_mode": "catmullrom"
						},
						"0.7667": {
							"post": [-19.9299, 1.70818, 27.19986],
							"lerp_mode": "catmullrom"
						},
						"1.2": {
							"post": [-19.9299, 1.70818, 27.19986],
							"lerp_mode": "catmullrom"
						},
						"1.3333": {
							"post": [-9.54013, 17.66046, 83.5146],
							"lerp_mode": "catmullrom"
						},
						"1.6667": {
							"post": [-9.54013, 17.66046, 83.5146],
							"lerp_mode": "catmullrom"
						},
						"1.7667": {
							"post": [-19.9299, 1.70818, 27.19986],
							"lerp_mode": "catmullrom"
						},
						"2.1667": {
							"post": [0, 0, 0],
							"lerp_mode": "catmullrom"
						},
						"2.3": {
							"post": [0, 0, 0],
							"lerp_mode": "catmullrom"
						},
						"2.4": {
							"post": [0, 0, 0],
							"lerp_mode": "catmullrom"
						},
						"2.9667": [-22.42287, 1.91134, 4.62111],
						"3.6333": [-22.42287, 1.91134, 4.62111],
						"3.9667": [0, 0, 0]
					},
					"position": {
						"0.0": [0, 0, 0],
						"0.4": {
							"pre": [0, 0, -2.375],
							"post": [0, 0, -2.375],
							"lerp_mode": "catmullrom"
						},
						"0.6": {
							"post": [-0.43, -3.6, -3.05],
							"lerp_mode": "catmullrom"
						},
						"0.7667": {
							"post": [-2, -5.69, 1.63],
							"lerp_mode": "catmullrom"
						},
						"1.2": {
							"post": [-2, -5.69, 1.63],
							"lerp_mode": "catmullrom"
						},
						"1.3333": {
							"post": [-8, -1.69, 2.63],
							"lerp_mode": "catmullrom"
						},
						"1.6667": {
							"post": [-8, -1.69, 2.63],
							"lerp_mode": "catmullrom"
						},
						"1.7667": {
							"post": [-2, -5.69, 1.63],
							"lerp_mode": "catmullrom"
						},
						"2.0333": {
							"post": [-0.43, -3.6, -3.05],
							"lerp_mode": "catmullrom"
						},
						"2.1667": {
							"post": [0, -2, -2.37],
							"lerp_mode": "catmullrom"
						},
						"2.3": {
							"post": [0, -2, -2.37],
							"lerp_mode": "catmullrom"
						},
						"2.4": {
							"post": [0, 0, -2.1],
							"lerp_mode": "catmullrom"
						},
						"2.9": [0, 0, 0]
					}
				},
				"lefthand": {
					"rotation": {
						"0.0": [97.704, -29.88, -140.639],
						"0.6": [97.7, -29.88, -140.64],
						"4.0": [97.704, -29.88, -140.639]
					},
					"position": {
						"0.0": [7.112, -12.069, -5.555],
						"0.6": [7.11, -12.07, -5.55],
						"0.7667": [7.11, -14.07, -5.55],
						"1.2": [7.11, -14.07, -5.55],
						"1.3333": [7.11, -14.07, -5.55],
						"1.6667": [7.11, -14.07, -5.55],
						"1.7667": [7.11, -14.07, -5.55],
						"3.6333": [7.11, -14.07, -5.55],
						"4.0": [7.112, -12.069, -5.555]
					},
					"scale": [1, 1.5, 1]
				},
				"magazine": {
					"rotation": {
						"1.2": [0, 0, 0],
						"1.4": [0, 0, 27.5],
						"1.6667": [0, 0, 27.5],
						"1.8": [0, 0, 0]
					}
				},
				"mag_extended_3": {
					"rotation": {
						"1.2": [0, 0, 0],
						"1.3333": [0, 0, 0]
					},
					"position": {
						"0.6": [0, 0, 0],
						"0.7667": [-2, 0, 0],
						"1.2": [-2, 0, 0],
						"1.6667": [-2, 0, 0],
						"2.0": [-2, 0, 0],
						"2.2": [0, 0, 0]
					}
				},
				"gun_and_righthand": {
					"rotation": {
						"2.4": {
							"pre": [0, 0, 0],
							"post": [0, 0, 0],
							"lerp_mode": "catmullrom"
						},
						"2.9667": [-22.42287, 1.91134, 4.62111],
						"3.6333": [-22.42287, 1.91134, 4.62111],
						"3.9667": [0, 0, 0]
					},
					"position": {
						"0.0": [0, 0, 0],
						"0.4": {
							"pre": [0, 0, -2.375],
							"post": [0, 0, -2.375],
							"lerp_mode": "catmullrom"
						},
						"2.3": {
							"post": [0, 0, -2.375],
							"lerp_mode": "catmullrom"
						},
						"2.4": {
							"post": [0, 0, -2.1],
							"lerp_mode": "catmullrom"
						},
						"2.9": [0, 0, 0]
					}
				},
				"righthand": {
					"rotation": {
						"0.0": [-240.66833, 26.88346, -148.73246],
						"2.6": [-240.66833, 26.88346, -148.73246],
						"2.9333": [-240.67, 26.88, -148.73],
						"3.0": [-245.44941, 13.00963, -126.51084],
						"3.1": [-255.3865, 5.33446, -110.56518],
						"3.1667": [-264.29249, -23.50476, -90.65363],
						"3.6333": [-264.29249, -23.50476, -90.65363],
						"3.6667": [-245.44941, 13.00963, -126.51084],
						"3.7333": [-240.67, 26.88, -148.73]
					},
					"position": {
						"0.0": [-7.558, -11.837, 5.326],
						"2.6": [-7.558, -11.837, 5.326],
						"2.9333": [-7.56, -11.84, 5.33],
						"3.0": [-10.2671, -11.34218, 5.98099],
						"3.1": [-8.83661, -10.96934, 4.30429],
						"3.1667": [-8.9789, -10.57728, 6.76505],
						"3.6333": [-8.9789, -10.57728, 6.76505],
						"3.6667": [-10.2671, -11.34218, 5.98099],
						"3.7333": [-7.56, -11.84, 5.33]
					},
					"scale": {
						"0.0": [1, 1.5, 1],
						"2.6": [1, 1.5, 1]
					}
				},
				"BCG": {
					"position": {
						"3.1": [0, 0, 0],
						"3.1667": [0, 0, 1.5],
						"3.6333": [0, 0, 1.5],
						"3.7": [0, 0, 0]
					}
				},
				"constraint": {
					"rotation": [0.3, 0.2, 0.3],
					"position": [0.1, 0.1, 0.5]
				},
				"camera": {
					"rotation": {
						"0.0": [0, 0, 0],
						"0.0333": [-0.061, 0.093, 0.061],
						"0.0667": [-0.122, 0.186, 0.123],
						"0.1": [-0.183, 0.28, 0.184],
						"0.1333": [-0.243, 0.373, 0.245],
						"0.1667": [-0.251, 0.547, 0.282],
						"0.2": [-0.259, 0.722, 0.319],
						"0.2333": [-0.267, 0.896, 0.356],
						"0.2667": [-0.11, 1.137, 0.358],
						"0.3": [0.047, 1.378, 0.359],
						"0.3333": [0.204, 1.618, 0.359],
						"0.3667": [0.504, 1.615, 0.354],
						"0.4": [0.803, 1.612, 0.35],
						"0.4333": [1.16, 1.528, 0.346],
						"0.4667": [1.516, 1.443, 0.341],
						"0.5": [1.874, 1.597, 0.527],
						"0.5333": [2.232, 1.75, 0.714],
						"0.5667": [2.369, 1.72, 0.559],
						"0.6": [2.505, 1.69, 0.405],
						"0.6333": [2.798, 1.455, 0.277],
						"0.6667": [3.208, 1.006, 0.019],
						"0.7": [3.937, 0.133, -0.906],
						"0.7333": [4.54, 0.352, 0.096],
						"0.7667": [4.198, 0.779, 0.994],
						"0.8": [3.57, 1.093, 0.518],
						"0.8333": [3.106, 1.189, 0.014],
						"0.8667": [2.674, 0.943, 0.116],
						"0.9": [2.355, 0.464, 0.452],
						"0.9333": [2.172, -0.073, 0.361],
						"0.9667": [1.99, -0.611, 0.272],
						"1.0": [1.94, -0.882, 0.356],
						"1.0333": [1.889, -1.152, 0.44],
						"1.0667": [1.957, -1.153, 0.393],
						"1.1": [2.026, -1.153, 0.345],
						"1.1333": [2.094, -1.153, 0.297],
						"1.1667": [2.084, -1.081, 0.316],
						"1.2": [2.074, -1.009, 0.335],
						"1.2333": [2.064, -0.937, 0.355],
						"1.2667": [2.054, -0.865, 0.374],
						"1.3": [1.991, -0.809, 0.368],
						"1.3333": [1.928, -0.754, 0.363],
						"1.3667": [1.866, -0.698, 0.357],
						"1.4": [1.803, -0.643, 0.352],
						"1.4333": [1.74, -0.588, 0.346],
						"1.4667": [1.596, -0.341, 0.361],
						"1.5": [1.451, -0.095, 0.376],
						"1.5333": [1.307, 0.151, 0.39],
						"1.5667": [1.163, 0.397, 0.403],
						"1.6": [1.019, 0.643, 0.416],
						"1.6333": [0.874, 0.89, 0.428],
						"1.6667": [0.798, 0.908, 0.453],
						"1.7": [0.722, 0.926, 0.478],
						"1.7333": [0.646, 0.944, 0.503],
						"1.7667": [0.78, 0.952, 0.294],
						"1.8": [0.644, 0.922, 0.48],
						"1.8333": [0.507, 0.893, 0.665],
						"1.8667": [0.663, 0.89, 1.085],
						"1.9": [0.818, 0.888, 1.504],
						"1.9333": [0.974, 0.884, 1.924],
						"1.9667": [1.08, 0.894, 2.115],
						"2.0": [1.185, 0.903, 2.306],
						"2.0333": [1.214, 0.875, 2.34],
						"2.0667": [1.242, 0.847, 2.374],
						"2.1": [1.39, 0.712, 2.445],
						"2.1333": [1.004, 0.664, 2.641],
						"2.1667": [0.617, 0.616, 2.838],
						"2.2": [0.982, 0.677, 2.08],
						"2.2333": [1.406, 0.827, 2.584],
						"2.2667": [1.257, 1.103, 2.331],
						"2.3": [0.742, 1.388, 1.581],
						"2.3333": [-0.736, 1.615, -0.366],
						"2.3667": [2.743, 0.304, 6.529],
						"2.4": [3.842, -0.403, 3.974],
						"2.4333": [3.147, 0.096, 1.502],
						"2.4667": [2.564, 0.264, 3.707],
						"2.5": [3.246, -0.395, 6.139],
						"2.5333": [3.857, -0.914, 6.228],
						"2.5667": [3.722, -0.471, 5.783],
						"2.6": [3.335, 0.027, 5.205],
						"2.6333": [2.853, -0.099, 4.57],
						"2.6667": [2.373, -0.231, 3.935],
						"2.7": [1.893, -0.368, 3.302],
						"2.7333": [1.462, -0.173, 2.649],
						"2.7667": [1.029, 0.018, 1.994],
						"2.8": [0.779, 0.278, 1.468],
						"2.8333": [0.527, 0.536, 0.942],
						"2.8667": [0.546, 0.702, 0.46],
						"2.9": [0.563, 0.868, -0.022],
						"2.9333": [0.759, 0.989, -0.342],
						"2.9667": [0.954, 1.112, -0.661],
						"3.0": [1.211, 1.188, -0.761],
						"3.0333": [1.577, 1.185, -0.253],
						"3.0667": [1.942, 1.179, 0.254],
						"3.1": [2.457, 1.192, -0.26],
						"3.1333": [2.764, 1.252, -1.257],
						"3.1667": [2.879, 1.31, -1.985],
						"3.2": [2.998, 1.332, -2.197],
						"3.2333": [3.118, 1.355, -2.41],
						"3.2667": [3.214, 1.351, -2.378],
						"3.3": [3.311, 1.345, -2.345],
						"3.3333": [3.408, 1.34, -2.313],
						"3.3667": [3.449, 1.303, -2.207],
						"3.4": [3.489, 1.265, -2.1],
						"3.4333": [3.53, 1.228, -1.994],
						"3.4667": [3.57, 1.19, -1.887],
						"3.5": [3.611, 1.152, -1.781],
						"3.5333": [3.475, 1.099, -1.962],
						"3.5667": [3.339, 1.046, -2.142],
						"3.6": [3.2, 0.988, -2.325],
						"3.6333": [3.061, 0.931, -2.507],
						"3.6667": [3.593, 0.942, -1.268],
						"3.7": [3.229, 0.62, -0.015],
						"3.7333": [2.52, 0.419, -0.863],
						"3.7667": [1.815, 0.207, -1.708],
						"3.8": [1.081, -0.015, -1.15],
						"3.8333": [0.489, -0.205, -0.348],
						"3.8667": [0.235, -0.341, -0.144],
						"3.9": [0.108, -0.389, -0.369],
						"3.9333": [0.123, -0.221, -0.793],
						"3.9667": [0.137, -0.054, -1.218],
						"4.0": [0.203, 0.127, -1.413],
						"4.0333": [0.243, 0.203, -1.262],
						"4.0667": [0.078, 0.17, -0.893],
						"4.1": [-0.088, 0.138, -0.524],
						"4.1333": [-0.205, -0.036, -0.23],
						"4.1667": [-0.255, -0.124, -0.184],
						"4.2": [-0.031, -0.011, 0.244],
						"4.2333": [0.193, 0.1, 0.672],
						"4.2667": [0.276, 0.16, 0.174],
						"4.3": [0.015, 0.123, -0.422],
						"4.3333": [-0.131, 0.005, -0.214],
						"4.3667": [-0.058, -0.067, 0.133],
						"4.4": [-0.043, -0.051, 0.1],
						"4.4333": [-0.029, -0.034, 0.067],
						"4.4667": [-0.014, -0.017, 0.033],
						"4.5": [0, 0, 0]
					}
				},
				"bullet": {
					"scale": 0
				},
				"bullet4": {
					"scale": 0
				},
				"bullet2": {
					"scale": 0
				},
				"bullet3": {
					"scale": 0
				}
			},
			"sound_effects": {
				"0.0": {
					"effect": "tacz:ump45/ump45_reload_fast_xmaglrg_raise"
				},
				"0.6667": {
					"effect": "tacz:ump45/ump45_reload_fast_magout"
				},
				"1.7333": {
					"effect": "tacz:ump45/ump45_reload_empty_maghit"
				},
				"2.1333": {
					"effect": "tacz:ump45/ump45_reload_magin"
				},
				"2.7667": {
					"effect": "tacz:ump45/ump45_drop_quick"
				},
				"3.0": {
					"effect": "tacz:ump45/ump45_reload_empty_fast_charge"
				},
				"3.5333": {
					"effect": "tacz:ump45/ump45_reload_empty_bolt_release"
				},
				"3.8667": {
					"effect": "tacz:ump45/ump45_reload_fast_end"
				}
			}
		}
	}
}