{
	"format_version": "1.8.0",
	"animations": {
		"static_idle": {
			"loop": true,
			"bones": {
				"left_hand": {
					"rotation": [89.9972, 35.76267, -11.26444],
					"position": [-5.25, -11.5, -14.5],
					"scale": [1, 1.25, 1]
				},
				"right_hand": {
					"rotation": [22.45747, 8.10997, 60.83702],
					"position": [3.5, -3, -6],
					"scale": [1, 1.25, 1]
				}
			}
		},
		"shoot": {
			"animation_length": 1.2333,
			"bones": {
				"root": {
					"rotation": {
						"0.0": {
							"post": [0, 0, 0],
							"lerp_mode": "catmullrom"
						},
						"0.0667": {
							"post": [0.33, -0.01, -0.43],
							"lerp_mode": "catmullrom"
						},
						"0.1667": {
							"post": [-2.147, 0.01, 0.53],
							"lerp_mode": "catmullrom"
						},
						"0.3667": {
							"post": [-1.98723, 0.02, 0.28],
							"lerp_mode": "catmullrom"
						},
						"0.5": {
							"post": [-0.5025, 0.01, -0.25],
							"lerp_mode": "catmullrom"
						},
						"0.7": {
							"post": [-0.205, -0.01, -0.08],
							"lerp_mode": "catmullrom"
						},
						"0.9": {
							"post": [-0.325, -0.02, 0.04],
							"lerp_mode": "catmullrom"
						},
						"1.0667": {
							"post": [-0.0625, 0, 0],
							"lerp_mode": "catmullrom"
						},
						"1.2333": {
							"post": [-0.0125, -0.02, 0.04],
							"lerp_mode": "catmullrom"
						}
					},
					"position": {
						"0.0": {
							"post": [0, 0, 0],
							"lerp_mode": "catmullrom"
						},
						"0.0667": {
							"post": [-0.04, -0.16, 0.71],
							"lerp_mode": "catmullrom"
						},
						"0.2": {
							"post": [-0.05, -0.08, 0.7025],
							"lerp_mode": "catmullrom"
						},
						"0.3333": {
							"post": [-0.02, -0.09, -0.02],
							"lerp_mode": "catmullrom"
						},
						"0.4333": {
							"post": [0, -0.05, -0.03],
							"lerp_mode": "catmullrom"
						},
						"0.5667": {
							"post": [0.02, -0.1775, 0],
							"lerp_mode": "catmullrom"
						},
						"0.8333": {
							"post": [0, 0, 0],
							"lerp_mode": "catmullrom"
						},
						"1.0333": {
							"post": [0, 0, 0],
							"lerp_mode": "catmullrom"
						}
					}
				},
				"camera": {
					"rotation": {
						"0.0": {
							"post": [-2, 0, -3],
							"lerp_mode": "catmullrom"
						},
						"0.0333": {
							"post": [0.45, 0.33, 2.5],
							"lerp_mode": "catmullrom"
						},
						"0.1": {
							"post": [0.64, -0.19, -1.62],
							"lerp_mode": "catmullrom"
						},
						"0.1667": {
							"post": [0.15, -0.22, 1.16],
							"lerp_mode": "catmullrom"
						},
						"0.3": {
							"post": [-0.28, 0.13, -0.45615],
							"lerp_mode": "catmullrom"
						},
						"0.4333": {
							"post": [-0.1, 0.1, 0.15115],
							"lerp_mode": "catmullrom"
						},
						"0.7": {
							"post": [0, 0, 0],
							"lerp_mode": "catmullrom"
						}
					}
				}
			}
		},
		"reload_empty": {
			"animation_length": 4.3,
			"bones": {
				"left_hand": {
					"rotation": {
						"0.0": [89.9972, 35.76267, -11.26444],
						"0.1333": {
							"pre": [44.59291, -4.62876, -8.59515],
							"post": [44.59291, -4.62876, -8.59515],
							"lerp_mode": "catmullrom"
						},
						"0.2333": {
							"post": [12.12891, -2.40552, -49.78351],
							"lerp_mode": "catmullrom"
						},
						"0.4": [-9.98443, -2.65207, -81.17365],
						"3.1": [-9.98443, -2.65207, -81.17365],
						"3.4": [44.59291, -4.62876, -8.59515],
						"3.5667": [89.9972, 35.76267, -11.26444]
					},
					"position": {
						"0.0": [-5.25, -11.5, -14.5],
						"0.1": {
							"pre": [-0.65, -6.7, -7.3],
							"post": [-0.65, -6.7, -7.3],
							"lerp_mode": "catmullrom"
						},
						"0.2": {
							"post": [-1.25, 0.125, -2.5],
							"lerp_mode": "catmullrom"
						},
						"0.3667": [-4.25, -2.5, 5.5],
						"3.1": [-4.25, -2.5, 5.5],
						"3.2333": {
							"pre": [0.75, 1.5, -2.5],
							"post": [0.75, 1.5, -2.5],
							"lerp_mode": "catmullrom"
						},
						"3.4": {
							"post": [1.35, -3.7, -7.3],
							"lerp_mode": "catmullrom"
						},
						"3.5333": [-5.25, -11.5, -14.5]
					},
					"scale": [1, 1.25, 1]
				},
				"right_hand": {
					"rotation": {
						"0.3667": [22.45747, 8.10997, 60.83702],
						"0.6333": {
							"pre": [121.38612, 126.26208, 35.4513],
							"post": [121.38612, 126.26208, 35.4513],
							"lerp_mode": "catmullrom"
						},
						"0.8333": {
							"post": [139.32867, 70.24331, 105.61968],
							"lerp_mode": "catmullrom"
						},
						"0.9333": [129.92985, 73.75948, 92.2361],
						"2.7667": [129.92985, 73.75948, 92.2361],
						"3.0333": [109.38612, 58.26208, 35.4513],
						"3.2667": [22.45747, 8.10997, 60.83702]
					},
					"position": {
						"0.3667": [3.5, -3, -6],
						"0.6667": {
							"pre": [-0.12, -13.46, 11.08],
							"post": [-0.12, -13.46, 11.08],
							"lerp_mode": "catmullrom"
						},
						"0.8": {
							"post": [-2.06, -10.67, 23.28],
							"lerp_mode": "catmullrom"
						},
						"0.9": [5.5, -5.375, 29],
						"2.7667": [5.5, -5.375, 29],
						"2.9333": [-0.12, -13.46, 18.08],
						"3.2667": [3.5, -3, -6]
					},
					"scale": [1, 1.25, 1]
				},
				"root": {
					"rotation": {
						"0.0": [0, 0, 0],
						"0.3333": {
							"pre": [22.00216, -34.86998, 22.82758],
							"post": [22.00216, -34.86998, 22.82758],
							"lerp_mode": "catmullrom"
						},
						"0.5667": {
							"post": [23.6775, -38.24, 25.9],
							"lerp_mode": "catmullrom"
						},
						"0.8333": {
							"post": [29.26448, -37.13805, 34.52981],
							"lerp_mode": "catmullrom"
						},
						"1.2": {
							"post": [29.82, -37.01, 34.04],
							"lerp_mode": "catmullrom"
						},
						"1.3": {
							"post": [29.32, -37, 33.96],
							"lerp_mode": "catmullrom"
						},
						"1.7667": {
							"post": [29.97, -37, 34.1],
							"lerp_mode": "catmullrom"
						},
						"2.1667": {
							"post": [32.42, -39.01, 35.88],
							"lerp_mode": "catmullrom"
						},
						"2.9333": {
							"post": [30.6075, -39.01, 35.88],
							"lerp_mode": "catmullrom"
						},
						"3.2": {
							"post": [23.6775, -38.24, 37.9],
							"lerp_mode": "catmullrom"
						},
						"3.4333": {
							"post": [22.00216, -34.86998, 35.82758],
							"lerp_mode": "catmullrom"
						},
						"3.7667": {
							"post": [1.875, -4, 3.875],
							"lerp_mode": "catmullrom"
						},
						"4.0333": [0, 0, 0]
					},
					"position": {
						"0.0": [0, 0, 0],
						"0.2667": {
							"pre": [1.3125, -7, -7],
							"post": [1.3125, -7, -7],
							"lerp_mode": "catmullrom"
						},
						"0.4667": {
							"post": [2.56, -9.8575, -9.86],
							"lerp_mode": "catmullrom"
						},
						"0.7": {
							"post": [2.6875, -20.4375, -22],
							"lerp_mode": "catmullrom"
						},
						"0.9333": {
							"post": [2.6875, -23.125, -23.5625],
							"lerp_mode": "catmullrom"
						},
						"1.1667": {
							"post": [2, -23.37, -24.12],
							"lerp_mode": "catmullrom"
						},
						"1.3": {
							"post": [1.0625, -22.5625, -23.125],
							"lerp_mode": "catmullrom"
						},
						"1.5": {
							"post": [2, -23.5625, -23.125],
							"lerp_mode": "catmullrom"
						},
						"1.8": {
							"post": [2.04, -23.49, -24.24],
							"lerp_mode": "catmullrom"
						},
						"2.2333": {
							"post": [2.04, -24.3025, -24.24],
							"lerp_mode": "catmullrom"
						},
						"2.5667": {
							"post": [2.23, -23.8, -24.6275],
							"lerp_mode": "catmullrom"
						},
						"2.6667": {
							"post": [2.645, -27.24, -25.8375],
							"lerp_mode": "catmullrom"
						},
						"2.8333": {
							"post": [2.32, -23.7025, -25.7875],
							"lerp_mode": "catmullrom"
						},
						"3.0667": {
							"post": [2, -22.5, -24],
							"lerp_mode": "catmullrom"
						},
						"3.3": {
							"post": [-1, -7, -6],
							"lerp_mode": "catmullrom"
						},
						"3.4667": {
							"post": [-1.01, -4.41, -2.74],
							"lerp_mode": "catmullrom"
						},
						"3.6333": {
							"post": [-0.675, 0.675, 0.03],
							"lerp_mode": "catmullrom"
						},
						"3.8333": {
							"post": [-0.4875, 1.8625, 0.53],
							"lerp_mode": "catmullrom"
						},
						"4.0": {
							"post": [0, -0.3375, 0],
							"lerp_mode": "catmullrom"
						},
						"4.2667": [0, 0, 0]
					}
				},
				"right_mag": {
					"rotation": {
						"1.2": [0, 0, 0],
						"1.2333": [-2.5, 0, 0],
						"1.8": {
							"pre": [4.5, 0, 0],
							"post": [4.5, 0, 0],
							"lerp_mode": "catmullrom"
						},
						"1.9667": {
							"post": [0.5225, 0, 0],
							"lerp_mode": "catmullrom"
						},
						"2.2333": [0, 0, 0]
					},
					"position": {
						"1.1333": [0, 0, 0],
						"1.2": [0, 0, 12.5],
						"1.3333": [-2, -8, 31],
						"1.6333": [-2, -8, 30],
						"1.7": [-8.78, -24.13, -2.42],
						"2.0": {
							"pre": [-0.8, -3.2, 11.9],
							"post": [-0.8, -3.2, 11.9],
							"lerp_mode": "catmullrom"
						},
						"2.2": {
							"post": [0, -0.175, 10.125],
							"lerp_mode": "catmullrom"
						},
						"2.2667": [0, -0.17, 5.13],
						"2.5333": [0, -0.175, 5.125],
						"2.5667": [0, 0, 0]
					}
				},
				"hexadecagon6": {
					"position": {
						"1.6": [0, 0, 0],
						"1.6667": [0, 0, -7],
						"2.2333": [0, 0, -7],
						"2.2667": [0, 0, -5.25],
						"2.5333": [0, 0, -5.25],
						"2.5667": [0, 0, 0]
					}
				},
				"camera": {
					"rotation": {
						"0.0": {
							"post": [0, 0, 0],
							"lerp_mode": "catmullrom"
						},
						"0.2333": {
							"post": [0.7458, 0.9, -3],
							"lerp_mode": "catmullrom"
						},
						"0.4667": {
							"post": [0.6993, 1.06, -2.32],
							"lerp_mode": "catmullrom"
						},
						"0.6": {
							"post": [0.69, 1.08, -0.08],
							"lerp_mode": "catmullrom"
						},
						"0.7333": {
							"post": [1.5166, 1.07, 0.08],
							"lerp_mode": "catmullrom"
						},
						"0.9333": {
							"post": [1.4701, 0.72, 0.06],
							"lerp_mode": "catmullrom"
						},
						"1.0667": {
							"post": [1.498, 0.64, -0.28],
							"lerp_mode": "catmullrom"
						},
						"1.1667": {
							"post": [1.6003, 0.65, 0.01],
							"lerp_mode": "catmullrom"
						},
						"1.2333": {
							"post": [1.7212, 0.63, -3.47],
							"lerp_mode": "catmullrom"
						},
						"1.3333": {
							"post": [1.498, 0.68, 0.65],
							"lerp_mode": "catmullrom"
						},
						"1.4333": {
							"post": [1.498, 0.66, 0.08],
							"lerp_mode": "catmullrom"
						},
						"1.6667": {
							"post": [1.6096, 0.63, -0.17],
							"lerp_mode": "catmullrom"
						},
						"2.1333": {
							"post": [1.7305, 0.6, -0.19],
							"lerp_mode": "catmullrom"
						},
						"2.3": {
							"post": [1.777, 0.59, 0.2675],
							"lerp_mode": "catmullrom"
						},
						"2.4": {
							"post": [2.0002, 0.6, -0.24],
							"lerp_mode": "catmullrom"
						},
						"2.5333": {
							"post": [0.8651, 0.85, 2.53],
							"lerp_mode": "catmullrom"
						},
						"2.5667": {
							"post": [3.1698, 0.87, 0],
							"lerp_mode": "catmullrom"
						},
						"2.6": {
							"post": [4.9012, 0.85, 1.41],
							"lerp_mode": "catmullrom"
						},
						"2.6333": {
							"post": [4.1419, 0.84, -1.95],
							"lerp_mode": "catmullrom"
						},
						"2.6667": {
							"post": [2.0861, 0.85, -2.11],
							"lerp_mode": "catmullrom"
						},
						"2.7333": {
							"post": [2.114, 0.69, -0.23],
							"lerp_mode": "catmullrom"
						},
						"2.9333": {
							"post": [1.9187, 1.25, 0.77],
							"lerp_mode": "catmullrom"
						},
						"3.1667": {
							"post": [2.1118, 1.31, 0.57],
							"lerp_mode": "catmullrom"
						},
						"3.2667": {
							"post": [2.2513, 1.51, 0.96],
							"lerp_mode": "catmullrom"
						},
						"3.3667": {
							"post": [1.8049, 1.04, 0.495],
							"lerp_mode": "catmullrom"
						},
						"3.4667": {
							"post": [1.7026, 0.96, 0.8],
							"lerp_mode": "catmullrom"
						},
						"3.5667": {
							"post": [1.2934, 0.28, 0.59],
							"lerp_mode": "catmullrom"
						},
						"3.8": {
							"post": [-0.79, 0.16, -0.26],
							"lerp_mode": "catmullrom"
						},
						"3.9": {
							"post": [0.35, 0, 0.38],
							"lerp_mode": "catmullrom"
						},
						"4.0": {
							"post": [-0.545, 0, -0.2],
							"lerp_mode": "catmullrom"
						},
						"4.1667": {
							"post": [0, 0, 0],
							"lerp_mode": "catmullrom"
						}
					}
				}
			},
			"sound_effects": {
				"0.0": {
					"effect": "bringdown"
				},
				"0.9667": {
					"effect": "bf1:f_faust/clipout"
				},
				"2.1": {
					"effect": "bf1:f_faust/clipin"
				}
			}
		},
		"reload_tactical": {
			"animation_length": 4.3,
			"bones": {
				"left_hand": {
					"rotation": {
						"0.0": [89.9972, 35.76267, -11.26444],
						"0.1333": {
							"pre": [44.59291, -4.62876, -8.59515],
							"post": [44.59291, -4.62876, -8.59515],
							"lerp_mode": "catmullrom"
						},
						"0.2333": {
							"post": [12.12891, -2.40552, -49.78351],
							"lerp_mode": "catmullrom"
						},
						"0.4": [-9.98443, -2.65207, -81.17365],
						"3.1": [-9.98443, -2.65207, -81.17365],
						"3.4": [44.59291, -4.62876, -8.59515],
						"3.5667": [89.9972, 35.76267, -11.26444]
					},
					"position": {
						"0.0": [-5.25, -11.5, -14.5],
						"0.1": {
							"pre": [-0.65, -6.7, -7.3],
							"post": [-0.65, -6.7, -7.3],
							"lerp_mode": "catmullrom"
						},
						"0.2": {
							"post": [-1.25, 0.125, -2.5],
							"lerp_mode": "catmullrom"
						},
						"0.3667": [-4.25, -2.5, 5.5],
						"3.1": [-4.25, -2.5, 5.5],
						"3.2333": {
							"pre": [0.75, 1.5, -2.5],
							"post": [0.75, 1.5, -2.5],
							"lerp_mode": "catmullrom"
						},
						"3.4": {
							"post": [1.35, -3.7, -7.3],
							"lerp_mode": "catmullrom"
						},
						"3.5333": [-5.25, -11.5, -14.5]
					},
					"scale": [1, 1.25, 1]
				},
				"right_hand": {
					"rotation": {
						"0.3667": [22.45747, 8.10997, 60.83702],
						"0.6333": {
							"pre": [121.38612, 126.26208, 35.4513],
							"post": [121.38612, 126.26208, 35.4513],
							"lerp_mode": "catmullrom"
						},
						"0.8333": {
							"post": [139.32867, 70.24331, 105.61968],
							"lerp_mode": "catmullrom"
						},
						"0.9333": [129.92985, 73.75948, 92.2361],
						"2.7667": [129.92985, 73.75948, 92.2361],
						"3.0333": [109.38612, 58.26208, 35.4513],
						"3.2667": [22.45747, 8.10997, 60.83702]
					},
					"position": {
						"0.3667": [3.5, -3, -6],
						"0.6667": {
							"pre": [-0.12, -13.46, 11.08],
							"post": [-0.12, -13.46, 11.08],
							"lerp_mode": "catmullrom"
						},
						"0.8": {
							"post": [-2.06, -10.67, 23.28],
							"lerp_mode": "catmullrom"
						},
						"0.9": [5.5, -5.375, 29],
						"2.7667": [5.5, -5.375, 29],
						"2.9333": [-0.12, -13.46, 18.08],
						"3.2667": [3.5, -3, -6]
					},
					"scale": [1, 1.25, 1]
				},
				"root": {
					"rotation": {
						"0.0": [0, 0, 0],
						"0.3333": {
							"pre": [22.00216, -34.86998, 22.82758],
							"post": [22.00216, -34.86998, 22.82758],
							"lerp_mode": "catmullrom"
						},
						"0.5667": {
							"post": [23.6775, -38.24, 25.9],
							"lerp_mode": "catmullrom"
						},
						"0.8333": {
							"post": [29.26448, -37.13805, 34.52981],
							"lerp_mode": "catmullrom"
						},
						"1.2": {
							"post": [29.82, -37.01, 34.04],
							"lerp_mode": "catmullrom"
						},
						"1.3": {
							"post": [29.32, -37, 33.96],
							"lerp_mode": "catmullrom"
						},
						"1.7667": {
							"post": [29.97, -37, 34.1],
							"lerp_mode": "catmullrom"
						},
						"2.1667": {
							"post": [32.42, -39.01, 35.88],
							"lerp_mode": "catmullrom"
						},
						"2.9333": {
							"post": [30.6075, -39.01, 35.88],
							"lerp_mode": "catmullrom"
						},
						"3.2": {
							"post": [23.6775, -38.24, 37.9],
							"lerp_mode": "catmullrom"
						},
						"3.4333": {
							"post": [22.00216, -34.86998, 35.82758],
							"lerp_mode": "catmullrom"
						},
						"3.7667": {
							"post": [1.875, -4, 3.875],
							"lerp_mode": "catmullrom"
						},
						"4.0333": [0, 0, 0]
					},
					"position": {
						"0.0": [0, 0, 0],
						"0.2667": {
							"pre": [1.3125, -7, -7],
							"post": [1.3125, -7, -7],
							"lerp_mode": "catmullrom"
						},
						"0.4667": {
							"post": [2.56, -9.8575, -9.86],
							"lerp_mode": "catmullrom"
						},
						"0.7": {
							"post": [2.6875, -20.4375, -22],
							"lerp_mode": "catmullrom"
						},
						"0.9333": {
							"post": [2.6875, -23.125, -23.5625],
							"lerp_mode": "catmullrom"
						},
						"1.1667": {
							"post": [2, -23.37, -24.12],
							"lerp_mode": "catmullrom"
						},
						"1.3": {
							"post": [1.0625, -22.5625, -23.125],
							"lerp_mode": "catmullrom"
						},
						"1.5": {
							"post": [2, -23.5625, -23.125],
							"lerp_mode": "catmullrom"
						},
						"1.8": {
							"post": [2.04, -23.49, -24.24],
							"lerp_mode": "catmullrom"
						},
						"2.2333": {
							"post": [2.04, -24.3025, -24.24],
							"lerp_mode": "catmullrom"
						},
						"2.5667": {
							"post": [2.23, -23.8, -24.6275],
							"lerp_mode": "catmullrom"
						},
						"2.6667": {
							"post": [2.645, -27.24, -25.8375],
							"lerp_mode": "catmullrom"
						},
						"2.8333": {
							"post": [2.32, -23.7025, -25.7875],
							"lerp_mode": "catmullrom"
						},
						"3.0667": {
							"post": [2, -22.5, -24],
							"lerp_mode": "catmullrom"
						},
						"3.3": {
							"post": [-1, -7, -6],
							"lerp_mode": "catmullrom"
						},
						"3.4667": {
							"post": [-1.01, -4.41, -2.74],
							"lerp_mode": "catmullrom"
						},
						"3.6333": {
							"post": [-0.675, 0.675, 0.03],
							"lerp_mode": "catmullrom"
						},
						"3.8333": {
							"post": [-0.4875, 1.8625, 0.53],
							"lerp_mode": "catmullrom"
						},
						"4.0": {
							"post": [0, -0.3375, 0],
							"lerp_mode": "catmullrom"
						},
						"4.2667": [0, 0, 0]
					}
				},
				"right_mag": {
					"rotation": {
						"1.2": [0, 0, 0],
						"1.2333": [-2.5, 0, 0],
						"1.8": {
							"pre": [4.5, 0, 0],
							"post": [4.5, 0, 0],
							"lerp_mode": "catmullrom"
						},
						"1.9667": {
							"post": [0.5225, 0, 0],
							"lerp_mode": "catmullrom"
						},
						"2.2333": [0, 0, 0]
					},
					"position": {
						"1.1333": [0, 0, 0],
						"1.2": [0, 0, 12.5],
						"1.3333": [-2, -8, 31],
						"1.6333": [-2, -8, 30],
						"1.7": [-8.78, -24.13, -2.42],
						"2.0": {
							"pre": [-0.8, -3.2, 11.9],
							"post": [-0.8, -3.2, 11.9],
							"lerp_mode": "catmullrom"
						},
						"2.2": {
							"post": [0, -0.175, 10.125],
							"lerp_mode": "catmullrom"
						},
						"2.2667": [0, -0.17, 5.13],
						"2.5333": [0, -0.175, 5.125],
						"2.5667": [0, 0, 0]
					}
				},
				"hexadecagon6": {
					"position": {
						"1.6": [0, 0, 0],
						"1.6667": [0, 0, -7],
						"2.2333": [0, 0, -7],
						"2.2667": [0, 0, -5.25],
						"2.5333": [0, 0, -5.25],
						"2.5667": [0, 0, 0]
					}
				},
				"camera": {
					"rotation": {
						"0.0": {
							"post": [0, 0, 0],
							"lerp_mode": "catmullrom"
						},
						"0.2333": {
							"post": [0.7458, 0.9, -3],
							"lerp_mode": "catmullrom"
						},
						"0.4667": {
							"post": [0.6993, 1.06, -2.32],
							"lerp_mode": "catmullrom"
						},
						"0.6": {
							"post": [0.69, 1.08, -0.08],
							"lerp_mode": "catmullrom"
						},
						"0.7333": {
							"post": [1.5166, 1.07, 0.08],
							"lerp_mode": "catmullrom"
						},
						"0.9333": {
							"post": [1.4701, 0.72, 0.06],
							"lerp_mode": "catmullrom"
						},
						"1.0667": {
							"post": [1.498, 0.64, -0.28],
							"lerp_mode": "catmullrom"
						},
						"1.1667": {
							"post": [1.6003, 0.65, 0.01],
							"lerp_mode": "catmullrom"
						},
						"1.2333": {
							"post": [1.7212, 0.63, -3.47],
							"lerp_mode": "catmullrom"
						},
						"1.3333": {
							"post": [1.498, 0.68, 0.65],
							"lerp_mode": "catmullrom"
						},
						"1.4333": {
							"post": [1.498, 0.66, 0.08],
							"lerp_mode": "catmullrom"
						},
						"1.6667": {
							"post": [1.6096, 0.63, -0.17],
							"lerp_mode": "catmullrom"
						},
						"2.1333": {
							"post": [1.7305, 0.6, -0.19],
							"lerp_mode": "catmullrom"
						},
						"2.3": {
							"post": [1.777, 0.59, 0.2675],
							"lerp_mode": "catmullrom"
						},
						"2.4": {
							"post": [2.0002, 0.6, -0.24],
							"lerp_mode": "catmullrom"
						},
						"2.5333": {
							"post": [0.8651, 0.85, 2.53],
							"lerp_mode": "catmullrom"
						},
						"2.5667": {
							"post": [3.1698, 0.87, 0],
							"lerp_mode": "catmullrom"
						},
						"2.6": {
							"post": [4.9012, 0.85, 1.41],
							"lerp_mode": "catmullrom"
						},
						"2.6333": {
							"post": [4.1419, 0.84, -1.95],
							"lerp_mode": "catmullrom"
						},
						"2.6667": {
							"post": [2.0861, 0.85, -2.11],
							"lerp_mode": "catmullrom"
						},
						"2.7333": {
							"post": [2.114, 0.69, -0.23],
							"lerp_mode": "catmullrom"
						},
						"2.9333": {
							"post": [1.9187, 1.25, 0.77],
							"lerp_mode": "catmullrom"
						},
						"3.1667": {
							"post": [2.1118, 1.31, 0.57],
							"lerp_mode": "catmullrom"
						},
						"3.2667": {
							"post": [2.2513, 1.51, 0.96],
							"lerp_mode": "catmullrom"
						},
						"3.3667": {
							"post": [1.8049, 1.04, 0.495],
							"lerp_mode": "catmullrom"
						},
						"3.4667": {
							"post": [1.7026, 0.96, 0.8],
							"lerp_mode": "catmullrom"
						},
						"3.5667": {
							"post": [1.2934, 0.28, 0.59],
							"lerp_mode": "catmullrom"
						},
						"3.8": {
							"post": [-0.79, 0.16, -0.26],
							"lerp_mode": "catmullrom"
						},
						"3.9": {
							"post": [0.35, 0, 0.38],
							"lerp_mode": "catmullrom"
						},
						"4.0": {
							"post": [-0.545, 0, -0.2],
							"lerp_mode": "catmullrom"
						},
						"4.1667": {
							"post": [0, 0, 0],
							"lerp_mode": "catmullrom"
						}
					}
				}
			},
			"sound_effects": {
				"0.0": {
					"effect": "bringdown"
				},
				"0.9667": {
					"effect": "bf1:f_faust/clipout"
				},
				"2.1": {
					"effect": "bf1:f_faust/clipin"
				}
			}
		},
		"run_start": {
			"animation_length": 0.3125,
			"bones": {
				"root": {
					"rotation": {
						"0.0": [0, 0, 0],
						"0.1875": {
							"pre": [5.25, -29.32, 8.63],
							"post": [5.25, -29.32, 8.63],
							"lerp_mode": "catmullrom"
						},
						"0.3125": {
							"post": [9.54, -41.47, 10.97],
							"lerp_mode": "catmullrom"
						}
					},
					"position": {
						"0.0": [0, 0, 0],
						"0.125": {
							"pre": [-0.7275, -3.775, 0.62],
							"post": [-0.7275, -3.775, 0.62],
							"lerp_mode": "catmullrom"
						},
						"0.25": {
							"post": [-1.04, -4.65, 0.85],
							"lerp_mode": "catmullrom"
						},
						"0.3125": {
							"post": [-0.93, -4.55, 0.96],
							"lerp_mode": "catmullrom"
						}
					}
				}
			}
		},
		"run": {
			"loop": true,
			"animation_length": 0.6667,
			"bones": {
				"root": {
					"rotation": {
						"0.0": {
							"post": [10, -42.19775, 11.5],
							"lerp_mode": "catmullrom"
						},
						"0.125": {
							"post": [10, -44.24415, 11.5],
							"lerp_mode": "catmullrom"
						},
						"0.25": {
							"post": [10, -42.05665, 14.1875],
							"lerp_mode": "catmullrom"
						},
						"0.4167": {
							"post": [10, -36.9288, 11.5],
							"lerp_mode": "catmullrom"
						},
						"0.5417": {
							"post": [10, -39.81835, 13.0625],
							"lerp_mode": "catmullrom"
						},
						"0.6667": {
							"post": [10, -42.19775, 11.5],
							"lerp_mode": "catmullrom"
						}
					},
					"position": {
						"0.0": {
							"post": [-0.34332, -4.25, 1],
							"lerp_mode": "catmullrom"
						},
						"0.0833": {
							"post": [-0.34332, -4.5, 1],
							"lerp_mode": "catmullrom"
						},
						"0.1667": {
							"post": [-1.76, -5.2825, 1],
							"lerp_mode": "catmullrom"
						},
						"0.2083": {
							"post": [-2.55702, -5.25, 1],
							"lerp_mode": "catmullrom"
						},
						"0.3333": {
							"post": [-4.57821, -4.25, 1],
							"lerp_mode": "catmullrom"
						},
						"0.4167": {
							"post": [-4.57821, -4.5, 1],
							"lerp_mode": "catmullrom"
						},
						"0.5": {
							"post": [-3.37, -5.2825, 1],
							"lerp_mode": "catmullrom"
						},
						"0.5417": {
							"post": [-2.55702, -5.25, 1],
							"lerp_mode": "catmullrom"
						},
						"0.6667": {
							"post": [-0.34332, -4.25, 1],
							"lerp_mode": "catmullrom"
						}
					}
				}
			}
		},
		"run_hold": {
			"loop": true,
			"bones": {
				"root": {
					"rotation": [10, -40.7578, 11.5],
					"position": [-2.20505, -5.5, 1]
				}
			}
		},
		"run_add": {
			"loop": true,
			"animation_length": 2.6667,
			"bones": {
				"root": {
					"rotation": {
						"0.0": {
							"post": [0, 0, 0],
							"lerp_mode": "catmullrom"
						},
						"1.4167": {
							"post": [0, -5, 0],
							"lerp_mode": "catmullrom"
						},
						"2.6667": {
							"post": [0, 0, 0],
							"lerp_mode": "catmullrom"
						}
					},
					"position": {
						"0.0": {
							"post": [0, 0, 0],
							"lerp_mode": "catmullrom"
						},
						"0.75": {
							"post": [0.25, 0.25, -0.4375],
							"lerp_mode": "catmullrom"
						},
						"1.375": {
							"post": [2, 1, -1.75],
							"lerp_mode": "catmullrom"
						},
						"2.0": {
							"post": [0.5, 0.25, -0.5],
							"lerp_mode": "catmullrom"
						},
						"2.6667": {
							"post": [0, 0, 0],
							"lerp_mode": "catmullrom"
						}
					}
				}
			}
		},
		"run_add_hold": {
			"loop": true,
			"bones": {
				"root": {
					"rotation": [0, 0, 0],
					"position": [0, 0, 0]
				}
			}
		},
		"draw": {
			"animation_length": 1,
			"bones": {
				"root": {
					"rotation": {
						"0.0": {
							"post": [0, -35, 57.5],
							"lerp_mode": "catmullrom"
						},
						"0.1667": {
							"post": [2.7348, -8.92512, 37.89727],
							"lerp_mode": "catmullrom"
						},
						"0.4667": {
							"post": [0.64547, -1.47247, 6.10117],
							"lerp_mode": "catmullrom"
						},
						"0.6": {
							"post": [1.37749, -0.08367, -1.55166],
							"lerp_mode": "catmullrom"
						},
						"0.7": {
							"post": [-0.45456, -0.10457, 0.82333],
							"lerp_mode": "catmullrom"
						},
						"0.8": {
							"post": [-0.065, -0.44, -0.27],
							"lerp_mode": "catmullrom"
						},
						"1.0": [0, 0, 0]
					},
					"position": {
						"0.0": {
							"post": [0, -11, 2],
							"lerp_mode": "catmullrom"
						},
						"0.1667": {
							"post": [-0.14, -6.41, 0.055],
							"lerp_mode": "catmullrom"
						},
						"0.3667": {
							"post": [-0.22, 1.21, 0.075],
							"lerp_mode": "catmullrom"
						},
						"0.5": {
							"post": [-0.125, 2.115, 0.0875],
							"lerp_mode": "catmullrom"
						},
						"0.6667": {
							"post": [0, -0.3675, -0.2],
							"lerp_mode": "catmullrom"
						},
						"0.7667": {
							"post": [0.05, -0.8125, -0.15],
							"lerp_mode": "catmullrom"
						},
						"0.8667": {
							"post": [-0.025, 0, 0.05],
							"lerp_mode": "catmullrom"
						},
						"1.0": [0, 0, 0]
					}
				},
				"left_hand": {
					"rotation": {
						"0.0": [107.49569, 58.26267, -11.26647],
						"0.3333": {
							"pre": [86.56, 44.2, -11.27],
							"post": [86.56, 44.2, -11.27],
							"lerp_mode": "catmullrom"
						},
						"0.5333": {
							"post": [79.35204, 37.75321, -11.50696],
							"lerp_mode": "catmullrom"
						},
						"0.7": [89.9972, 35.76267, -11.26444]
					},
					"position": {
						"0.0": [-5.25, -11.5, -14.5],
						"0.7": [-5.25, -11.5, -14.5]
					},
					"scale": [1, 1.25, 1]
				},
				"camera": {
					"rotation": {
						"0.0": {
							"post": [0, 0, 0],
							"lerp_mode": "catmullrom"
						},
						"0.2": {
							"post": [1.00016, 0.00436, 0.75027],
							"lerp_mode": "catmullrom"
						},
						"0.4667": {
							"post": [0.08, 0, -0.17],
							"lerp_mode": "catmullrom"
						},
						"0.6": {
							"post": [-0.125, 0, -0.5],
							"lerp_mode": "catmullrom"
						},
						"0.6667": {
							"post": [0, 0, 0.375],
							"lerp_mode": "catmullrom"
						},
						"0.7333": {
							"post": [0.75, 0, -0.3],
							"lerp_mode": "catmullrom"
						},
						"0.8333": {
							"post": [0.0625, 0, 0.0625],
							"lerp_mode": "catmullrom"
						},
						"1.0": {
							"post": [0, 0, 0],
							"lerp_mode": "catmullrom"
						}
					}
				}
			},
			"sound_effects": {
				"0.0": {
					"effect": "bringdown"
				}
			}
		},
		"put_away": {
			"animation_length": 0.6,
			"bones": {
				"root": {
					"rotation": {
						"0.0": {
							"post": [0, 0, 0],
							"lerp_mode": "catmullrom"
						},
						"0.0667": {
							"post": [-0.64, -1.16, -2.19],
							"lerp_mode": "catmullrom"
						},
						"0.1667": {
							"post": [3.1, -15.6, 4.35],
							"lerp_mode": "catmullrom"
						},
						"0.4333": [15.16, -62.05, 26.17]
					},
					"position": {
						"0.0": {
							"post": [0, 0, 0],
							"lerp_mode": "catmullrom"
						},
						"0.1333": {
							"post": [-0.67, -3.47, 0.34],
							"lerp_mode": "catmullrom"
						},
						"0.2": {
							"post": [-0.64, -4.11, 0.19],
							"lerp_mode": "catmullrom"
						},
						"0.3333": {
							"post": [0.92, -8.65, -0.33],
							"lerp_mode": "catmullrom"
						},
						"0.6": [4.13, -16.92, -0.35]
					}
				},
				"camera": {
					"rotation": {
						"0.0": {
							"post": [0, 0, 0],
							"lerp_mode": "catmullrom"
						},
						"0.1333": {
							"post": [0.3, 0, -0.125],
							"lerp_mode": "catmullrom"
						},
						"0.2333": {
							"post": [0.64, 0, 0.3],
							"lerp_mode": "catmullrom"
						},
						"0.3667": {
							"post": [0.5, 0, 0.15],
							"lerp_mode": "catmullrom"
						},
						"0.5": {
							"post": [0, 0, 0],
							"lerp_mode": "catmullrom"
						}
					}
				}
			}
		},
		"inspect": {
			"animation_length": 5.9333,
			"bones": {
				"root": {
					"rotation": {
						"0.0": {
							"post": [0, 0, 0],
							"lerp_mode": "catmullrom"
						},
						"0.1333": {
							"post": [2.89, -2.96, 0.7],
							"lerp_mode": "catmullrom"
						},
						"0.3333": {
							"post": [-1.7, -19.17, -5.12],
							"lerp_mode": "catmullrom"
						},
						"0.5667": {
							"post": [1.29, -40.3925, -37.5],
							"lerp_mode": "catmullrom"
						},
						"0.7667": {
							"post": [-4.07, -42.64, -34.55],
							"lerp_mode": "catmullrom"
						},
						"0.9333": {
							"post": [-2.25, -42.94, -36.54],
							"lerp_mode": "catmullrom"
						},
						"1.8667": {
							"post": [-3.95, -42.65, -35.07],
							"lerp_mode": "catmullrom"
						},
						"2.1": {
							"post": [-5.03, -42.51, -29.01],
							"lerp_mode": "catmullrom"
						},
						"2.4333": {
							"post": [-3.01, -41.57, -31.7],
							"lerp_mode": "catmullrom"
						},
						"2.9667": {
							"post": [-29.53, -0.41, 73.78],
							"lerp_mode": "catmullrom"
						},
						"3.2": {
							"post": [-28.95, -2.06, 68.44],
							"lerp_mode": "catmullrom"
						},
						"4.5": {
							"post": [-28.23, -1.75, 69.12],
							"lerp_mode": "catmullrom"
						},
						"4.7333": {
							"post": [-20.54, -7.22, 59.5],
							"lerp_mode": "catmullrom"
						},
						"4.8667": {
							"post": [-11.62, -12.05, 49.41],
							"lerp_mode": "catmullrom"
						},
						"5.1333": {
							"post": [2.46, -9.36, 19.43],
							"lerp_mode": "catmullrom"
						},
						"5.4667": {
							"post": [1.26, -0.73, 0.59],
							"lerp_mode": "catmullrom"
						},
						"5.8667": {
							"post": [0, 0, 0],
							"lerp_mode": "catmullrom"
						}
					},
					"position": {
						"0.0": {
							"post": [0, 0, 0],
							"lerp_mode": "catmullrom"
						},
						"0.1333": {
							"post": [0.15, -0.31, -0.72],
							"lerp_mode": "catmullrom"
						},
						"0.4": {
							"post": [0.97, 0.36, -2.86],
							"lerp_mode": "catmullrom"
						},
						"0.6667": {
							"post": [1.05, -0.17, -2.7],
							"lerp_mode": "catmullrom"
						},
						"0.8": {
							"post": [0.94, 0.23, -2.69],
							"lerp_mode": "catmullrom"
						},
						"1.9": {
							"post": [1.03, 0.09, -2.6],
							"lerp_mode": "catmullrom"
						},
						"2.0667": {
							"post": [1.05, -0.28, -2.43],
							"lerp_mode": "catmullrom"
						},
						"2.4667": {
							"post": [1.07, 0.35, -2.77],
							"lerp_mode": "catmullrom"
						},
						"2.6333": {
							"post": [1.01, 0.09, -3.34],
							"lerp_mode": "catmullrom"
						},
						"2.9667": {
							"post": [0.325, 1.55, -5.67],
							"lerp_mode": "catmullrom"
						},
						"3.2": {
							"post": [0.365, -0.0025, -5.16],
							"lerp_mode": "catmullrom"
						},
						"3.3667": {
							"post": [0.395, 0.49, -5.13],
							"lerp_mode": "catmullrom"
						},
						"4.5333": {
							"post": [0.495, 0.49, -5.11],
							"lerp_mode": "catmullrom"
						},
						"4.7333": {
							"post": [0.025, 0.4325, -4.61],
							"lerp_mode": "catmullrom"
						},
						"4.9667": {
							"post": [-0.24, 0.3425, -3.4],
							"lerp_mode": "catmullrom"
						},
						"5.1667": {
							"post": [-0.09, -0.475, -0.92],
							"lerp_mode": "catmullrom"
						},
						"5.3": {
							"post": [0.02, -0.245, 0.08],
							"lerp_mode": "catmullrom"
						},
						"5.5": {
							"post": [0, -0.17, 0.13],
							"lerp_mode": "catmullrom"
						},
						"5.6": {
							"post": [0, -0.09, 0.01],
							"lerp_mode": "catmullrom"
						},
						"5.9333": {
							"post": [0, 0, 0],
							"lerp_mode": "catmullrom"
						}
					}
				},
				"left_hand": {
					"rotation": {
						"0.0": [89.9972, 35.76267, -11.26444],
						"0.5667": [57.49535, 60.76267, -11.26686],
						"2.3667": [57.49535, 60.76267, -11.26686],
						"2.8333": [101.70429, 51.37469, -20.74899],
						"4.7667": [101.70429, 51.37469, -20.74899],
						"5.0667": [89.9972, 35.76267, -11.26444]
					},
					"position": [-5.25, -11.5, -14.5],
					"scale": [1, 1.25, 1]
				},
				"right_hand": {
					"rotation": {
						"2.6": [22.45747, 8.10997, 60.83702],
						"2.9": [5.259, 23.2504, 2.80704],
						"4.6333": [5.259, 23.2504, 2.80704],
						"4.9667": [22.45747, 8.10997, 60.83702]
					},
					"position": {
						"2.6": [3.5, -3, -6],
						"2.9": [2.5, -4, -3],
						"4.6333": [2.5, -4, -3],
						"4.9667": [3.5, -3, -6]
					},
					"scale": [1, 1.25, 1]
				},
				"camera": {
					"rotation": {
						"0.0": [0, 0, 0],
						"0.0333": [0.04, -0.01, -0.02],
						"0.0667": [0.11, -0.03, -0.06],
						"0.1": [0.2, -0.05, -0.12],
						"0.1333": [0.29, -0.07, -0.18],
						"0.1667": [0.38, -0.09, -0.22],
						"0.2": [0.45, -0.1, -0.24],
						"0.2333": [0.5, -0.09, -0.22],
						"0.2667": [0.52, -0.06, -0.14],
						"0.3": [0.5, 0, 0],
						"0.3333": [0.43, 0.1, 0.24],
						"0.3667": [0.3, 0.23, 0.58],
						"0.4": [0.15, 0.39, 0.99],
						"0.4333": [-0.03, 0.57, 1.44],
						"0.4667": [-0.22, 0.75, 1.9],
						"0.5": [-0.41, 0.93, 2.34],
						"0.5333": [-0.58, 1.09, 2.73],
						"0.5667": [-0.72, 1.23, 3.04],
						"0.6": [-0.82, 1.33, 3.23],
						"0.6333": [-0.94, 1.46, 3.17],
						"0.6667": [-0.93, 1.45, 2.65],
						"0.7": [-0.88, 1.46, 2.27],
						"0.7333": [-0.86, 1.52, 2.31],
						"0.7667": [-0.81, 1.6, 2.48],
						"0.8": [-0.74, 1.7, 2.56],
						"0.8333": [-0.74, 1.7, 2.54],
						"0.8667": [-0.79, 1.68, 2.49],
						"0.9": [-0.86, 1.63, 2.43],
						"0.9333": [-0.95, 1.58, 2.36],
						"0.9667": [-1.03, 1.53, 2.29],
						"1.0": [-1.08, 1.5, 2.21],
						"1.0333": [-1.09, 1.5, 2.14],
						"1.0667": [-1.05, 1.55, 2.07],
						"1.1": [-0.92, 1.64, 2.02],
						"1.1333": [-0.71, 1.81, 1.98],
						"1.1667": [-0.39, 2.05, 1.97],
						"1.2": [-0.03, 2.32, 1.97],
						"1.2333": [0.44, 2.66, 1.98],
						"1.2667": [0.99, 3.07, 2.01],
						"1.3": [1.6, 3.53, 2.04],
						"1.3333": [2.27, 4.02, 2.08],
						"1.3667": [2.98, 4.54, 2.13],
						"1.4": [3.7, 5.06, 2.17],
						"1.4333": [4.42, 5.59, 2.22],
						"1.4667": [5.12, 6.11, 2.27],
						"1.5": [5.78, 6.59, 2.32],
						"1.5333": [6.39, 7.04, 2.37],
						"1.5667": [6.92, 7.44, 2.41],
						"1.6": [7.37, 7.77, 2.44],
						"1.6333": [7.71, 8.02, 2.47],
						"1.6667": [7.87, 8.15, 2.48],
						"1.7": [8.02, 8.26, 2.51],
						"1.7333": [8.16, 8.36, 2.54],
						"1.7667": [8.27, 8.45, 2.58],
						"1.8": [8.37, 8.52, 2.61],
						"1.8333": [8.45, 8.58, 2.66],
						"1.8667": [8.51, 8.63, 2.7],
						"1.9": [8.55, 8.67, 2.74],
						"1.9333": [8.58, 8.69, 2.78],
						"1.9667": [8.59, 8.7, 2.82],
						"2.0": [8.58, 8.7, 2.85],
						"2.0333": [8.56, 8.69, 2.88],
						"2.0667": [8.52, 8.66, 2.9],
						"2.1": [8.46, 8.62, 2.91],
						"2.1333": [8.39, 8.58, 2.91],
						"2.1667": [8.3, 8.52, 2.9],
						"2.2": [8.19, 8.45, 2.88],
						"2.2333": [8.07, 8.37, 2.85],
						"2.2667": [7.93, 8.28, 2.8],
						"2.3": [7.77, 8.18, 2.73],
						"2.3333": [7.6, 8.07, 2.65],
						"2.3667": [7.41, 7.95, 2.55],
						"2.4": [7.17, 7.79, 2.41],
						"2.4333": [6.87, 7.61, 2.23],
						"2.4667": [6.53, 7.39, 2.02],
						"2.5": [6.14, 7.14, 1.78],
						"2.5333": [5.72, 6.87, 1.51],
						"2.5667": [5.27, 6.59, 1.23],
						"2.6": [4.79, 6.28, 0.93],
						"2.6333": [4.3, 5.97, 0.62],
						"2.6667": [3.8, 5.65, 0.3],
						"2.7": [3.29, 5.32, -0.01],
						"2.7333": [2.77, 4.99, -0.33],
						"2.7667": [2.27, 4.66, -0.64],
						"2.8": [1.77, 4.33, -0.94],
						"2.8333": [1.29, 4.02, -1.23],
						"2.8667": [0.83, 3.72, -1.5],
						"2.9": [0.4, 3.43, -1.74],
						"2.9333": [0, 3.17, -1.96],
						"2.9667": [-0.35, 2.92, -2.14],
						"3.0": [-0.66, 2.71, -2.29],
						"3.0333": [-0.93, 2.52, -2.39],
						"3.0667": [-1.36, 2.19, -2.49],
						"3.1": [-1.65, 1.93, -2.43],
						"3.1333": [-1.81, 1.73, -2.26],
						"3.1667": [-1.89, 1.59, -2.01],
						"3.2": [-1.91, 1.48, -1.71],
						"3.2333": [-1.89, 1.4, -1.41],
						"3.2667": [-1.86, 1.32, -1.13],
						"3.3": [-1.86, 1.25, -0.92],
						"3.3333": [-1.92, 1.15, -0.8],
						"3.3667": [-2.12, 0.95, -0.82],
						"3.4": [-2.3, 0.8, -1.01],
						"3.4333": [-2.44, 0.69, -1.26],
						"3.4667": [-2.49, 0.6, -1.45],
						"3.5": [-2.49, 0.57, -1.49],
						"3.5333": [-2.46, 0.54, -1.53],
						"3.5667": [-2.42, 0.52, -1.57],
						"3.6": [-2.37, 0.51, -1.6],
						"3.6333": [-2.31, 0.5, -1.63],
						"3.6667": [-2.24, 0.49, -1.66],
						"3.7": [-2.17, 0.48, -1.69],
						"3.7333": [-2.11, 0.47, -1.71],
						"3.7667": [-2.05, 0.46, -1.73],
						"3.8": [-2, 0.45, -1.75],
						"3.8333": [-1.96, 0.44, -1.76],
						"3.8667": [-1.95, 0.43, -1.77],
						"3.9": [-1.93, 0.43, -1.78],
						"3.9333": [-1.92, 0.42, -1.8],
						"3.9667": [-1.91, 0.41, -1.82],
						"4.0": [-1.9, 0.4, -1.84],
						"4.0333": [-1.89, 0.4, -1.86],
						"4.0667": [-1.89, 0.39, -1.88],
						"4.1": [-1.88, 0.39, -1.89],
						"4.1333": [-1.88, 0.38, -1.9],
						"4.1667": [-1.87, 0.37, -1.91],
						"4.2": [-1.87, 0.37, -1.92],
						"4.2333": [-1.87, 0.36, -1.92],
						"4.2667": [-1.87, 0.36, -1.91],
						"4.3": [-1.86, 0.35, -1.9],
						"4.3333": [-1.86, 0.35, -1.87],
						"4.3667": [-1.85, 0.34, -1.84],
						"4.4": [-1.85, 0.34, -1.8],
						"4.4333": [-1.84, 0.33, -1.74],
						"4.4667": [-1.83, 0.32, -1.59],
						"4.5": [-1.82, 0.31, -1.4],
						"4.5333": [-1.81, 0.3, -1.18],
						"4.5667": [-1.8, 0.29, -0.93],
						"4.6": [-1.78, 0.29, -0.66],
						"4.6333": [-1.77, 0.28, -0.38],
						"4.6667": [-1.76, 0.28, -0.1],
						"4.7": [-1.75, 0.28, 0.17],
						"4.7333": [-1.73, 0.28, 0.42],
						"4.7667": [-1.73, 0.29, 0.69],
						"4.8": [-1.73, 0.31, 1],
						"4.8333": [-1.75, 0.33, 1.33],
						"4.8667": [-1.76, 0.36, 1.66],
						"4.9": [-1.77, 0.39, 1.97],
						"4.9333": [-1.76, 0.41, 2.24],
						"4.9667": [-1.73, 0.43, 2.46],
						"5.0": [-1.68, 0.44, 2.59],
						"5.0333": [-1.59, 0.44, 2.62],
						"5.0667": [-1.46, 0.42, 2.53],
						"5.1": [-1.27, 0.39, 2.34],
						"5.1333": [-1.06, 0.36, 2.06],
						"5.1667": [-0.83, 0.31, 1.72],
						"5.2": [-0.58, 0.27, 1.34],
						"5.2333": [-0.35, 0.22, 0.95],
						"5.2667": [-0.14, 0.18, 0.58],
						"5.3": [0.04, 0.15, 0.25],
						"5.3333": [0.18, 0.12, -0.02],
						"5.3667": [0.36, 0.08, -0.73],
						"5.4": [0.36, 0.07, -1.31],
						"5.4333": [0.31, 0.06, -1.52],
						"5.4667": [0.25, 0.04, -1.26],
						"5.5": [0.16, 0.03, -0.71],
						"5.5333": [0.07, 0.01, -0.13],
						"5.5667": [0, 0, 0.25],
						"5.6": [-0.02, 0, 0.33],
						"5.6333": [-0.02, 0, 0.28],
						"5.6667": [-0.01, 0, 0.18],
						"5.7": [0, 0, 0.07],
						"5.7333": [0, 0, 0]
					}
				}
			},
			"sound_effects": {
				"0.0": {
					"effect": "p30_la_rpapa7_inspect_hip_raise"
				},
				"1.7667": {
					"effect": "p30_la_rpapa7_inspect_hip_rotate"
				},
				"4.4": {
					"effect": "p30_la_rpapa7_inspect_hip_end"
				}
			}
		}
	}
}