{
	"format_version": "1.8.0",
	"animations": {
		"static_idle": {
			"loop": true,
			"animation_length": 3,
			"bones": {
				"left_hand": {
					"rotation": [24.66569, 4.20854, -9.07947],
					"position": [-7.75, -11.5, -5]
				},
				"right_hand": {
					"rotation": [85, 0, 0],
					"position": [3, -10.25, -6]
				},
				"pew_illuminated": {
					"rotation": {
						"0.0": [0, 0, -2.73],
						"0.1333": [0, 0, -10],
						"0.5": [0, 0, 10],
						"0.9": [0, 0, -10],
						"1.2667": [0, 0, 10],
						"1.6333": [0, 0, -10],
						"2.0": [0, 0, 10],
						"2.4": [0, 0, -10],
						"2.7667": [0, 0, 10],
						"3.0": [0, 0, -2.73]
					},
					"position": {
						"0.0": {
							"post": [0, -10, -60],
							"lerp_mode": "catmullrom"
						},
						"0.4": {
							"post": [32, 13, -60],
							"lerp_mode": "catmullrom"
						},
						"0.7667": {
							"post": [53, -10, -60],
							"lerp_mode": "catmullrom"
						},
						"1.1667": {
							"post": [28, -29, -60],
							"lerp_mode": "catmullrom"
						},
						"1.5": {
							"post": [-4, -10, -60],
							"lerp_mode": "catmullrom"
						},
						"1.9": {
							"post": [-44, 13, -60],
							"lerp_mode": "catmullrom"
						},
						"2.2667": {
							"post": [-74, -10, -60],
							"lerp_mode": "catmullrom"
						},
						"2.6667": {
							"post": [-44, -29, -60],
							"lerp_mode": "catmullrom"
						},
						"3.0": {
							"post": [0, -10, -60],
							"lerp_mode": "catmullrom"
						}
					},
					"scale": 0.001
				},
				"root": {
					"position": {
						"0.0": {
							"post": [0, 0.0625, 0],
							"lerp_mode": "catmullrom"
						},
						"0.5333": {
							"post": [0, 0.0625, 0],
							"lerp_mode": "catmullrom"
						},
						"1.4": {
							"post": [0, -0.0625, 0],
							"lerp_mode": "catmullrom"
						},
						"2.1": {
							"post": [0, -0.0625, 0],
							"lerp_mode": "catmullrom"
						},
						"3.0": {
							"post": [0, 0.0625, 0],
							"lerp_mode": "catmullrom"
						}
					}
				}
			}
		},
		"shoot": {
			"animation_length": 0.6,
			"bones": {
				"root": {
					"rotation": {
						"0.0": {
							"post": [0, -15, 0],
							"lerp_mode": "catmullrom"
						},
						"0.0333": {
							"post": [0, -22.5, 0],
							"lerp_mode": "catmullrom"
						},
						"0.1": {
							"post": [-10.05488, -21.48473, 0.18256],
							"lerp_mode": "catmullrom"
						},
						"0.2": {
							"post": [-9.43064, -5.21255, -2.58664],
							"lerp_mode": "catmullrom"
						},
						"0.3": {
							"post": [1, 0, 0],
							"lerp_mode": "catmullrom"
						},
						"0.4333": {
							"post": [-0.125, -0.125, -0.125],
							"lerp_mode": "catmullrom"
						},
						"0.6": [0, 0, 0]
					},
					"position": {
						"0.0": {
							"post": [0, 0, 0],
							"lerp_mode": "catmullrom"
						},
						"0.0333": {
							"post": [-0.375, 0, 1.125],
							"lerp_mode": "catmullrom"
						},
						"0.1667": {
							"post": [-0.24, 0, 1.265],
							"lerp_mode": "catmullrom"
						},
						"0.3": {
							"post": [0, 0, 0],
							"lerp_mode": "catmullrom"
						},
						"0.4333": {
							"post": [0, 0, 0],
							"lerp_mode": "catmullrom"
						},
						"0.6": [0, 0, 0]
					}
				},
				"pew_illuminated": {
					"position": {
						"0.0": [0, 0, 0],
						"0.6": [0, 0, 0]
					},
					"scale": {
						"0.0": {
							"post": [0.1, 0.1, 0.1],
							"lerp_mode": "catmullrom"
						},
						"0.0667": {
							"post": [1000, 1000, 1000],
							"lerp_mode": "catmullrom"
						},
						"0.2": {
							"post": [1000, 1000, 1000],
							"lerp_mode": "catmullrom"
						},
						"0.3667": [0, 0, 0]
					}
				},
				"camera": {
					"rotation": {
						"0.0": {
							"post": [0.5, 0, -1],
							"lerp_mode": "catmullrom"
						},
						"0.0333": {
							"post": [0, 0, 1.02],
							"lerp_mode": "catmullrom"
						},
						"0.1": {
							"post": [0, 0, -0.3],
							"lerp_mode": "catmullrom"
						},
						"0.1667": {
							"post": [0, 0, 0.075],
							"lerp_mode": "catmullrom"
						},
						"0.2667": {
							"post": [0, 0, -0.025],
							"lerp_mode": "catmullrom"
						},
						"0.3667": {
							"post": [0, 0, 0],
							"lerp_mode": "catmullrom"
						},
						"0.6": {
							"post": [0, 0, 0],
							"lerp_mode": "catmullrom"
						}
					}
				}
			}
		},
		"draw": {
			"loop": "hold_on_last_frame",
			"animation_length": 0.8333,
			"bones": {
				"camera": {
					"rotation": {
						"0.0": {
							"post": [0, 0, 0],
							"lerp_mode": "catmullrom"
						},
						"0.2": {
							"post": [1.075, -0.275, 0.43125],
							"lerp_mode": "catmullrom"
						},
						"0.3333": {
							"post": [0.2625, 0, 0.15],
							"lerp_mode": "catmullrom"
						},
						"0.4333": {
							"post": [-0.06875, 0, -0.08125],
							"lerp_mode": "catmullrom"
						},
						"0.5667": {
							"post": [0.01875, 0, 0.0625],
							"lerp_mode": "catmullrom"
						},
						"0.6333": {
							"post": [0.02, 0, 0.06],
							"lerp_mode": "catmullrom"
						},
						"0.6667": {
							"post": [0.02, 0, -0.45],
							"lerp_mode": "catmullrom"
						},
						"0.7": {
							"post": [0.02, 0, 0.56],
							"lerp_mode": "catmullrom"
						},
						"0.7667": {
							"post": [0.01, 0, 0.0025],
							"lerp_mode": "catmullrom"
						},
						"0.8333": {
							"post": [0, 0, 0],
							"lerp_mode": "catmullrom"
						}
					}
				},
				"left_hand": {
					"rotation": {
						"0.2333": [24.66569, 4.20854, -9.07947],
						"0.6": [24.66569, 4.20854, -9.07947],
						"0.8333": [24.66569, 4.20854, -9.07947]
					},
					"position": {
						"0.2333": [-4.75, -12.5, 4],
						"0.6": [-7.75, -12.5, -5],
						"0.6667": [-7.75, -12.75, -5],
						"0.8333": [-7.75, -11.5, -5]
					}
				},
				"right_hand": {
					"rotation": {
						"0.0": {
							"post": [91.33454, 41.76202, 62.47351],
							"lerp_mode": "catmullrom"
						},
						"0.3": {
							"post": [66.5, 0, 0],
							"lerp_mode": "catmullrom"
						},
						"0.5667": {
							"post": [64, 0, 0],
							"lerp_mode": "catmullrom"
						},
						"0.6667": {
							"post": [85, 0, 0],
							"lerp_mode": "catmullrom"
						},
						"0.8333": [85, 0, 0]
					},
					"position": {
						"0.0": {
							"post": [-5.3125, -14.75, -13],
							"lerp_mode": "catmullrom"
						},
						"0.2": {
							"post": [1.8, -13.62, -7.75],
							"lerp_mode": "catmullrom"
						},
						"0.3": {
							"post": [3, -8.5, -6],
							"lerp_mode": "catmullrom"
						},
						"0.5667": {
							"post": [3, -8.5, -6],
							"lerp_mode": "catmullrom"
						},
						"0.6667": {
							"post": [3, -11.0075, -6],
							"lerp_mode": "catmullrom"
						},
						"0.8333": [3, -10.25, -6]
					}
				}
			},
			"sound_effects": {
				"0.0": {
					"effect": "magin"
				}
			}
		},
		"reload_tactical": {
			"loop": "hold_on_last_frame",
			"animation_length": 2.4,
			"bones": {
				"root": {
					"rotation": {
						"0.0": {
							"post": [0, 0, 0],
							"lerp_mode": "catmullrom"
						},
						"0.2333": {
							"post": [-0.525, 0, -10],
							"lerp_mode": "catmullrom"
						},
						"0.6667": {
							"post": [-4.15, 0, -10],
							"lerp_mode": "catmullrom"
						},
						"1.7": {
							"post": [-5.544, 0, -10],
							"lerp_mode": "catmullrom"
						},
						"2.0667": {
							"post": [-3.15, 0, -10],
							"lerp_mode": "catmullrom"
						},
						"2.2": {
							"post": [-1.05, 0, -10],
							"lerp_mode": "catmullrom"
						},
						"2.4": {
							"post": [0, 0, 0],
							"lerp_mode": "catmullrom"
						}
					},
					"position": {
						"0.0": {
							"post": [0, 0, 0],
							"lerp_mode": "catmullrom"
						},
						"0.2333": {
							"post": [-1, 0.75, 0],
							"lerp_mode": "catmullrom"
						},
						"0.4": {
							"post": [-1.07, 0.82, 0],
							"lerp_mode": "catmullrom"
						},
						"0.5": {
							"post": [-1.05, 0.55, 0],
							"lerp_mode": "catmullrom"
						},
						"0.6667": {
							"post": [-1, 0.75, 0],
							"lerp_mode": "catmullrom"
						},
						"0.7667": {
							"post": [-1, 0.75, 0],
							"lerp_mode": "catmullrom"
						},
						"0.8333": {
							"post": [-1, -0.25, 0],
							"lerp_mode": "catmullrom"
						},
						"1.0333": {
							"post": [-1, 0.5, 0],
							"lerp_mode": "catmullrom"
						},
						"1.2": {
							"post": [-1, 0.67, 0],
							"lerp_mode": "catmullrom"
						},
						"1.8667": {
							"post": [-1, 0.6875, 0],
							"lerp_mode": "catmullrom"
						},
						"1.9333": {
							"post": [-1, 1.25, 0],
							"lerp_mode": "catmullrom"
						},
						"2.0667": {
							"post": [-1, 0.4375, 0],
							"lerp_mode": "catmullrom"
						},
						"2.2": {
							"post": [-1, 0.5, 0],
							"lerp_mode": "catmullrom"
						},
						"2.4": {
							"post": [0, 0, 0],
							"lerp_mode": "catmullrom"
						}
					}
				},
				"left_hand": {
					"rotation": {
						"0.0": [24.66569, 4.20854, -9.07947],
						"2.4": [24.66569, 4.20854, -9.07947]
					},
					"position": {
						"0.0": [-7.75, -11.5, -5],
						"0.4": {
							"pre": [-7.75, -11.5, -5],
							"post": [-7.75, -11.5, -5],
							"lerp_mode": "catmullrom"
						},
						"0.5": {
							"post": [-7.75, -12.28, -5],
							"lerp_mode": "catmullrom"
						},
						"0.7667": {
							"post": [-7.75, -12.905, -5],
							"lerp_mode": "catmullrom"
						},
						"0.8333": {
							"post": [-7.75, -19.5, -5],
							"lerp_mode": "catmullrom"
						},
						"1.4667": {
							"post": [-7.75, -19.5, -5],
							"lerp_mode": "catmullrom"
						},
						"1.5333": {
							"post": [-7.75, -14, -5],
							"lerp_mode": "catmullrom"
						},
						"1.8": {
							"post": [-7.75, -13.5, -5],
							"lerp_mode": "catmullrom"
						},
						"1.9": {
							"post": [-7.75, -11.5, -5],
							"lerp_mode": "catmullrom"
						},
						"2.4": [-7.75, -11.5, -5]
					}
				},
				"camera": {
					"rotation": {
						"0.0": {
							"post": [0, 0, 0],
							"lerp_mode": "catmullrom"
						},
						"0.5": {
							"post": [0, 0.7575, -0.02],
							"lerp_mode": "catmullrom"
						},
						"0.7667": {
							"post": [0.875, 0.875, 0],
							"lerp_mode": "catmullrom"
						},
						"0.8": {
							"post": [1, 0.875, 0.55],
							"lerp_mode": "catmullrom"
						},
						"0.8667": {
							"post": [1, 0.8125, -0.375],
							"lerp_mode": "catmullrom"
						},
						"0.9667": {
							"post": [1, 0.5625, 0],
							"lerp_mode": "catmullrom"
						},
						"1.7": {
							"post": [0.75, 0.5375, -0.02],
							"lerp_mode": "catmullrom"
						},
						"1.9": {
							"post": [0.75, 0.875, 0],
							"lerp_mode": "catmullrom"
						},
						"1.9333": {
							"post": [0.75, 0.875, 0.55],
							"lerp_mode": "catmullrom"
						},
						"2.0": {
							"post": [0.6875, 0.875, -0.375],
							"lerp_mode": "catmullrom"
						},
						"2.1": {
							"post": [0, 0.625, 0],
							"lerp_mode": "catmullrom"
						},
						"2.4": {
							"post": [0, 0, 0],
							"lerp_mode": "catmullrom"
						}
					}
				}
			},
			"sound_effects": {
				"0.0": {
					"effect": "bf1:handgun/magout"
				},
				"1.2333": {
					"effect": "bf1:handgun/magin"
				}
			}
		},
		"reload_empty": {
			"loop": "hold_on_last_frame",
			"animation_length": 4.6333,
			"bones": {
				"left_hand": {
					"rotation": {
						"0.0": {
							"post": [24.66569, 4.20854, -9.07947],
							"lerp_mode": "catmullrom"
						},
						"0.2333": {
							"post": [57.90232, 32.26968, -25.1049],
							"lerp_mode": "catmullrom"
						},
						"0.7667": {
							"post": [60.80162, 34.4161, -24.31685],
							"lerp_mode": "catmullrom"
						},
						"0.8": {
							"post": [47.63958, 46.28281, -40.24753],
							"lerp_mode": "catmullrom"
						},
						"1.2": {
							"post": [47.63958, 46.28281, -40.24753],
							"lerp_mode": "catmullrom"
						},
						"1.4667": {
							"post": [37.47983, 39.51169, -25.85694],
							"lerp_mode": "catmullrom"
						},
						"1.6": {
							"post": [37.47983, 39.51169, -25.85694],
							"lerp_mode": "catmullrom"
						},
						"1.6667": {
							"post": [28.28656, -7.85013, -53.12837],
							"lerp_mode": "catmullrom"
						},
						"1.8667": {
							"post": [28.28656, -7.85013, -56.06587],
							"lerp_mode": "catmullrom"
						},
						"1.9333": {
							"post": [29.33416, -16.61786, -60.99224],
							"lerp_mode": "catmullrom"
						},
						"2.1667": {
							"post": [29.33416, -16.61786, -62.24224],
							"lerp_mode": "catmullrom"
						},
						"2.2333": {
							"post": [34.33463, -33.67588, -74.29157],
							"lerp_mode": "catmullrom"
						},
						"2.6333": {
							"post": [43.84794, -47.34703, -87.10051],
							"lerp_mode": "catmullrom"
						},
						"2.9667": {
							"post": [25.4981, 0.97104, -51.34408],
							"lerp_mode": "catmullrom"
						},
						"3.8667": {
							"post": [24.66569, 4.20854, -9.07947],
							"lerp_mode": "catmullrom"
						},
						"4.3": {
							"post": [24.66569, 4.20854, -9.07947],
							"lerp_mode": "catmullrom"
						},
						"4.6333": [24.66569, 4.20854, -9.07947]
					},
					"position": {
						"0.0": {
							"post": [-7.75, -11.5, -5],
							"lerp_mode": "catmullrom"
						},
						"0.1333": {
							"post": [-4.49, -11.04, -4.97],
							"lerp_mode": "catmullrom"
						},
						"0.3333": {
							"post": [-5.5, -10.5, -2.75],
							"lerp_mode": "catmullrom"
						},
						"0.7667": {
							"post": [-5.5, -10.5, -2.75],
							"lerp_mode": "catmullrom"
						},
						"0.8": {
							"post": [-5.25, -10.5, -2.5],
							"lerp_mode": "catmullrom"
						},
						"1.2": {
							"post": [-5.25, -10.5, -2.5],
							"lerp_mode": "catmullrom"
						},
						"1.3667": {
							"post": [-3.6425, -9.19, -2.5],
							"lerp_mode": "catmullrom"
						},
						"1.4667": {
							"post": [-5.625, -8.5, -2.5],
							"lerp_mode": "catmullrom"
						},
						"1.6": {
							"post": [-5.75, -8.5, -2.5],
							"lerp_mode": "catmullrom"
						},
						"1.6667": {
							"post": [-6.25, -8.5, -2.5],
							"lerp_mode": "catmullrom"
						},
						"1.8667": {
							"post": [-6.25, -8.5, -2.5],
							"lerp_mode": "catmullrom"
						},
						"1.9333": {
							"post": [-6.8125, -8.5, -2.5],
							"lerp_mode": "catmullrom"
						},
						"2.1667": {
							"post": [-7, -8.5, -2.5],
							"lerp_mode": "catmullrom"
						},
						"2.2333": {
							"post": [-8.4375, -8.5, -2.5],
							"lerp_mode": "catmullrom"
						},
						"2.6333": {
							"post": [-7.8125, -8.9375, -2.5],
							"lerp_mode": "catmullrom"
						},
						"2.8667": {
							"post": [-2.25, -13.5, -2.5],
							"lerp_mode": "catmullrom"
						},
						"3.7": {
							"post": [-4.9, -13.65, -2.75],
							"lerp_mode": "catmullrom"
						},
						"3.8667": {
							"post": [-7.25, -11.5, -5],
							"lerp_mode": "catmullrom"
						},
						"4.3": {
							"post": [-7.75, -11.5, -5],
							"lerp_mode": "catmullrom"
						},
						"4.6333": [-7.75, -11.5, -5]
					}
				},
				"right_hand": {
					"rotation": {
						"0.0": {
							"post": [85, 0, 0],
							"lerp_mode": "catmullrom"
						},
						"0.2333": {
							"post": [69.27683, -36.13657, 22.92199],
							"lerp_mode": "catmullrom"
						},
						"0.7667": {
							"post": [69.27683, -37.88657, 24.92199],
							"lerp_mode": "catmullrom"
						},
						"0.8": {
							"post": [65.3023, -50.37026, 30.45026],
							"lerp_mode": "catmullrom"
						},
						"1.2": {
							"post": [62.6148, -50.37026, 30.45026],
							"lerp_mode": "catmullrom"
						},
						"1.4667": {
							"post": [26.71371, -30.73107, 35.50851],
							"lerp_mode": "catmullrom"
						},
						"1.6": {
							"post": [23.52621, -30.73107, 35.50851],
							"lerp_mode": "catmullrom"
						},
						"1.6667": {
							"post": [11.0575, -30.73, 35.51],
							"lerp_mode": "catmullrom"
						},
						"1.8667": {
							"post": [10.62, -30.73, 35.51],
							"lerp_mode": "catmullrom"
						},
						"1.9333": {
							"post": [3.44979, -30.73006, 35.50992],
							"lerp_mode": "catmullrom"
						},
						"2.1667": {
							"post": [3.44979, -30.73006, 35.50992],
							"lerp_mode": "catmullrom"
						},
						"2.2333": {
							"post": [-5.42211, -30.73014, 35.50981],
							"lerp_mode": "catmullrom"
						},
						"2.6333": {
							"post": [9.32789, -30.73014, 35.50981],
							"lerp_mode": "catmullrom"
						},
						"3.1": {
							"post": [21.74245, -20.09962, 48.85464],
							"lerp_mode": "catmullrom"
						},
						"3.2": {
							"post": [52.40041, -49.53362, -7.41808],
							"lerp_mode": "catmullrom"
						},
						"3.7333": {
							"post": [52.40041, -33.53362, -2.04308],
							"lerp_mode": "catmullrom"
						},
						"3.9": {
							"post": [85, 0, 0],
							"lerp_mode": "catmullrom"
						},
						"4.3": {
							"post": [85, 0, 0],
							"lerp_mode": "catmullrom"
						},
						"4.6333": [85, 0, 0]
					},
					"position": {
						"0.0": {
							"post": [3, -10.25, -6],
							"lerp_mode": "catmullrom"
						},
						"0.1333": {
							"post": [3.08, -10.79, -4.38],
							"lerp_mode": "catmullrom"
						},
						"0.3333": {
							"post": [5.5, -11.25, -3],
							"lerp_mode": "catmullrom"
						},
						"0.7667": {
							"post": [5.5, -11.25, -3],
							"lerp_mode": "catmullrom"
						},
						"0.8": {
							"post": [5.5, -11.25, -2.5],
							"lerp_mode": "catmullrom"
						},
						"1.2": {
							"post": [5.5, -11.25, -2.5],
							"lerp_mode": "catmullrom"
						},
						"1.4667": {
							"post": [5, -9.25, -2.5],
							"lerp_mode": "catmullrom"
						},
						"1.6": {
							"post": [5, -9.25, -2.5],
							"lerp_mode": "catmullrom"
						},
						"2.6333": {
							"post": [5.11, -10.2, -2.39],
							"lerp_mode": "catmullrom"
						},
						"2.8": {
							"post": [6.75, -10.25, -2.5],
							"lerp_mode": "catmullrom"
						},
						"3.1": {
							"post": [6.75, -10.25, -2.5],
							"lerp_mode": "catmullrom"
						},
						"3.2": {
							"post": [2.5, -9.25, -4.5],
							"lerp_mode": "catmullrom"
						},
						"3.7333": {
							"post": [3, -10.3125, -6],
							"lerp_mode": "catmullrom"
						},
						"3.9": {
							"post": [3, -10.25, -6],
							"lerp_mode": "catmullrom"
						},
						"4.3": {
							"post": [3, -10.25, -6],
							"lerp_mode": "catmullrom"
						},
						"4.6333": [3, -10.25, -6]
					}
				},
				"root": {
					"rotation": {
						"0.0": [0, 0, 0],
						"3.7667": {
							"pre": [0, 0, 0],
							"post": [0, 0, 0],
							"lerp_mode": "catmullrom"
						},
						"3.8667": {
							"post": [-7.61435, -9.91358, -21.18155],
							"lerp_mode": "catmullrom"
						},
						"4.3": {
							"post": [0, 0, 0],
							"lerp_mode": "catmullrom"
						},
						"4.6333": [0, 0, 0]
					},
					"position": {
						"3.7667": {
							"pre": [0, 0, 0],
							"post": [0, 0, 0],
							"lerp_mode": "catmullrom"
						},
						"3.8667": {
							"post": [-0.44, 0.16, -0.31],
							"lerp_mode": "catmullrom"
						},
						"3.9667": {
							"post": [-1.5, 0.25, -0.5],
							"lerp_mode": "catmullrom"
						},
						"4.3": {
							"post": [0, 0, 0],
							"lerp_mode": "catmullrom"
						},
						"4.6333": [0, 0, 0]
					}
				},
				"camera": {
					"rotation": {
						"0.0": {
							"post": [0, 0, 0],
							"lerp_mode": "catmullrom"
						},
						"0.7667": {
							"post": [0.72188, 0, 0],
							"lerp_mode": "catmullrom"
						},
						"0.8333": {
							"post": [0.78438, 0, 0.9335],
							"lerp_mode": "catmullrom"
						},
						"0.8667": {
							"post": [0.78438, 0, -0.63215],
							"lerp_mode": "catmullrom"
						},
						"0.9333": {
							"post": [0.78438, 0, 0.39153],
							"lerp_mode": "catmullrom"
						},
						"0.9667": {
							"post": [0.78438, 0, -0.07749],
							"lerp_mode": "catmullrom"
						},
						"1.0333": {
							"post": [0.78438, 0, -0.01047],
							"lerp_mode": "catmullrom"
						},
						"1.1333": {
							"post": [0.72188, 0, 0.00257],
							"lerp_mode": "catmullrom"
						},
						"1.5667": {
							"post": [0.2875, 0, -0.01039],
							"lerp_mode": "catmullrom"
						},
						"1.6": {
							"post": [0.2875, 0, 0.4167],
							"lerp_mode": "catmullrom"
						},
						"1.6333": {
							"post": [0.2875, 0, -0.30158],
							"lerp_mode": "catmullrom"
						},
						"1.6667": {
							"post": [0.2875, 0.3125, 0.28275],
							"lerp_mode": "catmullrom"
						},
						"1.7": {
							"post": [0.2875, 0.3125, -0.16181],
							"lerp_mode": "catmullrom"
						},
						"1.7333": {
							"post": [0.2875, 0.3125, 0.09833],
							"lerp_mode": "catmullrom"
						},
						"1.8": {
							"post": [0.2875, 0.3125, 0.00384],
							"lerp_mode": "catmullrom"
						},
						"1.8333": {
							"post": [0.2875, 0.3125, 0.582],
							"lerp_mode": "catmullrom"
						},
						"1.8667": {
							"post": [0.2875, 0.3125, -0.39036],
							"lerp_mode": "catmullrom"
						},
						"1.9": {
							"post": [0.2875, 0.3125, 0.40067],
							"lerp_mode": "catmullrom"
						},
						"1.9333": {
							"post": [0.2875, 0.3125, -0.20114],
							"lerp_mode": "catmullrom"
						},
						"1.9667": {
							"post": [0.2875, 0.5625, 0.15101],
							"lerp_mode": "catmullrom"
						},
						"2.0333": {
							"post": [0.2875, 0.5625, -0.03295],
							"lerp_mode": "catmullrom"
						},
						"2.1": {
							"post": [0.2875, 0.5625, 0.00384],
							"lerp_mode": "catmullrom"
						},
						"2.2": {
							"post": [0.2875, 0.5625, 0.00285],
							"lerp_mode": "catmullrom"
						},
						"2.2333": {
							"post": [0.2875, 1.0625, 1.1925],
							"lerp_mode": "catmullrom"
						},
						"2.3": {
							"post": [0.2875, 1.0625, -0.80827],
							"lerp_mode": "catmullrom"
						},
						"2.3333": {
							"post": [0.2875, 1.0625, 0.81938],
							"lerp_mode": "catmullrom"
						},
						"2.3667": {
							"post": [0.2875, 1.0625, -0.41894],
							"lerp_mode": "catmullrom"
						},
						"2.4": {
							"post": [0.2875, 1.0625, 0.30567],
							"lerp_mode": "catmullrom"
						},
						"2.4667": {
							"post": [0.2875, 1.0625, -0.07286],
							"lerp_mode": "catmullrom"
						},
						"2.5333": {
							"post": [0.2875, 0.8125, 0.00285],
							"lerp_mode": "catmullrom"
						},
						"2.6667": {
							"post": [0.32, -0.3925, -0.01],
							"lerp_mode": "catmullrom"
						},
						"3.1": {
							"post": [0.4125, -0.7925, -0.00776],
							"lerp_mode": "catmullrom"
						},
						"3.1333": {
							"post": [0.4125, -0.105, 0.72065],
							"lerp_mode": "catmullrom"
						},
						"3.1667": {
							"post": [0.4125, 0.02, -0.50441],
							"lerp_mode": "catmullrom"
						},
						"3.2": {
							"post": [0.4125, 0.0825, 0.4922],
							"lerp_mode": "catmullrom"
						},
						"3.2333": {
							"post": [0.4125, 0.145, -0.26602],
							"lerp_mode": "catmullrom"
						},
						"3.2667": {
							"post": [0.4125, 0.16625, 0.17765],
							"lerp_mode": "catmullrom"
						},
						"3.3333": {
							"post": [0.4125, 0.1875, -0.05412],
							"lerp_mode": "catmullrom"
						},
						"3.8333": {
							"post": [0.44344, 0.1875, -0.00042],
							"lerp_mode": "catmullrom"
						},
						"3.9": {
							"post": [0.4455, 0, 0.02795],
							"lerp_mode": "catmullrom"
						},
						"3.9333": {
							"post": [0.4455, 0, -0.2984],
							"lerp_mode": "catmullrom"
						},
						"3.9667": {
							"post": [0.4455, 0, 0.3479],
							"lerp_mode": "catmullrom"
						},
						"4.0333": {
							"post": [0.429, 0, -0.00884],
							"lerp_mode": "catmullrom"
						},
						"4.1333": {
							"post": [0.01875, 0, -0.01044],
							"lerp_mode": "catmullrom"
						},
						"4.6333": {
							"post": [0, 0, 0],
							"lerp_mode": "catmullrom"
						}
					}
				}
			},
			"sound_effects": {
				"0.0": {
					"effect": "bf1:handgun/reload_empty"
				},
				"2.2": {
					"effect": "bf1:handgun/hit"
				}
			}
		},
		"run_start": {
			"animation_length": 0.2083,
			"bones": {
				"root": {
					"rotation": {
						"0.0": {
							"post": [0, 0, 0],
							"lerp_mode": "catmullrom"
						},
						"0.1667": {
							"post": [8.46, -32.28, 1.64],
							"lerp_mode": "catmullrom"
						},
						"0.2083": {
							"post": [10.43, -37.49, 2.02],
							"lerp_mode": "catmullrom"
						}
					},
					"position": {
						"0.0": {
							"post": [0, 0, 0],
							"lerp_mode": "catmullrom"
						},
						"0.125": {
							"post": [1.775, -1.73, 1],
							"lerp_mode": "catmullrom"
						},
						"0.2083": {
							"post": [1.86, -2.1, 1.06],
							"lerp_mode": "catmullrom"
						}
					}
				}
			}
		},
		"run": {
			"loop": true,
			"animation_length": 0.6667,
			"bones": {
				"root": {
					"rotation": {
						"0.0": {
							"post": [13, -41.8075, 2.5],
							"lerp_mode": "catmullrom"
						},
						"0.0833": {
							"post": [11.75, -44.12342, 3.8125],
							"lerp_mode": "catmullrom"
						},
						"0.25": {
							"post": [13, -44.12342, 4.125],
							"lerp_mode": "catmullrom"
						},
						"0.375": {
							"post": [11.75, -38.41008, 2.1875],
							"lerp_mode": "catmullrom"
						},
						"0.5417": {
							"post": [13, -39.25158, 1.25],
							"lerp_mode": "catmullrom"
						},
						"0.6667": {
							"post": [13, -41.8075, 2.5],
							"lerp_mode": "catmullrom"
						}
					},
					"position": {
						"0.0": {
							"post": [1.72615, -2.25, 1],
							"lerp_mode": "catmullrom"
						},
						"0.0833": {
							"post": [1.66365, -2.5, 1],
							"lerp_mode": "catmullrom"
						},
						"0.1667": {
							"post": [1.0175, -2.8125, 1],
							"lerp_mode": "catmullrom"
						},
						"0.2083": {
							"post": [0.5375, -2.75, 1],
							"lerp_mode": "catmullrom"
						},
						"0.3333": {
							"post": [-0.76226, -2.25, 1],
							"lerp_mode": "catmullrom"
						},
						"0.4167": {
							"post": [-0.51226, -2.4375, 1],
							"lerp_mode": "catmullrom"
						},
						"0.5": {
							"post": [0.3025, -2.8125, 1],
							"lerp_mode": "catmullrom"
						},
						"0.5417": {
							"post": [0.8975, -2.75, 1],
							"lerp_mode": "catmullrom"
						},
						"0.6667": {
							"post": [1.72615, -2.25, 1],
							"lerp_mode": "catmullrom"
						}
					}
				}
			}
		},
		"run_hold": {
			"loop": true,
			"bones": {
				"root": {
					"rotation": [12.94, -41.8075, 2.5],
					"position": [1.72615, -2.25, 1]
				}
			}
		},
		"run_add": {
			"loop": true,
			"animation_length": 2.6667,
			"bones": {
				"root": {
					"rotation": {
						"0.0": {
							"post": [0, 0, 0],
							"lerp_mode": "catmullrom"
						},
						"1.4167": {
							"post": [0, -12.5, 0],
							"lerp_mode": "catmullrom"
						},
						"2.6667": {
							"post": [0, 0, 0],
							"lerp_mode": "catmullrom"
						}
					},
					"position": {
						"0.0": {
							"post": [0, 0, 0],
							"lerp_mode": "catmullrom"
						},
						"0.75": {
							"post": [0.25, 0, -0.125],
							"lerp_mode": "catmullrom"
						},
						"1.375": {
							"post": [1.75, 0.25, -0.375],
							"lerp_mode": "catmullrom"
						},
						"2.0": {
							"post": [0.5, 0, -0.1875],
							"lerp_mode": "catmullrom"
						},
						"2.6667": {
							"post": [0, 0, 0],
							"lerp_mode": "catmullrom"
						}
					}
				}
			}
		},
		"walk_backward": {
			"loop": true,
			"animation_length": 1,
			"bones": {
				"root": {
					"rotation": {
						"0.0": {
							"post": [-25, 0, 1.33],
							"lerp_mode": "catmullrom"
						},
						"0.25": {
							"post": [-25, -2.02, 5.95],
							"lerp_mode": "catmullrom"
						},
						"0.5": {
							"post": [-25, -0.48, 6.32],
							"lerp_mode": "catmullrom"
						},
						"0.75": {
							"post": [-25, 1.87, 2.09],
							"lerp_mode": "catmullrom"
						},
						"1.0": {
							"post": [-25, 0, 1.33],
							"lerp_mode": "catmullrom"
						}
					},
					"position": {
						"0.0": {
							"post": [-0.63, -2.31, 1.61],
							"lerp_mode": "catmullrom"
						},
						"0.25": {
							"post": [-0.6, -2.02, 1.61],
							"lerp_mode": "catmullrom"
						},
						"0.5": {
							"post": [-0.63, -2.31, 1.61],
							"lerp_mode": "catmullrom"
						},
						"0.75": {
							"post": [-0.68, -2.02, 1.61],
							"lerp_mode": "catmullrom"
						},
						"1.0": {
							"post": [-0.63, -2.31, 1.61],
							"lerp_mode": "catmullrom"
						}
					}
				}
			}
		}
	}
}