{
	"format_version": "1.8.0",
	"animations": {
		"static_idle": {
			"loop": true,
			"bones": {
				"right_hand": {
					"rotation": [58.28719, -28.75111, 20.77665],
					"position": [4, -10.25, 0.5],
					"scale": [1, 1.2, 1]
				},
				"left_hand": {
					"rotation": [0, 0, 0],
					"position": [0, 0, 16],
					"scale": [1, 1.2, 1]
				}
			}
		},
		"shoot": {
			"animation_length": 0.5,
			"bones": {
				"root": {
					"rotation": {
						"0.0": {
							"post": [0, 0, 0],
							"lerp_mode": "catmullrom"
						},
						"0.0333": {
							"post": [-0.25082, -0.0701, 0.32664],
							"lerp_mode": "catmullrom"
						},
						"0.0667": {
							"post": [-3.20691, 0.83716, 0.24194],
							"lerp_mode": "catmullrom"
						},
						"0.1333": {
							"post": [-0.44, -0.2375, 0.00324],
							"lerp_mode": "catmullrom"
						},
						"0.2": {
							"post": [0.4, -0.5975, 0.17724],
							"lerp_mode": "catmullrom"
						},
						"0.3": {
							"post": [0.004, -0.07971, 0.03161],
							"lerp_mode": "catmullrom"
						},
						"0.4333": {
							"post": [0, 0, 0],
							"lerp_mode": "catmullrom"
						}
					},
					"position": {
						"0.0": {
							"post": [0, 0, 0],
							"lerp_mode": "catmullrom"
						},
						"0.0333": {
							"post": [0, -0.125, 0],
							"lerp_mode": "catmullrom"
						},
						"0.0667": {
							"post": [0, -0.2125, 1.125],
							"lerp_mode": "catmullrom"
						},
						"0.1333": {
							"post": [0, -0.05625, -0.125],
							"lerp_mode": "catmullrom"
						},
						"0.2333": {
							"post": [0, 0.0125, 0.025],
							"lerp_mode": "catmullrom"
						},
						"0.4": {
							"post": [0, 0, 0],
							"lerp_mode": "catmullrom"
						}
					}
				},
				"slide": {
					"position": {
						"0.0": [0, 0, 0.75],
						"0.0333": [0, 0, 1],
						"0.1": [0, 0, 0]
					}
				},
				"camera": {
					"rotation": {
						"0.0": {
							"post": [0, 0, -0.125],
							"lerp_mode": "catmullrom"
						},
						"0.0333": {
							"post": [0, 0, 0.625],
							"lerp_mode": "catmullrom"
						},
						"0.0667": {
							"post": [0, 0, -0.125],
							"lerp_mode": "catmullrom"
						},
						"0.1333": {
							"post": [0, 0, 0.0875],
							"lerp_mode": "catmullrom"
						},
						"0.2": {
							"post": [0, 0, -0.0325],
							"lerp_mode": "catmullrom"
						},
						"0.2667": {
							"post": [0, 0, 0],
							"lerp_mode": "catmullrom"
						}
					}
				},
				"bullet": {
					"rotation": {
						"0.0333": [0, 0, 0],
						"0.1": {
							"pre": [0, 180, 0],
							"post": [0, 0, 0]
						}
					},
					"position": {
						"0.0333": [0, 0, 0],
						"0.0667": {
							"pre": [-4.25, 2, -1],
							"post": [-4.25, 2, -1],
							"lerp_mode": "catmullrom"
						},
						"0.1": {
							"pre": [-8.5, 3, 0],
							"post": [0, 0, 0]
						}
					}
				}
			}
		},
		"reload_tactical": {
			"loop": "hold_on_last_frame",
			"animation_length": 1.4333,
			"bones": {
				"left_hand": {
					"rotation": {
						"0.5": [0, 0, 0],
						"0.5333": [42.65622, 10.27289, 16.44774],
						"0.8": [-17.39193, 39.77341, 17.6145],
						"1.0": [-14.89193, 39.77341, 17.6145],
						"1.0333": [2.82, 43.54, 17.26],
						"1.2667": [2.82, 43.54, 17.26],
						"1.4333": [42.65622, 10.27289, 16.44774]
					},
					"position": {
						"0.5": [0, 0, 16],
						"0.5333": [7.64, -28, -1],
						"0.7": [-9.18, -21.25, 0],
						"0.8": [-6.25, -12.0625, -0.125],
						"1.0": [-6.25, -12.0625, -0.125],
						"1.0333": [-6, -11.0625, -0.125],
						"1.2667": [-6, -11.0625, -0.125],
						"1.4333": [7.64, -28, -1]
					},
					"scale": [1, 1.2, 1]
				},
				"root": {
					"rotation": {
						"0.0": {
							"post": [0, 0, 0],
							"lerp_mode": "catmullrom"
						},
						"0.0333": {
							"post": [-27.88478, -8.92118, -30.35053],
							"lerp_mode": "catmullrom"
						},
						"0.1333": {
							"post": [-33.15, -10.4, -33.49],
							"lerp_mode": "catmullrom"
						},
						"0.1667": {
							"post": [-28.88478, -8.92118, -12.35053],
							"lerp_mode": "catmullrom"
						},
						"0.2333": {
							"post": [29.42892, 9.11564, 33.50165],
							"lerp_mode": "catmullrom"
						},
						"0.5333": {
							"post": [29.42892, 9.11564, 12.50165],
							"lerp_mode": "catmullrom"
						},
						"0.6333": {
							"post": [10.97797, 9.97201, -5.97119],
							"lerp_mode": "catmullrom"
						},
						"0.7": {
							"post": [23.37125, 10.07856, -69.27803],
							"lerp_mode": "catmullrom"
						},
						"0.8333": {
							"post": [20.74625, 10.07856, -77.27803],
							"lerp_mode": "catmullrom"
						},
						"1.2333": {
							"post": [18.01, 3.06, -69.29],
							"lerp_mode": "catmullrom"
						},
						"1.3": {
							"post": [0.80635, -0.58071, -9.8869],
							"lerp_mode": "catmullrom"
						},
						"1.4333": [0, 0, 0]
					},
					"position": {
						"0.0": {
							"post": [0, 0, 0],
							"lerp_mode": "catmullrom"
						},
						"0.0333": {
							"post": [-0.9375, 2.5, 0],
							"lerp_mode": "catmullrom"
						},
						"0.1667": {
							"post": [-0.875, 3.25, 0],
							"lerp_mode": "catmullrom"
						},
						"0.2": {
							"post": [-1.625, -5, 1],
							"lerp_mode": "catmullrom"
						},
						"0.4333": {
							"post": [-1, -3.25, 1],
							"lerp_mode": "catmullrom"
						},
						"0.5333": {
							"post": [1.75, 1, 1],
							"lerp_mode": "catmullrom"
						},
						"0.7": {
							"post": [-0.47, 1.16, 2],
							"lerp_mode": "catmullrom"
						},
						"0.8667": {
							"post": [-0.5, -0.25, 2],
							"lerp_mode": "catmullrom"
						},
						"1.0333": {
							"post": [-0.59, -0.27, 2.07],
							"lerp_mode": "catmullrom"
						},
						"1.0667": {
							"post": [-1, -0.25, 2],
							"lerp_mode": "catmullrom"
						},
						"1.2667": {
							"post": [-0.99, -0.2, 1.53],
							"lerp_mode": "catmullrom"
						},
						"1.3333": {
							"post": [-0.16, -0.14, 0.55],
							"lerp_mode": "catmullrom"
						},
						"1.4333": [0, 0, 0]
					}
				},
				"mag": {
					"position": {
						"0.3333": [0, 0, 0],
						"0.5": {
							"pre": [0, 0, 0],
							"post": [0, -7, 0]
						},
						"0.6667": [0, -7.12, -0.75],
						"0.7667": [0, -4.87, -0.75],
						"0.8": [0, -1.5, 0],
						"1.0": [0, -1.5, 0],
						"1.0333": [0, 0, 0]
					}
				},
				"camera": {
					"rotation": {
						"0.0": {
							"post": [0, 0, 0],
							"lerp_mode": "catmullrom"
						},
						"0.0667": {
							"post": [-1.114, 0.103, 0.106],
							"lerp_mode": "catmullrom"
						},
						"0.2": {
							"post": [-0.942, -0.222, -0.071],
							"lerp_mode": "catmullrom"
						},
						"0.2333": {
							"post": [0.152, -0.244, 0.24],
							"lerp_mode": "catmullrom"
						},
						"0.3": {
							"post": [0.505, -0.17, -0.58],
							"lerp_mode": "catmullrom"
						},
						"0.3667": {
							"post": [0.525, 0.01, -0.06],
							"lerp_mode": "catmullrom"
						},
						"0.4333": {
							"post": [0.47, 0.16, -0.03],
							"lerp_mode": "catmullrom"
						},
						"0.5333": {
							"post": [-0.091, 0.383, -0.099],
							"lerp_mode": "catmullrom"
						},
						"0.7333": {
							"post": [0.0075, 0.18, -0.28],
							"lerp_mode": "catmullrom"
						},
						"0.8667": {
							"post": [0.0235, 0.1415, -0.251],
							"lerp_mode": "catmullrom"
						},
						"0.9333": {
							"post": [-0.026, 0.065, -0.167],
							"lerp_mode": "catmullrom"
						},
						"1.0333": {
							"post": [0.069, -0.065, -0.1075],
							"lerp_mode": "catmullrom"
						},
						"1.0667": {
							"post": [0.076, 0.221, 0.814],
							"lerp_mode": "catmullrom"
						},
						"1.1333": {
							"post": [0.164, 0.047, -0.366],
							"lerp_mode": "catmullrom"
						},
						"1.2": {
							"post": [0.018, 0.066, -0.0265],
							"lerp_mode": "catmullrom"
						},
						"1.3333": {
							"post": [-0.05, -0.052, -0.019],
							"lerp_mode": "catmullrom"
						},
						"1.4333": [0, 0, 0]
					}
				}
			},
			"sound_effects": {
				"0.0": {
					"effect": "bf1:kolibri/settle2"
				},
				"0.2": {
					"effect": "bf1:kolibri/magout"
				},
				"0.3333": {
					"effect": "bf1:kolibri/magin"
				}
			}
		},
		"reload_empty": {
			"loop": "hold_on_last_frame",
			"animation_length": 2.3,
			"bones": {
				"left_hand": {
					"rotation": {
						"0.5": [0, 0, 0],
						"0.5333": [42.65622, 10.27289, 16.44774],
						"0.8": [-17.39193, 39.77341, 17.6145],
						"1.0": [-14.89193, 39.77341, 17.6145],
						"1.0333": [2.82, 43.54, 17.26],
						"1.2333": [2.82, 43.54, 17.26],
						"1.4": [95.50813, 20.20027, -10.80236],
						"1.7": [95.50813, 20.20027, -10.80236],
						"1.7667": {
							"pre": [58.84262, -19.40248, -18.31464],
							"post": [58.84262, -19.40248, -18.31464],
							"lerp_mode": "catmullrom"
						},
						"2.0333": {
							"post": [45.59262, -24.15248, -18.31464],
							"lerp_mode": "catmullrom"
						},
						"2.1": [0, 0, 0]
					},
					"position": {
						"0.5": [0, 0, 16],
						"0.5333": [7.64, -28, -1],
						"0.7": [-9.18, -21.25, 0],
						"0.8": [-6.25, -12.0625, -0.125],
						"1.0": [-6.25, -12.0625, -0.125],
						"1.0333": [-6, -11.0625, -0.125],
						"1.2333": [-6, -11.0625, -0.125],
						"1.3": [-3.37, -9.81, 0.75],
						"1.3667": [-3.75, -8.9375, 1.5],
						"1.5667": [-3.75, -8.9375, 1.5],
						"1.6": [-3.75, -8.94, 2.25],
						"1.7333": [-3.75, -8.94, 2.25],
						"1.8333": {
							"pre": [4.7075, -7.345, 4.765],
							"post": [4.7075, -7.345, 4.765],
							"lerp_mode": "catmullrom"
						},
						"2.0": {
							"post": [4.5825, -6.595, 7.0775],
							"lerp_mode": "catmullrom"
						},
						"2.1": [0, 0, 16]
					},
					"scale": [1, 1.2, 1]
				},
				"root": {
					"rotation": {
						"0.0": {
							"post": [0, 0, 0],
							"lerp_mode": "catmullrom"
						},
						"0.0333": {
							"post": [-27.88478, -8.92118, -30.35053],
							"lerp_mode": "catmullrom"
						},
						"0.1333": {
							"post": [-33.15, -10.4, -33.49],
							"lerp_mode": "catmullrom"
						},
						"0.1667": {
							"post": [-28.88478, -8.92118, -12.35053],
							"lerp_mode": "catmullrom"
						},
						"0.2333": {
							"post": [29.42892, 9.11564, 33.50165],
							"lerp_mode": "catmullrom"
						},
						"0.5333": {
							"post": [29.42892, 9.11564, 12.50165],
							"lerp_mode": "catmullrom"
						},
						"0.6333": {
							"post": [10.97797, 9.97201, -5.97119],
							"lerp_mode": "catmullrom"
						},
						"0.7": {
							"post": [23.37125, 10.07856, -69.27803],
							"lerp_mode": "catmullrom"
						},
						"0.8333": {
							"post": [20.74625, 10.07856, -77.27803],
							"lerp_mode": "catmullrom"
						},
						"1.2": {
							"post": [18.01, 3.06, -69.29],
							"lerp_mode": "catmullrom"
						},
						"1.2667": {
							"post": [0.80635, -0.58071, -9.8869],
							"lerp_mode": "catmullrom"
						},
						"1.4333": {
							"post": [-62.68672, 22.91934, -15.62633],
							"lerp_mode": "catmullrom"
						},
						"1.5667": {
							"post": [-62.68672, 22.91934, -15.62633],
							"lerp_mode": "catmullrom"
						},
						"1.6333": {
							"post": [-66.48, 23.11, -13.6325],
							"lerp_mode": "catmullrom"
						},
						"1.7667": {
							"post": [-65.87422, 19.73184, -12.50133],
							"lerp_mode": "catmullrom"
						},
						"1.9": {
							"post": [-60.26, 19.32, -12.2925],
							"lerp_mode": "catmullrom"
						},
						"2.0667": {
							"post": [-58.43672, 22.91934, -11.33883],
							"lerp_mode": "catmullrom"
						},
						"2.1667": {
							"post": [-0.4375, 2.125, -1.8125],
							"lerp_mode": "catmullrom"
						},
						"2.3": [0, 0, 0]
					},
					"position": {
						"0.0": {
							"post": [0, 0, 0],
							"lerp_mode": "catmullrom"
						},
						"0.0333": {
							"post": [-0.9375, 2.5, 0],
							"lerp_mode": "catmullrom"
						},
						"0.1667": {
							"post": [-0.875, 3.25, 0],
							"lerp_mode": "catmullrom"
						},
						"0.2": {
							"post": [-1.625, -5, 1],
							"lerp_mode": "catmullrom"
						},
						"0.4333": {
							"post": [-1, -3.25, 1],
							"lerp_mode": "catmullrom"
						},
						"0.5333": {
							"post": [1.75, 1, 1],
							"lerp_mode": "catmullrom"
						},
						"0.7": {
							"post": [-0.47, 1.16, 2],
							"lerp_mode": "catmullrom"
						},
						"0.8667": {
							"post": [-0.5, -0.25, 2],
							"lerp_mode": "catmullrom"
						},
						"1.0333": {
							"post": [-0.59, -0.27, 2.07],
							"lerp_mode": "catmullrom"
						},
						"1.0667": {
							"post": [-1, -0.25, 2],
							"lerp_mode": "catmullrom"
						},
						"1.2333": {
							"post": [-0.99, -0.2, 0.78],
							"lerp_mode": "catmullrom"
						},
						"1.3": {
							"post": [-0.16, -0.39, 0.55],
							"lerp_mode": "catmullrom"
						},
						"1.4": {
							"post": [1.25, -3, 0],
							"lerp_mode": "catmullrom"
						},
						"1.5667": {
							"post": [1.25, -3.1875, 0],
							"lerp_mode": "catmullrom"
						},
						"1.6333": {
							"post": [1.3725, -3.42, 0.06],
							"lerp_mode": "catmullrom"
						},
						"1.7667": {
							"post": [1.25, -3.125, 0],
							"lerp_mode": "catmullrom"
						},
						"1.8333": {
							"post": [0.0875, -0.5, -1],
							"lerp_mode": "catmullrom"
						},
						"2.0": {
							"post": [-0.03, -0.42, -1.12],
							"lerp_mode": "catmullrom"
						},
						"2.1": {
							"post": [-0.09, -2.2175, -0.62],
							"lerp_mode": "catmullrom"
						},
						"2.2": {
							"post": [0, -0.375, 0],
							"lerp_mode": "catmullrom"
						},
						"2.3": [0, 0, 0]
					}
				},
				"mag": {
					"position": {
						"0.3333": [0, 0, 0],
						"0.5": {"pre": [0, 0, 0], "post": [0, -7, 0]},
						"0.6667": [0, -7.12, -0.75],
						"0.7667": [0, -4.87, -0.75],
						"0.8": [0, -1.5, 0],
						"1.0": [0, -1.5, 0],
						"1.0333": [0, 0, 0]
					}
				},
				"slide": {
					"position": {
						"1.5667": [0, 0, 0],
						"1.6": [0, 0, 0.75],
						"1.7667": [0, 0, 0.75],
						"1.8": [0, 0, 0]
					}
				},
				"camera": {
					"rotation": {
						"0.0": {
							"post": [0, 0, 0],
							"lerp_mode": "catmullrom"
						},
						"0.0667": {
							"post": [-1.114, 0.103, 0.106],
							"lerp_mode": "catmullrom"
						},
						"0.2": {
							"post": [-0.942, -0.222, -0.071],
							"lerp_mode": "catmullrom"
						},
						"0.2333": {
							"post": [0.152, -0.244, 0.24],
							"lerp_mode": "catmullrom"
						},
						"0.3": {
							"post": [0.505, -0.17, -0.58],
							"lerp_mode": "catmullrom"
						},
						"0.3667": {
							"post": [0.525, 0.01, -0.06],
							"lerp_mode": "catmullrom"
						},
						"0.4333": {
							"post": [0.47, 0.16, -0.03],
							"lerp_mode": "catmullrom"
						},
						"0.5333": {
							"post": [-0.091, 0.383, -0.099],
							"lerp_mode": "catmullrom"
						},
						"0.7333": {
							"post": [0.0075, 0.18, -0.28],
							"lerp_mode": "catmullrom"
						},
						"0.8667": {
							"post": [0.0235, 0.1415, -0.251],
							"lerp_mode": "catmullrom"
						},
						"0.9333": {
							"post": [-0.026, 0.065, -0.167],
							"lerp_mode": "catmullrom"
						},
						"1.0333": {
							"post": [0.069, -0.065, -0.1075],
							"lerp_mode": "catmullrom"
						},
						"1.0667": {
							"post": [0.076, 0.221, 0.814],
							"lerp_mode": "catmullrom"
						},
						"1.1333": {
							"post": [0.164, 0.047, -0.366],
							"lerp_mode": "catmullrom"
						},
						"1.2": {
							"post": [0.018, 0.066, -0.0265],
							"lerp_mode": "catmullrom"
						},
						"1.3333": {
							"post": [-0.05, -0.052, -0.144],
							"lerp_mode": "catmullrom"
						},
						"1.4": {
							"post": [0, 0, 0],
							"lerp_mode": "catmullrom"
						},
						"1.6": {
							"post": [0, 0.125, 0.125],
							"lerp_mode": "catmullrom"
						},
						"1.6667": {
							"post": [0.38, 0.01, 0.59],
							"lerp_mode": "catmullrom"
						},
						"1.7": {
							"post": [0.4975, -0.02, 0.17],
							"lerp_mode": "catmullrom"
						},
						"1.7333": {
							"post": [0.5275, -0.05, 0.11],
							"lerp_mode": "catmullrom"
						},
						"1.7667": {
							"post": [0.5, -0.15, -0.5],
							"lerp_mode": "catmullrom"
						},
						"1.8": {
							"post": [0.45, -0.16, 0.79],
							"lerp_mode": "catmullrom"
						},
						"1.8667": {
							"post": [-0.29, -0.18, -0.05],
							"lerp_mode": "catmullrom"
						},
						"2.0": {
							"post": [-0.37, -0.17, 0.0625],
							"lerp_mode": "catmullrom"
						},
						"2.1": {
							"post": [0, -0.02, 0],
							"lerp_mode": "catmullrom"
						},
						"2.3": [0, 0, 0]
					}
				}
			},
			"sound_effects": {
				"0.0": {
					"effect": "bf1:kolibri/settle2"
				},
				"0.2": {
					"effect": "bf1:kolibri/magout"
				},
				"0.3333": {
					"effect": "bf1:kolibri/magin"
				},
				"0.8667": {
					"effect": "bf1:kolibri/slide"
				}
			}
		},
		"draw": {
			"animation_length": 0.5333,
			"bones": {
				"root": {
					"rotation": {
						"0.0": {
							"post": [47.5, -53, 0],
							"lerp_mode": "catmullrom"
						},
						"0.1": {
							"post": [-6.71, -58.19, 7.62],
							"lerp_mode": "catmullrom"
						},
						"0.2333": {
							"post": [0.67, -0.92, 1.63],
							"lerp_mode": "catmullrom"
						},
						"0.4": {
							"post": [1.08, 0, 0],
							"lerp_mode": "catmullrom"
						},
						"0.5333": {
							"post": [0, 0, 0],
							"lerp_mode": "catmullrom"
						}
					},
					"position": {
						"0.0": {
							"post": [0.6875, -6.45, 4.05],
							"lerp_mode": "catmullrom"
						},
						"0.0667": {
							"post": [0.6075, -2.93, 1.8],
							"lerp_mode": "catmullrom"
						},
						"0.2": {
							"post": [-0.2, 0.4525, -0.3],
							"lerp_mode": "catmullrom"
						},
						"0.4": {
							"post": [0.04, -0.0475, 0],
							"lerp_mode": "catmullrom"
						},
						"0.5333": {
							"post": [0, 0, 0],
							"lerp_mode": "catmullrom"
						}
					}
				},
				"camera": {
					"rotation": {
						"0.0": {
							"post": [0, 0, 0],
							"lerp_mode": "catmullrom"
						},
						"0.1": {
							"post": [0.75, -0.275, 0.43125],
							"lerp_mode": "catmullrom"
						},
						"0.2": {
							"post": [0.0125, 0, 0.15],
							"lerp_mode": "catmullrom"
						},
						"0.3": {
							"post": [-0.06875, 0, -0.08125],
							"lerp_mode": "catmullrom"
						},
						"0.4": {
							"post": [0.01875, 0, 0.0625],
							"lerp_mode": "catmullrom"
						},
						"0.5": {
							"post": [0, 0, 0],
							"lerp_mode": "catmullrom"
						}
					}
				}
			}
		},
		"inspect": {
			"animation_length": 4.5,
			"bones": {
				"right_hand": {
					"rotation": {
						"0.0": [58.28719, -28.75111, 20.77665],
						"0.1333": [57.15917, -27.41587, 23.1724],
						"2.3": [57.15917, -27.41587, 23.1724],
						"2.4333": [58.28719, -28.75111, 20.77665]
					},
					"position": {
						"0.0": [4, -10.25, 0.5],
						"0.1333": [4, -10.25, 0.25],
						"2.3": [4, -10.25, 0.25],
						"2.4333": [4, -10.25, 0.5]
					},
					"scale": [1, 1.2, 1]
				},
				"left_hand": {
					"rotation": [0, 0, 0],
					"position": [0, 0, 16],
					"scale": [1, 1.2, 1]
				},
				"root": {
					"rotation": {
						"0.0": [0, 0, 0],
						"0.2333": {
							"pre": [0, -25, -41.375],
							"post": [0, -25, -41.375],
							"lerp_mode": "catmullrom"
						},
						"1.2667": {
							"post": [0, -25, -45],
							"lerp_mode": "catmullrom"
						},
						"1.4": {
							"post": [2.50442, -25.33496, -51.08363],
							"lerp_mode": "catmullrom"
						},
						"2.0667": {
							"post": [2.50442, -25.33496, -51.08363],
							"lerp_mode": "catmullrom"
						},
						"2.3": {
							"post": [2.50442, -25.33496, -42.08363],
							"lerp_mode": "catmullrom"
						},
						"2.4667": {
							"post": [-18.09101, 31.58956, 25.9261],
							"lerp_mode": "catmullrom"
						},
						"2.6667": {
							"post": [-20.45, 41.82, 35.42],
							"lerp_mode": "catmullrom"
						},
						"4.0667": {
							"post": [-19.76, 42.7225, 36.095],
							"lerp_mode": "catmullrom"
						},
						"4.2667": {
							"post": [-18.09101, 36.58956, 30.9261],
							"lerp_mode": "catmullrom"
						},
						"4.4667": [0, 0, 0]
					},
					"position": {
						"0.0": [0, 0, 0],
						"0.1667": {
							"pre": [-0.5, -0.5, 1.625],
							"post": [-0.5, -0.5, 1.625],
							"lerp_mode": "catmullrom"
						},
						"1.2667": {
							"post": [-0.5, -0.5, 1.75],
							"lerp_mode": "catmullrom"
						},
						"2.3": {
							"post": [-0.5, -0.5, 1.75],
							"lerp_mode": "catmullrom"
						},
						"2.4": {
							"post": [1.03, -0.81, 2.03],
							"lerp_mode": "catmullrom"
						},
						"2.4667": {
							"post": [1, -1, 2.5],
							"lerp_mode": "catmullrom"
						},
						"2.9": {
							"post": [1.01, -1.03, 2.59],
							"lerp_mode": "catmullrom"
						},
						"3.9333": {
							"post": [1.04, -1.06, 2.67],
							"lerp_mode": "catmullrom"
						},
						"4.1667": {
							"post": [1, -0.875, 2.25],
							"lerp_mode": "catmullrom"
						},
						"4.3667": {
							"post": [0.375, -0.625, 0.3125],
							"lerp_mode": "catmullrom"
						},
						"4.5": [0, 0, 0]
					}
				},
				"camera": {
					"rotation": {
						"0.0": {
							"post": [0, 0, 0],
							"lerp_mode": "catmullrom"
						},
						"0.1667": {
							"post": [0.805, 0.25, 0],
							"lerp_mode": "catmullrom"
						},
						"0.3667": {
							"post": [5.325, 0.45, -0.55],
							"lerp_mode": "catmullrom"
						},
						"1.0667": {
							"post": [5.855, 0.5, -0.825],
							"lerp_mode": "catmullrom"
						},
						"1.4": {
							"post": [6.145, 1.8515, -1.25],
							"lerp_mode": "catmullrom"
						},
						"1.7": {
							"post": [6.585, 2.4975, -1.65],
							"lerp_mode": "catmullrom"
						},
						"2.2333": {
							"post": [6.27, 1.94, -1.32],
							"lerp_mode": "catmullrom"
						},
						"2.4667": {
							"post": [4.145, 1.8515, -1.25],
							"lerp_mode": "catmullrom"
						},
						"2.8": {
							"post": [4.27, 3.188, -1.925],
							"lerp_mode": "catmullrom"
						},
						"3.2333": {
							"post": [4.185, 3.3225, -1.575],
							"lerp_mode": "catmullrom"
						},
						"3.4333": {
							"post": [3.54, 4.09, -0.825],
							"lerp_mode": "catmullrom"
						},
						"3.8": {
							"post": [2.62, 4.325, -0.175],
							"lerp_mode": "catmullrom"
						},
						"4.0": {
							"post": [2.315, 3.7, -0.35],
							"lerp_mode": "catmullrom"
						},
						"4.3667": {
							"post": [0.3125, 0.5, 0],
							"lerp_mode": "catmullrom"
						},
						"4.5": {
							"post": [0, 0, 0],
							"lerp_mode": "catmullrom"
						}
					}
				}
			},
			"sound_effects": {
				"0.0": {
					"effect": "bf1:kolibri/settle2"
				},
				"2.2": {
					"effect": "bf1:kolibri/settle1"
				}
			}
		},
		"run_start": {
			"animation_length": 0.2333,
			"bones": {
				"root": {
					"rotation": {
						"0.0": {
							"post": [0, 0, 0],
							"lerp_mode": "catmullrom"
						},
						"0.1": {
							"post": [-19.885, -0.59, -5.51],
							"lerp_mode": "catmullrom"
						},
						"0.2333": {
							"post": [-60.77, 3.63, -4.53],
							"lerp_mode": "catmullrom"
						}
					},
					"position": {
						"0.0": {
							"post": [0, 0, 0],
							"lerp_mode": "catmullrom"
						},
						"0.0667": {
							"post": [-0.66, -0.4075, -0.3675],
							"lerp_mode": "catmullrom"
						},
						"0.1333": {
							"post": [-1.53, -1.5, -0.9375],
							"lerp_mode": "catmullrom"
						},
						"0.2333": {
							"post": [-1.49, -3.02, -0.97],
							"lerp_mode": "catmullrom"
						}
					}
				}
			}
		},
		"run": {
			"loop": true,
			"animation_length": 0.625,
			"bones": {
				"root": {
					"rotation": {
						"0.0": {
							"post": [-67.25, 5, -4],
							"lerp_mode": "catmullrom"
						},
						"0.0833": {
							"post": [-70.16, 2.63, -4],
							"lerp_mode": "catmullrom"
						},
						"0.25": {
							"post": [-72.5, 1, -4],
							"lerp_mode": "catmullrom"
						},
						"0.3333": {
							"post": [-66.63, 0.52, -4],
							"lerp_mode": "catmullrom"
						},
						"0.4167": {
							"post": [-70.5, 1, -4],
							"lerp_mode": "catmullrom"
						},
						"0.5417": {
							"post": [-72.7525, 3.06, -4],
							"lerp_mode": "catmullrom"
						},
						"0.625": {
							"post": [-67.25, 5, -4],
							"lerp_mode": "catmullrom"
						}
					},
					"position": {
						"0.0": {
							"post": [-1.055, -2.5, -0.5],
							"lerp_mode": "catmullrom"
						},
						"0.125": {
							"post": [-1.55971, -1.7875, -0.5],
							"lerp_mode": "catmullrom"
						},
						"0.2083": {
							"post": [-1.344, -1.79, -0.5],
							"lerp_mode": "catmullrom"
						},
						"0.2917": {
							"post": [-1.00067, -2.5, -0.5],
							"lerp_mode": "catmullrom"
						},
						"0.4583": {
							"post": [-0.42886, -1.9375, -0.5],
							"lerp_mode": "catmullrom"
						},
						"0.5417": {
							"post": [-0.681, -1.88, -0.5],
							"lerp_mode": "catmullrom"
						},
						"0.625": {
							"post": [-1.055, -2.5, -0.5],
							"lerp_mode": "catmullrom"
						}
					}
				}
			}
		},
		"run_hold": {
			"loop": true,
			"bones": {
				"root": {
					"rotation": [-60.77, 3.63, -4.53],
					"position": [-1.49, -3.02, -0.97]
				}
			}
		},
		"walk_backward": {
			"loop": true,
			"animation_length": 1,
			"bones": {
				"root": {
					"rotation": {
						"0.0": {
							"post": [-25, 0, 1.33],
							"lerp_mode": "catmullrom"
						},
						"0.25": {
							"post": [-25, -2.02, 5.95],
							"lerp_mode": "catmullrom"
						},
						"0.5": {
							"post": [-25, -0.48, 6.32],
							"lerp_mode": "catmullrom"
						},
						"0.75": {
							"post": [-25, 1.87, 2.09],
							"lerp_mode": "catmullrom"
						},
						"1.0": {
							"post": [-25, 0, 1.33],
							"lerp_mode": "catmullrom"
						}
					},
					"position": {
						"0.0": {
							"post": [-0.63, -2.31, 0.36],
							"lerp_mode": "catmullrom"
						},
						"0.25": {
							"post": [-0.6, -2.02, 0.36],
							"lerp_mode": "catmullrom"
						},
						"0.5": {
							"post": [-0.63, -2.31, 0.36],
							"lerp_mode": "catmullrom"
						},
						"0.75": {
							"post": [-0.68, -2.02, 0.36],
							"lerp_mode": "catmullrom"
						},
						"1.0": {
							"post": [-0.63, -2.31, 0.36],
							"lerp_mode": "catmullrom"
						}
					}
				}
			}
		}
	}
}