{
	"format_version": "1.8.0",
	"animations": {
		"static_idle": {
			"loop": true,
			"bones": {
				"constraint": {
					"rotation": [0.15, 0.15, 0.15],
					"position": [0.15, 0.15, 0.2]
				},
				"left_hand": {
					"rotation": [95.33028, 20.86487, 48.80027],
					"position": [-4.25, -5.75, -8],
					"scale": [1, 1.25, 1]
				},
				"right_hand": {
					"rotation": [81.67245, -13.18872, -0.49985],
					"position": [4.5625, -6.75, 5],
					"scale": [1, 1.25, 1]
				}
			}
		},
		"switch_burst": {
			"loop": "hold_on_last_frame",
			"animation_length": 1.7333,
			"bones": {
				"left_hand": {
					"rotation": {
						"0.2": [95.33028, 20.86487, 48.80027],
						"0.4667": [77.6396, 37.23206, -1.61722],
						"0.6667": [77.6396, 37.23206, -1.61722],
						"0.7": [69.5283, 27.05558, -37.80045],
						"0.8333": [69.5283, 27.05558, -37.80045],
						"1.0333": [95.33028, 20.86487, 48.80027],
						"1.1": [95.33028, 20.86487, 48.80027]
					},
					"position": {
						"0.2": [-4.25, -5.75, -6],
						"0.3333": {
							"pre": [0.43, -4.04, -12.46],
							"post": [0.43, -4.04, -12.46],
							"lerp_mode": "catmullrom"
						},
						"0.4667": {
							"post": [-5.25, -2.75, -33.25],
							"lerp_mode": "catmullrom"
						},
						"0.5667": [-5.25, -2.75, -36],
						"0.6667": [-5.25, -2.75, -36],
						"0.7333": [-4.75, -2.75, -36],
						"0.8667": [-4.75, -2.75, -36],
						"0.9667": {
							"pre": [-2.75, -4.25, -20.5],
							"post": [-2.75, -4.25, -20.5],
							"lerp_mode": "catmullrom"
						},
						"1.0333": {
							"post": [-3.25, -4.75, -15.33],
							"lerp_mode": "catmullrom"
						},
						"1.1": [-4.25, -5.75, -8]
					},
					"scale": [1, 1.25, 1]
				},
				"right_hand": {
					"rotation": [81.67245, -13.18872, -0.49985],
					"position": [4.5625, -6.75, 5],
					"scale": [1, 1.25, 1]
				},
				"root": {
					"rotation": {
						"0.0": [0, 0, 0],
						"0.3": {
							"pre": [-18.33323, -4.95196, 13.2699],
							"post": [-18.33323, -4.95196, 13.2699],
							"lerp_mode": "catmullrom"
						},
						"0.4": {
							"post": [-21.92, -5.2, 14.76],
							"lerp_mode": "catmullrom"
						},
						"0.6333": {
							"post": [-22.07, -5.22, 14.86],
							"lerp_mode": "catmullrom"
						},
						"0.6667": {
							"post": [-19.375, -5.22, 12.3725],
							"lerp_mode": "catmullrom"
						},
						"0.9333": {
							"post": [-19.70823, -2.20196, 12.0199],
							"lerp_mode": "catmullrom"
						},
						"1.0667": {
							"post": [-19.70823, -2.20196, 13.2699],
							"lerp_mode": "catmullrom"
						},
						"1.2333": {
							"post": [-2.5, 0, 1.75],
							"lerp_mode": "catmullrom"
						},
						"1.4667": [0, 0, 0]
					},
					"position": {
						"0.0": [0, 0, 0],
						"0.1333": {
							"pre": [-2.23, -6.38, 3.69],
							"post": [-2.23, -6.38, 3.69],
							"lerp_mode": "catmullrom"
						},
						"0.2333": {
							"post": [-4.75, -12.75, 14.75],
							"lerp_mode": "catmullrom"
						},
						"0.3667": {
							"post": [-7, -12.65, 21.71],
							"lerp_mode": "catmullrom"
						},
						"0.6333": {
							"post": [-7, -12.83, 22.1325],
							"lerp_mode": "catmullrom"
						},
						"0.8667": {
							"post": [-6.4375, -12.125, 21.125],
							"lerp_mode": "catmullrom"
						},
						"0.9667": {
							"post": [-5.32, -14.725, 16.21],
							"lerp_mode": "catmullrom"
						},
						"1.1": {
							"post": [-3.89, -12.25, 10.2],
							"lerp_mode": "catmullrom"
						},
						"1.2": {
							"post": [-0.7625, -4.75, 2],
							"lerp_mode": "catmullrom"
						},
						"1.3333": {
							"post": [-0.1025, -0.1875, -0.21],
							"lerp_mode": "catmullrom"
						},
						"1.4667": {
							"post": [0, 0, 0.2625],
							"lerp_mode": "catmullrom"
						},
						"1.6": {
							"post": [0, 0, -0.275],
							"lerp_mode": "catmullrom"
						},
						"1.7333": [0, 0, 0]
					}
				},
				"camera": {
					"rotation": {
						"0.0": {
							"post": [0, 0, 0],
							"lerp_mode": "catmullrom"
						},
						"0.2333": {
							"post": [0.1875, 0.1875, 0],
							"lerp_mode": "catmullrom"
						},
						"0.3667": {
							"post": [0.4375, 0.25, 0.125],
							"lerp_mode": "catmullrom"
						},
						"0.5667": {
							"post": [0.375, 0.25, -0.125],
							"lerp_mode": "catmullrom"
						},
						"0.6667": {
							"post": [1.4625, 1, 0],
							"lerp_mode": "catmullrom"
						},
						"0.7333": {
							"post": [1.0275, 0.25, 0.325],
							"lerp_mode": "catmullrom"
						},
						"0.8": {
							"post": [0.5925, 0.25, -0.37],
							"lerp_mode": "catmullrom"
						},
						"0.8667": {
							"post": [0.375, 0.1875, -0.145],
							"lerp_mode": "catmullrom"
						},
						"1.0": {
							"post": [0.375, 0.125, 0],
							"lerp_mode": "catmullrom"
						},
						"1.1": {
							"post": [0.27, 0.0625, -0.26],
							"lerp_mode": "catmullrom"
						},
						"1.2333": {
							"post": [-0.06, 0, 0.0525],
							"lerp_mode": "catmullrom"
						},
						"1.4": {
							"post": [0.27, 0.0625, -0.26],
							"lerp_mode": "catmullrom"
						},
						"1.4333": {
							"post": [0, 0, 0],
							"lerp_mode": "catmullrom"
						},
						"1.5333": {
							"post": [-0.06, 0, 0.0525],
							"lerp_mode": "catmullrom"
						},
						"1.7333": {
							"post": [0, 0, 0],
							"lerp_mode": "catmullrom"
						}
					}
				}
			},
			"sound_effects": {
				"0.1": {
					"effect": "bf1:liu/burst"
				}
			}
		},
		"switch_semi": {
			"loop": "hold_on_last_frame",
			"animation_length": 1.7333,
			"bones": {
				"left_hand": {
					"rotation": {
						"0.2": [95.33028, 20.86487, 48.80027],
						"0.4333": [69.5283, 25.55558, -37.80045],
						"0.6333": [68.5283, 25.55558, -37.80045],
						"0.6667": [77.6396, 35.73206, -1.61722],
						"0.8333": [77.6396, 35.73206, -1.61722],
						"1.0333": [95.33028, 20.86487, 48.80027],
						"1.1": [95.33028, 20.86487, 48.80027]
					},
					"position": {
						"0.2": [-4.25, -5.75, -6],
						"0.3333": {
							"pre": [-0.82, -4.04, -13.96],
							"post": [-0.82, -4.04, -13.96],
							"lerp_mode": "catmullrom"
						},
						"0.4": {
							"post": [-3.02, -2.97, -32.71],
							"lerp_mode": "catmullrom"
						},
						"0.5333": [-5.25, -2.75, -36],
						"0.6333": [-5.25, -2.75, -36],
						"0.7": [-5, -2.75, -36],
						"0.8333": [-5, -2.75, -36],
						"0.9333": {
							"pre": [-2.75, -4.25, -20.5],
							"post": [-2.75, -4.25, -20.5],
							"lerp_mode": "catmullrom"
						},
						"0.9667": {
							"post": [-3.25, -4.75, -15.33],
							"lerp_mode": "catmullrom"
						},
						"1.0333": [-4.25, -5.75, -6],
						"1.1": [-4.25, -5.75, -8]
					},
					"scale": [1, 1.25, 1]
				},
				"right_hand": {
					"rotation": [81.67245, -13.18872, -0.49985],
					"position": [4.5625, -6.75, 5],
					"scale": [1, 1.25, 1]
				},
				"root": {
					"rotation": {
						"0.0": [0, 0, 0],
						"0.2333": {
							"pre": [-7.58323, -6.38946, 13.2699],
							"post": [-7.58323, -6.38946, 13.2699],
							"lerp_mode": "catmullrom"
						},
						"0.4": {
							"post": [-17.92, -8.45, 14.76],
							"lerp_mode": "catmullrom"
						},
						"0.6333": {
							"post": [-18.07, -8.47, 14.86],
							"lerp_mode": "catmullrom"
						},
						"0.6667": {
							"post": [-15.375, -8.47, 12.3725],
							"lerp_mode": "catmullrom"
						},
						"0.8667": {
							"post": [-15.70823, -8.20196, 13.2699],
							"lerp_mode": "catmullrom"
						},
						"1.0": {
							"post": [-15.70823, -7.63946, 13.2699],
							"lerp_mode": "catmullrom"
						},
						"1.1667": {
							"post": [-2.5, -2.4375, 1.75],
							"lerp_mode": "catmullrom"
						},
						"1.4333": [0, 0, 0]
					},
					"position": {
						"0.0": [0, 0, 0],
						"0.1667": {
							"pre": [-4.43, -6.6675, 4.48],
							"post": [-4.43, -6.6675, 4.48],
							"lerp_mode": "catmullrom"
						},
						"0.2333": {
							"post": [-7, -8.5, 16.25],
							"lerp_mode": "catmullrom"
						},
						"0.3667": {
							"post": [-8.75, -10.2125, 22.21],
							"lerp_mode": "catmullrom"
						},
						"0.5": {
							"post": [-8.75, -10.7675, 23.07],
							"lerp_mode": "catmullrom"
						},
						"0.8667": {
							"post": [-8.1875, -10.75, 22.625],
							"lerp_mode": "catmullrom"
						},
						"1.0333": {
							"post": [-7.14, -10.5, 15.95],
							"lerp_mode": "catmullrom"
						},
						"1.1667": {
							"post": [-0.7625, -7.75, 5],
							"lerp_mode": "catmullrom"
						},
						"1.3333": {
							"post": [-0.1025, -0.9375, -0.21],
							"lerp_mode": "catmullrom"
						},
						"1.4667": {
							"post": [0, 0, 0.2625],
							"lerp_mode": "catmullrom"
						},
						"1.6": {
							"post": [0, 0, -0.275],
							"lerp_mode": "catmullrom"
						},
						"1.7333": [0, 0, 0]
					}
				},
				"camera": {
					"rotation": {
						"0.0": {
							"post": [0, 0, 0],
							"lerp_mode": "catmullrom"
						},
						"0.2333": {
							"post": [0.1875, 0.1875, 0],
							"lerp_mode": "catmullrom"
						},
						"0.3667": {
							"post": [0.4375, 0.25, 0.125],
							"lerp_mode": "catmullrom"
						},
						"0.5667": {
							"post": [0.375, 0.25, -0.125],
							"lerp_mode": "catmullrom"
						},
						"0.6667": {
							"post": [1.4625, -0.25, 0],
							"lerp_mode": "catmullrom"
						},
						"0.7333": {
							"post": [1.0275, 0.25, 0.575],
							"lerp_mode": "catmullrom"
						},
						"0.8": {
							"post": [0.5925, 0.25, -0.37],
							"lerp_mode": "catmullrom"
						},
						"0.8667": {
							"post": [0.375, 0.1875, 0.105],
							"lerp_mode": "catmullrom"
						},
						"0.9667": {
							"post": [0.375, 0.125, 0],
							"lerp_mode": "catmullrom"
						},
						"1.1": {
							"post": [0.27, 0.0625, -0.26],
							"lerp_mode": "catmullrom"
						},
						"1.2333": {
							"post": [0.19, 0, 0.0525],
							"lerp_mode": "catmullrom"
						},
						"1.3333": {
							"post": [0, 0, 0],
							"lerp_mode": "catmullrom"
						},
						"1.4": {
							"post": [0.27, 0.0625, -0.26],
							"lerp_mode": "catmullrom"
						},
						"1.4333": {
							"post": [0, 0, 0],
							"lerp_mode": "catmullrom"
						},
						"1.5333": {
							"post": [-0.06, 0, 0.0525],
							"lerp_mode": "catmullrom"
						},
						"1.7333": {
							"post": [0, 0, 0],
							"lerp_mode": "catmullrom"
						}
					}
				}
			},
			"sound_effects": {
				"0.1": {
					"effect": "bf1:liu/semi"
				}
			}
		},
		"shoot1": {
			"loop": "hold_on_last_frame",
			"animation_length": 1.0667,
			"bones": {
				"root": {
					"rotation": {
						"0.0": {
							"post": [0, 0, 0],
							"lerp_mode": "catmullrom"
						},
						"0.0333": {
							"post": [0.49577, 1.40232, 7.6237],
							"lerp_mode": "catmullrom"
						},
						"0.0667": {
							"post": [-3.24012, -0.05708, -4.07817],
							"lerp_mode": "catmullrom"
						},
						"0.1": {
							"post": [-3.89755, -0.00039, 1.98408],
							"lerp_mode": "catmullrom"
						},
						"0.1667": {
							"post": [-3.91689, 0.31388, 2.01182],
							"lerp_mode": "catmullrom"
						},
						"0.2667": {
							"post": [-2.378, -0.06518, -0.86204],
							"lerp_mode": "catmullrom"
						},
						"0.3667": {
							"post": [-0.25993, 0.10505, -0.90536],
							"lerp_mode": "catmullrom"
						},
						"0.5": {
							"post": [0.52668, -0.03253, 0.36811],
							"lerp_mode": "catmullrom"
						},
						"0.6667": {
							"post": [-0.2804, -0.0115, -0.28187],
							"lerp_mode": "catmullrom"
						},
						"0.8667": {
							"post": [-0.07145, 0.01634, -0.04605],
							"lerp_mode": "catmullrom"
						},
						"1.0667": {
							"post": [0, 0, 0],
							"lerp_mode": "catmullrom"
						}
					},
					"position": {
						"0.0": {
							"post": [0, 0, 0],
							"lerp_mode": "catmullrom"
						},
						"0.0333": {
							"post": [0, -0.125, 2.4906],
							"lerp_mode": "catmullrom"
						},
						"0.1": {
							"post": [0, 0.3625, 2.7583],
							"lerp_mode": "catmullrom"
						},
						"0.1667": {
							"post": [-0.125, 0.555, 1.97016],
							"lerp_mode": "catmullrom"
						},
						"0.2667": {
							"post": [-0.075, 0.51, -0.00352],
							"lerp_mode": "catmullrom"
						},
						"0.3667": {
							"post": [0, 0.2175, -0.32047],
							"lerp_mode": "catmullrom"
						},
						"0.4667": {
							"post": [0, -0.02817, -0.05123],
							"lerp_mode": "catmullrom"
						},
						"0.5667": {
							"post": [0, -0.02187, 0.09344],
							"lerp_mode": "catmullrom"
						},
						"0.7": {
							"post": [0, 0.01068, -0.06036],
							"lerp_mode": "catmullrom"
						},
						"0.8667": {
							"post": [0.00003, -0.02397, 0.00823],
							"lerp_mode": "catmullrom"
						},
						"1.0667": {
							"post": [0, 0, 0],
							"lerp_mode": "catmullrom"
						}
					}
				},
				"safe": {
					"rotation": {
						"0.0": [0, 0, 0],
						"0.0333": [0, 0, 3],
						"0.1": {
							"pre": [0, 0, -15],
							"post": [0, 0, -15],
							"lerp_mode": "catmullrom"
						},
						"0.1667": {
							"post": [0, 0, 0],
							"lerp_mode": "catmullrom"
						},
						"0.2333": {
							"post": [0, 0, -5],
							"lerp_mode": "catmullrom"
						},
						"0.3": {
							"post": [0, 0, 0],
							"lerp_mode": "catmullrom"
						},
						"0.3667": {
							"post": [0, 0, -1.5],
							"lerp_mode": "catmullrom"
						},
						"0.4333": [0, 0, 0]
					}
				},
				"constraint": {
					"rotation": {
						"0.6667": [0.3, 0.3, 0.3],
						"1.0667": [0.15, 0.15, 0.15]
					},
					"position": {
						"0.6667": [0.25, 0.25, 0.625],
						"1.0667": [0.15, 0.15, 0.2]
					}
				},
				"camera": {
					"rotation": {
						"0.0": {
							"post": [0.5, 0, -5],
							"lerp_mode": "catmullrom"
						},
						"0.0333": {
							"post": [-1.5, 0, 2.5],
							"lerp_mode": "catmullrom"
						},
						"0.0667": {
							"post": [0, 0, 2.5],
							"lerp_mode": "catmullrom"
						},
						"0.1": {
							"post": [0, 0, -0.235],
							"lerp_mode": "catmullrom"
						},
						"0.2": {
							"post": [0, 0, 0.12406],
							"lerp_mode": "catmullrom"
						},
						"0.3": {
							"post": [0, 0, -0.08],
							"lerp_mode": "catmullrom"
						},
						"0.4333": {
							"post": [0, 0, 0.04191],
							"lerp_mode": "catmullrom"
						},
						"0.6": {
							"post": [0.0075, 0, -0.04152],
							"lerp_mode": "catmullrom"
						},
						"1.0667": {
							"post": [0, 0, 0],
							"lerp_mode": "catmullrom"
						}
					}
				}
			}
		},
		"shoot2": {
			"loop": "hold_on_last_frame",
			"animation_length": 0.8667,
			"bones": {
				"root": {
					"rotation": {
						"0.0": {
							"post": [0, 0, 0],
							"lerp_mode": "catmullrom"
						},
						"0.0333": {
							"post": [0.49577, 1.40232, 7.6237],
							"lerp_mode": "catmullrom"
						},
						"0.0667": {
							"post": [-1.15504, -0.05708, -4.07817],
							"lerp_mode": "catmullrom"
						},
						"0.1": {
							"post": [-1.4212, -0.00039, 1.98408],
							"lerp_mode": "catmullrom"
						},
						"0.1667": {
							"post": [-0.41689, 0.31388, 2.01182],
							"lerp_mode": "catmullrom"
						},
						"0.2667": {
							"post": [0.122, -0.06518, -0.86204],
							"lerp_mode": "catmullrom"
						},
						"0.3667": {
							"post": [0.30257, 0.10505, -0.90536],
							"lerp_mode": "catmullrom"
						},
						"0.4667": {
							"post": [0.08918, -0.03253, 0.36811],
							"lerp_mode": "catmullrom"
						},
						"0.6333": {
							"post": [-0.2804, -0.0115, -0.28187],
							"lerp_mode": "catmullrom"
						},
						"0.8667": {
							"post": [0, 0, 0],
							"lerp_mode": "catmullrom"
						}
					},
					"position": {
						"0.0": {
							"post": [0, 0, 0],
							"lerp_mode": "catmullrom"
						},
						"0.0333": {
							"post": [0, -0.125, 1.4906],
							"lerp_mode": "catmullrom"
						},
						"0.0667": {
							"post": [0, 0.1125, 1.7583],
							"lerp_mode": "catmullrom"
						},
						"0.1333": {
							"post": [-0.125, 0.1175, 1.47016],
							"lerp_mode": "catmullrom"
						},
						"0.2": {
							"post": [-0.075, 0.01, -0.00352],
							"lerp_mode": "catmullrom"
						},
						"0.3": {
							"post": [0, 0.03, -0.32047],
							"lerp_mode": "catmullrom"
						},
						"0.4333": {
							"post": [0, -0.02817, -0.05123],
							"lerp_mode": "catmullrom"
						},
						"0.5333": {
							"post": [0, -0.02187, 0.09344],
							"lerp_mode": "catmullrom"
						},
						"0.6667": {
							"post": [0, 0.01068, -0.01036],
							"lerp_mode": "catmullrom"
						},
						"0.8667": {
							"post": [0, 0, 0],
							"lerp_mode": "catmullrom"
						}
					}
				},
				"safe": {
					"rotation": {
						"0.0": [0, 0, 0],
						"0.0333": [0, 0, 3],
						"0.1": {
							"pre": [0, 0, -15],
							"post": [0, 0, -15],
							"lerp_mode": "catmullrom"
						},
						"0.1667": {
							"post": [0, 0, 0],
							"lerp_mode": "catmullrom"
						},
						"0.2333": {
							"post": [0, 0, -5],
							"lerp_mode": "catmullrom"
						},
						"0.3": {
							"post": [0, 0, 0],
							"lerp_mode": "catmullrom"
						},
						"0.3667": {
							"post": [0, 0, -1.5],
							"lerp_mode": "catmullrom"
						},
						"0.4333": [0, 0, 0]
					}
				},
				"constraint": {
					"rotation": {
						"0.6333": [0.2, 0.3, 0.3],
						"0.8667": [0.15, 0.15, 0.15]
					},
					"position": {
						"0.6333": [0.25, 0.25, 0.5],
						"0.8667": [0.15, 0.15, 0.2]
					}
				},
				"bolt": {
					"position": {
						"0.0": [0, 0, 4],
						"0.0333": [0, 0, 5],
						"0.1": [0, 0, 5],
						"0.2": [0, 0, 0],
						"0.2333": [0, 0, 0.5],
						"0.2667": [0, 0, 0]
					}
				},
				"bullet1": {
					"rotation": {
						"0.0333": [0, 0, 0],
						"0.1667": {
							"pre": [0, 360, 0],
							"post": [0, 0, 0]
						}
					},
					"position": {
						"0.0": [0, 0, -4],
						"0.0333": [0, 0, -0.26],
						"0.1": {
							"pre": [-6.4, 4.8, 0],
							"post": [-6.4, 4.8, 0],
							"lerp_mode": "catmullrom"
						},
						"0.1333": {
							"post": [-14.6, 8.075, 0],
							"lerp_mode": "catmullrom"
						},
						"0.1667": {
							"pre": [-30, 12, 0],
							"post": [0, 0, 0]
						}
					}
				},
				"camera": {
					"rotation": {
						"0.0": {
							"post": [0.5, 0, -3],
							"lerp_mode": "catmullrom"
						},
						"0.0333": {
							"post": [-1, 0, 1.75],
							"lerp_mode": "catmullrom"
						},
						"0.0667": {
							"post": [0, 0, 1.75],
							"lerp_mode": "catmullrom"
						},
						"0.1": {
							"post": [0, 0, -0.0475],
							"lerp_mode": "catmullrom"
						},
						"0.2": {
							"post": [0, 0, 0.12406],
							"lerp_mode": "catmullrom"
						},
						"0.3": {
							"post": [0, 0, -0.08],
							"lerp_mode": "catmullrom"
						},
						"0.4333": {
							"post": [0, 0, 0.04191],
							"lerp_mode": "catmullrom"
						},
						"0.6": {
							"post": [0.0075, 0, -0.04152],
							"lerp_mode": "catmullrom"
						},
						"0.8667": {
							"post": [0, 0, 0],
							"lerp_mode": "catmullrom"
						}
					}
				}
			}
		},
		"bolt": {
			"loop": "hold_on_last_frame",
			"animation_length": 1.1,
			"bones": {
				"root": {
					"rotation": {
						"0.0": {
							"post": [0, 0, 0],
							"lerp_mode": "catmullrom"
						},
						"0.05": {
							"post": [-0.0625, 0, -0.06],
							"lerp_mode": "catmullrom"
						},
						"0.1833": {
							"post": [-0.0475, 0, -0.36],
							"lerp_mode": "catmullrom"
						},
						"0.3": {
							"post": [-0.125, 0, 0],
							"lerp_mode": "catmullrom"
						},
						"0.45": {
							"post": [0, 0, 5],
							"lerp_mode": "catmullrom"
						},
						"0.5833": {
							"post": [0, 0, 5],
							"lerp_mode": "catmullrom"
						},
						"0.65": {
							"post": [-0.22667, 0, 6.1213],
							"lerp_mode": "catmullrom"
						},
						"0.7167": {
							"post": [0.025, 0, 4.62],
							"lerp_mode": "catmullrom"
						},
						"0.8": {
							"post": [0, 0, 5],
							"lerp_mode": "catmullrom"
						},
						"1.0667": {
							"post": [0, 0, 0],
							"lerp_mode": "catmullrom"
						}
					},
					"position": {
						"0.0": [0, 0, 0],
						"0.0833": {
							"pre": [0, 0, 0],
							"post": [0, 0, 0],
							"lerp_mode": "catmullrom"
						},
						"0.2833": {
							"post": [0, 0, 0],
							"lerp_mode": "catmullrom"
						},
						"0.4": {
							"post": [0, -0.5625, 0],
							"lerp_mode": "catmullrom"
						},
						"0.5833": {
							"post": [0, -0.85, -0.1875],
							"lerp_mode": "catmullrom"
						},
						"0.6167": {
							"post": [0, -0.8875, 1.72],
							"lerp_mode": "catmullrom"
						},
						"0.7167": {
							"post": [0, -0.8875, 1.5325],
							"lerp_mode": "catmullrom"
						},
						"0.75": {
							"post": [0, -0.8375, -1.825],
							"lerp_mode": "catmullrom"
						},
						"0.8833": {
							"post": [0, -0.3125, -1.9925],
							"lerp_mode": "catmullrom"
						},
						"0.9833": {
							"post": [0, -0.0625, -0.07],
							"lerp_mode": "catmullrom"
						},
						"1.1": {
							"post": [0, 0, 0],
							"lerp_mode": "catmullrom"
						}
					}
				},
				"bolt": {
					"position": {
						"0.5167": [0, 0, 0],
						"0.5333": [0, 0, 4.5],
						"0.55": [0, 0, 5],
						"0.6667": [0, 0, 5],
						"0.6833": [0, 0, 0]
					}
				},
				"safe": {
					"rotation": {
						"0.6167": [0, 0, 0],
						"0.6833": [0, 0, 4],
						"0.7833": [0, 0, -14.5],
						"0.8833": [0, 0, 0],
						"0.95": [0, 0, -4.25],
						"1.0167": [0, 0, 0]
					}
				},
				"right_hand": {
					"rotation": {
						"0.0": [0, 0, 0],
						"0.3167": [-0.07755, -0.18872, -0.12485],
						"0.3667": [-18.0546, 10.50572, 3.58477],
						"0.5": [-18.0546, 10.50572, 7.08477],
						"0.6167": [-39.0546, 10.50572, 2.39727],
						"0.7167": [-17.0546, 10.50572, 7.83477],
						"0.8833": [-18.15184, 13.83882, 10.30508],
						"0.95": [0, 0, 0]
					},
					"position": {
						"0.0": [0, 0, 0],
						"0.3167": [-0.0625, 0, 0],
						"0.3667": [-2.445, 2.5375, -11.81],
						"0.4": [-2.105, 3.3325, -11.72],
						"0.5167": [-2.105, 3.3325, -11.72],
						"0.5333": [-2.105, 3.3325, -6.23],
						"0.55": [-2.105, 3.3325, -5.72],
						"0.6667": [-2.105, 3.3325, -5.72],
						"0.6833": [-2.105, 3.3325, -11.72],
						"0.8833": [-2.105, 3.3325, -11.72],
						"0.9167": [-1.985, 2.7025, 0.64],
						"0.95": [0, 0, 0]
					},
					"scale": [1, 1.2, 1]
				},
				"camera": {
					"rotation": {
						"0.0": {
							"post": [0, 0, 0],
							"lerp_mode": "catmullrom"
						},
						"0.3667": {
							"post": [0.01, -0.01, 0.05357],
							"lerp_mode": "catmullrom"
						},
						"0.45": {
							"post": [0, -0.0325, -0.03153],
							"lerp_mode": "catmullrom"
						},
						"0.5333": {
							"post": [-0.125, -0.08, 0.04477],
							"lerp_mode": "catmullrom"
						},
						"0.5833": {
							"post": [0.25, 0.0675, -0.15387],
							"lerp_mode": "catmullrom"
						},
						"0.6167": {
							"post": [0.75, -0.0675, 0.67597],
							"lerp_mode": "catmullrom"
						},
						"0.6833": {
							"post": [0, -0.0325, -0.35053],
							"lerp_mode": "catmullrom"
						},
						"0.7333": {
							"post": [-0.125, 0.0625, 0.35027],
							"lerp_mode": "catmullrom"
						},
						"0.7833": {
							"post": [-0.0625, -0.02, -0.11228],
							"lerp_mode": "catmullrom"
						},
						"0.8167": {
							"post": [0, -0.03, 0.01539],
							"lerp_mode": "catmullrom"
						},
						"0.8833": {
							"post": [0, 0.0275, -0.02883],
							"lerp_mode": "catmullrom"
						},
						"0.9833": {
							"post": [0, 0, -0.02653],
							"lerp_mode": "catmullrom"
						},
						"1.1": {
							"post": [0, 0, 0],
							"lerp_mode": "catmullrom"
						}
					}
				},
				"bullet1": {
					"rotation": {
						"0.5167": [0, 0, 0],
						"0.65": {
							"pre": [0, 360, 0],
							"post": [0, 0, 0]
						}
					},
					"position": {
						"0.4833": [0, 0, -4],
						"0.5167": [0, 0.5, 0],
						"0.5833": {
							"pre": [-6.4, 4.8, 0],
							"post": [-6.4, 4.8, 0],
							"lerp_mode": "catmullrom"
						},
						"0.6167": {
							"post": [-14.6, 8.075, 0],
							"lerp_mode": "catmullrom"
						},
						"0.65": {
							"pre": [-35, 12, 0],
							"post": [0, 0, 0]
						}
					}
				}
			},
			"sound_effects": {
				"0.1667": {
					"effect": "bf1:liu/boltaction"
				},
				"1.05": {
					"effect": "bf1:shell_rifle"
				}
			}
		},
		"draw": {
			"loop": "hold_on_last_frame",
			"animation_length": 0.9667,
			"bones": {
				"root": {
					"rotation": {
						"0.0": {
							"post": [15, -21.5, 0],
							"lerp_mode": "catmullrom"
						},
						"0.1": {
							"post": [-59, -13, 13],
							"lerp_mode": "catmullrom"
						},
						"0.3333": {
							"post": [-65, -7.8425, 11.29],
							"lerp_mode": "catmullrom"
						},
						"0.4667": {
							"post": [-62.5625, -2.75, 5.875],
							"lerp_mode": "catmullrom"
						},
						"0.6333": {
							"post": [6.68, -1.92, 2.67],
							"lerp_mode": "catmullrom"
						},
						"0.8": {
							"post": [1.7425, 0.4, -0.4],
							"lerp_mode": "catmullrom"
						},
						"0.9667": [0, 0, 0]
					},
					"position": {
						"0.0": {
							"post": [1.88, -21, 0],
							"lerp_mode": "catmullrom"
						},
						"0.2333": {
							"post": [1.875, -2.125, -2],
							"lerp_mode": "catmullrom"
						},
						"0.5": {
							"post": [0, -1.4375, 0],
							"lerp_mode": "catmullrom"
						},
						"0.6": {
							"post": [-0.12, -3.035, 0.32],
							"lerp_mode": "catmullrom"
						},
						"0.7667": {
							"post": [-0.06, -0.25, -0.125],
							"lerp_mode": "catmullrom"
						},
						"0.9667": [0, 0, 0]
					}
				},
				"left_hand": {
					"rotation": {
						"0.2667": [95.33028, 20.86487, 48.80027],
						"0.4": {
							"pre": [110.96554, 1.95279, 51.8606],
							"post": [110.96554, 1.95279, 51.8606],
							"lerp_mode": "catmullrom"
						},
						"0.5333": {
							"post": [110.96554, 1.95279, 51.8606],
							"lerp_mode": "catmullrom"
						},
						"0.6": [95.33028, 20.86487, 48.80027]
					},
					"position": {
						"0.2667": [-4.75, -6, -6],
						"0.4": {
							"pre": [-3.5, -8, -1.25],
							"post": [-3.5, -8, -1.25],
							"lerp_mode": "catmullrom"
						},
						"0.5333": {
							"post": [-3.5, -9, -1.25],
							"lerp_mode": "catmullrom"
						},
						"0.6": [-4.25, -5.75, -8]
					}
				},
				"camera": {
					"rotation": {
						"0.0": {
							"post": [0, 0, 0],
							"lerp_mode": "catmullrom"
						},
						"0.1333": {
							"post": [-0.45, -0.05, -1],
							"lerp_mode": "catmullrom"
						},
						"0.2333": {
							"post": [0.85, -0.3, 0.7],
							"lerp_mode": "catmullrom"
						},
						"0.5333": {
							"post": [0.45, -0.2, 1.3],
							"lerp_mode": "catmullrom"
						},
						"0.6333": {
							"post": [-0.1, 0, -0.35],
							"lerp_mode": "catmullrom"
						},
						"0.7": {
							"post": [0.1375, 0.1, 0.2],
							"lerp_mode": "catmullrom"
						},
						"0.8": {
							"post": [0, 0, -0.125],
							"lerp_mode": "catmullrom"
						},
						"0.9667": {
							"post": [0, 0, 0],
							"lerp_mode": "catmullrom"
						}
					}
				}
			},
			"sound_effects": {
				"0.0": {
					"effect": "draw2"
				}
			}
		},
		"draw_add": {
			"animation_length": 0.2667,
			"bones": {
				"camera": {
					"rotation": {
						"0.1333": [0, 0, 0],
						"0.2": [0, -90, 0],
						"0.2667": [0, 0, 0]
					}
				}
			}
		},
		"inspect": {
			"animation_length": 7.35,
			"bones": {
				"root": {
					"rotation": {
						"0.0": [0, 0, 0],
						"0.05": [-5.79, 0.13, 1.95],
						"0.15": [-17.59, -10.78, -12.86],
						"0.25": [-25.6, -24.52, -35.41],
						"0.3": [-27.59976, -27.22756, -41.19159],
						"0.35": [-29.18247, -28.58725, -44.21775],
						"0.4": [-31.13848, -27.68974, -42.19082],
						"0.5": [-30.66598, -28.14222, -43.20004],
						"0.6": [-31.42, -28.14, -43.2],
						"0.7": [-32.01, -27.44, -41.92],
						"0.9": [-31.74, -28, -42.94],
						"1.0": [-31.76, -28.22, -43.36],
						"1.5": [-31.20393, -28.6466, -44.18009],
						"1.55": [-29.85, -30.65, -48.19],
						"1.65": [-29.18045, -31.65513, -50.18764],
						"1.8": [-29.71221, -31.16351, -49.16731],
						"1.95": [-29.71, -31.16, -49.17],
						"2.2": [-29.1733, -31.63628, -50.20015],
						"2.3": [-28.77, -30.86, -48.82],
						"2.4": [-27.89, -26.22, -40.22],
						"2.45": [-26.12, -16.94, -23.01],
						"2.5": [-27.22851, -1.49811, 6.49643],
						"2.65": [-27.64133, 24.07175, 55.7761],
						"2.8": [-27.55942, 24.18741, 56.01913],
						"2.9": [-26.63512, 25.213, 58.2211],
						"3.1": [-27.05095, 24.76144, 57.23672],
						"3.3": [-27.18, 24.27, 56.94],
						"3.5": [-27.3, 24.11, 56.64],
						"3.75": [-27.43825, 24.30227, 56.26287],
						"3.85": [-27.13612, 27.9047, 59.22256],
						"4.05": [-27.60586, 27.4605, 58.21082],
						"4.35": [-27.25, 27.82, 58.99],
						"4.55": [-27.1, 27.74, 59.31],
						"4.7": [-26.95, 27.21, 59.62],
						"4.8": [-26.5, 25.14, 57.6],
						"4.9": [-25.69, 21.35, 53.37],
						"5.0": [-27.3, 13.08, 39.44],
						"5.1": [-30.53, 10.74, 32.31],
						"5.15": [-30.94706, 10.98543, 32.75438],
						"5.25": [-32.11241, 10.47449, 31.87786],
						"5.3": [-33.79104, 11.14807, 29.27743],
						"5.35": [-34.94, 11.26, 29.51],
						"5.4": [-36.3637, 11.18323, 28.25743],
						"5.45": [-37.46, 12.29, 28.65],
						"5.55": [-39.65041, 13.56235, 29.2856],
						"5.75": [-38.85, 13.56, 29.29],
						"5.9": [-38.69, 13.42, 29.11],
						"6.2": [-38.66, 13.54, 29.26],
						"6.3": [-38.57593, 8.44932, 24.30995],
						"6.4": [-39.97836, 13.71543, 27.77033],
						"6.5": [-41.26, 12.28, 24.97],
						"6.6": [-41.36, 12.15, 24.48],
						"6.7": [-33.33, 7.37, 22.29],
						"6.8": [-17.16969, -2.07286, 18.42359],
						"6.9": [9.41515, -1.03643, 9.2118],
						"7.0": [1.9612, -0.55625, 7.98076],
						"7.05": [0.66898, -0.48139, 1.31942],
						"7.15": [-1.00521, -0.46117, 2.73757],
						"7.3": [0, 0, 0]
					},
					"position": {
						"0.0": [0, 0, 0],
						"0.1": [-0.07, -1.87, 0],
						"0.15": [-0.13, -1.5, 0],
						"0.25": [-0.51, -1.43, 0],
						"0.35": {
							"pre": [-0.8, -1.6, 0],
							"post": [-0.8, -1.6, 0],
							"lerp_mode": "catmullrom"
						},
						"0.45": {
							"post": [-1, -2, 0],
							"lerp_mode": "catmullrom"
						},
						"0.55": {
							"post": [-1, -2.275, 0],
							"lerp_mode": "catmullrom"
						},
						"0.65": {
							"post": [-1, -2.205, 0],
							"lerp_mode": "catmullrom"
						},
						"0.75": {
							"post": [-1, -2.02, 0],
							"lerp_mode": "catmullrom"
						},
						"0.85": {
							"post": [-1, -1.82, 0],
							"lerp_mode": "catmullrom"
						},
						"1.0": [-1, -1.73, 0],
						"1.25": [-1, -1.785, 0],
						"1.5": [-1, -2, 0],
						"1.6": {
							"pre": [-1, -2, 0],
							"post": [-1, -2, 0],
							"lerp_mode": "catmullrom"
						},
						"1.95": {
							"post": [-1, -1.785, 0],
							"lerp_mode": "catmullrom"
						},
						"2.05": {
							"post": [-1, -1.6, 0],
							"lerp_mode": "catmullrom"
						},
						"2.25": [-1, -1.6, 0],
						"2.35": [-0.91, -2.07, 0],
						"2.45": [0.05, -3.15, 0],
						"2.6": [1.35, -3.4, 0],
						"2.75": {
							"pre": [2, -2.8, 0],
							"post": [2, -2.8, 0],
							"lerp_mode": "catmullrom"
						},
						"2.85": {
							"post": [2, -2.575, -0.1],
							"lerp_mode": "catmullrom"
						},
						"3.0": {
							"post": [2, -2.44, -0.1],
							"lerp_mode": "catmullrom"
						},
						"3.2": {
							"post": [2, -2.48, -0.1],
							"lerp_mode": "catmullrom"
						},
						"3.75": [2, -2.5, -0.1],
						"3.95": [2, -2.275, -0.1],
						"4.35": [2, -2.12, -0.1],
						"4.55": [2, -2.055, -0.1],
						"4.8": [2, -2.2, -0.1],
						"4.95": [2, -3.1, 1.1],
						"5.2": [2, -5.4, 1.5],
						"5.35": [2, -5.5, 1.5],
						"5.4": [2, -5.53, 1.6],
						"5.5": [2, -5.9, 2.1],
						"5.65": [2, -5.74, 2.1],
						"5.75": [2, -5.5, 2.1],
						"5.85": [2, -5.43, 2.1],
						"6.0": [2, -5.39, 2.1],
						"6.15": [2, -5.37, 2.1],
						"6.3": [2, -5.39, 2.1],
						"6.35": [2, -4.9, 1.4],
						"6.45": [2, -5.53125, 1.9],
						"6.55": [2, -5.62, 1.9],
						"6.65": [2, -5.295, 1.9],
						"6.75": {
							"pre": [2, -5.045, 1.9],
							"post": [2, -5.045, 1.9],
							"lerp_mode": "catmullrom"
						},
						"6.85": {
							"post": [1.7675, -5.52, 1.58],
							"lerp_mode": "catmullrom"
						},
						"6.95": {
							"post": [1.25, -4.8, 0.95],
							"lerp_mode": "catmullrom"
						},
						"7.0": {
							"post": [0, -3.5, -0.8],
							"lerp_mode": "catmullrom"
						},
						"7.1": {
							"post": [0, -0.5, 0.62],
							"lerp_mode": "catmullrom"
						},
						"7.2": [0, -0.2, -0.17],
						"7.35": [0, 0, 0]
					}
				},
				"bolt": {
					"position": {
						"5.25": [0, 0, 0],
						"5.35": [0, 0, 0.6],
						"5.5": [0, 0, 3.1],
						"5.65": [0, 0, 3.4],
						"6.2": [0, 0, 3.4],
						"6.25": [0, 0, 0]
					}
				},
				"left_hand": {
					"rotation": {
						"0.0": [95.33028, 20.86487, 48.80027],
						"2.25": [95.33028, 20.86487, 48.80027],
						"2.45": [101.0177, 23.07635, -17.22797],
						"4.8": [101.0177, 23.07635, -17.22797],
						"5.1": [117.83028, 20.86487, 48.80027],
						"6.6": [117.83028, 20.86487, 48.80027],
						"6.85": [95.33028, 20.86487, 48.80027]
					},
					"position": {
						"0.0": [-4.25, -5.75, -8],
						"0.25": [0.25, -25, 11],
						"2.45": [0.25, -25, 11],
						"2.6": [-3.75, -4.25, -2.75],
						"4.85": [-3.75, -4.25, -2.75],
						"5.05": [-4.75, -6, -6],
						"6.55": [-4.75, -6, -6],
						"6.85": [-4.25, -5.75, -8]
					},
					"scale": [1, 1.25, 1]
				},
				"right_hand": {
					"rotation": {
						"0.0": [81.67245, -13.18872, -0.49985],
						"4.95": [91.60673, -15.47712, -39.18258],
						"5.1": [66.67244, -13.18873, -0.49985],
						"5.25": [66.67244, -13.18873, -0.49985],
						"5.5": [54.17244, -13.18873, -0.49985],
						"5.65": [54.17244, -13.18873, -0.49985],
						"6.2": [54.17244, -13.18873, -0.49985],
						"6.25": [78.99419, 5.43637, 2.39147],
						"6.65": [81.67245, -13.18872, -0.49985]
					},
					"position": {
						"0.0": [4.5625, -6.75, 5],
						"4.95": [4.25, -7, 6.25],
						"5.1": [3.25, -3.25, -7.25],
						"5.25": [3.25, -3.25, -7.25],
						"5.35": [3.25, -3.25, -6.55],
						"5.5": [3.25, -3.25, -4],
						"5.65": [3.25, -3.25, -3.5625],
						"6.2": [3.25, -3.25, -3.5],
						"6.3": {
							"pre": [2.55, -5.75, 6.66],
							"post": [2.55, -5.75, 6.66],
							"lerp_mode": "catmullrom"
						},
						"6.45": {
							"post": [3.2, -6.39, 6.43],
							"lerp_mode": "catmullrom"
						},
						"6.65": [4.5625, -6.75, 5]
					},
					"scale": [1, 1.25, 1]
				},
				"camera": {
					"rotation": {
						"0.0": {
							"post": [0, 0, 0],
							"lerp_mode": "catmullrom"
						},
						"0.1": {
							"post": [2.38, 1.14, 0],
							"lerp_mode": "catmullrom"
						},
						"0.2": {
							"post": [2.43, 2.29, 0],
							"lerp_mode": "catmullrom"
						},
						"0.3": {
							"post": [1.29, 2.86, 0],
							"lerp_mode": "catmullrom"
						},
						"0.4": {
							"post": [-1, 4, 0],
							"lerp_mode": "catmullrom"
						},
						"0.6": {
							"post": [-2.00275, 4.99939, -0.03503],
							"lerp_mode": "catmullrom"
						},
						"0.9": {
							"post": [-1.25, 5, -0.04],
							"lerp_mode": "catmullrom"
						},
						"1.2": {
							"post": [-1.53, 5.54, -0.05],
							"lerp_mode": "catmullrom"
						},
						"1.4": {
							"post": [-1.9, 5.77, -0.05],
							"lerp_mode": "catmullrom"
						},
						"1.7": {
							"post": [-2.6, 6, -0.05],
							"lerp_mode": "catmullrom"
						},
						"1.9": {
							"post": [-2.45, 6, -0.05],
							"lerp_mode": "catmullrom"
						},
						"2.1": {
							"post": [-2.62, 6, -0.05],
							"lerp_mode": "catmullrom"
						},
						"2.25": {
							"post": [-3, 6, -0.05],
							"lerp_mode": "catmullrom"
						},
						"2.4": {
							"post": [-0.74, 3.75, 0.02],
							"lerp_mode": "catmullrom"
						},
						"2.5": {
							"post": [0.26, 2.75, 0.06],
							"lerp_mode": "catmullrom"
						},
						"2.6": {
							"post": [0.76, 2.25, 0.08],
							"lerp_mode": "catmullrom"
						},
						"2.8": {
							"post": [1.76, 1.75, 0.08],
							"lerp_mode": "catmullrom"
						},
						"2.9": {
							"post": [1.47, 1.75, 0.08],
							"lerp_mode": "catmullrom"
						},
						"3.0": {
							"post": [1.4, 1.75, 0.08],
							"lerp_mode": "catmullrom"
						},
						"3.15": {
							"post": [1.32, 1.75, 0.08],
							"lerp_mode": "catmullrom"
						},
						"3.35": {
							"post": [1.06, 1.75, 0.08],
							"lerp_mode": "catmullrom"
						},
						"3.7": {
							"post": [0.36, 1.75, 0.08],
							"lerp_mode": "catmullrom"
						},
						"3.8": {
							"post": [0.04, 1.75, 0.08],
							"lerp_mode": "catmullrom"
						},
						"3.9": {
							"post": [-0.41, 1.75, 0.08],
							"lerp_mode": "catmullrom"
						},
						"4.05": {
							"post": [-0.82, 1.75, 0.08],
							"lerp_mode": "catmullrom"
						},
						"4.4": {
							"post": [-0.77, 1.75, 0.08],
							"lerp_mode": "catmullrom"
						},
						"4.6": {
							"post": [-0.75, 1.75, 0.08],
							"lerp_mode": "catmullrom"
						},
						"4.8": {
							"post": [-0.74, 1.75, 0.08],
							"lerp_mode": "catmullrom"
						},
						"4.95": {
							"post": [2.84, 1.75, 0.08],
							"lerp_mode": "catmullrom"
						},
						"5.05": {
							"post": [3.88, 1.75, 0.08],
							"lerp_mode": "catmullrom"
						},
						"5.25": {
							"post": [3.26, 1.75, 0.08],
							"lerp_mode": "catmullrom"
						},
						"5.4": {
							"post": [4.86, 1.75, 0.08],
							"lerp_mode": "catmullrom"
						},
						"5.5": {
							"post": [5.26, 1.75, 0.08],
							"lerp_mode": "catmullrom"
						},
						"5.75": {
							"post": [4.56, 1.75, 0.08],
							"lerp_mode": "catmullrom"
						},
						"5.95": {
							"post": [4.32, 1.75, 0.08],
							"lerp_mode": "catmullrom"
						},
						"6.1": {
							"post": [4.26, 1.75, 0.08],
							"lerp_mode": "catmullrom"
						},
						"6.25": {
							"post": [4.26, 1.75, 0.08],
							"lerp_mode": "catmullrom"
						},
						"6.3": {
							"post": [3.52463, 1.62011, 2.27707],
							"lerp_mode": "catmullrom"
						},
						"6.35": {
							"post": [2.65708, 1.73641, -0.02095],
							"lerp_mode": "catmullrom"
						},
						"6.45": {
							"post": [1.47363, 1.72336, 0.52936],
							"lerp_mode": "catmullrom"
						},
						"6.55": {
							"post": [0.29018, 1.7103, 1.07967],
							"lerp_mode": "catmullrom"
						},
						"6.7": {
							"post": [1.29018, 1.7103, 1.07967],
							"lerp_mode": "catmullrom"
						},
						"6.8": {
							"post": [2.13, 1.06, 0.67],
							"lerp_mode": "catmullrom"
						},
						"6.9": {
							"post": [1.91, 0.55, 0.35],
							"lerp_mode": "catmullrom"
						},
						"7.05": {
							"post": [-1, 0, 0],
							"lerp_mode": "catmullrom"
						},
						"7.15": {
							"post": [0.4, 0, 0],
							"lerp_mode": "catmullrom"
						},
						"7.3": {
							"post": [0, 0, 0],
							"lerp_mode": "catmullrom"
						}
					}
				}
			}
		},
		"reload_empty": {
			"loop": "hold_on_last_frame",
			"animation_length": 3.7667,
			"bones": {
				"root": {
					"rotation": {
						"0.0": {
							"post": [0, 0, 0],
							"lerp_mode": "catmullrom"
						},
						"0.1667": {
							"post": [-0.25, 0, 5],
							"lerp_mode": "catmullrom"
						},
						"0.3": {
							"post": [-0.25, 0, 5],
							"lerp_mode": "catmullrom"
						},
						"0.5333": {
							"post": [-0.22667, -2, 6.1213],
							"lerp_mode": "catmullrom"
						},
						"0.7": {
							"post": [-4.81, -1.4025, -0.52],
							"lerp_mode": "catmullrom"
						},
						"0.8667": {
							"post": [-13.65459, -3.29539, -11.10485],
							"lerp_mode": "catmullrom"
						},
						"1.0333": {
							"post": [-17.26, -3.4325, -11.37],
							"lerp_mode": "catmullrom"
						},
						"1.4": {
							"post": [-16.40459, -3.29539, -11.10485],
							"lerp_mode": "catmullrom"
						},
						"1.5": {
							"post": [-17.4825, -3.29, -10.73],
							"lerp_mode": "catmullrom"
						},
						"1.6": {
							"post": [-10.46, -3.25, -10.17],
							"lerp_mode": "catmullrom"
						},
						"1.8333": {
							"post": [-14.95, -3.19, -6.92],
							"lerp_mode": "catmullrom"
						},
						"2.0": {
							"post": [-14.06, -4.89, -6.78],
							"lerp_mode": "catmullrom"
						},
						"2.0667": {
							"post": [-14.4, -5.36, -8.88],
							"lerp_mode": "catmullrom"
						},
						"2.1667": {
							"post": [-14.21, -3.5, -7.92],
							"lerp_mode": "catmullrom"
						},
						"2.3": {
							"post": [-15.67, -3.25, -7.4],
							"lerp_mode": "catmullrom"
						},
						"2.4": {
							"post": [-16.40459, -4.48289, -4.10485],
							"lerp_mode": "catmullrom"
						},
						"2.5333": {
							"post": [-6.26292, -21.79122, 14.05146],
							"lerp_mode": "catmullrom"
						},
						"2.6": {
							"post": [-4.31, -24.78, 18.49],
							"lerp_mode": "catmullrom"
						},
						"2.8333": {
							"post": [-4.26292, -24.85372, 18.55146],
							"lerp_mode": "catmullrom"
						},
						"3.0": {
							"post": [-4.26292, -23.04122, 18.55146],
							"lerp_mode": "catmullrom"
						},
						"3.1667": {
							"post": [-4.26292, -6.60372, 18.55146],
							"lerp_mode": "catmullrom"
						},
						"3.3667": {
							"post": [0.6, 0.79, 0.94],
							"lerp_mode": "catmullrom"
						},
						"3.5333": {
							"post": [-0.59, -0.2, -0.11],
							"lerp_mode": "catmullrom"
						},
						"3.6333": {
							"post": [0.19, 0.1, 0],
							"lerp_mode": "catmullrom"
						},
						"3.7667": [0, 0, 0]
					},
					"position": {
						"0.0333": [0, 0, 0],
						"0.1333": {
							"pre": [0, -0.3125, 0],
							"post": [0, -0.3125, 0],
							"lerp_mode": "catmullrom"
						},
						"0.2667": {
							"post": [0, -0.1875, -0.1875],
							"lerp_mode": "catmullrom"
						},
						"0.3": {
							"post": [0, -0.1875, 1.72],
							"lerp_mode": "catmullrom"
						},
						"0.5333": {
							"post": [0, -0.6875, 1.72],
							"lerp_mode": "catmullrom"
						},
						"0.7": {
							"post": [-1.05, -4.45, 3.97],
							"lerp_mode": "catmullrom"
						},
						"0.9": {
							"post": [-2.1, -3.69, 4.72],
							"lerp_mode": "catmullrom"
						},
						"1.0667": {
							"post": [-2.18, -4.5025, 4.77],
							"lerp_mode": "catmullrom"
						},
						"1.4": {
							"post": [-2.1, -3.94, 4.72],
							"lerp_mode": "catmullrom"
						},
						"1.5": {
							"post": [-2.11, -6.43, 4.72],
							"lerp_mode": "catmullrom"
						},
						"1.6667": {
							"post": [-2.13, -3.94, 4.72],
							"lerp_mode": "catmullrom"
						},
						"2.4": {
							"post": [-2.1, -3.94, 4.72],
							"lerp_mode": "catmullrom"
						},
						"2.5333": {
							"post": [-0.1, -2.69, 4.72],
							"lerp_mode": "catmullrom"
						},
						"2.7333": {
							"post": [-0.1, -1.94, 4.72],
							"lerp_mode": "catmullrom"
						},
						"2.7667": {
							"post": [-0.1, -1.94, 5.72],
							"lerp_mode": "catmullrom"
						},
						"2.8333": {
							"post": [-0.4, -1.99, 6.46],
							"lerp_mode": "catmullrom"
						},
						"2.9667": {
							"post": [-1.01, -2.09, 5.22],
							"lerp_mode": "catmullrom"
						},
						"3.1333": {
							"post": [-0.85, -1.94, 4.47],
							"lerp_mode": "catmullrom"
						},
						"3.2333": {
							"post": [0, -0.22, -0.33],
							"lerp_mode": "catmullrom"
						},
						"3.3667": {
							"post": [0, -0.22, 0.295],
							"lerp_mode": "catmullrom"
						},
						"3.4333": {
							"post": [0, -0.07, 0.195],
							"lerp_mode": "catmullrom"
						},
						"3.5333": {
							"post": [0, -0.07, -0.22],
							"lerp_mode": "catmullrom"
						},
						"3.6333": {
							"post": [0, 0, -0.03],
							"lerp_mode": "catmullrom"
						},
						"3.7667": [0, 0, 0]
					}
				},
				"bolt": {
					"position": {
						"0.2333": [0, 0, 0],
						"0.2667": [0, 0, 5],
						"2.7667": [0, 0, 5],
						"2.8": [0, 0, 5.5],
						"2.8333": [0, 0, 0]
					}
				},
				"left_hand": {
					"rotation": {
						"0.0": [95.33028, 20.86487, 48.80027],
						"0.4667": [93.01985, 22.02845, 35.6943],
						"0.6333": {
							"pre": [115.08389, 28.66989, 64.65914],
							"post": [115.08389, 28.66989, 64.65914],
							"lerp_mode": "catmullrom"
						},
						"2.3667": {
							"post": [114.08389, 28.66989, 64.65914],
							"lerp_mode": "catmullrom"
						},
						"2.6333": {
							"post": [107.47864, 32.65985, 53.6034],
							"lerp_mode": "catmullrom"
						},
						"2.9333": {
							"post": [107.47864, 32.65985, 53.6034],
							"lerp_mode": "catmullrom"
						},
						"3.2": [95.33028, 20.86487, 48.80027]
					},
					"position": {
						"0.0": [-4.25, -5.75, -8],
						"0.5667": [-4.25, -5.75, -8],
						"0.7333": [-4.75, -5.75, -10],
						"2.9": [-4.75, -5.75, -10],
						"3.2": [-4.25, -5.75, -8]
					}
				},
				"right_mag": {
					"rotation": {
						"0.9333": [0, 0, 0],
						"1.1333": {
							"pre": [-15, 1.9375, -10],
							"post": [-15, 1.9375, -10],
							"lerp_mode": "catmullrom"
						},
						"1.2333": {
							"post": [-1.25, 0.3125, -1],
							"lerp_mode": "catmullrom"
						},
						"1.4667": [0, 0, 0]
					},
					"position": {
						"0.5": [0, 0, 0],
						"0.5667": [-5, -7.75, 4],
						"0.9333": {
							"pre": [-3.95, -7.63, 5.95],
							"post": [-3.95, -7.63, 5.95],
							"lerp_mode": "catmullrom"
						},
						"1.0667": {
							"post": [-3.13, 3.28, 2.13],
							"lerp_mode": "catmullrom"
						},
						"1.1333": {
							"post": [-0.3125, 3.5, 0.25],
							"lerp_mode": "catmullrom"
						},
						"1.3": [0, 3.25, 0],
						"1.4667": [0, 3.25, 0],
						"1.5333": [0, 0, 0]
					}
				},
				"right_hand": {
					"rotation": {
						"0.0667": [91.60673, -15.47712, -39.18258],
						"0.1": [63.6954, -2.49428, 3.20977],
						"0.2333": [63.6954, -2.49428, 6.70977],
						"0.3333": [50.1954, -2.49428, 2.02227],
						"0.5333": [50.35, -3.3, 1.92],
						"0.6333": [50.35, -26.3, 1.92],
						"1.3": [50.35, -26.3, 1.92],
						"1.4": [64.68, -27.7, 31.86],
						"1.5333": [98.43, -27.7, 31.86],
						"1.7667": [98.26, -27.3875, 31.86],
						"1.8333": [86.91, -15.2, 31.86],
						"2.0": [86.91, -13.95, 31.86],
						"2.0667": [85.25156, -15.08716, -48.44325],
						"2.1": {
							"pre": [83.69, -37.65, -59.59],
							"post": [83.69, -37.65, -59.59],
							"lerp_mode": "catmullrom"
						},
						"2.3333": {
							"post": [85.25156, -38.83716, -50.44325],
							"lerp_mode": "catmullrom"
						},
						"2.4": {
							"post": [97.92578, -6.69949, 31.86371],
							"lerp_mode": "catmullrom"
						},
						"2.5667": {
							"post": [48.6954, -2.49428, 2.02227],
							"lerp_mode": "catmullrom"
						},
						"2.6667": {
							"post": [41.305, -2.2, -0.31],
							"lerp_mode": "catmullrom"
						},
						"2.8": {
							"post": [42.6954, -2.49428, 2.02227],
							"lerp_mode": "catmullrom"
						},
						"2.8333": [63.6954, -2.49428, 6.70977],
						"3.0667": [63.6954, -2.49428, 6.70977],
						"3.2": [91.60673, -15.47712, -39.18258]
					},
					"position": {
						"0.0": [4.25, -7, 6.25],
						"0.1": [2.18, -3.9625, -5.31],
						"0.1333": [2.52, -3.1675, -5.47],
						"0.2333": [2.52, -3.1675, -5.22],
						"0.2667": [2.52, -3.1675, -1.595],
						"0.5": [2.47, -3.3, -1.59],
						"0.6333": [4.25, -4.25, -5.25],
						"1.3": [4.25, -3.5, -5.25],
						"1.3667": [4, -2, -6],
						"1.5": [4.25, -1.75, -6],
						"1.5333": [4.25, -3.1875, -6],
						"1.7333": {
							"pre": [4.0375, -3.1875, -5.875],
							"post": [4.0375, -3.1875, -5.875],
							"lerp_mode": "catmullrom"
						},
						"1.8": {
							"post": [2.8, -2.8, -4.75],
							"lerp_mode": "catmullrom"
						},
						"1.9": [3.75, -1.75, -4],
						"2.0333": [3.75, -1.75, -4],
						"2.0667": {
							"pre": [-2.92, -1.38, -4.19],
							"post": [-2.92, -1.38, -4.19],
							"lerp_mode": "catmullrom"
						},
						"2.1667": {
							"post": [-4.95, -1.3, -4.15],
							"lerp_mode": "catmullrom"
						},
						"2.3333": {
							"post": [-3.92, -1.38, -4.19],
							"lerp_mode": "catmullrom"
						},
						"2.4": {
							"post": [-0.25, -3.5, -5.25],
							"lerp_mode": "catmullrom"
						},
						"2.5": [2.52, -2.9175, -1.47],
						"2.8": [2.52, -2.9175, -1.47],
						"2.8667": {
							"pre": [-0.23, -3.6675, 2.28],
							"post": [-0.23, -3.6675, 2.28],
							"lerp_mode": "catmullrom"
						},
						"3.0": {
							"post": [-0.65, -4.42, 3.34],
							"lerp_mode": "catmullrom"
						},
						"3.0667": {
							"post": [1.02, -5.4175, 3.78],
							"lerp_mode": "catmullrom"
						},
						"3.1667": {
							"post": [3.75, -7, 5.5],
							"lerp_mode": "catmullrom"
						},
						"3.4667": [4.25, -7, 6.25]
					}
				},
				"bullet1": {
					"rotation": {
						"0.2333": [0, 0, 0],
						"0.3667": {
							"pre": [0, 360, 0],
							"post": [0, 0, 0]
						}
					},
					"position": {
						"0.2": [0, 0, -4],
						"0.2333": [0, 0.5, 0],
						"0.3": {
							"pre": [-6.4, 4.8, 0],
							"post": [-6.4, 4.8, 0],
							"lerp_mode": "catmullrom"
						},
						"0.3333": {
							"post": [-14.6, 8.075, 0],
							"lerp_mode": "catmullrom"
						},
						"0.3667": {
							"pre": [-35, 12, 0],
							"post": [0, 0, 0]
						},
						"0.6667": [0.125, 0, 0],
						"1.4667": [0.125, 0, 0],
						"1.5333": [0, 0, 0]
					}
				},
				"bullet2": {
					"position": {
						"0.6667": [-0.125, -0.25, 0],
						"1.4667": [-0.125, -0.25, 0],
						"1.5333": [0, 0, 0]
					}
				},
				"bullet3": {
					"position": {
						"0.6667": [0.125, -0.5, 0],
						"1.4667": [0.125, -0.5, 0],
						"1.5333": [0, 0, 0]
					}
				},
				"bullet4": {
					"position": {
						"0.6667": [-0.125, -0.75, 0],
						"1.4667": [-0.125, -0.75, 0],
						"1.5333": [0, 0, 0]
					}
				},
				"bullet5": {
					"position": {
						"0.6667": [0.125, -0.9375, 0],
						"1.4667": [0.13, -1.0025, 0],
						"1.5333": [0, 0, 0]
					}
				},
				"bullet6": {
					"position": {
						"0.6667": [-0.125, -1.1875, 0],
						"1.4667": [-0.12, -1.2525, 0],
						"1.5333": [0, 0, 0]
					}
				},
				"clip": {
					"rotation": {
						"2.0": [0, 0, 0],
						"2.2": [-720, 0, 0]
					},
					"position": {
						"1.4667": [0, -0.5, 0],
						"1.5333": [0, 2.5, 0],
						"2.0": [0, 2.5, 0],
						"2.2": {
							"pre": [-21, -0.25, 0],
							"post": [0, 0, 0]
						}
					}
				},
				"camera": {
					"rotation": {
						"0.0": {
							"post": [0, 0, 0],
							"lerp_mode": "catmullrom"
						},
						"0.2": {
							"post": [0.06875, -0.0325, 0],
							"lerp_mode": "catmullrom"
						},
						"0.2667": {
							"post": [0, -0.08, 0.02019],
							"lerp_mode": "catmullrom"
						},
						"0.3": {
							"post": [0.45625, 0.1925, -0.89879],
							"lerp_mode": "catmullrom"
						},
						"0.3333": {
							"post": [-0.125, -0.0675, 2.50129],
							"lerp_mode": "catmullrom"
						},
						"0.4": {
							"post": [-0.18125, -0.0325, 0.15456],
							"lerp_mode": "catmullrom"
						},
						"0.4333": {
							"post": [-0.08437, 0.0625, -0.06731],
							"lerp_mode": "catmullrom"
						},
						"0.5333": {
							"post": [-0.1, -0.0925, 0.0625],
							"lerp_mode": "catmullrom"
						},
						"0.6667": {
							"post": [0.09375, 0, 0],
							"lerp_mode": "catmullrom"
						},
						"0.8667": {
							"post": [0.49075, 0.11, -0.01],
							"lerp_mode": "catmullrom"
						},
						"1.0667": {
							"post": [0.5, 0.0925, 0],
							"lerp_mode": "catmullrom"
						},
						"1.3667": {
							"post": [0.625, 0.11768, 0.27019],
							"lerp_mode": "catmullrom"
						},
						"1.4333": {
							"post": [0.25, 0.1237, -0.39879],
							"lerp_mode": "catmullrom"
						},
						"1.5": {
							"post": [2.125, 0.1263, 1.50129],
							"lerp_mode": "catmullrom"
						},
						"1.5667": {
							"post": [1.2, 0.15, -0.99],
							"lerp_mode": "catmullrom"
						},
						"1.6333": {
							"post": [0, 0.14095, 0.40456],
							"lerp_mode": "catmullrom"
						},
						"1.7": {
							"post": [-0.25, -0.0625, -0.06731],
							"lerp_mode": "catmullrom"
						},
						"1.8333": {
							"post": [-0.27, 0.11, -0.08],
							"lerp_mode": "catmullrom"
						},
						"2.0": {
							"post": [0.19, 0.19, -0.04],
							"lerp_mode": "catmullrom"
						},
						"2.0333": {
							"post": [0.18, 0.46, 0.96],
							"lerp_mode": "catmullrom"
						},
						"2.1": {
							"post": [0.17, 0.74, -0.29],
							"lerp_mode": "catmullrom"
						},
						"2.1667": {
							"post": [0.15, 0.1, -0.11],
							"lerp_mode": "catmullrom"
						},
						"2.3667": {
							"post": [0.34, 0.16, -0.04],
							"lerp_mode": "catmullrom"
						},
						"2.6667": {
							"post": [0.25, -0.1575, 0],
							"lerp_mode": "catmullrom"
						},
						"2.8": {
							"post": [0.125, -0.13232, 0.14519],
							"lerp_mode": "catmullrom"
						},
						"2.8333": {
							"post": [1.25, -0.0638, -0.64879],
							"lerp_mode": "catmullrom"
						},
						"2.8667": {
							"post": [1.625, -0.5612, 1.50129],
							"lerp_mode": "catmullrom"
						},
						"2.9667": {
							"post": [0.5, 0.1875, -0.06731],
							"lerp_mode": "catmullrom"
						},
						"3.0333": {
							"post": [0.25, 0.02458, 0.25],
							"lerp_mode": "catmullrom"
						},
						"3.1": {
							"post": [0.15, 0.25, 0.0875],
							"lerp_mode": "catmullrom"
						},
						"3.2667": {
							"post": [-0.095, -0.1, 0.16],
							"lerp_mode": "catmullrom"
						},
						"3.3333": {
							"post": [-0.225, -0.075, -0.05],
							"lerp_mode": "catmullrom"
						},
						"3.4": {
							"post": [-0.125, 0.105, 0.36],
							"lerp_mode": "catmullrom"
						},
						"3.5": {
							"post": [0.045, 0.115, -0.22],
							"lerp_mode": "catmullrom"
						},
						"3.6": {
							"post": [0.11, 0.085, 0.035],
							"lerp_mode": "catmullrom"
						},
						"3.7667": {
							"post": [0, 0, 0],
							"lerp_mode": "catmullrom"
						}
					}
				}
			},
			"sound_effects": {
				"0.0667": {
					"effect": "bf1:liu/boltback"
				},
				"0.8": {
					"effect": "bf1:liu/clipinsert"
				},
				"2.4": {
					"effect": "bf1:man_m95/boltclose"
				}
			}
		},
		"reload_intro": {
			"loop": "hold_on_last_frame",
			"animation_length": 1,
			"bones": {
				"root": {
					"rotation": {
						"0.0": {
							"post": [0, 0, 0],
							"lerp_mode": "catmullrom"
						},
						"0.1667": {
							"post": [-0.25, 0, 5],
							"lerp_mode": "catmullrom"
						},
						"0.3": {
							"post": [-0.25, 0, 5],
							"lerp_mode": "catmullrom"
						},
						"0.5333": {
							"post": [-3.47667, -2, 6.1213],
							"lerp_mode": "catmullrom"
						},
						"0.7333": {
							"post": [-15.65459, -4.74289, -3.10485],
							"lerp_mode": "catmullrom"
						},
						"1.0": [-16.40459, -7.73289, -4.10485]
					},
					"position": {
						"0.0333": [0, 0, 0],
						"0.1333": {
							"pre": [0, -0.3125, 0],
							"post": [0, -0.3125, 0],
							"lerp_mode": "catmullrom"
						},
						"0.2667": {
							"post": [0, -0.4375, -0.1875],
							"lerp_mode": "catmullrom"
						},
						"0.3333": {
							"post": [0, -0.4375, 2.47],
							"lerp_mode": "catmullrom"
						},
						"0.5": {
							"post": [-0.25, -0.4375, 2.47],
							"lerp_mode": "catmullrom"
						},
						"0.7": {
							"post": [-2.1, -4.44, 4.095],
							"lerp_mode": "catmullrom"
						},
						"1.0": [-2.1, -4.19, 4.72]
					}
				},
				"bolt": {
					"position": {
						"0.2667": [0, 0, 0],
						"0.3": [0, 0, 5],
						"1.0": [0, 0, 5]
					}
				},
				"left_hand": {
					"rotation": {
						"0.0": [95.33028, 20.86487, 48.80027],
						"0.0667": [120.22, 14.94, 108.64],
						"0.1667": [157.56052, 6.05982, 142.15198],
						"0.2667": [157.56, 6.06, 142.15],
						"0.3": [157.56, 6.06, 161.7125],
						"0.5": [157.56052, 6.05982, 161.71448],
						"0.7667": [115.08389, 28.66989, 64.65914],
						"1.0": [115.08, 28.67, 64.66]
					},
					"position": {
						"0.0": [-4.25, -5.75, -8],
						"0.1333": [-7, -3.25, -8.25],
						"0.2333": [-7, -3.25, -8.25],
						"0.3": [-6.5, -3.25, -7],
						"0.5": [-6.5, -3.25, -7],
						"0.6667": [-5, -5.5, -10],
						"1.0": [-5, -5.5, -10]
					},
					"scale": [1, 1.25, 1]
				},
				"right_hand": {
					"rotation": {
						"0.0667": [91.60673, -15.47712, -39.18258],
						"0.1": [63.6954, -2.49428, 3.20977],
						"0.2333": [63.6954, -2.49428, 6.70977],
						"0.3333": [42.6954, -2.49428, 2.02227],
						"0.6333": [42.6954, -2.49428, 2.02227],
						"0.9333": {
							"pre": [48.78291, -18.19572, 41.74738],
							"post": [48.78291, -18.19572, 41.74738],
							"lerp_mode": "catmullrom"
						},
						"1.0": [60.00822, -17.71549, 32.63296]
					},
					"position": {
						"0.0667": [4.25, -7, 6.25],
						"0.1333": {
							"pre": [0.18, -4.4625, -6.56],
							"post": [0.18, -4.4625, -6.56],
							"lerp_mode": "catmullrom"
						},
						"0.1667": {
							"post": [2.52, -3.1675, -6.97],
							"lerp_mode": "catmullrom"
						},
						"0.2667": [2.52, -3.1675, -6.47],
						"0.3": [2.52, -3.6675, -1.1575],
						"0.5333": [2.62, -3.56, -1.17],
						"0.7": {
							"pre": [-1, -16, -1.75],
							"post": [-1, -16, -1.75],
							"lerp_mode": "catmullrom"
						},
						"0.9333": {
							"post": [2.5, -3.5, -1.75],
							"lerp_mode": "catmullrom"
						},
						"1.0": [2.75, -2.5, -6.25]
					},
					"scale": [1, 1.25, 1]
				},
				"camera": {
					"rotation": {
						"0.0": {
							"post": [0, 0, 0],
							"lerp_mode": "catmullrom"
						},
						"0.2": {
							"post": [0.06875, -0.0325, 0],
							"lerp_mode": "catmullrom"
						},
						"0.2667": {
							"post": [0, -0.08, -0.04231],
							"lerp_mode": "catmullrom"
						},
						"0.3": {
							"post": [0.45625, 0.1925, -0.25],
							"lerp_mode": "catmullrom"
						},
						"0.3667": {
							"post": [-0.125, -0.0675, 2],
							"lerp_mode": "catmullrom"
						},
						"0.4333": {
							"post": [-0.05625, -0.0325, 0.46706],
							"lerp_mode": "catmullrom"
						},
						"0.4667": {
							"post": [0.04063, 0.025, 0.18269],
							"lerp_mode": "catmullrom"
						},
						"0.5667": {
							"post": [-0.0375, 0.0325, 0.0625],
							"lerp_mode": "catmullrom"
						},
						"0.7": {
							"post": [-0.03125, 0, 0],
							"lerp_mode": "catmullrom"
						},
						"0.8": {
							"post": [0.05325, -0.015, -0.01],
							"lerp_mode": "catmullrom"
						},
						"1.0": [0, 0, 0]
					}
				}
			},
			"sound_effects": {
				"0.0667": {
					"effect": "bf1:liu/boltback"
				}
			}
		},
		"reload_loop": {
			"loop": true,
			"animation_length": 0.4333,
			"bones": {
				"root": {
					"rotation": {
						"0.0": {
							"post": [-16.40459, -7.73289, -4.10485],
							"lerp_mode": "catmullrom"
						},
						"0.2333": {
							"post": [-16.65, -7.98, -2.85],
							"lerp_mode": "catmullrom"
						},
						"0.2667": {
							"post": [-14.305, -7.98, -3.6],
							"lerp_mode": "catmullrom"
						},
						"0.3667": {
							"post": [-16.4, -7.73, -4.1],
							"lerp_mode": "catmullrom"
						},
						"0.4333": {
							"post": [-16.40459, -7.73289, -4.10485],
							"lerp_mode": "catmullrom"
						}
					},
					"position": {
						"0.0": {
							"post": [-2.1, -4.19, 4.72],
							"lerp_mode": "catmullrom"
						},
						"0.2667": {
							"post": [-2.1, -4.19, 4.72],
							"lerp_mode": "catmullrom"
						},
						"0.3": {
							"post": [-2.1, -4.3775, 4.72],
							"lerp_mode": "catmullrom"
						},
						"0.4333": {
							"post": [-2.1, -4.19, 4.72],
							"lerp_mode": "catmullrom"
						}
					}
				},
				"bolt": {
					"position": [0, 0, 5]
				},
				"left_hand": {
					"rotation": {
						"0.0": {
							"post": [115.08, 28.67, 64.66],
							"lerp_mode": "catmullrom"
						}
					},
					"position": [-5, -5.5, -10]
				},
				"right_hand": {
					"rotation": {
						"0.0": [60.00822, -17.71549, 32.63296],
						"0.1667": {
							"pre": [54.90099, -16.07571, 50.04197],
							"post": [54.90099, -16.07571, 50.04197],
							"lerp_mode": "catmullrom"
						},
						"0.2333": {
							"post": [51.12, -16.41, 47.92],
							"lerp_mode": "catmullrom"
						},
						"0.2667": {
							"post": [49.85923, -22.52565, 55.88419],
							"lerp_mode": "catmullrom"
						},
						"0.3": {
							"post": [49.85923, -22.52565, 55.88419],
							"lerp_mode": "catmullrom"
						},
						"0.4333": [60.00822, -17.71549, 32.63296]
					},
					"position": {
						"0.0": [2.75, -2.5, -6.25],
						"0.1333": {
							"pre": [3.5, -2, -6.25],
							"post": [3.5, -2, -6.25],
							"lerp_mode": "catmullrom"
						},
						"0.2": {
							"post": [3.67, -1.75, -7],
							"lerp_mode": "catmullrom"
						},
						"0.2333": {
							"post": [4, -3, -6.5],
							"lerp_mode": "catmullrom"
						},
						"0.3": {
							"post": [4, -2.75, -6.5],
							"lerp_mode": "catmullrom"
						},
						"0.4333": [2.75, -2.5, -6.25]
					}
				},
				"mag": {
					"position": {
						"0.2": [0, 0, 0],
						"0.2667": [0, -0.5, 0],
						"0.3667": [0, 0, 0]
					}
				},
				"bullet6": {
					"rotation": {
						"0.0": [0, 0, 0],
						"0.0667": [-25, 0, 0],
						"0.2333": [0, 0, 0],
						"0.4333": [0, 0, 0]
					},
					"position": {
						"0.0": [0, 0, 0],
						"0.0333": {"pre": [0, 0, 0], "post": [-2, 2, 0]},
						"0.1": [-0.5, 2.75, 0.5],
						"0.2": [0, 2.75, 0.25],
						"0.2333": [-0.25, 1.75, 0],
						"0.3": [-0.25, 1.25, 0]
					}
				},
				"camera": {
					"rotation": {
						"0.0": {
							"post": [0, 0, 0],
							"lerp_mode": "catmullrom"
						},
						"0.0667": {
							"post": [-0.0075, 0.025, 0.0025],
							"lerp_mode": "catmullrom"
						},
						"0.1333": {
							"post": [-0.0325, 0.025, 0.055],
							"lerp_mode": "catmullrom"
						},
						"0.2": {
							"post": [-0.0525, -0.025, 0.1725],
							"lerp_mode": "catmullrom"
						},
						"0.2667": {
							"post": [0.5, -0.025, -0.375],
							"lerp_mode": "catmullrom"
						},
						"0.3333": {
							"post": [0.0675, -0.025, -0.0075],
							"lerp_mode": "catmullrom"
						},
						"0.4333": {
							"post": [0, 0, 0],
							"lerp_mode": "catmullrom"
						}
					}
				}
			},
			"sound_effects": {
				"0.0667": {
					"effect": "bf1:liu/bulletinsert"
				}
			}
		},
		"reload_add": {
			"loop": "hold_on_last_frame",
			"animation_length": 2.1,
			"bones": {
				"root": {
					"rotation": {
						"0.0": [0, 0, 0],
						"1.1": {
							"pre": [-1, 3.5, -1],
							"post": [-1, 3.5, -1],
							"lerp_mode": "catmullrom"
						},
						"1.7": {
							"post": [0, 0.5, 0.25],
							"lerp_mode": "catmullrom"
						},
						"2.1": [0, 0, 0]
					},
					"position": {
						"0.0": [0, 0, 0],
						"2.1": [0, 0, 0]
					}
				}
			}
		},
		"reload_end": {
			"loop": "hold_on_last_frame",
			"animation_length": 1.4,
			"bones": {
				"root": {
					"rotation": {
						"0.0": {
							"post": [-16.40459, -7.73289, -4.10485],
							"lerp_mode": "catmullrom"
						},
						"0.1": {
							"post": [-13.96, -11.28, 1.18],
							"lerp_mode": "catmullrom"
						},
						"0.2": {
							"post": [-6.26292, -23.04122, 15.80146],
							"lerp_mode": "catmullrom"
						},
						"0.3": {
							"post": [-4.31, -24.78, 18.49],
							"lerp_mode": "catmullrom"
						},
						"0.5": {
							"post": [-4.26292, -26.29122, 18.55146],
							"lerp_mode": "catmullrom"
						},
						"0.5667": {
							"post": [-4.26292, -26.47872, 18.55146],
							"lerp_mode": "catmullrom"
						},
						"0.7": {
							"post": [-1.01292, -20.85372, 13.42646],
							"lerp_mode": "catmullrom"
						},
						"0.8333": {
							"post": [0.3375, -6.365, 4.27],
							"lerp_mode": "catmullrom"
						},
						"1.0": {
							"post": [0.6, 0.79, 0.94],
							"lerp_mode": "catmullrom"
						},
						"1.1667": {
							"post": [-0.59, -0.2, -0.11],
							"lerp_mode": "catmullrom"
						},
						"1.2667": {
							"post": [0.19, 0.1, 0],
							"lerp_mode": "catmullrom"
						},
						"1.4": [0, 0, 0]
					},
					"position": {
						"0.0": {
							"post": [-2.1, -4.19, 4.72],
							"lerp_mode": "catmullrom"
						},
						"0.2333": {
							"post": [-0.1, -2.19, 4.72],
							"lerp_mode": "catmullrom"
						},
						"0.4333": {
							"post": [-0.1, -2.19, 4.72],
							"lerp_mode": "catmullrom"
						},
						"0.4667": {
							"post": [-0.1, -2.19, 5.72],
							"lerp_mode": "catmullrom"
						},
						"0.5": {
							"post": [-0.4, -2.24, 6.46],
							"lerp_mode": "catmullrom"
						},
						"0.6": {
							"post": [-1.01, -2.34, 5.22],
							"lerp_mode": "catmullrom"
						},
						"0.7": {
							"post": [-0.85, -2.19, 4.47],
							"lerp_mode": "catmullrom"
						},
						"0.8667": {
							"post": [0, -0.22, -0.33],
							"lerp_mode": "catmullrom"
						},
						"1.0": {
							"post": [0, -0.22, 0.545],
							"lerp_mode": "catmullrom"
						},
						"1.0667": {
							"post": [0, -0.07, 0.445],
							"lerp_mode": "catmullrom"
						},
						"1.1667": {
							"post": [0, -0.07, -0.095],
							"lerp_mode": "catmullrom"
						},
						"1.2667": {
							"post": [0, 0, -0.03],
							"lerp_mode": "catmullrom"
						},
						"1.4": [0, 0, 0]
					}
				},
				"bolt": {
					"position": {
						"0.0": [0, 0, 5],
						"0.4": [0, 0, 5],
						"0.4333": [0, 0, 5.5],
						"0.4667": [0, 0, 0]
					}
				},
				"left_hand": {
					"rotation": {
						"0.6667": [115.08, 28.67, 64.66],
						"0.8667": [95.33028, 20.86487, 48.80027]
					},
					"position": {
						"0.6667": [-5, -5.5, -10],
						"0.8667": [-4.25, -5.75, -8]
					}
				},
				"right_hand": {
					"rotation": {
						"0.0": [60.00822, -17.71549, 32.63296],
						"0.2667": [49.98823, -21.22523, 35.73039],
						"0.4": [49.98823, -21.22523, 35.73039],
						"0.4667": [74.98823, -21.22523, 35.73039],
						"0.6667": [81.67245, -13.18872, -0.49985]
					},
					"position": {
						"0.0": [2.75, -2.5, -6.25],
						"0.1333": [-0.5, -5.75, -1.12],
						"0.2667": [3, -2, -2],
						"0.4": [3, -2, -2],
						"0.4667": [2.25, -2, 1.75],
						"0.6667": [4.5625, -6.75, 5]
					}
				},
				"camera": {
					"rotation": {
						"0.0": {
							"post": [0, 0, 0],
							"lerp_mode": "catmullrom"
						},
						"0.2": {
							"post": [0.5, -0.35905, 0.02956],
							"lerp_mode": "catmullrom"
						},
						"0.3": {
							"post": [0.5, -0.4075, 0],
							"lerp_mode": "catmullrom"
						},
						"0.4": {
							"post": [0.375, -0.31982, 0.27019],
							"lerp_mode": "catmullrom"
						},
						"0.4333": {
							"post": [1, 0.4362, -0.02379],
							"lerp_mode": "catmullrom"
						},
						"0.4667": {
							"post": [1.375, 0.7513, -0.49871],
							"lerp_mode": "catmullrom"
						},
						"0.5": {
							"post": [1.25, 0.5625, 1.68269],
							"lerp_mode": "catmullrom"
						},
						"0.6": {
							"post": [0.25, 0.14958, -0.125],
							"lerp_mode": "catmullrom"
						},
						"0.7": {
							"post": [0.15, -0.0625, 0.0875],
							"lerp_mode": "catmullrom"
						},
						"0.9": {
							"post": [-0.095, -0.1, 0.16],
							"lerp_mode": "catmullrom"
						},
						"0.9667": {
							"post": [-0.225, -0.075, -0.05],
							"lerp_mode": "catmullrom"
						},
						"1.0333": {
							"post": [-0.125, 0.105, 0.36],
							"lerp_mode": "catmullrom"
						},
						"1.1333": {
							"post": [0.045, 0.115, -0.22],
							"lerp_mode": "catmullrom"
						},
						"1.2333": {
							"post": [0.11, 0.085, 0.035],
							"lerp_mode": "catmullrom"
						},
						"1.4": {
							"post": [0, 0, 0],
							"lerp_mode": "catmullrom"
						}
					}
				}
			},
			"sound_effects": {
				"0.0333": {
					"effect": "bf1:liu/boltforward"
				}
			}
		},
		"run_add": {
			"loop": true,
			"animation_length": 2.6667,
			"bones": {
				"root": {
					"rotation": {
						"0.0": {
							"post": [0, 0, 0],
							"lerp_mode": "catmullrom"
						},
						"0.7083": {
							"post": [5.26, 3.57, -1.25],
							"lerp_mode": "catmullrom"
						},
						"1.0833": {
							"post": [-3.59, -6.57, -0.51],
							"lerp_mode": "catmullrom"
						},
						"1.4583": {
							"post": [-5, -12, 0],
							"lerp_mode": "catmullrom"
						},
						"2.0417": {
							"post": [-6.62, 5.5, -7],
							"lerp_mode": "catmullrom"
						},
						"2.6667": {
							"post": [0, 0, 0],
							"lerp_mode": "catmullrom"
						}
					},
					"position": {
						"0.0": {
							"post": [0, 0, 0],
							"lerp_mode": "catmullrom"
						},
						"0.75": {
							"post": [0, 0, 0],
							"lerp_mode": "catmullrom"
						},
						"1.375": {
							"post": [0, 0, 0],
							"lerp_mode": "catmullrom"
						},
						"2.0": {
							"post": [0, 0, 0],
							"lerp_mode": "catmullrom"
						},
						"2.6667": {
							"post": [0, 0, 0],
							"lerp_mode": "catmullrom"
						}
					}
				}
			}
		}
	}
}