{
	"format_version": "1.8.0",
	"animations": {
		"static_idle": {
			"loop": true,
			"bones": {
				"left_hand": {
					"rotation": [98.9995, 22.68297, 53.95428],
					"position": [-5, -5.25, -6.5],
					"scale": [1, 1.25, 1]
				},
				"right_hand": {
					"rotation": [87.46072, -8.75973, 17.90474],
					"position": [5, -5.5, 5.25],
					"scale": [1, 1.25, 1]
				}
			}
		},
		"static_bolt_caught": {
			"loop": true,
			"bones": {
				"wood": {
					"position": [0, 0, 6]
				},
				"mine": {
					"scale": 0
				}
			}
		},
		"melee_push": {
			"animation_length": 7.1,
			"bones": {
				"root": {
					"rotation": {
						"0.0": {
							"post": [-7.42, -60, -2.32],
							"lerp_mode": "catmullrom"
						},
						"0.2333": {
							"post": [-3.16, -18.29, 41.02],
							"lerp_mode": "catmullrom"
						},
						"0.3667": {
							"post": [-0.75, -1.75, 35.75],
							"lerp_mode": "catmullrom"
						},
						"0.6": {
							"post": [0.58, 0.69, 39.715],
							"lerp_mode": "catmullrom"
						},
						"0.8": {
							"post": [1.45, 1, 38.87],
							"lerp_mode": "catmullrom"
						},
						"2.2667": {
							"post": [1.64, 1.27, 39.82],
							"lerp_mode": "catmullrom"
						},
						"3.5": {
							"post": [2.07, 1.92, 39.5],
							"lerp_mode": "catmullrom"
						},
						"4.7333": {
							"post": [1.99, 1.76, 39.1525],
							"lerp_mode": "catmullrom"
						},
						"6.4333": {
							"post": [2, 1.75, 35.75],
							"lerp_mode": "catmullrom"
						},
						"6.7667": {
							"post": [-5.99, 1.43, 20.84],
							"lerp_mode": "catmullrom"
						},
						"6.9333": {
							"post": [0, 0, 3.0625],
							"lerp_mode": "catmullrom"
						},
						"7.1": {
							"post": [0, 0, 0],
							"lerp_mode": "catmullrom"
						}
					},
					"position": {
						"0.0": {
							"post": [-6.09793, -4, -1],
							"lerp_mode": "catmullrom"
						},
						"0.1": {
							"post": [0.15, 1.22, 1.5],
							"lerp_mode": "catmullrom"
						},
						"0.2667": {
							"post": [-1.5, 3, 3.5],
							"lerp_mode": "catmullrom"
						},
						"0.3667": {
							"post": [-1.5, 3, 3.5],
							"lerp_mode": "catmullrom"
						},
						"1.4333": {
							"post": [-1.655, 3.24, 3.5],
							"lerp_mode": "catmullrom"
						},
						"4.7333": {
							"post": [-1.665, 3.23, 3.5],
							"lerp_mode": "catmullrom"
						},
						"6.3": {
							"post": [-1.375, 3.125, 3.5],
							"lerp_mode": "catmullrom"
						},
						"6.7333": {
							"post": [-1.175, 0.51, 3.25],
							"lerp_mode": "catmullrom"
						},
						"6.9": {
							"post": [-0.25, 0.125, 0.5],
							"lerp_mode": "catmullrom"
						},
						"7.1": {
							"post": [0, 0, 0],
							"lerp_mode": "catmullrom"
						}
					}
				}
			},
			"sound_effects": {
				"0.0": {
					"effect": "bf1:lunge_mine/bayonet_charge_2_1"
				}
			}
		},
		"run_start": {
			"loop": "hold_on_last_frame",
			"animation_length": 0.3333,
			"bones": {
				"root": {
					"rotation": {
						"0.0": {
							"post": [0, 0, 0],
							"lerp_mode": "catmullrom"
						},
						"0.1667": {
							"post": [-1, -18.21, 8.21],
							"lerp_mode": "catmullrom"
						},
						"0.3333": {
							"post": [-6.95, -53.23, -3.26],
							"lerp_mode": "catmullrom"
						}
					},
					"position": {
						"0.0": {
							"post": [0, 0, 0],
							"lerp_mode": "catmullrom"
						},
						"0.125": {
							"post": [0.3775, -3.89, 1.33],
							"lerp_mode": "catmullrom"
						},
						"0.3333": {
							"post": [-1.9, -4.03, -0.7],
							"lerp_mode": "catmullrom"
						}
					}
				},
				"left_hand": {
					"rotation": {
						"0.0": [0, 0, 0],
						"0.3333": [63.72278, 10.67897, 36.62028]
					},
					"position": {
						"0.0": [0, 0, 0],
						"0.3333": [-1, -0.5, -1]
					}
				}
			}
		},
		"run": {
			"loop": true,
			"animation_length": 0.6667,
			"bones": {
				"root": {
					"rotation": {
						"0.0": {
							"post": [-8, -59.1642, -5.47422],
							"lerp_mode": "catmullrom"
						},
						"0.125": {
							"post": [-8, -61.70025, -5.02187],
							"lerp_mode": "catmullrom"
						},
						"0.25": {
							"post": [-6.8375, -61.70025, -2.5],
							"lerp_mode": "catmullrom"
						},
						"0.4167": {
							"post": [-8, -58.13625, -2.5],
							"lerp_mode": "catmullrom"
						},
						"0.5417": {
							"post": [-6.8375, -56.79975, -2.89687],
							"lerp_mode": "catmullrom"
						},
						"0.6667": {
							"post": [-8, -59.1642, -5.47422],
							"lerp_mode": "catmullrom"
						}
					},
					"position": {
						"0.0": {
							"post": [-2.21697, -4, -1],
							"lerp_mode": "catmullrom"
						},
						"0.0833": {
							"post": [-2.21697, -3.875, -1],
							"lerp_mode": "catmullrom"
						},
						"0.2083": {
							"post": [-4.12219, -5, -1],
							"lerp_mode": "catmullrom"
						},
						"0.3333": {
							"post": [-6.09793, -4, -1],
							"lerp_mode": "catmullrom"
						},
						"0.4167": {
							"post": [-6.09793, -3.875, -1],
							"lerp_mode": "catmullrom"
						},
						"0.5417": {
							"post": [-4.12219, -5, -1],
							"lerp_mode": "catmullrom"
						},
						"0.6667": {
							"post": [-2.21697, -4, -1],
							"lerp_mode": "catmullrom"
						}
					}
				},
				"left_hand": {
					"rotation": [63.72278, 10.67897, 36.62028],
					"position": [-1, -0.5, -1]
				}
			}
		},
		"run_hold": {
			"loop": "hold_on_last_frame",
			"bones": {
				"root": {
					"rotation": [-8, -59.1642, -5.47422],
					"position": [-2.21697, -4, -1]
				},
				"left_hand": {
					"rotation": [63.72278, 10.67897, 36.62028],
					"position": [-1, -0.5, -1]
				}
			}
		},
		"run_add": {
			"loop": true,
			"animation_length": 2.6667,
			"bones": {
				"root": {
					"rotation": {
						"0.0": {
							"post": [0, 0, 0],
							"lerp_mode": "catmullrom"
						},
						"1.4167": {
							"post": [-1, 3, 7.5],
							"lerp_mode": "catmullrom"
						},
						"2.6667": {
							"post": [0, 0, 0],
							"lerp_mode": "catmullrom"
						}
					},
					"position": {
						"0.0": {
							"post": [0, 0, 0],
							"lerp_mode": "catmullrom"
						},
						"0.75": {
							"post": [0.25, -0.25, -0.125],
							"lerp_mode": "catmullrom"
						},
						"1.375": {
							"post": [0.5625, -1.25, -0.375],
							"lerp_mode": "catmullrom"
						},
						"2.0": {
							"post": [0.25, -0.625, -0.1875],
							"lerp_mode": "catmullrom"
						},
						"2.6667": {
							"post": [0, 0, 0],
							"lerp_mode": "catmullrom"
						}
					}
				}
			}
		},
		"run_end": {
			"loop": "hold_on_last_frame",
			"animation_length": 0.65,
			"bones": {
				"root": {
					"rotation": {
						"0.0": [-15.07, -19.06, 18.3],
						"0.05": [-11.69, -14.15, 13.18],
						"0.1": [-6.99, -7.36, 6.13],
						"0.15": [-3.18, -2.12, 1],
						"0.2": [-0.53, 0.39, -0.08],
						"0.25": [0.6, 0.79, 0.94],
						"0.3": [0.34, 0.79, 0.44],
						"0.35": [-0.19, 0.28, 0.13],
						"0.4": [-0.59, -0.2, -0.11],
						"0.45": [-0.25, -0.11, -0.09],
						"0.5": [0.19, 0.1, 0],
						"0.55": [0.19, 0.09, 0.01],
						"0.6": [0.09, 0.04, 0],
						"0.65": [0, 0, 0]
					},
					"position": {
						"0.0": [-1.59, -6.33, -2.14],
						"0.05": [-1.06, -4.85, -2.36],
						"0.1": [-0.47, -3.18, -2.56],
						"0.15": [0, -1.69, -2.39],
						"0.2": [0.03, -0.87, -0.66],
						"0.25": [0, -0.22, 0.92],
						"0.3": [0, -0.07, 0.82],
						"0.35": [0, -0.06, 0.23],
						"0.4": [0, -0.07, -0.22],
						"0.45": [0, -0.03, -0.2],
						"0.5": [0, 0, -0.03],
						"0.55": [0, 0.01, -0.01],
						"0.6": [0, 0, 0],
						"0.65": [0, 0, 0]
					}
				},
				"left_hand": {
					"rotation": {
						"0.0": [63.72278, 10.67897, 36.62028],
						"0.1": [10.25, 3.25, 5],
						"0.15": [0, 0, 0]
					},
					"position": {
						"0.0": [-1, -0.5, -1],
						"0.15": [0, 0, 0]
					}
				},
				"camera": {
					"rotation": {
						"0.2": {
							"pre": [0, 0, 0],
							"post": [0, 0, 0],
							"lerp_mode": "catmullrom"
						},
						"0.25": {
							"post": [0, 0, 0.3],
							"lerp_mode": "catmullrom"
						},
						"0.3": {
							"post": [0, 0, -0.125],
							"lerp_mode": "catmullrom"
						},
						"0.4": {
							"post": [0, 0, 0],
							"lerp_mode": "catmullrom"
						}
					}
				}
			}
		}
	}
}