{
	"format_version": "1.8.0",
	"animations": {
		"static_idle": {
			"loop": true,
			"animation_length": 0.7333,
			"bones": {
				"right_hand": {
					"rotation": [92.96328, -1.91921, -0.8818],
					"position": [-3, -13.25, 2],
					"scale": [1, 1.25, 1]
				},
				"left_hand": {
					"rotation": [88.03839, 15.22028, -1.32107],
					"position": [-13.5625, -13.5, -13.625],
					"scale": [1, 1.25, 1]
				},
				"spark1": {
					"position": {
						"0.0": [0, 0, 0],
						"0.0333": [0.48, 0, 0.05],
						"0.3": [0, 0, -0.5],
						"0.3333": [0.48, 0, 0.05],
						"0.6": [-0.25, 0, -0.5]
					},
					"scale": {
						"0.0": [0, 0, 0],
						"0.0333": {
							"pre": [1.5, 1.5, 1.5],
							"post": [1.5, 1.5, 1.5],
							"lerp_mode": "catmullrom"
						},
						"0.2667": {
							"post": [1.25, 1.25, 1.25],
							"lerp_mode": "catmullrom"
						},
						"0.3": [0, 0, 0],
						"0.3333": {
							"pre": [1.5, 1.5, 1.5],
							"post": [1.5, 1.5, 1.5],
							"lerp_mode": "catmullrom"
						},
						"0.5667": {
							"post": [1.25, 1.25, 1.25],
							"lerp_mode": "catmullrom"
						},
						"0.6": [0, 0, 0]
					}
				},
				"spark2": {
					"position": {
						"0.1333": [0, 0, 0],
						"0.1667": [-0.02, -1, 0.05],
						"0.4333": [0, 0, -0.5],
						"0.4667": [-0.02, -1, 0.05],
						"0.7333": [-0.25, 0, -0.5]
					},
					"scale": {
						"0.1333": [0, 0, 0],
						"0.1667": {
							"pre": [1.5, 1.5, 1.5],
							"post": [1.5, 1.5, 1.5],
							"lerp_mode": "catmullrom"
						},
						"0.4": {
							"post": [1.25, 1.25, 1.25],
							"lerp_mode": "catmullrom"
						},
						"0.4333": [0, 0, 0],
						"0.4667": {
							"pre": [1.5, 1.5, 1.5],
							"post": [1.5, 1.5, 1.5],
							"lerp_mode": "catmullrom"
						},
						"0.7": {
							"post": [1.25, 1.25, 1.25],
							"lerp_mode": "catmullrom"
						},
						"0.7333": [0, 0, 0]
					}
				},
				"spark3": {
					"position": {
						"0.1": [0, 0, 0],
						"0.1333": [-0.27, 0, 0.05],
						"0.4": [0, 0, -0.5],
						"0.4333": [-0.27, 0, 0.05],
						"0.7": [-0.25, 0, -0.5]
					},
					"scale": {
						"0.1": [0, 0, 0],
						"0.1333": {
							"pre": [1.5, 1.5, 1.5],
							"post": [1.5, 1.5, 1.5],
							"lerp_mode": "catmullrom"
						},
						"0.3667": {
							"post": [1.25, 1.25, 1.25],
							"lerp_mode": "catmullrom"
						},
						"0.4": [0, 0, 0],
						"0.4333": {
							"pre": [1.5, 1.5, 1.5],
							"post": [1.5, 1.5, 1.5],
							"lerp_mode": "catmullrom"
						},
						"0.6667": {
							"post": [1.25, 1.25, 1.25],
							"lerp_mode": "catmullrom"
						},
						"0.7": [0, 0, 0]
					}
				},
				"spark_illuminated": {
					"rotation": [-90, -7.5, 0],
					"scale": 0.01
				},
				"bullet": {
					"scale": 0
				}
			}
		},
		"reload": {
			"loop": "hold_on_last_frame",
			"animation_length": 5.6333,
			"bones": {
				"right_hand": {
					"rotation": {
						"0.0": [92.96328, -1.91921, -0.8818],
						"0.4333": {
							"pre": [22.9542, 10.24339, 66.68745],
							"post": [22.9542, 10.24339, 66.68745],
							"lerp_mode": "catmullrom"
						},
						"0.6": {
							"post": [24.06155, 7.71736, 73.39981],
							"lerp_mode": "catmullrom"
						},
						"0.7333": {
							"post": [27.4542, 11.24339, 66.68745],
							"lerp_mode": "catmullrom"
						},
						"0.9667": {
							"post": [9.9542, 10.24339, 66.68745],
							"lerp_mode": "catmullrom"
						},
						"1.1333": {
							"post": [6.9542, 10.24339, 66.68745],
							"lerp_mode": "catmullrom"
						},
						"1.1667": {
							"post": [59.9542, 10.24339, 66.68745],
							"lerp_mode": "catmullrom"
						},
						"1.2667": {
							"post": [88.87994, 10.36762, 66.46093],
							"lerp_mode": "catmullrom"
						},
						"1.4": {
							"post": [37.62994, 10.36762, 66.46093],
							"lerp_mode": "catmullrom"
						},
						"1.6": [18.55198, 13.91267, 47.24677],
						"1.7": [18.55, 3.16, 47.25],
						"1.8": [6.86448, 2.16267, 47.24677],
						"1.8333": [24.39, 13.9, 48.58],
						"2.0333": {
							"pre": [76.19874, 11.29761, 57.52042],
							"post": [76.19874, 11.29761, 57.52042],
							"lerp_mode": "catmullrom"
						},
						"2.4": {
							"post": [62.62757, -16.41773, 20.96731],
							"lerp_mode": "catmullrom"
						},
						"2.6667": [101.24485, -46.20296, -29.76999],
						"2.9333": [101.24485, -46.20296, -29.76999],
						"3.1333": {
							"pre": [104.45, -27.23, -29.12],
							"post": [104.45, -27.23, -29.12],
							"lerp_mode": "catmullrom"
						},
						"3.2667": {
							"post": [108.63, -38.35, -28.28],
							"lerp_mode": "catmullrom"
						},
						"3.4333": {
							"post": [107.74485, -46.20296, -29.76999],
							"lerp_mode": "catmullrom"
						},
						"3.6": {
							"post": [81.1581, -72.49387, -47.18759],
							"lerp_mode": "catmullrom"
						},
						"3.8333": {
							"post": [82.1581, -72.49387, -47.18759],
							"lerp_mode": "catmullrom"
						},
						"3.9333": {
							"post": [82.1581, -72.49387, -47.18759],
							"lerp_mode": "catmullrom"
						},
						"4.1": {
							"post": [114.1581, -72.49387, -47.18759],
							"lerp_mode": "catmullrom"
						},
						"4.3": {
							"post": [82.1581, -72.49387, -47.18759],
							"lerp_mode": "catmullrom"
						},
						"4.4333": {
							"post": [112.3456, -72.49387, -47.18759],
							"lerp_mode": "catmullrom"
						},
						"4.4667": {
							"post": [114.1575, -72.49, -47.19],
							"lerp_mode": "catmullrom"
						},
						"4.5333": {
							"post": [119.3456, -72.49387, -47.18759],
							"lerp_mode": "catmullrom"
						},
						"4.8": {
							"post": [121.6581, -72.49387, -47.18759],
							"lerp_mode": "catmullrom"
						},
						"5.0667": [92.96328, -1.91921, -0.8818]
					},
					"position": {
						"0.0": [-3, -13.25, 2],
						"0.3": {
							"pre": [-6.64, -12, -9],
							"post": [-6.64, -12, -9],
							"lerp_mode": "catmullrom"
						},
						"0.4": {
							"post": [-6.875, -11.25, -17.25],
							"lerp_mode": "catmullrom"
						},
						"0.5333": {
							"post": [-6.99, -10.5175, -18.82],
							"lerp_mode": "catmullrom"
						},
						"0.5667": {
							"post": [-6.5, -10.75, -18.875],
							"lerp_mode": "catmullrom"
						},
						"0.6": {
							"post": [0, -16, -18],
							"lerp_mode": "catmullrom"
						},
						"0.7333": {
							"post": [-1, -15.625, -18],
							"lerp_mode": "catmullrom"
						},
						"0.8667": {
							"post": [-7, -12.75, -18],
							"lerp_mode": "catmullrom"
						},
						"1.0": {
							"post": [-4, -8.75, -18],
							"lerp_mode": "catmullrom"
						},
						"1.1333": {
							"post": [-4.25, -8.75, -18],
							"lerp_mode": "catmullrom"
						},
						"1.1667": {
							"post": [-11, -13, -23],
							"lerp_mode": "catmullrom"
						},
						"1.2333": {
							"post": [-14.75, -17.25, -26],
							"lerp_mode": "catmullrom"
						},
						"1.3333": {
							"post": [-14.92, -19.37, -25.13],
							"lerp_mode": "catmullrom"
						},
						"1.4": {
							"post": [-12.66, -17.01, -23.28],
							"lerp_mode": "catmullrom"
						},
						"1.5": {
							"post": [-7.125, -12.3125, -19.3125],
							"lerp_mode": "catmullrom"
						},
						"1.6": [-5.5, -12.5, -18.5],
						"1.8333": [-5.5, -12.5, -19.0625],
						"1.8667": {
							"pre": [-6, -11.5, -20],
							"post": [-6, -11.5, -20],
							"lerp_mode": "catmullrom"
						},
						"1.9333": {
							"post": [-11, -15.75, -26],
							"lerp_mode": "catmullrom"
						},
						"2.0333": {
							"post": [-13.46, -15.8425, -25.9225],
							"lerp_mode": "catmullrom"
						},
						"2.2333": {
							"post": [-11.76, -13.17, -23.19],
							"lerp_mode": "catmullrom"
						},
						"2.4": [-3.5, -11.25, -21],
						"2.6667": [-3.5, -11.25, -21],
						"2.9333": [-3.5, -11.25, -21],
						"3.0": {
							"pre": [-3.8725, -12.75, -20.41],
							"post": [-3.8725, -12.75, -20.41],
							"lerp_mode": "catmullrom"
						},
						"3.0667": {
							"post": [-5.98, -19.53, -19.73],
							"lerp_mode": "catmullrom"
						},
						"3.2": {
							"post": [-6.5, -19.75, -19],
							"lerp_mode": "catmullrom"
						},
						"3.4": {
							"post": [-4.45, -15.28, -23.28],
							"lerp_mode": "catmullrom"
						},
						"3.5": {
							"post": [-1.97, -10.03, -23.61],
							"lerp_mode": "catmullrom"
						},
						"3.6667": [-1.87, -9.81, -23.36],
						"3.8": [-1.97, -10.03, -22.36],
						"3.9": [-1.97, -10.03, -22.36],
						"4.1": [-1.97, -10.03, -22.11],
						"4.2667": [-1.97, -10.03, -22.11],
						"4.4333": [-1.97, -10.03, -21.06],
						"4.6333": [-1.97, -10.03, -21.06],
						"4.7333": {
							"pre": [-3.72, -10.78, -19.06],
							"post": [-3.72, -10.78, -19.06],
							"lerp_mode": "catmullrom"
						},
						"4.8333": {
							"post": [-14.66, -15.68, -5.69],
							"lerp_mode": "catmullrom"
						},
						"5.0667": [-3, -13.25, 2]
					},
					"scale": [1, 1.25, 1]
				},
				"left_hand": {
					"rotation": [88.03839, 15.22028, -1.32107],
					"position": [-13.5625, -13.5, -13.625],
					"scale": [1, 1.25, 1]
				},
				"root": {
					"rotation": {
						"0.0": [0, 0, 0],
						"0.3667": {
							"pre": [-15.69284, 32.63547, -5.4153],
							"post": [-15.69284, 32.63547, -5.4153],
							"lerp_mode": "catmullrom"
						},
						"0.5667": {
							"post": [-15.69284, 32.63547, -5.4153],
							"lerp_mode": "catmullrom"
						},
						"0.6667": {
							"post": [-15.69, 29.72, -5.42],
							"lerp_mode": "catmullrom"
						},
						"1.0667": {
							"post": [-15.69284, 34.63547, -5.4153],
							"lerp_mode": "catmullrom"
						},
						"1.1333": {
							"post": [-15.69284, 34.63547, -5.4153],
							"lerp_mode": "catmullrom"
						},
						"1.2": {
							"post": [-7.9075, 39.19, -9.1075],
							"lerp_mode": "catmullrom"
						},
						"1.3333": {
							"post": [-7.9075, 39.19, -9.1075],
							"lerp_mode": "catmullrom"
						},
						"1.5": {
							"post": [-6.9275, 37.48, -5.43],
							"lerp_mode": "catmullrom"
						},
						"1.7": {
							"post": [-5.69284, 36.88547, -5.4153],
							"lerp_mode": "catmullrom"
						},
						"1.8333": {
							"post": [-5.22, 39.315, -5.2325],
							"lerp_mode": "catmullrom"
						},
						"1.8667": {
							"post": [-5.1575, 39.5025, -5.23],
							"lerp_mode": "catmullrom"
						},
						"1.9333": {
							"post": [-5.13, 38.8075, -5.23],
							"lerp_mode": "catmullrom"
						},
						"2.1": {
							"post": [-5.1575, 40.565, -5.23],
							"lerp_mode": "catmullrom"
						},
						"2.3667": {
							"post": [-5.94, 47.88, -5.25],
							"lerp_mode": "catmullrom"
						},
						"2.5333": {
							"post": [-5.94, 47.88, -5.25],
							"lerp_mode": "catmullrom"
						},
						"2.7667": {
							"post": [-6.94, 47.88, -5.25],
							"lerp_mode": "catmullrom"
						},
						"2.8333": {
							"post": [-6.94, 43.13, -5.25],
							"lerp_mode": "catmullrom"
						},
						"3.0667": {
							"post": [-7.7675, 43.94, -5.36],
							"lerp_mode": "catmullrom"
						},
						"3.3": {
							"post": [-13.455, 44.43, -5.41],
							"lerp_mode": "catmullrom"
						},
						"3.6": {
							"post": [-15.13, 44.29, -5.53],
							"lerp_mode": "catmullrom"
						},
						"3.9": {
							"post": [-15.13, 44.29, -5.53],
							"lerp_mode": "catmullrom"
						},
						"4.1": {
							"post": [-15.13, 43.04, -2.53],
							"lerp_mode": "catmullrom"
						},
						"4.2667": {
							"post": [-15.09, 44.52, -4.04],
							"lerp_mode": "catmullrom"
						},
						"4.4333": {
							"post": [-12.3175, 42.8525, 2.095],
							"lerp_mode": "catmullrom"
						},
						"4.8": {
							"post": [-15.69284, 40.88547, -5.4153],
							"lerp_mode": "catmullrom"
						},
						"5.0": {
							"post": [-12.0425, 8.53, -0.405],
							"lerp_mode": "catmullrom"
						},
						"5.2": {
							"post": [-3.1875, 0.4875, 1.8375],
							"lerp_mode": "catmullrom"
						},
						"5.3333": {
							"post": [0, 0, -0.0625],
							"lerp_mode": "catmullrom"
						},
						"5.5": {
							"post": [0, 0, -0.1875],
							"lerp_mode": "catmullrom"
						},
						"5.6333": [0, 0, 0]
					},
					"position": {
						"0.0": [0, 0, 0],
						"0.1333": {
							"pre": [7.4375, -3.75, 1.9375],
							"post": [7.4375, -3.75, 1.9375],
							"lerp_mode": "catmullrom"
						},
						"0.2": {
							"post": [11.6075, -3.7, 3.935],
							"lerp_mode": "catmullrom"
						},
						"0.3333": {
							"post": [14.0625, -2.6875, 5.375],
							"lerp_mode": "catmullrom"
						},
						"0.4667": {
							"post": [14.25, -2.9375, 6],
							"lerp_mode": "catmullrom"
						},
						"0.5667": {
							"post": [14.55, -3.21, 6.05],
							"lerp_mode": "catmullrom"
						},
						"0.6": {
							"post": [15.8275, -3.29, 6.05],
							"lerp_mode": "catmullrom"
						},
						"0.8333": {
							"post": [15.5, -4, 6],
							"lerp_mode": "catmullrom"
						},
						"1.1333": {
							"post": [15.5, -3.5, 6],
							"lerp_mode": "catmullrom"
						},
						"1.2": {
							"post": [15.5, -1.75, 6],
							"lerp_mode": "catmullrom"
						},
						"1.4333": {
							"post": [15.5, -1.75, 6],
							"lerp_mode": "catmullrom"
						},
						"1.6667": {
							"post": [15.66, -0.6, 6.06],
							"lerp_mode": "catmullrom"
						},
						"1.8333": {
							"post": [15.67, -0.43, 6.06],
							"lerp_mode": "catmullrom"
						},
						"2.1333": {
							"post": [16.3575, -0.43, 6.06],
							"lerp_mode": "catmullrom"
						},
						"2.4333": {
							"post": [17.16, -0.6, 6.06],
							"lerp_mode": "catmullrom"
						},
						"2.8": {
							"post": [17.3, -1.06, 6.1],
							"lerp_mode": "catmullrom"
						},
						"2.8667": {
							"post": [17.55, -1.06, 6.1],
							"lerp_mode": "catmullrom"
						},
						"3.0": {
							"post": [16.8, -1.06, 6.1],
							"lerp_mode": "catmullrom"
						},
						"3.2333": {
							"post": [15.8, -1.2475, 6.1],
							"lerp_mode": "catmullrom"
						},
						"3.5": {
							"post": [16.41, -3.465, 6.27],
							"lerp_mode": "catmullrom"
						},
						"3.6667": {
							"post": [16.51, -3.74, 6.3],
							"lerp_mode": "catmullrom"
						},
						"4.1": {
							"post": [16.51, -3.69, 6.3],
							"lerp_mode": "catmullrom"
						},
						"4.2667": {
							"post": [16.52, -3.61, 6.3],
							"lerp_mode": "catmullrom"
						},
						"4.4333": {
							"post": [16.51, -3.69, 6.3],
							"lerp_mode": "catmullrom"
						},
						"4.8667": {
							"post": [15.5, -4, 6],
							"lerp_mode": "catmullrom"
						},
						"5.0333": {
							"post": [3.7375, -0.0125, 1.09],
							"lerp_mode": "catmullrom"
						},
						"5.1667": {
							"post": [0.3125, 0.1875, -0.6375],
							"lerp_mode": "catmullrom"
						},
						"5.3667": {
							"post": [0, 0, 0.75],
							"lerp_mode": "catmullrom"
						},
						"5.5": {
							"post": [0, 0, 0],
							"lerp_mode": "catmullrom"
						},
						"5.6333": [0, 0, 0]
					}
				},
				"plug": {
					"rotation": {
						"1.8333": [0, 0, 0],
						"1.9333": [-0.74308, 22.4951, -60.29721],
						"2.1333": [-2.0596, -0.0096, -180.03857],
						"2.3667": [0, 0, 0],
						"2.5333": [0, 22.5, -27.5],
						"2.6333": [0, 0, 0]
					},
					"position": {
						"1.8333": [0, 0, 0],
						"1.9667": {
							"pre": [-0.45, -1.6, -10.4],
							"post": [-0.45, -1.6, -10.4],
							"lerp_mode": "catmullrom"
						},
						"2.2": {
							"post": [-1.5, -20.5, -14],
							"lerp_mode": "catmullrom"
						},
						"2.4667": [0, 0, 0],
						"2.5333": [0, 0, 0]
					}
				},
				"lid": {
					"rotation": {
						"0.5667": [0, 0, 0],
						"0.6667": {
							"pre": [0, 0, -90],
							"post": [0, 0, 90]
						},
						"0.7333": [0, 0, 30],
						"0.8": [0, 0, 8],
						"0.8667": [0, 0, 0],
						"1.0667": [0, 0, 0],
						"1.2333": [-13.25, 45, -99],
						"1.5667": [0, 0, 0],
						"3.2667": [0, 0, 0],
						"3.3333": {
							"pre": [0, 27.75, 0],
							"post": [0, 27.75, 0],
							"lerp_mode": "catmullrom"
						},
						"3.4667": {
							"post": [-17.25, 12.5, -65.5],
							"lerp_mode": "catmullrom"
						},
						"3.6333": {
							"post": [0, 0, -57],
							"lerp_mode": "catmullrom"
						},
						"3.9": [0, 0, -56.75],
						"4.1": {
							"pre": [0, 0, -15],
							"post": [0, 0, -105]
						},
						"4.3": [0, 0, -105],
						"4.3667": [0, 0, -86.62],
						"4.4333": [0, 0, -11.75],
						"4.5333": [0, 0, 0]
					},
					"position": {
						"0.5333": [0, 0, 0],
						"0.8667": [0, 0, -0.75],
						"1.1333": [0, 0, -0.75],
						"1.2333": {
							"pre": [-0.6875, -3.3125, -9],
							"post": [-0.6875, -3.3125, -9],
							"lerp_mode": "catmullrom"
						},
						"1.3667": {
							"post": [-7.385, -27.11, -16.4625],
							"lerp_mode": "catmullrom"
						},
						"1.4667": [-7, -34, -18],
						"3.3333": [-7, -34, -18],
						"3.3667": [-1.83, -5.92, -2.42],
						"3.4667": [0, -0.5625, -3],
						"3.5333": [0, 0.5575, -2.69],
						"3.6667": [0, 0, -2.0625],
						"3.8": [0, 0, -0.5],
						"3.9": [0, 0, -0.5],
						"4.1": [0, 0, -0.25],
						"4.2667": [0, 0, -0.25],
						"4.4667": [0, 0, 0]
					}
				},
				"right_mag": {
					"rotation": {
						"2.0333": [0, 0, 0],
						"2.3": {
							"pre": [0, 0, 0],
							"post": [0, 0, 0],
							"lerp_mode": "catmullrom"
						},
						"2.5667": {
							"post": [-15, 0, 0],
							"lerp_mode": "catmullrom"
						},
						"2.6667": {
							"post": [-1.76, 0, 0],
							"lerp_mode": "catmullrom"
						},
						"2.8": [0, 0, 0]
					},
					"position": {
						"2.0333": [0, 0, 0],
						"2.2": {
							"pre": [0, -12, 0],
							"post": [0, -12, 0],
							"lerp_mode": "catmullrom"
						},
						"2.3667": {
							"post": [-3.25, -4.32, -0.75],
							"lerp_mode": "catmullrom"
						},
						"2.5": {
							"post": [0, -1, -1],
							"lerp_mode": "catmullrom"
						},
						"2.6333": [0, 0, -1],
						"2.7667": [0, 0, -1],
						"2.8": [0, 0, 0]
					}
				},
				"bullet": {
					"rotation": {
						"1.3333": [-12.5, 0, 0],
						"1.3667": [0, 0, 0],
						"2.2667": [0, 0, 0]
					},
					"position": [3, 14, -2],
					"scale": {
						"2.2667": [1, 1, 1],
						"2.3": [0, 0, 0]
					}
				},
				"spark_illuminated": {
					"scale": 0
				},
				"camera": {
					"rotation": {
						"0.0": {
							"post": [0, 0, 0],
							"lerp_mode": "catmullrom"
						},
						"0.2667": {
							"post": [0.375, -0.25, 0.25],
							"lerp_mode": "catmullrom"
						},
						"0.5333": {
							"post": [0.35, -0.18, 0.31],
							"lerp_mode": "catmullrom"
						},
						"0.5667": {
							"post": [0.375, -0.25, 1],
							"lerp_mode": "catmullrom"
						},
						"0.6333": {
							"post": [0.88, -1.5, -0.75],
							"lerp_mode": "catmullrom"
						},
						"0.8": {
							"post": [0.38, -1.15, 0.49],
							"lerp_mode": "catmullrom"
						},
						"0.9333": {
							"post": [0.28, -0.28, 0.29],
							"lerp_mode": "catmullrom"
						},
						"1.1333": {
							"post": [0.875, -0.25, 0.25],
							"lerp_mode": "catmullrom"
						},
						"1.1667": {
							"post": [1.48, 0.44, -0.79],
							"lerp_mode": "catmullrom"
						},
						"1.2": {
							"post": [1.63, 0.78, 1.25],
							"lerp_mode": "catmullrom"
						},
						"1.3667": {
							"post": [0.88, 0.21, -0.23],
							"lerp_mode": "catmullrom"
						},
						"1.6": {
							"post": [0.77, 0.11, -0.23],
							"lerp_mode": "catmullrom"
						},
						"1.8": {
							"post": [0.85, 0.02, -0.15],
							"lerp_mode": "catmullrom"
						},
						"1.8667": {
							"post": [1.44, 0.68, -0.64],
							"lerp_mode": "catmullrom"
						},
						"1.9": {
							"post": [1.61, 0.89, 0.87],
							"lerp_mode": "catmullrom"
						},
						"2.0667": {
							"post": [0.89, 0.16, -0.07],
							"lerp_mode": "catmullrom"
						},
						"2.4": {
							"post": [0.64, -0.6525, 0.18],
							"lerp_mode": "catmullrom"
						},
						"2.7667": {
							"post": [0.88, 0.14, -0.02],
							"lerp_mode": "catmullrom"
						},
						"2.8333": {
							"post": [1.4, -1.09, -0.5],
							"lerp_mode": "catmullrom"
						},
						"3.0333": {
							"post": [1.21, 0.1675, 0.48],
							"lerp_mode": "catmullrom"
						},
						"3.2333": {
							"post": [0.9, 0.2725, 0.03],
							"lerp_mode": "catmullrom"
						},
						"3.5333": {
							"post": [1.53, -0.01, -0.04],
							"lerp_mode": "catmullrom"
						},
						"3.7": {
							"post": [0.74, 0.15, -0.06],
							"lerp_mode": "catmullrom"
						},
						"3.8333": {
							"post": [-0.0475, 0.28, -0.22],
							"lerp_mode": "catmullrom"
						},
						"3.9667": {
							"post": [0.05, 0.3, 1.77],
							"lerp_mode": "catmullrom"
						},
						"4.0": {
							"post": [0.05, 0.3, 1.94],
							"lerp_mode": "catmullrom"
						},
						"4.0333": {
							"post": [0.05, 0.3, 1.6475],
							"lerp_mode": "catmullrom"
						},
						"4.1": {
							"post": [0.05, 0.3, 1.77],
							"lerp_mode": "catmullrom"
						},
						"4.1667": {
							"post": [0.14, 0.28, 0.28],
							"lerp_mode": "catmullrom"
						},
						"4.3333": {
							"post": [0.14, 0.28, 0.28],
							"lerp_mode": "catmullrom"
						},
						"4.4": {
							"post": [-0.1, 0.21, 1.9875],
							"lerp_mode": "catmullrom"
						},
						"4.4667": {
							"post": [-0.1, 0.21, 2.2375],
							"lerp_mode": "catmullrom"
						},
						"4.5": {
							"post": [-0.1, 0.21, 2.7725],
							"lerp_mode": "catmullrom"
						},
						"4.5667": {
							"post": [-0.1, 0.21, 2.675],
							"lerp_mode": "catmullrom"
						},
						"4.6333": {
							"post": [-0.1, 0.21, 3.3],
							"lerp_mode": "catmullrom"
						},
						"4.7333": {
							"post": [-0.1, 0.21, 0.2375],
							"lerp_mode": "catmullrom"
						},
						"4.8667": {
							"post": [-0.125, 0, -0.0625],
							"lerp_mode": "catmullrom"
						},
						"5.1667": {
							"post": [-0.0375, 0, 0.025],
							"lerp_mode": "catmullrom"
						},
						"5.3": {
							"post": [-0.165, -0.01, 0.19],
							"lerp_mode": "catmullrom"
						},
						"5.3667": {
							"post": [-0.175, 0, -0.0875],
							"lerp_mode": "catmullrom"
						},
						"5.4667": {
							"post": [0, 0, 0.1125],
							"lerp_mode": "catmullrom"
						},
						"5.6": {
							"post": [0, 0, 0],
							"lerp_mode": "catmullrom"
						},
						"5.7": {
							"post": [0, 0, 0],
							"lerp_mode": "catmullrom"
						}
					}
				}
			},
			"sound_effects": {
				"0.0": {
					"effect": "bf1:m2_2/reload_pt1"
				},
				"1.5667": {
					"effect": "bf1:m2_2/reload_pt2"
				},
				"3.2333": {
					"effect": "bf1:m2_2/reload_pt3"
				}
			}
		},
		"shoot": {
			"animation_length": 0.7917,
			"bones": {
				"string": {
					"position": {
						"0.0": [0, 0, -2],
						"0.0417": [0, 0, -1.5]
					},
					"scale": {
						"0.0": [0.5, 0.5, 0.5],
						"0.0417": [1.4, 1.4, 1.4]
					}
				},
				"root": {
					"rotation": {
						"0.0": {
							"post": [0, 0, 0],
							"lerp_mode": "catmullrom"
						},
						"0.0833": {
							"post": [0.03515, -0.00092, -0.61172],
							"lerp_mode": "catmullrom"
						},
						"0.1667": {
							"post": [-0.00734, 0, 1.16812],
							"lerp_mode": "catmullrom"
						},
						"0.25": {
							"post": [-0.4137, 0.0272, 0.53803],
							"lerp_mode": "catmullrom"
						},
						"0.4167": {
							"post": [0.19531, 0, 0.43047],
							"lerp_mode": "catmullrom"
						},
						"0.5417": {
							"post": [-0.06641, 0, -0.18828],
							"lerp_mode": "catmullrom"
						},
						"0.75": {
							"post": [0, 0, 0],
							"lerp_mode": "catmullrom"
						},
						"0.7917": {
							"post": [0, 0, 0],
							"lerp_mode": "catmullrom"
						}
					},
					"position": {
						"0.0": {
							"post": [0, 0, 0],
							"lerp_mode": "catmullrom"
						},
						"0.125": {
							"post": [0, 0.0075, 4],
							"lerp_mode": "catmullrom"
						},
						"0.2083": {
							"post": [0, 0.0075, 4],
							"lerp_mode": "catmullrom"
						},
						"0.3333": {
							"post": [0, -0.00391, 0.14063],
							"lerp_mode": "catmullrom"
						},
						"0.5": {
							"post": [0, 0, 0.1125],
							"lerp_mode": "catmullrom"
						},
						"0.625": {
							"post": [0, 0, -0.02734],
							"lerp_mode": "catmullrom"
						},
						"0.7917": {
							"post": [0, 0, 0],
							"lerp_mode": "catmullrom"
						}
					}
				},
				"muzzle_flash": {
					"position": {
						"0.0": [0, 0, 0],
						"0.0417": [0, 0, -6]
					}
				},
				"camera": {
					"rotation": {
						"0.0": {
							"post": [0, 0, -0.5],
							"lerp_mode": "catmullrom"
						},
						"0.0417": {
							"post": [0, -0.0625, 0.45],
							"lerp_mode": "catmullrom"
						},
						"0.125": {
							"post": [0, 0.0625, -0.2],
							"lerp_mode": "catmullrom"
						},
						"0.2083": {
							"post": [0, -0.03125, 0.1],
							"lerp_mode": "catmullrom"
						},
						"0.2917": {
							"post": [0, 0.03125, -0.05],
							"lerp_mode": "catmullrom"
						},
						"0.4167": {
							"post": [0, -0.03125, 0.00083],
							"lerp_mode": "catmullrom"
						},
						"0.5417": {
							"post": [0, -0.03125, -0.01],
							"lerp_mode": "catmullrom"
						},
						"0.7917": {
							"post": [0, 0, 0],
							"lerp_mode": "catmullrom"
						}
					}
				}
			}
		},
		"shoot1": {
			"animation_length": 1,
			"bones": {
				"root": {
					"rotation": {
						"0.0": {
							"post": [0, 0, 0],
							"lerp_mode": "catmullrom"
						},
						"0.0417": {
							"post": [0.03515, -0.00092, -0.61172],
							"lerp_mode": "catmullrom"
						},
						"0.125": {
							"post": [-0.56984, 0, 1.16812],
							"lerp_mode": "catmullrom"
						},
						"0.2083": {
							"post": [-1.1637, 0.0272, 0.78803],
							"lerp_mode": "catmullrom"
						},
						"0.375": {
							"post": [0.19531, 0, 0.43047],
							"lerp_mode": "catmullrom"
						},
						"0.5": {
							"post": [-0.06641, 0, -0.18828],
							"lerp_mode": "catmullrom"
						},
						"1.0": {
							"post": [0, 0, 0],
							"lerp_mode": "catmullrom"
						}
					},
					"position": {
						"0.0": {
							"post": [0, 0, 0],
							"lerp_mode": "catmullrom"
						},
						"0.0833": {
							"post": [0, -0.08, 2.5],
							"lerp_mode": "catmullrom"
						},
						"0.25": {
							"post": [0, -0.02891, 2.5],
							"lerp_mode": "catmullrom"
						},
						"0.4583": {
							"post": [0, 0, 0.0625],
							"lerp_mode": "catmullrom"
						},
						"0.6667": {
							"post": [0, 0, 0],
							"lerp_mode": "catmullrom"
						},
						"1.0": {
							"post": [0, 0, 0],
							"lerp_mode": "catmullrom"
						}
					}
				},
				"muzzle_flash": {
					"position": {
						"0.0": [0, 0, 0],
						"0.0417": [0, 0, -5]
					}
				},
				"camera": {
					"rotation": {
						"0.0": {
							"post": [0, 0, -0.65],
							"lerp_mode": "catmullrom"
						},
						"0.0417": {
							"post": [0, -0.01875, 0.5],
							"lerp_mode": "catmullrom"
						},
						"0.125": {
							"post": [0, 0.01875, -0.2],
							"lerp_mode": "catmullrom"
						},
						"0.2083": {
							"post": [0, -0.00937, 0.0375],
							"lerp_mode": "catmullrom"
						},
						"0.2917": {
							"post": [0, 0.00938, -0.025],
							"lerp_mode": "catmullrom"
						},
						"0.4167": {
							"post": [0, -0.00625, 0.026],
							"lerp_mode": "catmullrom"
						},
						"0.5833": {
							"post": [0, -0.00625, -0.013],
							"lerp_mode": "catmullrom"
						},
						"1.0": {
							"post": [0, 0, 0],
							"lerp_mode": "catmullrom"
						}
					}
				}
			}
		},
		"preheat": {
			"loop": "hold_on_last_frame",
			"animation_length": 0.4583,
			"bones": {
				"root": {
					"rotation": {
						"0.0": {
							"post": [0, 0, 0],
							"lerp_mode": "catmullrom"
						},
						"0.0417": {
							"post": [-0.10418, -0.01962, -2.72406],
							"lerp_mode": "catmullrom"
						},
						"0.0833": {
							"post": [-0.28641, 0.07793, 2.03752],
							"lerp_mode": "catmullrom"
						},
						"0.1667": {
							"post": [0.19531, 0, 0.43047],
							"lerp_mode": "catmullrom"
						},
						"0.25": {
							"post": [-0.06641, 0, -0.18828],
							"lerp_mode": "catmullrom"
						},
						"0.4583": [0, 0, 0]
					},
					"position": {
						"0.0": {
							"post": [0, 0, 0],
							"lerp_mode": "catmullrom"
						},
						"0.0417": {
							"post": [0, -0.1, 0.05],
							"lerp_mode": "catmullrom"
						},
						"0.0833": {
							"post": [0, -0.18, 1],
							"lerp_mode": "catmullrom"
						},
						"0.1667": {
							"post": [0, -0.06641, 0.14063],
							"lerp_mode": "catmullrom"
						},
						"0.25": {
							"post": [0, 0, 0],
							"lerp_mode": "catmullrom"
						},
						"0.4583": [0, 0, 0]
					}
				},
				"muzzle_flash": {
					"scale": {
						"0.0833": {"pre": [0, 0, 0], "post": [1, 1, 1]}
					}
				},
				"camera": {
					"rotation": {
						"0.0": {
							"post": [0.25, 0, -1.5],
							"lerp_mode": "catmullrom"
						},
						"0.0417": {
							"post": [-0.75, 0, 0.84438],
							"lerp_mode": "catmullrom"
						},
						"0.0833": {
							"post": [-0.375, 0, 0.03946],
							"lerp_mode": "catmullrom"
						},
						"0.125": {
							"post": [0.125, 0, -0.12376],
							"lerp_mode": "catmullrom"
						},
						"0.2083": {
							"post": [0, 0, 0.06971],
							"lerp_mode": "catmullrom"
						},
						"0.2917": {
							"post": [0, 0, 0.00602],
							"lerp_mode": "catmullrom"
						},
						"0.4583": {
							"post": [0, 0, 0],
							"lerp_mode": "catmullrom"
						}
					}
				}
			},
			"sound_effects": {
				"0.0": {
					"effect": "bf1:ef46/pre"
				},
				"0.0417": {
					"effect": "bf1:m2_2/fuel"
				}
			}
		},
		"spark": {
			"animation_length": 10,
			"bones": {
				"spark_illuminated": {
					"position": [0, 0, -5],
					"scale": {
						"0.0": [100, 100, 100],
						"9.0": [100, 100, 100],
						"10.0": [1, 1, 1]
					}
				}
			}
		},
		"draw": {
			"animation_length": 0.75,
			"bones": {
				"root": {
					"rotation": {
						"0.0": {
							"post": [0, -35, 57.5],
							"lerp_mode": "catmullrom"
						},
						"0.1667": {
							"post": [2.7348, -8.92512, 37.89727],
							"lerp_mode": "catmullrom"
						},
						"0.3333": {
							"post": [0.64547, -1.47247, 6.10117],
							"lerp_mode": "catmullrom"
						},
						"0.4167": {
							"post": [1.37749, -0.08367, -1.55166],
							"lerp_mode": "catmullrom"
						},
						"0.5": {
							"post": [-0.45456, -0.10457, 0.82333],
							"lerp_mode": "catmullrom"
						},
						"0.5833": [-0.065, -0.44, -0.27],
						"0.75": [0, 0, 0]
					},
					"position": {
						"0.0": {
							"post": [0, -8, 2],
							"lerp_mode": "catmullrom"
						},
						"0.1667": {
							"post": [-0.14, -2.41, -0.195],
							"lerp_mode": "catmullrom"
						},
						"0.25": {
							"post": [-0.22, -0.29, -1.425],
							"lerp_mode": "catmullrom"
						},
						"0.3333": {
							"post": [-0.125, -0.385, -1.975],
							"lerp_mode": "catmullrom"
						},
						"0.4167": {
							"post": [0, -0.305, 0.05],
							"lerp_mode": "catmullrom"
						},
						"0.5417": {
							"post": [0.05, 0, -0.15],
							"lerp_mode": "catmullrom"
						},
						"0.625": {
							"post": [-0.025, 0, 0.05],
							"lerp_mode": "catmullrom"
						},
						"0.75": {
							"post": [0, 0, 0],
							"lerp_mode": "catmullrom"
						}
					}
				},
				"camera": {
					"rotation": {
						"0.0": {
							"post": [0, 0, 0],
							"lerp_mode": "catmullrom"
						},
						"0.2083": {
							"post": [1.00016, 0.00436, 0.75027],
							"lerp_mode": "catmullrom"
						},
						"0.4167": {
							"post": [0, 0, -0.75],
							"lerp_mode": "catmullrom"
						},
						"0.5417": {
							"post": [0, 0, 0],
							"lerp_mode": "catmullrom"
						},
						"0.625": {
							"post": [0, 0, -0.3],
							"lerp_mode": "catmullrom"
						},
						"0.75": {
							"post": [0, 0, 0],
							"lerp_mode": "catmullrom"
						}
					}
				}
			},
			"sound_effects": {
				"0.0": {
					"effect": "draw"
				}
			}
		},
		"put_away": {
			"animation_length": 0.5,
			"bones": {
				"root": {
					"rotation": {
						"0.0": {
							"post": [0, 0, 0],
							"lerp_mode": "catmullrom"
						},
						"0.125": {
							"post": [-6.63118, 3.89321, -10.29382],
							"lerp_mode": "catmullrom"
						},
						"0.2083": {
							"post": [-28.00165, 6.29217, -19.61271],
							"lerp_mode": "catmullrom"
						},
						"0.375": {
							"post": [-37.5, 10.1, -9.02],
							"lerp_mode": "catmullrom"
						},
						"0.5": {
							"post": [-48.26, 15.43, -13.36],
							"lerp_mode": "catmullrom"
						}
					},
					"position": {
						"0.0": {
							"post": [0, 0, 0],
							"lerp_mode": "catmullrom"
						},
						"0.1667": {
							"post": [-0.67, -5.97, 0.34],
							"lerp_mode": "catmullrom"
						},
						"0.375": {
							"post": [0.22, -10.13, 4.85],
							"lerp_mode": "catmullrom"
						},
						"0.5": {
							"post": [1.49, -26.835, 7.64],
							"lerp_mode": "catmullrom"
						}
					}
				},
				"camera": {
					"rotation": {
						"0.0": {
							"post": [0, 0, 0],
							"lerp_mode": "catmullrom"
						},
						"0.0833": {
							"post": [0.3, 0, -0.125],
							"lerp_mode": "catmullrom"
						},
						"0.2083": {
							"post": [0.39, 0, 0.175],
							"lerp_mode": "catmullrom"
						},
						"0.2917": {
							"post": [0.5, 0, 0.025],
							"lerp_mode": "catmullrom"
						},
						"0.375": {
							"post": [1, 0, -0.5],
							"lerp_mode": "catmullrom"
						},
						"0.5": {
							"post": [0, 0, 0],
							"lerp_mode": "catmullrom"
						}
					}
				}
			}
		},
		"run_start": {
			"loop": true,
			"animation_length": 0.375,
			"bones": {
				"root": {
					"rotation": {
						"0.0": {
							"post": [0, 0, 0],
							"lerp_mode": "catmullrom"
						},
						"0.2083": {
							"post": [7.5, -31.32, 8.63],
							"lerp_mode": "catmullrom"
						},
						"0.375": {
							"post": [8.17, -39.61, 10.84],
							"lerp_mode": "catmullrom"
						}
					},
					"position": {
						"0.0": {
							"post": [0, 0, 0],
							"lerp_mode": "catmullrom"
						},
						"0.1667": {
							"post": [-1.29, -2.775, -1.13],
							"lerp_mode": "catmullrom"
						},
						"0.2917": {
							"post": [-1.3525, -3.3, -4.65],
							"lerp_mode": "catmullrom"
						},
						"0.375": {
							"post": [-0.32, -2.86, -5.79],
							"lerp_mode": "catmullrom"
						}
					}
				},
				"bag": {
					"rotation": {
						"0.2083": [0, 0, 0],
						"0.375": [-7.25, 15, 0]
					}
				},
				"left_hand": {
					"rotation": {
						"0.0": [0, 0, 0],
						"0.375": [10, 30, 0]
					}
				},
				"spark_illuminated": {
					"rotation": {
						"0.0": {
							"post": [0, 0, -7.5],
							"lerp_mode": "catmullrom"
						},
						"0.375": {
							"post": [0, -8, -7.5],
							"lerp_mode": "catmullrom"
						}
					},
					"position": {
						"0.0": {
							"post": [0, 0, 0],
							"lerp_mode": "catmullrom"
						},
						"0.375": {
							"post": [-1, 0, 0],
							"lerp_mode": "catmullrom"
						}
					}
				}
			}
		},
		"run": {
			"loop": true,
			"animation_length": 0.6667,
			"bones": {
				"root": {
					"rotation": {
						"0.0": {
							"post": [8, -42.19775, 11.5],
							"lerp_mode": "catmullrom"
						},
						"0.125": {
							"post": [6.25, -40.47428, 12.4375],
							"lerp_mode": "catmullrom"
						},
						"0.25": {
							"post": [8.5625, -40.47428, 15.125],
							"lerp_mode": "catmullrom"
						},
						"0.4167": {
							"post": [9.25, -43.05714, 13.875],
							"lerp_mode": "catmullrom"
						},
						"0.5417": {
							"post": [7.6875, -44.02572, 12.4375],
							"lerp_mode": "catmullrom"
						},
						"0.6667": {
							"post": [8, -42.19775, 11.5],
							"lerp_mode": "catmullrom"
						}
					},
					"position": {
						"0.0": {
							"post": [0, -2, -6.5],
							"lerp_mode": "catmullrom"
						},
						"0.0833": {
							"post": [-0.4575, -2.43591, -6.5],
							"lerp_mode": "catmullrom"
						},
						"0.125": {
							"post": [-0.90835, -3.14387, -6.5],
							"lerp_mode": "catmullrom"
						},
						"0.2083": {
							"post": [-2.22816, -3.18001, -6.5],
							"lerp_mode": "catmullrom"
						},
						"0.3333": {
							"post": [-3.68287, -1.8125, -6.5],
							"lerp_mode": "catmullrom"
						},
						"0.4167": {
							"post": [-3.30222, -2.28038, -6.5],
							"lerp_mode": "catmullrom"
						},
						"0.4583": {
							"post": [-2.44005, -3.20726, -6.5],
							"lerp_mode": "catmullrom"
						},
						"0.5417": {
							"post": [-1.12186, -3.18001, -6.5],
							"lerp_mode": "catmullrom"
						},
						"0.6667": {
							"post": [0, -2, -6.5],
							"lerp_mode": "catmullrom"
						}
					}
				},
				"bag": {
					"rotation": {
						"0.0": [-7.25, 15, 0],
						"0.2917": [-7.25, 17.5, 0],
						"0.6667": [-7.25, 15, 0]
					}
				},
				"left_hand": {
					"rotation": [10, 30, 0]
				},
				"spark_illuminated": {
					"rotation": {
						"0.0": {
							"post": [0, -8, -7.5],
							"lerp_mode": "catmullrom"
						},
						"0.25": {
							"post": [0, -8, 0],
							"lerp_mode": "catmullrom"
						},
						"0.5417": {
							"post": [0, -20, -8],
							"lerp_mode": "catmullrom"
						},
						"0.6667": {
							"post": [0, -8, -7.5],
							"lerp_mode": "catmullrom"
						}
					},
					"position": {
						"0.0": {
							"post": [-1, 0, 0],
							"lerp_mode": "catmullrom"
						},
						"0.2083": {
							"post": [1, 0, 0],
							"lerp_mode": "catmullrom"
						},
						"0.375": {
							"post": [-0.12, -0.05, 0],
							"lerp_mode": "catmullrom"
						},
						"0.5": {
							"post": [-1.75, 0, 0],
							"lerp_mode": "catmullrom"
						},
						"0.6667": {
							"post": [-1, 0, 0],
							"lerp_mode": "catmullrom"
						}
					}
				}
			}
		},
		"run_hold": {
			"loop": true,
			"bones": {
				"root": {
					"rotation": [8.17, -39.61, 10.84],
					"position": [-0.32, -2.86, -5.79]
				},
				"left_hand": {
					"rotation": [10, 30, 0]
				},
				"spark_illuminated": {
					"rotation": [0, -8, -7.5],
					"position": [-1, 0, 0]
				},
				"bag": {
					"rotation": [-7.25, 15, 0]
				}
			}
		},
		"run_add": {
			"loop": true,
			"animation_length": 2.6667,
			"bones": {
				"root": {
					"rotation": {
						"0.0": {
							"post": [0, 0, 0],
							"lerp_mode": "catmullrom"
						},
						"1.4167": {
							"post": [0, -4.75, 0],
							"lerp_mode": "catmullrom"
						},
						"2.6667": {
							"post": [0, 0, 0],
							"lerp_mode": "catmullrom"
						}
					},
					"position": {
						"0.0": {
							"post": [0, 0, 0],
							"lerp_mode": "catmullrom"
						},
						"0.75": {
							"post": [0, -0.25, -0.4375],
							"lerp_mode": "catmullrom"
						},
						"1.5": {
							"post": [0.25, -1.5, -1.5],
							"lerp_mode": "catmullrom"
						},
						"2.0": {
							"post": [0, -0.75, -0.5],
							"lerp_mode": "catmullrom"
						},
						"2.6667": {
							"post": [0, 0, 0],
							"lerp_mode": "catmullrom"
						}
					}
				}
			}
		},
		"over_heat": {
			"loop": "hold_on_last_frame",
			"animation_length": 4,
			"bones": {
				"root": {
					"rotation": {
						"0.0": {
							"post": [0, 0, 0],
							"lerp_mode": "catmullrom"
						},
						"0.05": {
							"post": [2.22274, -1.27668, 1.22274],
							"lerp_mode": "catmullrom"
						},
						"0.2": {
							"post": [1.39505, -1.4437, 0.40792],
							"lerp_mode": "catmullrom"
						},
						"0.45": {
							"post": [-11.93262, 16.63934, -0.42414],
							"lerp_mode": "catmullrom"
						},
						"0.7": {
							"post": [-8.49, 19.11, 5.47],
							"lerp_mode": "catmullrom"
						},
						"0.9": {
							"post": [-8.25, 18.68, 6.25],
							"lerp_mode": "catmullrom"
						},
						"1.45": {
							"post": [-8.22915, 18.4574, 5.57594],
							"lerp_mode": "catmullrom"
						},
						"2.05": {
							"post": [-7.21616, 18.28289, 6.47411],
							"lerp_mode": "catmullrom"
						},
						"2.5": {
							"post": [-7.68631, 18.82975, 5.43034],
							"lerp_mode": "catmullrom"
						},
						"2.9": {
							"post": [-8.16113, 18.43873, 3.69567],
							"lerp_mode": "catmullrom"
						},
						"3.2": {
							"post": [7.25611, 18.76499, 4.70728],
							"lerp_mode": "catmullrom"
						},
						"3.45": {
							"post": [-1.11, 3.87, 2.725],
							"lerp_mode": "catmullrom"
						},
						"3.55": {
							"post": [-2.01804, -0.34702, -0.29141],
							"lerp_mode": "catmullrom"
						},
						"3.65": {
							"post": [1.65, 0.36, 1.105],
							"lerp_mode": "catmullrom"
						},
						"3.8": {
							"post": [0.375, 0, 0],
							"lerp_mode": "catmullrom"
						},
						"4.0": {
							"post": [0, 0, 0],
							"lerp_mode": "catmullrom"
						}
					},
					"position": {
						"0.0": {
							"post": [0, 0, 0],
							"lerp_mode": "catmullrom"
						},
						"0.1": {
							"post": [0, -0.3, 0.745],
							"lerp_mode": "catmullrom"
						},
						"0.25": {
							"post": [-0.225, -0.125, 2.725],
							"lerp_mode": "catmullrom"
						},
						"0.5": {
							"post": [-0.22, -2.85, 2.35],
							"lerp_mode": "catmullrom"
						},
						"0.7": {
							"post": [-0.21, -3.95, 2.28],
							"lerp_mode": "catmullrom"
						},
						"1.15": {
							"post": [-0.18, -3.74, 2.04],
							"lerp_mode": "catmullrom"
						},
						"1.9": {
							"post": [-0.13, -3.81, 2.22],
							"lerp_mode": "catmullrom"
						},
						"2.75": {
							"post": [-0.015, -3.59, 2.05],
							"lerp_mode": "catmullrom"
						},
						"3.05": {
							"post": [-0.05, -2.07, 1.99],
							"lerp_mode": "catmullrom"
						},
						"3.25": {
							"post": [-0.07, 0.16, 2.16],
							"lerp_mode": "catmullrom"
						},
						"3.35": {
							"post": [-0.09, 0.8, 0.28],
							"lerp_mode": "catmullrom"
						},
						"3.45": {
							"post": [-0.11, 0.54, 0.015],
							"lerp_mode": "catmullrom"
						},
						"3.65": {
							"post": [-0.11, -0.215, -0.035],
							"lerp_mode": "catmullrom"
						},
						"3.85": {
							"post": [-0.05, -0.005, -0.02],
							"lerp_mode": "catmullrom"
						},
						"4.0": {
							"post": [0, 0, 0],
							"lerp_mode": "catmullrom"
						}
					}
				},
				"camera": {
					"rotation": {
						"0.0": {
							"post": [0, 0, 0],
							"lerp_mode": "catmullrom"
						},
						"0.1": {
							"post": [-0.205, 0, 0.225],
							"lerp_mode": "catmullrom"
						},
						"0.2": {
							"post": [-0.11, -0.03, 0.095],
							"lerp_mode": "catmullrom"
						},
						"0.35": {
							"post": [0.355, -0.1, 0.475],
							"lerp_mode": "catmullrom"
						},
						"0.55": {
							"post": [3, -0.325, 0.675],
							"lerp_mode": "catmullrom"
						},
						"0.75": {
							"post": [3.61, -0.325, 0.725],
							"lerp_mode": "catmullrom"
						},
						"0.95": {
							"post": [2.95, -0.525, 1.05],
							"lerp_mode": "catmullrom"
						},
						"1.15": {
							"post": [2.195, -0.59, 1.06],
							"lerp_mode": "catmullrom"
						},
						"1.5": {
							"post": [1.945, -0.4025, 0.81],
							"lerp_mode": "catmullrom"
						},
						"1.8": {
							"post": [2.195, -0.59, 0.8725],
							"lerp_mode": "catmullrom"
						},
						"2.1": {
							"post": [2.195, -0.465, 0.935],
							"lerp_mode": "catmullrom"
						},
						"2.6": {
							"post": [2.58, -0.625, 1.025],
							"lerp_mode": "catmullrom"
						},
						"2.85": {
							"post": [2.59, -0.425, 1.025],
							"lerp_mode": "catmullrom"
						},
						"3.05": {
							"post": [3.51, -0.425, 0.875],
							"lerp_mode": "catmullrom"
						},
						"3.2": {
							"post": [2.68, -0.425, 0.625],
							"lerp_mode": "catmullrom"
						},
						"3.45": {
							"post": [-0.255, 0, 0],
							"lerp_mode": "catmullrom"
						},
						"3.55": {
							"post": [0.255, 0.02, 0.53],
							"lerp_mode": "catmullrom"
						},
						"3.65": {
							"post": [0, 0, -0.3],
							"lerp_mode": "catmullrom"
						},
						"3.8": {
							"post": [0, 0, 0],
							"lerp_mode": "catmullrom"
						}
					}
				}
			},
			"sound_effects": {
				"0.0": {
					"effect": "bf1:m2_2/overheat"
				}
			}
		}
	}
}