{
	"format_version": "1.8.0",
	"animations": {
		"static_idle": {
			"loop": true,
			"bones": {
				"constraint": {
					"rotation": [0.2, 0.2, 0.2],
					"position": [0.2, 0.2, 0.2]
				},
				"left_hand": {
					"rotation": [92.57, 29.19, 41.16],
					"position": [-4.5, -5.5, -6],
					"scale": [1, 1.2, 1]
				},
				"right_hand": {
					"rotation": [91.60673, -15.47712, -39.18258],
					"position": [4.25, -7, 6.25],
					"scale": [1, 1.2, 1]
				},
				"octagon20": {
					"position": [0, 0, 0.625]
				}
			}
		},
		"static_bolt_caught": {
			"loop": true,
			"bones": {
				"octagon20": {
					"position": [0, 0, 0]
				}
			}
		},
		"shoot": {
			"loop": "hold_on_last_frame",
			"animation_length": 1.0667,
			"bones": {
				"root": {
					"rotation": {
						"0.0": {
							"post": [0, 0, 0],
							"lerp_mode": "catmullrom"
						},
						"0.0333": {
							"post": [0.49577, -2.84768, -6.99835],
							"lerp_mode": "catmullrom"
						},
						"0.0667": {
							"post": [-3.98275, 2.33042, 5.79388],
							"lerp_mode": "catmullrom"
						},
						"0.1": {
							"post": [-3.61669, -0.02539, -1.91761],
							"lerp_mode": "catmullrom"
						},
						"0.2": {
							"post": [-3.35616, -0.18612, -3.1926],
							"lerp_mode": "catmullrom"
						},
						"0.3": {
							"post": [-1.50218, 0.01201, 0.64646],
							"lerp_mode": "catmullrom"
						},
						"0.4": {
							"post": [-0.13493, 0.01536, 0.43549],
							"lerp_mode": "catmullrom"
						},
						"0.5": {
							"post": [-0.09832, -0.05155, -0.46178],
							"lerp_mode": "catmullrom"
						},
						"0.6667": {
							"post": [-0.5054, 0.076, 0.12379],
							"lerp_mode": "catmullrom"
						},
						"0.8333": {
							"post": [-0.10895, 0.01634, -0.04605],
							"lerp_mode": "catmullrom"
						},
						"1.0667": {
							"post": [0, 0, 0],
							"lerp_mode": "catmullrom"
						}
					},
					"position": {
						"0.0": {
							"post": [0, 0, 0],
							"lerp_mode": "catmullrom"
						},
						"0.0333": {
							"post": [0, -0.25, 1.9906],
							"lerp_mode": "catmullrom"
						},
						"0.0667": {
							"post": [0, 0.1125, 2.2583],
							"lerp_mode": "catmullrom"
						},
						"0.1333": {
							"post": [0, 0.1175, 1.72016],
							"lerp_mode": "catmullrom"
						},
						"0.2": {
							"post": [-0.0125, 0.135, -0.25352],
							"lerp_mode": "catmullrom"
						},
						"0.3333": {
							"post": [0, 0.03, -0.50797],
							"lerp_mode": "catmullrom"
						},
						"0.4333": {
							"post": [0, -0.0925, -0.05123],
							"lerp_mode": "catmullrom"
						},
						"0.5333": {
							"post": [0, -0.04, 0.03094],
							"lerp_mode": "catmullrom"
						},
						"0.7": {
							"post": [0, 0.0375, -0.07286],
							"lerp_mode": "catmullrom"
						},
						"0.9": {
							"post": [0.00003, -0.045, -0.01677],
							"lerp_mode": "catmullrom"
						},
						"1.0667": {
							"post": [0, 0, 0],
							"lerp_mode": "catmullrom"
						}
					}
				},
				"safe": {
					"rotation": {
						"0.0": [0, 0, 0],
						"0.1": [0, 0, 5],
						"0.1667": {
							"pre": [0, 0, -20],
							"post": [0, 0, -20],
							"lerp_mode": "catmullrom"
						},
						"0.2333": {
							"post": [0, 0, 0],
							"lerp_mode": "catmullrom"
						},
						"0.3": {
							"post": [0, 0, -9],
							"lerp_mode": "catmullrom"
						},
						"0.3667": [0, 0, 0]
					}
				},
				"bolt": {
					"rotation": {
						"0.1": [0, 0, 0],
						"0.1333": {
							"pre": [0, 0, 4],
							"post": [0, 0, 4],
							"lerp_mode": "catmullrom"
						},
						"0.2": {
							"post": [0, 0, 0],
							"lerp_mode": "catmullrom"
						},
						"0.2667": {
							"post": [0, 0, 2],
							"lerp_mode": "catmullrom"
						},
						"0.3333": {
							"post": [0, 0, 0],
							"lerp_mode": "catmullrom"
						},
						"0.4": {
							"post": [0, 0, 1],
							"lerp_mode": "catmullrom"
						},
						"0.4667": [0, 0, 0]
					}
				},
				"constraint": {
					"rotation": {
						"0.6667": [0.4, 0.3, 0.3],
						"1.0667": [0.2, 0.2, 0.2]
					},
					"position": {
						"0.6667": [0.4, 0.4, 0.5],
						"1.0667": [0.2, 0.2, 0.2]
					}
				},
				"camera": {
					"rotation": {
						"0.0": {
							"post": [2.5, 0, -9],
							"lerp_mode": "catmullrom"
						},
						"0.0333": {
							"post": [-1.5, 0, 4],
							"lerp_mode": "catmullrom"
						},
						"0.0667": {
							"post": [0, 0, 4],
							"lerp_mode": "catmullrom"
						},
						"0.1": {
							"post": [0, 0, -1],
							"lerp_mode": "catmullrom"
						},
						"0.2": {
							"post": [0, 0, -0.07411],
							"lerp_mode": "catmullrom"
						},
						"0.3": {
							"post": [0, 0, -0.075],
							"lerp_mode": "catmullrom"
						},
						"0.4667": {
							"post": [0, 0, 0.01811],
							"lerp_mode": "catmullrom"
						},
						"0.6": {
							"post": [0.0075, 0, -0.00103],
							"lerp_mode": "catmullrom"
						},
						"0.7333": {
							"post": [0.0275, 0, 0.0009],
							"lerp_mode": "catmullrom"
						},
						"1.0667": {
							"post": [0, 0, 0],
							"lerp_mode": "catmullrom"
						}
					}
				}
			}
		},
		"bolt": {
			"loop": "hold_on_last_frame",
			"animation_length": 0.8167,
			"bones": {
				"root": {
					"rotation": {
						"0.0": {
							"post": [0, 0, 0],
							"lerp_mode": "catmullrom"
						},
						"0.1833": {
							"post": [-0.25, 0, 5],
							"lerp_mode": "catmullrom"
						},
						"0.3": {
							"post": [-0.25, 0, 5],
							"lerp_mode": "catmullrom"
						},
						"0.3667": {
							"post": [-1.22667, 0, 6.1213],
							"lerp_mode": "catmullrom"
						},
						"0.4333": {
							"post": [-1.35, 0, 4.62],
							"lerp_mode": "catmullrom"
						},
						"0.5667": {
							"post": [0.25, 0, 5],
							"lerp_mode": "catmullrom"
						},
						"0.8167": {
							"post": [0, 0, 0],
							"lerp_mode": "catmullrom"
						}
					},
					"position": {
						"0.0333": [0, 0, 0],
						"0.1333": {
							"pre": [0, -0.3125, 0],
							"post": [0, -0.3125, 0],
							"lerp_mode": "catmullrom"
						},
						"0.3": {
							"post": [0, -0.4375, -0.1875],
							"lerp_mode": "catmullrom"
						},
						"0.3333": {
							"post": [0, -0.4375, 1.72],
							"lerp_mode": "catmullrom"
						},
						"0.4333": {
							"post": [0, -0.4375, 1.5325],
							"lerp_mode": "catmullrom"
						},
						"0.4667": {
							"post": [0, -0.4375, -1.825],
							"lerp_mode": "catmullrom"
						},
						"0.6": {
							"post": [0, -0.3125, -1.9925],
							"lerp_mode": "catmullrom"
						},
						"0.7": {
							"post": [0, -0.125, -0.07],
							"lerp_mode": "catmullrom"
						},
						"0.8333": {
							"post": [0, 0, 0],
							"lerp_mode": "catmullrom"
						}
					}
				},
				"bolt": {
					"position": {
						"0.2333": [0, 0, 0],
						"0.25": [0, 0, 3.5],
						"0.2667": [0, 0, 4],
						"0.3833": [0, 0, 4],
						"0.4": [0, 0, 0]
					}
				},
				"safe": {
					"rotation": {
						"0.3333": [0, 0, 0],
						"0.4": [0, 0, 4],
						"0.5": [0, 0, -14.5],
						"0.6": [0, 0, 0],
						"0.6667": [0, 0, -4.25],
						"0.7333": [0, 0, 0]
					}
				},
				"right_hand": {
					"rotation": {
						"0.0667": [91.60673, -15.47712, -39.18258],
						"0.1": [63.6954, -2.49428, 3.20977],
						"0.2167": [63.6954, -2.49428, 6.70977],
						"0.3333": [42.6954, -2.49428, 2.02227],
						"0.4333": [64.6954, -2.49428, 7.45977],
						"0.6": [63.59816, 0.83882, 9.93008],
						"0.6667": [91.60673, -15.47712, -39.18258]
					},
					"position": {
						"0.0667": [4.25, -7, 6.25],
						"0.1": [2.18, -4.4625, 4.69],
						"0.1333": [2.52, -3.6675, 4.78],
						"0.2333": [2.52, -3.6675, 4.78],
						"0.25": [2.52, -3.6675, 7.52],
						"0.2667": [2.52, -3.6675, 8.03],
						"0.3833": [2.52, -3.6675, 8.03],
						"0.4": [2.52, -3.6675, 4.78],
						"0.6": [2.52, -3.6675, 4.78],
						"0.6333": [2.64, -4.2975, 5.64],
						"0.6667": [4.25, -7, 6.25]
					},
					"scale": [1, 1.2, 1]
				},
				"octagon20": {
					"position": {
						"0.2667": [0, 0, 0],
						"0.3": [0, 0, 0.625]
					}
				},
				"mag": {
					"position": {
						"0.2167": [0, 0, 0],
						"0.25": [0, 0.5, -1],
						"0.4": {
							"pre": [0, 0.5, -1],
							"post": [0, 0, 0]
						}
					}
				},
				"bullet1": {
					"rotation": {
						"0.2667": [0, 0, 0],
						"0.35": {
							"pre": [0, 180, 0],
							"post": [0, 0, 0]
						}
					},
					"position": {
						"0.2333": [0, 0, -4],
						"0.2667": [0, 0, 0],
						"0.3": {
							"pre": [-6.4, 4.8, 0],
							"post": [-6.4, 4.8, 0],
							"lerp_mode": "catmullrom"
						},
						"0.3167": {
							"post": [-14.6, 7.2, 0],
							"lerp_mode": "catmullrom"
						},
						"0.3333": {
							"pre": [-35, 12, 0],
							"post": [0, 0, 0]
						}
					}
				},
				"bullet2": {
					"position": {
						"0.25": [0, 0, 0],
						"0.2667": [0, 0.625, 0],
						"0.3833": [0, 0.625, 0],
						"0.4": [0, 0.625, -4]
					}
				},
				"camera": {
					"rotation": {
						"0.0": {
							"post": [0, 0, 0],
							"lerp_mode": "catmullrom"
						},
						"0.1667": {
							"post": [0, -0.0325, 0],
							"lerp_mode": "catmullrom"
						},
						"0.2333": {
							"post": [-0.125, -0.08, 0.04087],
							"lerp_mode": "catmullrom"
						},
						"0.3": {
							"post": [0.6875, 0.005, -0.9779],
							"lerp_mode": "catmullrom"
						},
						"0.3333": {
							"post": [0.625, -0.0675, 0.75],
							"lerp_mode": "catmullrom"
						},
						"0.4": {
							"post": [0, -0.0325, 0.475],
							"lerp_mode": "catmullrom"
						},
						"0.45": {
							"post": [-0.125, 0.0625, 0.955],
							"lerp_mode": "catmullrom"
						},
						"0.5": {
							"post": [-0.125, -0.02, -0.3875],
							"lerp_mode": "catmullrom"
						},
						"0.55": {
							"post": [-0.05, -0.0925, 0.227],
							"lerp_mode": "catmullrom"
						},
						"0.6167": {
							"post": [0, 0.0275, 0.02],
							"lerp_mode": "catmullrom"
						},
						"0.7333": {
							"post": [0, 0, 0],
							"lerp_mode": "catmullrom"
						}
					}
				}
			},
			"sound_effects": {
				"0.0": {
					"effect": "boltaction"
				},
				"0.75": {
					"effect": "bf1:shell_rifle"
				}
			}
		},
		"bolt2": {
			"loop": "hold_on_last_frame",
			"animation_length": 0.6,
			"bones": {
				"camera": {
					"rotation": {
						"0.0": {
							"post": [0, 0, 0],
							"lerp_mode": "catmullrom"
						},
						"0.2667": {
							"post": [0, 0, 0],
							"lerp_mode": "catmullrom"
						},
						"0.3333": {
							"post": [1, 0, 0.5],
							"lerp_mode": "catmullrom"
						},
						"0.3667": {
							"post": [-0.25, 0, -1],
							"lerp_mode": "catmullrom"
						},
						"0.4333": {
							"post": [0, 0, 0],
							"lerp_mode": "catmullrom"
						},
						"0.5": {
							"post": [0, 0, 0],
							"lerp_mode": "catmullrom"
						},
						"0.6": {
							"post": [0, 0, 0],
							"lerp_mode": "catmullrom"
						}
					}
				}
			},
			"sound_effects": {
				"0.2333": {
					"effect": "bf1:man_m95/dropclip"
				}
			}
		},
		"draw": {
			"loop": "hold_on_last_frame",
			"animation_length": 0.9667,
			"bones": {
				"root": {
					"rotation": {
						"0.0": {
							"post": [15, -21.5, 0],
							"lerp_mode": "catmullrom"
						},
						"0.1": {
							"post": [-59, -13, 13],
							"lerp_mode": "catmullrom"
						},
						"0.3333": {
							"post": [-65, -7.8425, 11.29],
							"lerp_mode": "catmullrom"
						},
						"0.4667": {
							"post": [-62.5625, -2.75, 5.875],
							"lerp_mode": "catmullrom"
						},
						"0.6333": {
							"post": [6.68, -1.92, 2.67],
							"lerp_mode": "catmullrom"
						},
						"0.8": {
							"post": [1.7425, 0.4, -0.4],
							"lerp_mode": "catmullrom"
						},
						"0.9667": [0, 0, 0]
					},
					"position": {
						"0.0": {
							"post": [1.88, -21, 0],
							"lerp_mode": "catmullrom"
						},
						"0.2333": {
							"post": [1.875, -2.125, -2],
							"lerp_mode": "catmullrom"
						},
						"0.5": {
							"post": [0, -1.4375, -2],
							"lerp_mode": "catmullrom"
						},
						"0.6": {
							"post": [-0.12, -3.035, 0.32],
							"lerp_mode": "catmullrom"
						},
						"0.7667": {
							"post": [-0.06, -0.25, -0.125],
							"lerp_mode": "catmullrom"
						},
						"0.9667": [0, 0, 0]
					}
				},
				"safe": {
					"rotation": {
						"0.5333": [0, 0, 0],
						"0.6": [20, 0, 0],
						"0.7": [0, 0, 0],
						"0.7667": [6, 0, 0],
						"0.8333": [0, 0, 0]
					}
				},
				"left_hand": {
					"rotation": {
						"0.2667": [95.33028, 20.86487, 48.80027],
						"0.4": {
							"pre": [110.96554, 1.95279, 51.8606],
							"post": [110.96554, 1.95279, 51.8606],
							"lerp_mode": "catmullrom"
						},
						"0.5333": {
							"post": [110.96554, 1.95279, 51.8606],
							"lerp_mode": "catmullrom"
						},
						"0.6": [92.57, 29.19, 41.16]
					},
					"position": {
						"0.2667": [-4.75, -6, -6],
						"0.4": {
							"pre": [-3.5, -8.5, -4],
							"post": [-3.5, -8.5, -4],
							"lerp_mode": "catmullrom"
						},
						"0.5333": {
							"post": [-3.5, -9.5, -4],
							"lerp_mode": "catmullrom"
						},
						"0.6": [-4.5, -5.5, -6]
					},
					"scale": [1, 1.2, 1]
				},
				"camera": {
					"rotation": {
						"0.0": {
							"post": [0, 0, 0],
							"lerp_mode": "catmullrom"
						},
						"0.1333": {
							"post": [-0.45, -0.05, -1],
							"lerp_mode": "catmullrom"
						},
						"0.2333": {
							"post": [0.85, -0.3, 0.7],
							"lerp_mode": "catmullrom"
						},
						"0.5333": {
							"post": [0.45, -0.2, 1.3],
							"lerp_mode": "catmullrom"
						},
						"0.6333": {
							"post": [-0.1, 0, -0.35],
							"lerp_mode": "catmullrom"
						},
						"0.7": {
							"post": [0.1375, 0.1, 0.2],
							"lerp_mode": "catmullrom"
						},
						"0.8": {
							"post": [0, 0, -0.125],
							"lerp_mode": "catmullrom"
						},
						"0.9667": {
							"post": [0, 0, 0],
							"lerp_mode": "catmullrom"
						}
					}
				}
			},
			"sound_effects": {
				"0.0": {
					"effect": "draw2"
				}
			}
		},
		"reload_tactical": {
			"loop": "hold_on_last_frame",
			"animation_length": 3.4833,
			"bones": {
				"root": {
					"rotation": {
						"0.0": {
							"post": [0, 0, 0],
							"lerp_mode": "catmullrom"
						},
						"0.1833": {
							"post": [-0.25, 0, 5],
							"lerp_mode": "catmullrom"
						},
						"0.3": {
							"post": [-0.25, 0, 5],
							"lerp_mode": "catmullrom"
						},
						"0.3667": {
							"post": [-1.22667, 0, 6.1213],
							"lerp_mode": "catmullrom"
						},
						"0.5167": {
							"post": [-1.22667, 0, 6.1213],
							"lerp_mode": "catmullrom"
						},
						"0.7167": {
							"post": [-11.97797, -18.46799, -6.41062],
							"lerp_mode": "catmullrom"
						},
						"1.0": {
							"post": [-11.97797, -19.46799, -6.41062],
							"lerp_mode": "catmullrom"
						},
						"1.0333": {
							"post": [-11.48, -18.47, -8.41],
							"lerp_mode": "catmullrom"
						},
						"1.0667": {
							"post": [-11.98, -18.47, -6.41],
							"lerp_mode": "catmullrom"
						},
						"1.2833": {
							"post": [-11.98, -18.47, -6.41],
							"lerp_mode": "catmullrom"
						},
						"1.5": {
							"post": [-22.15459, -42.4628, -10.10485],
							"lerp_mode": "catmullrom"
						},
						"1.7": {
							"post": [-16.40459, -52.4628, -10.10485],
							"lerp_mode": "catmullrom"
						},
						"2.1167": {
							"post": [-14.94, -52.11, -10.48],
							"lerp_mode": "catmullrom"
						},
						"2.15": {
							"post": [-17.08, -51.97, -10.52],
							"lerp_mode": "catmullrom"
						},
						"2.3": {
							"post": [-8.5175, -51.97, -10.52],
							"lerp_mode": "catmullrom"
						},
						"2.4167": {
							"post": [-6.21709, -39.0253, -10.10485],
							"lerp_mode": "catmullrom"
						},
						"2.5": {
							"post": [-6.4425, -23.48, -4.28],
							"lerp_mode": "catmullrom"
						},
						"2.6": {
							"post": [-10.7825, -17.79, -3.97],
							"lerp_mode": "catmullrom"
						},
						"2.7667": {
							"post": [-12.46, -17.66, -11.07],
							"lerp_mode": "catmullrom"
						},
						"2.8833": {
							"post": [-5.88, -26.98, -1.28],
							"lerp_mode": "catmullrom"
						},
						"3.05": {
							"post": [-0.705, -24.09, -1.11],
							"lerp_mode": "catmullrom"
						},
						"3.2167": {
							"post": [1.875, -3, 3],
							"lerp_mode": "catmullrom"
						},
						"3.3333": {
							"post": [-0.4375, 0, 0],
							"lerp_mode": "catmullrom"
						},
						"3.4833": [0, 0, 0]
					},
					"position": {
						"0.0333": [0, 0, 0],
						"0.1333": {
							"pre": [0, -0.3125, 0],
							"post": [0, -0.3125, 0],
							"lerp_mode": "catmullrom"
						},
						"0.3": {
							"post": [0, -0.4375, -0.1875],
							"lerp_mode": "catmullrom"
						},
						"0.3333": {
							"post": [0, -0.4375, 1.72],
							"lerp_mode": "catmullrom"
						},
						"0.4833": {
							"post": [0, -0.4375, 1.72],
							"lerp_mode": "catmullrom"
						},
						"0.6833": {
							"post": [-0.85, -3.44, 1.72],
							"lerp_mode": "catmullrom"
						},
						"1.0": {
							"post": [-0.6, -3.44, 0.72],
							"lerp_mode": "catmullrom"
						},
						"1.0333": {
							"post": [-0.6, -3.94, 1.47],
							"lerp_mode": "catmullrom"
						},
						"1.05": {
							"post": [-0.6, -3.69, 1.095],
							"lerp_mode": "catmullrom"
						},
						"1.1": {
							"post": [-0.59, -3.64, 1.55],
							"lerp_mode": "catmullrom"
						},
						"1.2833": {
							"post": [-0.6, -3.44, 1.47],
							"lerp_mode": "catmullrom"
						},
						"1.4833": {
							"post": [-1.1, -3.69, -1.53],
							"lerp_mode": "catmullrom"
						},
						"1.7833": {
							"post": [-1.1, -4.19, -1.53],
							"lerp_mode": "catmullrom"
						},
						"2.1": {
							"post": [-1.06, -3.83, -1.59],
							"lerp_mode": "catmullrom"
						},
						"2.1333": {
							"post": [-1.05, -5.36, -1.6],
							"lerp_mode": "catmullrom"
						},
						"2.25": {
							"post": [-1.1, -5.19, -1.53],
							"lerp_mode": "catmullrom"
						},
						"2.5": {
							"post": [0.39, -1.51, -0.92],
							"lerp_mode": "catmullrom"
						},
						"2.7167": {
							"post": [0.13, -1.46, 0.1],
							"lerp_mode": "catmullrom"
						},
						"2.7833": {
							"post": [1.9, -2.05, -3.69],
							"lerp_mode": "catmullrom"
						},
						"3.0167": {
							"post": [1.4, -1.55, -3.69],
							"lerp_mode": "catmullrom"
						},
						"3.15": {
							"post": [-0.25, -1.1875, -0.0625],
							"lerp_mode": "catmullrom"
						},
						"3.2667": {
							"post": [-0.1, -0.16, 0.15],
							"lerp_mode": "catmullrom"
						},
						"3.4167": [0, 0, 0]
					}
				},
				"bolt": {
					"position": {
						"0.2333": [0, 0, 0],
						"0.25": [0, 0, 3.5],
						"0.2667": [0, 0, 4],
						"2.7": [0, 0, 4],
						"2.7167": [0, 0, 0]
					}
				},
				"right_hand": {
					"rotation": {
						"0.0667": [91.60673, -15.47712, -39.18258],
						"0.1": [63.6954, -2.49428, 3.20977],
						"0.2167": [63.6954, -2.49428, 6.70977],
						"0.3333": [42.6954, -2.49428, 2.02227],
						"1.3667": {
							"pre": [91.60673, -15.47712, -39.18258],
							"post": [75.9258, -6.6995, 31.8637]
						},
						"2.05": [75.93, -6.7, 31.86],
						"2.1167": [98.43, -6.7, 31.86],
						"2.3167": [97.92578, -6.69949, 31.86371],
						"2.4667": {
							"pre": [42.6954, -2.49428, 2.02227],
							"post": [42.6954, -2.49428, 2.02227],
							"lerp_mode": "catmullrom"
						},
						"2.7": {
							"post": [42.6954, -2.49428, 2.02227],
							"lerp_mode": "catmullrom"
						},
						"2.7333": [63.6954, -2.49428, 6.70977],
						"2.9667": [63.6954, -2.49428, 6.70977],
						"3.0833": [91.60673, -15.47712, -39.18258]
					},
					"position": {
						"0.0667": [4.25, -7, 6.25],
						"0.1": [2.18, -4.4625, 4.44],
						"0.1333": [2.52, -3.6675, 4.03],
						"0.2333": [2.52, -3.6675, 4.53],
						"0.25": [2.52, -3.6675, 7.52],
						"0.2667": [2.52, -3.6675, 8.03],
						"1.3667": {
							"pre": [4.25, -7, 6.25],
							"post": [4.25, -3.5, 3.75]
						},
						"2.3": [4.25, -3.5, 3.75],
						"2.45": {
							"pre": [2.52, -3.6675, 8.03],
							"post": [2.52, -3.6675, 8.03],
							"lerp_mode": "catmullrom"
						},
						"2.7": {
							"post": [2.52, -3.6675, 8.03],
							"lerp_mode": "catmullrom"
						},
						"2.7167": [2.52, -3.6675, 5.03],
						"2.95": [2.52, -3.6675, 5.03],
						"3.0833": [4.25, -7, 6.25]
					},
					"scale": [1, 1.2, 1]
				},
				"camera": {
					"rotation": {
						"0.0": {
							"post": [0, 0, 0],
							"lerp_mode": "catmullrom"
						},
						"0.2167": {
							"post": [1.06875, -0.2825, 0],
							"lerp_mode": "catmullrom"
						},
						"0.2833": {
							"post": [0.875, -0.33, 0.27019],
							"lerp_mode": "catmullrom"
						},
						"0.3167": {
							"post": [1.45625, 0.1925, 0.10121],
							"lerp_mode": "catmullrom"
						},
						"0.3667": {
							"post": [0.875, -0.5675, 3.00129],
							"lerp_mode": "catmullrom"
						},
						"0.4333": {
							"post": [1.06875, -0.0325, -0.09544],
							"lerp_mode": "catmullrom"
						},
						"0.4833": {
							"post": [1.16562, 0.0625, 0.18269],
							"lerp_mode": "catmullrom"
						},
						"0.5667": {
							"post": [1.65, 0.6575, 0.0625],
							"lerp_mode": "catmullrom"
						},
						"0.6333": {
							"post": [1.84375, 1.0275, 0],
							"lerp_mode": "catmullrom"
						},
						"0.85": {
							"post": [2.23125, 1.5925, 0],
							"lerp_mode": "catmullrom"
						},
						"0.95": {
							"post": [2.23125, 1.6237, 0.10121],
							"lerp_mode": "catmullrom"
						},
						"1.0167": {
							"post": [2.0375, 1.6263, 1.00129],
							"lerp_mode": "catmullrom"
						},
						"1.0833": {
							"post": [2.23125, 1.64095, -2.09544],
							"lerp_mode": "catmullrom"
						},
						"1.1167": {
							"post": [2.23125, 1.6875, 0.43269],
							"lerp_mode": "catmullrom"
						},
						"1.1833": {
							"post": [2.23125, 1.52458, 0],
							"lerp_mode": "catmullrom"
						},
						"1.2833": {
							"post": [2.23125, 1.54785, 0],
							"lerp_mode": "catmullrom"
						},
						"1.3833": {
							"post": [2.09375, 1.5, 0],
							"lerp_mode": "catmullrom"
						},
						"1.55": {
							"post": [1.74075, 0.11, -0.01],
							"lerp_mode": "catmullrom"
						},
						"1.7": {
							"post": [3, -0.9075, 0],
							"lerp_mode": "catmullrom"
						},
						"1.9833": {
							"post": [3.125, -0.38232, 0.27019],
							"lerp_mode": "catmullrom"
						},
						"2.0667": {
							"post": [2.75, -0.3763, 0.60121],
							"lerp_mode": "catmullrom"
						},
						"2.1667": {
							"post": [4.625, -0.3737, 1.50129],
							"lerp_mode": "catmullrom"
						},
						"2.2667": {
							"post": [4.5, -0.10905, -0.59544],
							"lerp_mode": "catmullrom"
						},
						"2.3333": {
							"post": [2.25, -0.0625, 0.43269],
							"lerp_mode": "catmullrom"
						},
						"2.4": {
							"post": [1.75, 0.27458, 0],
							"lerp_mode": "catmullrom"
						},
						"2.5833": {
							"post": [2, 0.8425, 0],
							"lerp_mode": "catmullrom"
						},
						"2.6833": {
							"post": [1.875, 0.86768, 0.27019],
							"lerp_mode": "catmullrom"
						},
						"2.7333": {
							"post": [1.75, 0.9362, -0.64879],
							"lerp_mode": "catmullrom"
						},
						"2.7667": {
							"post": [2.875, 0.4388, 1.75129],
							"lerp_mode": "catmullrom"
						},
						"2.85": {
							"post": [2.75, 0.4375, -0.06731],
							"lerp_mode": "catmullrom"
						},
						"2.9167": {
							"post": [1, 0.27458, 0.25],
							"lerp_mode": "catmullrom"
						},
						"3.0": {
							"post": [0.65, 0.5, 0.0875],
							"lerp_mode": "catmullrom"
						},
						"3.1333": {
							"post": [0.51, 0.07, 0.28],
							"lerp_mode": "catmullrom"
						},
						"3.1667": {
							"post": [0.325, 0.1, -0.05],
							"lerp_mode": "catmullrom"
						},
						"3.2667": {
							"post": [0.0625, 0, 0.1],
							"lerp_mode": "catmullrom"
						},
						"3.45": {
							"post": [0, 0, 0],
							"lerp_mode": "catmullrom"
						}
					}
				},
				"octagon20": {
					"position": [0, 0, 0.625]
				},
				"constraint": {
					"position": {
						"3.3667": [0.28, 0.4, 0.25],
						"3.4833": [0.4, 0.4, 0.5]
					}
				},
				"left_hand": {
					"rotation": {
						"0.0": [92.57, 29.19, 41.16],
						"0.4833": [94.02573, 21.87481, 38.38466],
						"0.75": {
							"pre": [109.97864, 32.65985, 53.6034],
							"post": [109.97864, 32.65985, 53.6034],
							"lerp_mode": "catmullrom"
						},
						"1.3333": {
							"post": [109.97864, 32.65985, 53.6034],
							"lerp_mode": "catmullrom"
						},
						"1.5833": {
							"post": [122.33389, 28.66989, 64.65914],
							"lerp_mode": "catmullrom"
						},
						"2.2667": {
							"post": [122.33389, 28.66989, 64.65914],
							"lerp_mode": "catmullrom"
						},
						"2.5333": {
							"post": [109.97864, 32.65985, 53.6034],
							"lerp_mode": "catmullrom"
						},
						"2.9833": {
							"post": [99.97864, 32.65985, 53.6034],
							"lerp_mode": "catmullrom"
						},
						"3.2833": [92.57, 29.19, 41.16]
					},
					"position": {
						"0.0": [-4.5, -5.5, -6],
						"3.2833": [-4.5, -5.5, -6]
					},
					"scale": [1, 1.2, 1]
				},
				"right_mag": {
					"rotation": {
						"1.5833": [0, 0, 0],
						"1.7333": {
							"pre": [-15, 1.9375, -10],
							"post": [-15, 1.9375, -10],
							"lerp_mode": "catmullrom"
						},
						"1.85": {
							"post": [-1.25, 0.3125, -1],
							"lerp_mode": "catmullrom"
						},
						"2.0667": [0, 0, 0]
					},
					"position": {
						"1.35": [0, 0, 0],
						"1.3667": [-5, -3, 4],
						"1.5833": {
							"pre": [-3.95, -7.63, 5.95],
							"post": [-3.95, -7.63, 5.95],
							"lerp_mode": "catmullrom"
						},
						"1.7167": {
							"post": [-3.13, 3.28, 1.13],
							"lerp_mode": "catmullrom"
						},
						"1.8167": {
							"post": [-0.3125, 3.5, -0.75],
							"lerp_mode": "catmullrom"
						},
						"1.9": [0, 3.25, -1],
						"2.0667": [0, 3.25, -1],
						"2.0833": [0, 2.88, -1],
						"2.1": [0, 0.5, -1],
						"2.3833": {
							"pre": [0, 0.5, -1],
							"post": [0, 0, 0]
						}
					}
				},
				"mag": {
					"rotation": {
						"1.0333": [0, 0, 0],
						"1.0833": [-27, 20, -31],
						"1.4667": [0, 0, 0]
					},
					"position": {
						"0.2667": [0, 0, 0],
						"0.3": [0, 0.5, -1],
						"1.0333": [0, 0.5, -1],
						"1.05": {
							"pre": [-1.8725, 6.78, -0.87],
							"post": [-1.8725, 6.78, -0.87],
							"lerp_mode": "catmullrom"
						},
						"1.0667": {
							"post": [-7.375, 11, 0],
							"lerp_mode": "catmullrom"
						},
						"1.1": {
							"post": [-11.02, 12.88, 1.11],
							"lerp_mode": "catmullrom"
						},
						"1.2": {
							"post": [-12.71, 12.14, 4.14],
							"lerp_mode": "catmullrom"
						},
						"1.35": [-10, 0, 9],
						"1.4667": [0, 0, 0],
						"2.3833": {
							"pre": [0, 0, 0],
							"post": [0, 0.5, -1]
						}
					}
				},
				"ring1": {
					"rotation": {
						"0.0": {
							"post": [0, 0, 0],
							"lerp_mode": "catmullrom"
						},
						"0.2333": {
							"post": [0, 0, 0],
							"lerp_mode": "catmullrom"
						},
						"0.3667": {
							"post": [0.5, 0, 0],
							"lerp_mode": "catmullrom"
						},
						"0.4833": {
							"post": [-0.5, 0, 0],
							"lerp_mode": "catmullrom"
						},
						"0.6333": {
							"post": [0.5, 0, 0],
							"lerp_mode": "catmullrom"
						},
						"0.7667": {
							"post": [0, 0, 0],
							"lerp_mode": "catmullrom"
						},
						"1.1333": {
							"post": [0, 0, 0],
							"lerp_mode": "catmullrom"
						},
						"1.2667": {
							"post": [0.5, 0, 0],
							"lerp_mode": "catmullrom"
						},
						"1.3833": {
							"post": [-0.5, 0, 0],
							"lerp_mode": "catmullrom"
						},
						"1.5333": {
							"post": [0.5, 0, 0],
							"lerp_mode": "catmullrom"
						},
						"1.6667": {
							"post": [0, 0, 0],
							"lerp_mode": "catmullrom"
						},
						"2.15": {
							"post": [0, 0, 0],
							"lerp_mode": "catmullrom"
						},
						"2.2833": {
							"post": [0.5, 0, 0],
							"lerp_mode": "catmullrom"
						},
						"2.4": {
							"post": [-0.5, 0, 0],
							"lerp_mode": "catmullrom"
						},
						"2.55": {
							"post": [0.5, 0, 0],
							"lerp_mode": "catmullrom"
						},
						"2.7": {
							"post": [0, 0, 0],
							"lerp_mode": "catmullrom"
						},
						"3.1667": {
							"post": [0, 0, 0],
							"lerp_mode": "catmullrom"
						}
					}
				}
			},
			"sound_effects": {
				"0.0": {
					"effect": "bf1:man_m95/boltopen"
				},
				"1.0": {
					"effect": "bf1:man_m95/dropclip"
				},
				"1.4833": {
					"effect": "bf1:man_m95/insertstripper"
				},
				"2.35": {
					"effect": "bf1:man_m95/boltclose"
				}
			}
		},
		"reload_empty": {
			"loop": "hold_on_last_frame",
			"animation_length": 2.7833,
			"bones": {
				"root": {
					"rotation": {
						"0.0": {
							"post": [0, 0, 0],
							"lerp_mode": "catmullrom"
						},
						"0.1833": {
							"post": [-0.25, 0, 5],
							"lerp_mode": "catmullrom"
						},
						"0.3": {
							"post": [-0.25, 0, 5],
							"lerp_mode": "catmullrom"
						},
						"0.5167": {
							"post": [-3.47667, -2, 6.1213],
							"lerp_mode": "catmullrom"
						},
						"0.7167": {
							"post": [-18.15459, -17.24289, 4.89515],
							"lerp_mode": "catmullrom"
						},
						"0.9833": {
							"post": [-16.40459, -20.23289, -10.10485],
							"lerp_mode": "catmullrom"
						},
						"1.4": {
							"post": [-14.94, -20.0706, -10.48],
							"lerp_mode": "catmullrom"
						},
						"1.4333": {
							"post": [-17.08, -20.0062, -10.52],
							"lerp_mode": "catmullrom"
						},
						"1.5833": {
							"post": [-8.5175, -20.0062, -10.52],
							"lerp_mode": "catmullrom"
						},
						"1.7": {
							"post": [-6.21709, -15.66164, -10.10485],
							"lerp_mode": "catmullrom"
						},
						"1.7833": {
							"post": [-6.4425, -10.9258, -4.28],
							"lerp_mode": "catmullrom"
						},
						"1.9": {
							"post": [-7.7825, -9.8034, -3.97],
							"lerp_mode": "catmullrom"
						},
						"2.0333": {
							"post": [-9.46, -9.7436, 2.93],
							"lerp_mode": "catmullrom"
						},
						"2.1667": {
							"post": [-5.88, -14.0308, 2.72],
							"lerp_mode": "catmullrom"
						},
						"2.3333": {
							"post": [-0.705, -12.7014, 5.89],
							"lerp_mode": "catmullrom"
						},
						"2.5167": {
							"post": [1.875, -3, 3],
							"lerp_mode": "catmullrom"
						},
						"2.6333": {
							"post": [-0.4375, 0, 0],
							"lerp_mode": "catmullrom"
						},
						"2.7833": [0, 0, 0]
					},
					"position": {
						"0.0333": [0, 0, 0],
						"0.1333": {
							"pre": [0, -0.3125, 0],
							"post": [0, -0.3125, 0],
							"lerp_mode": "catmullrom"
						},
						"0.2667": {
							"post": [0, -0.4375, -0.1875],
							"lerp_mode": "catmullrom"
						},
						"0.3167": {
							"post": [0, -0.4375, 1.72],
							"lerp_mode": "catmullrom"
						},
						"0.4833": {
							"post": [0, -0.4375, 1.72],
							"lerp_mode": "catmullrom"
						},
						"0.7333": {
							"post": [-1.1, -3.69, -2.53],
							"lerp_mode": "catmullrom"
						},
						"0.9667": {
							"post": [-1.1, -4.19, -1.53],
							"lerp_mode": "catmullrom"
						},
						"1.3833": {
							"post": [-1.06, -3.83, -1.59],
							"lerp_mode": "catmullrom"
						},
						"1.4167": {
							"post": [-1.05, -5.36, -1.6],
							"lerp_mode": "catmullrom"
						},
						"1.5333": {
							"post": [-1.1, -5.19, -1.53],
							"lerp_mode": "catmullrom"
						},
						"1.7833": {
							"post": [0.39, -1.51, -0.92],
							"lerp_mode": "catmullrom"
						},
						"2.0167": {
							"post": [0.13, -1.46, 0.1],
							"lerp_mode": "catmullrom"
						},
						"2.0833": {
							"post": [1.4, -2.05, -2.94],
							"lerp_mode": "catmullrom"
						},
						"2.3167": {
							"post": [1.4, -1.55, -2.94],
							"lerp_mode": "catmullrom"
						},
						"2.45": {
							"post": [-0.25, -1.1875, -0.0625],
							"lerp_mode": "catmullrom"
						},
						"2.5667": {
							"post": [-0.1, -0.16, 0.15],
							"lerp_mode": "catmullrom"
						},
						"2.7167": [0, 0, 0]
					}
				},
				"bolt": {
					"position": {
						"0.2333": [0, 0, 0],
						"0.25": [0, 0, 3.5],
						"0.2667": [0, 0, 4],
						"2.0": [0, 0, 4],
						"2.0167": [0, 0, 0]
					}
				},
				"right_hand": {
					"rotation": {
						"0.0667": [91.60673, -15.47712, -39.18258],
						"0.1": [63.6954, -2.49428, 3.20977],
						"0.2167": [63.6954, -2.49428, 6.70977],
						"0.3333": [42.6954, -2.49428, 2.02227],
						"0.6333": {
							"pre": [91.60673, -15.47712, -39.18258],
							"post": [75.9258, -6.6995, 31.8637]
						},
						"1.3333": [75.93, -6.7, 31.86],
						"1.4": [98.43, -6.7, 31.86],
						"1.6": [97.92578, -6.69949, 31.86371],
						"1.75": {
							"pre": [42.6954, -2.49428, 2.02227],
							"post": [42.6954, -2.49428, 2.02227],
							"lerp_mode": "catmullrom"
						},
						"2.0": {
							"post": [42.6954, -2.49428, 2.02227],
							"lerp_mode": "catmullrom"
						},
						"2.0333": [63.6954, -2.49428, 6.70977],
						"2.2667": [63.6954, -2.49428, 6.70977],
						"2.3833": [91.60673, -15.47712, -39.18258]
					},
					"position": {
						"0.0667": [4.25, -7, 6.25],
						"0.1": [2.18, -4.4625, 4.44],
						"0.1333": [2.52, -3.6675, 4.03],
						"0.2333": [2.52, -3.6675, 4.53],
						"0.25": [2.52, -3.6675, 7.52],
						"0.2667": [2.52, -3.6675, 8.03],
						"0.6333": {
							"pre": [4.25, -7, 6.25],
							"post": [4.25, -3.5, 3.75]
						},
						"1.5833": [4.25, -3.5, 3.75],
						"1.7333": {
							"pre": [2.52, -3.6675, 8.03],
							"post": [2.52, -3.6675, 8.03],
							"lerp_mode": "catmullrom"
						},
						"2.0": {
							"post": [2.52, -3.6675, 8.03],
							"lerp_mode": "catmullrom"
						},
						"2.0167": [2.52, -3.6675, 5.03],
						"2.25": [2.52, -3.6675, 5.03],
						"2.3833": [4.25, -7, 6.25]
					},
					"scale": [1, 1.2, 1]
				},
				"constraint": {
					"position": {
						"2.6667": [0.28, 0.4, 0.25],
						"2.7833": [0.4, 0.4, 0.5]
					}
				},
				"left_hand": {
					"rotation": {
						"0.0": [92.57, 29.19, 41.16],
						"0.4833": [93.01985, 22.02845, 35.6943],
						"0.6167": {
							"pre": [115.08389, 28.66989, 64.65914],
							"post": [115.08389, 28.66989, 64.65914],
							"lerp_mode": "catmullrom"
						},
						"1.55": {
							"post": [114.08389, 28.66989, 64.65914],
							"lerp_mode": "catmullrom"
						},
						"1.8167": {
							"post": [107.47864, 32.65985, 53.6034],
							"lerp_mode": "catmullrom"
						},
						"2.2833": {
							"post": [107.47864, 32.65985, 53.6034],
							"lerp_mode": "catmullrom"
						},
						"2.5833": [92.57, 29.19, 41.16]
					},
					"position": {
						"0.0": [-4.5, -5.5, -6],
						"2.5833": [-4.5, -5.5, -6]
					},
					"scale": [1, 1.2, 1]
				},
				"right_mag": {
					"rotation": {
						"0.8333": [0, 0, 0],
						"1.0167": {
							"pre": [-15, 1.9375, -10],
							"post": [-15, 1.9375, -10],
							"lerp_mode": "catmullrom"
						},
						"1.1333": {
							"post": [-1.25, 0.3125, -1],
							"lerp_mode": "catmullrom"
						},
						"1.35": [0, 0, 0]
					},
					"position": {
						"0.5667": [0, 0, 0],
						"0.5833": [-5, -3, 4],
						"0.8333": {
							"pre": [-3.95, -7.63, 5.95],
							"post": [-3.95, -7.63, 5.95],
							"lerp_mode": "catmullrom"
						},
						"1.0": {
							"post": [-3.13, 3.28, 1.13],
							"lerp_mode": "catmullrom"
						},
						"1.1": {
							"post": [-0.3125, 3.5, -0.75],
							"lerp_mode": "catmullrom"
						},
						"1.1833": [0, 3.25, -1],
						"1.35": [0, 3.25, -1],
						"1.3667": [0, 2.88, -1],
						"1.3833": [0, 0.5, -1],
						"1.6667": {
							"pre": [0, 0.5, -1],
							"post": [0, 0, 0]
						}
					}
				},
				"mag": {
					"rotation": [0, 0, 0],
					"position": {
						"0.0": [0, 0, 0],
						"0.3": {
							"pre": [0, 0, 0],
							"post": [-10, 0, 9]
						},
						"0.6167": [-10, 0, 9],
						"0.7167": [0, 0, 0],
						"1.6667": {
							"pre": [0, 0, 0],
							"post": [0, 0.5, -1]
						}
					}
				},
				"ring1": {
					"rotation": {
						"0.0": {
							"post": [0, 0, 0],
							"lerp_mode": "catmullrom"
						},
						"0.2333": {
							"post": [0, 0, 0],
							"lerp_mode": "catmullrom"
						},
						"0.3667": {
							"post": [0.5, 0, 0],
							"lerp_mode": "catmullrom"
						},
						"0.4833": {
							"post": [-0.5, 0, 0],
							"lerp_mode": "catmullrom"
						},
						"0.65": {
							"post": [-0.5, 0, 0],
							"lerp_mode": "catmullrom"
						},
						"0.7833": {
							"post": [0.5, 0, 0],
							"lerp_mode": "catmullrom"
						},
						"0.9167": {
							"post": [0, 0, 0],
							"lerp_mode": "catmullrom"
						},
						"1.4333": {
							"post": [0, 0, 0],
							"lerp_mode": "catmullrom"
						},
						"1.5667": {
							"post": [0.5, 0, 0],
							"lerp_mode": "catmullrom"
						},
						"1.6833": {
							"post": [-0.5, 0, 0],
							"lerp_mode": "catmullrom"
						},
						"1.8333": {
							"post": [0.5, 0, 0],
							"lerp_mode": "catmullrom"
						},
						"2.0167": {
							"post": [0, 0, 0],
							"lerp_mode": "catmullrom"
						},
						"2.4833": {
							"post": [0, 0, 0],
							"lerp_mode": "catmullrom"
						}
					}
				},
				"bullet1": {
					"rotation": {
						"0.25": [0, 0, 0],
						"0.3333": {
							"pre": [0, 180, 0],
							"post": [0, 0, 0]
						}
					},
					"position": {
						"0.2167": [0, 0, -4],
						"0.25": [0, 0, 0],
						"0.2833": {
							"pre": [-6.4, 4.8, 0],
							"post": [-6.4, 4.8, 0],
							"lerp_mode": "catmullrom"
						},
						"0.3": {
							"post": [-14.6, 7.2, 0],
							"lerp_mode": "catmullrom"
						},
						"0.3167": {
							"pre": [-35, 12, 0],
							"post": [0, 0, 0]
						}
					}
				},
				"camera": {
					"rotation": {
						"0.0": {
							"post": [0, 0, 0],
							"lerp_mode": "catmullrom"
						},
						"0.2167": {
							"post": [1.06875, -0.2825, 0],
							"lerp_mode": "catmullrom"
						},
						"0.2833": {
							"post": [0.875, -0.33, 0.27019],
							"lerp_mode": "catmullrom"
						},
						"0.3167": {
							"post": [1.45625, 0.1925, 0.10121],
							"lerp_mode": "catmullrom"
						},
						"0.3833": {
							"post": [0.875, -0.5675, 3.00129],
							"lerp_mode": "catmullrom"
						},
						"0.4333": {
							"post": [1.06875, -0.0325, -0.09544],
							"lerp_mode": "catmullrom"
						},
						"0.4833": {
							"post": [1.16562, 0.0625, 0.18269],
							"lerp_mode": "catmullrom"
						},
						"0.5667": {
							"post": [1.65, -0.0925, 0.0625],
							"lerp_mode": "catmullrom"
						},
						"0.65": {
							"post": [1.84375, -0.25, 0],
							"lerp_mode": "catmullrom"
						},
						"0.8": {
							"post": [1.99075, -0.39, -0.01],
							"lerp_mode": "catmullrom"
						},
						"1.0": {
							"post": [3, -0.4075, 0],
							"lerp_mode": "catmullrom"
						},
						"1.2667": {
							"post": [3.125, -0.38232, 0.27019],
							"lerp_mode": "catmullrom"
						},
						"1.35": {
							"post": [2.75, -0.3763, 0.60121],
							"lerp_mode": "catmullrom"
						},
						"1.45": {
							"post": [4.625, -0.3737, 1.50129],
							"lerp_mode": "catmullrom"
						},
						"1.55": {
							"post": [4.5, -0.10905, -0.59544],
							"lerp_mode": "catmullrom"
						},
						"1.6167": {
							"post": [2.25, -0.0625, 0.43269],
							"lerp_mode": "catmullrom"
						},
						"1.6833": {
							"post": [1.75, 0.27458, 0],
							"lerp_mode": "catmullrom"
						},
						"1.85": {
							"post": [2, 0.8425, 0],
							"lerp_mode": "catmullrom"
						},
						"1.9833": {
							"post": [1.875, 0.86768, 0.27019],
							"lerp_mode": "catmullrom"
						},
						"2.0333": {
							"post": [1.75, 0.9362, -0.64879],
							"lerp_mode": "catmullrom"
						},
						"2.0667": {
							"post": [2.875, 0.4388, 1.75129],
							"lerp_mode": "catmullrom"
						},
						"2.15": {
							"post": [2.75, 0.4375, -0.06731],
							"lerp_mode": "catmullrom"
						},
						"2.2167": {
							"post": [1, 0.27458, 0.25],
							"lerp_mode": "catmullrom"
						},
						"2.3": {
							"post": [0.65, 0.5, 0.0875],
							"lerp_mode": "catmullrom"
						},
						"2.4333": {
							"post": [0.51, 0.07, 0.28],
							"lerp_mode": "catmullrom"
						},
						"2.4667": {
							"post": [0.325, 0.1, -0.05],
							"lerp_mode": "catmullrom"
						},
						"2.5667": {
							"post": [0.0625, 0, 0.1],
							"lerp_mode": "catmullrom"
						},
						"2.75": {
							"post": [0, 0, 0],
							"lerp_mode": "catmullrom"
						}
					}
				}
			},
			"sound_effects": {
				"0.0": {
					"effect": "bf1:man_m95/boltopen"
				},
				"0.7333": {
					"effect": "bf1:man_m95/insertstripper"
				},
				"1.65": {
					"effect": "bf1:man_m95/boltclose"
				}
			}
		},
		"melee_stock": {
			"animation_length": 1.0667,
			"bones": {
				"left_hand": {
					"rotation": {
						"0.0": [92.57, 29.19, 41.16],
						"0.2": [219.23222, 3.08804, 34.65265],
						"0.8": [219.23222, 3.08804, 34.65265],
						"0.9667": [92.57, 29.19, 41.16]
					},
					"position": {
						"0.0": [-4.5, -5.5, -6],
						"0.1667": [-5.25, -5.25, -3.25],
						"0.8": [-5.25, -5.25, -3.25],
						"0.9333": [-4.5, -5.5, -6]
					},
					"scale": [1, 1.2, 1]
				},
				"right_hand": {
					"rotation": {
						"0.0": [91.60673, -15.47712, -39.18258],
						"0.1667": {
							"pre": [172.60022, -10.50962, -25.34822],
							"post": [172.60022, -10.50962, -25.34822],
							"lerp_mode": "catmullrom"
						},
						"0.4": {
							"post": [186.47522, -10.50962, -25.34822],
							"lerp_mode": "catmullrom"
						},
						"0.5": {
							"post": [223.97522, -10.50962, -30.78572],
							"lerp_mode": "catmullrom"
						},
						"0.8": {
							"post": [206.53772, -10.50962, -30.78572],
							"lerp_mode": "catmullrom"
						},
						"0.9667": [91.60673, -15.47712, -39.18258]
					},
					"position": {
						"0.0": [4.25, -7, 6.25],
						"0.1333": [6.25, -7, 12],
						"0.8": [6.25, -7, 12],
						"0.9333": [4.25, -7, 6.25]
					},
					"scale": [1, 1.2, 1]
				},
				"root": {
					"rotation": {
						"0.0": [0, 0, 0],
						"0.1667": {
							"pre": [-144.49376, 1.5667, 6.39286],
							"post": [-144.49376, 1.5667, 6.39286],
							"lerp_mode": "catmullrom"
						},
						"0.2667": {
							"post": [-165.72, 6.17, 6.83],
							"lerp_mode": "catmullrom"
						},
						"0.4": [-166.63, 6.14, 6.7],
						"0.7": [-168.68126, 6.0667, 6.39286],
						"0.8333": {
							"pre": [-144.49376, 1.5667, 6.39286],
							"post": [-144.49376, 1.5667, 6.39286],
							"lerp_mode": "catmullrom"
						},
						"0.9667": {
							"post": [-17.75, 0, 0],
							"lerp_mode": "catmullrom"
						},
						"1.0667": [0, 0, 0]
					},
					"position": {
						"0.0333": [0, 0, 0],
						"0.1": {
							"pre": [2.25, -3.5, -1.5],
							"post": [2.25, -3.5, -1.5],
							"lerp_mode": "catmullrom"
						},
						"0.1333": {
							"post": [5.5625, 6, 2.5],
							"lerp_mode": "catmullrom"
						},
						"0.2333": {
							"post": [5.6425, 6.86, 4.31],
							"lerp_mode": "catmullrom"
						},
						"0.3667": {
							"post": [5.5825, 6.41, 4.7025],
							"lerp_mode": "catmullrom"
						},
						"0.4": {
							"post": [5.5625, 6, 3],
							"lerp_mode": "catmullrom"
						},
						"0.4333": [4.3125, 2.25, -13],
						"0.5667": {
							"pre": [4.28, 2.2, -13.3775],
							"post": [4.28, 2.2, -13.3775],
							"lerp_mode": "catmullrom"
						},
						"0.6667": {
							"post": [4.375, 2.5, -13],
							"lerp_mode": "catmullrom"
						},
						"0.8333": {
							"post": [4.375, 2.5, -7.75],
							"lerp_mode": "catmullrom"
						},
						"0.9333": {
							"post": [0.5, 0.4375, -0.9375],
							"lerp_mode": "catmullrom"
						},
						"1.0667": [0, 0, 0]
					}
				},
				"camera": {
					"rotation": {
						"0.0": {
							"post": [0, 0, 0],
							"lerp_mode": "catmullrom"
						},
						"0.1": {
							"post": [0.26438, -0.75, 0.75],
							"lerp_mode": "catmullrom"
						},
						"0.2": {
							"post": [-2.82062, 0.25, -0.25],
							"lerp_mode": "catmullrom"
						},
						"0.3": {
							"post": [-2.84, -0.03, 2.31],
							"lerp_mode": "catmullrom"
						},
						"0.3667": {
							"post": [-2.89062, -0.16562, 2],
							"lerp_mode": "catmullrom"
						},
						"0.4": {
							"post": [-4.86562, -1.30312, -0.74975],
							"lerp_mode": "catmullrom"
						},
						"0.4333": {
							"post": [5.75, -2.07187, 7.98725],
							"lerp_mode": "catmullrom"
						},
						"0.4667": {
							"post": [2.18563, -2.14687, -4.25],
							"lerp_mode": "catmullrom"
						},
						"0.5": {
							"post": [4.20313, -2.08437, 1.84286],
							"lerp_mode": "catmullrom"
						},
						"0.5333": {
							"post": [2.82813, -1.86562, -0.06716],
							"lerp_mode": "catmullrom"
						},
						"0.6": {
							"post": [2.62313, -0.29063, 0.46322],
							"lerp_mode": "catmullrom"
						},
						"0.7": {
							"post": [1.26188, -0.29687, -0.00824],
							"lerp_mode": "catmullrom"
						},
						"0.8": {
							"post": [0.14813, -0.01562, 0.06895],
							"lerp_mode": "catmullrom"
						},
						"1.0": {
							"post": [0, 0, 0],
							"lerp_mode": "catmullrom"
						}
					}
				}
			},
			"sound_effects": {
				"0.4": {
					"effect": "bf1:impact3"
				}
			}
		},
		"inspect": {
			"animation_length": 4.65,
			"bones": {
				"root": {
					"rotation": {
						"0.0": {
							"post": [0, 0, 0],
							"lerp_mode": "catmullrom"
						},
						"0.2": {
							"post": [-15.30902, -2.26482, -10.8535],
							"lerp_mode": "catmullrom"
						},
						"0.3": {
							"post": [-19.87196, -3.17785, -17.95906],
							"lerp_mode": "catmullrom"
						},
						"0.4": {
							"post": [-21.02, -3.65, -14.43],
							"lerp_mode": "catmullrom"
						},
						"0.5": {
							"post": [-22.61825, -4.52968, -16.70733],
							"lerp_mode": "catmullrom"
						},
						"0.65": {
							"post": [-22.75, -4.41, -17.665],
							"lerp_mode": "catmullrom"
						},
						"0.85": {
							"post": [-22.62, -4.53, -17.96],
							"lerp_mode": "catmullrom"
						},
						"1.05": {
							"post": [-21.83419, -7.56045, -25.65573],
							"lerp_mode": "catmullrom"
						},
						"1.25": {
							"post": [-21.78, -7.76, -26.34],
							"lerp_mode": "catmullrom"
						},
						"1.5": {
							"post": [-21.78, -7.74, -26.81],
							"lerp_mode": "catmullrom"
						},
						"1.7": {
							"post": [-21.8, -7.68, -27.385],
							"lerp_mode": "catmullrom"
						},
						"2.0": {
							"post": [-21.83419, -7.56045, -25.65573],
							"lerp_mode": "catmullrom"
						},
						"2.1": {
							"post": [-21.83419, -7.56045, -14.65573],
							"lerp_mode": "catmullrom"
						},
						"2.3": {
							"post": [-24.9445, 7.90002, 43.15984],
							"lerp_mode": "catmullrom"
						},
						"2.4": {
							"post": [-24.9445, 7.90002, 59.65984],
							"lerp_mode": "catmullrom"
						},
						"2.55": {
							"post": [-24.95, 7.88, 61.47],
							"lerp_mode": "catmullrom"
						},
						"2.65": {
							"post": [-24.96, 7.86, 60.99],
							"lerp_mode": "catmullrom"
						},
						"2.9": {
							"post": [-25, 7.75, 61.77],
							"lerp_mode": "catmullrom"
						},
						"3.15": {
							"post": [-24.9445, 7.90002, 61.65984],
							"lerp_mode": "catmullrom"
						},
						"3.35": {
							"post": [-24.22873, 9.9815, 70.7622],
							"lerp_mode": "catmullrom"
						},
						"3.6": {
							"post": [-24.16, 10.35, 71.62],
							"lerp_mode": "catmullrom"
						},
						"3.85": {
							"post": [-23.86, 10.06, 70.09],
							"lerp_mode": "catmullrom"
						},
						"4.0": {
							"post": [-21.22873, 8.4815, 60.2622],
							"lerp_mode": "catmullrom"
						},
						"4.15": {
							"post": [-2.67436, -2.84081, 26.11685],
							"lerp_mode": "catmullrom"
						},
						"4.3": {
							"post": [2.37, -2.9, 0.4],
							"lerp_mode": "catmullrom"
						},
						"4.4": {
							"post": [0, 0, 1.25],
							"lerp_mode": "catmullrom"
						},
						"4.5": {
							"post": [0, 0, 0.5],
							"lerp_mode": "catmullrom"
						},
						"4.6": {
							"post": [0, 0, 0],
							"lerp_mode": "catmullrom"
						}
					},
					"position": {
						"0.0": {
							"post": [0, 0, 0],
							"lerp_mode": "catmullrom"
						},
						"0.2": {
							"post": [0.34, 0.1, -1.65],
							"lerp_mode": "catmullrom"
						},
						"0.3": {
							"post": [0.67385, -0.2, -0.8],
							"lerp_mode": "catmullrom"
						},
						"0.45": {
							"post": [0.67385, -0.1, -1],
							"lerp_mode": "catmullrom"
						},
						"2.05": {
							"post": [0.67385, -0.10114, -0.7],
							"lerp_mode": "catmullrom"
						},
						"2.4": {
							"post": [-1.07086, -0.8546, -1.4],
							"lerp_mode": "catmullrom"
						},
						"3.95": {
							"post": [-1.07086, -0.8546, -1.4],
							"lerp_mode": "catmullrom"
						},
						"4.3": {
							"post": [0, -0.925, -0.7],
							"lerp_mode": "catmullrom"
						},
						"4.45": {
							"post": [0.1, 0, 0.3],
							"lerp_mode": "catmullrom"
						},
						"4.55": {
							"post": [0, 0, 0],
							"lerp_mode": "catmullrom"
						}
					}
				},
				"camera": {
					"rotation": {
						"0.0": {
							"post": [0, 0, 0],
							"lerp_mode": "catmullrom"
						},
						"0.1": {
							"post": [0.2525, 0, 0],
							"lerp_mode": "catmullrom"
						},
						"0.3": {
							"post": [-1.875, 0, 0],
							"lerp_mode": "catmullrom"
						},
						"0.7": {
							"post": [-2.3775, 0, 0],
							"lerp_mode": "catmullrom"
						},
						"1.05": {
							"post": [-6.3025, 0.9075, 0.02],
							"lerp_mode": "catmullrom"
						},
						"2.2": {
							"post": [-5.75, 0.8125, 0],
							"lerp_mode": "catmullrom"
						},
						"2.5": {
							"post": [0, -3.4375, -1],
							"lerp_mode": "catmullrom"
						},
						"3.0": {
							"post": [-0.0175, -3.75, -1.14],
							"lerp_mode": "catmullrom"
						},
						"3.25": {
							"post": [6.3, -3.78, -1.13],
							"lerp_mode": "catmullrom"
						},
						"4.1": {
							"post": [6.125, -3.4325, -1],
							"lerp_mode": "catmullrom"
						},
						"4.4": {
							"post": [0.1825, -0.8675, 0.0625],
							"lerp_mode": "catmullrom"
						},
						"4.6": {
							"post": [0, 0, 0],
							"lerp_mode": "catmullrom"
						}
					}
				},
				"left_hand": {
					"rotation": {
						"0.0": [92.57, 29.19, 41.16],
						"0.25": [103.27442, 27.84154, 81.16149],
						"2.0": [103.27442, 27.84154, 81.16149],
						"2.35": [129.29998, 36.00905, 37.78777],
						"3.85": [129.29998, 36.00905, 37.78777],
						"4.15": [109.11318, 44.18784, 35.12904],
						"4.4": [92.57, 29.19, 41.16]
					},
					"position": {
						"0.0": [-4.5, -5.5, -6],
						"0.15": [-4.87, -7, -4.5592],
						"0.3": [-5.25, -5.75, -3.3242],
						"2.0": [-5.25, -5.75, -3.3242],
						"2.2": [-5.25, -7, -6.14],
						"2.35": [-5.25, -5.75, -7],
						"4.05": [-5.25, -5.75, -7],
						"4.25": [-4.5, -5.75, -6],
						"4.4": [-4.5, -5.5, -6]
					},
					"scale": [1, 1.2, 1]
				}
			},
			"sound_effects": {
				"0.0": {
					"effect": "tacz:m700/m700_inspect_up"
				},
				"2.0": {
					"effect": "tacz:m700/m700_inspect_rotate"
				},
				"3.05": {
					"effect": "tacz:m700/m700_reload_empty_rotate"
				},
				"3.8": {
					"effect": "tacz:m700/m700_inspect_end"
				}
			}
		},
		"put_away": {
			"animation_length": 0.4333,
			"bones": {
				"root": {
					"rotation": {
						"0.0": {
							"post": [0, 0, 0],
							"lerp_mode": "catmullrom"
						},
						"0.0667": {
							"post": [-0.51171, -3.6801, -4.19401],
							"lerp_mode": "catmullrom"
						},
						"0.1667": {
							"post": [4.36882, -11.73179, -10.29382],
							"lerp_mode": "catmullrom"
						},
						"0.2667": {
							"post": [16.99835, -17.70783, -19.61271],
							"lerp_mode": "catmullrom"
						},
						"0.3333": {
							"post": [22.5, -27.4, -9.02],
							"lerp_mode": "catmullrom"
						},
						"0.4333": [38.74, -37.82, -13.36]
					},
					"position": {
						"0.0": {
							"post": [0, 0, 0],
							"lerp_mode": "catmullrom"
						},
						"0.0667": {
							"post": [-0.45, -0.49, 0.28],
							"lerp_mode": "catmullrom"
						},
						"0.1667": {
							"post": [-0.67, -1.47, 0.34],
							"lerp_mode": "catmullrom"
						},
						"0.2667": {
							"post": [-0.435, -3.245, 0.06],
							"lerp_mode": "catmullrom"
						},
						"0.3333": {
							"post": [0.22, -5.38, -0.15],
							"lerp_mode": "catmullrom"
						},
						"0.4333": [1.49, -9.585, -0.36]
					}
				},
				"left_hand": {
					"rotation": {
						"0.0": [92.57, 29.19, 41.16],
						"0.1": [68.19947, 17.53996, -14.22237],
						"0.2": [59.89054, 2.83123, -39.56668]
					},
					"position": {
						"0.0": [-4.5, -5.5, -6],
						"0.1667": [-4.5, -2.5, -6]
					},
					"scale": [1, 1.2, 1]
				},
				"camera": {
					"rotation": {
						"0.0": {
							"post": [0, 0, 0],
							"lerp_mode": "catmullrom"
						},
						"0.1": {
							"post": [0.3, 0, -0.125],
							"lerp_mode": "catmullrom"
						},
						"0.2667": {
							"post": [0.64, 0, 0.3],
							"lerp_mode": "catmullrom"
						},
						"0.3333": {
							"post": [0.5, 0, 0.15],
							"lerp_mode": "catmullrom"
						},
						"0.4333": [0, 0, 0]
					}
				}
			}
		},
		"melee_bayonet_charge": {
			"animation_length": 5.3,
			"bones": {
				"root": {
					"rotation": {
						"0.0": [0, 0, 0],
						"0.5": [46.24, 54.9, 44.38],
						"4.8": [46.24, 54.9, 44.38],
						"5.3": [0, 0, 0]
					},
					"position": {
						"0.0": [0, 0, 0],
						"0.5": [-4.24, 8.49, 3.37],
						"4.8": [-4.24, 8.49, 3.37],
						"5.3": [0, 0, 0]
					}
				}
			},
			"sound_effects": {
				"0.0": {
					"effect": "bf1:vo/bayonet1"
				}
			}
		},
		"run_add": {
			"loop": true,
			"animation_length": 2.6667,
			"bones": {
				"root": {
					"rotation": {
						"0.0": {
							"post": [0, 0, 0],
							"lerp_mode": "catmullrom"
						},
						"0.7083": {
							"post": [5.26, 3.57, -1.25],
							"lerp_mode": "catmullrom"
						},
						"1.0833": {
							"post": [-3.59, -6.57, -0.51],
							"lerp_mode": "catmullrom"
						},
						"1.4583": {
							"post": [-5, -12, 0],
							"lerp_mode": "catmullrom"
						},
						"2.0417": {
							"post": [-6.62, 5.5, -7],
							"lerp_mode": "catmullrom"
						},
						"2.6667": {
							"post": [0, 0, 0],
							"lerp_mode": "catmullrom"
						}
					},
					"position": {
						"0.0": {
							"post": [0, 0, 0],
							"lerp_mode": "catmullrom"
						},
						"0.75": {
							"post": [0, 0, 0],
							"lerp_mode": "catmullrom"
						},
						"1.375": {
							"post": [0, 0, 0],
							"lerp_mode": "catmullrom"
						},
						"2.0": {
							"post": [0, 0, 0],
							"lerp_mode": "catmullrom"
						},
						"2.6667": {
							"post": [0, 0, 0],
							"lerp_mode": "catmullrom"
						}
					}
				}
			}
		}
	}
}