{
	"format_version": "1.8.0",
	"animations": {
		"idle": {
			"loop": true,
			"animation_length": 12,
			"bones": {
				"root": {
					"rotation": {
						"0.0": {
							"post": [0, 0, 0],
							"lerp_mode": "catmullrom"
						},
						"0.2": {
							"post": [0, 0, -0.135],
							"lerp_mode": "catmullrom"
						},
						"0.4667": {
							"post": [0.06, 0.0125, -0.0675],
							"lerp_mode": "catmullrom"
						},
						"0.7333": {
							"post": [0.06, 0, -0.1575],
							"lerp_mode": "catmullrom"
						},
						"1.0667": {
							"post": [0.03, -0.0125, 0.03],
							"lerp_mode": "catmullrom"
						},
						"1.2667": {
							"post": [-0.0025, 0, 0.035],
							"lerp_mode": "catmullrom"
						},
						"1.5333": {
							"post": [-0.025, 0, 0.0075],
							"lerp_mode": "catmullrom"
						},
						"1.8667": {
							"post": [-0.0425, 0.0125, 0.1525],
							"lerp_mode": "catmullrom"
						},
						"2.2": {
							"post": [0.0025, 0.0125, 0.1525],
							"lerp_mode": "catmullrom"
						},
						"2.4667": {
							"post": [0.05, 0.0125, 0.28],
							"lerp_mode": "catmullrom"
						},
						"2.8": {
							"post": [0.11, 0, 0.2225],
							"lerp_mode": "catmullrom"
						},
						"3.0": {
							"post": [0.11, 0, 0.0975],
							"lerp_mode": "catmullrom"
						},
						"3.2": {
							"post": [0.1425, 0, 0.1775],
							"lerp_mode": "catmullrom"
						},
						"3.3333": {
							"post": [0.1825, -0.025, 0.0775],
							"lerp_mode": "catmullrom"
						},
						"3.4667": {
							"post": [0.3, 0.0025, 0.185],
							"lerp_mode": "catmullrom"
						},
						"3.6": {
							"post": [0.2775, 0.005, 0.41],
							"lerp_mode": "catmullrom"
						},
						"3.7333": {
							"post": [0.095, -0.15, -0.06],
							"lerp_mode": "catmullrom"
						},
						"3.8667": {
							"post": [-0.155, -0.055, -0.14],
							"lerp_mode": "catmullrom"
						},
						"4.0667": {
							"post": [0.01, 0, -0.09],
							"lerp_mode": "catmullrom"
						},
						"4.2667": {
							"post": [0, 0.0125, 0.01],
							"lerp_mode": "catmullrom"
						},
						"4.4667": {
							"post": [0, 0.0125, -0.1975],
							"lerp_mode": "catmullrom"
						},
						"4.7333": {
							"post": [0.06, 0.0125, -0.12],
							"lerp_mode": "catmullrom"
						},
						"5.1333": {
							"post": [0.06, 0, -0.0325],
							"lerp_mode": "catmullrom"
						},
						"5.4667": {
							"post": [0.03, -0.025, 0.0175],
							"lerp_mode": "catmullrom"
						},
						"5.7333": {
							"post": [0.02, -0.05, 0.1075],
							"lerp_mode": "catmullrom"
						},
						"6.0": {
							"post": [0, -0.025, 0.0075],
							"lerp_mode": "catmullrom"
						},
						"6.4": {
							"post": [0.01, 0, 0.0825],
							"lerp_mode": "catmullrom"
						},
						"6.6667": {
							"post": [0.02, 0, -0.015],
							"lerp_mode": "catmullrom"
						},
						"7.0": {
							"post": [0.09, 0.0125, 0.1525],
							"lerp_mode": "catmullrom"
						},
						"7.2667": {
							"post": [0.1, 0, 0.0925],
							"lerp_mode": "catmullrom"
						},
						"7.6": {
							"post": [0.0975, 0, 0.1675],
							"lerp_mode": "catmullrom"
						},
						"7.8": {
							"post": [0.035, 0, 0.11],
							"lerp_mode": "catmullrom"
						},
						"8.0": {
							"post": [0, 0, 0],
							"lerp_mode": "catmullrom"
						},
						"8.2": {
							"post": [0, 0, -0.0725],
							"lerp_mode": "catmullrom"
						},
						"8.4667": {
							"post": [0.06, 0.0125, -0.0675],
							"lerp_mode": "catmullrom"
						},
						"8.7333": {
							"post": [0.06, 0, -0.1575],
							"lerp_mode": "catmullrom"
						},
						"9.0667": {
							"post": [0.03, -0.0125, 0.03],
							"lerp_mode": "catmullrom"
						},
						"9.2667": {
							"post": [-0.0025, 0, 0.035],
							"lerp_mode": "catmullrom"
						},
						"9.5333": {
							"post": [-0.025, 0, 0.0075],
							"lerp_mode": "catmullrom"
						},
						"9.8667": {
							"post": [-0.0425, 0.0125, 0.09],
							"lerp_mode": "catmullrom"
						},
						"10.2": {
							"post": [0.0025, 0.0125, 0.09],
							"lerp_mode": "catmullrom"
						},
						"10.4667": {
							"post": [0.05, 0.0125, 0.1425],
							"lerp_mode": "catmullrom"
						},
						"10.8": {
							"post": [0.11, 0, 0.1475],
							"lerp_mode": "catmullrom"
						},
						"11.0": {
							"post": [0.11, 0, 0.0975],
							"lerp_mode": "catmullrom"
						},
						"11.2": {
							"post": [0.1425, 0, 0.115],
							"lerp_mode": "catmullrom"
						},
						"11.4": {
							"post": [0.1825, -0.025, 0.0775],
							"lerp_mode": "catmullrom"
						},
						"11.6": {
							"post": [0.1425, 0, 0.1775],
							"lerp_mode": "catmullrom"
						},
						"11.8": {
							"post": [0.045, -0.025, 0.0775],
							"lerp_mode": "catmullrom"
						},
						"12.0": {
							"post": [0, 0, 0],
							"lerp_mode": "catmullrom"
						}
					},
					"position": {
						"0.0": {
							"post": [0, 0, 0],
							"lerp_mode": "catmullrom"
						},
						"0.3333": {
							"post": [-0.01, 0.00025, 0],
							"lerp_mode": "catmullrom"
						},
						"0.6": {
							"post": [-0.01, 0.01675, 0],
							"lerp_mode": "catmullrom"
						},
						"0.8667": {
							"post": [-0.01, 0.04425, 0],
							"lerp_mode": "catmullrom"
						},
						"1.2": {
							"post": [-0.01, 0.03875, 0],
							"lerp_mode": "catmullrom"
						},
						"1.4667": {
							"post": [-0.02, 0.0195, 0],
							"lerp_mode": "catmullrom"
						},
						"1.6667": {
							"post": [-0.04, 0.01675, 0],
							"lerp_mode": "catmullrom"
						},
						"1.9333": {
							"post": [-0.05, 0.003, 0],
							"lerp_mode": "catmullrom"
						},
						"2.0667": {
							"post": [-0.05, -0.02037, 0],
							"lerp_mode": "catmullrom"
						},
						"2.4": {
							"post": [-0.05, -0.016, 0],
							"lerp_mode": "catmullrom"
						},
						"2.7333": {
							"post": [-0.04, -0.04212, 0],
							"lerp_mode": "catmullrom"
						},
						"3.0": {
							"post": [-0.02, -0.06825, 0],
							"lerp_mode": "catmullrom"
						},
						"3.3333": {
							"post": [-0.02, -0.0765, 0],
							"lerp_mode": "catmullrom"
						},
						"3.6": {
							"post": [-0.04, -0.093, 0.0125],
							"lerp_mode": "catmullrom"
						},
						"3.7333": {
							"post": [-0.05, -0.06, -0.0625],
							"lerp_mode": "catmullrom"
						},
						"3.8667": {
							"post": [-0.05, -0.082, 0.025],
							"lerp_mode": "catmullrom"
						},
						"4.0667": {
							"post": [0, -0.04075, 0],
							"lerp_mode": "catmullrom"
						},
						"4.4": {
							"post": [-0.01, -0.01462, 0],
							"lerp_mode": "catmullrom"
						},
						"4.6667": {
							"post": [0, -0.00662, 0],
							"lerp_mode": "catmullrom"
						},
						"5.0667": {
							"post": [-0.03, 0.0305, 0],
							"lerp_mode": "catmullrom"
						},
						"5.4": {
							"post": [-0.02, 0.03325, 0],
							"lerp_mode": "catmullrom"
						},
						"5.7333": {
							"post": [0, 0.02775, 0],
							"lerp_mode": "catmullrom"
						},
						"6.0667": {
							"post": [-0.02, 0.0005, 0],
							"lerp_mode": "catmullrom"
						},
						"6.4667": {
							"post": [-0.05, -0.04075, 0],
							"lerp_mode": "catmullrom"
						},
						"6.7333": {
							"post": [-0.05, -0.05037, 0],
							"lerp_mode": "catmullrom"
						},
						"7.0667": {
							"post": [-0.05, -0.07237, 0],
							"lerp_mode": "catmullrom"
						},
						"7.4667": {
							"post": [-0.05, -0.06, 0],
							"lerp_mode": "catmullrom"
						},
						"7.8": {
							"post": [-0.05, -0.049, 0],
							"lerp_mode": "catmullrom"
						},
						"8.1333": {
							"post": [-0.03, -0.0215, 0],
							"lerp_mode": "catmullrom"
						},
						"8.4": {
							"post": [0, 0.014, 0],
							"lerp_mode": "catmullrom"
						},
						"8.6": {
							"post": [-0.01, 0.02088, 0],
							"lerp_mode": "catmullrom"
						},
						"8.8667": {
							"post": [-0.01, 0.03738, 0],
							"lerp_mode": "catmullrom"
						},
						"9.1333": {
							"post": [-0.01, 0.058, 0],
							"lerp_mode": "catmullrom"
						},
						"9.4667": {
							"post": [-0.01, 0.03875, 0],
							"lerp_mode": "catmullrom"
						},
						"9.7333": {
							"post": [-0.02, 0.0195, 0],
							"lerp_mode": "catmullrom"
						},
						"9.9333": {
							"post": [-0.04, 0.01675, 0],
							"lerp_mode": "catmullrom"
						},
						"10.2": {
							"post": [-0.05, -0.01325, 0],
							"lerp_mode": "catmullrom"
						},
						"10.4667": {
							"post": [-0.05, -0.05037, 0],
							"lerp_mode": "catmullrom"
						},
						"10.8": {
							"post": [-0.05, -0.07787, 0],
							"lerp_mode": "catmullrom"
						},
						"11.0667": {
							"post": [-0.05, -0.06275, 0],
							"lerp_mode": "catmullrom"
						},
						"11.3333": {
							"post": [-0.03, -0.0655, 0],
							"lerp_mode": "catmullrom"
						},
						"11.5333": {
							"post": [-0.02, -0.04075, 0],
							"lerp_mode": "catmullrom"
						},
						"11.8": {
							"post": [-0.02, -0.0215, 0],
							"lerp_mode": "catmullrom"
						},
						"12.0": {
							"post": [0, 0, 0],
							"lerp_mode": "catmullrom"
						}
					}
				},
				"left_hand": {
					"rotation": {
						"0.0": {
							"post": [0, 0, 0],
							"lerp_mode": "catmullrom"
						},
						"1.9333": {
							"post": [1.25, 0.03, 0],
							"lerp_mode": "catmullrom"
						},
						"3.4667": {
							"post": [0.75, 0, 0],
							"lerp_mode": "catmullrom"
						},
						"3.6": {
							"post": [1.08, -0.5, 0],
							"lerp_mode": "catmullrom"
						},
						"3.7333": {
							"post": [2.75, 0, 0],
							"lerp_mode": "catmullrom"
						},
						"3.8667": {
							"post": [0.75, 0, 0],
							"lerp_mode": "catmullrom"
						},
						"5.0667": {
							"post": [0.06, 0, 0],
							"lerp_mode": "catmullrom"
						},
						"7.0667": {
							"post": [1.52, 0, 0],
							"lerp_mode": "catmullrom"
						},
						"9.0": {
							"post": [0.01, 0, 0],
							"lerp_mode": "catmullrom"
						},
						"11.0": {
							"post": [1.35, 0, 0],
							"lerp_mode": "catmullrom"
						},
						"12.0": {
							"post": [0, 0, 0],
							"lerp_mode": "catmullrom"
						}
					},
					"position": {
						"3.4667": [0, 0, 0],
						"3.5333": {
							"pre": [0, -0.05, 0],
							"post": [0, -0.05, 0],
							"lerp_mode": "catmullrom"
						},
						"3.6667": {
							"post": [0, -0.25, 0],
							"lerp_mode": "catmullrom"
						},
						"3.7333": [0, 0, 0]
					}
				}
			}
		},
		"walk_forward": {
			"loop": true,
			"animation_length": 1,
			"bones": {
				"root": {
					"rotation": {
						"0.0": {
							"post": [0, 0, 0.08],
							"lerp_mode": "catmullrom"
						},
						"0.2": {
							"post": [-0.3125, -1.21, 2.51],
							"lerp_mode": "catmullrom"
						},
						"0.35": {
							"post": [1.5, -0.88, 2.84],
							"lerp_mode": "catmullrom"
						},
						"0.5": {
							"post": [0, 0.4375, 2.6],
							"lerp_mode": "catmullrom"
						},
						"0.7": {
							"post": [-0.125, 1.37, 0.84],
							"lerp_mode": "catmullrom"
						},
						"0.85": {
							"post": [1.5, 0.97, -0.4],
							"lerp_mode": "catmullrom"
						},
						"1.0": {
							"post": [0, 0, 0.08],
							"lerp_mode": "catmullrom"
						}
					},
					"position": {
						"0.0": {
							"post": [0.12, -0.81, 0.36],
							"lerp_mode": "catmullrom"
						},
						"0.15": {
							"post": [0.265, -0.57, 0.36],
							"lerp_mode": "catmullrom"
						},
						"0.3": {
							"post": [0.275, -0.53, 0.36],
							"lerp_mode": "catmullrom"
						},
						"0.5": {
							"post": [0.12, -0.81, 0.36],
							"lerp_mode": "catmullrom"
						},
						"0.65": {
							"post": [0.0075, -0.53, 0.36],
							"lerp_mode": "catmullrom"
						},
						"0.8": {
							"post": [0.0075, -0.53, 0.36],
							"lerp_mode": "catmullrom"
						},
						"1.0": {
							"post": [0.12, -0.81, 0.36],
							"lerp_mode": "catmullrom"
						}
					}
				}
			}
		},
		"walk_rightway": {
			"loop": true,
			"animation_length": 1,
			"bones": {
				"root": {
					"rotation": {
						"0.0": {
							"post": [0, 0, -8.92],
							"lerp_mode": "catmullrom"
						},
						"0.2": {
							"post": [-0.3125, -1.21, -6.49],
							"lerp_mode": "catmullrom"
						},
						"0.35": {
							"post": [1.5, -0.88, -6.16],
							"lerp_mode": "catmullrom"
						},
						"0.5": {
							"post": [0, 0.4375, -6.4],
							"lerp_mode": "catmullrom"
						},
						"0.7": {
							"post": [-0.125, 1.37, -8.16],
							"lerp_mode": "catmullrom"
						},
						"0.85": {
							"post": [1.5, 0.97, -9.4],
							"lerp_mode": "catmullrom"
						},
						"1.0": {
							"post": [0, 0, -8.92],
							"lerp_mode": "catmullrom"
						}
					},
					"position": {
						"0.0": {
							"post": [-0.63, -0.81, 0.36],
							"lerp_mode": "catmullrom"
						},
						"0.15": {
							"post": [-0.485, -0.57, 0.36],
							"lerp_mode": "catmullrom"
						},
						"0.3": {
							"post": [-0.475, -0.53, 0.36],
							"lerp_mode": "catmullrom"
						},
						"0.5": {
							"post": [-0.63, -0.81, 0.36],
							"lerp_mode": "catmullrom"
						},
						"0.65": {
							"post": [-0.7425, -0.53, 0.36],
							"lerp_mode": "catmullrom"
						},
						"0.8": {
							"post": [-0.7425, -0.53, 0.36],
							"lerp_mode": "catmullrom"
						},
						"1.0": {
							"post": [-0.63, -0.81, 0.36],
							"lerp_mode": "catmullrom"
						}
					}
				}
			}
		},
		"walk_leftway": {
			"loop": true,
			"animation_length": 1,
			"bones": {
				"root": {
					"rotation": {
						"0.0": {
							"post": [0, 0, 9.08],
							"lerp_mode": "catmullrom"
						},
						"0.2": {
							"post": [-0.3125, -1.21, 11.51],
							"lerp_mode": "catmullrom"
						},
						"0.35": {
							"post": [1.5, -0.88, 11.84],
							"lerp_mode": "catmullrom"
						},
						"0.5": {
							"post": [0, 0.4375, 11.6],
							"lerp_mode": "catmullrom"
						},
						"0.7": {
							"post": [-0.125, 1.37, 9.84],
							"lerp_mode": "catmullrom"
						},
						"0.85": {
							"post": [1.5, 0.97, 8.6],
							"lerp_mode": "catmullrom"
						},
						"1.0": {
							"post": [0, 0, 9.08],
							"lerp_mode": "catmullrom"
						}
					},
					"position": {
						"0.0": {
							"post": [0.87, -0.81, 0.36],
							"lerp_mode": "catmullrom"
						},
						"0.15": {
							"post": [1.015, -0.57, 0.36],
							"lerp_mode": "catmullrom"
						},
						"0.3": {
							"post": [1.025, -0.53, 0.36],
							"lerp_mode": "catmullrom"
						},
						"0.5": {
							"post": [0.87, -0.81, 0.36],
							"lerp_mode": "catmullrom"
						},
						"0.65": {
							"post": [0.7575, -0.53, 0.36],
							"lerp_mode": "catmullrom"
						},
						"0.8": {
							"post": [0.7575, -0.53, 0.36],
							"lerp_mode": "catmullrom"
						},
						"1.0": {
							"post": [0.87, -0.81, 0.36],
							"lerp_mode": "catmullrom"
						}
					}
				}
			}
		},
		"sliding": {
			"animation_length": 1.4,
			"bones": {
				"root": {
					"rotation": {
						"0.0": {
							"post": [7.5, -24, 15],
							"lerp_mode": "catmullrom"
						},
						"0.2": {
							"post": [-1.75, -11.875, 27.5],
							"lerp_mode": "catmullrom"
						},
						"0.3667": {
							"post": [-2.11, 0.02, 25.445],
							"lerp_mode": "catmullrom"
						},
						"0.5667": {
							"post": [-1.79, -1.0725, 21.71],
							"lerp_mode": "catmullrom"
						},
						"0.8": {
							"post": [-1.84, 1.9625, 25.15],
							"lerp_mode": "catmullrom"
						},
						"1.0": {
							"post": [-1.11, -1.0775, 21.95],
							"lerp_mode": "catmullrom"
						},
						"1.2333": {
							"post": [-1.9375, 1, 3.0625],
							"lerp_mode": "catmullrom"
						},
						"1.4": {
							"post": [0, 0, 0],
							"lerp_mode": "catmullrom"
						}
					},
					"position": {
						"0.0": {
							"post": [1.22615, -2.25, 0],
							"lerp_mode": "catmullrom"
						},
						"0.1": {
							"post": [0.12, -2.475, -0.57],
							"lerp_mode": "catmullrom"
						},
						"0.2": {
							"post": [-0.51, -2.2575, -2.24],
							"lerp_mode": "catmullrom"
						},
						"0.3": {
							"post": [-0.875, -1.125, 0.875],
							"lerp_mode": "catmullrom"
						},
						"0.5": {
							"post": [-0.4525, 0.8875, 0.7075],
							"lerp_mode": "catmullrom"
						},
						"0.7": {
							"post": [-1.245, 0.8, 0.875],
							"lerp_mode": "catmullrom"
						},
						"0.9333": {
							"post": [-0.29, 0.48, 0.6875],
							"lerp_mode": "catmullrom"
						},
						"1.1667": {
							"post": [-0.25, -0.3125, 0],
							"lerp_mode": "catmullrom"
						},
						"1.4": {
							"post": [0, 0, 0],
							"lerp_mode": "catmullrom"
						}
					}
				},
				"camera": {
					"rotation": {
						"0.0": {
							"post": [0, 0, 0],
							"lerp_mode": "catmullrom"
						},
						"0.1": {
							"post": [1, 0.25, -0.25],
							"lerp_mode": "catmullrom"
						},
						"0.2": {
							"post": [-1, -0.25, 1],
							"lerp_mode": "catmullrom"
						},
						"0.3333": {
							"post": [0.25, 0.625, -1],
							"lerp_mode": "catmullrom"
						},
						"0.4333": {
							"post": [-0.25, -0.625, 1],
							"lerp_mode": "catmullrom"
						},
						"0.5667": {
							"post": [0.125, 0.3125, -1],
							"lerp_mode": "catmullrom"
						},
						"0.6667": {
							"post": [-0.125, -0.25, 0.75],
							"lerp_mode": "catmullrom"
						},
						"0.8": {
							"post": [0.125, 0.125, -0.25],
							"lerp_mode": "catmullrom"
						},
						"0.9": {
							"post": [-0.0625, -0.125, 0.25],
							"lerp_mode": "catmullrom"
						},
						"1.1": {
							"post": [0, 0.0625, 0],
							"lerp_mode": "catmullrom"
						},
						"1.2667": {
							"post": [0, 0, 0],
							"lerp_mode": "catmullrom"
						},
						"1.4": {
							"post": [0, 0, 0],
							"lerp_mode": "catmullrom"
						}
					}
				}
			}
		},
		"slide": {
			"loop": true,
			"animation_length": 0.75,
			"bones": {
				"mag3": {
					"position": [-6, -23, 6]
				},
				"constraint": {
					"rotation": [0.01, 0.01, 0.01],
					"position": [0.01, 0.01, 0.01]
				},
				"root": {
					"relative_to": {
						"rotation": "entity"
					},
					"rotation": {
						"0.0": [0, 0, 0.01],
						"0.1333": {
							"pre": [-0.51, 0.67, 50.24],
							"post": [-0.51, 0.67, 50.24],
							"lerp_mode": "catmullrom"
						},
						"0.2833": [1.06, 0.24, 56.27],
						"0.3833": [0, 0, 55.44]
					},
					"position": {
						"0.0": [0, 0, 0],
						"0.1167": {
							"pre": [0.18, -0.125, -0.5625],
							"post": [0.18, -0.125, -0.5625],
							"lerp_mode": "catmullrom"
						},
						"0.1833": [0.7425, -0.4025, -0.7],
						"0.35": [0.9375, -0.3125, -0.75]
					}
				}
			}
		},
		"slide_idle": {
			"loop": true,
			"animation_length": 0.9333,
			"bones": {
				"mag3": {
					"position": [-6, -23, 6]
				},
				"constraint": {
					"rotation": [0.01, 0.01, 0.01],
					"position": [0.01, 0.01, 0.01]
				},
				"root": {
					"rotation": [0, 0, 55.44],
					"position": [0.9375, -0.3125, -0.75]
				},
				"camera": {
					"rotation": [0, 0, 0]
				}
			}
		},
		"slide_back": {
			"loop": true,
			"animation_length": 0.85,
			"bones": {
				"mag3": {
					"position": [-6, -23, 6]
				},
				"constraint": {
					"rotation": {
						"0.0": [0.01, 0.01, 0.01],
						"0.15": [0.001, 0.001, 0.001]
					},
					"position": [0.01, 0.01, 0.01]
				},
				"root": {
					"rotation": {
						"0.0": [0, 0, 55.44],
						"0.0833": [-1.26, 0.67, 56.99],
						"0.1667": {
							"pre": [-2.65, 0.08, 48.6375],
							"post": [-2.65, 0.08, 48.6375],
							"lerp_mode": "catmullrom"
						},
						"0.25": {
							"post": [-2.75, -3.1875, 5.25],
							"lerp_mode": "catmullrom"
						},
						"0.3333": [0, -0.6575, -1.62],
						"0.4333": [0, 0, 0]
					},
					"position": {
						"0.0167": [0.9375, -0.3125, -0.75],
						"0.1167": {
							"pre": [0.7425, -0.4375, -0.625],
							"post": [0.7425, -0.4375, -0.625],
							"lerp_mode": "catmullrom"
						},
						"0.2333": {
							"post": [0.2925, -0.6175, -0.3125],
							"lerp_mode": "catmullrom"
						},
						"0.3": [0.005, -0.0625, 0.0625],
						"0.3833": [0, 0, 0]
					}
				}
			}
		},
		"run_start": {
			"animation_length": 0.3,
			"bones": {
				"root": {
					"rotation": {
						"0.0": {
							"post": [0, 0, 0],
							"lerp_mode": "catmullrom"
						},
						"0.0667": {
							"post": [-18.54, -0.7, -3.68],
							"lerp_mode": "catmullrom"
						},
						"0.1667": {
							"post": [-48.135, -0.59, -5.51],
							"lerp_mode": "catmullrom"
						},
						"0.3": {
							"post": [-78.7, 1.54, -4.6],
							"lerp_mode": "catmullrom"
						}
					},
					"position": {
						"0.0": {
							"post": [0, 0, 0],
							"lerp_mode": "catmullrom"
						},
						"0.0667": {
							"post": [-0.8, -1.2675, -0.5675],
							"lerp_mode": "catmullrom"
						},
						"0.1667": {
							"post": [-1.16, -6.4075, -2.3675],
							"lerp_mode": "catmullrom"
						},
						"0.3": {
							"post": [-1.46, -7.38, -4.41],
							"lerp_mode": "catmullrom"
						}
					}
				}
			}
		},
		"run": {
			"loop": true,
			"animation_length": 0.6667,
			"bones": {
				"root": {
					"rotation": {
						"0.0": {
							"post": [-86, 5, -4],
							"lerp_mode": "catmullrom"
						},
						"0.125": {
							"post": [-88.91, 2.63, -3],
							"lerp_mode": "catmullrom"
						},
						"0.25": {
							"post": [-90.5, 1, -2.0625],
							"lerp_mode": "catmullrom"
						},
						"0.375": {
							"post": [-86, 0.52, -2.0625],
							"lerp_mode": "catmullrom"
						},
						"0.4583": {
							"post": [-89.25, 1, -2.3125],
							"lerp_mode": "catmullrom"
						},
						"0.5833": {
							"post": [-90.5, 3.06, -3.3125],
							"lerp_mode": "catmullrom"
						},
						"0.6667": {
							"post": [-86, 5, -4],
							"lerp_mode": "catmullrom"
						}
					},
					"position": {
						"0.0": {
							"post": [-1.805, -7.5, -5.5],
							"lerp_mode": "catmullrom"
						},
						"0.0833": {
							"post": [-1.49721, -6.825, -5.5],
							"lerp_mode": "catmullrom"
						},
						"0.2083": {
							"post": [-0.7815, -6.725, -5.5],
							"lerp_mode": "catmullrom"
						},
						"0.3333": {
							"post": [-0.56317, -7.5, -5.5],
							"lerp_mode": "catmullrom"
						},
						"0.4167": {
							"post": [-0.99136, -6.7875, -5.5],
							"lerp_mode": "catmullrom"
						},
						"0.5417": {
							"post": [-1.5935, -6.7625, -5.5],
							"lerp_mode": "catmullrom"
						},
						"0.6667": {
							"post": [-1.805, -7.5, -5.5],
							"lerp_mode": "catmullrom"
						}
					}
				}
			}
		},
		"run_hold": {
			"loop": true,
			"bones": {
				"root": {
					"rotation": [-86, 5, -4],
					"position": [-1.805, -7.5, -5.5]
				}
			}
		},
		"run_add": {
			"loop": true,
			"animation_length": 2.6667,
			"bones": {
				"root": {
					"rotation": {
						"0.0": {
							"post": [0, 0, 0],
							"lerp_mode": "catmullrom"
						},
						"1.3333": {
							"post": [0, -3.5, -5],
							"lerp_mode": "catmullrom"
						},
						"2.6667": {
							"post": [0, 0, 0],
							"lerp_mode": "catmullrom"
						}
					},
					"position": {
						"0.0": {
							"post": [0, 0, 0],
							"lerp_mode": "catmullrom"
						},
						"0.5833": {
							"post": [-0.75, -0.25, 0],
							"lerp_mode": "catmullrom"
						},
						"1.3333": {
							"post": [-3.5, -1.25, 0],
							"lerp_mode": "catmullrom"
						},
						"2.0": {
							"post": [-1.75, -0.75, 0],
							"lerp_mode": "catmullrom"
						},
						"2.6667": {
							"post": [0, 0, 0],
							"lerp_mode": "catmullrom"
						}
					}
				}
			}
		},
		"run_add_hold": {
			"loop": true,
			"bones": {
				"root": {
					"rotation": [0, 0, 0],
					"position": [0, 0, 0]
				}
			}
		},
		"run_end": {
			"loop": "hold_on_last_frame",
			"animation_length": 0.75,
			"bones": {
				"root": {
					"rotation": {
						"0.0": {
							"post": [-45, 5, -4],
							"lerp_mode": "catmullrom"
						},
						"0.1": {
							"post": [-18.8675, 0.8175, -0.75],
							"lerp_mode": "catmullrom"
						},
						"0.25": {
							"post": [-3.0875, 0.29, 0.19],
							"lerp_mode": "catmullrom"
						},
						"0.45": {
							"post": [0, 0, 0],
							"lerp_mode": "catmullrom"
						},
						"0.7": [0, 0, 0]
					},
					"position": {
						"0.0": {
							"post": [-1.805, -2.5, 0],
							"lerp_mode": "catmullrom"
						},
						"0.1": {
							"post": [-0.46135, -0.875, -0.0125],
							"lerp_mode": "catmullrom"
						},
						"0.25": {
							"post": [0, -0.1575, -0.0175],
							"lerp_mode": "catmullrom"
						},
						"0.45": {
							"post": [0, 0, 0],
							"lerp_mode": "catmullrom"
						},
						"0.7": [0, 0, 0]
					}
				}
			}
		},
		"walk_aiming": {
			"loop": true,
			"animation_length": 1,
			"bones": {
				"root": {
					"rotation": {
						"0.0": [0, 0, 0.22],
						"0.05": [0, -0.16, 0.22],
						"0.1": [0, -0.39, 0.22],
						"0.15": [0, -0.56, 0.2],
						"0.2": [0, -0.65, 0.13],
						"0.25": [0, -0.69, 0.05],
						"0.3": [0, -0.68, -0.03],
						"0.35": [0, -0.53, -0.14],
						"0.4": [0, -0.33, -0.21],
						"0.45": [0, -0.18, -0.21],
						"0.5": [0, 0, -0.16],
						"0.55": [0, 0.19, -0.1],
						"0.6": [0, 0.4, -0.01],
						"0.65": [0, 0.56, 0.06],
						"0.7": [0, 0.66, 0.14],
						"0.75": [0, 0.67, 0.2],
						"0.8": [0, 0.64, 0.24],
						"0.85": [0, 0.52, 0.27],
						"0.9": [0, 0.35, 0.26],
						"0.95": [0, 0.15, 0.24],
						"1.0": [0, 0, 0.22]
					},
					"position": {
						"0.0": [0, -0.07, 0.34],
						"0.05": [-0.03, -0.01, 0.36],
						"0.1": [-0.07, 0.08, 0.39],
						"0.15": [-0.11, 0.14, 0.41],
						"0.2": [-0.11, 0.16, 0.42],
						"0.25": [-0.11, 0.16, 0.42],
						"0.3": [-0.1, 0.14, 0.41],
						"0.35": [-0.09, 0.07, 0.37],
						"0.4": [-0.07, 0, 0.34],
						"0.45": [-0.04, -0.06, 0.34],
						"0.5": [0, -0.07, 0.36],
						"0.55": [0.03, -0.01, 0.38],
						"0.6": [0.07, 0.08, 0.4],
						"0.65": [0.1, 0.14, 0.41],
						"0.7": [0.11, 0.16, 0.42],
						"0.75": [0.1, 0.16, 0.42],
						"0.8": [0.09, 0.14, 0.41],
						"0.85": [0.08, 0.07, 0.39],
						"0.9": [0.06, 0, 0.36],
						"0.95": [0.03, -0.05, 0.35],
						"1.0": [0, -0.07, 0.34]
					}
				}
			}
		},
		"walk_aiming_left": {
			"loop": true,
			"animation_length": 1,
			"bones": {
				"root": {
					"rotation": {
						"0.0": [0, 0, 5.22],
						"0.05": [0, -0.16, 5.22],
						"0.1": [0, -0.39, 5.22],
						"0.15": [0, -0.56, 5.2],
						"0.2": [0, -0.65, 5.13],
						"0.25": [0, -0.69, 5.05],
						"0.3": [0, -0.68, 4.97],
						"0.35": [0, -0.53, 4.86],
						"0.4": [0, -0.33, 4.79],
						"0.45": [0, -0.18, 4.79],
						"0.5": [0, 0, 4.84],
						"0.55": [0, 0.19, 4.9],
						"0.6": [0, 0.4, 4.99],
						"0.65": [0, 0.56, 5.06],
						"0.7": [0, 0.66, 5.14],
						"0.75": [0, 0.67, 5.2],
						"0.8": [0, 0.64, 5.24],
						"0.85": [0, 0.52, 5.27],
						"0.9": [0, 0.35, 5.26],
						"0.95": [0, 0.15, 5.24],
						"1.0": [0, 0, 5.22]
					},
					"position": {
						"0.0": [-0.25, -0.07, 0.34],
						"0.05": [-0.28, -0.01, 0.36],
						"0.1": [-0.32, 0.08, 0.39],
						"0.15": [-0.36, 0.14, 0.41],
						"0.2": [-0.36, 0.16, 0.42],
						"0.25": [-0.36, 0.16, 0.42],
						"0.3": [-0.35, 0.14, 0.41],
						"0.35": [-0.34, 0.07, 0.37],
						"0.4": [-0.32, 0, 0.34],
						"0.45": [-0.29, -0.06, 0.34],
						"0.5": [-0.25, -0.07, 0.36],
						"0.55": [-0.22, -0.01, 0.38],
						"0.6": [-0.18, 0.08, 0.4],
						"0.65": [-0.15, 0.14, 0.41],
						"0.7": [-0.14, 0.16, 0.42],
						"0.75": [-0.15, 0.16, 0.42],
						"0.8": [-0.16, 0.14, 0.41],
						"0.85": [-0.17, 0.07, 0.39],
						"0.9": [-0.19, 0, 0.36],
						"0.95": [-0.22, -0.05, 0.35],
						"1.0": [-0.25, -0.07, 0.34]
					}
				}
			}
		},
		"walk_aiming_right": {
			"loop": true,
			"animation_length": 1,
			"bones": {
				"root": {
					"rotation": {
						"0.0": [0, 0, -4.78],
						"0.05": [0, -0.16, -4.78],
						"0.1": [0, -0.39, -4.78],
						"0.15": [0, -0.56, -4.8],
						"0.2": [0, -0.65, -4.87],
						"0.25": [0, -0.69, -4.95],
						"0.3": [0, -0.68, -5.03],
						"0.35": [0, -0.53, -5.14],
						"0.4": [0, -0.33, -5.21],
						"0.45": [0, -0.18, -5.21],
						"0.5": [0, 0, -5.16],
						"0.55": [0, 0.19, -5.1],
						"0.6": [0, 0.4, -5.01],
						"0.65": [0, 0.56, -4.94],
						"0.7": [0, 0.66, -4.86],
						"0.75": [0, 0.67, -4.8],
						"0.8": [0, 0.64, -4.76],
						"0.85": [0, 0.52, -4.73],
						"0.9": [0, 0.35, -4.74],
						"0.95": [0, 0.15, -4.76],
						"1.0": [0, 0, -4.78]
					},
					"position": {
						"0.0": [0.25, -0.07, 0.34],
						"0.05": [0.22, -0.01, 0.36],
						"0.1": [0.18, 0.08, 0.39],
						"0.15": [0.14, 0.14, 0.41],
						"0.2": [0.14, 0.16, 0.42],
						"0.25": [0.14, 0.16, 0.42],
						"0.3": [0.15, 0.14, 0.41],
						"0.35": [0.16, 0.07, 0.37],
						"0.4": [0.18, 0, 0.34],
						"0.45": [0.21, -0.06, 0.34],
						"0.5": [0.25, -0.07, 0.36],
						"0.55": [0.28, -0.01, 0.38],
						"0.6": [0.32, 0.08, 0.4],
						"0.65": [0.35, 0.14, 0.41],
						"0.7": [0.36, 0.16, 0.42],
						"0.75": [0.35, 0.16, 0.42],
						"0.8": [0.34, 0.14, 0.41],
						"0.85": [0.33, 0.07, 0.39],
						"0.9": [0.31, 0, 0.36],
						"0.95": [0.28, -0.05, 0.35],
						"1.0": [0.25, -0.07, 0.34]
					}
				}
			}
		},
		"walk_backward": {
			"loop": true,
			"animation_length": 1,
			"bones": {
				"root": {
					"rotation": {
						"0.0": {
							"post": [-25, 0, 1.33],
							"lerp_mode": "catmullrom"
						},
						"0.25": {
							"post": [-25, -2.02, 5.95],
							"lerp_mode": "catmullrom"
						},
						"0.5": {
							"post": [-25, -0.48, 6.32],
							"lerp_mode": "catmullrom"
						},
						"0.75": {
							"post": [-25, 1.87, 2.09],
							"lerp_mode": "catmullrom"
						},
						"1.0": {
							"post": [-25, 0, 1.33],
							"lerp_mode": "catmullrom"
						}
					},
					"position": {
						"0.0": {
							"post": [-0.63, -3.31, 2.36],
							"lerp_mode": "catmullrom"
						},
						"0.25": {
							"post": [-0.6, -3.02, 2.36],
							"lerp_mode": "catmullrom"
						},
						"0.5": {
							"post": [-0.63, -3.31, 2.36],
							"lerp_mode": "catmullrom"
						},
						"0.75": {
							"post": [-0.68, -3.02, 2.36],
							"lerp_mode": "catmullrom"
						},
						"1.0": {
							"post": [-0.63, -3.31, 2.36],
							"lerp_mode": "catmullrom"
						}
					}
				}
			}
		},
		"draw": {
			"animation_length": 0.7,
			"bones": {
				"root": {
					"rotation": {
						"0.0": [47.5, 0, 0],
						"0.0333": [40.9, -0.67, 0.98],
						"0.0667": [31.19, -1.67, 2.45],
						"0.1": [19.98, -2.83, 4.13],
						"0.1333": [8.86, -3.92, 5.74],
						"0.1667": [-0.57, -4.78, 7],
						"0.2": [-6.71, -5.19, 7.62],
						"0.2333": [-9.2, -4.84, 7.17],
						"0.2667": [-6.85, -3.76, 5.69],
						"0.3": [-2.77, -2.48, 3.89],
						"0.3333": [-0.07, -1.5, 2.5],
						"0.3667": [0.67, -0.92, 1.63],
						"0.4": [1.02, -0.48, 0.93],
						"0.4333": [1.11, -0.17, 0.39],
						"0.4667": [1.08, 0, 0],
						"0.5": [0.3, -0.28, -0.16],
						"0.5333": [-0.55, -0.66, 0],
						"0.5667": [-0.57, -0.6, 0],
						"0.6": [-0.46, -0.46, 0],
						"0.6333": [-0.28, -0.28, 0],
						"0.6667": [-0.11, -0.11, 0],
						"0.7": [0, 0, 0]
					},
					"position": {
						"0.0": [-4.5, -6.45, 4.05],
						"0.0333": [-4.8, -4.57, 3.06],
						"0.0667": [-4.58, -2.43, 1.8],
						"0.1": [-4.24, -2.07, 1.51],
						"0.1333": [-3.76, -1.75, 1.21],
						"0.1667": [-3.18, -1.45, 0.9],
						"0.2": [-2.55, -1.19, 0.59],
						"0.2333": [-1.92, -0.95, 0.31],
						"0.2667": [-1.33, -0.75, 0.05],
						"0.3": [-0.82, -0.57, -0.15],
						"0.3333": [-0.45, -0.41, -0.3],
						"0.3667": [-0.11, -0.25, -0.39],
						"0.4": [0.03, -0.18, -0.34],
						"0.4333": [0.05, -0.16, -0.22],
						"0.4667": [0.03, -0.17, -0.08],
						"0.5": [0.04, -0.16, 0],
						"0.5333": [0.06, -0.11, 0.02],
						"0.5667": [0.05, -0.09, 0.02],
						"0.6": [0.04, -0.06, 0.01],
						"0.6333": [0.02, -0.04, 0.01],
						"0.6667": [0.01, -0.02, 0],
						"0.7": [0, 0, 0]
					}
				},
				"camera": {
					"rotation": {
						"0.0": {
							"post": [0, 0, 0],
							"lerp_mode": "catmullrom"
						},
						"0.2": {
							"post": [1.075, -0.275, 0.43125],
							"lerp_mode": "catmullrom"
						},
						"0.3667": {
							"post": [0.2625, 0, 0.15],
							"lerp_mode": "catmullrom"
						},
						"0.4667": {
							"post": [-0.06875, 0, -0.08125],
							"lerp_mode": "catmullrom"
						},
						"0.5667": {
							"post": [0.01875, 0, 0.0625],
							"lerp_mode": "catmullrom"
						},
						"0.7": {
							"post": [0, 0, 0],
							"lerp_mode": "catmullrom"
						}
					}
				},
				"constraint": {
					"rotation": {
						"0.0": [1, 1, 1],
						"0.3": [0.2, 0.2, 0.2]
					},
					"position": {
						"0.0": [1, 1, 1],
						"0.3": [0.1, 0.1, 0.1]
					}
				}
			}
		},
		"put_away": {
			"loop": "hold_on_last_frame",
			"animation_length": 0.4,
			"bones": {
				"root": {
					"rotation": {
						"0.0": [0, 0, 0],
						"0.0333": [1.09, -2.84, 4.13],
						"0.0667": [2.19, -5.68, 8.26],
						"0.1": [3.4, -10.91, 13.52],
						"0.1333": [4.6, -16.14, 18.77],
						"0.1667": [4.95, -20.6, 21.25],
						"0.2": [5.29, -25.06, 23.73],
						"0.2333": [5.54, -30.68, 26.32],
						"0.2667": [5.79, -36.3, 28.92],
						"0.3": [5.97, -41.67, 31.22],
						"0.3333": [6.15, -47.04, 33.52],
						"0.3667": [6.28, -50.74, 35.13],
						"0.4": [6.4, -54.44, 36.73]
					},
					"position": {
						"0.0": [0, 0, 0],
						"0.0333": [-0.4, -0.02, 0.07],
						"0.0667": [-0.8, -0.05, 0.14],
						"0.1": [-1.52, -0.45, 0.39],
						"0.1333": [-2.24, -0.85, 0.65],
						"0.1667": [-2.83, -1.49, 0.98],
						"0.2": [-3.41, -2.13, 1.31],
						"0.2333": [-4.14, -3.01, 1.75],
						"0.2667": [-4.88, -3.9, 2.2],
						"0.3": [-5.58, -4.77, 2.64],
						"0.3333": [-6.27, -5.65, 3.08],
						"0.3667": [-6.76, -6.25, 3.38],
						"0.4": [-7.24, -6.85, 3.68]
					}
				},
				"camera": {
					"rotation": {
						"0.0": {
							"post": [0, 0, 0],
							"lerp_mode": "catmullrom"
						},
						"0.1333": {
							"post": [0.35, 0, 0.175],
							"lerp_mode": "catmullrom"
						},
						"0.2333": {
							"post": [0.215, 0, 0.375],
							"lerp_mode": "catmullrom"
						},
						"0.3667": {
							"post": [0, 0, 0],
							"lerp_mode": "catmullrom"
						}
					}
				},
				"constraint": {
					"rotation": {
						"0.0": [0.2, 0.2, 0.2],
						"0.3333": [1, 1, 1]
					},
					"position": {
						"0.0": [0.1, 0.1, 0.1],
						"0.3333": [1, 1, 1]
					}
				}
			}
		}
	}
}