{
	"format_version": "1.8.0",
	"animations": {
		"idle": {
			"loop": true,
			"animation_length": 12,
			"bones": {
				"root": {
					"rotation": {
						"0.0": {
							"post": [0, 0, 0],
							"lerp_mode": "catmullrom"
						},
						"0.2": {
							"post": [0, 0, -0.135],
							"lerp_mode": "catmullrom"
						},
						"0.4667": {
							"post": [0.06, 0.0125, -0.0675],
							"lerp_mode": "catmullrom"
						},
						"0.7333": {
							"post": [0.06, 0, -0.1575],
							"lerp_mode": "catmullrom"
						},
						"1.0667": {
							"post": [0.03, -0.0125, 0.03],
							"lerp_mode": "catmullrom"
						},
						"1.2667": {
							"post": [-0.0025, 0, 0.035],
							"lerp_mode": "catmullrom"
						},
						"1.5333": {
							"post": [-0.025, 0, 0.0075],
							"lerp_mode": "catmullrom"
						},
						"1.8667": {
							"post": [-0.0425, 0.0125, 0.1525],
							"lerp_mode": "catmullrom"
						},
						"2.2": {
							"post": [0.0025, 0.0125, 0.1525],
							"lerp_mode": "catmullrom"
						},
						"2.4667": {
							"post": [0.05, 0.0125, 0.28],
							"lerp_mode": "catmullrom"
						},
						"2.8": {
							"post": [0.11, 0, 0.2225],
							"lerp_mode": "catmullrom"
						},
						"3.0": {
							"post": [0.11, 0, 0.0975],
							"lerp_mode": "catmullrom"
						},
						"3.2": {
							"post": [0.1425, 0, 0.1775],
							"lerp_mode": "catmullrom"
						},
						"3.3333": {
							"post": [0.1825, -0.025, 0.0775],
							"lerp_mode": "catmullrom"
						},
						"3.4667": {
							"post": [0.3, 0.0025, 0.185],
							"lerp_mode": "catmullrom"
						},
						"3.6": {
							"post": [0.2775, 0.005, 0.41],
							"lerp_mode": "catmullrom"
						},
						"3.7333": {
							"post": [0.095, -0.15, -0.06],
							"lerp_mode": "catmullrom"
						},
						"3.8667": {
							"post": [-0.155, -0.055, -0.14],
							"lerp_mode": "catmullrom"
						},
						"4.0667": {
							"post": [0.01, 0, -0.09],
							"lerp_mode": "catmullrom"
						},
						"4.2667": {
							"post": [0, 0.0125, 0.01],
							"lerp_mode": "catmullrom"
						},
						"4.4667": {
							"post": [0, 0.0125, -0.1975],
							"lerp_mode": "catmullrom"
						},
						"4.7333": {
							"post": [0.06, 0.0125, -0.12],
							"lerp_mode": "catmullrom"
						},
						"5.1333": {
							"post": [0.06, 0, -0.0325],
							"lerp_mode": "catmullrom"
						},
						"5.4667": {
							"post": [0.03, -0.025, 0.0175],
							"lerp_mode": "catmullrom"
						},
						"5.7333": {
							"post": [0.02, -0.05, 0.1075],
							"lerp_mode": "catmullrom"
						},
						"6.0": {
							"post": [0, -0.025, 0.0075],
							"lerp_mode": "catmullrom"
						},
						"6.4": {
							"post": [0.01, 0, 0.0825],
							"lerp_mode": "catmullrom"
						},
						"6.6667": {
							"post": [0.02, 0, -0.015],
							"lerp_mode": "catmullrom"
						},
						"7.0": {
							"post": [0.09, 0.0125, 0.1525],
							"lerp_mode": "catmullrom"
						},
						"7.2667": {
							"post": [0.1, 0, 0.0925],
							"lerp_mode": "catmullrom"
						},
						"7.6": {
							"post": [0.0975, 0, 0.1675],
							"lerp_mode": "catmullrom"
						},
						"7.8": {
							"post": [0.035, 0, 0.11],
							"lerp_mode": "catmullrom"
						},
						"8.0": {
							"post": [0, 0, 0],
							"lerp_mode": "catmullrom"
						},
						"8.2": {
							"post": [0, 0, -0.0725],
							"lerp_mode": "catmullrom"
						},
						"8.4667": {
							"post": [0.06, 0.0125, -0.0675],
							"lerp_mode": "catmullrom"
						},
						"8.7333": {
							"post": [0.06, 0, -0.1575],
							"lerp_mode": "catmullrom"
						},
						"9.0667": {
							"post": [0.03, -0.0125, 0.03],
							"lerp_mode": "catmullrom"
						},
						"9.2667": {
							"post": [-0.0025, 0, 0.035],
							"lerp_mode": "catmullrom"
						},
						"9.5333": {
							"post": [-0.025, 0, 0.0075],
							"lerp_mode": "catmullrom"
						},
						"9.8667": {
							"post": [-0.0425, 0.0125, 0.09],
							"lerp_mode": "catmullrom"
						},
						"10.2": {
							"post": [0.0025, 0.0125, 0.09],
							"lerp_mode": "catmullrom"
						},
						"10.4667": {
							"post": [0.05, 0.0125, 0.1425],
							"lerp_mode": "catmullrom"
						},
						"10.8": {
							"post": [0.11, 0, 0.1475],
							"lerp_mode": "catmullrom"
						},
						"11.0": {
							"post": [0.11, 0, 0.0975],
							"lerp_mode": "catmullrom"
						},
						"11.2": {
							"post": [0.1425, 0, 0.115],
							"lerp_mode": "catmullrom"
						},
						"11.4": {
							"post": [0.1825, -0.025, 0.0775],
							"lerp_mode": "catmullrom"
						},
						"11.6": {
							"post": [0.1425, 0, 0.1775],
							"lerp_mode": "catmullrom"
						},
						"11.8": {
							"post": [0.045, -0.025, 0.0775],
							"lerp_mode": "catmullrom"
						},
						"12.0": {
							"post": [0, 0, 0],
							"lerp_mode": "catmullrom"
						}
					},
					"position": {
						"0.0": {
							"post": [0, 0, 0],
							"lerp_mode": "catmullrom"
						},
						"0.3333": {
							"post": [-0.01, 0.05, 0],
							"lerp_mode": "catmullrom"
						},
						"0.6": {
							"post": [-0.01, 0.08, 0],
							"lerp_mode": "catmullrom"
						},
						"0.8667": {
							"post": [-0.01, 0.13, 0],
							"lerp_mode": "catmullrom"
						},
						"1.2": {
							"post": [-0.01, 0.12, 0],
							"lerp_mode": "catmullrom"
						},
						"1.4667": {
							"post": [-0.02, 0.085, 0],
							"lerp_mode": "catmullrom"
						},
						"1.6667": {
							"post": [-0.04, 0.08, 0],
							"lerp_mode": "catmullrom"
						},
						"1.9333": {
							"post": [-0.05, 0.055, 0],
							"lerp_mode": "catmullrom"
						},
						"2.0667": {
							"post": [-0.05, 0.0125, 0],
							"lerp_mode": "catmullrom"
						},
						"2.4": {
							"post": [-0.05, -0.025, 0],
							"lerp_mode": "catmullrom"
						},
						"2.7333": {
							"post": [-0.04, -0.0725, 0],
							"lerp_mode": "catmullrom"
						},
						"3.0": {
							"post": [-0.02, -0.12, 0],
							"lerp_mode": "catmullrom"
						},
						"3.3333": {
							"post": [-0.02, -0.135, 0],
							"lerp_mode": "catmullrom"
						},
						"3.6": {
							"post": [-0.04, -0.165, 0.0125],
							"lerp_mode": "catmullrom"
						},
						"3.7333": {
							"post": [-0.05, -0.105, -0.0625],
							"lerp_mode": "catmullrom"
						},
						"3.8667": {
							"post": [-0.05, -0.145, 0.025],
							"lerp_mode": "catmullrom"
						},
						"4.0667": {
							"post": [0, -0.07, 0],
							"lerp_mode": "catmullrom"
						},
						"4.4": {
							"post": [-0.01, -0.0225, 0],
							"lerp_mode": "catmullrom"
						},
						"4.6667": {
							"post": [0, 0.0375, 0],
							"lerp_mode": "catmullrom"
						},
						"5.0667": {
							"post": [-0.03, 0.105, 0],
							"lerp_mode": "catmullrom"
						},
						"5.4": {
							"post": [-0.02, 0.11, 0],
							"lerp_mode": "catmullrom"
						},
						"5.7333": {
							"post": [0, 0.1, 0],
							"lerp_mode": "catmullrom"
						},
						"6.0667": {
							"post": [-0.02, 0.005, 0],
							"lerp_mode": "catmullrom"
						},
						"6.4667": {
							"post": [-0.05, -0.07, 0],
							"lerp_mode": "catmullrom"
						},
						"6.7333": {
							"post": [-0.05, -0.0875, 0],
							"lerp_mode": "catmullrom"
						},
						"7.0667": {
							"post": [-0.05, -0.1275, 0],
							"lerp_mode": "catmullrom"
						},
						"7.4667": {
							"post": [-0.05, -0.105, 0],
							"lerp_mode": "catmullrom"
						},
						"7.8": {
							"post": [-0.05, -0.085, 0],
							"lerp_mode": "catmullrom"
						},
						"8.1333": {
							"post": [-0.03, -0.035, 0],
							"lerp_mode": "catmullrom"
						},
						"8.4": {
							"post": [0, 0.075, 0],
							"lerp_mode": "catmullrom"
						},
						"8.6": {
							"post": [-0.01, 0.0875, 0],
							"lerp_mode": "catmullrom"
						},
						"8.8667": {
							"post": [-0.01, 0.1175, 0],
							"lerp_mode": "catmullrom"
						},
						"9.1333": {
							"post": [-0.01, 0.155, 0],
							"lerp_mode": "catmullrom"
						},
						"9.4667": {
							"post": [-0.01, 0.12, 0],
							"lerp_mode": "catmullrom"
						},
						"9.7333": {
							"post": [-0.02, 0.085, 0],
							"lerp_mode": "catmullrom"
						},
						"9.9333": {
							"post": [-0.04, 0.08, 0],
							"lerp_mode": "catmullrom"
						},
						"10.2": {
							"post": [-0.05, -0.02, 0],
							"lerp_mode": "catmullrom"
						},
						"10.4667": {
							"post": [-0.05, -0.0875, 0],
							"lerp_mode": "catmullrom"
						},
						"10.8": {
							"post": [-0.05, -0.1375, 0],
							"lerp_mode": "catmullrom"
						},
						"11.0667": {
							"post": [-0.05, -0.11, 0],
							"lerp_mode": "catmullrom"
						},
						"11.3333": {
							"post": [-0.03, -0.115, 0],
							"lerp_mode": "catmullrom"
						},
						"11.5333": {
							"post": [-0.02, -0.07, 0],
							"lerp_mode": "catmullrom"
						},
						"11.8": {
							"post": [-0.02, -0.035, 0],
							"lerp_mode": "catmullrom"
						},
						"12.0": {
							"post": [0, 0, 0],
							"lerp_mode": "catmullrom"
						}
					}
				},
				"left_hand": {
					"rotation": {
						"0.0": {
							"post": [0, 0, 0],
							"lerp_mode": "catmullrom"
						},
						"1.9333": {
							"post": [1.25, 0.03, 0],
							"lerp_mode": "catmullrom"
						},
						"3.4667": {
							"post": [0.75, 0, 0],
							"lerp_mode": "catmullrom"
						},
						"3.6": {
							"post": [1.08, -0.5, 0],
							"lerp_mode": "catmullrom"
						},
						"3.7333": {
							"post": [2.75, 0, 0],
							"lerp_mode": "catmullrom"
						},
						"3.8667": {
							"post": [0.75, 0, 0],
							"lerp_mode": "catmullrom"
						},
						"5.0667": {
							"post": [0.06, 0, 0],
							"lerp_mode": "catmullrom"
						},
						"7.0667": {
							"post": [1.52, 0, 0],
							"lerp_mode": "catmullrom"
						},
						"9.0": {
							"post": [0.01, 0, 0],
							"lerp_mode": "catmullrom"
						},
						"11.0": {
							"post": [1.35, 0, 0],
							"lerp_mode": "catmullrom"
						},
						"12.0": {
							"post": [0, 0, 0],
							"lerp_mode": "catmullrom"
						}
					},
					"position": {
						"3.4667": [0, 0, 0],
						"3.5333": {
							"pre": [0, -0.05, 0],
							"post": [0, -0.05, 0],
							"lerp_mode": "catmullrom"
						},
						"3.6667": {
							"post": [0, -0.25, 0],
							"lerp_mode": "catmullrom"
						},
						"3.7333": [0, 0, 0]
					}
				}
			}
		},
		"run_start": {
			"loop": true,
			"animation_length": 1.125,
			"bones": {
				"root": {
					"rotation": {
						"0.0": {
							"post": [0, 0, 0],
							"lerp_mode": "catmullrom"
						},
						"0.125": {
							"post": [-0.625, 0, 0.75],
							"lerp_mode": "catmullrom"
						},
						"0.5": {
							"post": [-8.20982, -1.875, 11.29624],
							"lerp_mode": "catmullrom"
						},
						"0.7917": {
							"post": [-0.33482, -0.225, 14.29624],
							"lerp_mode": "catmullrom"
						},
						"0.9583": {
							"post": [-13.75, -17.21, 15.21],
							"lerp_mode": "catmullrom"
						},
						"1.125": {
							"post": [-35.08, -32.67, 30.06],
							"lerp_mode": "catmullrom"
						}
					},
					"position": {
						"0.0": {
							"post": [0, 0, 0],
							"lerp_mode": "catmullrom"
						},
						"0.1667": {
							"post": [-0.05695, -3.375, 0.5],
							"lerp_mode": "catmullrom"
						},
						"0.3333": {
							"post": [-0.40759, -3.5, 1.5],
							"lerp_mode": "catmullrom"
						},
						"0.5": {
							"post": [-1.65328, -5.25, 1.5],
							"lerp_mode": "catmullrom"
						},
						"0.6667": {
							"post": [-2.53467, -4.735, 1.55],
							"lerp_mode": "catmullrom"
						},
						"0.8333": {
							"post": [-3.28755, -5.75, 1.5],
							"lerp_mode": "catmullrom"
						},
						"0.9583": {
							"post": [-2.3725, -4.89, 0.33],
							"lerp_mode": "catmullrom"
						},
						"1.125": {
							"post": [-2.06, -5.75, -0.94],
							"lerp_mode": "catmullrom"
						}
					}
				}
			}
		},
		"run": {
			"loop": true,
			"animation_length": 0.6667,
			"bones": {
				"root": {
					"rotation": {
						"0.0": {
							"post": [-39.02, -35.74, 32.48],
							"lerp_mode": "catmullrom"
						},
						"0.2083": {
							"post": [-43.93, -41.75, 29.56],
							"lerp_mode": "catmullrom"
						},
						"0.375": {
							"post": [-39.7, -43.9, 27.85],
							"lerp_mode": "catmullrom"
						},
						"0.5": {
							"post": [-45.5, -40.31, 32.17],
							"lerp_mode": "catmullrom"
						},
						"0.6667": {
							"post": [-39.02, -35.74, 32.48],
							"lerp_mode": "catmullrom"
						}
					},
					"position": {
						"0.0": {
							"post": [-1.93, -5.8, -1.14],
							"lerp_mode": "catmullrom"
						},
						"0.125": {
							"post": [-0.9775, -4.25, -1.14],
							"lerp_mode": "catmullrom"
						},
						"0.25": {
							"post": [0.585, -4.86, -1.14],
							"lerp_mode": "catmullrom"
						},
						"0.3333": {
							"post": [0.8825, -5.8, -1.14],
							"lerp_mode": "catmullrom"
						},
						"0.4583": {
							"post": [0.075, -4.38, -1.14],
							"lerp_mode": "catmullrom"
						},
						"0.5833": {
							"post": [-1.6275, -4.8125, -1.14],
							"lerp_mode": "catmullrom"
						},
						"0.6667": {
							"post": [-1.93, -5.8, -1.14],
							"lerp_mode": "catmullrom"
						}
					}
				}
			}
		},
		"run_add": {
			"loop": true,
			"animation_length": 2.6667,
			"bones": {
				"root": {
					"rotation": {
						"0.0": {
							"post": [0, 0, 0],
							"lerp_mode": "catmullrom"
						},
						"1.3333": {
							"post": [-3, -16, 0],
							"lerp_mode": "catmullrom"
						},
						"2.6667": {
							"post": [0, 0, 0],
							"lerp_mode": "catmullrom"
						}
					},
					"position": {
						"0.0": {
							"post": [0, 0, 0],
							"lerp_mode": "catmullrom"
						},
						"0.6667": {
							"post": [0, -0.125, -0.125],
							"lerp_mode": "catmullrom"
						},
						"1.3333": {
							"post": [2.5, -0.25, -0.5],
							"lerp_mode": "catmullrom"
						},
						"2.0": {
							"post": [1, -0.125, -0.125],
							"lerp_mode": "catmullrom"
						},
						"2.6667": {
							"post": [0, 0, 0],
							"lerp_mode": "catmullrom"
						}
					}
				}
			}
		},
		"run_hold": {
			"loop": true,
			"bones": {
				"root": {
					"rotation": [-39.02, -35.74, 32.48],
					"position": [-1.93, -5.8, -1.14]
				}
			}
		},
		"run_add_hold": {
			"loop": true,
			"bones": {
				"root": {
					"rotation": [0, 0, 0],
					"position": [0, 0, 0]
				}
			}
		},
		"run_end": {
			"loop": "hold_on_last_frame",
			"animation_length": 0.75,
			"bones": {
				"root": {
					"rotation": {
						"0.0": {
							"post": [-5, -25, 15],
							"lerp_mode": "catmullrom"
						},
						"0.15": {
							"post": [-1.055, -6.995, 2.6875],
							"lerp_mode": "catmullrom"
						},
						"0.3": {
							"post": [-0.275, -0.96, 0.19],
							"lerp_mode": "catmullrom"
						},
						"0.45": {
							"post": [0, 0, 0],
							"lerp_mode": "catmullrom"
						},
						"0.75": [0, 0, 0]
					},
					"position": {
						"0.0": {
							"post": [0.47615, -2.25, 0],
							"lerp_mode": "catmullrom"
						},
						"0.15": {
							"post": [0.20115, -1.125, -0.0125],
							"lerp_mode": "catmullrom"
						},
						"0.3": {
							"post": [0.0375, -0.22, -0.0175],
							"lerp_mode": "catmullrom"
						},
						"0.45": {
							"post": [0, -0.025, 0],
							"lerp_mode": "catmullrom"
						},
						"0.75": [0, 0, 0]
					}
				}
			}
		},
		"walk_aiming": {
			"loop": true,
			"animation_length": 1,
			"bones": {
				"root": {
					"rotation": {
						"0.0": [0, 0, 0.22],
						"0.05": [0, -0.16, 0.22],
						"0.1": [0, -0.39, 0.22],
						"0.15": [0, -0.56, 0.2],
						"0.2": [0, -0.65, 0.13],
						"0.25": [0, -0.69, 0.05],
						"0.3": [0, -0.68, -0.03],
						"0.35": [0, -0.53, -0.14],
						"0.4": [0, -0.33, -0.21],
						"0.45": [0, -0.18, -0.21],
						"0.5": [0, 0, -0.16],
						"0.55": [0, 0.19, -0.1],
						"0.6": [0, 0.4, -0.01],
						"0.65": [0, 0.56, 0.06],
						"0.7": [0, 0.66, 0.14],
						"0.75": [0, 0.67, 0.2],
						"0.8": [0, 0.64, 0.24],
						"0.85": [0, 0.52, 0.27],
						"0.9": [0, 0.35, 0.26],
						"0.95": [0, 0.15, 0.24],
						"1.0": [0, 0, 0.22]
					},
					"position": {
						"0.0": [0, -0.07, 0.34],
						"0.05": [-0.03, -0.01, 0.36],
						"0.1": [-0.07, 0.08, 0.39],
						"0.15": [-0.11, 0.14, 0.41],
						"0.2": [-0.11, 0.16, 0.42],
						"0.25": [-0.11, 0.16, 0.42],
						"0.3": [-0.1, 0.14, 0.41],
						"0.35": [-0.09, 0.07, 0.37],
						"0.4": [-0.07, 0, 0.34],
						"0.45": [-0.04, -0.06, 0.34],
						"0.5": [0, -0.07, 0.36],
						"0.55": [0.03, -0.01, 0.38],
						"0.6": [0.07, 0.08, 0.4],
						"0.65": [0.1, 0.14, 0.41],
						"0.7": [0.11, 0.16, 0.42],
						"0.75": [0.1, 0.16, 0.42],
						"0.8": [0.09, 0.14, 0.41],
						"0.85": [0.08, 0.07, 0.39],
						"0.9": [0.06, 0, 0.36],
						"0.95": [0.03, -0.05, 0.35],
						"1.0": [0, -0.07, 0.34]
					}
				}
			}
		},
		"walk_forward": {
			"loop": true,
			"animation_length": 1,
			"bones": {
				"root": {
					"rotation": {
						"0.0": {
							"post": [0.125, 0, 1.53199],
							"lerp_mode": "catmullrom"
						},
						"0.15": {
							"post": [0.035, 0.27, 1.76],
							"lerp_mode": "catmullrom"
						},
						"0.3": {
							"post": [0.055, 0.43, 2.39],
							"lerp_mode": "catmullrom"
						},
						"0.45": {
							"post": [0.25, 0.43609, 3.33984],
							"lerp_mode": "catmullrom"
						},
						"0.55": {
							"post": [0, 0.25, 2.30156],
							"lerp_mode": "catmullrom"
						},
						"0.65": {
							"post": [-0.015, -0.18, 1.43],
							"lerp_mode": "catmullrom"
						},
						"0.75": {
							"post": [0, -0.56797, 1.26875],
							"lerp_mode": "catmullrom"
						},
						"0.9": {
							"post": [0, -0.3425, 1.97563],
							"lerp_mode": "catmullrom"
						},
						"1.0": {
							"post": [0.125, 0, 1.53199],
							"lerp_mode": "catmullrom"
						}
					},
					"position": {
						"0.0": {
							"post": [0.05859, -0.76219, 0.635],
							"lerp_mode": "catmullrom"
						},
						"0.15": {
							"post": [-0.10547, -0.42031, 0.63438],
							"lerp_mode": "catmullrom"
						},
						"0.3": {
							"post": [-0.22656, -0.38359, 0.635],
							"lerp_mode": "catmullrom"
						},
						"0.4": {
							"post": [-0.22141, -0.72875, 0.635],
							"lerp_mode": "catmullrom"
						},
						"0.5": {
							"post": [-0.09141, -0.76219, 0.635],
							"lerp_mode": "catmullrom"
						},
						"0.65": {
							"post": [0.07422, -0.48281, 0.63438],
							"lerp_mode": "catmullrom"
						},
						"0.8": {
							"post": [0.12031, -0.44609, 0.635],
							"lerp_mode": "catmullrom"
						},
						"0.9": {
							"post": [0.11609, -0.79125, 0.635],
							"lerp_mode": "catmullrom"
						},
						"1.0": {
							"post": [0.05859, -0.76219, 0.635],
							"lerp_mode": "catmullrom"
						}
					}
				}
			}
		},
		"walk_backward": {
			"loop": true,
			"animation_length": 1,
			"bones": {
				"root": {
					"rotation": {
						"0.0": {
							"post": [0.125, 0, 1.53199],
							"lerp_mode": "catmullrom"
						},
						"0.15": {
							"post": [0.035, 0.27, 1.76],
							"lerp_mode": "catmullrom"
						},
						"0.3": {
							"post": [0.055, 0.43, 2.39],
							"lerp_mode": "catmullrom"
						},
						"0.45": {
							"post": [0.25, 0.43609, 3.33984],
							"lerp_mode": "catmullrom"
						},
						"0.55": {
							"post": [0, 0.25, 2.30156],
							"lerp_mode": "catmullrom"
						},
						"0.65": {
							"post": [-0.015, -0.18, 1.43],
							"lerp_mode": "catmullrom"
						},
						"0.75": {
							"post": [0, -0.56797, 1.26875],
							"lerp_mode": "catmullrom"
						},
						"0.9": {
							"post": [0, -0.3425, 1.97563],
							"lerp_mode": "catmullrom"
						},
						"1.0": {
							"post": [0.125, 0, 1.53199],
							"lerp_mode": "catmullrom"
						}
					},
					"position": {
						"0.0": {
							"post": [0.05859, -0.76219, 0.885],
							"lerp_mode": "catmullrom"
						},
						"0.15": {
							"post": [-0.10547, -0.42031, 0.88438],
							"lerp_mode": "catmullrom"
						},
						"0.3": {
							"post": [-0.22656, -0.38359, 0.885],
							"lerp_mode": "catmullrom"
						},
						"0.4": {
							"post": [-0.22141, -0.72875, 0.885],
							"lerp_mode": "catmullrom"
						},
						"0.5": {
							"post": [-0.09141, -0.76219, 0.885],
							"lerp_mode": "catmullrom"
						},
						"0.65": {
							"post": [0.07422, -0.48281, 0.88438],
							"lerp_mode": "catmullrom"
						},
						"0.8": {
							"post": [0.12031, -0.44609, 0.885],
							"lerp_mode": "catmullrom"
						},
						"0.9": {
							"post": [0.11609, -0.79125, 0.885],
							"lerp_mode": "catmullrom"
						},
						"1.0": {
							"post": [0.05859, -0.76219, 0.885],
							"lerp_mode": "catmullrom"
						}
					}
				}
			}
		},
		"walk_leftway": {
			"loop": true,
			"animation_length": 1,
			"bones": {
				"root": {
					"rotation": {
						"0.0": {
							"post": [0.125, 0, 6.53199],
							"lerp_mode": "catmullrom"
						},
						"0.15": {
							"post": [0.035, 0.27, 6.76],
							"lerp_mode": "catmullrom"
						},
						"0.3": {
							"post": [0.055, 0.43, 7.39],
							"lerp_mode": "catmullrom"
						},
						"0.45": {
							"post": [0.25, 0.43609, 8.33984],
							"lerp_mode": "catmullrom"
						},
						"0.55": {
							"post": [0, 0.25, 7.30156],
							"lerp_mode": "catmullrom"
						},
						"0.65": {
							"post": [-0.015, -0.18, 6.43],
							"lerp_mode": "catmullrom"
						},
						"0.75": {
							"post": [0, -0.56797, 6.26875],
							"lerp_mode": "catmullrom"
						},
						"0.9": {
							"post": [0, -0.3425, 6.97563],
							"lerp_mode": "catmullrom"
						},
						"1.0": {
							"post": [0.125, 0, 6.53199],
							"lerp_mode": "catmullrom"
						}
					},
					"position": {
						"0.0": {
							"post": [0.55859, -0.76219, 0.635],
							"lerp_mode": "catmullrom"
						},
						"0.15": {
							"post": [0.39453, -0.42031, 0.63438],
							"lerp_mode": "catmullrom"
						},
						"0.3": {
							"post": [0.27344, -0.38359, 0.635],
							"lerp_mode": "catmullrom"
						},
						"0.4": {
							"post": [0.27859, -0.72875, 0.635],
							"lerp_mode": "catmullrom"
						},
						"0.5": {
							"post": [0.40859, -0.76219, 0.635],
							"lerp_mode": "catmullrom"
						},
						"0.65": {
							"post": [0.57422, -0.48281, 0.63438],
							"lerp_mode": "catmullrom"
						},
						"0.8": {
							"post": [0.62031, -0.44609, 0.635],
							"lerp_mode": "catmullrom"
						},
						"0.9": {
							"post": [0.61609, -0.79125, 0.635],
							"lerp_mode": "catmullrom"
						},
						"1.0": {
							"post": [0.55859, -0.76219, 0.635],
							"lerp_mode": "catmullrom"
						}
					}
				}
			}
		},
		"walk_rightway": {
			"loop": true,
			"animation_length": 1,
			"bones": {
				"root": {
					"rotation": {
						"0.0": {
							"post": [0.125, 0, -3.46801],
							"lerp_mode": "catmullrom"
						},
						"0.15": {
							"post": [0.035, 0.27, -3.24],
							"lerp_mode": "catmullrom"
						},
						"0.3": {
							"post": [0.055, 0.43, -2.61],
							"lerp_mode": "catmullrom"
						},
						"0.45": {
							"post": [0.25, 0.43609, -1.66016],
							"lerp_mode": "catmullrom"
						},
						"0.55": {
							"post": [0, 0.25, -2.69844],
							"lerp_mode": "catmullrom"
						},
						"0.65": {
							"post": [-0.015, -0.18, -3.57],
							"lerp_mode": "catmullrom"
						},
						"0.75": {
							"post": [0, -0.56797, -3.73125],
							"lerp_mode": "catmullrom"
						},
						"0.9": {
							"post": [0, -0.3425, -3.02437],
							"lerp_mode": "catmullrom"
						},
						"1.0": {
							"post": [0.125, 0, -3.46801],
							"lerp_mode": "catmullrom"
						}
					},
					"position": {
						"0.0": {
							"post": [-0.44141, -0.76219, 0.635],
							"lerp_mode": "catmullrom"
						},
						"0.15": {
							"post": [-0.60547, -0.42031, 0.63438],
							"lerp_mode": "catmullrom"
						},
						"0.3": {
							"post": [-0.72656, -0.38359, 0.635],
							"lerp_mode": "catmullrom"
						},
						"0.4": {
							"post": [-0.72141, -0.72875, 0.635],
							"lerp_mode": "catmullrom"
						},
						"0.5": {
							"post": [-0.59141, -0.76219, 0.635],
							"lerp_mode": "catmullrom"
						},
						"0.65": {
							"post": [-0.42578, -0.48281, 0.63438],
							"lerp_mode": "catmullrom"
						},
						"0.8": {
							"post": [-0.37969, -0.44609, 0.635],
							"lerp_mode": "catmullrom"
						},
						"0.9": {
							"post": [-0.38391, -0.79125, 0.635],
							"lerp_mode": "catmullrom"
						},
						"1.0": {
							"post": [-0.44141, -0.76219, 0.635],
							"lerp_mode": "catmullrom"
						}
					}
				}
			}
		},
		"sliding": {
			"animation_length": 1.4,
			"bones": {
				"root": {
					"rotation": {
						"0.0": {
							"post": [7.5, -24, 15],
							"lerp_mode": "catmullrom"
						},
						"0.2": {
							"post": [-1.75, -11.875, 27.5],
							"lerp_mode": "catmullrom"
						},
						"0.3667": {
							"post": [-0.9725, 0.02, 25.445],
							"lerp_mode": "catmullrom"
						},
						"0.5667": {
							"post": [-1.79, -1.0725, 21.71],
							"lerp_mode": "catmullrom"
						},
						"0.8": {
							"post": [-0.7025, 1.9625, 25.15],
							"lerp_mode": "catmullrom"
						},
						"1.0": {
							"post": [-1.86, -1.0775, 21.95],
							"lerp_mode": "catmullrom"
						},
						"1.2333": {
							"post": [-0.3, 1, 3.0625],
							"lerp_mode": "catmullrom"
						},
						"1.4": {
							"post": [0, 0, 0],
							"lerp_mode": "catmullrom"
						}
					},
					"position": {
						"0.0": {
							"post": [1.22615, -2.25, 0],
							"lerp_mode": "catmullrom"
						},
						"0.1": {
							"post": [0.12, -1.975, -0.57],
							"lerp_mode": "catmullrom"
						},
						"0.2": {
							"post": [-2.01, -1.5075, -2.24],
							"lerp_mode": "catmullrom"
						},
						"0.3": {
							"post": [-2.875, -0.375, 0.875],
							"lerp_mode": "catmullrom"
						},
						"0.5": {
							"post": [-2.4525, 1.6375, 0.7075],
							"lerp_mode": "catmullrom"
						},
						"0.7": {
							"post": [-3.245, 1.55, 0.875],
							"lerp_mode": "catmullrom"
						},
						"0.8667": {
							"post": [-2.76, 0.76, 0.75],
							"lerp_mode": "catmullrom"
						},
						"1.0": {
							"post": [-0.86, 0.2, 0.51],
							"lerp_mode": "catmullrom"
						},
						"1.1667": {
							"post": [0, -0.3125, 0],
							"lerp_mode": "catmullrom"
						},
						"1.4": {
							"post": [0, 0, 0],
							"lerp_mode": "catmullrom"
						}
					}
				},
				"camera": {
					"rotation": {
						"0.0": {
							"post": [0, 0, 0],
							"lerp_mode": "catmullrom"
						},
						"0.1": {
							"post": [1, 0.25, -0.25],
							"lerp_mode": "catmullrom"
						},
						"0.2": {
							"post": [-1, -0.25, 1],
							"lerp_mode": "catmullrom"
						},
						"0.3": {
							"post": [0.375, 0.625, -1],
							"lerp_mode": "catmullrom"
						},
						"0.4": {
							"post": [-0.25, -0.625, 1],
							"lerp_mode": "catmullrom"
						},
						"0.5": {
							"post": [0.125, 0.3125, -1],
							"lerp_mode": "catmullrom"
						},
						"0.6": {
							"post": [-0.125, -0.25, 0.75],
							"lerp_mode": "catmullrom"
						},
						"0.7": {
							"post": [0.125, 0.125, -0.5],
							"lerp_mode": "catmullrom"
						},
						"0.8": {
							"post": [-0.0625, -0.125, 0.5],
							"lerp_mode": "catmullrom"
						},
						"0.9": {
							"post": [0.125, 0.125, -0.0625],
							"lerp_mode": "catmullrom"
						},
						"1.0": {
							"post": [-0.0625, -0.125, 0.0625],
							"lerp_mode": "catmullrom"
						},
						"1.1": {
							"post": [0, 0.0625, 0],
							"lerp_mode": "catmullrom"
						},
						"1.2667": {
							"post": [0, 0, 0],
							"lerp_mode": "catmullrom"
						},
						"1.4": {
							"post": [0, 0, 0],
							"lerp_mode": "catmullrom"
						}
					}
				}
			}
		},
		"slide": {
			"loop": "hold_on_last_frame",
			"animation_length": 0.5,
			"bones": {
				"root": {
					"relative_to": {
						"rotation": "entity"
					},
					"rotation": {
						"0.0": [0, 0, 0.01],
						"0.1167": {
							"pre": [-0.635, 0.67, 15.49],
							"post": [-0.635, 0.67, 15.49],
							"lerp_mode": "catmullrom"
						},
						"0.2667": {
							"post": [-0.315, -0.2725, 22.145],
							"lerp_mode": "catmullrom"
						},
						"0.35": {
							"post": [0.115, 0.01, 22.915],
							"lerp_mode": "catmullrom"
						},
						"0.4333": {
							"post": [0.08, 0.02, 22.0825],
							"lerp_mode": "catmullrom"
						},
						"0.5": [0, 0, 22.5]
					},
					"position": {
						"0.0": [0, 0, 0],
						"0.1": {
							"pre": [-0.57, 0.625, -0.1875],
							"post": [-0.57, 0.625, -0.1875],
							"lerp_mode": "catmullrom"
						},
						"0.2": {
							"post": [-1.695, 0.91, -0.2625],
							"lerp_mode": "catmullrom"
						},
						"0.2667": {
							"post": [-1.9525, 0.98, 0.0875],
							"lerp_mode": "catmullrom"
						},
						"0.3833": {
							"post": [-2.0025, 0.98, -0.0625],
							"lerp_mode": "catmullrom"
						},
						"0.5": [-2, 1, 0]
					}
				},
				"camera": {
					"rotation": {
						"0.0": [0, 0, 0],
						"0.1": {
							"pre": [0, 0, 0],
							"post": [0, 0, 0],
							"lerp_mode": "catmullrom"
						},
						"0.2333": {
							"post": [0, 0, 0],
							"lerp_mode": "catmullrom"
						},
						"0.3167": {
							"post": [-0.0625, 0, -0.1875],
							"lerp_mode": "catmullrom"
						},
						"0.3667": {
							"post": [-0.0625, 0, 0.125],
							"lerp_mode": "catmullrom"
						},
						"0.45": [0, 0, 0]
					}
				}
			}
		},
		"slide_idle": {
			"loop": true,
			"bones": {
				"root": {
					"rotation": [0, 0, 22.5],
					"position": [-2, 1, 0]
				}
			}
		},
		"slide_back": {
			"loop": "hold_on_last_frame",
			"animation_length": 0.45,
			"bones": {
				"constraint": {
					"rotation": {
						"0.0": [0.01, 0.01, 0.01],
						"0.15": [0.001, 0.001, 0.001]
					},
					"position": [0.01, 0.01, 0.01]
				},
				"root": {
					"rotation": {
						"0.0": [0, 0, 22.5],
						"0.0833": {
							"pre": [0.24, 0.67, 21.24],
							"post": [0.24, 0.67, 21.24],
							"lerp_mode": "catmullrom"
						},
						"0.1667": {
							"post": [-1.15, 0.08, 11.3875],
							"lerp_mode": "catmullrom"
						},
						"0.25": {
							"post": [-1.25, -0.3125, 1.8125],
							"lerp_mode": "catmullrom"
						},
						"0.35": {
							"post": [0, 0.2175, -0.0575],
							"lerp_mode": "catmullrom"
						},
						"0.45": [0, 0, 0]
					},
					"position": {
						"0.0": [-2, 1, 0],
						"0.0667": {
							"pre": [-1.8841, 0.4375, -0.0625],
							"post": [-1.8841, 0.4375, -0.0625],
							"lerp_mode": "catmullrom"
						},
						"0.1667": {
							"post": [-1.246, 0.125, -0.375],
							"lerp_mode": "catmullrom"
						},
						"0.25": {
							"post": [-0.4575, 0.0075, -0.375],
							"lerp_mode": "catmullrom"
						},
						"0.3167": {
							"post": [-0.0575, 0, -0.1875],
							"lerp_mode": "catmullrom"
						},
						"0.3833": {
							"post": [0, 0, 0],
							"lerp_mode": "catmullrom"
						},
						"0.45": [0, 0, 0]
					}
				},
				"camera": {
					"rotation": {
						"0.0": [0, 0, 0],
						"0.0833": {
							"pre": [0.0625, 0, -0.0625],
							"post": [0.0625, 0, -0.0625],
							"lerp_mode": "catmullrom"
						},
						"0.1833": {
							"post": [0, 0, 0],
							"lerp_mode": "catmullrom"
						},
						"0.2667": {
							"post": [-0.0625, 0, -0.125],
							"lerp_mode": "catmullrom"
						},
						"0.35": {
							"post": [-0.0625, 0, 0.0625],
							"lerp_mode": "catmullrom"
						},
						"0.4333": [0, 0, 0]
					}
				}
			}
		},
		"draw": {
			"animation_length": 0.7,
			"bones": {
				"root": {
					"rotation": {
						"0.0": [0.81, -32.64, 33.95],
						"0.0333": [0.41, -30.53, 32.03],
						"0.0667": [-0.2, -27.56, 29.28],
						"0.1": [-0.85, -24.08, 26.12],
						"0.1333": [-1.39, -20.46, 22.92],
						"0.1667": [-1.65, -17.06, 20.1],
						"0.2": [-1.47, -12.69, 17.07],
						"0.2333": [-0.93, -8.04, 14.24],
						"0.2667": [-0.31, -3.86, 11.52],
						"0.3": [0.1, -0.92, 8.88],
						"0.3333": [0.22, 0.14, 6.64],
						"0.3667": [0.24, 0.31, 4.3],
						"0.4": [0.2, -0.02, 2.09],
						"0.4333": [0.14, -0.46, 0.25],
						"0.4667": [0.11, -0.62, -0.98],
						"0.5": [0.07, -0.33, -1.34],
						"0.5333": [0.03, 0.03, -0.45],
						"0.5667": [-0.01, 0.27, 0.27],
						"0.6": [-0.02, 0.27, 0.3],
						"0.6333": [-0.01, 0.19, 0.21],
						"0.6667": [0, 0.07, 0.08],
						"0.7": [0, 0, 0]
					},
					"position": {
						"0.0": [-3.18, -5.58, 24],
						"0.0333": [-2.87, -5.17, 21.3],
						"0.0667": [-2.43, -4.59, 17.38],
						"0.1": [-1.92, -3.92, 12.96],
						"0.1333": [-1.44, -3.26, 8.8],
						"0.1667": [-1.07, -2.71, 5.61],
						"0.2": [-0.68, -1.99, 2.44],
						"0.2333": [-0.43, -1.4, 0.64],
						"0.2667": [-0.25, -0.94, -0.49],
						"0.3": [-0.12, -0.67, -0.97],
						"0.3333": [-0.06, -0.54, -0.77],
						"0.3667": [-0.03, -0.45, -0.5],
						"0.4": [-0.01, -0.38, -0.3],
						"0.4333": [-0.02, -0.34, -0.02],
						"0.4667": [-0.03, -0.3, 0.16],
						"0.5": [-0.02, -0.21, 0.14],
						"0.5333": [-0.02, -0.12, 0.02],
						"0.5667": [-0.01, -0.05, -0.06],
						"0.6": [-0.01, -0.02, -0.06],
						"0.6333": [0, -0.01, -0.03],
						"0.6667": [0, 0, 0]
					}
				},
				"camera": {
					"rotation": {
						"0.0": {
							"post": [0, 0, 0],
							"lerp_mode": "catmullrom"
						},
						"0.1": {
							"post": [0.11, 0.06, 0.13],
							"lerp_mode": "catmullrom"
						},
						"0.2": {
							"post": [0.76303, 0.21614, 0.52935],
							"lerp_mode": "catmullrom"
						},
						"0.3": {
							"post": [1.025, 0.19, 0.345],
							"lerp_mode": "catmullrom"
						},
						"0.4": {
							"post": [0.475, 0, -0.175],
							"lerp_mode": "catmullrom"
						},
						"0.4667": {
							"post": [0.17, -0.01, 0.19],
							"lerp_mode": "catmullrom"
						},
						"0.5": {
							"post": [-0.175, -0.01, 0.09],
							"lerp_mode": "catmullrom"
						},
						"0.6": {
							"post": [0, 0, -0.05],
							"lerp_mode": "catmullrom"
						},
						"0.7": {
							"post": [0, 0, 0],
							"lerp_mode": "catmullrom"
						}
					}
				},
				"constraint": {
					"rotation": {
						"0.0": [1, 1, 1],
						"0.3": [0.2, 0.2, 0.2]
					},
					"position": {
						"0.0": [1, 1, 1],
						"0.3": [0.1, 0.1, 0.1]
					}
				}
			}
		},
		"put_away": {
			"loop": "hold_on_last_frame",
			"animation_length": 0.4667,
			"bones": {
				"root": {
					"rotation": {
						"0.0": [0, 0, 0],
						"0.0333": [-0.47, -1.28, -1.35],
						"0.0667": [-0.64, -3.66, -2.19],
						"0.1": [0.26, -7.55, -0.77],
						"0.1333": [1.8, -12.38, 1.96],
						"0.1667": [3.1, -15.6, 4.35],
						"0.2": [4.61, -19.11, 7.2],
						"0.2333": [6.24, -23.59, 10.25],
						"0.2667": [8.04, -29.69, 13.62],
						"0.3": [9.94, -36.77, 17.19],
						"0.3333": [11.64, -43.66, 20.29],
						"0.3667": [13.08, -50.6, 22.78],
						"0.4": [14.32, -57.35, 24.8],
						"0.4333": [15.16, -62.05, 26.17]
					},
					"position": {
						"0.0": [0, 0, 0],
						"0.0333": [-0.21, -0.18, 0.14],
						"0.0667": [-0.45, -0.49, 0.28],
						"0.1": [-0.59, -0.99, 0.33],
						"0.1333": [-0.67, -1.47, 0.34],
						"0.1667": [-0.67, -1.81, 0.28],
						"0.2": [-0.64, -2.11, 0.19],
						"0.2333": [-0.43, -2.62, 0.06],
						"0.2667": [-0.13, -3.2, -0.07],
						"0.3": [0.29, -3.91, -0.23],
						"0.3333": [0.92, -4.65, -0.33],
						"0.3667": [1.67, -5.25, -0.37],
						"0.4": [2.61, -5.91, -0.37],
						"0.4333": [3.51, -6.51, -0.36],
						"0.4667": [4.13, -6.92, -0.35]
					}
				},
				"camera": {
					"rotation": {
						"0.0": {
							"post": [0, 0, 0],
							"lerp_mode": "catmullrom"
						},
						"0.1333": {
							"post": [0.3, 0, -0.125],
							"lerp_mode": "catmullrom"
						},
						"0.2333": {
							"post": [0.64, 0, 0.3],
							"lerp_mode": "catmullrom"
						},
						"0.3667": {
							"post": [0.5, 0, 0.15],
							"lerp_mode": "catmullrom"
						},
						"0.5333": {
							"post": [0, 0, 0],
							"lerp_mode": "catmullrom"
						}
					}
				},
				"constraint": {
					"rotation": {
						"0.0": [0.2, 0.2, 0.2],
						"0.3333": [1, 1, 1]
					},
					"position": {
						"0.0": [0.1, 0.1, 0.1],
						"0.3333": [1, 1, 1]
					}
				}
			}
		},
		"ADS_down": {
			"animation_length": 0.6,
			"bones": {
				"root": {
					"rotation": {
						"0.0": [0, 0, 0],
						"0.0333": [0, -0.04, 0.26],
						"0.0667": [-0.01, -0.11, 0.66],
						"0.1": [-0.01, -0.19, 1.11],
						"0.1333": [-0.01, -0.26, 1.53],
						"0.1667": [-0.02, -0.32, 1.84],
						"0.2": [-0.02, -0.34, 1.96],
						"0.2333": [-0.02, -0.34, 1.86],
						"0.2667": [-0.02, -0.32, 1.61],
						"0.3": [-0.02, -0.29, 1.25],
						"0.3333": [-0.01, -0.25, 0.85],
						"0.3667": [-0.01, -0.2, 0.46],
						"0.4": [-0.01, -0.17, 0.14],
						"0.4333": [-0.01, -0.14, -0.07],
						"0.4667": [-0.01, -0.11, -0.09],
						"0.5": [-0.01, -0.08, 0.13],
						"0.5333": [-0.01, -0.06, 0.11],
						"0.5667": [0, -0.02, 0.05],
						"0.6": [0, 0, 0]
					},
					"position": {
						"0.0": [0, 0, 0],
						"0.0333": [0, -0.03, -0.06],
						"0.0667": [0, -0.07, -0.14],
						"0.1": [0, -0.13, -0.24],
						"0.1333": [0, -0.18, -0.33],
						"0.1667": [0, -0.22, -0.42],
						"0.2": [0, -0.25, -0.47],
						"0.2333": [0, -0.26, -0.51],
						"0.2667": [-0.01, -0.27, -0.54],
						"0.3": [-0.01, -0.27, -0.55],
						"0.3333": [-0.02, -0.26, -0.55],
						"0.3667": [-0.03, -0.25, -0.53],
						"0.4": [-0.03, -0.23, -0.5],
						"0.4333": [-0.04, -0.18, -0.38],
						"0.4667": [-0.04, -0.11, -0.2],
						"0.5": [-0.04, -0.06, -0.06],
						"0.5333": [-0.02, -0.02, 0],
						"0.5667": [-0.01, -0.01, 0],
						"0.6": [0, 0, 0]
					}
				}
			}
		},
		"melee_bayonet_1": {
			"animation_length": 0.8,
			"bones": {
				"root": {
					"rotation": {
						"0.0": {
							"post": [0, 0, 0],
							"lerp_mode": "catmullrom"
						},
						"0.0667": {
							"post": [-0.91946, -0.68416, 4.52785],
							"lerp_mode": "catmullrom"
						},
						"0.1667": {
							"post": [-0.58211, -4.60393, 30.44834],
							"lerp_mode": "catmullrom"
						},
						"0.2333": {
							"post": [-0.84898, -3.10249, 31.61935],
							"lerp_mode": "catmullrom"
						},
						"0.3667": {
							"post": [0.20024, -1.98812, 22.79719],
							"lerp_mode": "catmullrom"
						},
						"0.4667": {
							"post": [1.49985, -0.01745, 13.09985],
							"lerp_mode": "catmullrom"
						},
						"0.6": {
							"post": [0, -0.375, 4.5],
							"lerp_mode": "catmullrom"
						},
						"0.6667": {
							"post": [-0.09, -0.35, -0.46875],
							"lerp_mode": "catmullrom"
						},
						"0.8": {
							"post": [0.01309, -0.25017, -0.42511],
							"lerp_mode": "catmullrom"
						}
					},
					"position": {
						"0.0": {
							"post": [0, 0, 0],
							"lerp_mode": "catmullrom"
						},
						"0.0667": {
							"post": [-2.11, -1.63, 1.31],
							"lerp_mode": "catmullrom"
						},
						"0.1667": {
							"post": [-1.675, -0.95, -7.675],
							"lerp_mode": "catmullrom"
						},
						"0.2333": {
							"post": [-1.02, -0.775, -4.52],
							"lerp_mode": "catmullrom"
						},
						"0.3667": {
							"post": [-0.21, -1.08, -2.375],
							"lerp_mode": "catmullrom"
						},
						"0.4667": {
							"post": [0, -0.25, -0.025],
							"lerp_mode": "catmullrom"
						},
						"0.6": {
							"post": [0, 0, 0.525],
							"lerp_mode": "catmullrom"
						},
						"0.8": {
							"post": [0, 0, -0.1],
							"lerp_mode": "catmullrom"
						}
					}
				},
				"camera": {
					"rotation": {
						"0.0": {
							"post": [0, 0, 0],
							"lerp_mode": "catmullrom"
						},
						"0.0667": {
							"post": [-0.325, -0.2, -0.4],
							"lerp_mode": "catmullrom"
						},
						"0.2": {
							"post": [0.455, -0.175, 0.7],
							"lerp_mode": "catmullrom"
						},
						"0.3333": {
							"post": [-0.195, 0.075, -0.45],
							"lerp_mode": "catmullrom"
						},
						"0.4667": {
							"post": [0.185, 0.175, 0.15],
							"lerp_mode": "catmullrom"
						},
						"0.7333": {
							"post": [0, 0, 0],
							"lerp_mode": "catmullrom"
						}
					}
				}
			}
		},
		"melee_bayonet_2": {
			"animation_length": 1,
			"bones": {
				"root": {
					"rotation": {
						"0.0": {
							"post": [0, 0, 0],
							"lerp_mode": "catmullrom"
						},
						"0.0333": {
							"post": [-11.62112, 5.02424, -30.90973],
							"lerp_mode": "catmullrom"
						},
						"0.1": {
							"post": [-57.27994, -10.05463, -44.72562],
							"lerp_mode": "catmullrom"
						},
						"0.2": {
							"post": [19.58234, -16.27556, -47.51332],
							"lerp_mode": "catmullrom"
						},
						"0.2667": {
							"post": [36.70734, -16.27556, -47.51332],
							"lerp_mode": "catmullrom"
						},
						"0.3667": {
							"post": [17.56, -7.03, -21.31],
							"lerp_mode": "catmullrom"
						},
						"0.5": {
							"post": [1.79245, -1.48948, -8.54986],
							"lerp_mode": "catmullrom"
						},
						"0.5667": {
							"post": [-0.1031, -0.3951, -1.47738],
							"lerp_mode": "catmullrom"
						},
						"0.6333": {
							"post": [1, 0, -1],
							"lerp_mode": "catmullrom"
						},
						"0.8": {
							"post": [0, 0, 0.75],
							"lerp_mode": "catmullrom"
						},
						"1.0": {
							"post": [0, 0, 0],
							"lerp_mode": "catmullrom"
						}
					},
					"position": {
						"0.0": {
							"post": [0, 0, 0],
							"lerp_mode": "catmullrom"
						},
						"0.0333": {
							"post": [-1.95, -1.4, -0.6],
							"lerp_mode": "catmullrom"
						},
						"0.1": {
							"post": [-5.575, 2.22, -1.675],
							"lerp_mode": "catmullrom"
						},
						"0.2": {
							"post": [23.925, -18.33, -3.22],
							"lerp_mode": "catmullrom"
						},
						"0.3667": {
							"post": [4.46, -12.935, -2.91],
							"lerp_mode": "catmullrom"
						},
						"0.5": {
							"post": [0.475, -1.575, -2.675],
							"lerp_mode": "catmullrom"
						},
						"0.6333": {
							"post": [0, -0.05625, 0.325],
							"lerp_mode": "catmullrom"
						},
						"0.8": {
							"post": [0, -0.04375, -0.125],
							"lerp_mode": "catmullrom"
						},
						"1.0": {
							"post": [0, 0, 0],
							"lerp_mode": "catmullrom"
						}
					}
				},
				"camera": {
					"rotation": {
						"0.0": {
							"post": [0, 0, 0],
							"lerp_mode": "catmullrom"
						},
						"0.0667": {
							"post": [0.4, 0.875, -0.55],
							"lerp_mode": "catmullrom"
						},
						"0.2": {
							"post": [-0.9, -0.725, 1.075],
							"lerp_mode": "catmullrom"
						},
						"0.3333": {
							"post": [0.5, -0.6, -0.6],
							"lerp_mode": "catmullrom"
						},
						"0.5333": {
							"post": [-0.2, -0.175, 0.225],
							"lerp_mode": "catmullrom"
						},
						"0.7": {
							"post": [0.05, -0.025, -0.1],
							"lerp_mode": "catmullrom"
						},
						"0.8333": {
							"post": [-0.075, 0, 0.075],
							"lerp_mode": "catmullrom"
						},
						"1.0": {
							"post": [0, 0, 0],
							"lerp_mode": "catmullrom"
						}
					}
				}
			}
		},
		"melee_bayonet_3": {
			"animation_length": 1,
			"bones": {
				"root": {
					"rotation": {
						"0.0": {
							"post": [0, 0, 0],
							"lerp_mode": "catmullrom"
						},
						"0.0667": {
							"post": [-61.48612, -19.69264, 37.07004],
							"lerp_mode": "catmullrom"
						},
						"0.1": {
							"post": [-87.55956, -19.67553, 59.00335],
							"lerp_mode": "catmullrom"
						},
						"0.1667": {
							"post": [-42.24745, 1.27374, 57.11302],
							"lerp_mode": "catmullrom"
						},
						"0.2333": {
							"post": [-10.42341, -0.24334, 66.26144],
							"lerp_mode": "catmullrom"
						},
						"0.3": {
							"post": [-9.485, -3.07, 27.74],
							"lerp_mode": "catmullrom"
						},
						"0.4667": {
							"post": [0, 1.1375, 16.8],
							"lerp_mode": "catmullrom"
						},
						"0.6": {
							"post": [1.53542, 0.33037, -2.99222],
							"lerp_mode": "catmullrom"
						},
						"0.7": {
							"post": [0.7736, 0.13492, 0.75369],
							"lerp_mode": "catmullrom"
						},
						"0.7667": {
							"post": [0, 0, -0.5],
							"lerp_mode": "catmullrom"
						},
						"0.8667": {
							"post": [0, 0, 0.3],
							"lerp_mode": "catmullrom"
						},
						"1.0": {
							"post": [0, 0, 0],
							"lerp_mode": "catmullrom"
						}
					},
					"position": {
						"0.0": {
							"post": [0, 0, 0],
							"lerp_mode": "catmullrom"
						},
						"0.0667": {
							"post": [8.875, 3.375, -2.5],
							"lerp_mode": "catmullrom"
						},
						"0.1": {
							"post": [10.055, 5.305, -3.875],
							"lerp_mode": "catmullrom"
						},
						"0.1667": {
							"post": [-4.04, -2.85, -3.87],
							"lerp_mode": "catmullrom"
						},
						"0.2333": {
							"post": [-35.79625, -22.66875, -3.87],
							"lerp_mode": "catmullrom"
						},
						"0.3": {
							"post": [-29.69125, -26.55, 3.345],
							"lerp_mode": "catmullrom"
						},
						"0.3667": {
							"post": [-10.485, -19.105, -1.13],
							"lerp_mode": "catmullrom"
						},
						"0.4667": {
							"post": [-2.75625, -3.95, -5.85],
							"lerp_mode": "catmullrom"
						},
						"0.6": [0, -0.29375, -0.55],
						"0.7": [0, 0, 0.4375],
						"0.8": {
							"pre": [0, 0, -0.3875],
							"post": [0, 0, -0.3875],
							"lerp_mode": "catmullrom"
						},
						"1.0": {
							"post": [0, 0, 0],
							"lerp_mode": "catmullrom"
						}
					}
				},
				"camera": {
					"rotation": {
						"0.0": {
							"post": [0, 0, 0],
							"lerp_mode": "catmullrom"
						},
						"0.0667": {
							"post": [-0.9, -0.475, 0.5],
							"lerp_mode": "catmullrom"
						},
						"0.1667": {
							"post": [-1.275, -0.45, 0.75],
							"lerp_mode": "catmullrom"
						},
						"0.2333": {
							"post": [1.23, 0.575, -1.025],
							"lerp_mode": "catmullrom"
						},
						"0.3": {
							"post": [1.03625, 0.85, 1.15],
							"lerp_mode": "catmullrom"
						},
						"0.4333": {
							"post": [-0.5175, 0.025, -0.425],
							"lerp_mode": "catmullrom"
						},
						"0.5667": {
							"post": [0.1, -0.15, 0.2],
							"lerp_mode": "catmullrom"
						},
						"0.7": {
							"post": [-0.0375, 0.025, -0.15],
							"lerp_mode": "catmullrom"
						},
						"0.8333": {
							"post": [-0.1, 0, 0.025],
							"lerp_mode": "catmullrom"
						},
						"1.0": {
							"post": [0, 0, 0],
							"lerp_mode": "catmullrom"
						}
					}
				}
			}
		},
		"melee_push": {
			"animation_length": 0.7083,
			"bones": {
				"root": {
					"rotation": {
						"0.0": {
							"post": [0, 0, 0],
							"lerp_mode": "catmullrom"
						},
						"0.0417": {
							"post": [-16.97003, -2.76041, 45.32806],
							"lerp_mode": "catmullrom"
						},
						"0.0833": [-68.37003, -2.76041, 71.32806],
						"0.125": {
							"pre": [-95.82022, -2.96281, 78.33389],
							"post": [-95.82022, -2.96281, 78.33389],
							"lerp_mode": "catmullrom"
						},
						"0.1458": {
							"post": [-94.24522, -6.23781, 81.53389],
							"lerp_mode": "catmullrom"
						},
						"0.1875": {
							"post": [-95.82022, -2.96281, 80.00889],
							"lerp_mode": "catmullrom"
						},
						"0.2292": {
							"post": [-95.49522, -3.78781, 80.00889],
							"lerp_mode": "catmullrom"
						},
						"0.2708": {
							"post": [-94.99522, -3.78781, 80.00889],
							"lerp_mode": "catmullrom"
						},
						"0.3125": {
							"post": [-80.39522, -3.78781, 75.90889],
							"lerp_mode": "catmullrom"
						},
						"0.4583": {
							"post": [-11.13679, -3.02335, 36.72959],
							"lerp_mode": "catmullrom"
						},
						"0.5417": {
							"post": [-1.07062, 1.22619, 0.89945],
							"lerp_mode": "catmullrom"
						},
						"0.5625": {
							"post": [0.27023, 0.30257, -0.60029],
							"lerp_mode": "catmullrom"
						},
						"0.6042": {
							"post": [0.2151, -0.25061, 0],
							"lerp_mode": "catmullrom"
						},
						"0.6458": [-0.175, 0.1, 0.25],
						"0.6875": [0, 0.25, 0],
						"0.7083": [0, 0, 0]
					},
					"position": {
						"0.0": {
							"post": [0, 0, 0],
							"lerp_mode": "catmullrom"
						},
						"0.0417": {
							"post": [-0.3, 0.6, -2.2],
							"lerp_mode": "catmullrom"
						},
						"0.0833": [-0.3, 0.6, 1.9],
						"0.125": {
							"pre": [-0.3, 1.2, -11.65],
							"post": [-0.3, 1.2, -11.65],
							"lerp_mode": "catmullrom"
						},
						"0.1458": {
							"post": [-0.2, 1.125, -8.6],
							"lerp_mode": "catmullrom"
						},
						"0.1875": {
							"post": [-0.3, 1.2, -8.675],
							"lerp_mode": "catmullrom"
						},
						"0.2292": [-0.25, 1.175, -8.6],
						"0.2708": [-0.25, 1.175, -8.6],
						"0.3125": {
							"pre": [-0.25, 1.175, -8.6],
							"post": [-0.25, 1.175, -8.6],
							"lerp_mode": "catmullrom"
						},
						"0.4583": {
							"post": [-0.25, 1.2, -2.975],
							"lerp_mode": "catmullrom"
						},
						"0.5417": {
							"post": [0.075, -0.075, -0.4],
							"lerp_mode": "catmullrom"
						},
						"0.5625": {
							"post": [0.15, -0.025, 0],
							"lerp_mode": "catmullrom"
						},
						"0.6042": {
							"post": [-0.025, -0.025, 0],
							"lerp_mode": "catmullrom"
						},
						"0.6458": [0, 0, 0],
						"0.6875": [0, 0, 0],
						"0.7083": [0, 0, 0]
					}
				},
				"camera": {
					"rotation": {
						"0.0": {
							"post": [0, 0, 0],
							"lerp_mode": "catmullrom"
						},
						"0.0417": {
							"post": [-1, 0.5, -1],
							"lerp_mode": "catmullrom"
						},
						"0.0833": {
							"post": [-0.5, -0.5, -0.5],
							"lerp_mode": "catmullrom"
						},
						"0.1458": {
							"post": [-0.5, 0.2, -0.5],
							"lerp_mode": "catmullrom"
						},
						"0.1875": {
							"post": [1.2, -2.7, 0],
							"lerp_mode": "catmullrom"
						},
						"0.2292": {
							"post": [-0.8, 0.2, -0.8],
							"lerp_mode": "catmullrom"
						},
						"0.2708": {
							"post": [0.6, -0.2, 0.4],
							"lerp_mode": "catmullrom"
						},
						"0.3125": {
							"post": [0, 0, 0],
							"lerp_mode": "catmullrom"
						},
						"0.3958": {
							"post": [0, 0, 0],
							"lerp_mode": "catmullrom"
						},
						"0.4583": {
							"post": [-0.275, 0.75, 0.25],
							"lerp_mode": "catmullrom"
						},
						"0.5208": {
							"post": [-0.6, 0.175, 0.15],
							"lerp_mode": "catmullrom"
						},
						"0.6042": {
							"post": [0.025, -0.025, 0],
							"lerp_mode": "catmullrom"
						},
						"0.625": {
							"post": [-0.025, 0.025, 0],
							"lerp_mode": "catmullrom"
						},
						"0.6667": {
							"post": [0, 0, 0],
							"lerp_mode": "catmullrom"
						},
						"0.6875": {
							"post": [0, 0, 0],
							"lerp_mode": "catmullrom"
						}
					},
					"position": {
						"0.1458": [0, 0, 0],
						"0.1875": {
							"pre": [0, 0, -0.2],
							"post": [0, 0, -0.2],
							"lerp_mode": "catmullrom"
						},
						"0.2292": {
							"post": [0, 0, 0.125],
							"lerp_mode": "catmullrom"
						},
						"0.2708": {
							"post": [0, 0, 0],
							"lerp_mode": "catmullrom"
						}
					}
				}
			}
		},
		"melee_stock": {
			"animation_length": 0.7083,
			"bones": {
				"root": {
					"rotation": {
						"0.0": {
							"post": [0, 0, 0],
							"lerp_mode": "catmullrom"
						},
						"0.0208": {
							"post": [-0.62807, 4.95976, -6.02537],
							"lerp_mode": "catmullrom"
						},
						"0.0625": {
							"post": [-23.00731, -18.15747, 53.72531],
							"lerp_mode": "catmullrom"
						},
						"0.0833": {
							"post": [-142.03231, 4.99253, 72.92531],
							"lerp_mode": "catmullrom"
						},
						"0.125": [-141.98231, -0.90747, 76.72531],
						"0.1667": [-144.60731, -1.15747, 76.72531],
						"0.25": [-144.60731, -1.15747, 76.72531],
						"0.2917": [-134.00445, -1.25948, 63.82049],
						"0.4375": {
							"pre": [-21.22399, -4.89941, 18.91483],
							"post": [-21.22399, -4.89941, 18.91483],
							"lerp_mode": "catmullrom"
						},
						"0.5208": {
							"post": [0.375, 0, 1],
							"lerp_mode": "catmullrom"
						},
						"0.5625": [-0.175, 0.75, 0.5],
						"0.6042": {
							"pre": [0, -0.25, 0.25],
							"post": [0, -0.25, 0.25],
							"lerp_mode": "catmullrom"
						},
						"0.6667": {
							"post": [0, 0, 0],
							"lerp_mode": "catmullrom"
						},
						"0.7083": {
							"post": [0, 0, 0],
							"lerp_mode": "catmullrom"
						}
					},
					"position": {
						"0.0": {
							"post": [0, 0, 0],
							"lerp_mode": "catmullrom"
						},
						"0.0208": {
							"post": [0, 0, 0.175],
							"lerp_mode": "catmullrom"
						},
						"0.0625": {
							"post": [0, 0, 1],
							"lerp_mode": "catmullrom"
						},
						"0.0833": {
							"post": [3.6, 1.3, -6.1],
							"lerp_mode": "catmullrom"
						},
						"0.125": [4.275, 1.4, -7],
						"0.1667": [4, 1.3, -7.1],
						"0.25": [4, 1.3, -7.1],
						"0.2917": [4, 1.3, -7.1],
						"0.4375": {
							"pre": [0.1, -0.4, -1.5],
							"post": [0.1, -0.4, -1.5],
							"lerp_mode": "catmullrom"
						},
						"0.5208": {
							"post": [-0.15, 0, -0.325],
							"lerp_mode": "catmullrom"
						},
						"0.5625": {
							"post": [0.025, -0.075, 0.25],
							"lerp_mode": "catmullrom"
						},
						"0.6042": {
							"post": [-0.025, 0, 0],
							"lerp_mode": "catmullrom"
						},
						"0.6667": {
							"post": [0.025, 0, 0],
							"lerp_mode": "catmullrom"
						},
						"0.7083": {
							"post": [0, 0, 0],
							"lerp_mode": "catmullrom"
						}
					}
				},
				"camera": {
					"rotation": {
						"0.0": {
							"post": [0, 0, 0],
							"lerp_mode": "catmullrom"
						},
						"0.0625": {
							"post": [2, 1.5, -3],
							"lerp_mode": "catmullrom"
						},
						"0.125": {
							"post": [-1, -1.5, 3.8],
							"lerp_mode": "catmullrom"
						},
						"0.1667": {
							"post": [0.6, 0.8, -0.45],
							"lerp_mode": "catmullrom"
						},
						"0.1875": {
							"post": [-0.275, -0.275, 0.325],
							"lerp_mode": "catmullrom"
						},
						"0.2083": {
							"post": [0.25, 0, -0.2],
							"lerp_mode": "catmullrom"
						},
						"0.25": {
							"post": [0, 0, 0],
							"lerp_mode": "catmullrom"
						},
						"0.4167": {
							"post": [0, 0, 0],
							"lerp_mode": "catmullrom"
						},
						"0.4792": {
							"post": [0.5, 0, -0.8],
							"lerp_mode": "catmullrom"
						},
						"0.5208": {
							"post": [-0.1, -0.2, 0.1],
							"lerp_mode": "catmullrom"
						},
						"0.5625": {
							"post": [0, 0, 0],
							"lerp_mode": "catmullrom"
						}
					}
				}
			}
		},
		"walk_aiming_left": {
			"loop": true,
			"animation_length": 1,
			"bones": {
				"root": {
					"rotation": {
						"0.0": [0, 0, 6.22],
						"0.05": [0, -0.16, 6.22],
						"0.1": [0, -0.39, 6.22],
						"0.15": [0, -0.56, 6.2],
						"0.2": [0, -0.65, 6.13],
						"0.25": [0, -0.69, 6.05],
						"0.3": [0, -0.68, 5.97],
						"0.35": [0, -0.53, 5.86],
						"0.4": [0, -0.33, 5.79],
						"0.45": [0, -0.18, 5.79],
						"0.5": [0, 0, 5.84],
						"0.55": [0, 0.19, 5.9],
						"0.6": [0, 0.4, 5.99],
						"0.65": [0, 0.56, 6.06],
						"0.7": [0, 0.66, 6.14],
						"0.75": [0, 0.67, 6.2],
						"0.8": [0, 0.64, 6.24],
						"0.85": [0, 0.52, 6.27],
						"0.9": [0, 0.35, 6.26],
						"0.95": [0, 0.15, 6.24],
						"1.0": [0, 0, 6.22]
					},
					"position": {
						"0.0": [-0.5, -0.07, 0.34],
						"0.05": [-0.53, -0.01, 0.36],
						"0.1": [-0.57, 0.08, 0.39],
						"0.15": [-0.61, 0.14, 0.41],
						"0.2": [-0.61, 0.16, 0.42],
						"0.25": [-0.61, 0.16, 0.42],
						"0.3": [-0.6, 0.14, 0.41],
						"0.35": [-0.59, 0.07, 0.37],
						"0.4": [-0.57, 0, 0.34],
						"0.45": [-0.54, -0.06, 0.34],
						"0.5": [-0.5, -0.07, 0.36],
						"0.55": [-0.47, -0.01, 0.38],
						"0.6": [-0.43, 0.08, 0.4],
						"0.65": [-0.4, 0.14, 0.41],
						"0.7": [-0.39, 0.16, 0.42],
						"0.75": [-0.4, 0.16, 0.42],
						"0.8": [-0.41, 0.14, 0.41],
						"0.85": [-0.42, 0.07, 0.39],
						"0.9": [-0.44, 0, 0.36],
						"0.95": [-0.47, -0.05, 0.35],
						"1.0": [-0.5, -0.07, 0.34]
					}
				}
			}
		},
		"walk_aiming_right": {
			"loop": true,
			"animation_length": 1,
			"bones": {
				"root": {
					"rotation": {
						"0.0": [0, 0, -5.78],
						"0.05": [0, -0.16, -5.78],
						"0.1": [0, -0.39, -5.78],
						"0.15": [0, -0.56, -5.8],
						"0.2": [0, -0.65, -5.87],
						"0.25": [0, -0.69, -5.95],
						"0.3": [0, -0.68, -6.03],
						"0.35": [0, -0.53, -6.14],
						"0.4": [0, -0.33, -6.21],
						"0.45": [0, -0.18, -6.21],
						"0.5": [0, 0, -6.16],
						"0.55": [0, 0.19, -6.1],
						"0.6": [0, 0.4, -6.01],
						"0.65": [0, 0.56, -5.94],
						"0.7": [0, 0.66, -5.86],
						"0.75": [0, 0.67, -5.8],
						"0.8": [0, 0.64, -5.76],
						"0.85": [0, 0.52, -5.73],
						"0.9": [0, 0.35, -5.74],
						"0.95": [0, 0.15, -5.76],
						"1.0": [0, 0, -5.78]
					},
					"position": {
						"0.0": [0.5, -0.07, 0.34],
						"0.05": [0.47, -0.01, 0.36],
						"0.1": [0.43, 0.08, 0.39],
						"0.15": [0.39, 0.14, 0.41],
						"0.2": [0.39, 0.16, 0.42],
						"0.25": [0.39, 0.16, 0.42],
						"0.3": [0.4, 0.14, 0.41],
						"0.35": [0.41, 0.07, 0.37],
						"0.4": [0.43, 0, 0.34],
						"0.45": [0.46, -0.06, 0.34],
						"0.5": [0.5, -0.07, 0.36],
						"0.55": [0.53, -0.01, 0.38],
						"0.6": [0.57, 0.08, 0.4],
						"0.65": [0.6, 0.14, 0.41],
						"0.7": [0.61, 0.16, 0.42],
						"0.75": [0.6, 0.16, 0.42],
						"0.8": [0.59, 0.14, 0.41],
						"0.85": [0.58, 0.07, 0.39],
						"0.9": [0.56, 0, 0.36],
						"0.95": [0.53, -0.05, 0.35],
						"1.0": [0.5, -0.07, 0.34]
					}
				}
			}
		},
		"ADS_UP": {
			"animation_length": 0.6333,
			"bones": {
				"root": {
					"rotation": {
						"0.0": [0, 0, 0],
						"0.0333": [-0.01, -0.01, 0.64],
						"0.0667": [-0.02, -0.03, 1.61],
						"0.1": [-0.04, -0.05, 2.75],
						"0.1333": [-0.05, -0.08, 3.91],
						"0.1667": [-0.07, -0.1, 4.94],
						"0.2": [-0.08, -0.11, 5.67],
						"0.2333": [-0.09, -0.12, 5.96],
						"0.2667": [-0.09, -0.11, 5.7],
						"0.3": [-0.08, -0.1, 5.01],
						"0.3333": [-0.07, -0.08, 4.02],
						"0.3667": [-0.06, -0.06, 2.9],
						"0.4": [-0.05, -0.04, 1.79],
						"0.4333": [-0.05, -0.02, 0.84],
						"0.4667": [-0.04, -0.01, 0.21],
						"0.5": [-0.04, 0, 0.08],
						"0.5333": [-0.03, 0, 0.07],
						"0.5667": [-0.02, 0, 0.06],
						"0.6": [-0.01, 0, 0.03],
						"0.6333": [0, 0, 0]
					},
					"position": {
						"0.0": [0, 0, 0],
						"0.0333": [0.02, -0.02, -0.07],
						"0.0667": [0.04, -0.04, -0.18],
						"0.1": [0.07, -0.07, -0.3],
						"0.1333": [0.1, -0.11, -0.43],
						"0.1667": [0.13, -0.14, -0.55],
						"0.2": [0.15, -0.16, -0.66],
						"0.2333": [0.18, -0.17, -0.72],
						"0.2667": [0.21, -0.18, -0.78],
						"0.3": [0.24, -0.17, -0.77],
						"0.3333": [0.26, -0.15, -0.73],
						"0.3667": [0.28, -0.12, -0.67],
						"0.4": [0.24, -0.08, -0.49],
						"0.4333": [0.19, -0.04, -0.28],
						"0.4667": [0.14, 0, -0.11],
						"0.5": [0, 0, 0],
						"0.5333": [0, 0, 0],
						"0.5667": [0, 0, 0],
						"0.6": [0, 0, 0]
					}
				}
			}
		}
	}
}