{
	"format_version": "1.8.0",
	"animations": {
		"static_idle": {
			"loop": true,
			"bones": {
				"right_hand": {
					"rotation": [82.5, -2.5, 0],
					"position": [5.25, -6.25, 0.5],
					"scale": [1, 1.25, 1]
				},
				"left_hand": {
					"rotation": [90, 0, 0],
					"position": [8, -8, 16],
					"scale": [1, 1.25, 1]
				}
			}
		},
		"shoot": {
			"loop": "hold_on_last_frame",
			"animation_length": 0.6,
			"bones": {
				"root": {
					"rotation": {
						"0.0": {
							"post": [0, 0, 0],
							"lerp_mode": "catmullrom"
						},
						"0.0333": {
							"post": [-0.1, 0.4, 2.49],
							"lerp_mode": "catmullrom"
						},
						"0.0667": {
							"post": [-5.96, -0.56, -2.73],
							"lerp_mode": "catmullrom"
						},
						"0.1": {
							"post": [-5, -0.25, 0],
							"lerp_mode": "catmullrom"
						},
						"0.1333": {
							"post": [-0.66, 0.26, 1.98],
							"lerp_mode": "catmullrom"
						},
						"0.1667": {
							"post": [0.355, 0.23, -0.91],
							"lerp_mode": "catmullrom"
						},
						"0.2333": {
							"post": [-0.165, 0.015, 0.26],
							"lerp_mode": "catmullrom"
						},
						"0.3333": {
							"post": [0.125, 0.11, -0.245],
							"lerp_mode": "catmullrom"
						},
						"0.4667": {
							"post": [0, 0, 0],
							"lerp_mode": "catmullrom"
						},
						"0.6": {
							"post": [0, 0, 0],
							"lerp_mode": "catmullrom"
						}
					},
					"position": {
						"0.0": {
							"post": [0, 0, 0],
							"lerp_mode": "catmullrom"
						},
						"0.0333": {
							"post": [0, -0.125, 1.48],
							"lerp_mode": "catmullrom"
						},
						"0.1": {
							"post": [0, -0.57, 0.27],
							"lerp_mode": "catmullrom"
						},
						"0.1667": {
							"post": [0, -0.1275, -0.1275],
							"lerp_mode": "catmullrom"
						},
						"0.2667": {
							"post": [0, -0.01, 0.06],
							"lerp_mode": "catmullrom"
						},
						"0.3667": {
							"post": [0.01, -0.01, 0.0025],
							"lerp_mode": "catmullrom"
						},
						"0.4667": {
							"post": [0, 0, 0.005],
							"lerp_mode": "catmullrom"
						},
						"0.6": {
							"post": [0, 0, 0],
							"lerp_mode": "catmullrom"
						}
					}
				},
				"gun": {
					"rotation": {
						"0.0": [0, 0, 0],
						"0.0333": {
							"pre": [0.3, 0, 0],
							"post": [0.3, 0, 0],
							"lerp_mode": "catmullrom"
						},
						"0.0667": {
							"post": [-7.5, 0, 0],
							"lerp_mode": "catmullrom"
						},
						"0.1333": {
							"post": [-0.875, 0, 0],
							"lerp_mode": "catmullrom"
						},
						"0.2": [0, 0, 0]
					}
				},
				"mag": {
					"rotation": {
						"0.0": [0, 0, 0],
						"0.0333": {
							"pre": [0.3, 0, 0],
							"post": [0.3, 0, 0],
							"lerp_mode": "catmullrom"
						},
						"0.0667": {
							"post": [-7.5, 0, 0],
							"lerp_mode": "catmullrom"
						},
						"0.1333": {
							"post": [-0.875, 0, 0],
							"lerp_mode": "catmullrom"
						},
						"0.2": [0, 0, 0]
					}
				},
				"camera": {
					"rotation": {
						"0.0": {
							"post": [0, 0, -0.5],
							"lerp_mode": "catmullrom"
						},
						"0.0333": {
							"post": [0.25, 0, 1],
							"lerp_mode": "catmullrom"
						},
						"0.0667": {
							"post": [-0.25, 0, -0.75],
							"lerp_mode": "catmullrom"
						},
						"0.1667": {
							"post": [0, 0, 0.06],
							"lerp_mode": "catmullrom"
						},
						"0.2667": {
							"post": [0, 0, -0.025],
							"lerp_mode": "catmullrom"
						},
						"0.3667": {
							"post": [0, 0, 0],
							"lerp_mode": "catmullrom"
						},
						"0.5": {
							"post": [0, 0, 0],
							"lerp_mode": "catmullrom"
						}
					}
				},
				"trigger": {
					"position": {
						"0.0": [0, 0, 0.75],
						"0.0667": [0, 0, 0]
					}
				}
			}
		},
		"bolt": {
			"loop": "hold_on_last_frame",
			"animation_length": 1.6,
			"bones": {
				"right_hand": {
					"rotation": {
						"0.0": [82.5, -2.5, 0],
						"0.1333": {
							"pre": [82.5, -5, 0],
							"post": [82.5, -5, 0],
							"lerp_mode": "catmullrom"
						},
						"1.1": {
							"post": [82.5, -6, 0],
							"lerp_mode": "catmullrom"
						},
						"1.3": [82.5, -2.5, 0]
					},
					"position": [5.25, -6.25, 0.5]
				},
				"left_hand": {
					"rotation": {
						"0.0": [90, 0, 0],
						"0.0667": {
							"pre": [61.93335, -18.11183, -75.30301],
							"post": [61.93335, -18.11183, -75.30301],
							"lerp_mode": "catmullrom"
						},
						"0.3": {
							"post": [61.3475, -18.9375, -85.01],
							"lerp_mode": "catmullrom"
						},
						"0.3333": {
							"post": [69.76323, -15.74913, -79.92914],
							"lerp_mode": "catmullrom"
						},
						"0.3667": {
							"post": [69.73807, -6.81664, -59.91906],
							"lerp_mode": "catmullrom"
						},
						"0.4": {
							"post": [69.74, -5.19, -56.33],
							"lerp_mode": "catmullrom"
						},
						"0.8667": {
							"post": [69.73807, -5.50414, -57.04406],
							"lerp_mode": "catmullrom"
						},
						"0.9": {
							"post": [69.76323, -15.74913, -79.92914],
							"lerp_mode": "catmullrom"
						},
						"1.1": {
							"post": [60.43335, -13.54933, -79.80301],
							"lerp_mode": "catmullrom"
						},
						"1.3333": [90, 0, 0]
					},
					"position": {
						"0.0": [8, -8, 16],
						"0.0667": {
							"pre": [2.54, -3.96, 12.14],
							"post": [2.54, -3.96, 12.14],
							"lerp_mode": "catmullrom"
						},
						"0.1667": {
							"post": [-3.875, -3, 6.25],
							"lerp_mode": "catmullrom"
						},
						"0.3": [-4.625, -3, 6.25],
						"0.4667": [-4.25, -3, 6.25],
						"0.5333": [-4.25, -3, 9],
						"0.7": [-4.25, -3, 9],
						"0.7333": [-4.25, -3, 6.25],
						"0.8": [-4.625, -3, 6.25],
						"0.9333": [-4.625, -3, 6.25],
						"1.0667": {
							"pre": [-3.625, -3.75, 7],
							"post": [-3.625, -3.75, 7],
							"lerp_mode": "catmullrom"
						},
						"1.1667": {
							"post": [3.67, -9.81, 15.02],
							"lerp_mode": "catmullrom"
						},
						"1.3333": [8, -8, 16]
					}
				},
				"root": {
					"rotation": {
						"0.0": [0, 0, 0],
						"0.1": {
							"pre": [-1.4, 6.85, 9.62],
							"post": [-1.4, 6.85, 9.62],
							"lerp_mode": "catmullrom"
						},
						"0.2333": {
							"post": [-15.3382, 15.47236, 22.49008],
							"lerp_mode": "catmullrom"
						},
						"0.3333": {
							"post": [-17.35, 17.595, 26.32],
							"lerp_mode": "catmullrom"
						},
						"0.4667": {
							"post": [-13.9007, 13.03486, 38],
							"lerp_mode": "catmullrom"
						},
						"0.5667": {
							"post": [-22.01, 11.03, 29.9825],
							"lerp_mode": "catmullrom"
						},
						"0.7": {
							"post": [-21.4007, 9.78486, 30.24008],
							"lerp_mode": "catmullrom"
						},
						"0.8333": {
							"post": [-12.53, 10.85, 32.25],
							"lerp_mode": "catmullrom"
						},
						"0.9667": {
							"post": [-15.8382, 15.28486, 23.74008],
							"lerp_mode": "catmullrom"
						},
						"1.1": {
							"post": [-12.75, 16.125, 22.5],
							"lerp_mode": "catmullrom"
						},
						"1.2333": {
							"post": [4.445, 6.9275, 4.02],
							"lerp_mode": "catmullrom"
						},
						"1.3667": {
							"post": [0.7125, 0.55, -0.25],
							"lerp_mode": "catmullrom"
						},
						"1.6": [0, 0, 0]
					},
					"position": {
						"0.0": [0, 0, 0],
						"0.0667": {
							"pre": [0, -1, 0.125],
							"post": [0, -1, 0.125],
							"lerp_mode": "catmullrom"
						},
						"0.1667": {
							"post": [0.125, -2.125, 0.5],
							"lerp_mode": "catmullrom"
						},
						"0.3": {
							"post": [0.75, -2.5, 0.375],
							"lerp_mode": "catmullrom"
						},
						"0.4667": {
							"post": [1.0225, -2.22, 0.5],
							"lerp_mode": "catmullrom"
						},
						"0.5333": {
							"post": [1.1925, -3.16, 1.25],
							"lerp_mode": "catmullrom"
						},
						"0.7": {
							"post": [1.125, -3.1875, 0.75],
							"lerp_mode": "catmullrom"
						},
						"0.7667": {
							"post": [1.07, -2.3075, -0.055],
							"lerp_mode": "catmullrom"
						},
						"0.9": {
							"post": [1.125, -1.975, -0.3125],
							"lerp_mode": "catmullrom"
						},
						"1.0": {
							"post": [0.875, -2.0625, -0.1875],
							"lerp_mode": "catmullrom"
						},
						"1.1333": {
							"post": [0.7, -2.44, 0.23],
							"lerp_mode": "catmullrom"
						},
						"1.2667": {
							"post": [0.0175, -0.59, 0],
							"lerp_mode": "catmullrom"
						},
						"1.4": {
							"post": [0, -0.0725, 0],
							"lerp_mode": "catmullrom"
						},
						"1.6": [0, 0, 0]
					}
				},
				"bolt": {
					"rotation": {
						"0.3333": [0, 0, 0],
						"0.3667": [0, 0, 30],
						"0.8667": [0, 0, 30],
						"0.9": [0, 0, 0]
					},
					"position": {
						"0.4667": [0, 0, 0],
						"0.5333": [0, 0, 2.5],
						"0.7": [0, 0, 2.5],
						"0.7333": [0, 0, 0]
					}
				},
				"camera": {
					"rotation": {
						"0.0": {
							"post": [0, 0, 0],
							"lerp_mode": "catmullrom"
						},
						"0.0667": {
							"post": [0.335, 0.0025, -0.1025],
							"lerp_mode": "catmullrom"
						},
						"0.2": {
							"post": [0.245, -0.0175, 0.085],
							"lerp_mode": "catmullrom"
						},
						"0.3": {
							"post": [0.0625, -0.0175, -0.14273],
							"lerp_mode": "catmullrom"
						},
						"0.4667": {
							"post": [-0.03, -0.1775, -1.245],
							"lerp_mode": "catmullrom"
						},
						"0.5333": {
							"post": [0.875, -0.47, -0.02887],
							"lerp_mode": "catmullrom"
						},
						"0.6333": {
							"post": [1.125, -0.1925, -0.8425],
							"lerp_mode": "catmullrom"
						},
						"0.7667": {
							"post": [0.82, -0.1275, -0.9475],
							"lerp_mode": "catmullrom"
						},
						"0.8333": {
							"post": [-0.125, 0.1775, -0.62],
							"lerp_mode": "catmullrom"
						},
						"0.9333": {
							"post": [-0.16, 0.1925, 1],
							"lerp_mode": "catmullrom"
						},
						"1.0333": {
							"post": [0.3125, 0.1375, 0.35027],
							"lerp_mode": "catmullrom"
						},
						"1.1667": {
							"post": [0.375, 0.0375, 0.00027],
							"lerp_mode": "catmullrom"
						},
						"1.3333": {
							"post": [0.0625, 0.0075, 0.00289],
							"lerp_mode": "catmullrom"
						},
						"1.6": {
							"post": [0, 0, 0],
							"lerp_mode": "catmullrom"
						}
					}
				}
			},
			"sound_effects": {
				"0.1": {
					"effect": "bf1:welrod/bolt"
				},
				"0.1667": {
					"effect": "bf1:shell_pistol"
				}
			}
		},
		"reload_tactical": {
			"loop": "hold_on_last_frame",
			"animation_length": 2.4,
			"bones": {
				"right_hand": {
					"rotation": {
						"0.0": [82.5, -2.5, 0],
						"0.2667": {
							"pre": [75.47, -1.74, -1.65],
							"post": [75.47, -1.74, -1.65],
							"lerp_mode": "catmullrom"
						},
						"0.4333": {
							"post": [74.5, -1, 0],
							"lerp_mode": "catmullrom"
						},
						"0.6": {
							"post": [54.05, 0.74, 23.51],
							"lerp_mode": "catmullrom"
						},
						"0.7": {
							"post": [61.5, -4.32, -6.0875],
							"lerp_mode": "catmullrom"
						},
						"0.8667": {
							"post": [62.8125, -4.32, -12.4625],
							"lerp_mode": "catmullrom"
						},
						"1.7": {
							"post": [77.8649, -21.22764, -53.71623],
							"lerp_mode": "catmullrom"
						},
						"1.8667": {
							"post": [77.8649, -21.22764, -53.71623],
							"lerp_mode": "catmullrom"
						},
						"1.9667": {
							"post": [77.8649, -21.22764, -53.71623],
							"lerp_mode": "catmullrom"
						},
						"2.1": {
							"post": [79.84738, -2.24626, 1.61047],
							"lerp_mode": "catmullrom"
						},
						"2.2333": [82.5, -2.5, 0]
					},
					"position": {
						"0.0": [5.25, -6.25, 0.5],
						"0.4": {
							"pre": [5.25, -6.25, 0.5],
							"post": [5.25, -6.25, 0.5],
							"lerp_mode": "catmullrom"
						},
						"0.5": {
							"post": [5.25, -5.25, -0.75],
							"lerp_mode": "catmullrom"
						},
						"0.6333": {
							"post": [5.25, -5.8125, 0.0625],
							"lerp_mode": "catmullrom"
						},
						"0.7333": {
							"post": [5.25, -6.25, 0.5],
							"lerp_mode": "catmullrom"
						},
						"0.8667": [5.25, -6.25, 0.5],
						"2.2333": [5.25, -6.25, 0.5]
					},
					"scale": [1, 1.25, 1]
				},
				"left_hand": {
					"rotation": {
						"0.0": [0, 0, 0],
						"0.1333": {
							"pre": [61.93335, -18.11183, -49.49051],
							"post": [61.93335, -18.11183, -49.49051],
							"lerp_mode": "catmullrom"
						},
						"0.2333": {
							"post": [31.5975, -11.1925, -76.755],
							"lerp_mode": "catmullrom"
						},
						"0.3333": [27.76057, 1.54435, -85.06732],
						"1.8667": [27.76057, 1.54435, -85.06732],
						"2.1": [61.93335, -18.11183, -75.30301],
						"2.2333": [0, 0, 0]
					},
					"position": {
						"0.0": [8, 0, 16],
						"0.1": {
							"pre": [2.54, -4.96, 12.14],
							"post": [2.54, -4.96, 12.14],
							"lerp_mode": "catmullrom"
						},
						"0.2": {
							"post": [0.125, -1.125, 0.25],
							"lerp_mode": "catmullrom"
						},
						"0.2667": {
							"post": [-4.59, -2.6725, -2.57],
							"lerp_mode": "catmullrom"
						},
						"0.3333": [-5.25, -3, -2.5],
						"1.8667": [-5.25, -3, -2.5],
						"1.9667": {
							"pre": [0.125, -2.5625, 0.75],
							"post": [0.125, -2.5625, 0.75],
							"lerp_mode": "catmullrom"
						},
						"2.0667": {
							"post": [2.54, -3.96, 12.14],
							"lerp_mode": "catmullrom"
						},
						"2.1667": [8, 0, 16]
					},
					"scale": [1, 1.25, 1]
				},
				"root": {
					"rotation": {
						"0.0": [0, 0, 0],
						"0.1": {
							"pre": [-1.62, -17.19, 10.35],
							"post": [-1.62, -17.19, 10.35],
							"lerp_mode": "catmullrom"
						},
						"0.2": {
							"post": [-10.86996, -32.41733, 28.82538],
							"lerp_mode": "catmullrom"
						},
						"0.4": {
							"post": [-13.51, -36.75, 34.03],
							"lerp_mode": "catmullrom"
						},
						"0.5667": {
							"post": [-19.4325, -33.1275, 36.12],
							"lerp_mode": "catmullrom"
						},
						"0.8": {
							"post": [-15.99496, -32.41733, 37.13788],
							"lerp_mode": "catmullrom"
						},
						"1.0667": {
							"post": [-15.92, -32.18, 37.29],
							"lerp_mode": "catmullrom"
						},
						"1.4": {
							"post": [-12.53, -39.62, 37.11],
							"lerp_mode": "catmullrom"
						},
						"1.6667": {
							"post": [-13.09, -39.88, 37.37],
							"lerp_mode": "catmullrom"
						},
						"1.8": {
							"post": [-22.49496, -39.10483, 41.88788],
							"lerp_mode": "catmullrom"
						},
						"1.9": {
							"post": [-18.36996, -36.91733, 37.07538],
							"lerp_mode": "catmullrom"
						},
						"2.0333": {
							"post": [-5.99496, -31.79233, 32.32538],
							"lerp_mode": "catmullrom"
						},
						"2.1667": {
							"post": [-0.375, -8.25, 5.9375],
							"lerp_mode": "catmullrom"
						},
						"2.2667": {
							"post": [-0.44, -1.15, 0.51],
							"lerp_mode": "catmullrom"
						},
						"2.4": [0, 0, 0]
					},
					"position": {
						"0.0": [0, 0, 0],
						"0.1": {
							"pre": [0, -0.125, 0.625],
							"post": [0, -0.125, 0.625],
							"lerp_mode": "catmullrom"
						},
						"0.2667": {
							"post": [0.175, 0.625, 0.5],
							"lerp_mode": "catmullrom"
						},
						"0.5667": {
							"post": [0.875, 0.75, 0.5],
							"lerp_mode": "catmullrom"
						},
						"0.6667": {
							"post": [0.915, 1.1025, 0.5],
							"lerp_mode": "catmullrom"
						},
						"0.7667": {
							"post": [0.79, 0.8525, 0.5],
							"lerp_mode": "catmullrom"
						},
						"0.8667": {
							"post": [0.79, 0.57, 0.5],
							"lerp_mode": "catmullrom"
						},
						"0.9667": {
							"post": [0.8, 0.9875, 0.5],
							"lerp_mode": "catmullrom"
						},
						"1.1": {
							"post": [0.78, 0.925, 0.5],
							"lerp_mode": "catmullrom"
						},
						"1.4333": {
							"post": [0.28, 1.55, 0.51],
							"lerp_mode": "catmullrom"
						},
						"1.7": {
							"post": [0.31, 1.5075, 0.5],
							"lerp_mode": "catmullrom"
						},
						"1.7667": {
							"post": [0.57, 1.7675, 0.375],
							"lerp_mode": "catmullrom"
						},
						"1.9333": {
							"post": [0.375, 1, 0.5625],
							"lerp_mode": "catmullrom"
						},
						"2.0333": {
							"post": [0.125, 0.25, 0.5],
							"lerp_mode": "catmullrom"
						},
						"2.1333": {
							"post": [0, -0.1875, 0.125],
							"lerp_mode": "catmullrom"
						},
						"2.4": [0, 0, 0]
					}
				},
				"right_mag": {
					"rotation": {
						"0.8": [0, 0, 0],
						"1.0": {
							"pre": [0, 0, 0],
							"post": [0, 0, 0],
							"lerp_mode": "catmullrom"
						},
						"1.2333": {
							"post": [5.22, 67.82, 65.26],
							"lerp_mode": "catmullrom"
						},
						"1.4333": {
							"post": [-7.25, 10.25, 36.5],
							"lerp_mode": "catmullrom"
						},
						"1.5667": {
							"post": [0, 0, 10.9375],
							"lerp_mode": "catmullrom"
						},
						"1.6667": [0, 0, 0],
						"1.7": [0, 0, 0]
					},
					"position": {
						"0.8": [0, 0, 0],
						"0.8667": {
							"pre": [0.1875, -9.5, 0.75],
							"post": [0.1875, -9.5, 0.75],
							"lerp_mode": "catmullrom"
						},
						"0.9333": {
							"post": [2.645, -12.79, 6.19],
							"lerp_mode": "catmullrom"
						},
						"1.2667": {
							"post": [0, -12.25, 7.75],
							"lerp_mode": "catmullrom"
						},
						"1.4": {
							"post": [-3, -4.3125, 3.25],
							"lerp_mode": "catmullrom"
						},
						"1.5": {
							"post": [-0.75, -2.0125, 0.4],
							"lerp_mode": "catmullrom"
						},
						"1.6": {
							"post": [0, -1.575, 0.0375],
							"lerp_mode": "catmullrom"
						},
						"1.6667": [0, -1.5375, 0.0375],
						"1.7": [0, 0, 0]
					}
				},
				"left_gun": {
					"rotation": {
						"0.8": [0, 0, 0],
						"0.8667": {
							"pre": [-1.44, -0.24, -0.71],
							"post": [-1.44, -0.24, -0.71],
							"lerp_mode": "catmullrom"
						},
						"0.9667": {
							"post": [0.02, -1.31, 1.77],
							"lerp_mode": "catmullrom"
						},
						"1.1333": {
							"post": [0.875, -2, 0.75],
							"lerp_mode": "catmullrom"
						},
						"1.4667": {
							"post": [0.5, -0.25, 0.5],
							"lerp_mode": "catmullrom"
						},
						"1.7": [0, 0, 0]
					},
					"position": {
						"0.8": [0, 0, 0],
						"0.9": {
							"pre": [0.125, -0.5625, -0.375],
							"post": [0.125, -0.5625, -0.375],
							"lerp_mode": "catmullrom"
						},
						"1.1333": {
							"post": [0.5625, -0.0625, -0.4375],
							"lerp_mode": "catmullrom"
						},
						"1.4": {
							"post": [0.5, -0.3125, 0],
							"lerp_mode": "catmullrom"
						},
						"1.6": {
							"post": [0.125, 0, -0.125],
							"lerp_mode": "catmullrom"
						},
						"1.7": [0, 0, 0]
					}
				},
				"camera": {
					"rotation": {
						"0.0": {
							"post": [0, 0, 0],
							"lerp_mode": "catmullrom"
						},
						"0.2": {
							"post": [1.17, 0, 0.125],
							"lerp_mode": "catmullrom"
						},
						"0.4333": {
							"post": [2.05, 0.08, 0.45],
							"lerp_mode": "catmullrom"
						},
						"0.6333": {
							"post": [1.14, 0.01, 0.33],
							"lerp_mode": "catmullrom"
						},
						"0.7333": {
							"post": [1.07, -0.02, 0.42],
							"lerp_mode": "catmullrom"
						},
						"0.8333": {
							"post": [1.445, 0, -0.25],
							"lerp_mode": "catmullrom"
						},
						"0.9": {
							"post": [1.86, 0.18, 1.305],
							"lerp_mode": "catmullrom"
						},
						"0.9667": {
							"post": [1.93, 0.4, 0.77],
							"lerp_mode": "catmullrom"
						},
						"1.1667": {
							"post": [1.54, 0.2975, 0.4325],
							"lerp_mode": "catmullrom"
						},
						"1.3667": {
							"post": [1.9825, 0.4, 0.465],
							"lerp_mode": "catmullrom"
						},
						"1.5667": {
							"post": [1.91, 0.37, 0.8075],
							"lerp_mode": "catmullrom"
						},
						"1.6667": {
							"post": [1.79, 0.125, 0.75],
							"lerp_mode": "catmullrom"
						},
						"1.7333": {
							"post": [1.005, -0.37, -0.2],
							"lerp_mode": "catmullrom"
						},
						"1.8": {
							"post": [0.54, -0.375, 0.6],
							"lerp_mode": "catmullrom"
						},
						"1.9667": {
							"post": [1, -0.05, -0.025],
							"lerp_mode": "catmullrom"
						},
						"2.1667": {
							"post": [0.2125, 0.0625, 0.275],
							"lerp_mode": "catmullrom"
						},
						"2.2667": {
							"post": [0.0225, -0.01, 0.0025],
							"lerp_mode": "catmullrom"
						},
						"2.4": {
							"post": [0, 0, 0],
							"lerp_mode": "catmullrom"
						}
					}
				}
			},
			"sound_effects": {
				"0.0": {
					"effect": "bf1:welrod/magout"
				},
				"1.0333": {
					"effect": "bf1:welrod/magin"
				}
			}
		},
		"reload_empty": {
			"loop": "hold_on_last_frame",
			"animation_length": 3.7333,
			"bones": {
				"right_hand": {
					"rotation": {
						"0.0": [82.5, -2.5, 0],
						"0.2667": {
							"pre": [75.47, -1.74, -1.65],
							"post": [75.47, -1.74, -1.65],
							"lerp_mode": "catmullrom"
						},
						"0.4333": {
							"post": [74.5, -1, 0],
							"lerp_mode": "catmullrom"
						},
						"0.6": {
							"post": [54.05, 0.74, 23.51],
							"lerp_mode": "catmullrom"
						},
						"0.7": {
							"post": [61.5, -4.32, -6.0875],
							"lerp_mode": "catmullrom"
						},
						"0.8667": {
							"post": [62.8125, -4.32, -12.4625],
							"lerp_mode": "catmullrom"
						},
						"1.7": {
							"post": [77.8649, -21.22764, -53.71623],
							"lerp_mode": "catmullrom"
						},
						"1.8667": {
							"post": [77.8649, -21.22764, -53.71623],
							"lerp_mode": "catmullrom"
						},
						"1.9667": {
							"post": [77.8649, -21.22764, -53.71623],
							"lerp_mode": "catmullrom"
						},
						"2.0667": {
							"post": [79.84738, -2.24626, 1.61047],
							"lerp_mode": "catmullrom"
						},
						"2.1333": [82.5, -2.5, 0],
						"2.2667": {
							"pre": [82.5, -5, 0],
							"post": [82.5, -5, 0],
							"lerp_mode": "catmullrom"
						},
						"3.2333": {
							"post": [82.5, -6, 0],
							"lerp_mode": "catmullrom"
						},
						"3.4333": [82.5, -2.5, 0]
					},
					"position": {
						"0.0": [5.25, -6.25, 0.5],
						"0.4": {
							"pre": [5.25, -6.25, 0.5],
							"post": [5.25, -6.25, 0.5],
							"lerp_mode": "catmullrom"
						},
						"0.5": {
							"post": [5.25, -5.25, -0.75],
							"lerp_mode": "catmullrom"
						},
						"0.6333": {
							"post": [5.25, -5.8125, 0.0625],
							"lerp_mode": "catmullrom"
						},
						"0.7333": {
							"post": [5.25, -6.25, 0.5],
							"lerp_mode": "catmullrom"
						},
						"0.8667": [5.25, -6.25, 0.5],
						"2.1333": [5.25, -6.25, 0.5]
					},
					"scale": [1, 1.25, 1]
				},
				"left_hand": {
					"rotation": {
						"0.0": [0, 0, 0],
						"0.1333": {
							"pre": [61.93335, -18.11183, -49.49051],
							"post": [61.93335, -18.11183, -49.49051],
							"lerp_mode": "catmullrom"
						},
						"0.2333": {
							"post": [31.5975, -11.1925, -76.755],
							"lerp_mode": "catmullrom"
						},
						"0.3333": [27.76057, 1.54435, -85.06732],
						"1.8667": [27.76057, 1.54435, -85.06732],
						"2.0667": [61.93335, -18.11183, -75.30301],
						"2.1333": [90, 0, 0],
						"2.2": {
							"pre": [61.93335, -18.11183, -75.30301],
							"post": [61.93335, -18.11183, -75.30301],
							"lerp_mode": "catmullrom"
						},
						"2.4333": {
							"post": [61.3475, -18.9375, -85.01],
							"lerp_mode": "catmullrom"
						},
						"2.4667": {
							"post": [69.76323, -15.74913, -79.92914],
							"lerp_mode": "catmullrom"
						},
						"2.5": {
							"post": [69.73807, -6.81664, -59.91906],
							"lerp_mode": "catmullrom"
						},
						"2.5333": {
							"post": [69.74, -5.19, -56.33],
							"lerp_mode": "catmullrom"
						},
						"3.0": {
							"post": [69.73807, -5.50414, -57.04406],
							"lerp_mode": "catmullrom"
						},
						"3.0333": {
							"post": [69.76323, -15.74913, -79.92914],
							"lerp_mode": "catmullrom"
						},
						"3.2333": {
							"post": [60.43335, -13.54933, -79.80301],
							"lerp_mode": "catmullrom"
						},
						"3.4667": [90, 0, 0]
					},
					"position": {
						"0.0": [8, 0, 16],
						"0.1": {
							"pre": [2.54, -4.96, 12.14],
							"post": [2.54, -4.96, 12.14],
							"lerp_mode": "catmullrom"
						},
						"0.2": {
							"post": [0.125, -1.125, 0.25],
							"lerp_mode": "catmullrom"
						},
						"0.2667": {
							"post": [-4.59, -2.6725, -2.57],
							"lerp_mode": "catmullrom"
						},
						"0.3333": [-5.25, -3, -2.5],
						"1.8667": [-5.25, -3, -2.5],
						"1.9667": {
							"pre": [0.125, -2.5625, 0.75],
							"post": [0.125, -2.5625, 0.75],
							"lerp_mode": "catmullrom"
						},
						"2.0667": {
							"post": [2.54, -3.96, 12.14],
							"lerp_mode": "catmullrom"
						},
						"2.1333": [8, -8, 16],
						"2.2": {
							"pre": [2.54, -3.96, 12.14],
							"post": [2.54, -3.96, 12.14],
							"lerp_mode": "catmullrom"
						},
						"2.3": {
							"post": [-3.875, -3, 6.25],
							"lerp_mode": "catmullrom"
						},
						"2.4333": [-4.625, -3, 6.25],
						"2.6": [-4.25, -3, 6.25],
						"2.6667": [-4.25, -3, 9],
						"2.8333": [-4.25, -3, 9],
						"2.8667": [-4.25, -3, 6.25],
						"2.9333": [-4.625, -3, 6.25],
						"3.0667": [-4.625, -3, 6.25],
						"3.2": {
							"pre": [-3.625, -3.75, 7],
							"post": [-3.625, -3.75, 7],
							"lerp_mode": "catmullrom"
						},
						"3.3": {
							"post": [3.67, -9.81, 15.02],
							"lerp_mode": "catmullrom"
						},
						"3.4667": [8, -8, 16]
					},
					"scale": [1, 1.25, 1]
				},
				"root": {
					"rotation": {
						"0.0": [0, 0, 0],
						"0.1": {
							"pre": [-1.62, -17.19, 10.35],
							"post": [-1.62, -17.19, 10.35],
							"lerp_mode": "catmullrom"
						},
						"0.2": {
							"post": [-10.86996, -32.41733, 28.82538],
							"lerp_mode": "catmullrom"
						},
						"0.4": {
							"post": [-13.51, -36.75, 34.03],
							"lerp_mode": "catmullrom"
						},
						"0.5667": {
							"post": [-19.4325, -33.1275, 36.12],
							"lerp_mode": "catmullrom"
						},
						"0.8": {
							"post": [-15.99496, -32.41733, 37.13788],
							"lerp_mode": "catmullrom"
						},
						"1.0667": {
							"post": [-15.92, -32.18, 37.29],
							"lerp_mode": "catmullrom"
						},
						"1.4": {
							"post": [-12.53, -39.62, 37.11],
							"lerp_mode": "catmullrom"
						},
						"1.6667": {
							"post": [-13.09, -39.88, 37.37],
							"lerp_mode": "catmullrom"
						},
						"1.8": {
							"post": [-22.49496, -39.10483, 41.88788],
							"lerp_mode": "catmullrom"
						},
						"1.9": {
							"post": [-15.43246, -36.91733, 37.07538],
							"lerp_mode": "catmullrom"
						},
						"2.0333": {
							"post": [-5.99496, -31.79233, 32.32538],
							"lerp_mode": "catmullrom"
						},
						"2.1333": {
							"post": [-0.375, -8.25, 19.4375],
							"lerp_mode": "catmullrom"
						},
						"2.2333": {
							"post": [-1.4, 6.85, 17.62],
							"lerp_mode": "catmullrom"
						},
						"2.3667": {
							"post": [-15.3382, 15.47236, 22.49008],
							"lerp_mode": "catmullrom"
						},
						"2.4667": {
							"post": [-17.35, 17.595, 26.32],
							"lerp_mode": "catmullrom"
						},
						"2.6": {
							"post": [-13.9007, 13.03486, 38],
							"lerp_mode": "catmullrom"
						},
						"2.7": {
							"post": [-22.01, 11.03, 29.9825],
							"lerp_mode": "catmullrom"
						},
						"2.8333": {
							"post": [-21.4007, 9.78486, 30.24008],
							"lerp_mode": "catmullrom"
						},
						"2.9667": {
							"post": [-12.53, 10.85, 32.25],
							"lerp_mode": "catmullrom"
						},
						"3.1": {
							"post": [-15.8382, 15.28486, 23.74008],
							"lerp_mode": "catmullrom"
						},
						"3.2333": {
							"post": [-12.75, 16.125, 22.5],
							"lerp_mode": "catmullrom"
						},
						"3.3667": {
							"post": [4.445, 6.9275, 4.02],
							"lerp_mode": "catmullrom"
						},
						"3.5": {
							"post": [0.7125, 0.55, -0.25],
							"lerp_mode": "catmullrom"
						},
						"3.7333": [0, 0, 0]
					},
					"position": {
						"0.0": [0, 0, 0],
						"0.1": {
							"pre": [0, -0.125, 0.625],
							"post": [0, -0.125, 0.625],
							"lerp_mode": "catmullrom"
						},
						"0.2667": {
							"post": [0.175, 0.625, 0.5],
							"lerp_mode": "catmullrom"
						},
						"0.5667": {
							"post": [0.875, 0.75, 0.5],
							"lerp_mode": "catmullrom"
						},
						"0.6667": {
							"post": [0.915, 1.1025, 0.5],
							"lerp_mode": "catmullrom"
						},
						"0.7667": {
							"post": [0.79, 0.8525, 0.5],
							"lerp_mode": "catmullrom"
						},
						"0.8667": {
							"post": [0.79, 0.57, 0.5],
							"lerp_mode": "catmullrom"
						},
						"0.9667": {
							"post": [0.8, 0.9875, 0.5],
							"lerp_mode": "catmullrom"
						},
						"1.1": {
							"post": [0.78, 0.925, 0.5],
							"lerp_mode": "catmullrom"
						},
						"1.4333": {
							"post": [0.28, 1.55, 0.51],
							"lerp_mode": "catmullrom"
						},
						"1.7": {
							"post": [0.31, 1.57, 0.5],
							"lerp_mode": "catmullrom"
						},
						"1.7667": {
							"post": [0.695, 1.6425, 0.375],
							"lerp_mode": "catmullrom"
						},
						"1.9333": {
							"post": [0.5, 1.25, 0.5625],
							"lerp_mode": "catmullrom"
						},
						"2.0333": {
							"post": [0.4375, 0.375, 0.5],
							"lerp_mode": "catmullrom"
						},
						"2.2": {
							"post": [0.4375, -1, 0.375],
							"lerp_mode": "catmullrom"
						},
						"2.3": {
							"post": [0.5, -2.125, 0.5],
							"lerp_mode": "catmullrom"
						},
						"2.4333": {
							"post": [0.75, -2.5, 0.375],
							"lerp_mode": "catmullrom"
						},
						"2.6": {
							"post": [1.0225, -2.22, 0.5],
							"lerp_mode": "catmullrom"
						},
						"2.6667": {
							"post": [1.1925, -3.16, 1.25],
							"lerp_mode": "catmullrom"
						},
						"2.8333": {
							"post": [1.125, -3.1875, 0.75],
							"lerp_mode": "catmullrom"
						},
						"2.9": {
							"post": [1.07, -2.3075, -0.055],
							"lerp_mode": "catmullrom"
						},
						"3.0333": {
							"post": [1.125, -1.975, -0.3125],
							"lerp_mode": "catmullrom"
						},
						"3.1333": {
							"post": [0.875, -2.0625, -0.1875],
							"lerp_mode": "catmullrom"
						},
						"3.2667": {
							"post": [0.7, -2.44, 0.23],
							"lerp_mode": "catmullrom"
						},
						"3.4": {
							"post": [0.0175, -0.59, 0],
							"lerp_mode": "catmullrom"
						},
						"3.5333": {
							"post": [0, -0.0725, 0],
							"lerp_mode": "catmullrom"
						},
						"3.7333": [0, 0, 0]
					}
				},
				"right_mag": {
					"rotation": {
						"0.8": [0, 0, 0],
						"1.0": {
							"pre": [0, 0, 0],
							"post": [0, 0, 0],
							"lerp_mode": "catmullrom"
						},
						"1.2333": {
							"post": [5.22, 67.82, 65.26],
							"lerp_mode": "catmullrom"
						},
						"1.4333": {
							"post": [-7.25, 10.25, 36.5],
							"lerp_mode": "catmullrom"
						},
						"1.5667": {
							"post": [0, 0, 10.9375],
							"lerp_mode": "catmullrom"
						},
						"1.6667": [0, 0, 0],
						"1.7": [0, 0, 0]
					},
					"position": {
						"0.8": [0, 0, 0],
						"0.8667": {
							"pre": [0.1875, -9.5, 0.75],
							"post": [0.1875, -9.5, 0.75],
							"lerp_mode": "catmullrom"
						},
						"0.9333": {
							"post": [2.645, -12.79, 6.19],
							"lerp_mode": "catmullrom"
						},
						"1.2667": {
							"post": [0, -12.25, 7.75],
							"lerp_mode": "catmullrom"
						},
						"1.4": {
							"post": [-3, -4.3125, 3.25],
							"lerp_mode": "catmullrom"
						},
						"1.5": {
							"post": [-0.75, -2.0125, 0.4],
							"lerp_mode": "catmullrom"
						},
						"1.6": {
							"post": [0, -1.575, 0.0375],
							"lerp_mode": "catmullrom"
						},
						"1.6667": [0, -1.5375, 0.0375],
						"1.7": [0, 0, 0]
					}
				},
				"left_gun": {
					"rotation": {
						"0.8": [0, 0, 0],
						"0.8667": {
							"pre": [-1.44, -0.24, -0.71],
							"post": [-1.44, -0.24, -0.71],
							"lerp_mode": "catmullrom"
						},
						"0.9667": {
							"post": [0.02, -1.31, 1.77],
							"lerp_mode": "catmullrom"
						},
						"1.1333": {
							"post": [0.875, -2, 0.75],
							"lerp_mode": "catmullrom"
						},
						"1.4667": {
							"post": [0.5, -0.25, 0.5],
							"lerp_mode": "catmullrom"
						},
						"1.7": [0, 0, 0]
					},
					"position": {
						"0.8": [0, 0, 0],
						"0.9": {
							"pre": [0.125, -0.5625, -0.375],
							"post": [0.125, -0.5625, -0.375],
							"lerp_mode": "catmullrom"
						},
						"1.1333": {
							"post": [0.5625, -0.0625, -0.4375],
							"lerp_mode": "catmullrom"
						},
						"1.4": {
							"post": [0.5, -0.3125, 0],
							"lerp_mode": "catmullrom"
						},
						"1.6": {
							"post": [0.125, 0, -0.125],
							"lerp_mode": "catmullrom"
						},
						"1.7": [0, 0, 0]
					}
				},
				"bolt": {
					"rotation": {
						"2.5": [0, 0, 0],
						"2.5333": [0, 0, 30],
						"3.0333": [0, 0, 30],
						"3.0667": [0, 0, 0]
					},
					"position": {
						"2.6333": [0, 0, 0],
						"2.7": [0, 0, 2.5],
						"2.8667": [0, 0, 2.5],
						"2.9": [0, 0, 0]
					}
				},
				"camera": {
					"rotation": {
						"0.0": {
							"post": [0, 0, 0],
							"lerp_mode": "catmullrom"
						},
						"0.2": {
							"post": [1.17, 0, 0.125],
							"lerp_mode": "catmullrom"
						},
						"0.4333": {
							"post": [2.05, 0.08, 0.45],
							"lerp_mode": "catmullrom"
						},
						"0.6333": {
							"post": [1.14, 0.01, 0.33],
							"lerp_mode": "catmullrom"
						},
						"0.7333": {
							"post": [1.07, -0.02, 0.42],
							"lerp_mode": "catmullrom"
						},
						"0.8333": {
							"post": [1.445, 0, -0.25],
							"lerp_mode": "catmullrom"
						},
						"0.9": {
							"post": [1.86, 0.18, 1.305],
							"lerp_mode": "catmullrom"
						},
						"0.9667": {
							"post": [1.93, 0.4, 0.77],
							"lerp_mode": "catmullrom"
						},
						"1.1667": {
							"post": [1.54, 0.2975, 0.4325],
							"lerp_mode": "catmullrom"
						},
						"1.3667": {
							"post": [1.9825, 0.4, 0.465],
							"lerp_mode": "catmullrom"
						},
						"1.5667": {
							"post": [1.91, 0.37, 0.8075],
							"lerp_mode": "catmullrom"
						},
						"1.6667": {
							"post": [1.79, 0.125, 0.75],
							"lerp_mode": "catmullrom"
						},
						"1.7333": {
							"post": [1.005, -0.37, -0.2],
							"lerp_mode": "catmullrom"
						},
						"1.8": {
							"post": [0.54, -0.375, 0.6],
							"lerp_mode": "catmullrom"
						},
						"1.9667": {
							"post": [1, -0.05, -0.025],
							"lerp_mode": "catmullrom"
						},
						"2.1333": {
							"post": [0, 0, 0],
							"lerp_mode": "catmullrom"
						},
						"2.2": {
							"post": [0.335, 0.0025, -0.1025],
							"lerp_mode": "catmullrom"
						},
						"2.3333": {
							"post": [0.245, -0.0175, 0.085],
							"lerp_mode": "catmullrom"
						},
						"2.4333": {
							"post": [0.0625, -0.0175, -0.14273],
							"lerp_mode": "catmullrom"
						},
						"2.6": {
							"post": [-0.03, -0.1775, -1.245],
							"lerp_mode": "catmullrom"
						},
						"2.6667": {
							"post": [0.875, -0.47, -0.02887],
							"lerp_mode": "catmullrom"
						},
						"2.7667": {
							"post": [1.125, -0.1925, -0.8425],
							"lerp_mode": "catmullrom"
						},
						"2.9": {
							"post": [0.82, -0.1275, -0.9475],
							"lerp_mode": "catmullrom"
						},
						"2.9667": {
							"post": [-0.125, 0.1775, -0.62],
							"lerp_mode": "catmullrom"
						},
						"3.0667": {
							"post": [-0.16, 0.1925, 1],
							"lerp_mode": "catmullrom"
						},
						"3.1667": {
							"post": [0.3125, 0.1375, 0.35027],
							"lerp_mode": "catmullrom"
						},
						"3.3": {
							"post": [0.375, 0.0375, 0.00027],
							"lerp_mode": "catmullrom"
						},
						"3.4667": {
							"post": [0.0625, 0.0075, 0.00289],
							"lerp_mode": "catmullrom"
						},
						"3.7333": {
							"post": [0, 0, 0],
							"lerp_mode": "catmullrom"
						}
					}
				}
			},
			"sound_effects": {
				"0.0": {
					"effect": "bf1:welrod/magout"
				},
				"1.0333": {
					"effect": "bf1:welrod/magin"
				},
				"2.2667": {
					"effect": "bf1:welrod/bolt"
				},
				"2.3333": {
					"effect": "bf1:shell_pistol"
				}
			}
		},
		"inspect": {
			"animation_length": 4.5,
			"bones": {
				"root": {
					"rotation": {
						"0.0": [0, 0, 0],
						"0.2333": {
							"pre": [0, -22.1875, -35.5625],
							"post": [0, -22.1875, -35.5625],
							"lerp_mode": "catmullrom"
						},
						"0.4": {
							"post": [-0.04, -26.59, -44.48],
							"lerp_mode": "catmullrom"
						},
						"1.2667": {
							"post": [0, -25, -45],
							"lerp_mode": "catmullrom"
						},
						"1.4": {
							"post": [2.50442, -25.33496, -51.08363],
							"lerp_mode": "catmullrom"
						},
						"2.0667": {
							"post": [2.50442, -25.33496, -51.08363],
							"lerp_mode": "catmullrom"
						},
						"2.3": {
							"post": [2.50442, -25.33496, -42.08363],
							"lerp_mode": "catmullrom"
						},
						"2.5667": {
							"post": [-12.40058, 24.55072, 30.80385],
							"lerp_mode": "catmullrom"
						},
						"3.0333": {
							"post": [-15.74, 31.37, 36.63],
							"lerp_mode": "catmullrom"
						},
						"3.9667": {
							"post": [-18.09101, 31.58956, 34.9261],
							"lerp_mode": "catmullrom"
						},
						"4.2667": {
							"post": [-3.375, 3.625, 2.4375],
							"lerp_mode": "catmullrom"
						},
						"4.5": [0, 0, 0]
					},
					"position": {
						"0.0": [0, 0, 0],
						"0.2": {
							"pre": [-0.5, -1.75, 1.625],
							"post": [-0.5, -1.75, 1.625],
							"lerp_mode": "catmullrom"
						},
						"1.2667": {
							"post": [-0.5, -1.75, 1.75],
							"lerp_mode": "catmullrom"
						},
						"2.3": {
							"post": [-0.5, -1.75, 1.75],
							"lerp_mode": "catmullrom"
						},
						"2.5667": {
							"post": [3.25, -3.75, 2.5],
							"lerp_mode": "catmullrom"
						},
						"3.7667": {
							"post": [3.68, -4.06, 2.68],
							"lerp_mode": "catmullrom"
						},
						"4.1": {
							"post": [3.5, -3.75, 2.5],
							"lerp_mode": "catmullrom"
						},
						"4.3": {
							"post": [0.5, -0.5, 0.25],
							"lerp_mode": "catmullrom"
						},
						"4.5": [0, 0, 0]
					}
				},
				"camera": {
					"rotation": {
						"0.0": {
							"post": [0, 0, 0],
							"lerp_mode": "catmullrom"
						},
						"0.1667": {
							"post": [0.805, 0.25, 0],
							"lerp_mode": "catmullrom"
						},
						"0.3": {
							"post": [3.99, 0.4, -0.38],
							"lerp_mode": "catmullrom"
						},
						"0.4667": {
							"post": [5.61, 0.45, -0.6],
							"lerp_mode": "catmullrom"
						},
						"1.0667": {
							"post": [5.855, 0.5, -0.825],
							"lerp_mode": "catmullrom"
						},
						"1.4": {
							"post": [6.145, 1.3515, -1.25],
							"lerp_mode": "catmullrom"
						},
						"1.7": {
							"post": [6.585, 1.9975, -1.65],
							"lerp_mode": "catmullrom"
						},
						"2.2333": {
							"post": [6.27, 1.94, -1.32],
							"lerp_mode": "catmullrom"
						},
						"2.4667": {
							"post": [4.145, 1.8515, -1.25],
							"lerp_mode": "catmullrom"
						},
						"2.8": {
							"post": [4.27, 3.688, -1.925],
							"lerp_mode": "catmullrom"
						},
						"3.2333": {
							"post": [4.185, 3.8225, -1.575],
							"lerp_mode": "catmullrom"
						},
						"3.4333": {
							"post": [3.54, 4.7775, -0.575],
							"lerp_mode": "catmullrom"
						},
						"3.8": {
							"post": [2.62, 4.825, -0.175],
							"lerp_mode": "catmullrom"
						},
						"4.0": {
							"post": [2.315, 4.2, -0.35],
							"lerp_mode": "catmullrom"
						},
						"4.3": {
							"post": [0.3125, 0.5, 0],
							"lerp_mode": "catmullrom"
						},
						"4.5": {
							"post": [0, 0, 0],
							"lerp_mode": "catmullrom"
						}
					}
				}
			},
			"sound_effects": {
				"0.0": {
					"effect": "bf1:kolibri/settle2"
				},
				"2.2": {
					"effect": "bf1:kolibri/settle1"
				}
			}
		}
	}
}