{
	"format_version": "1.8.0",
	"animations": {
		"static_idle": {
			"loop": true,
			"bones": {
				"right_hand": {
					"rotation": [104.65993, 3.21132, -12.08681],
					"position": [-3.75, -13.25, -14]
				},
				"left_hand": {
					"rotation": [75.7208, 6.12832, -79.99546],
					"position": [-10.3125, -13.5, -30.375],
					"scale": [1, 1.2, 1]
				}
			}
		},
		"static_bolt_caught": {
			"loop": true,
			"bones": {
				"red_illuminated": {
					"scale": [1.05, 1.05, 1]
				}
			}
		},
		"shoot": {
			"animation_length": 1,
			"bones": {
				"root": {
					"rotation": {
						"0.0": {
							"post": [0, 0, 0],
							"lerp_mode": "catmullrom"
						},
						"0.0417": {
							"post": [0.03515, -0.00092, -0.61172],
							"lerp_mode": "catmullrom"
						},
						"0.125": {
							"post": [-0.06984, 0, 0.66812],
							"lerp_mode": "catmullrom"
						},
						"0.2083": {
							"post": [-0.4137, 0.0272, 0.53803],
							"lerp_mode": "catmullrom"
						},
						"0.375": {
							"post": [0.19531, 0, -0.31953],
							"lerp_mode": "catmullrom"
						},
						"0.5": {
							"post": [-0.06641, 0, 0.06172],
							"lerp_mode": "catmullrom"
						},
						"0.75": {
							"post": [0, 0, 0],
							"lerp_mode": "catmullrom"
						},
						"1.0": {
							"post": [0, 0, 0],
							"lerp_mode": "catmullrom"
						}
					},
					"position": {
						"0.0": {
							"post": [0, 0, 0],
							"lerp_mode": "catmullrom"
						},
						"0.0833": {
							"post": [0, -0.18, 2.5],
							"lerp_mode": "catmullrom"
						},
						"0.2083": {
							"post": [0, -0.06641, 2.20313],
							"lerp_mode": "catmullrom"
						},
						"0.3333": {
							"post": [0, 0, 0.0625],
							"lerp_mode": "catmullrom"
						},
						"0.5833": {
							"post": [0, 0, -0.02734],
							"lerp_mode": "catmullrom"
						},
						"0.75": {
							"post": [0, 0, 0],
							"lerp_mode": "catmullrom"
						},
						"1.0": {
							"post": [0, 0, 0],
							"lerp_mode": "catmullrom"
						}
					}
				},
				"muzzle_flash": {
					"position": {
						"0.0": [0, 0, 0],
						"0.0417": [0, 0, -4]
					}
				},
				"ring": {
					"rotation": {
						"0.0": [0, 0, 0],
						"0.0417": [12.5, 0, 0],
						"0.0833": [0, 0, 0]
					}
				},
				"red_illuminated": {
					"scale": {
						"0.0": {
							"post": [1.01, 1.01, 1],
							"lerp_mode": "catmullrom"
						},
						"1.0": {
							"post": [1.01, 1.01, 1],
							"lerp_mode": "catmullrom"
						}
					}
				},
				"camera": {
					"rotation": {
						"0.0": {
							"post": [0, 0, -0.65],
							"lerp_mode": "catmullrom"
						},
						"0.0417": {
							"post": [0, -0.0625, 0.5],
							"lerp_mode": "catmullrom"
						},
						"0.125": {
							"post": [0, 0.0625, -0.2],
							"lerp_mode": "catmullrom"
						},
						"0.2083": {
							"post": [0, -0.03125, 0.1],
							"lerp_mode": "catmullrom"
						},
						"0.2917": {
							"post": [0, 0.03125, -0.05],
							"lerp_mode": "catmullrom"
						},
						"0.4167": {
							"post": [0, -0.03125, 0.026],
							"lerp_mode": "catmullrom"
						},
						"0.5417": {
							"post": [0, -0.03125, -0.013],
							"lerp_mode": "catmullrom"
						},
						"1.0": {
							"post": [0, 0, 0],
							"lerp_mode": "catmullrom"
						}
					}
				}
			}
		},
		"preheat": {
			"animation_length": 0.5833,
			"bones": {
				"root": {
					"rotation": {
						"0.0": {
							"post": [0, 0, 0],
							"lerp_mode": "catmullrom"
						},
						"0.0417": {
							"post": [-0.10418, -0.01962, -2.72406],
							"lerp_mode": "catmullrom"
						},
						"0.0833": {
							"post": [-0.28641, 0.07793, 2.03752],
							"lerp_mode": "catmullrom"
						},
						"0.2083": {
							"post": [0.19531, 0, 0.43047],
							"lerp_mode": "catmullrom"
						},
						"0.3333": {
							"post": [-0.06641, 0, -0.18828],
							"lerp_mode": "catmullrom"
						},
						"0.5833": [0, 0, 0]
					},
					"position": {
						"0.0": {
							"post": [0, 0, 0],
							"lerp_mode": "catmullrom"
						},
						"0.0417": {
							"post": [0, -0.1, 0.05],
							"lerp_mode": "catmullrom"
						},
						"0.0833": {
							"post": [0, -0.18, 1],
							"lerp_mode": "catmullrom"
						},
						"0.2083": {
							"post": [0, -0.06641, 0.14063],
							"lerp_mode": "catmullrom"
						},
						"0.3333": {
							"post": [0, 0, 0],
							"lerp_mode": "catmullrom"
						},
						"0.5833": [0, 0, 0]
					}
				},
				"muzzle_flash": {
					"scale": 0
				},
				"camera": {
					"rotation": {
						"0.0": {
							"post": [0, 0, 0],
							"lerp_mode": "catmullrom"
						},
						"0.0833": {
							"post": [0, 0, 0.84438],
							"lerp_mode": "catmullrom"
						},
						"0.125": {
							"post": [0, 0, -0.46054],
							"lerp_mode": "catmullrom"
						},
						"0.2083": {
							"post": [0, 0, 0.12624],
							"lerp_mode": "catmullrom"
						},
						"0.2917": {
							"post": [0, 0, -0.18029],
							"lerp_mode": "catmullrom"
						},
						"0.375": {
							"post": [0, 0, 0.00602],
							"lerp_mode": "catmullrom"
						},
						"0.5833": {
							"post": [0, 0, 0],
							"lerp_mode": "catmullrom"
						}
					}
				}
			},
			"sound_effects": {
				"0.0": {
					"effect": "bf1:wex/pre"
				}
			}
		},
		"draw": {
			"animation_length": 1.5,
			"bones": {
				"root": {
					"rotation": {
						"0.75": {
							"pre": [0, -35, 57.5],
							"post": [0, -35, 57.5],
							"lerp_mode": "catmullrom"
						},
						"0.9167": {
							"post": [2.7348, -8.92512, 37.89727],
							"lerp_mode": "catmullrom"
						},
						"1.0833": {
							"post": [0.64547, -1.47247, 6.10117],
							"lerp_mode": "catmullrom"
						},
						"1.1667": {
							"post": [1.37749, -0.08367, -1.55166],
							"lerp_mode": "catmullrom"
						},
						"1.25": {
							"post": [-0.45456, -0.10457, 0.82333],
							"lerp_mode": "catmullrom"
						},
						"1.3333": [-0.065, -0.44, -0.27],
						"1.5": [0, 0, 0]
					},
					"position": {
						"0.75": {
							"pre": [0, -8, 2],
							"post": [0, -8, 2],
							"lerp_mode": "catmullrom"
						},
						"0.9167": {
							"post": [-0.14, -2.41, -0.195],
							"lerp_mode": "catmullrom"
						},
						"1.0": {
							"post": [-0.22, -0.29, -1.425],
							"lerp_mode": "catmullrom"
						},
						"1.0833": {
							"post": [-0.125, -0.385, -1.975],
							"lerp_mode": "catmullrom"
						},
						"1.1667": {
							"post": [0, -0.305, 0.05],
							"lerp_mode": "catmullrom"
						},
						"1.2917": {
							"post": [0.05, 0, -0.15],
							"lerp_mode": "catmullrom"
						},
						"1.375": {
							"post": [-0.025, 0, 0.05],
							"lerp_mode": "catmullrom"
						},
						"1.5": {
							"post": [0, 0, 0],
							"lerp_mode": "catmullrom"
						}
					}
				},
				"camera": {
					"rotation": {
						"0.0": {
							"post": [0, 0, 0],
							"lerp_mode": "catmullrom"
						},
						"0.125": {
							"post": [0.89, 0, -0.45],
							"lerp_mode": "catmullrom"
						},
						"0.2917": {
							"post": [0.225, 0.05, 0.25],
							"lerp_mode": "catmullrom"
						},
						"0.4583": {
							"post": [0.47, -0.02, -0.85],
							"lerp_mode": "catmullrom"
						},
						"0.625": {
							"post": [-0.48, -0.01, -0.46],
							"lerp_mode": "catmullrom"
						},
						"0.75": {
							"post": [0, 0, 0],
							"lerp_mode": "catmullrom"
						},
						"0.9583": {
							"post": [1.00016, 0.00436, 0.75027],
							"lerp_mode": "catmullrom"
						},
						"1.1667": {
							"post": [0, 0, -0.75],
							"lerp_mode": "catmullrom"
						},
						"1.2917": {
							"post": [0, 0, 0],
							"lerp_mode": "catmullrom"
						},
						"1.375": {
							"post": [0, 0, -0.3],
							"lerp_mode": "catmullrom"
						},
						"1.5": {
							"post": [0, 0, 0],
							"lerp_mode": "catmullrom"
						}
					}
				}
			},
			"sound_effects": {
				"0.0": {
					"effect": "draw"
				}
			}
		},
		"put_away": {
			"animation_length": 1.25,
			"bones": {
				"root": {
					"rotation": {
						"0.0": {
							"post": [0, 0, 0],
							"lerp_mode": "catmullrom"
						},
						"0.0833": {
							"post": [-0.51171, -3.6801, -4.19401],
							"lerp_mode": "catmullrom"
						},
						"0.1667": {
							"post": [4.36882, -11.73179, -10.29382],
							"lerp_mode": "catmullrom"
						},
						"0.25": {
							"post": [16.99835, -17.70783, -19.61271],
							"lerp_mode": "catmullrom"
						},
						"0.3333": {
							"post": [22.5, -27.4, -9.02],
							"lerp_mode": "catmullrom"
						},
						"0.4167": {
							"post": [38.74, -37.82, -13.36],
							"lerp_mode": "catmullrom"
						},
						"1.25": {
							"post": [38.74, -37.82, -13.36],
							"lerp_mode": "catmullrom"
						}
					},
					"position": {
						"0.0": {
							"post": [0, 0, 0],
							"lerp_mode": "catmullrom"
						},
						"0.0833": {
							"post": [-0.45, -0.49, 0.28],
							"lerp_mode": "catmullrom"
						},
						"0.1667": {
							"post": [-0.67, -1.47, 0.34],
							"lerp_mode": "catmullrom"
						},
						"0.25": {
							"post": [-0.435, -3.245, 0.06],
							"lerp_mode": "catmullrom"
						},
						"0.3333": {
							"post": [0.22, -5.38, -0.15],
							"lerp_mode": "catmullrom"
						},
						"0.4167": {
							"post": [1.49, -9.585, -0.36],
							"lerp_mode": "catmullrom"
						},
						"1.25": {
							"post": [1.49, -9.585, -0.36],
							"lerp_mode": "catmullrom"
						}
					}
				},
				"camera": {
					"rotation": {
						"0.0": {
							"post": [0, 0, 0],
							"lerp_mode": "catmullrom"
						},
						"0.0833": {
							"post": [0.3, 0, -0.125],
							"lerp_mode": "catmullrom"
						},
						"0.25": {
							"post": [0.64, 0, 0.3],
							"lerp_mode": "catmullrom"
						},
						"0.3333": {
							"post": [0.75, 0, 0.15],
							"lerp_mode": "catmullrom"
						},
						"0.4167": {
							"post": [0.25, 0, 0],
							"lerp_mode": "catmullrom"
						},
						"0.5417": {
							"post": [0.64, 0, -0.2],
							"lerp_mode": "catmullrom"
						},
						"0.7083": {
							"post": [0.475, 0.05, -0.25],
							"lerp_mode": "catmullrom"
						},
						"0.875": {
							"post": [-0.03, -0.02, 0.15],
							"lerp_mode": "catmullrom"
						},
						"1.0": {
							"post": [0.255, -0.05, -0.2],
							"lerp_mode": "catmullrom"
						},
						"1.25": {
							"post": [0, 0, 0],
							"lerp_mode": "catmullrom"
						}
					}
				}
			},
			"sound_effects": {
				"0.0": {
					"effect": "put_away"
				}
			}
		},
		"reload": {
			"animation_length": 4.4167,
			"bones": {
				"root": {
					"rotation": {
						"0.0": {
							"post": [0, 0, 0],
							"lerp_mode": "catmullrom"
						},
						"0.0833": {
							"post": [-0.51171, -3.6801, -4.19401],
							"lerp_mode": "catmullrom"
						},
						"0.1667": {
							"post": [4.36882, -11.73179, -10.29382],
							"lerp_mode": "catmullrom"
						},
						"0.25": {
							"post": [16.99835, -17.70783, -19.61271],
							"lerp_mode": "catmullrom"
						},
						"0.3333": {
							"post": [22.5, -27.4, -9.02],
							"lerp_mode": "catmullrom"
						},
						"0.4167": {
							"post": [38.74, -37.82, -13.36],
							"lerp_mode": "catmullrom"
						},
						"1.4583": {
							"post": [38.74, -37.82, -13.36],
							"lerp_mode": "catmullrom"
						},
						"3.6667": {
							"post": [0, -35, 57.5],
							"lerp_mode": "catmullrom"
						},
						"3.8333": {
							"post": [2.7348, -8.92512, 37.89727],
							"lerp_mode": "catmullrom"
						},
						"4.0": {
							"post": [0.64547, -1.47247, 6.10117],
							"lerp_mode": "catmullrom"
						},
						"4.0833": {
							"post": [1.37749, -0.08367, -1.55166],
							"lerp_mode": "catmullrom"
						},
						"4.1667": {
							"post": [-0.45456, -0.10457, 0.82333],
							"lerp_mode": "catmullrom"
						},
						"4.25": [-0.065, -0.44, -0.27],
						"4.4167": [0, 0, 0]
					},
					"position": {
						"0.0": {
							"post": [0, 0, 0],
							"lerp_mode": "catmullrom"
						},
						"0.0833": {
							"post": [-0.45, -0.49, 0.28],
							"lerp_mode": "catmullrom"
						},
						"0.1667": {
							"post": [-0.67, -1.47, 0.34],
							"lerp_mode": "catmullrom"
						},
						"0.25": {
							"post": [-0.435, -3.245, 0.06],
							"lerp_mode": "catmullrom"
						},
						"0.3333": {
							"post": [0.22, -5.38, -0.15],
							"lerp_mode": "catmullrom"
						},
						"0.4167": {
							"post": [1.49, -9.585, -0.36],
							"lerp_mode": "catmullrom"
						},
						"1.4583": {
							"post": [1.49, -9.585, -0.36],
							"lerp_mode": "catmullrom"
						},
						"3.6667": {
							"post": [0, -8, 2],
							"lerp_mode": "catmullrom"
						},
						"3.8333": {
							"post": [-0.14, -2.41, -0.195],
							"lerp_mode": "catmullrom"
						},
						"3.9167": {
							"post": [-0.22, -0.29, -1.425],
							"lerp_mode": "catmullrom"
						},
						"4.0": {
							"post": [-0.125, -0.385, -1.975],
							"lerp_mode": "catmullrom"
						},
						"4.0833": {
							"post": [0, -0.305, 0.05],
							"lerp_mode": "catmullrom"
						},
						"4.2083": {
							"post": [0.05, 0, -0.15],
							"lerp_mode": "catmullrom"
						},
						"4.2917": {
							"post": [-0.025, 0, 0.05],
							"lerp_mode": "catmullrom"
						},
						"4.4167": {
							"post": [0, 0, 0],
							"lerp_mode": "catmullrom"
						}
					}
				},
				"camera": {
					"rotation": {
						"0.0": {
							"post": [0, 0, 0],
							"lerp_mode": "catmullrom"
						},
						"0.0833": {
							"post": [0.3, 0, -0.125],
							"lerp_mode": "catmullrom"
						},
						"0.25": {
							"post": [0.64, 0, 0.3],
							"lerp_mode": "catmullrom"
						},
						"0.3333": {
							"post": [0.5, 0, 0.15],
							"lerp_mode": "catmullrom"
						},
						"0.4167": {
							"post": [0, 0, 0],
							"lerp_mode": "catmullrom"
						},
						"0.5417": {
							"post": [0.39, 0, -0.45],
							"lerp_mode": "catmullrom"
						},
						"0.7083": {
							"post": [1.725, 0.05, -0.75],
							"lerp_mode": "catmullrom"
						},
						"0.875": {
							"post": [1.47, -0.02, -0.85],
							"lerp_mode": "catmullrom"
						},
						"0.9583": {
							"post": [1.755, -0.05, -1.2],
							"lerp_mode": "catmullrom"
						},
						"1.125": {
							"post": [1.79, -0.07, -0.585],
							"lerp_mode": "catmullrom"
						},
						"1.2083": {
							"post": [1.725, 0.05, -0.75],
							"lerp_mode": "catmullrom"
						},
						"1.4167": {
							"post": [1.47, -0.02, -0.85],
							"lerp_mode": "catmullrom"
						},
						"1.5417": {
							"post": [1.755, -0.05, -1.2],
							"lerp_mode": "catmullrom"
						},
						"1.75": {
							"post": [1.195, -0.09, -1.205],
							"lerp_mode": "catmullrom"
						},
						"1.9583": {
							"post": [1.14, -0.12, -0.86],
							"lerp_mode": "catmullrom"
						},
						"2.2083": {
							"post": [1.47, -0.12, -1.025],
							"lerp_mode": "catmullrom"
						},
						"2.4167": {
							"post": [0.65, -0.07, -0.6375],
							"lerp_mode": "catmullrom"
						},
						"2.9583": {
							"post": [1.25, 0, -1.14573],
							"lerp_mode": "catmullrom"
						},
						"3.0": {
							"post": [1.25, -0.0625, 0.148],
							"lerp_mode": "catmullrom"
						},
						"3.0833": {
							"post": [1.25, 0.0625, -0.96461],
							"lerp_mode": "catmullrom"
						},
						"3.1667": {
							"post": [1.25, -0.03125, -0.26599],
							"lerp_mode": "catmullrom"
						},
						"3.25": {
							"post": [1.25, 0.03125, -0.62823],
							"lerp_mode": "catmullrom"
						},
						"3.375": {
							"post": [1.25, -0.03125, -0.44884],
							"lerp_mode": "catmullrom"
						},
						"3.5": {
							"post": [1.25, -0.03125, -0.53676],
							"lerp_mode": "catmullrom"
						},
						"3.6667": {
							"post": [1.25, 0, -0.5],
							"lerp_mode": "catmullrom"
						},
						"3.875": {
							"post": [1.00016, 0.00436, 0.25027],
							"lerp_mode": "catmullrom"
						},
						"4.0833": {
							"post": [0, 0, -0.75],
							"lerp_mode": "catmullrom"
						},
						"4.2083": {
							"post": [0, 0, 0.1875],
							"lerp_mode": "catmullrom"
						},
						"4.2917": {
							"post": [0, 0, -0.1125],
							"lerp_mode": "catmullrom"
						},
						"4.4167": {
							"post": [0, 0, 0],
							"lerp_mode": "catmullrom"
						}
					}
				}
			},
			"sound_effects": {
				"0.0": {
					"effect": "bf1:wex/put_away"
				},
				"0.4167": {
					"effect": "tacz:aa12/aa12_reload_empty"
				}
			}
		},
		"run_start": {
			"loop": "hold_on_last_frame",
			"animation_length": 1.25,
			"bones": {
				"root": {
					"rotation": {
						"0.0": {
							"post": [0, 0, 0],
							"lerp_mode": "catmullrom"
						},
						"0.1667": {
							"post": [1.44, -0.06, 3.24],
							"lerp_mode": "catmullrom"
						},
						"0.3333": {
							"post": [2.69, -0.14, 7.28],
							"lerp_mode": "catmullrom"
						},
						"0.5": {
							"post": [5.66518, 0, 11.29624],
							"lerp_mode": "catmullrom"
						},
						"0.6667": {
							"post": [7.65, 2.08, 13.29],
							"lerp_mode": "catmullrom"
						},
						"0.8333": {
							"post": [9.16518, 1.65, 14.29624],
							"lerp_mode": "catmullrom"
						},
						"1.0": {
							"post": [1.0075, -18.21, 10.46],
							"lerp_mode": "catmullrom"
						},
						"1.1667": {
							"post": [-3.84, -28.85, 6.45],
							"lerp_mode": "catmullrom"
						},
						"1.25": {
							"post": [-5.82, -33.14, 4.62],
							"lerp_mode": "catmullrom"
						}
					},
					"position": {
						"0.0": {
							"post": [0, 0, 0],
							"lerp_mode": "catmullrom"
						},
						"0.1667": {
							"post": [-0.05695, -1.625, 1.25],
							"lerp_mode": "catmullrom"
						},
						"0.3333": {
							"post": [-0.42978, -1.5, 2.25],
							"lerp_mode": "catmullrom"
						},
						"0.5": {
							"post": [-1.07636, -2.25, 2.25],
							"lerp_mode": "catmullrom"
						},
						"0.6667": {
							"post": [-1.915, -2.0475, 2.3],
							"lerp_mode": "catmullrom"
						},
						"0.8333": {
							"post": [-2.5, -2.375, 2.25],
							"lerp_mode": "catmullrom"
						},
						"1.0417": {
							"post": [-3.185, -0.89, 1.33],
							"lerp_mode": "catmullrom"
						},
						"1.1667": {
							"post": [-3.43, -0.85, 0.61],
							"lerp_mode": "catmullrom"
						},
						"1.25": {
							"post": [-3.55, -0.93, 0.16],
							"lerp_mode": "catmullrom"
						}
					}
				}
			}
		},
		"run": {
			"loop": true,
			"animation_length": 0.6667,
			"bones": {
				"root": {
					"rotation": {
						"0.0": {
							"post": [-6.5, -34.5, 4],
							"lerp_mode": "catmullrom"
						},
						"0.0833": {
							"post": [-7.4125, -35.525, 3.475],
							"lerp_mode": "catmullrom"
						},
						"0.2083": {
							"post": [-5.5375, -34.5875, 4.75],
							"lerp_mode": "catmullrom"
						},
						"0.4167": {
							"post": [-6.7875, -30.7125, 4.15],
							"lerp_mode": "catmullrom"
						},
						"0.5417": {
							"post": [-5.5375, -32.4625, 4.625],
							"lerp_mode": "catmullrom"
						},
						"0.6667": {
							"post": [-6.5, -34.5, 4],
							"lerp_mode": "catmullrom"
						}
					},
					"position": {
						"0.0": {
							"post": [-3.5925, -1, 0],
							"lerp_mode": "catmullrom"
						},
						"0.0833": {
							"post": [-3.6175, -1.275, -0.02],
							"lerp_mode": "catmullrom"
						},
						"0.1667": {
							"post": [-4.34403, -1.7675, 0.0875],
							"lerp_mode": "catmullrom"
						},
						"0.3333": {
							"post": [-5.94635, -1.4375, 0.3125],
							"lerp_mode": "catmullrom"
						},
						"0.5": {
							"post": [-4.97908, -1.7675, 0.1875],
							"lerp_mode": "catmullrom"
						},
						"0.6667": {
							"post": [-3.5925, -1, 0],
							"lerp_mode": "catmullrom"
						}
					}
				},
				"ring": {
					"rotation": {
						"0.0": {
							"post": [0, 0, 0],
							"lerp_mode": "catmullrom"
						},
						"0.125": {
							"post": [9, 0, 0],
							"lerp_mode": "catmullrom"
						},
						"0.2917": {
							"post": [0, 0, 0],
							"lerp_mode": "catmullrom"
						},
						"0.4583": {
							"post": [4.77, 0, 0],
							"lerp_mode": "catmullrom"
						},
						"0.6667": {
							"post": [0, 0, 0],
							"lerp_mode": "catmullrom"
						}
					}
				}
			}
		},
		"run_hold": {
			"loop": true,
			"bones": {
				"root": {
					"rotation": [-6.5, -34.5, 4],
					"position": [-3.5925, -1, 0]
				}
			}
		},
		"over_heat": {
			"loop": "hold_on_last_frame",
			"animation_length": 4,
			"bones": {
				"root": {
					"rotation": {
						"0.0": {
							"post": [0, 0, 0],
							"lerp_mode": "catmullrom"
						},
						"0.05": {
							"post": [2.22274, -1.27668, 1.22274],
							"lerp_mode": "catmullrom"
						},
						"0.2": {
							"post": [1.39505, -1.4437, 0.40792],
							"lerp_mode": "catmullrom"
						},
						"0.45": {
							"post": [-11.93262, 16.63934, -0.42414],
							"lerp_mode": "catmullrom"
						},
						"0.7": {
							"post": [-8.49, 19.11, 5.47],
							"lerp_mode": "catmullrom"
						},
						"0.9": {
							"post": [-8.25, 18.68, 6.25],
							"lerp_mode": "catmullrom"
						},
						"1.45": {
							"post": [-8.22915, 18.4574, 5.57594],
							"lerp_mode": "catmullrom"
						},
						"2.05": {
							"post": [-7.21616, 18.28289, 6.47411],
							"lerp_mode": "catmullrom"
						},
						"2.5": {
							"post": [-7.68631, 18.82975, 5.43034],
							"lerp_mode": "catmullrom"
						},
						"2.9": {
							"post": [-8.16113, 18.43873, 3.69567],
							"lerp_mode": "catmullrom"
						},
						"3.2": {
							"post": [7.25611, 18.76499, 4.70728],
							"lerp_mode": "catmullrom"
						},
						"3.45": {
							"post": [-1.11, 3.87, 2.725],
							"lerp_mode": "catmullrom"
						},
						"3.55": {
							"post": [-2.01804, -0.34702, -0.29141],
							"lerp_mode": "catmullrom"
						},
						"3.65": {
							"post": [1.65, 0.36, 1.105],
							"lerp_mode": "catmullrom"
						},
						"3.8": {
							"post": [0.375, 0, 0],
							"lerp_mode": "catmullrom"
						},
						"4.0": {
							"post": [0, 0, 0],
							"lerp_mode": "catmullrom"
						}
					},
					"position": {
						"0.0": {
							"post": [0, 0, 0],
							"lerp_mode": "catmullrom"
						},
						"0.1": {
							"post": [0, -0.3, 0.745],
							"lerp_mode": "catmullrom"
						},
						"0.25": {
							"post": [-0.225, -0.125, 2.725],
							"lerp_mode": "catmullrom"
						},
						"0.5": {
							"post": [-0.22, -2.85, 2.35],
							"lerp_mode": "catmullrom"
						},
						"0.7": {
							"post": [-0.21, -3.95, 2.28],
							"lerp_mode": "catmullrom"
						},
						"1.15": {
							"post": [-0.18, -3.74, 2.04],
							"lerp_mode": "catmullrom"
						},
						"1.9": {
							"post": [-0.13, -3.81, 2.22],
							"lerp_mode": "catmullrom"
						},
						"2.75": {
							"post": [-0.015, -3.59, 2.05],
							"lerp_mode": "catmullrom"
						},
						"3.05": {
							"post": [-0.05, -2.07, 1.99],
							"lerp_mode": "catmullrom"
						},
						"3.25": {
							"post": [-0.07, 0.16, 2.16],
							"lerp_mode": "catmullrom"
						},
						"3.35": {
							"post": [-0.09, 0.8, 0.28],
							"lerp_mode": "catmullrom"
						},
						"3.45": {
							"post": [-0.11, 0.54, 0.015],
							"lerp_mode": "catmullrom"
						},
						"3.65": {
							"post": [-0.11, -0.215, -0.035],
							"lerp_mode": "catmullrom"
						},
						"3.85": {
							"post": [-0.05, -0.005, -0.02],
							"lerp_mode": "catmullrom"
						},
						"4.0": {
							"post": [0, 0, 0],
							"lerp_mode": "catmullrom"
						}
					}
				},
				"red_illuminated": {
					"scale": {
						"0.0": [1.06, 1.06, 1.06],
						"2.45": [1.06, 1.06, 1.06],
						"2.9": [1, 1, 1]
					}
				},
				"camera": {
					"rotation": {
						"0.0": {
							"post": [0, 0, 0],
							"lerp_mode": "catmullrom"
						},
						"0.1": {
							"post": [-0.205, 0, 0.225],
							"lerp_mode": "catmullrom"
						},
						"0.2": {
							"post": [-0.11, -0.03, 0.095],
							"lerp_mode": "catmullrom"
						},
						"0.35": {
							"post": [0.355, -0.1, 0.475],
							"lerp_mode": "catmullrom"
						},
						"0.55": {
							"post": [3, -0.325, 0.675],
							"lerp_mode": "catmullrom"
						},
						"0.75": {
							"post": [3.61, -0.325, 0.725],
							"lerp_mode": "catmullrom"
						},
						"0.95": {
							"post": [2.95, -0.525, 1.05],
							"lerp_mode": "catmullrom"
						},
						"1.15": {
							"post": [2.195, -0.59, 1.06],
							"lerp_mode": "catmullrom"
						},
						"1.5": {
							"post": [1.945, -0.4025, 0.81],
							"lerp_mode": "catmullrom"
						},
						"1.8": {
							"post": [2.195, -0.59, 0.8725],
							"lerp_mode": "catmullrom"
						},
						"2.1": {
							"post": [2.195, -0.465, 0.935],
							"lerp_mode": "catmullrom"
						},
						"2.6": {
							"post": [2.58, -0.625, 1.025],
							"lerp_mode": "catmullrom"
						},
						"2.85": {
							"post": [2.59, -0.425, 1.025],
							"lerp_mode": "catmullrom"
						},
						"3.05": {
							"post": [3.51, -0.425, 0.875],
							"lerp_mode": "catmullrom"
						},
						"3.2": {
							"post": [2.68, -0.425, 0.625],
							"lerp_mode": "catmullrom"
						},
						"3.45": {
							"post": [-0.255, 0, 0],
							"lerp_mode": "catmullrom"
						},
						"3.55": {
							"post": [0.255, 0.02, 0.53],
							"lerp_mode": "catmullrom"
						},
						"3.65": {
							"post": [0, 0, -0.3],
							"lerp_mode": "catmullrom"
						},
						"3.8": {
							"post": [0, 0, 0],
							"lerp_mode": "catmullrom"
						}
					}
				}
			},
			"sound_effects": {
				"0.0": {
					"effect": "bf1:wex/overheat"
				}
			}
		}
	}
}