{
	"format_version": "1.8.0",
	"animations": {
		"static_idle": {
			"loop": true,
			"bones": {
				"left_hand": {
					"rotation": [102, 44, 77],
					"position": [-5, -6, -13],
					"scale": [1, 1.25, 1]
				},
				"right_hand": {
					"rotation": [102, -8, 5],
					"position": [5, -7, -3],
					"scale": [1, 1.25, 1]
				},
				"constraint": {
					"rotation": [0.2, 0.2, 0.25],
					"position": [0.2, 0.2, 0.5]
				}
			}
		},
		"static_bolt_caught": {
			"loop": true,
			"bones": {
				"bolt": {
					"position": [0, 0, -4.5]
				}
			}
		},
		"shoot": {
			"loop": "hold_on_last_frame",
			"animation_length": 0.6,
			"bones": {
				"root": {
					"rotation": {
						"0.0": {
							"post": [0, 0, 0],
							"lerp_mode": "catmullrom"
						},
						"0.0333": {
							"post": [0, 0.2625, 1.24],
							"lerp_mode": "catmullrom"
						},
						"0.0667": {
							"post": [-0.675, -0.25, -0.96],
							"lerp_mode": "catmullrom"
						},
						"0.1333": {
							"post": [-0.4225, 0.0625, 0.755],
							"lerp_mode": "catmullrom"
						},
						"0.2": {
							"post": [-0.0825, 0, -0.415],
							"lerp_mode": "catmullrom"
						},
						"0.3": {
							"post": [0.04, -0.01, 0.23],
							"lerp_mode": "catmullrom"
						},
						"0.4333": {
							"post": [-0.04, -0.01, -0.045],
							"lerp_mode": "catmullrom"
						},
						"0.6": {
							"post": [0, 0, 0],
							"lerp_mode": "catmullrom"
						}
					},
					"position": {
						"0.0": {
							"post": [0, 0, 0],
							"lerp_mode": "catmullrom"
						},
						"0.0333": {
							"post": [0, 0.0375, 0],
							"lerp_mode": "catmullrom"
						},
						"0.0667": {
							"post": [0, -0.08, 1.375],
							"lerp_mode": "catmullrom"
						},
						"0.1": {
							"post": [0, -0.185, 1.25],
							"lerp_mode": "catmullrom"
						},
						"0.1667": {
							"post": [0, -0.0875, -0.1375],
							"lerp_mode": "catmullrom"
						},
						"0.2667": {
							"post": [0, -0.0125, 0.0725],
							"lerp_mode": "catmullrom"
						},
						"0.4": {
							"post": [0, 0, 0],
							"lerp_mode": "catmullrom"
						},
						"0.6": {
							"post": [0, 0, 0],
							"lerp_mode": "catmullrom"
						}
					}
				},
				"bolt": {
					"position": {
						"0.0": [0, 0, -0.5],
						"0.0333": [0, 0, -4.5],
						"0.0667": [0, 0, -0.125],
						"0.1333": {
							"pre": [0, 0, -1.25],
							"post": [0, 0, -1.25],
							"lerp_mode": "catmullrom"
						},
						"0.2": {
							"post": [0, 0, -0.05],
							"lerp_mode": "catmullrom"
						},
						"0.2333": {
							"post": [0, 0, -0.125],
							"lerp_mode": "catmullrom"
						},
						"0.2667": [0, 0, 0]
					}
				},
				"constraint": {
					"rotation": {
						"0.3333": [0.2, 0.1, 0.5],
						"0.6": [0.2, 0.2, 0.25]
					},
					"position": {
						"0.4": [0.05, 0.05, 0.6],
						"0.6": [0.2, 0.2, 0.5]
					}
				},
				"handguard_tactical": {
					"rotation": {
						"0.0": [0, 0, 0],
						"0.0667": {
							"pre": [0, 0, 4],
							"post": [0, 0, 4],
							"lerp_mode": "catmullrom"
						},
						"0.1333": {
							"post": [0, 0, -3],
							"lerp_mode": "catmullrom"
						},
						"0.2333": {
							"post": [0, 0, 2],
							"lerp_mode": "catmullrom"
						},
						"0.3333": {
							"post": [0, 0, -0.25],
							"lerp_mode": "catmullrom"
						},
						"0.4667": [0, 0, 0]
					}
				},
				"camera": {
					"rotation": {
						"0.0": {
							"post": [-0.025, 0, 0.25],
							"lerp_mode": "catmullrom"
						},
						"0.0333": {
							"post": [0.175, 0, -0.375],
							"lerp_mode": "catmullrom"
						},
						"0.0667": {
							"post": [-0.1, 0, 0.5],
							"lerp_mode": "catmullrom"
						},
						"0.1333": {
							"post": [0.0125, 0, 0.1125],
							"lerp_mode": "catmullrom"
						},
						"0.2": {
							"post": [0, 0, -0.0625],
							"lerp_mode": "catmullrom"
						},
						"0.3333": {
							"post": [0, 0, 0],
							"lerp_mode": "catmullrom"
						}
					}
				}
			}
		},
		"run_start": {
			"animation_length": 0.7917,
			"bones": {
				"root": {
					"rotation": {
						"0.0": {
							"post": [0, 0, 0],
							"lerp_mode": "catmullrom"
						},
						"0.2083": {
							"post": [7.665, -20.245, 18.41],
							"lerp_mode": "catmullrom"
						},
						"0.375": {
							"post": [9.35, -24.05, 26],
							"lerp_mode": "catmullrom"
						},
						"0.5417": {
							"post": [8.2, -19.825, 27.5875],
							"lerp_mode": "catmullrom"
						},
						"0.6667": {
							"post": [5.65, -19.975, 28.625],
							"lerp_mode": "catmullrom"
						},
						"0.7917": {
							"post": [3.37, -21.59, 28.01],
							"lerp_mode": "catmullrom"
						}
					},
					"position": {
						"0.0": {
							"post": [0, 0, 0],
							"lerp_mode": "catmullrom"
						},
						"0.1667": {
							"post": [-2.6, -2.1, 0.88],
							"lerp_mode": "catmullrom"
						},
						"0.3333": {
							"post": [-5.25, -3.605, 1.7125],
							"lerp_mode": "catmullrom"
						},
						"0.5": {
							"post": [-5.25, -3.25, 1.25],
							"lerp_mode": "catmullrom"
						},
						"0.6667": {
							"post": [-4.25, -2, 0.125],
							"lerp_mode": "catmullrom"
						},
						"0.7917": {
							"post": [-3.11, -1.05, 0.07],
							"lerp_mode": "catmullrom"
						}
					}
				}
			}
		},
		"run": {
			"loop": true,
			"animation_length": 0.6667,
			"bones": {
				"root": {
					"rotation": {
						"0.0": {
							"post": [1.87, -22.44, 27.56],
							"lerp_mode": "catmullrom"
						},
						"0.0833": {
							"post": [1.75, -22.4875, 26.9125],
							"lerp_mode": "catmullrom"
						},
						"0.2083": {
							"post": [6.1, -19.55, 29.75],
							"lerp_mode": "catmullrom"
						},
						"0.375": {
							"post": [5.3, -15.7, 28.025],
							"lerp_mode": "catmullrom"
						},
						"0.5": {
							"post": [5.65, -17.975, 29.625],
							"lerp_mode": "catmullrom"
						},
						"0.6667": {
							"post": [1.87, -22.44, 27.56],
							"lerp_mode": "catmullrom"
						}
					},
					"position": {
						"0.0": {
							"post": [-3, -1, 0],
							"lerp_mode": "catmullrom"
						},
						"0.1667": {
							"post": [-4, -1.375, 0.75],
							"lerp_mode": "catmullrom"
						},
						"0.3333": {
							"post": [-5.5, -1.125, 0.25],
							"lerp_mode": "catmullrom"
						},
						"0.5": {
							"post": [-4.5, -1.375, -0.3125],
							"lerp_mode": "catmullrom"
						},
						"0.6667": {
							"post": [-3, -1, 0],
							"lerp_mode": "catmullrom"
						}
					}
				}
			}
		},
		"run_hold": {
			"loop": true,
			"bones": {
				"root": {
					"rotation": [1.87, -22.44, 27.56],
					"position": [-3, -1, 0]
				}
			}
		},
		"reload_tactical": {
			"loop": "hold_on_last_frame",
			"animation_length": 2.6667,
			"bones": {
				"root": {
					"rotation": {
						"0.0": [0, 0, 0],
						"0.1667": {
							"pre": [0.625, -3.9375, 4.25],
							"post": [0.625, -3.9375, 4.25],
							"lerp_mode": "catmullrom"
						},
						"0.3": {
							"post": [-20.44, -1.025, 1.0575],
							"lerp_mode": "catmullrom"
						},
						"0.4": {
							"post": [-30.25, 3.0625, 9.25],
							"lerp_mode": "catmullrom"
						},
						"0.5333": {
							"post": [-31.9125, 5.5625, 12.9025],
							"lerp_mode": "catmullrom"
						},
						"0.6": {
							"post": [-22.285, -10.6875, 24.47],
							"lerp_mode": "catmullrom"
						},
						"0.7": {
							"post": [-18.1575, -14.6875, 11.4125],
							"lerp_mode": "catmullrom"
						},
						"0.8333": {
							"post": [-20.64, -9.8775, -3.6475],
							"lerp_mode": "catmullrom"
						},
						"0.9667": {
							"post": [-23.9025, 0.25, 0.145],
							"lerp_mode": "catmullrom"
						},
						"1.0667": {
							"post": [-26.0675, 4.715, 1.42],
							"lerp_mode": "catmullrom"
						},
						"1.2": {
							"post": [-24.4725, 6.77, -0.195],
							"lerp_mode": "catmullrom"
						},
						"1.3333": {
							"post": [-27.03, 8.0825, -0.655],
							"lerp_mode": "catmullrom"
						},
						"1.4333": {
							"post": [-27.3125, 7.735, -3.67],
							"lerp_mode": "catmullrom"
						},
						"1.5": {
							"post": [-26.76, 7.68, -5.66],
							"lerp_mode": "catmullrom"
						},
						"1.6": {
							"post": [-24.41, 8.02, -4.02],
							"lerp_mode": "catmullrom"
						},
						"1.6667": {
							"post": [-12.0925, 15.78, -12.0275],
							"lerp_mode": "catmullrom"
						},
						"1.7667": {
							"post": [-10.82, 8.7925, -6.87],
							"lerp_mode": "catmullrom"
						},
						"1.8667": {
							"post": [-14.3775, 3.1225, -4.495],
							"lerp_mode": "catmullrom"
						},
						"2.0333": {
							"post": [-4.7275, -1.2025, -3.12],
							"lerp_mode": "catmullrom"
						},
						"2.2": {
							"post": [-1.83, -0.7625, -3.18],
							"lerp_mode": "catmullrom"
						},
						"2.3333": {
							"post": [-0.18751, -0.00436, 0.28741],
							"lerp_mode": "catmullrom"
						},
						"2.4667": {
							"post": [-0.17, 0.2, -0.4475],
							"lerp_mode": "catmullrom"
						},
						"2.5667": {
							"post": [0, 0, 0.525],
							"lerp_mode": "catmullrom"
						},
						"2.6667": [0, 0, 0]
					},
					"position": {
						"0.0": [0, 0, 0],
						"0.2": {
							"pre": [-0.09, -3.17, -1.6875],
							"post": [-0.09, -3.17, -1.6875],
							"lerp_mode": "catmullrom"
						},
						"0.4": {
							"post": [-1.4375, -4.25, -0.0625],
							"lerp_mode": "catmullrom"
						},
						"0.5333": {
							"post": [-1.28, -4.4425, 0.09],
							"lerp_mode": "catmullrom"
						},
						"0.6667": {
							"post": [-0.8075, -4.9675, 0],
							"lerp_mode": "catmullrom"
						},
						"0.8333": {
							"post": [-0.75, -4.75, -0.25],
							"lerp_mode": "catmullrom"
						},
						"0.9667": {
							"post": [-1.35, -3.59, -1.5],
							"lerp_mode": "catmullrom"
						},
						"1.1": {
							"post": [-1.42, -4.79, 0.1175],
							"lerp_mode": "catmullrom"
						},
						"1.2667": {
							"post": [-1.335, -5.2175, 0.125],
							"lerp_mode": "catmullrom"
						},
						"1.3667": {
							"post": [-1.1925, -4.84, 0.61],
							"lerp_mode": "catmullrom"
						},
						"1.6333": {
							"post": [-1.22, -4.7225, 0.5625],
							"lerp_mode": "catmullrom"
						},
						"1.7667": {
							"post": [-2.0075, -5.17, 0.5625],
							"lerp_mode": "catmullrom"
						},
						"1.9333": {
							"post": [-2.36, -4.53, 0.595],
							"lerp_mode": "catmullrom"
						},
						"2.1": {
							"post": [-0.54, -3.58, 0.8125],
							"lerp_mode": "catmullrom"
						},
						"2.2": {
							"post": [0.11525, -2.29933, 0.34],
							"lerp_mode": "catmullrom"
						},
						"2.2667": {
							"post": [0.08, -0.68, 0.14],
							"lerp_mode": "catmullrom"
						},
						"2.3667": {
							"post": [0, -0.0625, -0.4375],
							"lerp_mode": "catmullrom"
						},
						"2.5": {
							"post": [0, 0, 0.0625],
							"lerp_mode": "catmullrom"
						},
						"2.6667": [0, 0, 0]
					}
				},
				"left_hand": {
					"rotation": {
						"0.1333": [102, 44, 77],
						"0.2333": {
							"pre": [75.0975, 27.06, 29.6225],
							"post": [75.0975, 27.06, 29.6225],
							"lerp_mode": "catmullrom"
						},
						"0.2667": {
							"post": [48.1925, 1.385, -21.7475],
							"lerp_mode": "catmullrom"
						},
						"0.3": {
							"post": [60.93, -20.385, -66.89],
							"lerp_mode": "catmullrom"
						},
						"0.3667": {
							"post": [78.7625, -5.1875, -105.5],
							"lerp_mode": "catmullrom"
						},
						"0.4667": [72, -4, -105.5],
						"0.9333": [72, -4, -105.5],
						"1.2": [79.75, 55, 71],
						"1.4667": [102, 55, 71],
						"1.5667": [96, 55.33, 71],
						"1.6667": [105.25, 55.33, 71],
						"1.7667": [102.5, 55.33, 71],
						"1.8667": [102, 19.9375, 55.125],
						"2.0": [102, 44, 77]
					},
					"position": {
						"0.0333": [-5, -6, -13],
						"0.1": {
							"pre": [-3.8225, -5.6325, -13.31],
							"post": [-3.8225, -5.6325, -13.31],
							"lerp_mode": "catmullrom"
						},
						"0.2": {
							"post": [-0.6846, -5.5069, -10.87804],
							"lerp_mode": "catmullrom"
						},
						"0.2667": {
							"post": [0.37809, -0.38055, -10.86345],
							"lerp_mode": "catmullrom"
						},
						"0.3333": {
							"post": [-0.73, -1.315, -14.19],
							"lerp_mode": "catmullrom"
						},
						"0.4": [-1.25, -2.5, -15],
						"0.9": [-1.25, -2.5, -15],
						"1.1": [0.13851, -1.50704, -14.83537],
						"1.5667": [0.13851, -1.50704, -14.83537],
						"1.7667": [0.13851, -1.50704, -14.83537],
						"1.8333": {
							"pre": [0.69, -5.84, -13.82],
							"post": [0.69, -5.84, -13.82],
							"lerp_mode": "catmullrom"
						},
						"1.9": {
							"post": [-1.97363, -6.13183, -13.31671],
							"lerp_mode": "catmullrom"
						},
						"1.9667": [-5, -6, -13]
					}
				},
				"left_mag": {
					"rotation": {
						"0.5333": [0, 0, 0],
						"0.7667": {
							"pre": [-45, -35, 62.5],
							"post": [-45, -35, 62.5],
							"lerp_mode": "catmullrom"
						},
						"1.0": {
							"post": [-44, -35, 62.5],
							"lerp_mode": "catmullrom"
						},
						"1.2": {
							"post": [23.375, -12.625, -68.25],
							"lerp_mode": "catmullrom"
						},
						"1.3667": {
							"post": [4.325, -1.625, 5.8375],
							"lerp_mode": "catmullrom"
						},
						"1.4333": {
							"post": [-1.825, 0.8475, 16.05],
							"lerp_mode": "catmullrom"
						},
						"1.5": {
							"post": [2.0475, -0.205, 5.9575],
							"lerp_mode": "catmullrom"
						},
						"1.5333": [0, 0, 0]
					},
					"position": {
						"0.5333": [0, 0, 0],
						"0.5667": {
							"pre": [6, 0.92, 0.02],
							"post": [6, 0.92, 0.02],
							"lerp_mode": "catmullrom"
						},
						"0.6333": {
							"post": [14, -3, 1.26],
							"lerp_mode": "catmullrom"
						},
						"0.7333": {
							"post": [16, -11.5, 11],
							"lerp_mode": "catmullrom"
						},
						"1.1": {
							"post": [16, -18, 11],
							"lerp_mode": "catmullrom"
						},
						"1.2333": {
							"post": [7.48669, -6.14461, 1.75156],
							"lerp_mode": "catmullrom"
						},
						"1.3333": {
							"post": [4.63669, -1.10711, 0.21406],
							"lerp_mode": "catmullrom"
						},
						"1.4333": {
							"post": [2.3275, 0, -0.0775],
							"lerp_mode": "catmullrom"
						},
						"1.5": {
							"post": [2.075, 0.5, 0],
							"lerp_mode": "catmullrom"
						},
						"1.5667": {
							"post": [1.8, 0.5, 0],
							"lerp_mode": "catmullrom"
						},
						"1.6": [0, 0, 0]
					}
				},
				"right_hand": {
					"rotation": {
						"0.0": [102, -8, 5],
						"0.1333": [107, -28, -87.5],
						"2.0": [107, -28, -87.5],
						"2.1667": [102, -8, 5]
					},
					"position": {
						"0.0": [5, -7, -3],
						"0.1333": [5.5, -5.5, -11],
						"2.0": [5.5, -5.5, -11],
						"2.1667": [5, -7, -3]
					}
				},
				"release": {
					"rotation": {
						"0.3667": [0, 0, 0],
						"0.4": [0, 12, 0],
						"0.4333": [0, 15, 0],
						"0.5333": [0, 15, 0],
						"0.5667": [0, 0, 0],
						"1.5667": [0, 0, 0],
						"1.6": [0, 15, 0],
						"1.6333": [0, 0, 0]
					}
				},
				"camera": {
					"rotation": {
						"0.0": {
							"post": [0, 0, 0],
							"lerp_mode": "catmullrom"
						},
						"0.1333": {
							"post": [0.5, 0, -0.25],
							"lerp_mode": "catmullrom"
						},
						"0.3": {
							"post": [-0.5, 0.375, 0.125],
							"lerp_mode": "catmullrom"
						},
						"0.4333": {
							"post": [-0.51, 0.24, 0.05],
							"lerp_mode": "catmullrom"
						},
						"0.5": {
							"post": [-0.25, 0, 0.375],
							"lerp_mode": "catmullrom"
						},
						"0.5667": {
							"post": [1.78, -1.5, -2],
							"lerp_mode": "catmullrom"
						},
						"0.6333": {
							"post": [2.02, -0.94, 1.11],
							"lerp_mode": "catmullrom"
						},
						"0.8": {
							"post": [1.3, -0.42, -0.14],
							"lerp_mode": "catmullrom"
						},
						"0.9333": {
							"post": [0.375, -0.375, -0.5],
							"lerp_mode": "catmullrom"
						},
						"1.1": {
							"post": [0.12, 0.04, -0.2875],
							"lerp_mode": "catmullrom"
						},
						"1.2667": {
							"post": [0.4725, 0.3425, 0.18],
							"lerp_mode": "catmullrom"
						},
						"1.3667": {
							"post": [0.17, 0.0775, 0.0275],
							"lerp_mode": "catmullrom"
						},
						"1.4333": {
							"post": [0, 0.125, 0.125],
							"lerp_mode": "catmullrom"
						},
						"1.5": {
							"post": [-0.5, -0.09, -0.13],
							"lerp_mode": "catmullrom"
						},
						"1.5667": {
							"post": [-0.625, 0, -0.25],
							"lerp_mode": "catmullrom"
						},
						"1.6333": {
							"post": [1, 1.25, 2],
							"lerp_mode": "catmullrom"
						},
						"1.7": {
							"post": [1.9375, 0.75, -0.8],
							"lerp_mode": "catmullrom"
						},
						"1.8667": {
							"post": [0.815, 0.06, 0.2],
							"lerp_mode": "catmullrom"
						},
						"1.9667": {
							"post": [0.1875, -0.1875, 0.5],
							"lerp_mode": "catmullrom"
						},
						"2.1333": {
							"post": [0, -0.0475, -0.075],
							"lerp_mode": "catmullrom"
						},
						"2.3333": {
							"post": [0.25, 0, 0],
							"lerp_mode": "catmullrom"
						},
						"2.4333": {
							"post": [-0.0625, 0.06, 0.1575],
							"lerp_mode": "catmullrom"
						},
						"2.5333": {
							"post": [0, 0.01, -0.0825],
							"lerp_mode": "catmullrom"
						},
						"2.6": {
							"post": [0, 0.01, -0.01],
							"lerp_mode": "catmullrom"
						},
						"2.6667": {
							"post": [0, 0, 0],
							"lerp_mode": "catmullrom"
						}
					}
				}
			},
			"sound_effects": {
				"0.0": {
					"effect": "bf1:kolibri/settle1"
				},
				"0.4": {
					"effect": "bf1:zk383/magout"
				},
				"1.3333": {
					"effect": "bf1:zk383/magin"
				},
				"1.9333": {
					"effect": "bf1:zk383/bringdown"
				}
			}
		},
		"reload_empty": {
			"loop": "hold_on_last_frame",
			"animation_length": 3.0333,
			"bones": {
				"root": {
					"rotation": {
						"0.0": [0, 0, 0],
						"0.1667": {
							"pre": [0.625, -3.9375, 4.25],
							"post": [0.625, -3.9375, 4.25],
							"lerp_mode": "catmullrom"
						},
						"0.3": {
							"post": [-20.44, -1.025, 1.0575],
							"lerp_mode": "catmullrom"
						},
						"0.4": {
							"post": [-30.25, 3.0625, 9.25],
							"lerp_mode": "catmullrom"
						},
						"0.5333": {
							"post": [-31.9125, 5.5625, 12.9025],
							"lerp_mode": "catmullrom"
						},
						"0.6": {
							"post": [-22.285, -8.6875, 24.47],
							"lerp_mode": "catmullrom"
						},
						"0.7": {
							"post": [-18.1575, -10.75, 11.4125],
							"lerp_mode": "catmullrom"
						},
						"0.7667": {
							"post": [-20.64, -8.94, 3.8525],
							"lerp_mode": "catmullrom"
						},
						"0.8667": {
							"post": [-23.9025, -0.75, 2.895],
							"lerp_mode": "catmullrom"
						},
						"0.9667": {
							"post": [-26.0675, 6.215, 4.92],
							"lerp_mode": "catmullrom"
						},
						"1.0667": {
							"post": [-24.4725, 8.27, 2.055],
							"lerp_mode": "catmullrom"
						},
						"1.2": {
							"post": [-27.03, 8.0825, -4.155],
							"lerp_mode": "catmullrom"
						},
						"1.3333": {
							"post": [-27.3125, 7.735, -4.795],
							"lerp_mode": "catmullrom"
						},
						"1.4": {
							"post": [-26.76, 7.68, -5.66],
							"lerp_mode": "catmullrom"
						},
						"1.5": {
							"post": [-24.41, 8.02, -4.02],
							"lerp_mode": "catmullrom"
						},
						"1.5667": {
							"post": [-12.0925, 15.78, -12.0275],
							"lerp_mode": "catmullrom"
						},
						"1.6667": {
							"post": [-10.82, 8.7925, -6.87],
							"lerp_mode": "catmullrom"
						},
						"1.7667": {
							"post": [-14.3775, 2.1225, -4.495],
							"lerp_mode": "catmullrom"
						},
						"1.8667": {
							"post": [-14.33, 0.25, -3.7725],
							"lerp_mode": "catmullrom"
						},
						"2.0333": {
							"post": [-14.3775, 0.685, -0.245],
							"lerp_mode": "catmullrom"
						},
						"2.1": {
							"post": [-19.1275, 3.7475, -10.995],
							"lerp_mode": "catmullrom"
						},
						"2.2333": {
							"post": [-10.315, 0.435, -2.495],
							"lerp_mode": "catmullrom"
						},
						"2.3667": {
							"post": [-10.37, 0.18, -6.2425],
							"lerp_mode": "catmullrom"
						},
						"2.5667": {
							"post": [-1.83, -0.7625, -0.93],
							"lerp_mode": "catmullrom"
						},
						"2.7": {
							"post": [-0.18751, -0.00436, 0.28741],
							"lerp_mode": "catmullrom"
						},
						"2.8333": {
							"post": [-0.17, 0.2, -0.4475],
							"lerp_mode": "catmullrom"
						},
						"2.9333": {
							"post": [0, 0, 0.525],
							"lerp_mode": "catmullrom"
						},
						"3.0333": [0, 0, 0]
					},
					"position": {
						"0.0": [0, 0, 0],
						"0.2": {
							"pre": [-0.09, -3.17, -1.6875],
							"post": [-0.09, -3.17, -1.6875],
							"lerp_mode": "catmullrom"
						},
						"0.4": {
							"post": [-1.4375, -4.25, -0.0625],
							"lerp_mode": "catmullrom"
						},
						"0.5333": {
							"post": [-1.28, -4.4425, 0.09],
							"lerp_mode": "catmullrom"
						},
						"0.6667": {
							"post": [-0.3075, -4.9675, 0],
							"lerp_mode": "catmullrom"
						},
						"0.7667": {
							"post": [-0.75, -4.75, -0.25],
							"lerp_mode": "catmullrom"
						},
						"0.9": {
							"post": [-1.35, -4.34, -0.25],
							"lerp_mode": "catmullrom"
						},
						"1.0333": {
							"post": [-1.42, -4.79, 0.1175],
							"lerp_mode": "catmullrom"
						},
						"1.1333": {
							"post": [-1.335, -5.2175, 0.125],
							"lerp_mode": "catmullrom"
						},
						"1.2667": {
							"post": [-1.1925, -4.84, 0.61],
							"lerp_mode": "catmullrom"
						},
						"1.5333": {
							"post": [-1.22, -4.7225, 0.5625],
							"lerp_mode": "catmullrom"
						},
						"1.6667": {
							"post": [-2.0075, -5.17, 0.1875],
							"lerp_mode": "catmullrom"
						},
						"1.8333": {
							"post": [-2.36, -4.53, -1.155],
							"lerp_mode": "catmullrom"
						},
						"2.0333": {
							"post": [-2.0625, -4.22, -1.14],
							"lerp_mode": "catmullrom"
						},
						"2.1": {
							"post": [-2.61, -4.9675, 2],
							"lerp_mode": "catmullrom"
						},
						"2.2": {
							"post": [-2.55, -4.6325, 0.2775],
							"lerp_mode": "catmullrom"
						},
						"2.3": {
							"post": [-2.4225, -4.5925, -0.53],
							"lerp_mode": "catmullrom"
						},
						"2.4": {
							"post": [-1.86, -3.53, -0.51],
							"lerp_mode": "catmullrom"
						},
						"2.5333": {
							"post": [-0.25975, -2.29933, -0.2225],
							"lerp_mode": "catmullrom"
						},
						"2.6333": {
							"post": [0.08, -0.68, 0.14],
							"lerp_mode": "catmullrom"
						},
						"2.7333": {
							"post": [0, -0.0625, -0.4375],
							"lerp_mode": "catmullrom"
						},
						"2.8667": {
							"post": [0, 0, 0.0625],
							"lerp_mode": "catmullrom"
						},
						"3.0333": [0, 0, 0]
					}
				},
				"left_hand": {
					"rotation": {
						"0.1333": [102, 44, 77],
						"0.2333": {
							"pre": [75.0975, 27.06, 29.6225],
							"post": [75.0975, 27.06, 29.6225],
							"lerp_mode": "catmullrom"
						},
						"0.2667": {
							"post": [48.1925, 1.385, -21.7475],
							"lerp_mode": "catmullrom"
						},
						"0.3": {
							"post": [60.93, -20.385, -66.89],
							"lerp_mode": "catmullrom"
						},
						"0.3667": {
							"post": [78.7625, -5.1875, -105.5],
							"lerp_mode": "catmullrom"
						},
						"0.4667": [72, -4, -105.5],
						"0.8333": [72, 0, -105.5],
						"1.1": [79.75, 55, 71],
						"1.3667": [102, 55, 71],
						"1.4667": [96, 55.33, 71],
						"1.5667": [105.25, 55.33, 71],
						"1.7": [102.5, 55.33, 71],
						"1.9": {
							"pre": [49.69236, -15.84457, -56.65901],
							"post": [49.69236, -15.84457, -56.65901],
							"lerp_mode": "catmullrom"
						},
						"2.0": {
							"post": [42.44236, -25.53207, -72.84651],
							"lerp_mode": "catmullrom"
						},
						"2.0667": {
							"post": [13.69236, -25.53207, -72.84651],
							"lerp_mode": "catmullrom"
						},
						"2.1667": {
							"post": [13.69236, -25.53207, -72.84651],
							"lerp_mode": "catmullrom"
						},
						"2.3": {
							"post": [107.6239, 44.94585, 72.35529],
							"lerp_mode": "catmullrom"
						},
						"2.4": {
							"post": [105.37, 60.12, 88.3675],
							"lerp_mode": "catmullrom"
						},
						"2.5": [102, 43, 77]
					},
					"position": {
						"0.0333": [-5, -6, -13],
						"0.1": {
							"pre": [-3.8225, -5.6325, -13.31],
							"post": [-3.8225, -5.6325, -13.31],
							"lerp_mode": "catmullrom"
						},
						"0.2": {
							"post": [-0.6846, -5.5069, -10.87804],
							"lerp_mode": "catmullrom"
						},
						"0.2667": {
							"post": [0.37809, -0.38055, -10.86345],
							"lerp_mode": "catmullrom"
						},
						"0.3333": {
							"post": [-0.73, -1.315, -14.19],
							"lerp_mode": "catmullrom"
						},
						"0.4": [-1.25, -2.5, -15],
						"0.8": [-1.25, -2.5, -15],
						"1.0": [0.13851, -1.50704, -14.83537],
						"1.4667": [0.13851, -1.50704, -14.83537],
						"1.7": [0.13851, -1.50704, -14.83537],
						"1.7667": {
							"pre": [0.69, -5.84, -13.82],
							"post": [0.69, -5.84, -13.82],
							"lerp_mode": "catmullrom"
						},
						"1.9": [-3.1875, -3.925, -10],
						"2.0": [-3.1875, -3.925, -10],
						"2.0333": {
							"pre": [-3.5, -3.75, -5.5],
							"post": [-3.5, -3.75, -5.5],
							"lerp_mode": "catmullrom"
						},
						"2.1667": {
							"post": [-3.5, -3.75, -5.125],
							"lerp_mode": "catmullrom"
						},
						"2.2333": {
							"post": [-1.5, -5, -6.375],
							"lerp_mode": "catmullrom"
						},
						"2.3667": {
							"post": [-2.9, -6.15, -13.05],
							"lerp_mode": "catmullrom"
						},
						"2.4667": [-5, -6, -13]
					}
				},
				"left_mag": {
					"rotation": {
						"0.5333": [0, 0, 0],
						"0.7667": {
							"pre": [-45, -35, 62.5],
							"post": [-45, -35, 62.5],
							"lerp_mode": "catmullrom"
						},
						"0.9": {
							"post": [-44, -35, 62.5],
							"lerp_mode": "catmullrom"
						},
						"1.1": {
							"post": [23.375, -12.625, -68.25],
							"lerp_mode": "catmullrom"
						},
						"1.2667": {
							"post": [4.325, -1.625, 0.5875],
							"lerp_mode": "catmullrom"
						},
						"1.3333": {
							"post": [-1.825, 0.8475, 9.7375],
							"lerp_mode": "catmullrom"
						},
						"1.4": {
							"post": [2.0475, -0.205, 5.9575],
							"lerp_mode": "catmullrom"
						},
						"1.4333": [0, 0, 0]
					},
					"position": {
						"0.5333": [0, 0, 0],
						"0.5667": {
							"pre": [6, 0.92, 0.02],
							"post": [6, 0.92, 0.02],
							"lerp_mode": "catmullrom"
						},
						"0.6333": {
							"post": [14, -3, 1.26],
							"lerp_mode": "catmullrom"
						},
						"0.7333": {
							"post": [16, -11.5, 11],
							"lerp_mode": "catmullrom"
						},
						"1.0": {
							"post": [16, -18, 11],
							"lerp_mode": "catmullrom"
						},
						"1.1333": {
							"post": [7.48669, -6.14461, 1.75156],
							"lerp_mode": "catmullrom"
						},
						"1.2333": {
							"post": [4.63669, -1.10711, 0.21406],
							"lerp_mode": "catmullrom"
						},
						"1.3333": {
							"post": [2.3275, 0, -0.0775],
							"lerp_mode": "catmullrom"
						},
						"1.4": {
							"post": [2.075, 0.5, 0],
							"lerp_mode": "catmullrom"
						},
						"1.4667": {
							"post": [1.8, 0.5, 0],
							"lerp_mode": "catmullrom"
						},
						"1.5": [0, 0, 0]
					}
				},
				"right_hand": {
					"rotation": {
						"0.0": [102, -8, 5],
						"0.1333": [107, -28, -87.5],
						"2.5333": [107, -28, -87.5],
						"2.7": [102, -8, 5]
					},
					"position": {
						"0.0": [5, -7, -3],
						"0.1333": [5.5, -5.5, -11],
						"2.5333": [5.5, -5.5, -11],
						"2.7": [5, -7, -3]
					}
				},
				"release": {
					"rotation": {
						"0.3667": [0, 0, 0],
						"0.4": [0, 12, 0],
						"0.4333": [0, 15, 0],
						"0.5333": [0, 15, 0],
						"0.5667": [0, 0, 0],
						"1.4667": [0, 0, 0],
						"1.5": [0, 15, 0],
						"1.5333": [0, 0, 0]
					}
				},
				"bolt": {
					"position": {
						"2.0": [0, 0, -4.5],
						"2.0333": [0, 0, 0]
					}
				},
				"camera": {
					"rotation": {
						"0.0": {
							"post": [0, 0, 0],
							"lerp_mode": "catmullrom"
						},
						"0.1333": {
							"post": [0.5, 0, -0.25],
							"lerp_mode": "catmullrom"
						},
						"0.3": {
							"post": [-0.5, 0.375, 0.125],
							"lerp_mode": "catmullrom"
						},
						"0.4333": {
							"post": [-0.51, 0.24, 0.05],
							"lerp_mode": "catmullrom"
						},
						"0.5": {
							"post": [-0.25, 0, 0.375],
							"lerp_mode": "catmullrom"
						},
						"0.5667": {
							"post": [1.78, -1.5, -2],
							"lerp_mode": "catmullrom"
						},
						"0.6333": {
							"post": [2.02, -0.94, 1.11],
							"lerp_mode": "catmullrom"
						},
						"0.7667": {
							"post": [1.3, -0.42, -0.14],
							"lerp_mode": "catmullrom"
						},
						"0.8667": {
							"post": [0.375, -0.375, -0.5],
							"lerp_mode": "catmullrom"
						},
						"1.0": {
							"post": [0.12, 0.04, -0.2875],
							"lerp_mode": "catmullrom"
						},
						"1.1667": {
							"post": [0.4725, 0.3425, 0.18],
							"lerp_mode": "catmullrom"
						},
						"1.2667": {
							"post": [0.17, 0.0775, 0.0275],
							"lerp_mode": "catmullrom"
						},
						"1.3333": {
							"post": [0, 0.125, 0.125],
							"lerp_mode": "catmullrom"
						},
						"1.4": {
							"post": [-0.5, -0.09, -0.13],
							"lerp_mode": "catmullrom"
						},
						"1.4667": {
							"post": [-0.625, 0, -0.25],
							"lerp_mode": "catmullrom"
						},
						"1.5333": {
							"post": [1, 1.25, 2],
							"lerp_mode": "catmullrom"
						},
						"1.6": {
							"post": [1.9375, 0.75, -0.8],
							"lerp_mode": "catmullrom"
						},
						"1.7667": {
							"post": [0.815, 0.06, 0.7],
							"lerp_mode": "catmullrom"
						},
						"1.9": {
							"post": [0.3775, 0.0675, 0.435],
							"lerp_mode": "catmullrom"
						},
						"2.0333": {
							"post": [0.48, -0.1, -0.07],
							"lerp_mode": "catmullrom"
						},
						"2.1": {
							"post": [-1.59, 0.995, 2],
							"lerp_mode": "catmullrom"
						},
						"2.2": {
							"post": [-0.44, 0.33, -0.91],
							"lerp_mode": "catmullrom"
						},
						"2.3": {
							"post": [0.6875, 0.0625, 0.75],
							"lerp_mode": "catmullrom"
						},
						"2.5": {
							"post": [0.25, -0.0475, -0.075],
							"lerp_mode": "catmullrom"
						},
						"2.7": {
							"post": [0.25, 0, 0],
							"lerp_mode": "catmullrom"
						},
						"2.8": {
							"post": [-0.0625, 0.06, 0.1575],
							"lerp_mode": "catmullrom"
						},
						"2.9": {
							"post": [0, 0.01, -0.0825],
							"lerp_mode": "catmullrom"
						},
						"2.9667": {
							"post": [0, 0.01, -0.01],
							"lerp_mode": "catmullrom"
						},
						"3.0333": {
							"post": [0, 0, 0],
							"lerp_mode": "catmullrom"
						}
					}
				}
			},
			"sound_effects": {
				"0.0": {
					"effect": "bf1:kolibri/settle1"
				},
				"0.4": {
					"effect": "bf1:zk383/magout"
				},
				"1.2333": {
					"effect": "bf1:zk383/magin"
				},
				"1.8": {
					"effect": "bf1:zk383/bolt"
				},
				"2.4667": {
					"effect": "bf1:zk383/bringdown"
				}
			}
		},
		"draw": {
			"animation_length": 0.6667,
			"bones": {
				"root": {
					"rotation": {
						"0.0": {
							"post": [0.81, -32.64, 33.95],
							"lerp_mode": "catmullrom"
						},
						"0.0667": {
							"post": [-1.39, -20.46, 22.92],
							"lerp_mode": "catmullrom"
						},
						"0.2667": {
							"post": [0.1, -0.92, 8.88],
							"lerp_mode": "catmullrom"
						},
						"0.4": {
							"post": [0.07, -0.33, -1.34],
							"lerp_mode": "catmullrom"
						},
						"0.5667": {
							"post": [-0.02, 0.27, 0.3],
							"lerp_mode": "catmullrom"
						},
						"0.6667": {
							"post": [0, 0, 0],
							"lerp_mode": "catmullrom"
						}
					},
					"position": {
						"0.0": {
							"post": [-6.7425, -5.58, 24],
							"lerp_mode": "catmullrom"
						},
						"0.1": {
							"post": [-2.38, -2.72, 6.32],
							"lerp_mode": "catmullrom"
						},
						"0.2": {
							"post": [-1.15, -1.325, -0.9075],
							"lerp_mode": "catmullrom"
						},
						"0.3": {
							"post": [-0.12, -0.67, -1.47],
							"lerp_mode": "catmullrom"
						},
						"0.4333": {
							"post": [-0.03, -0.3, 0.16],
							"lerp_mode": "catmullrom"
						},
						"0.5333": {
							"post": [-0.01, -0.05, -0.06],
							"lerp_mode": "catmullrom"
						},
						"0.6667": {
							"post": [0, 0, 0],
							"lerp_mode": "catmullrom"
						}
					}
				},
				"camera": {
					"rotation": {
						"0.0": {
							"post": [0, 0, 0],
							"lerp_mode": "catmullrom"
						},
						"0.0667": {
							"post": [0.11, 0.06, 0.13],
							"lerp_mode": "catmullrom"
						},
						"0.1667": {
							"post": [0.76303, 0.21614, 0.52935],
							"lerp_mode": "catmullrom"
						},
						"0.2667": {
							"post": [1.025, 0.19, 0.345],
							"lerp_mode": "catmullrom"
						},
						"0.3333": {
							"post": [0.475, 0, -0.175],
							"lerp_mode": "catmullrom"
						},
						"0.4": {
							"post": [0.17, 0.0525, 0.19],
							"lerp_mode": "catmullrom"
						},
						"0.4333": {
							"post": [-0.2375, 0.1775, 0.34],
							"lerp_mode": "catmullrom"
						},
						"0.5333": {
							"post": [0, 0, -0.05],
							"lerp_mode": "catmullrom"
						},
						"0.6667": {
							"post": [0, 0, 0],
							"lerp_mode": "catmullrom"
						}
					}
				}
			}
		},
		"inspect": {
			"loop": "hold_on_last_frame",
			"animation_length": 8,
			"bones": {
				"root": {
					"rotation": {
						"0.0": [0, 0, 0],
						"0.4": {
							"pre": [-41.5, 0, 47.0625],
							"post": [-41.5, 0, 47.0625],
							"lerp_mode": "catmullrom"
						},
						"0.8": {
							"post": [-47.24, 1.915, 54.5975],
							"lerp_mode": "catmullrom"
						},
						"1.4667": {
							"post": [-44.15, 2.57, 55.27],
							"lerp_mode": "catmullrom"
						},
						"1.9667": {
							"post": [-45.8375, 1.91, 53.85],
							"lerp_mode": "catmullrom"
						},
						"2.3333": {
							"post": [-54.21, 1.2425, 58.8375],
							"lerp_mode": "catmullrom"
						},
						"3.3333": {
							"post": [-51.4375, 0.4375, 56.5],
							"lerp_mode": "catmullrom"
						},
						"3.7333": {
							"post": [-8.8725, -18.5925, 24.65],
							"lerp_mode": "catmullrom"
						},
						"4.0667": {
							"post": [-13.97715, -50.95502, 4.71838],
							"lerp_mode": "catmullrom"
						},
						"4.5": {
							"post": [-4.895, -53.84, 2.21],
							"lerp_mode": "catmullrom"
						},
						"5.0": {
							"post": [-6.8875, -53.415, 2.63],
							"lerp_mode": "catmullrom"
						},
						"6.1667": {
							"post": [-6.1375, -52.29, 2.63],
							"lerp_mode": "catmullrom"
						},
						"6.5333": {
							"post": [-0.60215, -47.70502, 4.71838],
							"lerp_mode": "catmullrom"
						},
						"6.8": {
							"post": [1.17, -36.6375, 2.93],
							"lerp_mode": "catmullrom"
						},
						"7.1333": {
							"post": [1.03731, -3.29797, 0.25571],
							"lerp_mode": "catmullrom"
						},
						"7.4": {
							"post": [-0.18751, -0.00436, 1.54991],
							"lerp_mode": "catmullrom"
						},
						"7.5667": {
							"post": [-0.17, 0.2, -1.3225],
							"lerp_mode": "catmullrom"
						},
						"7.7333": {
							"post": [0, 0, 0],
							"lerp_mode": "catmullrom"
						},
						"8.0": [0, 0, 0]
					},
					"position": {
						"0.0": [0, 0, 0],
						"0.1667": {
							"pre": [-0.25, -0.8125, -0.3125],
							"post": [-0.25, -0.8125, -0.3125],
							"lerp_mode": "catmullrom"
						},
						"0.4333": {
							"post": [-1, 0.1875, -1],
							"lerp_mode": "catmullrom"
						},
						"0.7333": {
							"post": [-1, -0.69, -1.01],
							"lerp_mode": "catmullrom"
						},
						"1.1333": {
							"post": [-1, -0.4375, -1],
							"lerp_mode": "catmullrom"
						},
						"1.4667": {
							"post": [-1, -0.0625, -0.81],
							"lerp_mode": "catmullrom"
						},
						"2.1": {
							"post": [-1, -0.0525, -0.87],
							"lerp_mode": "catmullrom"
						},
						"2.5333": {
							"post": [-1, -0.2375, -1.42],
							"lerp_mode": "catmullrom"
						},
						"3.3": {
							"post": [-1, -0.2375, -1.42],
							"lerp_mode": "catmullrom"
						},
						"3.7333": {
							"post": [-1, -1.9525, -1.88],
							"lerp_mode": "catmullrom"
						},
						"4.0667": {
							"post": [-1, -0.125, -2.5],
							"lerp_mode": "catmullrom"
						},
						"4.5": {
							"post": [-1, -0.47, -3.35],
							"lerp_mode": "catmullrom"
						},
						"5.2333": {
							"post": [-1, -0.2875, -3.37],
							"lerp_mode": "catmullrom"
						},
						"5.9667": {
							"post": [-1, -0.47, -3.35],
							"lerp_mode": "catmullrom"
						},
						"6.5333": {
							"post": [-1, -0.3125, -2.8125],
							"lerp_mode": "catmullrom"
						},
						"7.0333": {
							"post": [-0.73475, -0.29933, -0.9725],
							"lerp_mode": "catmullrom"
						},
						"7.3": {
							"post": [-0.25, -0.0375, -0.225],
							"lerp_mode": "catmullrom"
						},
						"7.5333": {
							"post": [0, -0.0625, 0.375],
							"lerp_mode": "catmullrom"
						},
						"7.7": {
							"post": [0, 0, -0.125],
							"lerp_mode": "catmullrom"
						},
						"7.8667": {
							"post": [0, 0, 0],
							"lerp_mode": "catmullrom"
						},
						"8.0": [0, 0, 0]
					}
				},
				"camera": {
					"rotation": {
						"0.0": {
							"post": [0, 0, 0],
							"lerp_mode": "catmullrom"
						},
						"0.2667": {
							"post": [0.29, -0.125, 0.1875],
							"lerp_mode": "catmullrom"
						},
						"0.7": {
							"post": [-0.6875, -0.0625, -0.0625],
							"lerp_mode": "catmullrom"
						},
						"1.1333": {
							"post": [0, 0, -0.0625],
							"lerp_mode": "catmullrom"
						},
						"1.9333": {
							"post": [-0.4075, 0, 0],
							"lerp_mode": "catmullrom"
						},
						"2.3": {
							"post": [-0.385, -1.0475, 0.04],
							"lerp_mode": "catmullrom"
						},
						"2.6": {
							"post": [0.0625, -1.4375, 0.0625],
							"lerp_mode": "catmullrom"
						},
						"3.4667": {
							"post": [0.03, -1.3125, 0],
							"lerp_mode": "catmullrom"
						},
						"3.8667": {
							"post": [0.5, 0.0625, -0.1875],
							"lerp_mode": "catmullrom"
						},
						"4.1667": {
							"post": [-0.3925, 0.125, 0.25],
							"lerp_mode": "catmullrom"
						},
						"4.5667": {
							"post": [-0.095, -0.0625, 0],
							"lerp_mode": "catmullrom"
						},
						"5.5333": {
							"post": [1.3125, 2.1875, -0.125],
							"lerp_mode": "catmullrom"
						},
						"6.3": {
							"post": [1.3125, 2.0625, -0.125],
							"lerp_mode": "catmullrom"
						},
						"6.8333": {
							"post": [0.0975, 0.5325, -0.05],
							"lerp_mode": "catmullrom"
						},
						"7.1333": {
							"post": [0, 0.0625, 0],
							"lerp_mode": "catmullrom"
						},
						"7.3667": {
							"post": [0.25, 0, 0.1875],
							"lerp_mode": "catmullrom"
						},
						"7.5333": {
							"post": [0, 0, -0.125],
							"lerp_mode": "catmullrom"
						},
						"8.0": {
							"post": [0, 0, 0],
							"lerp_mode": "catmullrom"
						}
					}
				}
			},
			"sound_effects": {
				"0.0": {
					"effect": "bf1:kolibri/settle1"
				},
				"0.1": {
					"effect": "bf1:mg42/put_away"
				},
				"3.4": {
					"effect": "bf1:kolibri/settle1"
				},
				"3.4667": {
					"effect": "bf1:mg42/raise"
				}
			}
		},
		"aim_start": {
			"animation_length": 0.2,
			"bones": {
				"muzzle_flash": {
					"scale": {
						"0.0": [1, 1, 1],
						"0.2": [0.75, 0.75, 0.75]
					}
				}
			}
		},
		"aim": {
			"animation_length": 0.2,
			"bones": {
				"muzzle_flash": {
					"scale": {
						"0.0": [1, 1, 1],
						"0.2": [0.5, 0.5, 0.5]
					}
				}
			}
		},
		"aim_end": {
			"animation_length": 0.2,
			"bones": {
				"muzzle_flash": {
					"scale": {
						"0.0": [0.75, 0.75, 0.75],
						"0.2": [1, 1, 1]
					}
				}
			}
		}
	}
}