{
  "materials": [
    {
      "item": {
        "tag": "forge:ingots/iron"
      },
      "count": 12
    },
    {
      "item": {
        "tag": "forge:gems/lapis"
      },
      "count": 8
    },
    {
      "item": {
        "tag": "forge:gems/amethyst"
      },
      "count": 3
    },
    {
      "item": {
        "tag": "forge:dusts/redstone"
      },
      "count": 8
    }
  ],
  "result": {
    "type": "attachment",
    "id": "bf1:scope_nvk_nxt"
  },
  "type": "tacz:gun_smith_table_crafting"
}