{
  "materials": [
    {
      "item": {
        "tag": "forge:ingots/iron"
      },
      "count": 9
    },
    {
      "item": {
        "tag": "forge:gunpowder"
      },
      "count": 9
    },
    {
      "item": {
        "item": "minecraft:flint"
      },
      "count": 2
    },
    {
      "item": {
        "tag": "minecraft:logs"
      },
      "count": 2
    }
  ],
  "result": {
    "type": "ammo",
    "id": "yeet:ammo_mk2",
    "count": 5
  },
  "type": "tacz:gun_smith_table_crafting"
}