{
  "materials": [
    {
      "item": {
        "tag": "forge:ingots/iron"
      },
      "count": 6
    },
    {
      "item": {
        "tag": "forge:gunpowder"
      },
      "count": 12
    },
    {
      "item": {
        "item": "minecraft:flint"
      },
      "count": 3
    },
    {
      "item": {
        "tag": "minecraft:logs"
      },
      "count": 2
    }
  ],
  "result": {
    "type": "ammo",
    "id": "yeet:ammo_m33a1",
    "count": 6
  },
  "type": "tacz:gun_smith_table_crafting"
}