{
  "materials": [
    {
      "item": {
        "tag": "forge:ingots/iron"
      },
      "count": 5
    },
    {
      "item": {
        "tag": "forge:gunpowder"
      },
      "count": 10
    },
    {
      "item": {
        "item": "minecraft:flint"
      },
      "count": 2
    },
    {
      "item": {
        "tag": "minecraft:logs"
      },
      "count": 3
    }
  ],
  "result": {
    "type": "ammo",
    "id": "yeet:ammo_shg43",
    "count": 4
  },
  "type": "tacz:gun_smith_table_crafting"
}