{
	"format_version": "1.12.0",
	"minecraft:geometry": [
		{
			"description": {
				"identifier": "geometry.bayonet_6kh4",
				"texture_width": 32,
				"texture_height": 32,
				"visible_bounds_width": 3,
				"visible_bounds_height": 2.5,
				"visible_bounds_offset": [0, 0.75, 0]
			},
			"bones": [
				{
					"name": "6Kh4",
					"pivot": [-0.25, 5, -19]
				},
				{
					"name": "iron",
					"parent": "6Kh4",
					"pivot": [0, -2.3375, 0.18713],
					"cubes": [
						{
							"origin": [-0.18122, 0.3375, -0.0625],
							"size": [0.36244, 0.1, 0.275],
							"uv": {
								"north": {"uv": [16.25, 2], "uv_size": [-0.25, 0.25]},
								"south": {"uv": [3.25, 16], "uv_size": [-0.25, 0.25]},
								"up": {"uv": [16.25, 3], "uv_size": [-0.25, 0.25]},
								"down": {"uv": [4.25, 16.25], "uv_size": [-0.25, -0.25]}
							}
						},
						{
							"origin": [-0.4375, -0.18122, -0.0625],
							"size": [0.1, 0.36244, 0.275],
							"pivot": [0, 0, 0.075],
							"rotation": [0, 0, -45],
							"uv": {
								"north": {"uv": [16.25, 4], "uv_size": [-0.25, 0.25]},
								"east": {"uv": [6.25, 16], "uv_size": [-0.25, 0.25]},
								"south": {"uv": [16.25, 5], "uv_size": [-0.25, 0.25]},
								"west": {"uv": [5.25, 16], "uv_size": [-0.25, 0.25]}
							}
						},
						{
							"origin": [-0.4375, -0.18122, -0.0625],
							"size": [0.1, 0.36244, 0.275],
							"uv": {
								"north": {"uv": [16.25, 6], "uv_size": [-0.25, 0.25]},
								"east": {"uv": [8.25, 16], "uv_size": [-0.25, 0.25]},
								"south": {"uv": [16.25, 7], "uv_size": [-0.25, 0.25]},
								"west": {"uv": [7.25, 16], "uv_size": [-0.25, 0.25]}
							}
						},
						{
							"origin": [-0.18122, 0.3375, -0.0625],
							"size": [0.36244, 0.1, 0.275],
							"pivot": [0, 0, 0.075],
							"rotation": [0, 0, -45],
							"uv": {
								"north": {"uv": [16.25, 8], "uv_size": [-0.25, 0.25]},
								"south": {"uv": [9.25, 16], "uv_size": [-0.25, 0.25]},
								"up": {"uv": [16.25, 9], "uv_size": [-0.25, 0.25]},
								"down": {"uv": [10.25, 16.25], "uv_size": [-0.25, -0.25]}
							}
						},
						{
							"origin": [-0.4375, -0.18122, -0.0625],
							"size": [0.1, 0.36244, 0.275],
							"pivot": [0, 0, 0.075],
							"rotation": [0, 0, 135],
							"uv": {
								"north": {"uv": [16.25, 10], "uv_size": [-0.25, 0.25]},
								"east": {"uv": [12.25, 16], "uv_size": [-0.25, 0.25]},
								"south": {"uv": [16.25, 11], "uv_size": [-0.25, 0.25]},
								"west": {"uv": [11.25, 16], "uv_size": [-0.25, 0.25]}
							}
						},
						{
							"origin": [-0.4375, -0.18122, -0.0625],
							"size": [0.1, 0.36244, 0.275],
							"pivot": [0, 0, 0.075],
							"rotation": [0, 0, 180],
							"uv": {
								"north": {"uv": [16.25, 12], "uv_size": [-0.25, 0.25]},
								"east": {"uv": [14.25, 16], "uv_size": [-0.25, 0.25]},
								"south": {"uv": [16.25, 13], "uv_size": [-0.25, 0.25]},
								"west": {"uv": [13.25, 16], "uv_size": [-0.25, 0.25]}
							}
						},
						{
							"origin": [-0.18122, 0.3375, -0.0625],
							"size": [0.36244, 0.1, 0.275],
							"pivot": [0, 0, 0.075],
							"rotation": [0, 0, 135],
							"uv": {
								"north": {"uv": [16.25, 14], "uv_size": [-0.25, 0.25]},
								"south": {"uv": [15.25, 16], "uv_size": [-0.25, 0.25]},
								"up": {"uv": [16.25, 15], "uv_size": [-0.25, 0.25]},
								"down": {"uv": [16.25, 16.25], "uv_size": [-0.25, -0.25]}
							}
						},
						{
							"origin": [-0.18122, 0.3375, -0.0625],
							"size": [0.36244, 0.3, 0.275],
							"pivot": [0, 0, 0.075],
							"rotation": [0, 0, 180],
							"uv": {
								"north": {"uv": [0.25, 17], "uv_size": [-0.25, 0.25]},
								"east": {"uv": [17.25, 1], "uv_size": [-0.25, 0.25]},
								"south": {"uv": [1.25, 17], "uv_size": [-0.25, 0.25]},
								"west": {"uv": [17.25, 0], "uv_size": [-0.25, 0.25]},
								"down": {"uv": [2.25, 17.25], "uv_size": [-0.25, -0.25]}
							}
						},
						{
							"origin": [-0.3, -2.0375, -0.1],
							"size": [0.6, 1.4, 0.35],
							"uv": {
								"north": {"uv": [6.5, 0], "uv_size": [-0.5, 1.5]},
								"east": {"uv": [8.25, 9], "uv_size": [-0.25, 1.5]},
								"south": {"uv": [1.5, 6], "uv_size": [-0.5, 1.5]},
								"west": {"uv": [7.25, 9], "uv_size": [-0.25, 1.5]},
								"up": {"uv": [0.5, 14], "uv_size": [-0.5, 0.25]},
								"down": {"uv": [14.5, 0.25], "uv_size": [-0.5, -0.25]}
							}
						},
						{
							"origin": [-0.1, -2.1625, 0.225],
							"size": [0.2, 1.525, 0.375],
							"uv": {
								"east": {"uv": [6.5, 2], "uv_size": [-0.5, 1.5]},
								"south": {"uv": [9.25, 9], "uv_size": [-0.25, 1.5]},
								"west": {"uv": [2.5, 6], "uv_size": [-0.5, 1.5]},
								"up": {"uv": [1.25, 14], "uv_size": [-0.25, 0.5]},
								"down": {"uv": [14.25, 1.5], "uv_size": [-0.25, -0.5]}
							}
						},
						{
							"origin": [-0.325, -1.9375, 4.225],
							"size": [0.65, 0.6, 0.675],
							"uv": {
								"north": {"uv": [9.75, 4], "uv_size": [-0.75, 0.5]},
								"east": {"uv": [10.75, 0], "uv_size": [-0.75, 0.5]},
								"west": {"uv": [0.75, 10], "uv_size": [-0.75, 0.5]},
								"up": {"uv": [5.75, 7], "uv_size": [-0.75, 0.75]},
								"down": {"uv": [7.75, 5.75], "uv_size": [-0.75, -0.75]}
							}
						},
						{
							"origin": [-0.325, -2.3375, 4.9],
							"size": [0.65, 1.3, 0.3],
							"uv": {
								"north": {"uv": [4.75, 3], "uv_size": [-0.75, 1.25]},
								"east": {"uv": [10.25, 7], "uv_size": [-0.25, 1.25]},
								"south": {"uv": [5.75, 0], "uv_size": [-0.75, 1.25]},
								"west": {"uv": [10.25, 5], "uv_size": [-0.25, 1.25]},
								"up": {"uv": [2.75, 12], "uv_size": [-0.75, 0.25]},
								"down": {"uv": [12.75, 2.25], "uv_size": [-0.75, -0.25]}
							}
						},
						{
							"origin": [-0.325, -2.2375, 5.2],
							"size": [0.65, 0.1, 0.325],
							"uv": {
								"east": {"uv": [3.25, 17], "uv_size": [-0.25, 0.25]},
								"west": {"uv": [17.25, 2], "uv_size": [-0.25, 0.25]},
								"up": {"uv": [3.75, 12], "uv_size": [-0.75, 0.25]},
								"down": {"uv": [12.75, 3.25], "uv_size": [-0.75, -0.25]}
							}
						},
						{
							"origin": [-0.325, -4.09595, 4.58219],
							"size": [0.65, 0.1, 0.17162],
							"pivot": [0, -1.8, 2.81025],
							"rotation": [45, 0, 0],
							"uv": {
								"east": {"uv": [4.25, 17], "uv_size": [-0.25, 0.25]},
								"west": {"uv": [17.25, 3], "uv_size": [-0.25, 0.25]},
								"up": {"uv": [4.75, 12], "uv_size": [-0.75, 0.25]},
								"down": {"uv": [12.75, 4.25], "uv_size": [-0.75, -0.25]}
							}
						},
						{
							"origin": [-0.325, -3.55678, 4.42337],
							"size": [0.65, 0.1, 0.1625],
							"pivot": [0, -1.8, 2.81025],
							"rotation": [45, 0, 0],
							"uv": {
								"east": {"uv": [5.25, 17], "uv_size": [-0.25, 0.25]},
								"west": {"uv": [17.25, 4], "uv_size": [-0.25, 0.25]},
								"down": {"uv": [5.75, 12.25], "uv_size": [-0.75, -0.25]}
							}
						},
						{
							"origin": [-0.325, -3.24309, 5.15093],
							"size": [0.65, 0.1, 0.175],
							"pivot": [0, -1.8, 2.81025],
							"rotation": [22.5, 0, 0],
							"uv": {
								"east": {"uv": [6.25, 17], "uv_size": [-0.25, 0.25]},
								"west": {"uv": [17.25, 5], "uv_size": [-0.25, 0.25]},
								"up": {"uv": [12.75, 5], "uv_size": [-0.75, 0.25]},
								"down": {"uv": [6.75, 12.25], "uv_size": [-0.75, -0.25]}
							}
						},
						{
							"origin": [-0.325, -4.66494, 3.72724],
							"size": [0.65, 0.1, 0.175],
							"pivot": [0, -1.8, 2.81025],
							"rotation": [67.5, 0, 0],
							"uv": {
								"east": {"uv": [7.25, 17], "uv_size": [-0.25, 0.25]},
								"west": {"uv": [17.25, 6], "uv_size": [-0.25, 0.25]},
								"down": {"uv": [12.75, 6.25], "uv_size": [-0.75, -0.25]}
							}
						},
						{
							"origin": [-0.325, -1.7875, 5.2],
							"size": [0.65, 0.75, 0.675],
							"uv": {
								"east": {"uv": [1.75, 8], "uv_size": [-0.75, 0.75]},
								"south": {"uv": [7.75, 7], "uv_size": [-0.75, 0.75]},
								"west": {"uv": [6.75, 7], "uv_size": [-0.75, 0.75]},
								"up": {"uv": [8.75, 1], "uv_size": [-0.75, 0.75]},
								"down": {"uv": [2.75, 8.75], "uv_size": [-0.75, -0.75]}
							}
						},
						{
							"origin": [-0.375, -1.575, 5.375],
							"size": [0.75, 0.35, 0.35],
							"pivot": [0, -1.425, 5.525],
							"rotation": [-45, 0, 0],
							"uv": {
								"north": {"uv": [7.75, 12], "uv_size": [-0.75, 0.25]},
								"east": {"uv": [8.25, 17], "uv_size": [-0.25, 0.25]},
								"south": {"uv": [12.75, 7], "uv_size": [-0.75, 0.25]},
								"west": {"uv": [17.25, 7], "uv_size": [-0.25, 0.25]},
								"up": {"uv": [8.75, 12], "uv_size": [-0.75, 0.25]},
								"down": {"uv": [12.75, 8.25], "uv_size": [-0.75, -0.25]}
							}
						},
						{
							"origin": [-0.325, -1.8875, 5.7],
							"size": [0.65, 0.1, 0.175],
							"uv": {
								"east": {"uv": [9.25, 17], "uv_size": [-0.25, 0.25]},
								"south": {"uv": [9.75, 12], "uv_size": [-0.75, 0.25]},
								"west": {"uv": [17.25, 8], "uv_size": [-0.25, 0.25]}
							}
						},
						{
							"origin": [-0.325, -0.79551, 5.19808],
							"size": [0.65, 0.11292, 0.3],
							"pivot": [0, -1.8, 2.81025],
							"rotation": [-22.5, 0, 0],
							"uv": {
								"east": {"uv": [10.25, 17], "uv_size": [-0.25, 0.25]},
								"west": {"uv": [17.25, 9], "uv_size": [-0.25, 0.25]},
								"down": {"uv": [12.75, 9.25], "uv_size": [-0.75, -0.25]}
							}
						},
						{
							"origin": [-0.325, 0.26538, 3.8254],
							"size": [0.65, 0.05, 0.125],
							"pivot": [0, -1.85, 2.81025],
							"rotation": [-67.5, 0, 0],
							"uv": {
								"east": {"uv": [11.25, 17], "uv_size": [-0.25, 0.25]},
								"west": {"uv": [17.25, 10], "uv_size": [-0.25, 0.25]},
								"up": {"uv": [10.75, 12], "uv_size": [-0.75, 0.25]}
							}
						},
						{
							"origin": [-0.325, -1.19879, 5.12994],
							"size": [0.65, 0.1, 0.275],
							"pivot": [0, -1.8, 2.81025],
							"rotation": [-22.5, 0, 0],
							"uv": {
								"east": {"uv": [12.25, 17], "uv_size": [-0.25, 0.25]},
								"west": {"uv": [17.25, 11], "uv_size": [-0.25, 0.25]},
								"up": {"uv": [12.75, 10], "uv_size": [-0.75, 0.25]}
							}
						},
						{
							"origin": [-0.325, 0.76868, 3.94715],
							"size": [0.65, 0.15, 0.175],
							"pivot": [0, -1.79671, 2.80232],
							"rotation": [-67.5, 0, 0],
							"uv": {
								"east": {"uv": [13.25, 17], "uv_size": [-0.25, 0.25]},
								"west": {"uv": [17.25, 12], "uv_size": [-0.25, 0.25]},
								"down": {"uv": [11.75, 12.25], "uv_size": [-0.75, -0.25]}
							}
						},
						{
							"origin": [-0.325, -2.07211, 5.65508],
							"size": [0.65, 0.075, 0.0375],
							"pivot": [0, -2.03461, 5.67383],
							"rotation": [-10, 0, 0],
							"uv": {
								"north": {"uv": [12.75, 11], "uv_size": [-0.75, 0.25]},
								"east": {"uv": [14.25, 17], "uv_size": [-0.25, 0.25]},
								"west": {"uv": [17.25, 13], "uv_size": [-0.25, 0.25]}
							}
						},
						{
							"origin": [-0.325, -1.0375, 4.9],
							"size": [0.15, 0.2, 0.775],
							"uv": {
								"east": {"uv": [0.75, 13], "uv_size": [-0.75, 0.25]},
								"west": {"uv": [12.75, 12], "uv_size": [-0.75, 0.25]},
								"up": {"uv": [13.25, 0], "uv_size": [-0.25, 0.75]}
							}
						},
						{
							"origin": [0.175, 0.76485, 4.15534],
							"size": [0.15, 0.14142, 0.28285],
							"pivot": [0.5, -1.8, 2.81025],
							"rotation": [-45, 0, 0],
							"uv": {
								"east": {"uv": [15.25, 17], "uv_size": [-0.25, 0.25]},
								"west": {"uv": [17.25, 14], "uv_size": [-0.25, 0.25]},
								"up": {"uv": [17.25, 15], "uv_size": [-0.25, 0.25]}
							}
						},
						{
							"origin": [0.175, 0.21685, 3.60734],
							"size": [0.15, 0.14142, 0.14142],
							"pivot": [0.5, -1.8, 2.81025],
							"rotation": [-45, 0, 0],
							"uv": {
								"north": {"uv": [16.25, 17], "uv_size": [-0.25, 0.25]},
								"east": {"uv": [17.25, 17], "uv_size": [-0.25, 0.25]},
								"west": {"uv": [17.25, 16], "uv_size": [-0.25, 0.25]},
								"down": {"uv": [0.25, 18.25], "uv_size": [-0.25, -0.25]}
							}
						},
						{
							"origin": [0.175, -1.0375, 4.9],
							"size": [0.15, 0.2, 0.775],
							"uv": {
								"east": {"uv": [13.75, 1], "uv_size": [-0.75, 0.25]},
								"west": {"uv": [1.75, 13], "uv_size": [-0.75, 0.25]},
								"up": {"uv": [2.25, 13], "uv_size": [-0.25, 0.75]}
							}
						},
						{
							"origin": [-0.325, 0.76485, 4.15534],
							"size": [0.15, 0.14142, 0.28285],
							"pivot": [0, -1.8, 2.81025],
							"rotation": [-45, 0, 0],
							"uv": {
								"east": {"uv": [1.25, 18], "uv_size": [-0.25, 0.25]},
								"west": {"uv": [18.25, 0], "uv_size": [-0.25, 0.25]},
								"up": {"uv": [18.25, 1], "uv_size": [-0.25, 0.25]}
							}
						},
						{
							"origin": [-0.325, 0.21685, 3.60734],
							"size": [0.15, 0.14142, 0.14142],
							"pivot": [0, -1.8, 2.81025],
							"rotation": [-45, 0, 0],
							"uv": {
								"north": {"uv": [2.25, 18], "uv_size": [-0.25, 0.25]},
								"east": {"uv": [3.25, 18], "uv_size": [-0.25, 0.25]},
								"west": {"uv": [18.25, 2], "uv_size": [-0.25, 0.25]},
								"down": {"uv": [18.25, 3.25], "uv_size": [-0.25, -0.25]}
							}
						},
						{
							"origin": [-0.15, -2.3375, -0.075],
							"size": [0.3, 0.3, 0.3],
							"uv": {
								"north": {"uv": [4.25, 18], "uv_size": [-0.25, 0.25]},
								"east": {"uv": [18.25, 5], "uv_size": [-0.25, 0.25]},
								"south": {"uv": [5.25, 18], "uv_size": [-0.25, 0.25]},
								"west": {"uv": [18.25, 4], "uv_size": [-0.25, 0.25]},
								"down": {"uv": [6.25, 18.25], "uv_size": [-0.25, -0.25]}
							}
						},
						{
							"origin": [-0.15, -2.5625, 0.0875],
							"size": [0.3, 0.225, 0.1375],
							"uv": {
								"north": {"uv": [18.25, 6], "uv_size": [-0.25, 0.25]},
								"east": {"uv": [8.25, 18], "uv_size": [-0.25, 0.25]},
								"south": {"uv": [18.25, 7], "uv_size": [-0.25, 0.25]},
								"west": {"uv": [7.25, 18], "uv_size": [-0.25, 0.25]}
							}
						},
						{
							"origin": [-0.15, -2.7125, -0.1],
							"size": [0.3, 0.125, 0.175],
							"uv": {
								"east": {"uv": [9.25, 18], "uv_size": [-0.25, 0.25]},
								"west": {"uv": [18.25, 8], "uv_size": [-0.25, 0.25]},
								"up": {"uv": [18.25, 9], "uv_size": [-0.25, 0.25]},
								"down": {"uv": [10.25, 18.25], "uv_size": [-0.25, -0.25]}
							}
						},
						{
							"origin": [-0.15, -4.50309, 1.24763],
							"size": [0.3, 0.08839, 0.15],
							"pivot": [0, -1.8, 2.81025],
							"rotation": [-45, 0, 0],
							"uv": {
								"east": {"uv": [11.25, 18], "uv_size": [-0.25, 0.25]},
								"west": {"uv": [18.25, 10], "uv_size": [-0.25, 0.25]},
								"up": {"uv": [18.25, 11], "uv_size": [-0.25, 0.25]},
								"down": {"uv": [12.25, 18.25], "uv_size": [-0.25, -0.25]}
							}
						},
						{
							"origin": [-0.15, -2.60643, -0.20607],
							"size": [0.3, 0.175, 0.0625],
							"uv": {
								"north": {"uv": [18.25, 12], "uv_size": [-0.25, 0.25]},
								"east": {"uv": [14.25, 18], "uv_size": [-0.25, 0.25]},
								"south": {"uv": [18.25, 13], "uv_size": [-0.25, 0.25]},
								"west": {"uv": [13.25, 18], "uv_size": [-0.25, 0.25]}
							}
						},
						{
							"origin": [-0.15, -4.37935, 1.12388],
							"size": [0.3, 0.075, 0.04419],
							"pivot": [0, -1.8, 2.81025],
							"rotation": [-45, 0, 0],
							"uv": {
								"north": {"uv": [18.25, 14], "uv_size": [-0.25, 0.25]},
								"east": {"uv": [16.25, 18], "uv_size": [-0.25, 0.25]},
								"south": {"uv": [18.25, 15], "uv_size": [-0.25, 0.25]},
								"west": {"uv": [15.25, 18], "uv_size": [-0.25, 0.25]},
								"up": {"uv": [18.25, 16], "uv_size": [-0.25, 0.25]}
							}
						},
						{
							"origin": [-0.15, -4.37935, 1.39637],
							"size": [0.3, 0.21213, 0.125],
							"pivot": [0, -1.8, 2.81025],
							"rotation": [-45, 0, 0],
							"uv": {
								"north": {"uv": [17.25, 18], "uv_size": [-0.25, 0.25]},
								"east": {"uv": [0.25, 19], "uv_size": [-0.25, 0.25]},
								"south": {"uv": [18.25, 18], "uv_size": [-0.25, 0.25]},
								"west": {"uv": [18.25, 17], "uv_size": [-0.25, 0.25]}
							}
						},
						{
							"origin": [-0.15, -4.1849, 1.1855],
							"size": [0.3, 0.07955, 0.1591],
							"pivot": [0, -1.8, 2.81025],
							"rotation": [-45, 0, 0],
							"uv": {
								"east": {"uv": [1.25, 19], "uv_size": [-0.25, 0.25]},
								"west": {"uv": [19.25, 0], "uv_size": [-0.25, 0.25]},
								"down": {"uv": [19.25, 1.25], "uv_size": [-0.25, -0.25]}
							}
						}
					]
				},
				{
					"name": "wood",
					"parent": "6Kh4",
					"pivot": [0, 0, 0],
					"cubes": [
						{
							"origin": [-0.3, -2.1, 0.7375],
							"size": [0.6, 0.9125, 4.1625],
							"uv": {
								"east": {"uv": [4.25, 1], "uv_size": [-4.25, 1]},
								"west": {"uv": [4.25, 0], "uv_size": [-4.25, 1]}
							}
						},
						{
							"origin": [-0.325, -1.79268, 2.7625],
							"size": [0.65, 0.275, 0.275],
							"pivot": [0, -1.65518, 2.9],
							"rotation": [45, 0, 0],
							"uv": {
								"north": {"uv": [13.75, 2], "uv_size": [-0.75, 0.25]},
								"east": {"uv": [19.25, 2], "uv_size": [-0.25, 0.25]},
								"south": {"uv": [3.75, 13], "uv_size": [-0.75, 0.25]},
								"west": {"uv": [2.25, 19], "uv_size": [-0.25, 0.25]},
								"up": {"uv": [13.75, 3], "uv_size": [-0.75, 0.25]},
								"down": {"uv": [4.75, 13.25], "uv_size": [-0.75, -0.25]}
							}
						},
						{
							"origin": [-0.15, -2.4, 2.925],
							"size": [0.3, 0.1, 1.7],
							"uv": {
								"east": {"uv": [2.75, 9], "uv_size": [-1.75, 0.25]},
								"west": {"uv": [9.75, 8], "uv_size": [-1.75, 0.25]},
								"down": {"uv": [3.25, 10.75], "uv_size": [-0.25, -1.75]}
							}
						},
						{
							"origin": [-0.3, -3.63227, 2.45683],
							"size": [0.6, 0.1875, 0.1],
							"pivot": [0, -1.59686, 2.75798],
							"rotation": [-67.5, 0, 0],
							"uv": {
								"east": {"uv": [19.25, 3], "uv_size": [-0.25, 0.25]},
								"south": {"uv": [2.5, 14], "uv_size": [-0.5, 0.25]},
								"west": {"uv": [3.25, 19], "uv_size": [-0.25, 0.25]}
							}
						},
						{
							"origin": [-0.3, -3.09817, 1.09328],
							"size": [0.6, 0.275, 0.1125],
							"pivot": [0, -1.59686, 2.75798],
							"rotation": [-22.5, 0, 0],
							"uv": {
								"east": {"uv": [19.25, 4], "uv_size": [-0.25, 0.25]},
								"south": {"uv": [14.5, 2], "uv_size": [-0.5, 0.25]},
								"west": {"uv": [4.25, 19], "uv_size": [-0.25, 0.25]}
							}
						},
						{
							"origin": [-0.3, -2.89615, 4.27192],
							"size": [0.6, 0.2, 0.3625],
							"pivot": [0, -1.59686, 2.75798],
							"rotation": [20, 0, 0],
							"uv": {
								"east": {"uv": [19.25, 5], "uv_size": [-0.25, 0.25]},
								"west": {"uv": [5.25, 19], "uv_size": [-0.25, 0.25]},
								"down": {"uv": [3.5, 14.25], "uv_size": [-0.5, -0.25]}
							}
						},
						{
							"origin": [-0.3, -2.28277, 0.98565],
							"size": [0.6, 0.2, 2],
							"pivot": [0, -1.59686, 2.75798],
							"rotation": [-5, 0, 0],
							"uv": {
								"east": {"uv": [10, 3], "uv_size": [-2, 0.25]},
								"west": {"uv": [10, 2], "uv_size": [-2, 0.25]},
								"down": {"uv": [2.5, 6], "uv_size": [-0.5, -2]}
							}
						},
						{
							"origin": [-0.3, -2.3, 2.925],
							"size": [0.6, 0.2, 1.7],
							"uv": {
								"east": {"uv": [5.75, 9], "uv_size": [-1.75, 0.25]},
								"west": {"uv": [10.75, 1], "uv_size": [-1.75, 0.25]},
								"down": {"uv": [5.5, 3.75], "uv_size": [-0.5, -1.75]}
							}
						},
						{
							"origin": [-0.15, -1.06804, 3.90608],
							"size": [0.3, 0.1, 0.6],
							"pivot": [0.1, -0.96804, 4.50608],
							"rotation": [-5, 0, 0],
							"uv": {
								"east": {"uv": [4.5, 14], "uv_size": [-0.5, 0.25]},
								"west": {"uv": [14.5, 3], "uv_size": [-0.5, 0.25]},
								"up": {"uv": [14.25, 4], "uv_size": [-0.25, 0.5]}
							}
						},
						{
							"origin": [-0.3, -3.25622, 1.24379],
							"size": [0.6, 0.1125, 0.3],
							"pivot": [0, -1.59686, 2.75798],
							"rotation": [-67.5, 0, 0],
							"uv": {
								"east": {"uv": [19.25, 6], "uv_size": [-0.25, 0.25]},
								"west": {"uv": [6.25, 19], "uv_size": [-0.25, 0.25]},
								"up": {"uv": [5.5, 14], "uv_size": [-0.5, 0.25]}
							}
						},
						{
							"origin": [-0.3, -2.7461, 0.96771],
							"size": [0.6, 0.2, 0.175],
							"pivot": [0, -1.59686, 2.75798],
							"rotation": [-45, 0, 0],
							"uv": {
								"east": {"uv": [19.25, 7], "uv_size": [-0.25, 0.25]},
								"west": {"uv": [7.25, 19], "uv_size": [-0.25, 0.25]},
								"up": {"uv": [14.5, 5], "uv_size": [-0.5, 0.25]}
							}
						},
						{
							"origin": [-0.3, -2.04049, 0.82587],
							"size": [0.6, 0.2, 0.175],
							"pivot": [0, -1.59686, 2.75798],
							"rotation": [-22.5, 0, 0],
							"uv": {
								"east": {"uv": [19.25, 8], "uv_size": [-0.25, 0.25]},
								"west": {"uv": [8.25, 19], "uv_size": [-0.25, 0.25]},
								"up": {"uv": [6.5, 14], "uv_size": [-0.5, 0.25]}
							}
						},
						{
							"origin": [-0.3, -1.34028, 0.94312],
							"size": [0.6, 0.2, 0.2],
							"uv": {
								"east": {"uv": [19.25, 9], "uv_size": [-0.25, 0.25]},
								"west": {"uv": [9.25, 19], "uv_size": [-0.25, 0.25]},
								"up": {"uv": [14.5, 6], "uv_size": [-0.5, 0.25]}
							}
						},
						{
							"origin": [-0.3, -1.1317, 1.19042],
							"size": [0.6, 0.2, 0.5],
							"pivot": [0, -1.59686, 2.75798],
							"rotation": [7.5, 0, 0],
							"uv": {
								"east": {"uv": [14.5, 7], "uv_size": [-0.5, 0.25]},
								"west": {"uv": [7.5, 14], "uv_size": [-0.5, 0.25]},
								"up": {"uv": [11.5, 2], "uv_size": [-0.5, 0.5]}
							}
						},
						{
							"origin": [-0.3, -1.1789, 1.66243],
							"size": [0.6, 0.2, 1],
							"pivot": [0, -1.59686, 2.75798],
							"rotation": [5, 0, 0],
							"uv": {
								"east": {"uv": [12, 3], "uv_size": [-1, 0.25]},
								"west": {"uv": [4, 11], "uv_size": [-1, 0.25]},
								"up": {"uv": [5.5, 8], "uv_size": [-0.5, 1]}
							}
						},
						{
							"origin": [-0.3, -1.18958, 2.60893],
							"size": [0.6, 0.2, 0.7],
							"uv": {
								"east": {"uv": [5.75, 13], "uv_size": [-0.75, 0.25]},
								"west": {"uv": [13.75, 4], "uv_size": [-0.75, 0.25]},
								"up": {"uv": [1.5, 10], "uv_size": [-0.5, 0.75]}
							}
						},
						{
							"origin": [-0.3, -1.16612, 3.28192],
							"size": [0.6, 0.2, 0.6],
							"pivot": [0, -1.59686, 2.75798],
							"rotation": [-2.5, 0, 0],
							"uv": {
								"east": {"uv": [14.5, 8], "uv_size": [-0.5, 0.25]},
								"west": {"uv": [8.5, 14], "uv_size": [-0.5, 0.25]},
								"up": {"uv": [4.5, 11], "uv_size": [-0.5, 0.5]}
							}
						},
						{
							"origin": [-0.3, -0.97252, 4.38769],
							"size": [0.6, 0.2, 0.4125],
							"pivot": [0, -1.59686, 2.75798],
							"rotation": [-10, 0, 0],
							"uv": {
								"east": {"uv": [14.5, 9], "uv_size": [-0.5, 0.25]},
								"west": {"uv": [9.5, 14], "uv_size": [-0.5, 0.25]},
								"up": {"uv": [11.5, 4], "uv_size": [-0.5, 0.5]}
							}
						},
						{
							"origin": [-0.3, -1.1177, 3.85334],
							"size": [0.6, 0.2, 0.6],
							"pivot": [0, -1.59686, 2.75798],
							"rotation": [-5, 0, 0],
							"uv": {
								"east": {"uv": [14.5, 10], "uv_size": [-0.5, 0.25]},
								"west": {"uv": [10.5, 14], "uv_size": [-0.5, 0.25]},
								"up": {"uv": [5.5, 11], "uv_size": [-0.5, 0.5]}
							}
						},
						{
							"origin": [-0.15, -1.01575, 3.30836],
							"size": [0.3, 0.1, 0.6],
							"pivot": [0.1, -0.91575, 3.90836],
							"rotation": [-2.5, 0, 0],
							"uv": {
								"east": {"uv": [14.5, 11], "uv_size": [-0.5, 0.25]},
								"west": {"uv": [11.5, 14], "uv_size": [-0.5, 0.25]},
								"up": {"uv": [12.25, 14], "uv_size": [-0.25, 0.5]}
							}
						},
						{
							"origin": [-0.15, -0.98958, 2.60893],
							"size": [0.3, 0.1, 0.7],
							"uv": {
								"east": {"uv": [6.75, 13], "uv_size": [-0.75, 0.25]},
								"west": {"uv": [13.75, 5], "uv_size": [-0.75, 0.25]},
								"up": {"uv": [13.25, 6], "uv_size": [-0.25, 0.75]}
							}
						},
						{
							"origin": [-0.15, -0.98958, 1.60893],
							"size": [0.3, 0.1, 1],
							"pivot": [0.1, -0.88958, 2.60893],
							"rotation": [5, 0, 0],
							"uv": {
								"east": {"uv": [7, 11], "uv_size": [-1, 0.25]},
								"west": {"uv": [12, 5], "uv_size": [-1, 0.25]},
								"up": {"uv": [11.25, 6], "uv_size": [-0.25, 1]}
							}
						},
						{
							"origin": [-0.15, -1.07673, 1.11274],
							"size": [0.3, 0.1, 0.5],
							"pivot": [0.1, -0.97673, 1.61274],
							"rotation": [7.5, 0, 0],
							"uv": {
								"east": {"uv": [13.5, 14], "uv_size": [-0.5, 0.25]},
								"west": {"uv": [14.5, 12], "uv_size": [-0.5, 0.25]},
								"up": {"uv": [14.25, 13], "uv_size": [-0.25, 0.5]}
							}
						},
						{
							"origin": [-0.15, -1.14028, 0.94312],
							"size": [0.3, 0.1, 0.2],
							"uv": {
								"east": {"uv": [19.25, 10], "uv_size": [-0.25, 0.25]},
								"west": {"uv": [10.25, 19], "uv_size": [-0.25, 0.25]},
								"up": {"uv": [11.25, 19], "uv_size": [-0.25, 0.25]}
							}
						},
						{
							"origin": [-0.15, -1.1343, 0.78985],
							"size": [0.3, 0.1, 0.175],
							"pivot": [0.1, -1.2343, 0.96485],
							"rotation": [-22.5, 0, 0],
							"uv": {
								"east": {"uv": [12.25, 19], "uv_size": [-0.25, 0.25]},
								"west": {"uv": [19.25, 11], "uv_size": [-0.25, 0.25]},
								"up": {"uv": [19.25, 12], "uv_size": [-0.25, 0.25]}
							}
						},
						{
							"origin": [-0.15, -1.06733, 0.62818],
							"size": [0.3, 0.1, 0.175],
							"pivot": [0.1, -1.16733, 0.80318],
							"rotation": [-45, 0, 0],
							"uv": {
								"east": {"uv": [19.25, 13], "uv_size": [-0.25, 0.25]},
								"west": {"uv": [13.25, 19], "uv_size": [-0.25, 0.25]},
								"up": {"uv": [14.25, 19], "uv_size": [-0.25, 0.25]}
							}
						},
						{
							"origin": [-0.15, -0.89359, 0.37943],
							"size": [0.3, 0.05, 0.3],
							"pivot": [0.1, -1.04359, 0.67943],
							"rotation": [-67.5, 0, 0],
							"uv": {
								"east": {"uv": [15.25, 19], "uv_size": [-0.25, 0.25]},
								"west": {"uv": [19.25, 14], "uv_size": [-0.25, 0.25]},
								"up": {"uv": [19.25, 15], "uv_size": [-0.25, 0.25]}
							}
						},
						{
							"origin": [-0.15, -1.1375, 4.5],
							"size": [0.3, 0.1, 0.425],
							"pivot": [0.1, -1.0375, 4.9],
							"rotation": [-10, 0, 0],
							"uv": {
								"east": {"uv": [0.5, 15], "uv_size": [-0.5, 0.25]},
								"west": {"uv": [14.5, 14], "uv_size": [-0.5, 0.25]},
								"up": {"uv": [15.25, 0], "uv_size": [-0.25, 0.5]}
							}
						},
						{
							"origin": [-0.15, -2.11531, 4.53954],
							"size": [0.3, 0.1, 0.3625],
							"pivot": [0, -2.01531, 5.38954],
							"rotation": [20, 0, 0],
							"uv": {
								"east": {"uv": [19.25, 16], "uv_size": [-0.25, 0.25]},
								"west": {"uv": [16.25, 19], "uv_size": [-0.25, 0.25]},
								"down": {"uv": [17.25, 19.25], "uv_size": [-0.25, -0.25]}
							}
						},
						{
							"origin": [-0.15, -2.32739, 0.9369],
							"size": [0.3, 0.1, 2],
							"pivot": [0, -2.22739, 2.0994],
							"rotation": [-5, 0, 0],
							"uv": {
								"east": {"uv": [8, 8], "uv_size": [-2, 0.25]},
								"west": {"uv": [10, 5], "uv_size": [-2, 0.25]},
								"down": {"uv": [8.25, 8], "uv_size": [-0.25, -2]}
							}
						},
						{
							"origin": [-0.45, -2.48989, 0.5744],
							"size": [0.9, 1.8, 0.175],
							"uv": {
								"north": {"uv": [4, 2], "uv_size": [-1, 1.75]},
								"east": {"uv": [9.25, 6], "uv_size": [-0.25, 1.75]},
								"south": {"uv": [1, 4], "uv_size": [-1, 1.75]},
								"west": {"uv": [6.25, 9], "uv_size": [-0.25, 1.75]},
								"up": {"uv": [8, 11], "uv_size": [-1, 0.25]},
								"down": {"uv": [12, 7.25], "uv_size": [-1, -0.25]}
							}
						},
						{
							"origin": [-0.15, -2.48598, 0.72975],
							"size": [0.3, 0.275, 0.1],
							"pivot": [0.1, -2.28598, 0.77975],
							"rotation": [-22.5, 0, 0],
							"uv": {
								"east": {"uv": [19.25, 18], "uv_size": [-0.25, 0.25]},
								"south": {"uv": [18.25, 19], "uv_size": [-0.25, 0.25]},
								"west": {"uv": [19.25, 17], "uv_size": [-0.25, 0.25]}
							}
						},
						{
							"origin": [-0.15, -2.36721, 0.91616],
							"size": [0.3, 0.2, 0.1],
							"pivot": [0.1, -2.16721, 0.96616],
							"rotation": [-67.5, 0, 0],
							"uv": {
								"east": {"uv": [20.25, 0], "uv_size": [-0.25, 0.25]},
								"south": {"uv": [0.25, 20], "uv_size": [-0.25, 0.25]},
								"west": {"uv": [19.25, 19], "uv_size": [-0.25, 0.25]}
							}
						},
						{
							"origin": [-0.4, -2.16489, 0.2494],
							"size": [0.8, 1.475, 0.325],
							"uv": {
								"north": {"uv": [1.75, 4], "uv_size": [-0.75, 1.5]},
								"east": {"uv": [10.25, 2], "uv_size": [-0.25, 1.5]},
								"west": {"uv": [2.25, 10], "uv_size": [-0.25, 1.5]},
								"up": {"uv": [7.75, 13], "uv_size": [-0.75, 0.25]}
							}
						},
						{
							"origin": [-0.4, -3.45473, -0.33664],
							"size": [0.8, 0.22981, 0.45962],
							"pivot": [0, -3.51723, 1.51336],
							"rotation": [-45, 0, 0],
							"uv": {
								"east": {"uv": [15.5, 1], "uv_size": [-0.5, 0.25]},
								"west": {"uv": [1.5, 15], "uv_size": [-0.5, 0.25]},
								"down": {"uv": [4.75, 10.5], "uv_size": [-0.75, -0.5]}
							}
						}
					]
				},
				{
					"name": "wood2",
					"parent": "wood",
					"pivot": [0, -0.9125, 0]
				},
				{
					"name": "blade",
					"parent": "6Kh4",
					"pivot": [0.3, -1.825, -0.1],
					"rotation": [-0.5, 0, 0],
					"cubes": [
						{
							"origin": [-0.05, -1.825, -3.2],
							"size": [0.1, 1.1, 3.1],
							"uv": {
								"north": {"uv": [8.25, 11], "uv_size": [-0.25, 1]},
								"east": {"uv": [3, 3], "uv_size": [-3, 1]},
								"west": {"uv": [3, 2], "uv_size": [-3, 1]},
								"up": {"uv": [3.25, 6], "uv_size": [-0.25, 3]},
								"down": {"uv": [4.25, 9], "uv_size": [-0.25, -3]}
							}
						},
						{
							"origin": [-0.05, -2.13954, -0.22966],
							"size": [0.1, 0.16454, 0.1625],
							"uv": {
								"east": {"uv": [20.25, 1], "uv_size": [-0.25, 0.25]},
								"west": {"uv": [1.25, 20], "uv_size": [-0.25, 0.25]},
								"down": {"uv": [2.25, 20.25], "uv_size": [-0.25, -0.25]}
							}
						},
						{
							"origin": [-0.05, -1.975, -0.45],
							"size": [0.1, 0.13184, 0.275],
							"pivot": [0.05, -1.975, -0.45],
							"rotation": [-36.75, 0, 0],
							"uv": {
								"east": {"uv": [3.25, 20], "uv_size": [-0.25, 0.25]},
								"west": {"uv": [20.25, 2], "uv_size": [-0.25, 0.25]},
								"down": {"uv": [20.25, 3.25], "uv_size": [-0.25, -0.25]}
							}
						},
						{
							"origin": [-0.05, -1.975, -0.45],
							"size": [0.1, 0.15, 0.3625],
							"uv": {
								"north": {"uv": [4.25, 20], "uv_size": [-0.25, 0.25]},
								"east": {"uv": [5.25, 20], "uv_size": [-0.25, 0.25]},
								"west": {"uv": [20.25, 4], "uv_size": [-0.25, 0.25]}
							}
						},
						{
							"origin": [-0.05, -1.825, -4.9125],
							"size": [0.1, 1.1, 1.075],
							"uv": {
								"east": {"uv": [4, 4], "uv_size": [-1, 1]},
								"south": {"uv": [11.25, 8], "uv_size": [-0.25, 1]},
								"west": {"uv": [5, 2], "uv_size": [-1, 1]},
								"up": {"uv": [9.25, 11], "uv_size": [-0.25, 1]}
							}
						},
						{
							"origin": [-0.05, -1.725, -5.0875],
							"size": [0.1, 1, 0.175],
							"uv": {
								"east": {"uv": [11.25, 11], "uv_size": [-0.25, 1]},
								"west": {"uv": [10.25, 11], "uv_size": [-0.25, 1]},
								"up": {"uv": [20.25, 5], "uv_size": [-0.25, 0.25]}
							}
						},
						{
							"origin": [-0.05, -1.2375, -6.35],
							"size": [0.1, 0.1, 0.1375],
							"uv": {
								"east": {"uv": [20.25, 6], "uv_size": [-0.25, 0.25]},
								"west": {"uv": [6.25, 20], "uv_size": [-0.25, 0.25]}
							}
						},
						{
							"origin": [-0.05, -1.425, -5.3875],
							"size": [0.1, 0.7, 0.3],
							"pivot": [0.05, -0.725, -5.0875],
							"rotation": [5, 0, 0],
							"uv": {
								"east": {"uv": [8.25, 13], "uv_size": [-0.25, 0.75]},
								"west": {"uv": [13.25, 7], "uv_size": [-0.25, 0.75]},
								"up": {"uv": [7.25, 20], "uv_size": [-0.25, 0.25]}
							}
						},
						{
							"origin": [-0.05, -1.35115, -5.58636],
							"size": [0.1, 0.6, 0.2],
							"pivot": [0.05, -0.75115, -5.38636],
							"rotation": [10, 0, 0],
							"uv": {
								"east": {"uv": [15.25, 2], "uv_size": [-0.25, 0.5]},
								"west": {"uv": [2.25, 15], "uv_size": [-0.25, 0.5]},
								"up": {"uv": [20.25, 7], "uv_size": [-0.25, 0.25]}
							}
						},
						{
							"origin": [-0.05, -1.38588, -5.78332],
							"size": [0.1, 0.6, 0.2],
							"pivot": [0.05, -0.78588, -5.58332],
							"rotation": [15, 0, 0],
							"uv": {
								"east": {"uv": [15.25, 3], "uv_size": [-0.25, 0.5]},
								"west": {"uv": [3.25, 15], "uv_size": [-0.25, 0.5]},
								"up": {"uv": [8.25, 20], "uv_size": [-0.25, 0.25]}
							}
						},
						{
							"origin": [-0.05, -1.33764, -5.9765],
							"size": [0.1, 0.5, 0.2],
							"pivot": [0.05, -0.83764, -5.7765],
							"rotation": [20, 0, 0],
							"uv": {
								"east": {"uv": [15.25, 4], "uv_size": [-0.25, 0.5]},
								"west": {"uv": [4.25, 15], "uv_size": [-0.25, 0.5]},
								"up": {"uv": [20.25, 8], "uv_size": [-0.25, 0.25]}
							}
						},
						{
							"origin": [-0.05, -1.30604, -6.16444],
							"size": [0.1, 0.4, 0.2],
							"pivot": [0.05, -0.90604, -5.96444],
							"rotation": [25, 0, 0],
							"uv": {
								"east": {"uv": [15.25, 5], "uv_size": [-0.25, 0.5]},
								"west": {"uv": [5.25, 15], "uv_size": [-0.25, 0.5]},
								"up": {"uv": [9.25, 20], "uv_size": [-0.25, 0.25]}
							}
						},
						{
							"origin": [-0.05, -1.09057, -6.5832],
							"size": [0.1, 0.1, 0.4375],
							"pivot": [0.05, -0.99057, -6.1457],
							"rotation": [30, 0, 0],
							"uv": {
								"east": {"uv": [15.5, 6], "uv_size": [-0.5, 0.25]},
								"west": {"uv": [6.5, 15], "uv_size": [-0.5, 0.25]},
								"up": {"uv": [7.25, 15], "uv_size": [-0.25, 0.5]}
							}
						},
						{
							"origin": [-0.05, -1.04057, -6.6457],
							"size": [0.1, 0.05, 0.0625],
							"pivot": [0.05, -0.99057, -6.1457],
							"rotation": [30, 0, 0],
							"uv": {
								"east": {"uv": [10.25, 20], "uv_size": [-0.25, 0.25]},
								"west": {"uv": [20.25, 9], "uv_size": [-0.25, 0.25]},
								"up": {"uv": [20.25, 10], "uv_size": [-0.25, 0.25]}
							}
						},
						{
							"origin": [-0.05, -1.27654, -6.62476],
							"size": [0.1, 0.03026, 0.03745],
							"pivot": [0, -1.23598, -6.58796],
							"rotation": [60, 0, 0],
							"uv": {
								"north": {"uv": [11.25, 20], "uv_size": [-0.25, 0.25]},
								"east": {"uv": [12.25, 20], "uv_size": [-0.25, 0.25]},
								"west": {"uv": [20.25, 11], "uv_size": [-0.25, 0.25]},
								"up": {"uv": [20.25, 12], "uv_size": [-0.25, 0.25]}
							}
						},
						{
							"origin": [-0.05, -1.69292, -5.64733],
							"size": [0.1, 0.275, 0.575],
							"pivot": [0.05, -1.59292, -5.14733],
							"rotation": [-22.5, 0, 0],
							"uv": {
								"east": {"uv": [8.5, 15], "uv_size": [-0.5, 0.25]},
								"west": {"uv": [15.5, 7], "uv_size": [-0.5, 0.25]},
								"down": {"uv": [15.25, 8.5], "uv_size": [-0.25, -0.5]}
							}
						},
						{
							"origin": [-0.05, -1.50158, -5.95927],
							"size": [0.1, 0.175, 0.35],
							"pivot": [0.05, -1.40158, -5.60927],
							"rotation": [-17.5, 0, 0],
							"uv": {
								"east": {"uv": [20.25, 13], "uv_size": [-0.25, 0.25]},
								"west": {"uv": [13.25, 20], "uv_size": [-0.25, 0.25]},
								"down": {"uv": [14.25, 20.25], "uv_size": [-0.25, -0.25]}
							}
						},
						{
							"origin": [-0.05, -1.39634, -6.24307],
							"size": [0.1, 0.3, 0.3],
							"pivot": [0.05, -1.29634, -5.94307],
							"rotation": [-12.5, 0, 0],
							"uv": {
								"east": {"uv": [15.25, 20], "uv_size": [-0.25, 0.25]},
								"west": {"uv": [20.25, 14], "uv_size": [-0.25, 0.25]}
							}
						},
						{
							"origin": [-0.05, -1.3314, -6.49846],
							"size": [0.1, 0.1, 0.2625],
							"pivot": [0.05, -1.2314, -6.23596],
							"rotation": [-7.5, 0, 0],
							"uv": {
								"east": {"uv": [16.25, 20], "uv_size": [-0.25, 0.25]},
								"west": {"uv": [20.25, 15], "uv_size": [-0.25, 0.25]},
								"down": {"uv": [20.25, 16.25], "uv_size": [-0.25, -0.25]}
							}
						},
						{
							"origin": [-0.05, -1.3314, -6.56096],
							"size": [0.1, 0.05, 0.0625],
							"pivot": [0.05, -1.2314, -6.23596],
							"rotation": [-7.5, 0, 0],
							"uv": {
								"east": {"uv": [20.25, 17], "uv_size": [-0.25, 0.25]},
								"west": {"uv": [17.25, 20], "uv_size": [-0.25, 0.25]},
								"down": {"uv": [18.25, 20.25], "uv_size": [-0.25, -0.25]}
							}
						},
						{
							"origin": [-0.05, -1.9125, -5.25],
							"size": [0.1, 0.1, 0.5],
							"pivot": [0.05, -1.9125, -4.75],
							"rotation": [-27.5, 0, 0],
							"uv": {
								"east": {"uv": [15.5, 9], "uv_size": [-0.5, 0.25]},
								"west": {"uv": [9.5, 15], "uv_size": [-0.5, 0.25]},
								"down": {"uv": [10.25, 15.5], "uv_size": [-0.25, -0.5]}
							}
						},
						{
							"origin": [-0.05, -1.9125, -4.75],
							"size": [0.1, 0.0875, 1.275],
							"uv": {
								"east": {"uv": [11.25, 10], "uv_size": [-1.25, 0.25]},
								"west": {"uv": [11.25, 9], "uv_size": [-1.25, 0.25]},
								"down": {"uv": [0.25, 12.25], "uv_size": [-0.25, -1.25]}
							}
						},
						{
							"origin": [-0.05, -1.3, -3.8375],
							"size": [0.1, 0.575, 0.6375],
							"uv": {
								"east": {"uv": [5.75, 10], "uv_size": [-0.75, 0.5]},
								"west": {"uv": [10.75, 4], "uv_size": [-0.75, 0.5]},
								"up": {"uv": [13.25, 8], "uv_size": [-0.25, 0.75]}
							}
						},
						{
							"origin": [-0.05, -1.825, -3.8375],
							"size": [0.1, 0.175, 0.6375],
							"uv": {
								"east": {"uv": [13.75, 9], "uv_size": [-0.75, 0.25]},
								"west": {"uv": [9.75, 13], "uv_size": [-0.75, 0.25]},
								"down": {"uv": [10.25, 13.75], "uv_size": [-0.25, -0.75]}
							}
						},
						{
							"origin": [-0.05, -1.675, -3.85412],
							"size": [0.1, 0.03882, 0.65],
							"pivot": [0, -1.7375, -3.51875],
							"rotation": [-2.5, 0, 0],
							"uv": {
								"east": {"uv": [11.75, 13], "uv_size": [-0.75, 0.25]},
								"west": {"uv": [13.75, 10], "uv_size": [-0.75, 0.25]},
								"up": {"uv": [13.25, 11], "uv_size": [-0.25, 0.75]}
							}
						},
						{
							"origin": [-0.05, -1.31457, -3.84055],
							"size": [0.1, 0.03882, 0.65],
							"pivot": [0, -1.37707, -3.50518],
							"rotation": [-2.5, 0, 0],
							"uv": {
								"east": {"uv": [13.75, 12], "uv_size": [-0.75, 0.25]},
								"west": {"uv": [12.75, 13], "uv_size": [-0.75, 0.25]},
								"down": {"uv": [13.25, 13.75], "uv_size": [-0.25, -0.75]}
							}
						},
						{
							"origin": [-0.05, -1.14672, -3.85204],
							"size": [0.1, 0.125, 0.0625],
							"pivot": [0, -1.20922, -4.10417],
							"rotation": [-45, 0, 0],
							"uv": {
								"east": {"uv": [20.25, 19], "uv_size": [-0.25, 0.25]},
								"south": {"uv": [19.25, 20], "uv_size": [-0.25, 0.25]},
								"west": {"uv": [20.25, 18], "uv_size": [-0.25, 0.25]}
							}
						},
						{
							"origin": [-0.05, -1.57614, -3.0908],
							"size": [0.1, 0.12632, 0.0625],
							"pivot": [0, -1.62614, -3.34293],
							"rotation": [45, 0, 0],
							"uv": {
								"north": {"uv": [20.25, 20], "uv_size": [-0.25, 0.25]},
								"east": {"uv": [21.25, 0], "uv_size": [-0.25, 0.25]},
								"west": {"uv": [0.25, 21], "uv_size": [-0.25, 0.25]}
							}
						},
						{
							"origin": [-0.05, -1.45006, -3.24199],
							"size": [0.1, 0.10132, 0.0625],
							"pivot": [0, -1.51256, -3.49412],
							"rotation": [-45, 0, 0],
							"uv": {
								"north": {"uv": [1.25, 21], "uv_size": [-0.25, 0.25]},
								"east": {"uv": [2.25, 21], "uv_size": [-0.25, 0.25]},
								"west": {"uv": [21.25, 1], "uv_size": [-0.25, 0.25]}
							}
						},
						{
							"origin": [-0.05, -1.83832, -3.69201],
							"size": [0.1, 0.12632, 0.0625],
							"pivot": [0, -1.87582, -3.94414],
							"rotation": [45, 0, 0],
							"uv": {
								"east": {"uv": [21.25, 3], "uv_size": [-0.25, 0.25]},
								"south": {"uv": [3.25, 21], "uv_size": [-0.25, 0.25]},
								"west": {"uv": [21.25, 2], "uv_size": [-0.25, 0.25]}
							}
						}
					]
				},
				{
					"name": "blade2",
					"parent": "6Kh4",
					"pivot": [0.3, -1.825, -0.1],
					"rotation": [-0.5, 0, 0],
					"cubes": [
						{
							"origin": [-0.025, -0.825, -5.2625],
							"size": [0.05, 0.1, 0.175],
							"uv": {
								"east": {"uv": [21.25, 4], "uv_size": [-0.25, 0.25]},
								"west": {"uv": [4.25, 21], "uv_size": [-0.25, 0.25]},
								"up": {"uv": [5.25, 21], "uv_size": [-0.25, 0.25]}
							}
						},
						{
							"origin": [-0.025, -0.82576, -5.44507],
							"size": [0.05, 0.1, 0.2],
							"pivot": [0.05, -0.925, -5.2625],
							"rotation": [5, 0, 0],
							"uv": {
								"east": {"uv": [6.25, 21], "uv_size": [-0.25, 0.25]},
								"west": {"uv": [21.25, 5], "uv_size": [-0.25, 0.25]},
								"up": {"uv": [21.25, 6], "uv_size": [-0.25, 0.25]}
							}
						},
						{
							"origin": [-0.025, -0.84243, -5.86174],
							"size": [0.05, 0.1, 0.4],
							"pivot": [0.05, -0.74243, -5.46174],
							"rotation": [10, 0, 0],
							"uv": {
								"east": {"uv": [11.5, 15], "uv_size": [-0.5, 0.25]},
								"west": {"uv": [15.5, 10], "uv_size": [-0.5, 0.25]},
								"up": {"uv": [15.25, 11], "uv_size": [-0.25, 0.5]}
							}
						},
						{
							"origin": [-0.025, -0.91189, -6.15566],
							"size": [0.05, 0.1, 0.3],
							"pivot": [0.05, -0.81189, -5.85566],
							"rotation": [15, 0, 0],
							"uv": {
								"east": {"uv": [21.25, 7], "uv_size": [-0.25, 0.25]},
								"west": {"uv": [7.25, 21], "uv_size": [-0.25, 0.25]},
								"up": {"uv": [8.25, 21], "uv_size": [-0.25, 0.25]}
							}
						},
						{
							"origin": [-0.025, -1.03954, -6.44544],
							"size": [0.05, 0.15, 0.3],
							"pivot": [0.05, -0.88954, -6.14544],
							"rotation": [20, 0, 0],
							"uv": {
								"east": {"uv": [9.25, 21], "uv_size": [-0.25, 0.25]},
								"west": {"uv": [21.25, 8], "uv_size": [-0.25, 0.25]},
								"up": {"uv": [21.25, 9], "uv_size": [-0.25, 0.25]}
							}
						},
						{
							"origin": [-0.025, -1.15464, -6.62735],
							"size": [0.05, 0.1625, 0.2],
							"pivot": [0.05, -0.99214, -6.42735],
							"rotation": [25, 0, 0],
							"uv": {
								"east": {"uv": [21.25, 10], "uv_size": [-0.25, 0.25]},
								"west": {"uv": [10.25, 21], "uv_size": [-0.25, 0.25]},
								"up": {"uv": [11.25, 21], "uv_size": [-0.25, 0.25]}
							}
						},
						{
							"origin": [-0.025, -1.25167, -6.80861],
							"size": [0.05, 0.175, 0.2],
							"pivot": [0.05, -1.07667, -6.60861],
							"rotation": [30, 0, 0],
							"uv": {
								"east": {"uv": [12.25, 21], "uv_size": [-0.25, 0.25]},
								"west": {"uv": [21.25, 11], "uv_size": [-0.25, 0.25]},
								"up": {"uv": [21.25, 12], "uv_size": [-0.25, 0.25]}
							}
						},
						{
							"origin": [-0.025, -1.27667, -6.93181],
							"size": [0.05, 0.1, 0.15],
							"pivot": [0.05, -1.17667, -6.78181],
							"rotation": [35, 0, 0],
							"uv": {
								"east": {"uv": [21.25, 13], "uv_size": [-0.25, 0.25]},
								"west": {"uv": [13.25, 21], "uv_size": [-0.25, 0.25]},
								"up": {"uv": [14.25, 21], "uv_size": [-0.25, 0.25]}
							}
						},
						{
							"origin": [-0.025, -1.3627, -7.05469],
							"size": [0.05, 0.1, 0.15],
							"pivot": [0.05, -1.2627, -6.90469],
							"rotation": [40, 0, 0],
							"uv": {
								"east": {"uv": [15.25, 21], "uv_size": [-0.25, 0.25]},
								"west": {"uv": [21.25, 14], "uv_size": [-0.25, 0.25]},
								"up": {"uv": [21.25, 15], "uv_size": [-0.25, 0.25]}
							}
						},
						{
							"origin": [-0.025, -1.9439, -5.60338],
							"size": [0.05, 0.225, 0.6],
							"pivot": [0.05, -1.8439, -5.09088],
							"rotation": [-22.5, 0, 0],
							"uv": {
								"east": {"uv": [15.5, 12], "uv_size": [-0.5, 0.25]},
								"west": {"uv": [12.5, 15], "uv_size": [-0.5, 0.25]},
								"down": {"uv": [13.25, 15.5], "uv_size": [-0.25, -0.5]}
							}
						},
						{
							"origin": [-0.025, -1.74803, -6.07668],
							"size": [0.05, 0.225, 0.5],
							"pivot": [0.05, -1.72303, -5.57668],
							"rotation": [-17.5, 0, 0],
							"uv": {
								"east": {"uv": [14.5, 15], "uv_size": [-0.5, 0.25]},
								"west": {"uv": [15.5, 13], "uv_size": [-0.5, 0.25]},
								"down": {"uv": [15.25, 14.5], "uv_size": [-0.25, -0.5]}
							}
						},
						{
							"origin": [-0.025, -1.59923, -6.47624],
							"size": [0.05, 0.225, 0.4125],
							"pivot": [0.05, -1.69923, -6.06374],
							"rotation": [-12.5, 0, 0],
							"uv": {
								"east": {"uv": [0.5, 16], "uv_size": [-0.5, 0.25]},
								"west": {"uv": [15.5, 15], "uv_size": [-0.5, 0.25]},
								"down": {"uv": [16.25, 0.5], "uv_size": [-0.25, -0.5]}
							}
						},
						{
							"origin": [-0.025, -1.51658, -6.87493],
							"size": [0.05, 0.225, 0.4625],
							"pivot": [0.05, -1.41658, -6.41243],
							"rotation": [-7.5, 0, 0],
							"uv": {
								"east": {"uv": [16.5, 1], "uv_size": [-0.5, 0.25]},
								"west": {"uv": [1.5, 16], "uv_size": [-0.5, 0.25]},
								"down": {"uv": [2.25, 16.5], "uv_size": [-0.25, -0.5]}
							}
						},
						{
							"origin": [-0.025, -1.51658, -6.99993],
							"size": [0.05, 0.1, 0.125],
							"pivot": [0.05, -1.41658, -6.41243],
							"rotation": [-7.5, 0, 0],
							"uv": {
								"east": {"uv": [21.25, 16], "uv_size": [-0.25, 0.25]},
								"west": {"uv": [16.25, 21], "uv_size": [-0.25, 0.25]},
								"down": {"uv": [17.25, 21.25], "uv_size": [-0.25, -0.25]}
							}
						},
						{
							"origin": [-0.025, -1.41792, -7.01959],
							"size": [0.05, 0.0588, 0.05537],
							"pivot": [0.05, -1.35912, -7.01959],
							"rotation": [-35, 0, 0],
							"uv": {
								"north": {"uv": [21.25, 17], "uv_size": [-0.25, 0.25]},
								"east": {"uv": [21.25, 18], "uv_size": [-0.25, 0.25]},
								"west": {"uv": [18.25, 21], "uv_size": [-0.25, 0.25]},
								"down": {"uv": [19.25, 21.25], "uv_size": [-0.25, -0.25]}
							}
						},
						{
							"origin": [-0.025, -2.1, -5.1],
							"size": [0.05, 0.225, 0.3],
							"pivot": [0.05, -2.1, -4.8],
							"rotation": [-27.5, 0, 0],
							"uv": {
								"east": {"uv": [20.25, 21], "uv_size": [-0.25, 0.25]},
								"west": {"uv": [21.25, 19], "uv_size": [-0.25, 0.25]},
								"down": {"uv": [21.25, 20.25], "uv_size": [-0.25, -0.25]}
							}
						},
						{
							"origin": [-0.025, -2.1, -4.8],
							"size": [0.05, 0.1875, 1.325],
							"uv": {
								"east": {"uv": [12.25, 1], "uv_size": [-1.25, 0.25]},
								"west": {"uv": [12.25, 0], "uv_size": [-1.25, 0.25]},
								"down": {"uv": [1.25, 12.25], "uv_size": [-0.25, -1.25]}
							}
						}
					]
				},
				{
					"name": "blade3",
					"parent": "6Kh4",
					"pivot": [0, -0.1, 1.3375],
					"rotation": [-0.5, 0, 0],
					"cubes": [
						{
							"origin": [-0.01, -2.10233, -3.46056],
							"size": [0.02, 0.1875, 3.2],
							"uv": {
								"east": {"uv": [8.25, 4], "uv_size": [-3.25, 0.25]},
								"west": {"uv": [6.25, 5], "uv_size": [-3.25, 0.25]},
								"down": {"uv": [0.25, 9.25], "uv_size": [-0.25, -3.25]}
							}
						},
						{
							"origin": [-0.025, -1.91483, -3.46056],
							"size": [0.05, 0.0875, 3.025],
							"uv": {
								"east": {"uv": [10, 0], "uv_size": [-3, 0.25]},
								"west": {"uv": [8, 6], "uv_size": [-3, 0.25]},
								"down": {"uv": [7.25, 4], "uv_size": [-0.25, -3]}
							}
						},
						{
							"origin": [-0.025, -2.11483, -3.49806],
							"size": [0.05, 0.2, 0.075],
							"pivot": [0, -2.02108, -3.43556],
							"rotation": [-22.5, 0, 0],
							"uv": {
								"east": {"uv": [22.25, 0], "uv_size": [-0.25, 0.25]},
								"south": {"uv": [0.25, 22], "uv_size": [-0.25, 0.25]},
								"west": {"uv": [21.25, 21], "uv_size": [-0.25, 0.25]}
							}
						},
						{
							"origin": [-0.025, -2.11483, -2.73556],
							"size": [0.05, 0.2, 0.05],
							"pivot": [0, -2.02108, -2.69806],
							"rotation": [-22.5, 0, 0],
							"uv": {
								"north": {"uv": [1.25, 22], "uv_size": [-0.25, 0.25]},
								"east": {"uv": [22.25, 2], "uv_size": [-0.25, 0.25]},
								"south": {"uv": [2.25, 22], "uv_size": [-0.25, 0.25]},
								"west": {"uv": [22.25, 1], "uv_size": [-0.25, 0.25]},
								"down": {"uv": [3.25, 22.25], "uv_size": [-0.25, -0.25]}
							}
						},
						{
							"origin": [-0.025, -2.11483, -2.88556],
							"size": [0.05, 0.2, 0.05],
							"pivot": [0, -2.02108, -2.84806],
							"rotation": [-22.5, 0, 0],
							"uv": {
								"north": {"uv": [22.25, 3], "uv_size": [-0.25, 0.25]},
								"east": {"uv": [5.25, 22], "uv_size": [-0.25, 0.25]},
								"south": {"uv": [22.25, 4], "uv_size": [-0.25, 0.25]},
								"west": {"uv": [4.25, 22], "uv_size": [-0.25, 0.25]},
								"down": {"uv": [22.25, 5.25], "uv_size": [-0.25, -0.25]}
							}
						},
						{
							"origin": [-0.025, -2.11483, -3.03556],
							"size": [0.05, 0.2, 0.05],
							"pivot": [0, -2.02108, -2.99806],
							"rotation": [-22.5, 0, 0],
							"uv": {
								"north": {"uv": [6.25, 22], "uv_size": [-0.25, 0.25]},
								"east": {"uv": [22.25, 7], "uv_size": [-0.25, 0.25]},
								"south": {"uv": [7.25, 22], "uv_size": [-0.25, 0.25]},
								"west": {"uv": [22.25, 6], "uv_size": [-0.25, 0.25]},
								"down": {"uv": [8.25, 22.25], "uv_size": [-0.25, -0.25]}
							}
						},
						{
							"origin": [-0.025, -2.11483, -3.18556],
							"size": [0.05, 0.2, 0.05],
							"pivot": [0, -2.02108, -3.14806],
							"rotation": [-22.5, 0, 0],
							"uv": {
								"north": {"uv": [22.25, 8], "uv_size": [-0.25, 0.25]},
								"east": {"uv": [10.25, 22], "uv_size": [-0.25, 0.25]},
								"south": {"uv": [22.25, 9], "uv_size": [-0.25, 0.25]},
								"west": {"uv": [9.25, 22], "uv_size": [-0.25, 0.25]},
								"down": {"uv": [22.25, 10.25], "uv_size": [-0.25, -0.25]}
							}
						},
						{
							"origin": [-0.025, -2.11483, -3.33556],
							"size": [0.05, 0.2, 0.05],
							"pivot": [0, -2.02108, -3.29806],
							"rotation": [-22.5, 0, 0],
							"uv": {
								"north": {"uv": [11.25, 22], "uv_size": [-0.25, 0.25]},
								"east": {"uv": [22.25, 12], "uv_size": [-0.25, 0.25]},
								"south": {"uv": [12.25, 22], "uv_size": [-0.25, 0.25]},
								"west": {"uv": [22.25, 11], "uv_size": [-0.25, 0.25]},
								"down": {"uv": [13.25, 22.25], "uv_size": [-0.25, -0.25]}
							}
						},
						{
							"origin": [-0.025, -2.11483, -1.98556],
							"size": [0.05, 0.2, 0.05],
							"pivot": [0, -2.02108, -1.94806],
							"rotation": [-22.5, 0, 0],
							"uv": {
								"north": {"uv": [22.25, 13], "uv_size": [-0.25, 0.25]},
								"east": {"uv": [15.25, 22], "uv_size": [-0.25, 0.25]},
								"south": {"uv": [22.25, 14], "uv_size": [-0.25, 0.25]},
								"west": {"uv": [14.25, 22], "uv_size": [-0.25, 0.25]},
								"down": {"uv": [22.25, 15.25], "uv_size": [-0.25, -0.25]}
							}
						},
						{
							"origin": [-0.025, -2.11483, -2.13556],
							"size": [0.05, 0.2, 0.05],
							"pivot": [0, -2.02108, -2.09806],
							"rotation": [-22.5, 0, 0],
							"uv": {
								"north": {"uv": [16.25, 22], "uv_size": [-0.25, 0.25]},
								"east": {"uv": [22.25, 17], "uv_size": [-0.25, 0.25]},
								"south": {"uv": [17.25, 22], "uv_size": [-0.25, 0.25]},
								"west": {"uv": [22.25, 16], "uv_size": [-0.25, 0.25]},
								"down": {"uv": [18.25, 22.25], "uv_size": [-0.25, -0.25]}
							}
						},
						{
							"origin": [-0.025, -2.11483, -2.28556],
							"size": [0.05, 0.2, 0.05],
							"pivot": [0, -2.02108, -2.24806],
							"rotation": [-22.5, 0, 0],
							"uv": {
								"north": {"uv": [22.25, 18], "uv_size": [-0.25, 0.25]},
								"east": {"uv": [20.25, 22], "uv_size": [-0.25, 0.25]},
								"south": {"uv": [22.25, 19], "uv_size": [-0.25, 0.25]},
								"west": {"uv": [19.25, 22], "uv_size": [-0.25, 0.25]},
								"down": {"uv": [22.25, 20.25], "uv_size": [-0.25, -0.25]}
							}
						},
						{
							"origin": [-0.025, -2.11483, -2.43556],
							"size": [0.05, 0.2, 0.05],
							"pivot": [0, -2.02108, -2.39806],
							"rotation": [-22.5, 0, 0],
							"uv": {
								"north": {"uv": [21.25, 22], "uv_size": [-0.25, 0.25]},
								"east": {"uv": [0.25, 23], "uv_size": [-0.25, 0.25]},
								"south": {"uv": [22.25, 22], "uv_size": [-0.25, 0.25]},
								"west": {"uv": [22.25, 21], "uv_size": [-0.25, 0.25]},
								"down": {"uv": [23.25, 0.25], "uv_size": [-0.25, -0.25]}
							}
						},
						{
							"origin": [-0.025, -2.11483, -2.58556],
							"size": [0.05, 0.2, 0.05],
							"pivot": [0, -2.02108, -2.54806],
							"rotation": [-22.5, 0, 0],
							"uv": {
								"north": {"uv": [1.25, 23], "uv_size": [-0.25, 0.25]},
								"east": {"uv": [23.25, 2], "uv_size": [-0.25, 0.25]},
								"south": {"uv": [2.25, 23], "uv_size": [-0.25, 0.25]},
								"west": {"uv": [23.25, 1], "uv_size": [-0.25, 0.25]},
								"down": {"uv": [3.25, 23.25], "uv_size": [-0.25, -0.25]}
							}
						},
						{
							"origin": [-0.025, -2.11483, -1.23556],
							"size": [0.05, 0.2, 0.05],
							"pivot": [0, -2.02108, -1.19806],
							"rotation": [-22.5, 0, 0],
							"uv": {
								"north": {"uv": [23.25, 3], "uv_size": [-0.25, 0.25]},
								"east": {"uv": [5.25, 23], "uv_size": [-0.25, 0.25]},
								"south": {"uv": [23.25, 4], "uv_size": [-0.25, 0.25]},
								"west": {"uv": [4.25, 23], "uv_size": [-0.25, 0.25]},
								"down": {"uv": [23.25, 5.25], "uv_size": [-0.25, -0.25]}
							}
						},
						{
							"origin": [-0.025, -2.11483, -1.38556],
							"size": [0.05, 0.2, 0.05],
							"pivot": [0, -2.02108, -1.34806],
							"rotation": [-22.5, 0, 0],
							"uv": {
								"north": {"uv": [6.25, 23], "uv_size": [-0.25, 0.25]},
								"east": {"uv": [23.25, 7], "uv_size": [-0.25, 0.25]},
								"south": {"uv": [7.25, 23], "uv_size": [-0.25, 0.25]},
								"west": {"uv": [23.25, 6], "uv_size": [-0.25, 0.25]},
								"down": {"uv": [8.25, 23.25], "uv_size": [-0.25, -0.25]}
							}
						},
						{
							"origin": [-0.025, -2.11483, -1.53556],
							"size": [0.05, 0.2, 0.05],
							"pivot": [0, -2.02108, -1.49806],
							"rotation": [-22.5, 0, 0],
							"uv": {
								"north": {"uv": [23.25, 8], "uv_size": [-0.25, 0.25]},
								"east": {"uv": [10.25, 23], "uv_size": [-0.25, 0.25]},
								"south": {"uv": [23.25, 9], "uv_size": [-0.25, 0.25]},
								"west": {"uv": [9.25, 23], "uv_size": [-0.25, 0.25]},
								"down": {"uv": [23.25, 10.25], "uv_size": [-0.25, -0.25]}
							}
						},
						{
							"origin": [-0.025, -2.11483, -1.68556],
							"size": [0.05, 0.2, 0.05],
							"pivot": [0, -2.02108, -1.64806],
							"rotation": [-22.5, 0, 0],
							"uv": {
								"north": {"uv": [11.25, 23], "uv_size": [-0.25, 0.25]},
								"east": {"uv": [23.25, 12], "uv_size": [-0.25, 0.25]},
								"south": {"uv": [12.25, 23], "uv_size": [-0.25, 0.25]},
								"west": {"uv": [23.25, 11], "uv_size": [-0.25, 0.25]},
								"down": {"uv": [13.25, 23.25], "uv_size": [-0.25, -0.25]}
							}
						},
						{
							"origin": [-0.025, -2.11483, -1.83556],
							"size": [0.05, 0.2, 0.05],
							"pivot": [0, -2.02108, -1.79806],
							"rotation": [-22.5, 0, 0],
							"uv": {
								"north": {"uv": [23.25, 13], "uv_size": [-0.25, 0.25]},
								"east": {"uv": [15.25, 23], "uv_size": [-0.25, 0.25]},
								"south": {"uv": [23.25, 14], "uv_size": [-0.25, 0.25]},
								"west": {"uv": [14.25, 23], "uv_size": [-0.25, 0.25]},
								"down": {"uv": [23.25, 15.25], "uv_size": [-0.25, -0.25]}
							}
						},
						{
							"origin": [-0.025, -2.11483, -0.48556],
							"size": [0.05, 0.225, 0.05],
							"pivot": [0, -2.02108, -0.44806],
							"rotation": [-22.5, 0, 0],
							"uv": {
								"north": {"uv": [16.25, 23], "uv_size": [-0.25, 0.25]},
								"east": {"uv": [23.25, 17], "uv_size": [-0.25, 0.25]},
								"south": {"uv": [17.25, 23], "uv_size": [-0.25, 0.25]},
								"west": {"uv": [23.25, 16], "uv_size": [-0.25, 0.25]},
								"down": {"uv": [18.25, 23.25], "uv_size": [-0.25, -0.25]}
							}
						},
						{
							"origin": [-0.025, -2.11483, -0.63556],
							"size": [0.05, 0.2, 0.05],
							"pivot": [0, -2.02108, -0.59806],
							"rotation": [-22.5, 0, 0],
							"uv": {
								"north": {"uv": [23.25, 18], "uv_size": [-0.25, 0.25]},
								"east": {"uv": [20.25, 23], "uv_size": [-0.25, 0.25]},
								"south": {"uv": [23.25, 19], "uv_size": [-0.25, 0.25]},
								"west": {"uv": [19.25, 23], "uv_size": [-0.25, 0.25]},
								"down": {"uv": [23.25, 20.25], "uv_size": [-0.25, -0.25]}
							}
						},
						{
							"origin": [-0.025, -2.11483, -0.78556],
							"size": [0.05, 0.2, 0.05],
							"pivot": [0, -2.02108, -0.74806],
							"rotation": [-22.5, 0, 0],
							"uv": {
								"north": {"uv": [21.25, 23], "uv_size": [-0.25, 0.25]},
								"east": {"uv": [23.25, 22], "uv_size": [-0.25, 0.25]},
								"south": {"uv": [22.25, 23], "uv_size": [-0.25, 0.25]},
								"west": {"uv": [23.25, 21], "uv_size": [-0.25, 0.25]},
								"down": {"uv": [23.25, 23.25], "uv_size": [-0.25, -0.25]}
							}
						},
						{
							"origin": [-0.025, -2.11483, -0.93556],
							"size": [0.05, 0.2, 0.05],
							"pivot": [0, -2.02108, -0.89806],
							"rotation": [-22.5, 0, 0],
							"uv": {
								"north": {"uv": [0.25, 24], "uv_size": [-0.25, 0.25]},
								"east": {"uv": [24.25, 1], "uv_size": [-0.25, 0.25]},
								"south": {"uv": [1.25, 24], "uv_size": [-0.25, 0.25]},
								"west": {"uv": [24.25, 0], "uv_size": [-0.25, 0.25]},
								"down": {"uv": [2.25, 24.25], "uv_size": [-0.25, -0.25]}
							}
						},
						{
							"origin": [-0.025, -2.11483, -1.08556],
							"size": [0.05, 0.2, 0.05],
							"pivot": [0, -2.02108, -1.04806],
							"rotation": [-22.5, 0, 0],
							"uv": {
								"north": {"uv": [24.25, 2], "uv_size": [-0.25, 0.25]},
								"east": {"uv": [4.25, 24], "uv_size": [-0.25, 0.25]},
								"south": {"uv": [24.25, 3], "uv_size": [-0.25, 0.25]},
								"west": {"uv": [3.25, 24], "uv_size": [-0.25, 0.25]},
								"down": {"uv": [24.25, 4.25], "uv_size": [-0.25, -0.25]}
							}
						},
						{
							"origin": [-0.05, -1.95233, -3.53556],
							"size": [0.1, 0.1375, 0.1125],
							"pivot": [0, -2.02108, -3.43556],
							"rotation": [-22.5, 0, 0],
							"uv": {
								"east": {"uv": [6.25, 24], "uv_size": [-0.25, 0.25]},
								"south": {"uv": [24.25, 5], "uv_size": [-0.25, 0.25]},
								"west": {"uv": [5.25, 24], "uv_size": [-0.25, 0.25]},
								"down": {"uv": [24.25, 6.25], "uv_size": [-0.25, -0.25]}
							}
						},
						{
							"origin": [-0.05, -1.91483, -2.73556],
							"size": [0.1, 0.1, 0.05],
							"pivot": [0, -2.02108, -2.69806],
							"rotation": [-22.5, 0, 0],
							"uv": {
								"north": {"uv": [7.25, 24], "uv_size": [-0.25, 0.25]},
								"east": {"uv": [24.25, 8], "uv_size": [-0.25, 0.25]},
								"south": {"uv": [8.25, 24], "uv_size": [-0.25, 0.25]},
								"west": {"uv": [24.25, 7], "uv_size": [-0.25, 0.25]},
								"down": {"uv": [9.25, 24.25], "uv_size": [-0.25, -0.25]}
							}
						},
						{
							"origin": [-0.05, -1.91483, -2.88556],
							"size": [0.1, 0.1, 0.05],
							"pivot": [0, -2.02108, -2.84806],
							"rotation": [-22.5, 0, 0],
							"uv": {
								"north": {"uv": [24.25, 9], "uv_size": [-0.25, 0.25]},
								"east": {"uv": [11.25, 24], "uv_size": [-0.25, 0.25]},
								"south": {"uv": [24.25, 10], "uv_size": [-0.25, 0.25]},
								"west": {"uv": [10.25, 24], "uv_size": [-0.25, 0.25]},
								"down": {"uv": [24.25, 11.25], "uv_size": [-0.25, -0.25]}
							}
						},
						{
							"origin": [-0.05, -1.91483, -3.03556],
							"size": [0.1, 0.1, 0.05],
							"pivot": [0, -2.02108, -2.99806],
							"rotation": [-22.5, 0, 0],
							"uv": {
								"north": {"uv": [12.25, 24], "uv_size": [-0.25, 0.25]},
								"east": {"uv": [24.25, 13], "uv_size": [-0.25, 0.25]},
								"south": {"uv": [13.25, 24], "uv_size": [-0.25, 0.25]},
								"west": {"uv": [24.25, 12], "uv_size": [-0.25, 0.25]},
								"down": {"uv": [14.25, 24.25], "uv_size": [-0.25, -0.25]}
							}
						},
						{
							"origin": [-0.05, -1.91483, -3.18556],
							"size": [0.1, 0.1, 0.05],
							"pivot": [0, -2.02108, -3.14806],
							"rotation": [-22.5, 0, 0],
							"uv": {
								"north": {"uv": [24.25, 14], "uv_size": [-0.25, 0.25]},
								"east": {"uv": [16.25, 24], "uv_size": [-0.25, 0.25]},
								"south": {"uv": [24.25, 15], "uv_size": [-0.25, 0.25]},
								"west": {"uv": [15.25, 24], "uv_size": [-0.25, 0.25]},
								"down": {"uv": [24.25, 16.25], "uv_size": [-0.25, -0.25]}
							}
						},
						{
							"origin": [-0.05, -1.91483, -3.33556],
							"size": [0.1, 0.1, 0.05],
							"pivot": [0, -2.02108, -3.29806],
							"rotation": [-22.5, 0, 0],
							"uv": {
								"north": {"uv": [17.25, 24], "uv_size": [-0.25, 0.25]},
								"east": {"uv": [24.25, 18], "uv_size": [-0.25, 0.25]},
								"south": {"uv": [18.25, 24], "uv_size": [-0.25, 0.25]},
								"west": {"uv": [24.25, 17], "uv_size": [-0.25, 0.25]},
								"down": {"uv": [19.25, 24.25], "uv_size": [-0.25, -0.25]}
							}
						},
						{
							"origin": [-0.05, -1.91483, -1.98556],
							"size": [0.1, 0.1, 0.05],
							"pivot": [0, -2.02108, -1.94806],
							"rotation": [-22.5, 0, 0],
							"uv": {
								"north": {"uv": [24.25, 19], "uv_size": [-0.25, 0.25]},
								"east": {"uv": [21.25, 24], "uv_size": [-0.25, 0.25]},
								"south": {"uv": [24.25, 20], "uv_size": [-0.25, 0.25]},
								"west": {"uv": [20.25, 24], "uv_size": [-0.25, 0.25]},
								"down": {"uv": [24.25, 21.25], "uv_size": [-0.25, -0.25]}
							}
						},
						{
							"origin": [-0.05, -1.91483, -2.13556],
							"size": [0.1, 0.1, 0.05],
							"pivot": [0, -2.02108, -2.09806],
							"rotation": [-22.5, 0, 0],
							"uv": {
								"north": {"uv": [22.25, 24], "uv_size": [-0.25, 0.25]},
								"east": {"uv": [24.25, 23], "uv_size": [-0.25, 0.25]},
								"south": {"uv": [23.25, 24], "uv_size": [-0.25, 0.25]},
								"west": {"uv": [24.25, 22], "uv_size": [-0.25, 0.25]},
								"down": {"uv": [24.25, 24.25], "uv_size": [-0.25, -0.25]}
							}
						},
						{
							"origin": [-0.05, -1.91483, -2.28556],
							"size": [0.1, 0.1, 0.05],
							"pivot": [0, -2.02108, -2.24806],
							"rotation": [-22.5, 0, 0],
							"uv": {
								"north": {"uv": [0.25, 25], "uv_size": [-0.25, 0.25]},
								"east": {"uv": [25.25, 1], "uv_size": [-0.25, 0.25]},
								"south": {"uv": [1.25, 25], "uv_size": [-0.25, 0.25]},
								"west": {"uv": [25.25, 0], "uv_size": [-0.25, 0.25]},
								"down": {"uv": [2.25, 25.25], "uv_size": [-0.25, -0.25]}
							}
						},
						{
							"origin": [-0.05, -1.91483, -2.43556],
							"size": [0.1, 0.1, 0.05],
							"pivot": [0, -2.02108, -2.39806],
							"rotation": [-22.5, 0, 0],
							"uv": {
								"north": {"uv": [25.25, 2], "uv_size": [-0.25, 0.25]},
								"east": {"uv": [4.25, 25], "uv_size": [-0.25, 0.25]},
								"south": {"uv": [25.25, 3], "uv_size": [-0.25, 0.25]},
								"west": {"uv": [3.25, 25], "uv_size": [-0.25, 0.25]},
								"down": {"uv": [25.25, 4.25], "uv_size": [-0.25, -0.25]}
							}
						},
						{
							"origin": [-0.05, -1.91483, -2.58556],
							"size": [0.1, 0.1, 0.05],
							"pivot": [0, -2.02108, -2.54806],
							"rotation": [-22.5, 0, 0],
							"uv": {
								"north": {"uv": [5.25, 25], "uv_size": [-0.25, 0.25]},
								"east": {"uv": [25.25, 6], "uv_size": [-0.25, 0.25]},
								"south": {"uv": [6.25, 25], "uv_size": [-0.25, 0.25]},
								"west": {"uv": [25.25, 5], "uv_size": [-0.25, 0.25]},
								"down": {"uv": [7.25, 25.25], "uv_size": [-0.25, -0.25]}
							}
						},
						{
							"origin": [-0.05, -1.91483, -1.23556],
							"size": [0.1, 0.1, 0.05],
							"pivot": [0, -2.02108, -1.19806],
							"rotation": [-22.5, 0, 0],
							"uv": {
								"north": {"uv": [25.25, 7], "uv_size": [-0.25, 0.25]},
								"east": {"uv": [9.25, 25], "uv_size": [-0.25, 0.25]},
								"south": {"uv": [25.25, 8], "uv_size": [-0.25, 0.25]},
								"west": {"uv": [8.25, 25], "uv_size": [-0.25, 0.25]},
								"down": {"uv": [25.25, 9.25], "uv_size": [-0.25, -0.25]}
							}
						},
						{
							"origin": [-0.05, -1.91483, -1.38556],
							"size": [0.1, 0.1, 0.05],
							"pivot": [0, -2.02108, -1.34806],
							"rotation": [-22.5, 0, 0],
							"uv": {
								"north": {"uv": [10.25, 25], "uv_size": [-0.25, 0.25]},
								"east": {"uv": [25.25, 11], "uv_size": [-0.25, 0.25]},
								"south": {"uv": [11.25, 25], "uv_size": [-0.25, 0.25]},
								"west": {"uv": [25.25, 10], "uv_size": [-0.25, 0.25]},
								"down": {"uv": [12.25, 25.25], "uv_size": [-0.25, -0.25]}
							}
						},
						{
							"origin": [-0.05, -1.91483, -1.53556],
							"size": [0.1, 0.1, 0.05],
							"pivot": [0, -2.02108, -1.49806],
							"rotation": [-22.5, 0, 0],
							"uv": {
								"north": {"uv": [25.25, 12], "uv_size": [-0.25, 0.25]},
								"east": {"uv": [14.25, 25], "uv_size": [-0.25, 0.25]},
								"south": {"uv": [25.25, 13], "uv_size": [-0.25, 0.25]},
								"west": {"uv": [13.25, 25], "uv_size": [-0.25, 0.25]},
								"down": {"uv": [25.25, 14.25], "uv_size": [-0.25, -0.25]}
							}
						},
						{
							"origin": [-0.05, -1.91483, -1.68556],
							"size": [0.1, 0.1, 0.05],
							"pivot": [0, -2.02108, -1.64806],
							"rotation": [-22.5, 0, 0],
							"uv": {
								"north": {"uv": [15.25, 25], "uv_size": [-0.25, 0.25]},
								"east": {"uv": [25.25, 16], "uv_size": [-0.25, 0.25]},
								"south": {"uv": [16.25, 25], "uv_size": [-0.25, 0.25]},
								"west": {"uv": [25.25, 15], "uv_size": [-0.25, 0.25]},
								"down": {"uv": [17.25, 25.25], "uv_size": [-0.25, -0.25]}
							}
						},
						{
							"origin": [-0.05, -1.91483, -1.83556],
							"size": [0.1, 0.1, 0.05],
							"pivot": [0, -2.02108, -1.79806],
							"rotation": [-22.5, 0, 0],
							"uv": {
								"north": {"uv": [25.25, 17], "uv_size": [-0.25, 0.25]},
								"east": {"uv": [19.25, 25], "uv_size": [-0.25, 0.25]},
								"south": {"uv": [25.25, 18], "uv_size": [-0.25, 0.25]},
								"west": {"uv": [18.25, 25], "uv_size": [-0.25, 0.25]},
								"down": {"uv": [25.25, 19.25], "uv_size": [-0.25, -0.25]}
							}
						},
						{
							"origin": [-0.05, -1.91483, -0.63556],
							"size": [0.1, 0.1, 0.05],
							"pivot": [0, -2.02108, -0.59806],
							"rotation": [-22.5, 0, 0],
							"uv": {
								"north": {"uv": [20.25, 25], "uv_size": [-0.25, 0.25]},
								"east": {"uv": [25.25, 21], "uv_size": [-0.25, 0.25]},
								"south": {"uv": [21.25, 25], "uv_size": [-0.25, 0.25]},
								"west": {"uv": [25.25, 20], "uv_size": [-0.25, 0.25]},
								"down": {"uv": [22.25, 25.25], "uv_size": [-0.25, -0.25]}
							}
						},
						{
							"origin": [-0.05, -1.91483, -0.78556],
							"size": [0.1, 0.1, 0.05],
							"pivot": [0, -2.02108, -0.74806],
							"rotation": [-22.5, 0, 0],
							"uv": {
								"north": {"uv": [25.25, 22], "uv_size": [-0.25, 0.25]},
								"east": {"uv": [24.25, 25], "uv_size": [-0.25, 0.25]},
								"south": {"uv": [25.25, 23], "uv_size": [-0.25, 0.25]},
								"west": {"uv": [23.25, 25], "uv_size": [-0.25, 0.25]},
								"down": {"uv": [25.25, 24.25], "uv_size": [-0.25, -0.25]}
							}
						},
						{
							"origin": [-0.05, -1.91483, -0.93556],
							"size": [0.1, 0.1, 0.05],
							"pivot": [0, -2.02108, -0.89806],
							"rotation": [-22.5, 0, 0],
							"uv": {
								"north": {"uv": [25.25, 25], "uv_size": [-0.25, 0.25]},
								"east": {"uv": [1.25, 26], "uv_size": [-0.25, 0.25]},
								"south": {"uv": [26.25, 0], "uv_size": [-0.25, 0.25]},
								"west": {"uv": [0.25, 26], "uv_size": [-0.25, 0.25]},
								"down": {"uv": [26.25, 1.25], "uv_size": [-0.25, -0.25]}
							}
						},
						{
							"origin": [-0.05, -1.91483, -1.08556],
							"size": [0.1, 0.1, 0.05],
							"pivot": [0, -2.02108, -1.04806],
							"rotation": [-22.5, 0, 0],
							"uv": {
								"north": {"uv": [2.25, 26], "uv_size": [-0.25, 0.25]},
								"east": {"uv": [26.25, 3], "uv_size": [-0.25, 0.25]},
								"south": {"uv": [3.25, 26], "uv_size": [-0.25, 0.25]},
								"west": {"uv": [26.25, 2], "uv_size": [-0.25, 0.25]},
								"down": {"uv": [4.25, 26.25], "uv_size": [-0.25, -0.25]}
							}
						}
					]
				}
			]
		}
	]
}