{
	"format_version": "1.12.0",
	"minecraft:geometry": [
		{
			"description": {
				"identifier": "geometry.buttstock_mxm",
				"texture_width": 64,
				"texture_height": 64,
				"visible_bounds_width": 6,
				"visible_bounds_height": 4,
				"visible_bounds_offset": [0, 1, 0]
			},
			"bones": [
				{
					"name": "MaximDefense_Housing_Gen6",
					"pivot": [0, 0, 0],
					"cubes": [
						{
							"origin": [-0.6875, -0.2875, -0.2375],
							"size": [1.375, 0.575, 3.5],
							"uv": {
								"east": {"uv": [32, 23], "uv_size": [3.5, 0.5]},
								"south": {"uv": [44, 20], "uv_size": [1.5, 0.5]},
								"west": {"uv": [32, 24], "uv_size": [3.5, 0.5]}
							}
						},
						{
							"origin": [-0.8125, -0.25, -0.175],
							"size": [1.625, 0.5, 0.125],
							"uv": {
								"east": {"uv": [8, 54], "uv_size": [0.5, 0.5]},
								"south": {"uv": [44, 22], "uv_size": [1.5, 0.5]},
								"west": {"uv": [54, 8], "uv_size": [0.5, 0.5]},
								"up": {"uv": [44, 23], "uv_size": [1.5, 0.5]},
								"down": {"uv": [44, 24.5], "uv_size": [1.5, -0.5]}
							}
						},
						{
							"origin": [-0.2875, -0.6875, -0.2375],
							"size": [0.575, 1.375, 3.5],
							"uv": {
								"south": {"uv": [44, 25], "uv_size": [0.5, 1.5]},
								"up": {"uv": [20, 32], "uv_size": [0.5, 3.5]},
								"down": {"uv": [21, 35.5], "uv_size": [0.5, -3.5]}
							}
						},
						{
							"origin": [-0.25, -0.8125, -0.175],
							"size": [0.5, 1.625, 0.125],
							"pivot": [0, 0, -0.14375],
							"rotation": [0, 0, 45],
							"uv": {
								"east": {"uv": [44, 29], "uv_size": [0.5, 1.5]},
								"south": {"uv": [31, 44], "uv_size": [0.5, 1.5]},
								"west": {"uv": [44, 31], "uv_size": [0.5, 1.5]},
								"up": {"uv": [9, 54], "uv_size": [0.5, 0.5]},
								"down": {"uv": [54, 9.5], "uv_size": [0.5, -0.5]}
							}
						},
						{
							"origin": [-0.25, -0.8125, -0.175],
							"size": [0.5, 1.625, 0.125],
							"pivot": [0, 0, -0.14375],
							"rotation": [0, 0, -45],
							"uv": {
								"east": {"uv": [44, 33], "uv_size": [0.5, 1.5]},
								"south": {"uv": [35, 44], "uv_size": [0.5, 1.5]},
								"west": {"uv": [44, 35], "uv_size": [0.5, 1.5]},
								"up": {"uv": [10, 54], "uv_size": [0.5, 0.5]},
								"down": {"uv": [54, 10.5], "uv_size": [0.5, -0.5]}
							}
						},
						{
							"origin": [-0.25, -0.8125, -0.175],
							"size": [0.5, 1.625, 0.125],
							"uv": {
								"east": {"uv": [36, 44], "uv_size": [0.5, 1.5]},
								"south": {"uv": [37, 44], "uv_size": [0.5, 1.5]},
								"west": {"uv": [44, 37], "uv_size": [0.5, 1.5]},
								"up": {"uv": [11, 54], "uv_size": [0.5, 0.5]},
								"down": {"uv": [54, 11.5], "uv_size": [0.5, -0.5]}
							}
						},
						{
							"origin": [-0.8125, -0.3366, -0.8],
							"size": [1.625, 0.6732, 0.625],
							"uv": {
								"north": {"uv": [44, 27], "uv_size": [1.5, 0.5]},
								"east": {"uv": [12, 54], "uv_size": [0.5, 0.5]},
								"south": {"uv": [38, 44], "uv_size": [1.5, 0.5]},
								"west": {"uv": [54, 12], "uv_size": [0.5, 0.5]}
							}
						},
						{
							"origin": [-0.3366, -0.8125, -0.8],
							"size": [0.6732, 1.625, 0.625],
							"uv": {
								"north": {"uv": [44, 39], "uv_size": [0.5, 1.5]},
								"south": {"uv": [41, 44], "uv_size": [0.5, 1.5]},
								"up": {"uv": [13, 54], "uv_size": [0.5, 0.5]},
								"down": {"uv": [54, 13.5], "uv_size": [0.5, -0.5]}
							}
						},
						{
							"origin": [-0.3314, -0.8, -3.05],
							"size": [0.6628, 1.6, 2.25],
							"uv": {
								"north": {"uv": [42, 44], "uv_size": [0.5, 1.5]},
								"south": {"uv": [43, 44], "uv_size": [0.5, 1.5]},
								"up": {"uv": [28, 37], "uv_size": [0.5, 2.5]},
								"down": {"uv": [31, 39.5], "uv_size": [0.5, -2.5]}
							}
						},
						{
							"origin": [-0.3314, -0.8, -3.05],
							"size": [0.6628, 1.6, 2.25],
							"pivot": [0, 0, -0.2375],
							"rotation": [0, 0, 45],
							"uv": {
								"north": {"uv": [44, 44], "uv_size": [0.5, 1.5]},
								"south": {"uv": [0, 45], "uv_size": [0.5, 1.5]},
								"up": {"uv": [32, 37], "uv_size": [0.5, 2.5]},
								"down": {"uv": [37, 36.5], "uv_size": [0.5, -2.5]}
							}
						},
						{
							"origin": [-0.3314, -0.8, -3.05],
							"size": [0.6628, 1.6, 2.25],
							"pivot": [0, 0, -0.2375],
							"rotation": [0, 0, -45],
							"uv": {
								"north": {"uv": [1, 45], "uv_size": [0.5, 1.5]},
								"south": {"uv": [45, 2], "uv_size": [0.5, 1.5]},
								"up": {"uv": [37, 37], "uv_size": [0.5, 2.5]},
								"down": {"uv": [38, 2.5], "uv_size": [0.5, -2.5]}
							}
						},
						{
							"origin": [-0.3314, -0.8, -3.05],
							"size": [0.6628, 1.6, 2.25],
							"pivot": [0, 0, -0.2375],
							"rotation": [0, 0, 90],
							"uv": {
								"north": {"uv": [3, 45], "uv_size": [0.5, 1.5]},
								"south": {"uv": [4, 45], "uv_size": [0.5, 1.5]},
								"up": {"uv": [1, 38], "uv_size": [0.5, 2.5]},
								"down": {"uv": [2, 40.5], "uv_size": [0.5, -2.5]}
							}
						},
						{
							"origin": [-0.3366, -0.8125, -0.8],
							"size": [0.6732, 1.625, 0.625],
							"pivot": [0, 0, -0.55],
							"rotation": [0, 0, 45],
							"uv": {
								"north": {"uv": [5, 45], "uv_size": [0.5, 1.5]},
								"south": {"uv": [6, 45], "uv_size": [0.5, 1.5]},
								"up": {"uv": [14, 54], "uv_size": [0.5, 0.5]},
								"down": {"uv": [54, 14.5], "uv_size": [0.5, -0.5]}
							}
						},
						{
							"origin": [-0.3366, -0.8125, -0.8],
							"size": [0.6732, 1.625, 0.625],
							"pivot": [0, 0, -0.55],
							"rotation": [0, 0, -45],
							"uv": {
								"north": {"uv": [7, 45], "uv_size": [0.5, 1.5]},
								"south": {"uv": [45, 7], "uv_size": [0.5, 1.5]},
								"up": {"uv": [15, 54], "uv_size": [0.5, 0.5]},
								"down": {"uv": [54, 15.5], "uv_size": [0.5, -0.5]}
							}
						},
						{
							"origin": [-0.28284, -0.68943, -0.2375],
							"size": [0.56569, 1.37886, 3.5],
							"pivot": [0, 0, 1.825],
							"rotation": [0, 0, 45],
							"uv": {
								"south": {"uv": [45, 9], "uv_size": [0.5, 1.5]},
								"up": {"uv": [23, 32], "uv_size": [0.5, 3.5]},
								"down": {"uv": [24, 35.5], "uv_size": [0.5, -3.5]}
							}
						},
						{
							"origin": [-0.28284, -0.68943, -0.2375],
							"size": [0.56569, 1.37886, 3.5],
							"pivot": [0, 0, 1.825],
							"rotation": [0, 0, -45],
							"uv": {
								"south": {"uv": [45, 11], "uv_size": [0.5, 1.5]},
								"up": {"uv": [29, 32], "uv_size": [0.5, 3.5]},
								"down": {"uv": [30, 35.5], "uv_size": [0.5, -3.5]}
							}
						},
						{
							"origin": [-0.55, -1.4, -0.85],
							"size": [1.1, 0.2875, 0.625],
							"uv": {
								"north": {"uv": [8, 50], "uv_size": [1, 0.5]},
								"east": {"uv": [16, 54], "uv_size": [0.5, 0.5]},
								"south": {"uv": [50, 8], "uv_size": [1, 0.5]},
								"west": {"uv": [54, 16], "uv_size": [0.5, 0.5]},
								"down": {"uv": [9, 50.5], "uv_size": [1, -0.5]}
							}
						},
						{
							"origin": [-0.87201, -1.1125, -1.175],
							"size": [1.74402, 0.5625, 0.95],
							"uv": {
								"south": {"uv": [45, 4], "uv_size": [1.5, 0.5]},
								"up": {"uv": [33, 28], "uv_size": [1.5, 1]},
								"down": {"uv": [33, 31], "uv_size": [1.5, -1]}
							}
						},
						{
							"origin": [-1.17626, -1.39935, -3.05],
							"size": [0.2, 0.46191, 0.5],
							"pivot": [0, 0, -0.2375],
							"rotation": [0, 0, -30],
							"uv": {
								"north": {"uv": [17, 54], "uv_size": [0.5, 0.5]},
								"east": {"uv": [54, 17], "uv_size": [0.5, 0.5]},
								"south": {"uv": [18, 54], "uv_size": [0.5, 0.5]}
							}
						},
						{
							"origin": [0.97626, -1.39935, -3.05],
							"size": [0.2, 0.46191, 0.5],
							"pivot": [0, 0, -0.2375],
							"rotation": [0, 0, 30],
							"uv": {
								"north": {"uv": [54, 18], "uv_size": [0.5, 0.5]},
								"south": {"uv": [19, 54], "uv_size": [0.5, 0.5]},
								"west": {"uv": [54, 19], "uv_size": [0.5, 0.5]}
							}
						},
						{
							"origin": [-0.319, -1.8, -3.05],
							"size": [0.638, 0.4, 0.5],
							"uv": {
								"north": {"uv": [20, 54], "uv_size": [0.5, 0.5]},
								"down": {"uv": [54, 20.5], "uv_size": [0.5, -0.5]}
							}
						},
						{
							"origin": [-0.319, 0.36239, -3.14547],
							"size": [0.638, 0.28284, 0.56569],
							"pivot": [0, 0, -0.2375],
							"rotation": [45, 0, 0],
							"uv": {
								"east": {"uv": [21, 54], "uv_size": [0.5, 0.5]},
								"west": {"uv": [54, 21], "uv_size": [0.5, 0.5]},
								"down": {"uv": [22, 54.5], "uv_size": [0.5, -0.5]}
							}
						},
						{
							"origin": [-0.55, -1.4, -3.05],
							"size": [1.1, 0.85, 1.875],
							"uv": {
								"north": {"uv": [40, 2], "uv_size": [1, 1]},
								"east": {"uv": [30, 23], "uv_size": [2, 1]},
								"south": {"uv": [5, 40], "uv_size": [1, 1]},
								"west": {"uv": [27, 30], "uv_size": [2, 1]},
								"down": {"uv": [24, 32], "uv_size": [1, -2]}
							}
						},
						{
							"origin": [-0.45, -1.4, -1.175],
							"size": [1, 0.2875, 0.1625],
							"uv": {
								"north": {"uv": [50, 10], "uv_size": [1, 0.5]},
								"east": {"uv": [54, 22], "uv_size": [0.5, 0.5]},
								"south": {"uv": [50, 11], "uv_size": [1, 0.5]},
								"west": {"uv": [23, 54], "uv_size": [0.5, 0.5]},
								"up": {"uv": [12, 50], "uv_size": [1, 0.5]},
								"down": {"uv": [50, 13.5], "uv_size": [1, -0.5]}
							}
						},
						{
							"origin": [0.425, -2.025, -1.175],
							"size": [0.125, 0.625, 0.1625],
							"uv": {
								"north": {"uv": [54, 23], "uv_size": [0.5, 0.5]},
								"east": {"uv": [24, 54], "uv_size": [0.5, 0.5]},
								"south": {"uv": [54, 24], "uv_size": [0.5, 0.5]},
								"west": {"uv": [25, 54], "uv_size": [0.5, 0.5]},
								"down": {"uv": [54, 25.5], "uv_size": [0.5, -0.5]}
							}
						},
						{
							"origin": [0.55, -2.025, -1.6],
							"size": [0.125, 0.5, 0.75],
							"uv": {
								"north": {"uv": [26, 54], "uv_size": [0.5, 0.5]},
								"east": {"uv": [14, 50], "uv_size": [1, 0.5]},
								"south": {"uv": [54, 26], "uv_size": [0.5, 0.5]},
								"west": {"uv": [50, 14], "uv_size": [1, 0.5]},
								"up": {"uv": [15, 50], "uv_size": [0.5, 1]},
								"down": {"uv": [50, 16], "uv_size": [0.5, -1]}
							}
						},
						{
							"origin": [-0.55, -1.4, -1.0125],
							"size": [1, 0.2875, 0.1625],
							"uv": {
								"north": {"uv": [50, 16], "uv_size": [1, 0.5]},
								"east": {"uv": [27, 54], "uv_size": [0.5, 0.5]},
								"south": {"uv": [17, 50], "uv_size": [1, 0.5]},
								"west": {"uv": [54, 27], "uv_size": [0.5, 0.5]},
								"up": {"uv": [50, 17], "uv_size": [1, 0.5]},
								"down": {"uv": [18, 50.5], "uv_size": [1, -0.5]}
							}
						},
						{
							"origin": [-0.55, -1.75, -0.9875],
							"size": [0.125, 0.35, 0.125],
							"uv": {
								"north": {"uv": [28, 54], "uv_size": [0.5, 0.5]},
								"east": {"uv": [54, 28], "uv_size": [0.5, 0.5]},
								"south": {"uv": [29, 54], "uv_size": [0.5, 0.5]},
								"west": {"uv": [54, 29], "uv_size": [0.5, 0.5]},
								"down": {"uv": [30, 54.5], "uv_size": [0.5, -0.5]}
							}
						},
						{
							"origin": [-0.44893, -1.39946, -0.85],
							"size": [0.625, 0.16101, 0.625],
							"pivot": [0, 0, -0.2375],
							"rotation": [0, 0, 30],
							"uv": {
								"north": {"uv": [54, 30], "uv_size": [0.5, 0.5]},
								"south": {"uv": [31, 54], "uv_size": [0.5, 0.5]},
								"down": {"uv": [54, 31.5], "uv_size": [0.5, -0.5]}
							}
						},
						{
							"origin": [-0.44893, -1.39946, -1.175],
							"size": [0.25, 0.26926, 0.325],
							"pivot": [0, 0, -0.2375],
							"rotation": [0, 0, 30],
							"uv": {
								"down": {"uv": [32, 54.5], "uv_size": [0.5, -0.5]}
							}
						},
						{
							"origin": [-0.44893, -1.39946, -2.675],
							"size": [0.625, 0.26926, 1.5],
							"pivot": [0, 0, -0.2375],
							"rotation": [0, 0, 30],
							"uv": {
								"south": {"uv": [54, 32], "uv_size": [0.5, 0.5]},
								"down": {"uv": [13, 46.5], "uv_size": [0.5, -1.5]}
							}
						},
						{
							"origin": [-1.08851, -0.9875, -2.675],
							"size": [0.2165, 0.37504, 2.45],
							"uv": {
								"north": {"uv": [33, 54], "uv_size": [0.5, 0.5]},
								"east": {"uv": [37, 28], "uv_size": [2.5, 0.5]},
								"south": {"uv": [54, 33], "uv_size": [0.5, 0.5]}
							}
						},
						{
							"origin": [-0.17607, -1.39946, -0.85],
							"size": [0.625, 0.16101, 0.625],
							"pivot": [0, 0, -0.2375],
							"rotation": [0, 0, -30],
							"uv": {
								"north": {"uv": [34, 54], "uv_size": [0.5, 0.5]},
								"south": {"uv": [54, 34], "uv_size": [0.5, 0.5]},
								"down": {"uv": [35, 54.5], "uv_size": [0.5, -0.5]}
							}
						},
						{
							"origin": [0.19893, -1.39946, -1.175],
							"size": [0.25, 0.26926, 0.325],
							"pivot": [0, 0, -0.2375],
							"rotation": [0, 0, -30],
							"uv": {
								"down": {"uv": [54, 35.5], "uv_size": [0.5, -0.5]}
							}
						},
						{
							"origin": [-0.17607, -1.39946, -2.675],
							"size": [0.625, 0.26926, 1.5],
							"pivot": [0, 0, -0.2375],
							"rotation": [0, 0, -30],
							"uv": {
								"south": {"uv": [36, 54], "uv_size": [0.5, 0.5]},
								"down": {"uv": [45, 14.5], "uv_size": [0.5, -1.5]}
							}
						},
						{
							"origin": [0.87201, -0.9875, -2.675],
							"size": [0.2165, 0.37504, 2.45],
							"uv": {
								"north": {"uv": [54, 36], "uv_size": [0.5, 0.5]},
								"south": {"uv": [37, 54], "uv_size": [0.5, 0.5]},
								"west": {"uv": [37, 30], "uv_size": [2.5, 0.5]}
							}
						},
						{
							"origin": [-1.54871, -1.39946, -2.5729],
							"size": [0.71874, 0.65, 0.31249],
							"pivot": [0, 0, -0.2375],
							"rotation": [0, -30, -30],
							"uv": {
								"north": {"uv": [54, 37], "uv_size": [0.5, 0.5]},
								"down": {"uv": [38, 54.5], "uv_size": [0.5, -0.5]}
							}
						},
						{
							"origin": [0.71352, -0.61246, -1.55],
							"size": [0.37499, 0.5, 1.325],
							"pivot": [1.08851, -0.61246, -1.55],
							"rotation": [0, 0, -35],
							"uv": {
								"south": {"uv": [54, 38], "uv_size": [0.5, 0.5]},
								"west": {"uv": [14, 45], "uv_size": [1.5, 0.5]}
							}
						},
						{
							"origin": [1.01352, 0.12451, -3.05],
							"size": [0.07499, 0.25, 0.375],
							"pivot": [1.08851, -0.61246, -0.8],
							"rotation": [0, 0, -16.99698],
							"uv": {
								"north": {"uv": [39, 54], "uv_size": [0.5, 0.5]},
								"west": {"uv": [54, 39], "uv_size": [0.5, 0.5]}
							}
						},
						{
							"origin": [0.43559, -0.73458, -3.05],
							"size": [0.43749, 0.8269, 0.33422],
							"pivot": [0.87308, 0.09232, -3.05],
							"rotation": [26.96866, 0, -16.99698],
							"uv": {
								"north": {"uv": [50, 18], "uv_size": [0.5, 1]},
								"west": {"uv": [19, 50], "uv_size": [0.5, 1]}
							}
						},
						{
							"origin": [0.71352, -0.61246, -2.675],
							"size": [0.37499, 0.98698, 1.125],
							"pivot": [1.08851, -0.61246, -0.8],
							"rotation": [0, 0, -16.99698],
							"uv": {
								"south": {"uv": [50, 19], "uv_size": [0.5, 1]},
								"west": {"uv": [8, 40], "uv_size": [1, 1]}
							}
						},
						{
							"origin": [-1.08851, -0.61246, -2.675],
							"size": [0.37499, 0.98698, 1.125],
							"pivot": [-1.08851, -0.61246, -0.8],
							"rotation": [0, 0, 16.99698],
							"uv": {
								"east": {"uv": [9, 40], "uv_size": [1, 1]},
								"south": {"uv": [20, 50], "uv_size": [0.5, 1]}
							}
						},
						{
							"origin": [-0.87308, -0.73458, -3.05],
							"size": [0.43749, 0.8269, 0.33422],
							"pivot": [-0.87308, 0.09232, -3.05],
							"rotation": [26.96866, 0, 16.99698],
							"uv": {
								"north": {"uv": [50, 20], "uv_size": [0.5, 1]},
								"east": {"uv": [21, 50], "uv_size": [0.5, 1]}
							}
						},
						{
							"origin": [-1.08851, 0.12451, -3.05],
							"size": [0.07499, 0.25, 0.375],
							"pivot": [-1.08851, -0.61246, -0.8],
							"rotation": [0, 0, 16.99698],
							"uv": {
								"north": {"uv": [40, 54], "uv_size": [0.5, 0.5]},
								"east": {"uv": [54, 40], "uv_size": [0.5, 0.5]}
							}
						},
						{
							"origin": [-1.08851, -0.61246, -1.55],
							"size": [0.37499, 0.5, 1.325],
							"pivot": [-1.08851, -0.61246, -1.55],
							"rotation": [0, 0, 35],
							"uv": {
								"east": {"uv": [45, 16], "uv_size": [1.5, 0.5]},
								"south": {"uv": [41, 54], "uv_size": [0.5, 0.5]}
							}
						},
						{
							"origin": [0.82997, -1.39946, -2.5729],
							"size": [0.71874, 0.65, 0.31249],
							"pivot": [0, 0, -0.2375],
							"rotation": [0, 30, 30],
							"uv": {
								"north": {"uv": [54, 41], "uv_size": [0.5, 0.5]},
								"down": {"uv": [42, 54.5], "uv_size": [0.5, -0.5]}
							}
						}
					]
				},
				{
					"name": "MaximDefense_Gen6",
					"parent": "MaximDefense_Housing_Gen6",
					"pivot": [0, 0, 3.625],
					"cubes": [
						{
							"origin": [-0.3365, 0.6875, 2],
							"size": [0.673, 0.125, 3.5],
							"uv": {
								"north": {"uv": [54, 42], "uv_size": [0.5, 0.5]},
								"up": {"uv": [31, 32], "uv_size": [0.5, 3.5]},
								"down": {"uv": [32, 35.5], "uv_size": [0.5, -3.5]}
							}
						},
						{
							"origin": [-0.3365, 0.5625, 5.375],
							"size": [0.673, 0.25, 0.125],
							"uv": {
								"north": {"uv": [43, 54], "uv_size": [0.5, 0.5]},
								"south": {"uv": [54, 43], "uv_size": [0.5, 0.5]}
							}
						},
						{
							"origin": [-0.5, -3.55, 5.375],
							"size": [1, 2.1125, 0.125],
							"uv": {
								"north": {"uv": [29, 30], "uv_size": [1, 2]},
								"south": {"uv": [30, 30], "uv_size": [1, 2]}
							}
						},
						{
							"origin": [-0.5875, -1.4375, 5.375],
							"size": [1.175, 2, 0.125],
							"uv": {
								"north": {"uv": [8, 31], "uv_size": [1, 2]},
								"south": {"uv": [9, 31], "uv_size": [1, 2]}
							}
						},
						{
							"origin": [-0.5, -3.55, 5],
							"size": [1, 0.125, 0.5],
							"uv": {
								"north": {"uv": [50, 22], "uv_size": [1, 0.5]},
								"up": {"uv": [50, 23], "uv_size": [1, 0.5]},
								"down": {"uv": [25, 50.5], "uv_size": [1, -0.5]}
							}
						},
						{
							"origin": [-0.86484, -0.89993, 5.375],
							"size": [0.47879, 1.0061, 0.125],
							"pivot": [0, 0, 3.3875],
							"rotation": [0, 0, 16.75],
							"uv": {
								"north": {"uv": [26, 50], "uv_size": [0.5, 1]},
								"south": {"uv": [50, 26], "uv_size": [0.5, 1]}
							}
						},
						{
							"origin": [-1.28067, -2.8445, 5.375],
							"size": [0.48736, 2.125, 0.125],
							"pivot": [0, 0, 3.3875],
							"rotation": [0, 0, -12.9129],
							"uv": {
								"north": {"uv": [40, 11], "uv_size": [0.5, 2]},
								"south": {"uv": [40, 13], "uv_size": [0.5, 2]}
							}
						},
						{
							"origin": [-0.31582, 0.61208, 5.375],
							"size": [0.6524, 0.2, 0.125],
							"pivot": [0, 0, 3.3875],
							"rotation": [0, 0, -45],
							"uv": {
								"north": {"uv": [44, 54], "uv_size": [0.5, 0.5]},
								"south": {"uv": [54, 44], "uv_size": [0.5, 0.5]}
							}
						},
						{
							"origin": [-1.0875, -0.83, 3.75],
							"size": [0.5, 0.155, 0.125],
							"uv": {
								"east": {"uv": [45, 54], "uv_size": [0.5, 0.5]},
								"west": {"uv": [54, 45], "uv_size": [0.5, 0.5]}
							}
						},
						{
							"origin": [-1.0875, -1.15373, 3.1239],
							"size": [0.5, 0.4002, 0.09839],
							"pivot": [0, 0, 3.2625],
							"rotation": [38.6598, 0, 0],
							"uv": {
								"north": {"uv": [46, 54], "uv_size": [0.5, 0.5]},
								"east": {"uv": [54, 46], "uv_size": [0.5, 0.5]},
								"west": {"uv": [47, 54], "uv_size": [0.5, 0.5]}
							}
						},
						{
							"origin": [-1.0875, -0.675, 3.625],
							"size": [0.5, 0.0625, 0.25],
							"uv": {
								"north": {"uv": [54, 47], "uv_size": [0.5, 0.5]},
								"east": {"uv": [48, 54], "uv_size": [0.5, 0.5]},
								"west": {"uv": [54, 48], "uv_size": [0.5, 0.5]},
								"up": {"uv": [49, 54], "uv_size": [0.5, 0.5]}
							}
						},
						{
							"origin": [0.90663, -2.11867, 4.875],
							"size": [0.125, 0.8875, 0.16993],
							"pivot": [1.03163, -1.23117, 4.875],
							"rotation": [25, 0, 12.9129],
							"uv": {
								"north": {"uv": [50, 27], "uv_size": [0.5, 1]},
								"east": {"uv": [28, 50], "uv_size": [0.5, 1]},
								"west": {"uv": [50, 28], "uv_size": [0.5, 1]}
							}
						},
						{
							"origin": [0.90663, -1.4203, 4.1666],
							"size": [0.125, 0.18913, 0.1459],
							"pivot": [1.03163, -1.23117, 4.3125],
							"rotation": [-25, 0, 12.9129],
							"uv": {
								"east": {"uv": [54, 49], "uv_size": [0.5, 0.5]},
								"south": {"uv": [50, 54], "uv_size": [0.5, 0.5]},
								"west": {"uv": [54, 50], "uv_size": [0.5, 0.5]}
							}
						},
						{
							"origin": [-1.03163, -1.4203, 4.1666],
							"size": [0.125, 0.18913, 0.1459],
							"pivot": [-1.03163, -1.23117, 4.3125],
							"rotation": [-25, 0, -12.9129],
							"uv": {
								"east": {"uv": [51, 54], "uv_size": [0.5, 0.5]},
								"south": {"uv": [54, 51], "uv_size": [0.5, 0.5]},
								"west": {"uv": [52, 54], "uv_size": [0.5, 0.5]}
							}
						},
						{
							"origin": [-1.28067, -3.34849, 5],
							"size": [0.125, 0.50399, 0.5],
							"pivot": [0, 0, 3.3875],
							"rotation": [0, 0, -12.9129],
							"uv": {
								"east": {"uv": [54, 52], "uv_size": [0.5, 0.5]},
								"south": {"uv": [53, 54], "uv_size": [0.5, 0.5]},
								"west": {"uv": [54, 53], "uv_size": [0.5, 0.5]},
								"up": {"uv": [54, 54], "uv_size": [0.5, 0.5]}
							}
						},
						{
							"origin": [0.90663, -3.86275, 3.875],
							"size": [0.125, 2.63158, 0.25],
							"pivot": [1.03163, -1.23117, 3.875],
							"rotation": [25.30896, 0, 12.9129],
							"uv": {
								"north": {"uv": [3, 38], "uv_size": [0.5, 2.5]},
								"east": {"uv": [4, 38], "uv_size": [0.5, 2.5]},
								"south": {"uv": [38, 4], "uv_size": [0.5, 2.5]},
								"west": {"uv": [6, 38], "uv_size": [0.5, 2.5]}
							}
						},
						{
							"origin": [-1.28067, -0.9695, 3.875],
							"size": [0.125, 0.25, 1.375],
							"pivot": [0, 0, 3.2625],
							"rotation": [0, 0, -12.9129],
							"uv": {
								"north": {"uv": [0, 55], "uv_size": [0.5, 0.5]},
								"east": {"uv": [45, 17], "uv_size": [1.5, 0.5]},
								"west": {"uv": [18, 45], "uv_size": [1.5, 0.5]},
								"down": {"uv": [16, 46.5], "uv_size": [0.5, -1.5]}
							}
						},
						{
							"origin": [-1.28067, -2.8445, 5.25],
							"size": [0.125, 2.125, 0.25],
							"pivot": [0, 0, 3.3875],
							"rotation": [0, 0, -12.9129],
							"uv": {
								"north": {"uv": [14, 40], "uv_size": [0.5, 2]},
								"east": {"uv": [40, 15], "uv_size": [0.5, 2]},
								"west": {"uv": [40, 17], "uv_size": [0.5, 2]}
							}
						},
						{
							"origin": [-0.86484, -0.89993, 3.625],
							"size": [0.125, 0.0625, 1.475],
							"pivot": [0, 0, 3.2625],
							"rotation": [0, 0, 16.75],
							"uv": {
								"east": {"uv": [45, 21], "uv_size": [1.5, 0.5]},
								"west": {"uv": [23, 45], "uv_size": [1.5, 0.5]},
								"up": {"uv": [20, 45], "uv_size": [0.5, 1.5]}
							}
						},
						{
							"origin": [-0.31582, 0.68708, 2],
							"size": [0.6524, 0.12539, 3.5],
							"pivot": [0, 0, 3.3875],
							"rotation": [0, 0, -45],
							"uv": {
								"north": {"uv": [55, 0], "uv_size": [0.5, 0.5]},
								"east": {"uv": [32, 25], "uv_size": [3.5, 0.5]},
								"up": {"uv": [0, 33], "uv_size": [0.5, 3.5]},
								"down": {"uv": [1, 36.5], "uv_size": [0.5, -3.5]}
							}
						},
						{
							"origin": [-1.0875, -0.9875, 3.875],
							"size": [0.5, 0.375, 1.625],
							"uv": {
								"east": {"uv": [25, 45], "uv_size": [1.5, 0.5]},
								"south": {"uv": [1, 55], "uv_size": [0.5, 0.5]},
								"west": {"uv": [45, 25], "uv_size": [1.5, 0.5]},
								"up": {"uv": [27, 45], "uv_size": [0.5, 1.5]},
								"down": {"uv": [28, 46.5], "uv_size": [0.5, -1.5]}
							}
						},
						{
							"origin": [-0.86484, -0.45633, 2],
							"size": [0.125, 0.5625, 0.2],
							"pivot": [0, 0, 3.3875],
							"rotation": [0, 0, 16.75],
							"uv": {
								"north": {"uv": [55, 1], "uv_size": [0.5, 0.5]},
								"east": {"uv": [2, 55], "uv_size": [0.5, 0.5]},
								"south": {"uv": [55, 2], "uv_size": [0.5, 0.5]},
								"west": {"uv": [3, 55], "uv_size": [0.5, 0.5]}
							}
						},
						{
							"origin": [-1.28032, 0.18452, -5.125],
							"size": [0.375, 0.2166, 10.5],
							"pivot": [0, 0, 3.3875],
							"rotation": [0, 0, -60],
							"uv": {
								"north": {"uv": [55, 3], "uv_size": [0.5, 0.5]},
								"east": {"uv": [0, 18], "uv_size": [10.5, 0.5]},
								"west": {"uv": [11, 18], "uv_size": [10.5, 0.5]}
							}
						},
						{
							"origin": [0.10532, -1.20112, -5.125],
							"size": [0.375, 0.2166, 10.5],
							"pivot": [0, 0, 3.3875],
							"rotation": [0, 0, 60],
							"uv": {
								"north": {"uv": [4, 55], "uv_size": [0.5, 0.5]},
								"east": {"uv": [0, 19], "uv_size": [10.5, 0.5]},
								"west": {"uv": [11, 19], "uv_size": [10.5, 0.5]}
							}
						},
						{
							"origin": [-0.9875, -0.9083, -5.125],
							"size": [0.375, 0.2166, 10.5],
							"uv": {
								"north": {"uv": [55, 4], "uv_size": [0.5, 0.5]},
								"east": {"uv": [0, 20], "uv_size": [10.5, 0.5]},
								"west": {"uv": [11, 20], "uv_size": [10.5, 0.5]}
							}
						},
						{
							"origin": [0.38605, -0.89993, 5.375],
							"size": [0.47879, 1.0061, 0.125],
							"pivot": [0, 0, 3.3875],
							"rotation": [0, 0, -16.75],
							"uv": {
								"north": {"uv": [29, 50], "uv_size": [0.5, 1]},
								"south": {"uv": [50, 29], "uv_size": [0.5, 1]}
							}
						},
						{
							"origin": [0.79332, -2.8445, 5.375],
							"size": [0.48736, 2.125, 0.125],
							"pivot": [0, 0, 3.3875],
							"rotation": [0, 0, 12.9129],
							"uv": {
								"north": {"uv": [19, 40], "uv_size": [0.5, 2]},
								"south": {"uv": [40, 19], "uv_size": [0.5, 2]}
							}
						},
						{
							"origin": [-0.33658, 0.61208, 5.375],
							"size": [0.6524, 0.2, 0.125],
							"pivot": [0, 0, 3.3875],
							"rotation": [0, 0, 45],
							"uv": {
								"north": {"uv": [5, 55], "uv_size": [0.5, 0.5]},
								"south": {"uv": [55, 5], "uv_size": [0.5, 0.5]}
							}
						},
						{
							"origin": [0.5875, -0.83, 3.75],
							"size": [0.5, 0.155, 0.125],
							"uv": {
								"east": {"uv": [6, 55], "uv_size": [0.5, 0.5]},
								"west": {"uv": [55, 6], "uv_size": [0.5, 0.5]}
							}
						},
						{
							"origin": [0.5875, -1.15373, 3.1239],
							"size": [0.5, 0.4002, 0.09839],
							"pivot": [0, 0, 3.2625],
							"rotation": [38.6598, 0, 0],
							"uv": {
								"north": {"uv": [7, 55], "uv_size": [0.5, 0.5]},
								"east": {"uv": [55, 7], "uv_size": [0.5, 0.5]},
								"west": {"uv": [8, 55], "uv_size": [0.5, 0.5]}
							}
						},
						{
							"origin": [0.5875, -0.675, 3.625],
							"size": [0.5, 0.0625, 0.25],
							"uv": {
								"north": {"uv": [55, 8], "uv_size": [0.5, 0.5]},
								"east": {"uv": [9, 55], "uv_size": [0.5, 0.5]},
								"west": {"uv": [55, 9], "uv_size": [0.5, 0.5]},
								"up": {"uv": [10, 55], "uv_size": [0.5, 0.5]}
							}
						},
						{
							"origin": [1.15567, -3.34849, 5],
							"size": [0.125, 0.50399, 0.5],
							"pivot": [0, 0, 3.3875],
							"rotation": [0, 0, 12.9129],
							"uv": {
								"east": {"uv": [55, 10], "uv_size": [0.5, 0.5]},
								"south": {"uv": [11, 55], "uv_size": [0.5, 0.5]},
								"west": {"uv": [55, 11], "uv_size": [0.5, 0.5]},
								"up": {"uv": [12, 55], "uv_size": [0.5, 0.5]}
							}
						},
						{
							"origin": [1.15567, -0.9695, 3.875],
							"size": [0.125, 0.25, 1.375],
							"pivot": [0, 0, 3.2625],
							"rotation": [0, 0, 12.9129],
							"uv": {
								"north": {"uv": [55, 12], "uv_size": [0.5, 0.5]},
								"east": {"uv": [45, 26], "uv_size": [1.5, 0.5]},
								"west": {"uv": [45, 28], "uv_size": [1.5, 0.5]},
								"down": {"uv": [29, 46.5], "uv_size": [0.5, -1.5]}
							}
						},
						{
							"origin": [1.15567, -1.3716, 5.0625],
							"size": [0.125, 0.4021, 0.1875],
							"pivot": [0, 0, 3.2625],
							"rotation": [0, 0, 12.9129],
							"uv": {
								"north": {"uv": [13, 55], "uv_size": [0.5, 0.5]},
								"east": {"uv": [55, 13], "uv_size": [0.5, 0.5]},
								"west": {"uv": [14, 55], "uv_size": [0.5, 0.5]},
								"down": {"uv": [55, 14.5], "uv_size": [0.5, -0.5]}
							}
						},
						{
							"origin": [1.15567, -2.8445, 5.25],
							"size": [0.125, 2.125, 0.25],
							"pivot": [0, 0, 3.3875],
							"rotation": [0, 0, 12.9129],
							"uv": {
								"north": {"uv": [40, 21], "uv_size": [0.5, 2]},
								"east": {"uv": [22, 40], "uv_size": [0.5, 2]},
								"west": {"uv": [40, 24], "uv_size": [0.5, 2]}
							}
						},
						{
							"origin": [0.73019, -0.6109, 5.1],
							"size": [0.125, 0.77, 0.19569],
							"pivot": [0.85519, 0.15939, 5.1],
							"rotation": [-15, 0, -16.75],
							"uv": {
								"north": {"uv": [30, 50], "uv_size": [0.5, 1]},
								"east": {"uv": [50, 30], "uv_size": [0.5, 1]},
								"west": {"uv": [31, 50], "uv_size": [0.5, 1]}
							}
						},
						{
							"origin": [0.73984, -0.89993, 3.625],
							"size": [0.125, 0.0625, 1.475],
							"pivot": [0, 0, 3.2625],
							"rotation": [0, 0, -16.75],
							"uv": {
								"east": {"uv": [45, 29], "uv_size": [1.5, 0.5]},
								"west": {"uv": [45, 30], "uv_size": [1.5, 0.5]},
								"up": {"uv": [30, 45], "uv_size": [0.5, 1.5]}
							}
						},
						{
							"origin": [0.73984, -0.83743, 3.642],
							"size": [0.125, 0.0676, 0.2659],
							"pivot": [0, 0, 3.2625],
							"rotation": [0, 0, -16.75],
							"uv": {
								"east": {"uv": [15, 55], "uv_size": [0.5, 0.5]},
								"west": {"uv": [55, 15], "uv_size": [0.5, 0.5]}
							}
						},
						{
							"origin": [0.73984, -0.89993, 5.1],
							"size": [0.125, 1.0061, 0.4],
							"pivot": [0, 0, 3.3875],
							"rotation": [0, 0, -16.75],
							"uv": {
								"north": {"uv": [50, 31], "uv_size": [0.5, 1]},
								"east": {"uv": [32, 50], "uv_size": [0.5, 1]},
								"west": {"uv": [50, 32], "uv_size": [0.5, 1]}
							}
						},
						{
							"origin": [-0.86484, -0.89993, 5.1],
							"size": [0.125, 1.0061, 0.4],
							"pivot": [0, 0, 3.3875],
							"rotation": [0, 0, 16.75],
							"uv": {
								"north": {"uv": [33, 50], "uv_size": [0.5, 1]},
								"east": {"uv": [50, 33], "uv_size": [0.5, 1]},
								"west": {"uv": [34, 50], "uv_size": [0.5, 1]}
							}
						},
						{
							"origin": [-0.33658, 0.68708, 2],
							"size": [0.6524, 0.12539, 3.5],
							"pivot": [0, 0, 3.3875],
							"rotation": [0, 0, 45],
							"uv": {
								"north": {"uv": [16, 55], "uv_size": [0.5, 0.5]},
								"west": {"uv": [32, 26], "uv_size": [3.5, 0.5]},
								"up": {"uv": [2, 33], "uv_size": [0.5, 3.5]},
								"down": {"uv": [3, 36.5], "uv_size": [0.5, -3.5]}
							}
						},
						{
							"origin": [0.5875, -0.9875, 3.875],
							"size": [0.5, 0.375, 1.625],
							"uv": {
								"east": {"uv": [45, 31], "uv_size": [1.5, 0.5]},
								"south": {"uv": [55, 16], "uv_size": [0.5, 0.5]},
								"west": {"uv": [32, 45], "uv_size": [1.5, 0.5]},
								"up": {"uv": [45, 32], "uv_size": [0.5, 1.5]},
								"down": {"uv": [34, 46.5], "uv_size": [0.5, -1.5]}
							}
						},
						{
							"origin": [0.73984, -0.45633, 2],
							"size": [0.125, 0.5625, 0.2],
							"pivot": [0, 0, 3.3875],
							"rotation": [0, 0, -16.75],
							"uv": {
								"north": {"uv": [17, 55], "uv_size": [0.5, 0.5]},
								"east": {"uv": [55, 17], "uv_size": [0.5, 0.5]},
								"south": {"uv": [18, 55], "uv_size": [0.5, 0.5]},
								"west": {"uv": [55, 18], "uv_size": [0.5, 0.5]}
							}
						},
						{
							"origin": [0.9625, -0.6125, 1.94054],
							"size": [0.125, 0.2, 1.68446],
							"pivot": [1.0875, -0.6125, 3.625],
							"rotation": [-15.26861, 0, -16.75],
							"uv": {
								"east": {"uv": [45, 34], "uv_size": [1.5, 0.5]},
								"west": {"uv": [45, 35], "uv_size": [1.5, 0.5]},
								"up": {"uv": [45, 36], "uv_size": [0.5, 1.5]},
								"down": {"uv": [38, 46.5], "uv_size": [0.5, -1.5]}
							}
						},
						{
							"origin": [-1.28067, -1.3716, 5.0625],
							"size": [0.125, 0.4021, 0.1875],
							"pivot": [0, 0, 3.2625],
							"rotation": [0, 0, -12.9129],
							"uv": {
								"north": {"uv": [19, 55], "uv_size": [0.5, 0.5]},
								"east": {"uv": [55, 19], "uv_size": [0.5, 0.5]},
								"west": {"uv": [20, 55], "uv_size": [0.5, 0.5]},
								"down": {"uv": [55, 20.5], "uv_size": [0.5, -0.5]}
							}
						},
						{
							"origin": [-1.03163, -2.11867, 4.875],
							"size": [0.125, 0.8875, 0.16993],
							"pivot": [-1.03163, -1.23117, 4.875],
							"rotation": [25, 0, -12.9129],
							"uv": {
								"north": {"uv": [50, 34], "uv_size": [0.5, 1]},
								"east": {"uv": [35, 50], "uv_size": [0.5, 1]},
								"west": {"uv": [50, 35], "uv_size": [0.5, 1]}
							}
						},
						{
							"origin": [-1.03163, -3.86275, 3.875],
							"size": [0.125, 2.63158, 0.25],
							"pivot": [-1.03163, -1.23117, 3.875],
							"rotation": [25.30899, 0, -12.9129],
							"uv": {
								"north": {"uv": [7, 38], "uv_size": [0.5, 2.5]},
								"east": {"uv": [38, 12], "uv_size": [0.5, 2.5]},
								"south": {"uv": [38, 15], "uv_size": [0.5, 2.5]},
								"west": {"uv": [38, 18], "uv_size": [0.5, 2.5]}
							}
						},
						{
							"origin": [-0.85519, -0.6109, 5.1],
							"size": [0.125, 0.77, 0.19569],
							"pivot": [-0.85519, 0.15939, 5.1],
							"rotation": [-15, 0, 16.75],
							"uv": {
								"north": {"uv": [36, 50], "uv_size": [0.5, 1]},
								"east": {"uv": [50, 36], "uv_size": [0.5, 1]},
								"west": {"uv": [37, 50], "uv_size": [0.5, 1]}
							}
						},
						{
							"origin": [-1.0875, -0.47771, 3.625],
							"size": [0.125, 0.06521, 0.4954],
							"pivot": [-1.0875, -0.6125, 3.625],
							"rotation": [-15.26861, 0, 16.75],
							"uv": {
								"east": {"uv": [21, 55], "uv_size": [0.5, 0.5]},
								"west": {"uv": [55, 21], "uv_size": [0.5, 0.5]},
								"up": {"uv": [22, 55], "uv_size": [0.5, 0.5]}
							}
						},
						{
							"origin": [-0.86484, -0.83743, 3.642],
							"size": [0.125, 0.0676, 0.2659],
							"pivot": [0, 0, 3.2625],
							"rotation": [0, 0, 16.75],
							"uv": {
								"east": {"uv": [55, 22], "uv_size": [0.5, 0.5]},
								"west": {"uv": [23, 55], "uv_size": [0.5, 0.5]}
							}
						},
						{
							"origin": [-1.0875, -0.6125, 1.94054],
							"size": [0.125, 0.2, 1.68446],
							"pivot": [-1.0875, -0.6125, 3.625],
							"rotation": [-15.26861, 0, 16.75],
							"uv": {
								"east": {"uv": [45, 38], "uv_size": [1.5, 0.5]},
								"west": {"uv": [39, 45], "uv_size": [1.5, 0.5]},
								"up": {"uv": [45, 39], "uv_size": [0.5, 1.5]},
								"down": {"uv": [45, 42.5], "uv_size": [0.5, -1.5]}
							}
						},
						{
							"origin": [0.9625, -0.47771, 3.625],
							"size": [0.125, 0.06521, 0.4954],
							"pivot": [1.0875, -0.6125, 3.625],
							"rotation": [-15.26861, 0, -16.75],
							"uv": {
								"east": {"uv": [55, 23], "uv_size": [0.5, 0.5]},
								"west": {"uv": [24, 55], "uv_size": [0.5, 0.5]},
								"up": {"uv": [55, 24], "uv_size": [0.5, 0.5]}
							}
						},
						{
							"origin": [0.90532, 0.18452, -5.125],
							"size": [0.375, 0.2166, 10.5],
							"pivot": [0, 0, 3.3875],
							"rotation": [0, 0, 60],
							"uv": {
								"north": {"uv": [25, 55], "uv_size": [0.5, 0.5]},
								"east": {"uv": [0, 21], "uv_size": [10.5, 0.5]},
								"west": {"uv": [11, 21], "uv_size": [10.5, 0.5]}
							}
						},
						{
							"origin": [-0.48032, -1.20112, -5.125],
							"size": [0.375, 0.2166, 10.5],
							"pivot": [0, 0, 3.3875],
							"rotation": [0, 0, -60],
							"uv": {
								"north": {"uv": [55, 25], "uv_size": [0.5, 0.5]},
								"east": {"uv": [0, 22], "uv_size": [10.5, 0.5]},
								"west": {"uv": [22, 0], "uv_size": [10.5, 0.5]}
							}
						},
						{
							"origin": [0.6125, -0.9083, -5.125],
							"size": [0.375, 0.2166, 10.5],
							"uv": {
								"north": {"uv": [26, 55], "uv_size": [0.5, 0.5]},
								"east": {"uv": [22, 1], "uv_size": [10.5, 0.5]},
								"west": {"uv": [22, 2], "uv_size": [10.5, 0.5]}
							}
						}
					]
				}
			]
		}
	]
}