{
	"format_version": "1.12.0",
	"minecraft:geometry": [
		{
			"description": {
				"identifier": "geometry.buttstock_mxm",
				"texture_width": 64,
				"texture_height": 64,
				"visible_bounds_width": 6,
				"visible_bounds_height": 4,
				"visible_bounds_offset": [0, 1, 0]
			},
			"bones": [
				{
					"name": "MaximDefense_Housing_Gen7",
					"pivot": [0, 0, 0],
					"cubes": [
						{
							"origin": [-0.6875, -0.2875, -2.2875],
							"size": [1.375, 0.575, 5.6],
							"uv": {
								"east": {"uv": [8, 24], "uv_size": [5.5, 0.5]},
								"south": {"uv": [3, 47], "uv_size": [1.5, 0.5]},
								"west": {"uv": [14, 24], "uv_size": [5.5, 0.5]}
							}
						},
						{
							"origin": [-0.2875, -0.6875, -2.2875],
							"size": [0.575, 1.375, 5.6],
							"uv": {
								"south": {"uv": [47, 4], "uv_size": [0.5, 1.5]},
								"up": {"uv": [20, 24], "uv_size": [0.5, 5.5]},
								"down": {"uv": [21, 29.5], "uv_size": [0.5, -5.5]}
							}
						},
						{
							"origin": [-0.28284, -0.68943, -2.2875],
							"size": [0.56569, 1.37886, 5.6],
							"pivot": [0, 0, -0.225],
							"rotation": [0, 0, 45],
							"uv": {
								"south": {"uv": [5, 47], "uv_size": [0.5, 1.5]},
								"up": {"uv": [22, 24], "uv_size": [0.5, 5.5]},
								"down": {"uv": [23, 29.5], "uv_size": [0.5, -5.5]}
							}
						},
						{
							"origin": [-0.28284, -0.68943, -2.2875],
							"size": [0.56569, 1.37886, 5.6],
							"pivot": [0, 0, -0.225],
							"rotation": [0, 0, -45],
							"uv": {
								"south": {"uv": [6, 47], "uv_size": [0.5, 1.5]},
								"up": {"uv": [24, 24], "uv_size": [0.5, 5.5]},
								"down": {"uv": [8, 30.5], "uv_size": [0.5, -5.5]}
							}
						},
						{
							"origin": [-0.55, -1.4, -0.8375],
							"size": [1.1, 0.2875, 0.625],
							"uv": {
								"north": {"uv": [16, 51], "uv_size": [1, 0.5]},
								"east": {"uv": [50, 56], "uv_size": [0.5, 0.5]},
								"south": {"uv": [51, 16], "uv_size": [1, 0.5]},
								"west": {"uv": [56, 50], "uv_size": [0.5, 0.5]},
								"down": {"uv": [17, 51.5], "uv_size": [1, -0.5]}
							}
						},
						{
							"origin": [-0.35, -1.375, -0.2125],
							"size": [0.2, 0.2, 0.075],
							"pivot": [-0.25, -1.275, -0.175],
							"rotation": [0, 0, -45],
							"uv": {
								"east": {"uv": [60, 13], "uv_size": [0.5, 0.5]},
								"south": {"uv": [14, 60], "uv_size": [0.5, 0.5]},
								"west": {"uv": [60, 14], "uv_size": [0.5, 0.5]},
								"up": {"uv": [15, 60], "uv_size": [0.5, 0.5]},
								"down": {"uv": [60, 15.5], "uv_size": [0.5, -0.5]}
							}
						},
						{
							"origin": [0.15, -1.375, -0.2125],
							"size": [0.2, 0.2, 0.075],
							"pivot": [0.25, -1.275, -0.175],
							"rotation": [0, 0, -45],
							"uv": {
								"east": {"uv": [16, 60], "uv_size": [0.5, 0.5]},
								"south": {"uv": [60, 16], "uv_size": [0.5, 0.5]},
								"west": {"uv": [17, 60], "uv_size": [0.5, 0.5]},
								"up": {"uv": [60, 17], "uv_size": [0.5, 0.5]},
								"down": {"uv": [18, 60.5], "uv_size": [0.5, -0.5]}
							}
						},
						{
							"origin": [-0.87201, -1.1125, -1.1625],
							"size": [1.74402, 0.5625, 0.95],
							"uv": {
								"south": {"uv": [47, 6], "uv_size": [1.5, 0.5]},
								"up": {"uv": [35, 11], "uv_size": [1.5, 1]},
								"down": {"uv": [35, 13], "uv_size": [1.5, -1]}
							}
						},
						{
							"origin": [-0.375, -2.05, -0.4625],
							"size": [0.75, 0.65, 0.25],
							"uv": {
								"north": {"uv": [51, 17], "uv_size": [1, 0.5]},
								"south": {"uv": [18, 51], "uv_size": [1, 0.5]}
							}
						},
						{
							"origin": [0.72607, -1.88202, -0.4625],
							"size": [0.16898, 0.67315, 0.25],
							"pivot": [0, 0, -0.225],
							"rotation": [0, 0, 15.0684],
							"uv": {
								"north": {"uv": [51, 56], "uv_size": [0.5, 0.5]},
								"south": {"uv": [56, 51], "uv_size": [0.5, 0.5]},
								"west": {"uv": [52, 56], "uv_size": [0.5, 0.5]}
							}
						},
						{
							"origin": [-0.89505, -1.88202, -0.4625],
							"size": [0.16898, 0.67315, 0.25],
							"pivot": [0, 0, -0.225],
							"rotation": [0, 0, -15.0684],
							"uv": {
								"north": {"uv": [56, 52], "uv_size": [0.5, 0.5]},
								"east": {"uv": [53, 56], "uv_size": [0.5, 0.5]},
								"south": {"uv": [56, 53], "uv_size": [0.5, 0.5]}
							}
						},
						{
							"origin": [-0.175, -2.25, -0.4625],
							"size": [0.35, 0.2, 0.25],
							"uv": {
								"north": {"uv": [54, 56], "uv_size": [0.5, 0.5]},
								"south": {"uv": [56, 54], "uv_size": [0.5, 0.5]},
								"down": {"uv": [55, 56.5], "uv_size": [0.5, -0.5]}
							}
						},
						{
							"origin": [-1.46725, -1.71474, -0.4625],
							"size": [0.28284, 0.14142, 0.25],
							"pivot": [0, 0, -0.225],
							"rotation": [0, 0, -45],
							"uv": {
								"north": {"uv": [56, 55], "uv_size": [0.5, 0.5]},
								"south": {"uv": [56, 56], "uv_size": [0.5, 0.5]},
								"down": {"uv": [0, 57.5], "uv_size": [0.5, -0.5]}
							}
						},
						{
							"origin": [1.18441, -1.71474, -0.4625],
							"size": [0.28284, 0.14142, 0.25],
							"pivot": [0, 0, -0.225],
							"rotation": [0, 0, 45],
							"uv": {
								"north": {"uv": [57, 0], "uv_size": [0.5, 0.5]},
								"south": {"uv": [1, 57], "uv_size": [0.5, 0.5]},
								"down": {"uv": [57, 1.5], "uv_size": [0.5, -0.5]}
							}
						},
						{
							"origin": [-1.17626, -1.39935, -3.0375],
							"size": [0.2, 0.46191, 0.5],
							"pivot": [0, 0, -0.225],
							"rotation": [0, 0, -30],
							"uv": {
								"north": {"uv": [2, 57], "uv_size": [0.5, 0.5]},
								"east": {"uv": [57, 2], "uv_size": [0.5, 0.5]},
								"south": {"uv": [3, 57], "uv_size": [0.5, 0.5]}
							}
						},
						{
							"origin": [0.97626, -1.39935, -3.0375],
							"size": [0.2, 0.46191, 0.5],
							"pivot": [0, 0, -0.225],
							"rotation": [0, 0, 30],
							"uv": {
								"north": {"uv": [57, 3], "uv_size": [0.5, 0.5]},
								"south": {"uv": [4, 57], "uv_size": [0.5, 0.5]},
								"west": {"uv": [57, 4], "uv_size": [0.5, 0.5]}
							}
						},
						{
							"origin": [-0.319, -1.8, -3.0375],
							"size": [0.638, 0.4, 0.5],
							"uv": {
								"north": {"uv": [5, 57], "uv_size": [0.5, 0.5]},
								"down": {"uv": [57, 5.5], "uv_size": [0.5, -0.5]}
							}
						},
						{
							"origin": [-0.319, 0.36239, -3.13297],
							"size": [0.638, 0.28284, 0.56569],
							"pivot": [0, 0, -0.225],
							"rotation": [45, 0, 0],
							"uv": {
								"east": {"uv": [6, 57], "uv_size": [0.5, 0.5]},
								"west": {"uv": [57, 6], "uv_size": [0.5, 0.5]},
								"down": {"uv": [7, 57.5], "uv_size": [0.5, -0.5]}
							}
						},
						{
							"origin": [-0.5, 0.2, -3.0375],
							"size": [1, 0.6, 0.75],
							"uv": {
								"north": {"uv": [51, 18], "uv_size": [1, 0.5]},
								"south": {"uv": [19, 51], "uv_size": [1, 0.5]},
								"up": {"uv": [6, 41], "uv_size": [1, 1]}
							}
						},
						{
							"origin": [0.77783, -0.14143, -3.0375],
							"size": [0.14142, 0.28284, 0.3375],
							"pivot": [0, 0, -0.225],
							"rotation": [0, 0, 45],
							"uv": {
								"north": {"uv": [57, 7], "uv_size": [0.5, 0.5]},
								"west": {"uv": [8, 57], "uv_size": [0.5, 0.5]}
							}
						},
						{
							"origin": [-0.91925, -0.14143, -3.0375],
							"size": [0.14142, 0.28284, 0.3375],
							"pivot": [0, 0, -0.225],
							"rotation": [0, 0, -45],
							"uv": {
								"north": {"uv": [57, 8], "uv_size": [0.5, 0.5]},
								"east": {"uv": [9, 57], "uv_size": [0.5, 0.5]}
							}
						},
						{
							"origin": [-0.75, -0.55, -3.0375],
							"size": [1.5, 0.75, 0.75],
							"uv": {
								"north": {"uv": [35, 15], "uv_size": [1.5, 1]},
								"east": {"uv": [7, 41], "uv_size": [1, 1]},
								"west": {"uv": [41, 7], "uv_size": [1, 1]}
							}
						},
						{
							"origin": [-0.76922, -0.10385, -3.0375],
							"size": [0.24999, 0.65, 0.75],
							"pivot": [0, 0, -0.225],
							"rotation": [0, 0, 22.6198],
							"uv": {
								"north": {"uv": [57, 9], "uv_size": [0.5, 0.5]},
								"east": {"uv": [51, 19], "uv_size": [1, 0.5]},
								"south": {"uv": [10, 57], "uv_size": [0.5, 0.5]}
							}
						},
						{
							"origin": [-0.55, -1.4, -3.0375],
							"size": [1.1, 0.85, 1.875],
							"uv": {
								"north": {"uv": [8, 41], "uv_size": [1, 1]},
								"east": {"uv": [15, 31], "uv_size": [2, 1]},
								"south": {"uv": [9, 41], "uv_size": [1, 1]},
								"west": {"uv": [17, 31], "uv_size": [2, 1]},
								"down": {"uv": [19, 33], "uv_size": [1, -2]}
							}
						},
						{
							"origin": [-0.45, -1.4, -1.1625],
							"size": [1, 0.2875, 0.1625],
							"uv": {
								"north": {"uv": [20, 51], "uv_size": [1, 0.5]},
								"east": {"uv": [57, 10], "uv_size": [0.5, 0.5]},
								"south": {"uv": [51, 20], "uv_size": [1, 0.5]},
								"west": {"uv": [11, 57], "uv_size": [0.5, 0.5]},
								"up": {"uv": [21, 51], "uv_size": [1, 0.5]},
								"down": {"uv": [51, 21.5], "uv_size": [1, -0.5]}
							}
						},
						{
							"origin": [0.425, -2.025, -1.1625],
							"size": [0.125, 0.625, 0.1625],
							"uv": {
								"north": {"uv": [57, 11], "uv_size": [0.5, 0.5]},
								"east": {"uv": [12, 57], "uv_size": [0.5, 0.5]},
								"south": {"uv": [57, 12], "uv_size": [0.5, 0.5]},
								"west": {"uv": [13, 57], "uv_size": [0.5, 0.5]},
								"down": {"uv": [57, 13.5], "uv_size": [0.5, -0.5]}
							}
						},
						{
							"origin": [0.55, -2.025, -1.5875],
							"size": [0.125, 0.5, 0.75],
							"uv": {
								"north": {"uv": [14, 57], "uv_size": [0.5, 0.5]},
								"east": {"uv": [22, 51], "uv_size": [1, 0.5]},
								"south": {"uv": [57, 14], "uv_size": [0.5, 0.5]},
								"west": {"uv": [51, 22], "uv_size": [1, 0.5]},
								"up": {"uv": [23, 51], "uv_size": [0.5, 1]},
								"down": {"uv": [51, 24], "uv_size": [0.5, -1]}
							}
						},
						{
							"origin": [-0.55, -1.4, -1],
							"size": [1, 0.2875, 0.1625],
							"uv": {
								"north": {"uv": [24, 51], "uv_size": [1, 0.5]},
								"east": {"uv": [15, 57], "uv_size": [0.5, 0.5]},
								"south": {"uv": [51, 24], "uv_size": [1, 0.5]},
								"west": {"uv": [57, 15], "uv_size": [0.5, 0.5]},
								"up": {"uv": [25, 51], "uv_size": [1, 0.5]},
								"down": {"uv": [51, 25.5], "uv_size": [1, -0.5]}
							}
						},
						{
							"origin": [-0.55, -1.75, -0.975],
							"size": [0.125, 0.35, 0.125],
							"uv": {
								"north": {"uv": [16, 57], "uv_size": [0.5, 0.5]},
								"east": {"uv": [57, 16], "uv_size": [0.5, 0.5]},
								"south": {"uv": [17, 57], "uv_size": [0.5, 0.5]},
								"west": {"uv": [57, 17], "uv_size": [0.5, 0.5]},
								"down": {"uv": [18, 57.5], "uv_size": [0.5, -0.5]}
							}
						},
						{
							"origin": [0.51923, -0.10385, -3.0375],
							"size": [0.24999, 0.65, 0.75],
							"pivot": [0, 0, -0.225],
							"rotation": [0, 0, -22.6198],
							"uv": {
								"north": {"uv": [57, 18], "uv_size": [0.5, 0.5]},
								"south": {"uv": [19, 57], "uv_size": [0.5, 0.5]},
								"west": {"uv": [26, 51], "uv_size": [1, 0.5]}
							}
						},
						{
							"origin": [-0.44893, -1.39946, -0.8375],
							"size": [0.625, 0.16101, 0.625],
							"pivot": [0, 0, -0.225],
							"rotation": [0, 0, 30],
							"uv": {
								"north": {"uv": [57, 19], "uv_size": [0.5, 0.5]},
								"south": {"uv": [20, 57], "uv_size": [0.5, 0.5]},
								"down": {"uv": [57, 20.5], "uv_size": [0.5, -0.5]}
							}
						},
						{
							"origin": [-0.44893, -1.39946, -1.1625],
							"size": [0.25, 0.26926, 0.325],
							"pivot": [0, 0, -0.225],
							"rotation": [0, 0, 30],
							"uv": {
								"down": {"uv": [21, 57.5], "uv_size": [0.5, -0.5]}
							}
						},
						{
							"origin": [-0.44893, -1.39946, -2.6625],
							"size": [0.625, 0.26926, 1.5],
							"pivot": [0, 0, -0.225],
							"rotation": [0, 0, 30],
							"uv": {
								"south": {"uv": [57, 21], "uv_size": [0.5, 0.5]},
								"down": {"uv": [7, 48.5], "uv_size": [0.5, -1.5]}
							}
						},
						{
							"origin": [0.82997, -1.39946, -2.5604],
							"size": [0.71874, 0.6, 0.31249],
							"pivot": [0, 0, -0.225],
							"rotation": [0, 30, 30],
							"uv": {
								"north": {"uv": [22, 57], "uv_size": [0.5, 0.5]},
								"down": {"uv": [57, 22.5], "uv_size": [0.5, -0.5]}
							}
						},
						{
							"origin": [-1.08851, -0.9875, -2.6625],
							"size": [0.2165, 0.37504, 2.45],
							"uv": {
								"north": {"uv": [23, 57], "uv_size": [0.5, 0.5]},
								"east": {"uv": [38, 10], "uv_size": [2.5, 0.5]},
								"south": {"uv": [57, 23], "uv_size": [0.5, 0.5]}
							}
						},
						{
							"origin": [-1.07413, -0.73333, -2.09805],
							"size": [0.5, 0.25, 2.125],
							"inflate": 0.001,
							"pivot": [0, 0, -0.225],
							"rotation": [-13.64973, -6.27967, -1.62789],
							"uv": {
								"south": {"uv": [24, 57], "uv_size": [0.5, 0.5]},
								"west": {"uv": [41, 9], "uv_size": [2, 0.5]},
								"up": {"uv": [41, 10], "uv_size": [0.5, 2]}
							}
						},
						{
							"origin": [-0.76923, -0.95249, -0.22105],
							"size": [0.0125, 0.0605, 0.248],
							"inflate": 0.001,
							"pivot": [0, 0, -0.225],
							"rotation": [-15, 0, 22.6198],
							"uv": {
								"east": {"uv": [57, 24], "uv_size": [0.5, 0.5]}
							}
						},
						{
							"origin": [-0.76923, -1.07949, -1.93555],
							"size": [0.0125, 0.1875, 1.47345],
							"inflate": 0.001,
							"pivot": [0, 0, -0.225],
							"rotation": [-15, 0, 22.6198],
							"uv": {
								"east": {"uv": [47, 7], "uv_size": [1.5, 0.5]}
							}
						},
						{
							"origin": [-0.76923, -1.01699, -0.4601],
							"size": [0.0125, 0.125, 0.23705],
							"inflate": 0.001,
							"pivot": [0, 0, -0.225],
							"rotation": [-15, 0, 22.6198],
							"uv": {
								"east": {"uv": [25, 57], "uv_size": [0.5, 0.5]}
							}
						},
						{
							"origin": [-0.76922, 0.49132, -2.27818],
							"size": [0.24999, 0.45, 0.21508],
							"pivot": [0, 0, -0.225],
							"rotation": [30, 0, 22.6198],
							"uv": {
								"east": {"uv": [57, 25], "uv_size": [0.5, 0.5]},
								"south": {"uv": [26, 57], "uv_size": [0.5, 0.5]}
							}
						},
						{
							"origin": [-0.76922, -0.98401, -0.9625],
							"size": [0.12499, 0.0625, 0.75],
							"pivot": [0, 0, -0.225],
							"rotation": [0, 0, 22.6198],
							"uv": {
								"east": {"uv": [51, 26], "uv_size": [1, 0.5]},
								"south": {"uv": [57, 26], "uv_size": [0.5, 0.5]}
							}
						},
						{
							"origin": [-0.76922, -0.98401, -1.7125],
							"size": [0.0125, 0.2625, 0.75],
							"pivot": [0, 0, -0.225],
							"rotation": [0, 0, 22.6198],
							"uv": {
								"east": {"uv": [27, 51], "uv_size": [1, 0.5]}
							}
						},
						{
							"origin": [-0.76922, -0.98401, -2.2875],
							"size": [0.0125, 0.45, 0.575],
							"pivot": [0, 0, -0.225],
							"rotation": [0, 0, 22.6198],
							"uv": {
								"east": {"uv": [27, 57], "uv_size": [0.5, 0.5]}
							}
						},
						{
							"origin": [-0.76922, -0.98401, -2.6625],
							"size": [0.37499, 0.88016, 0.375],
							"pivot": [0, 0, -0.225],
							"rotation": [0, 0, 22.6198],
							"uv": {
								"north": {"uv": [51, 27], "uv_size": [0.5, 1]},
								"east": {"uv": [28, 51], "uv_size": [0.5, 1]}
							}
						},
						{
							"origin": [-0.76922, 0.43973, -2.75166],
							"size": [0.28749, 0.8, 0.33033],
							"pivot": [0, 0, -0.225],
							"rotation": [28.25, 0, 22.6198],
							"uv": {
								"north": {"uv": [51, 28], "uv_size": [0.5, 1]},
								"east": {"uv": [29, 51], "uv_size": [0.5, 1]}
							}
						},
						{
							"origin": [-0.17607, -1.39946, -0.8375],
							"size": [0.625, 0.16101, 0.625],
							"pivot": [0, 0, -0.225],
							"rotation": [0, 0, -30],
							"uv": {
								"north": {"uv": [57, 27], "uv_size": [0.5, 0.5]},
								"south": {"uv": [28, 57], "uv_size": [0.5, 0.5]},
								"down": {"uv": [57, 28.5], "uv_size": [0.5, -0.5]}
							}
						},
						{
							"origin": [0.19893, -1.39946, -1.1625],
							"size": [0.25, 0.26926, 0.325],
							"pivot": [0, 0, -0.225],
							"rotation": [0, 0, -30],
							"uv": {
								"down": {"uv": [29, 57.5], "uv_size": [0.5, -0.5]}
							}
						},
						{
							"origin": [-0.17607, -1.39946, -2.6625],
							"size": [0.625, 0.26926, 1.5],
							"pivot": [0, 0, -0.225],
							"rotation": [0, 0, -30],
							"uv": {
								"south": {"uv": [57, 29], "uv_size": [0.5, 0.5]},
								"down": {"uv": [47, 9.5], "uv_size": [0.5, -1.5]}
							}
						},
						{
							"origin": [-1.54871, -1.39946, -2.5604],
							"size": [0.71874, 0.6, 0.31249],
							"pivot": [0, 0, -0.225],
							"rotation": [0, -30, -30],
							"uv": {
								"north": {"uv": [30, 57], "uv_size": [0.5, 0.5]},
								"down": {"uv": [57, 30.5], "uv_size": [0.5, -0.5]}
							}
						},
						{
							"origin": [0.87201, -0.9875, -2.6625],
							"size": [0.2165, 0.37504, 2.45],
							"uv": {
								"north": {"uv": [31, 57], "uv_size": [0.5, 0.5]},
								"south": {"uv": [57, 31], "uv_size": [0.5, 0.5]},
								"west": {"uv": [38, 26], "uv_size": [2.5, 0.5]}
							}
						},
						{
							"origin": [0.57413, -0.73333, -2.09805],
							"size": [0.5, 0.25, 2.125],
							"inflate": 0.001,
							"pivot": [0, 0, -0.225],
							"rotation": [-13.64973, 6.27967, 1.62789],
							"uv": {
								"east": {"uv": [41, 12], "uv_size": [2, 0.5]},
								"south": {"uv": [32, 57], "uv_size": [0.5, 0.5]},
								"up": {"uv": [41, 13], "uv_size": [0.5, 2]}
							}
						},
						{
							"origin": [0.75673, -0.95249, -0.22105],
							"size": [0.0125, 0.0605, 0.248],
							"inflate": 0.001,
							"pivot": [0, 0, -0.225],
							"rotation": [-15, 0, -22.6198],
							"uv": {
								"west": {"uv": [57, 32], "uv_size": [0.5, 0.5]}
							}
						},
						{
							"origin": [0.75673, -1.01699, -0.4601],
							"size": [0.0125, 0.125, 0.23705],
							"inflate": 0.001,
							"pivot": [0, 0, -0.225],
							"rotation": [-15, 0, -22.6198],
							"uv": {
								"west": {"uv": [33, 57], "uv_size": [0.5, 0.5]}
							}
						},
						{
							"origin": [0.75673, -1.07949, -1.93555],
							"size": [0.0125, 0.1875, 1.47345],
							"inflate": 0.001,
							"pivot": [0, 0, -0.225],
							"rotation": [-15, 0, -22.6198],
							"uv": {
								"west": {"uv": [47, 10], "uv_size": [1.5, 0.5]}
							}
						},
						{
							"origin": [0.51923, 0.49132, -2.27818],
							"size": [0.24999, 0.45, 0.21508],
							"pivot": [0, 0, -0.225],
							"rotation": [30, 0, -22.6198],
							"uv": {
								"south": {"uv": [57, 33], "uv_size": [0.5, 0.5]},
								"west": {"uv": [34, 57], "uv_size": [0.5, 0.5]}
							}
						},
						{
							"origin": [0.64423, -0.98401, -0.9625],
							"size": [0.12499, 0.0625, 0.75],
							"pivot": [0, 0, -0.225],
							"rotation": [0, 0, -22.6198],
							"uv": {
								"south": {"uv": [57, 34], "uv_size": [0.5, 0.5]},
								"west": {"uv": [51, 29], "uv_size": [1, 0.5]}
							}
						},
						{
							"origin": [0.75672, -0.98401, -1.7125],
							"size": [0.0125, 0.2625, 0.75],
							"pivot": [0, 0, -0.225],
							"rotation": [0, 0, -22.6198],
							"uv": {
								"west": {"uv": [30, 51], "uv_size": [1, 0.5]}
							}
						},
						{
							"origin": [0.75672, -0.98401, -2.2875],
							"size": [0.0125, 0.45, 0.575],
							"pivot": [0, 0, -0.225],
							"rotation": [0, 0, -22.6198],
							"uv": {
								"west": {"uv": [35, 57], "uv_size": [0.5, 0.5]}
							}
						},
						{
							"origin": [0.39423, -0.98401, -2.6625],
							"size": [0.37499, 0.88016, 0.375],
							"pivot": [0, 0, -0.225],
							"rotation": [0, 0, -22.6198],
							"uv": {
								"north": {"uv": [51, 30], "uv_size": [0.5, 1]},
								"west": {"uv": [31, 51], "uv_size": [0.5, 1]}
							}
						},
						{
							"origin": [0.48173, 0.43973, -2.75166],
							"size": [0.28749, 0.8, 0.33033],
							"pivot": [0, 0, -0.225],
							"rotation": [28.25, 0, -22.6198],
							"uv": {
								"north": {"uv": [51, 31], "uv_size": [0.5, 1]},
								"west": {"uv": [32, 51], "uv_size": [0.5, 1]}
							}
						}
					]
				},
				{
					"name": "MaximDefense_Gen7",
					"parent": "MaximDefense_Housing_Gen7",
					"pivot": [0, 0, 5.95],
					"cubes": [
						{
							"origin": [-0.3365, 0.6875, 1.8375],
							"size": [0.673, 0.125, 6],
							"uv": {
								"north": {"uv": [57, 35], "uv_size": [0.5, 0.5]},
								"up": {"uv": [6, 24], "uv_size": [0.5, 6]},
								"down": {"uv": [7, 30], "uv_size": [0.5, -6]}
							}
						},
						{
							"origin": [-0.3365, 0.5625, 7.7125],
							"size": [0.673, 0.25, 0.125],
							"uv": {
								"north": {"uv": [36, 57], "uv_size": [0.5, 0.5]},
								"south": {"uv": [57, 36], "uv_size": [0.5, 0.5]}
							}
						},
						{
							"origin": [-0.5, -3.55, 7.7125],
							"size": [1, 0.6125, 0.125],
							"uv": {
								"north": {"uv": [51, 32], "uv_size": [1, 0.5]},
								"south": {"uv": [33, 51], "uv_size": [1, 0.5]}
							}
						},
						{
							"origin": [-0.5875, -2.9375, 7.7125],
							"size": [1.175, 3.5, 0.125],
							"uv": {
								"north": {"uv": [2, 24], "uv_size": [1, 3.5]},
								"south": {"uv": [3, 24], "uv_size": [1, 3.5]}
							}
						},
						{
							"origin": [-0.5, -3.55, 7.3375],
							"size": [1, 0.125, 0.5],
							"uv": {
								"north": {"uv": [51, 33], "uv_size": [1, 0.5]},
								"up": {"uv": [34, 51], "uv_size": [1, 0.5]},
								"down": {"uv": [51, 34.5], "uv_size": [1, -0.5]}
							}
						},
						{
							"origin": [-0.31582, 0.61208, 7.7125],
							"size": [0.6524, 0.2, 0.125],
							"pivot": [0, 0, 5.725],
							"rotation": [0, 0, -45],
							"uv": {
								"north": {"uv": [37, 57], "uv_size": [0.5, 0.5]},
								"south": {"uv": [57, 37], "uv_size": [0.5, 0.5]}
							}
						},
						{
							"origin": [-0.86484, -0.89993, 7.7125],
							"size": [0.47879, 1.0061, 0.125],
							"pivot": [0, 0, 5.725],
							"rotation": [0, 0, 16.75],
							"uv": {
								"north": {"uv": [35, 51], "uv_size": [0.5, 1]},
								"south": {"uv": [51, 35], "uv_size": [0.5, 1]}
							}
						},
						{
							"origin": [-1.28067, -2.7945, 7.7125],
							"size": [0.48736, 2.075, 0.125],
							"pivot": [0, 0, 5.725],
							"rotation": [0, 0, -12.9129],
							"uv": {
								"north": {"uv": [41, 15], "uv_size": [0.5, 2]},
								"south": {"uv": [41, 17], "uv_size": [0.5, 2]}
							}
						},
						{
							"origin": [-0.86484, -0.17442, 4.92324],
							"size": [0.125, 0.282, 0.308],
							"pivot": [0, 0, 3.725],
							"rotation": [-12.4224, 0, 16.75],
							"uv": {
								"north": {"uv": [38, 57], "uv_size": [0.5, 0.5]},
								"east": {"uv": [57, 38], "uv_size": [0.5, 0.5]},
								"west": {"uv": [39, 57], "uv_size": [0.5, 0.5]}
							}
						},
						{
							"origin": [-1.01545, -0.73876, 4.68852],
							"size": [0.125, 0.1875, 0.7875],
							"pivot": [-1.01545, -0.37311, 5.7125],
							"rotation": [-55, 0, 16.75],
							"uv": {
								"east": {"uv": [36, 51], "uv_size": [1, 0.5]},
								"west": {"uv": [51, 36], "uv_size": [1, 0.5]},
								"down": {"uv": [37, 52], "uv_size": [0.5, -1]}
							}
						},
						{
							"origin": [-0.86484, -0.01883, 4.825],
							"size": [0.125, 0.125, 0.4],
							"pivot": [0, 0, 5.8625],
							"rotation": [0, 0, 16.75],
							"uv": {
								"north": {"uv": [57, 39], "uv_size": [0.5, 0.5]},
								"east": {"uv": [40, 57], "uv_size": [0.5, 0.5]},
								"west": {"uv": [57, 40], "uv_size": [0.5, 0.5]}
							}
						},
						{
							"origin": [-0.31582, 0.68708, 4.825],
							"size": [0.25, 0.12538, 0.4],
							"pivot": [0, 0, 3.9],
							"rotation": [0, 0, -45],
							"uv": {
								"north": {"uv": [41, 57], "uv_size": [0.5, 0.5]},
								"south": {"uv": [57, 41], "uv_size": [0.5, 0.5]},
								"up": {"uv": [42, 57], "uv_size": [0.5, 0.5]},
								"down": {"uv": [57, 42.5], "uv_size": [0.5, -0.5]}
							}
						},
						{
							"origin": [-0.86484, -0.17442, 3.01074],
							"size": [0.125, 0.125, 1.9125],
							"pivot": [0, 0, 3.725],
							"rotation": [-12.4224, 0, 16.75],
							"uv": {
								"east": {"uv": [41, 19], "uv_size": [2, 0.5]},
								"west": {"uv": [41, 20], "uv_size": [2, 0.5]},
								"up": {"uv": [41, 21], "uv_size": [0.5, 2]}
							}
						},
						{
							"origin": [-0.86484, -0.42442, 2.44824],
							"size": [0.125, 0.25, 3.53339],
							"pivot": [0, 0, 3.725],
							"rotation": [-12.4224, 0, 16.75],
							"uv": {
								"east": {"uv": [32, 27], "uv_size": [3.5, 0.5]},
								"west": {"uv": [32, 29], "uv_size": [3.5, 0.5]},
								"up": {"uv": [4, 33], "uv_size": [0.5, 3.5]},
								"down": {"uv": [33, 7.5], "uv_size": [0.5, -3.5]}
							}
						},
						{
							"origin": [-1.28067, -1.65011, 6.83829],
							"size": [0.125, 0.2375, 0.21651],
							"pivot": [0, 0, 7.8125],
							"rotation": [-30, 0, -12.9129],
							"uv": {
								"east": {"uv": [43, 57], "uv_size": [0.5, 0.5]},
								"south": {"uv": [57, 43], "uv_size": [0.5, 0.5]},
								"west": {"uv": [44, 57], "uv_size": [0.5, 0.5]}
							}
						},
						{
							"origin": [-1.28067, -1.27752, 7.3375],
							"size": [0.125, 0.43301, 0.25],
							"pivot": [0, 0, 5.725],
							"rotation": [0, 0, -12.9129],
							"uv": {
								"east": {"uv": [57, 44], "uv_size": [0.5, 0.5]},
								"west": {"uv": [45, 57], "uv_size": [0.5, 0.5]}
							}
						},
						{
							"origin": [-1.28067, -0.9695, 5.8375],
							"size": [0.125, 0.25, 0.2],
							"pivot": [0, 0, 5.725],
							"rotation": [0, 0, -12.9129],
							"uv": {
								"north": {"uv": [57, 45], "uv_size": [0.5, 0.5]},
								"east": {"uv": [46, 57], "uv_size": [0.5, 0.5]},
								"west": {"uv": [57, 46], "uv_size": [0.5, 0.5]},
								"down": {"uv": [47, 57.5], "uv_size": [0.5, -0.5]}
							}
						},
						{
							"origin": [-0.9875, -0.9083, -3.0375],
							"size": [0.375, 0.2166, 10.75],
							"uv": {
								"north": {"uv": [57, 47], "uv_size": [0.5, 0.5]},
								"east": {"uv": [11, 0], "uv_size": [11, 0.5]},
								"west": {"uv": [11, 1], "uv_size": [11, 0.5]}
							}
						},
						{
							"origin": [0.10532, -1.20112, -3.0375],
							"size": [0.375, 0.2166, 10.75],
							"pivot": [0, 0, 5.725],
							"rotation": [0, 0, 60],
							"uv": {
								"north": {"uv": [48, 57], "uv_size": [0.5, 0.5]},
								"east": {"uv": [11, 2], "uv_size": [11, 0.5]},
								"west": {"uv": [11, 3], "uv_size": [11, 0.5]}
							}
						},
						{
							"origin": [-1.28032, 0.18452, -3.0375],
							"size": [0.375, 0.2166, 10.75],
							"pivot": [0, 0, 5.725],
							"rotation": [0, 0, -60],
							"uv": {
								"north": {"uv": [57, 48], "uv_size": [0.5, 0.5]},
								"east": {"uv": [11, 4], "uv_size": [11, 0.5]},
								"west": {"uv": [11, 5], "uv_size": [11, 0.5]}
							}
						},
						{
							"origin": [-0.86484, -0.01883, 1.8375],
							"size": [0.125, 0.125, 1.25],
							"pivot": [0, 0, 3.725],
							"rotation": [0, 0, 16.75],
							"uv": {
								"north": {"uv": [49, 57], "uv_size": [0.5, 0.5]},
								"east": {"uv": [47, 11], "uv_size": [1.5, 0.5]},
								"south": {"uv": [57, 49], "uv_size": [0.5, 0.5]},
								"west": {"uv": [47, 12], "uv_size": [1.5, 0.5]}
							}
						},
						{
							"origin": [-1.0875, -0.9875, 5.8375],
							"size": [0.5, 0.375, 2],
							"uv": {
								"north": {"uv": [50, 57], "uv_size": [0.5, 0.5]},
								"east": {"uv": [41, 24], "uv_size": [2, 0.5]},
								"south": {"uv": [57, 50], "uv_size": [0.5, 0.5]},
								"west": {"uv": [25, 41], "uv_size": [2, 0.5]},
								"up": {"uv": [41, 25], "uv_size": [0.5, 2]},
								"down": {"uv": [27, 43], "uv_size": [0.5, -2]}
							}
						},
						{
							"origin": [-0.31582, 0.68708, 1.8375],
							"size": [0.6524, 0.12538, 1.25],
							"pivot": [0, 0, 3.725],
							"rotation": [0, 0, -45],
							"uv": {
								"north": {"uv": [51, 57], "uv_size": [0.5, 0.5]},
								"south": {"uv": [57, 51], "uv_size": [0.5, 0.5]},
								"up": {"uv": [13, 47], "uv_size": [0.5, 1.5]},
								"down": {"uv": [47, 15.5], "uv_size": [0.5, -1.5]}
							}
						},
						{
							"origin": [-0.86484, -0.42442, 1.88574],
							"size": [0.125, 0.125, 0.5625],
							"pivot": [0, 0, 3.725],
							"rotation": [-12.4224, 0, 16.75],
							"uv": {
								"east": {"uv": [52, 57], "uv_size": [0.5, 0.5]},
								"west": {"uv": [57, 52], "uv_size": [0.5, 0.5]},
								"down": {"uv": [53, 57.5], "uv_size": [0.5, -0.5]}
							}
						},
						{
							"origin": [-0.06582, 0.68708, 3.0875],
							"size": [0.4024, 0.12538, 4.75],
							"pivot": [0, 0, 5.725],
							"rotation": [0, 0, -45],
							"uv": {
								"east": {"uv": [26, 24], "uv_size": [5, 0.5]},
								"up": {"uv": [15, 26], "uv_size": [0.5, 5]},
								"down": {"uv": [16, 31], "uv_size": [0.5, -5]}
							}
						},
						{
							"origin": [-0.86484, -0.89993, 5.8375],
							"size": [0.125, 0.25, 1.575],
							"pivot": [0, 0, 5.725],
							"rotation": [0, 0, 16.75],
							"uv": {
								"east": {"uv": [47, 16], "uv_size": [1.5, 0.5]},
								"west": {"uv": [47, 17], "uv_size": [1.5, 0.5]},
								"up": {"uv": [16, 47], "uv_size": [0.5, 1.5]}
							}
						},
						{
							"origin": [-1.01545, -0.55126, 4.81352],
							"size": [0.125, 0.2125, 0.8875],
							"pivot": [-1.01545, -0.37311, 5.7125],
							"rotation": [-55, 0, 16.75],
							"uv": {
								"east": {"uv": [51, 37], "uv_size": [1, 0.5]},
								"west": {"uv": [38, 51], "uv_size": [1, 0.5]},
								"up": {"uv": [51, 38], "uv_size": [0.5, 1]}
							}
						},
						{
							"origin": [-0.86484, -0.28175, 7.34685],
							"size": [0.125, 0.775, 0.16365],
							"pivot": [0, 0, 5.6125],
							"rotation": [-12.5, 0, 16.75],
							"uv": {
								"north": {"uv": [39, 51], "uv_size": [0.5, 1]},
								"east": {"uv": [51, 39], "uv_size": [0.5, 1]},
								"west": {"uv": [40, 51], "uv_size": [0.5, 1]}
							}
						},
						{
							"origin": [-1.49611, 0.68708, 6.66198],
							"size": [0.35355, 0.125, 0.17678],
							"pivot": [0, 0, 5.6125],
							"rotation": [0, 45, -45],
							"uv": {
								"north": {"uv": [57, 53], "uv_size": [0.5, 0.5]},
								"up": {"uv": [54, 57], "uv_size": [0.5, 0.5]},
								"down": {"uv": [57, 54.5], "uv_size": [0.5, -0.5]}
							}
						},
						{
							"origin": [-1.28067, -0.8445, 6.0375],
							"size": [0.125, 0.125, 1.55],
							"pivot": [0, 0, 5.725],
							"rotation": [0, 0, -12.9129],
							"uv": {
								"east": {"uv": [47, 18], "uv_size": [1.5, 0.5]},
								"west": {"uv": [47, 19], "uv_size": [1.5, 0.5]},
								"down": {"uv": [20, 48.5], "uv_size": [0.5, -1.5]}
							}
						},
						{
							"origin": [-1.28067, -3.6925, 5.30308],
							"size": [0.125, 2.8124, 0.375],
							"pivot": [0, 0, 5.725],
							"rotation": [32.2321, 0, -12.9129],
							"uv": {
								"north": {"uv": [13, 36], "uv_size": [0.5, 3]},
								"east": {"uv": [15, 36], "uv_size": [0.5, 3]},
								"south": {"uv": [16, 36], "uv_size": [0.5, 3]},
								"west": {"uv": [36, 16], "uv_size": [0.5, 3]}
							}
						},
						{
							"origin": [-1.28067, -3.34849, 7.3375],
							"size": [0.125, 0.62899, 0.5],
							"pivot": [0, 0, 5.725],
							"rotation": [0, 0, -12.9129],
							"uv": {
								"east": {"uv": [55, 57], "uv_size": [0.5, 0.5]},
								"south": {"uv": [57, 55], "uv_size": [0.5, 0.5]},
								"west": {"uv": [56, 57], "uv_size": [0.5, 0.5]},
								"up": {"uv": [57, 56], "uv_size": [0.5, 0.5]}
							}
						},
						{
							"origin": [-1.28067, -2.41261, 6.48271],
							"size": [0.125, 1, 0.21651],
							"pivot": [0, 0, 5.725],
							"rotation": [30, 0, -12.9129],
							"uv": {
								"north": {"uv": [51, 40], "uv_size": [0.5, 1]},
								"east": {"uv": [41, 51], "uv_size": [0.5, 1]},
								"west": {"uv": [51, 41], "uv_size": [0.5, 1]}
							}
						},
						{
							"origin": [-0.86484, -0.89993, 7.4125],
							"size": [0.125, 1.0061, 0.425],
							"pivot": [0, 0, 5.725],
							"rotation": [0, 0, 16.75],
							"uv": {
								"east": {"uv": [42, 51], "uv_size": [0.5, 1]},
								"west": {"uv": [51, 42], "uv_size": [0.5, 1]}
							}
						},
						{
							"origin": [-0.31582, 0.68708, 7.4125],
							"size": [0.25, 0.125, 0.425],
							"pivot": [0, 0, 5.725],
							"rotation": [0, 0, -45],
							"uv": {
								"up": {"uv": [57, 57], "uv_size": [0.5, 0.5]},
								"down": {"uv": [0, 58.5], "uv_size": [0.5, -0.5]}
							}
						},
						{
							"origin": [-1.28067, -2.7195, 7.5875],
							"size": [0.125, 2, 0.25],
							"pivot": [0, 0, 5.725],
							"rotation": [0, 0, -12.9129],
							"uv": {
								"north": {"uv": [41, 27], "uv_size": [0.5, 2]},
								"east": {"uv": [28, 41], "uv_size": [0.5, 2]},
								"west": {"uv": [29, 41], "uv_size": [0.5, 2]}
							}
						},
						{
							"origin": [-0.33658, 0.61208, 7.7125],
							"size": [0.6524, 0.2, 0.125],
							"pivot": [0, 0, 5.725],
							"rotation": [0, 0, 45],
							"uv": {
								"north": {"uv": [58, 0], "uv_size": [0.5, 0.5]},
								"south": {"uv": [1, 58], "uv_size": [0.5, 0.5]}
							}
						},
						{
							"origin": [0.38605, -0.89993, 7.7125],
							"size": [0.47879, 1.0061, 0.125],
							"pivot": [0, 0, 5.725],
							"rotation": [0, 0, -16.75],
							"uv": {
								"north": {"uv": [43, 51], "uv_size": [0.5, 1]},
								"south": {"uv": [51, 43], "uv_size": [0.5, 1]}
							}
						},
						{
							"origin": [0.79332, -2.7945, 7.7125],
							"size": [0.48736, 2.075, 0.125],
							"pivot": [0, 0, 5.725],
							"rotation": [0, 0, 12.9129],
							"uv": {
								"north": {"uv": [41, 29], "uv_size": [0.5, 2]},
								"south": {"uv": [30, 41], "uv_size": [0.5, 2]}
							}
						},
						{
							"origin": [0.73984, -0.17442, 4.92324],
							"size": [0.125, 0.282, 0.308],
							"pivot": [0, 0, 3.725],
							"rotation": [-12.4224, 0, -16.75],
							"uv": {
								"north": {"uv": [58, 1], "uv_size": [0.5, 0.5]},
								"east": {"uv": [2, 58], "uv_size": [0.5, 0.5]},
								"west": {"uv": [58, 2], "uv_size": [0.5, 0.5]}
							}
						},
						{
							"origin": [0.89045, -0.73876, 4.68852],
							"size": [0.125, 0.1875, 0.7875],
							"pivot": [1.01545, -0.37311, 5.7125],
							"rotation": [-55, 0, -16.75],
							"uv": {
								"east": {"uv": [44, 51], "uv_size": [1, 0.5]},
								"west": {"uv": [51, 44], "uv_size": [1, 0.5]},
								"down": {"uv": [45, 52], "uv_size": [0.5, -1]}
							}
						},
						{
							"origin": [0.73984, -0.01883, 4.825],
							"size": [0.125, 0.125, 0.4],
							"pivot": [0, 0, 5.8625],
							"rotation": [0, 0, -16.75],
							"uv": {
								"north": {"uv": [3, 58], "uv_size": [0.5, 0.5]},
								"east": {"uv": [58, 3], "uv_size": [0.5, 0.5]},
								"west": {"uv": [4, 58], "uv_size": [0.5, 0.5]}
							}
						},
						{
							"origin": [0.06582, 0.68708, 4.825],
							"size": [0.25, 0.12538, 0.4],
							"pivot": [0, 0, 3.9],
							"rotation": [0, 0, 45],
							"uv": {
								"north": {"uv": [58, 4], "uv_size": [0.5, 0.5]},
								"south": {"uv": [5, 58], "uv_size": [0.5, 0.5]},
								"up": {"uv": [58, 5], "uv_size": [0.5, 0.5]},
								"down": {"uv": [6, 58.5], "uv_size": [0.5, -0.5]}
							}
						},
						{
							"origin": [0.73984, -0.17442, 3.01074],
							"size": [0.125, 0.125, 1.9125],
							"pivot": [0, 0, 3.725],
							"rotation": [-12.4224, 0, -16.75],
							"uv": {
								"east": {"uv": [41, 31], "uv_size": [2, 0.5]},
								"west": {"uv": [41, 32], "uv_size": [2, 0.5]},
								"up": {"uv": [34, 41], "uv_size": [0.5, 2]}
							}
						},
						{
							"origin": [0.73984, -0.42442, 2.44824],
							"size": [0.125, 0.25, 3.53339],
							"pivot": [0, 0, 3.725],
							"rotation": [-12.4224, 0, -16.75],
							"uv": {
								"east": {"uv": [33, 0], "uv_size": [3.5, 0.5]},
								"west": {"uv": [33, 1], "uv_size": [3.5, 0.5]},
								"up": {"uv": [5, 33], "uv_size": [0.5, 3.5]},
								"down": {"uv": [8, 36.5], "uv_size": [0.5, -3.5]}
							}
						},
						{
							"origin": [1.15567, -1.65011, 6.83829],
							"size": [0.125, 0.2375, 0.21651],
							"pivot": [0, 0, 7.8125],
							"rotation": [-30, 0, 12.9129],
							"uv": {
								"east": {"uv": [58, 6], "uv_size": [0.5, 0.5]},
								"south": {"uv": [7, 58], "uv_size": [0.5, 0.5]},
								"west": {"uv": [58, 7], "uv_size": [0.5, 0.5]}
							}
						},
						{
							"origin": [1.15567, -1.27752, 7.3375],
							"size": [0.125, 0.43301, 0.25],
							"pivot": [0, 0, 5.725],
							"rotation": [0, 0, 12.9129],
							"uv": {
								"east": {"uv": [8, 58], "uv_size": [0.5, 0.5]},
								"west": {"uv": [58, 8], "uv_size": [0.5, 0.5]}
							}
						},
						{
							"origin": [1.15567, -0.9695, 5.8375],
							"size": [0.125, 0.25, 0.2],
							"pivot": [0, 0, 5.725],
							"rotation": [0, 0, 12.9129],
							"uv": {
								"north": {"uv": [9, 58], "uv_size": [0.5, 0.5]},
								"east": {"uv": [58, 9], "uv_size": [0.5, 0.5]},
								"west": {"uv": [10, 58], "uv_size": [0.5, 0.5]},
								"down": {"uv": [58, 10.5], "uv_size": [0.5, -0.5]}
							}
						},
						{
							"origin": [0.6125, -0.9083, -3.0375],
							"size": [0.375, 0.2166, 10.75],
							"uv": {
								"north": {"uv": [11, 58], "uv_size": [0.5, 0.5]},
								"east": {"uv": [11, 6], "uv_size": [11, 0.5]},
								"west": {"uv": [11, 7], "uv_size": [11, 0.5]}
							}
						},
						{
							"origin": [-0.48032, -1.20112, -3.0375],
							"size": [0.375, 0.2166, 10.75],
							"pivot": [0, 0, 5.725],
							"rotation": [0, 0, -60],
							"uv": {
								"north": {"uv": [58, 11], "uv_size": [0.5, 0.5]},
								"east": {"uv": [11, 8], "uv_size": [11, 0.5]},
								"west": {"uv": [11, 9], "uv_size": [11, 0.5]}
							}
						},
						{
							"origin": [0.90532, 0.18452, -3.0375],
							"size": [0.375, 0.2166, 10.75],
							"pivot": [0, 0, 5.725],
							"rotation": [0, 0, 60],
							"uv": {
								"north": {"uv": [12, 58], "uv_size": [0.5, 0.5]},
								"east": {"uv": [11, 10], "uv_size": [11, 0.5]},
								"west": {"uv": [11, 11], "uv_size": [11, 0.5]}
							}
						},
						{
							"origin": [0.73984, -0.01883, 1.8375],
							"size": [0.125, 0.125, 1.25],
							"pivot": [0, 0, 3.725],
							"rotation": [0, 0, -16.75],
							"uv": {
								"north": {"uv": [58, 12], "uv_size": [0.5, 0.5]},
								"east": {"uv": [47, 21], "uv_size": [1.5, 0.5]},
								"south": {"uv": [13, 58], "uv_size": [0.5, 0.5]},
								"west": {"uv": [47, 22], "uv_size": [1.5, 0.5]}
							}
						},
						{
							"origin": [0.5875, -0.9875, 5.8375],
							"size": [0.5, 0.375, 2],
							"uv": {
								"north": {"uv": [58, 13], "uv_size": [0.5, 0.5]},
								"east": {"uv": [35, 41], "uv_size": [2, 0.5]},
								"south": {"uv": [14, 58], "uv_size": [0.5, 0.5]},
								"west": {"uv": [41, 35], "uv_size": [2, 0.5]},
								"up": {"uv": [41, 36], "uv_size": [0.5, 2]},
								"down": {"uv": [41, 40], "uv_size": [0.5, -2]}
							}
						},
						{
							"origin": [-0.33658, 0.68708, 1.8375],
							"size": [0.6524, 0.12538, 1.25],
							"pivot": [0, 0, 3.725],
							"rotation": [0, 0, 45],
							"uv": {
								"north": {"uv": [58, 14], "uv_size": [0.5, 0.5]},
								"south": {"uv": [15, 58], "uv_size": [0.5, 0.5]},
								"up": {"uv": [47, 25], "uv_size": [0.5, 1.5]},
								"down": {"uv": [27, 48.5], "uv_size": [0.5, -1.5]}
							}
						},
						{
							"origin": [0.73984, -0.42442, 1.88574],
							"size": [0.125, 0.125, 0.5625],
							"pivot": [0, 0, 3.725],
							"rotation": [-12.4224, 0, -16.75],
							"uv": {
								"east": {"uv": [58, 15], "uv_size": [0.5, 0.5]},
								"west": {"uv": [16, 58], "uv_size": [0.5, 0.5]},
								"down": {"uv": [58, 16.5], "uv_size": [0.5, -0.5]}
							}
						},
						{
							"origin": [-0.33658, 0.68708, 3.0875],
							"size": [0.4024, 0.12538, 4.75],
							"pivot": [0, 0, 5.725],
							"rotation": [0, 0, 45],
							"uv": {
								"west": {"uv": [26, 25], "uv_size": [5, 0.5]},
								"up": {"uv": [17, 26], "uv_size": [0.5, 5]},
								"down": {"uv": [18, 31], "uv_size": [0.5, -5]}
							}
						},
						{
							"origin": [0.73984, -0.89993, 5.8375],
							"size": [0.125, 0.25, 1.575],
							"pivot": [0, 0, 5.725],
							"rotation": [0, 0, -16.75],
							"uv": {
								"east": {"uv": [47, 23], "uv_size": [1.5, 0.5]},
								"west": {"uv": [28, 47], "uv_size": [1.5, 0.5]},
								"up": {"uv": [47, 28], "uv_size": [0.5, 1.5]}
							}
						},
						{
							"origin": [0.89045, -0.55126, 4.81352],
							"size": [0.125, 0.2125, 0.8875],
							"pivot": [1.01545, -0.37311, 5.7125],
							"rotation": [-55, 0, -16.75],
							"uv": {
								"east": {"uv": [51, 45], "uv_size": [1, 0.5]},
								"west": {"uv": [46, 51], "uv_size": [1, 0.5]},
								"up": {"uv": [51, 46], "uv_size": [0.5, 1]}
							}
						},
						{
							"origin": [0.73984, -0.28175, 7.34685],
							"size": [0.125, 0.775, 0.16365],
							"pivot": [0, 0, 5.6125],
							"rotation": [-12.5, 0, -16.75],
							"uv": {
								"north": {"uv": [47, 51], "uv_size": [0.5, 1]},
								"east": {"uv": [51, 47], "uv_size": [0.5, 1]},
								"west": {"uv": [48, 51], "uv_size": [0.5, 1]}
							}
						},
						{
							"origin": [1.14256, 0.68708, 6.66198],
							"size": [0.35355, 0.125, 0.17678],
							"pivot": [0, 0, 5.6125],
							"rotation": [0, -45, 45],
							"uv": {
								"north": {"uv": [17, 58], "uv_size": [0.5, 0.5]},
								"up": {"uv": [58, 17], "uv_size": [0.5, 0.5]},
								"down": {"uv": [18, 58.5], "uv_size": [0.5, -0.5]}
							}
						},
						{
							"origin": [1.15567, -0.8445, 6.0375],
							"size": [0.125, 0.125, 1.55],
							"pivot": [0, 0, 5.725],
							"rotation": [0, 0, 12.9129],
							"uv": {
								"east": {"uv": [47, 30], "uv_size": [1.5, 0.5]},
								"west": {"uv": [47, 31], "uv_size": [1.5, 0.5]},
								"down": {"uv": [30, 48.5], "uv_size": [0.5, -1.5]}
							}
						},
						{
							"origin": [1.15567, -3.6925, 5.30308],
							"size": [0.125, 2.8124, 0.375],
							"pivot": [0, 0, 5.725],
							"rotation": [32.2321, 0, 12.9129],
							"uv": {
								"north": {"uv": [17, 36], "uv_size": [0.5, 3]},
								"east": {"uv": [18, 36], "uv_size": [0.5, 3]},
								"south": {"uv": [36, 19], "uv_size": [0.5, 3]},
								"west": {"uv": [20, 36], "uv_size": [0.5, 3]}
							}
						},
						{
							"origin": [1.15567, -3.34849, 7.3375],
							"size": [0.125, 0.62899, 0.5],
							"pivot": [0, 0, 5.725],
							"rotation": [0, 0, 12.9129],
							"uv": {
								"east": {"uv": [58, 18], "uv_size": [0.5, 0.5]},
								"south": {"uv": [19, 58], "uv_size": [0.5, 0.5]},
								"west": {"uv": [58, 19], "uv_size": [0.5, 0.5]},
								"up": {"uv": [20, 58], "uv_size": [0.5, 0.5]}
							}
						},
						{
							"origin": [1.15567, -2.41261, 6.48271],
							"size": [0.125, 1, 0.21651],
							"pivot": [0, 0, 5.725],
							"rotation": [30, 0, 12.9129],
							"uv": {
								"north": {"uv": [51, 48], "uv_size": [0.5, 1]},
								"east": {"uv": [49, 51], "uv_size": [0.5, 1]},
								"west": {"uv": [51, 49], "uv_size": [0.5, 1]}
							}
						},
						{
							"origin": [0.73984, -0.89993, 7.4125],
							"size": [0.125, 1.0061, 0.425],
							"pivot": [0, 0, 5.725],
							"rotation": [0, 0, -16.75],
							"uv": {
								"east": {"uv": [50, 51], "uv_size": [0.5, 1]},
								"west": {"uv": [51, 50], "uv_size": [0.5, 1]}
							}
						},
						{
							"origin": [0.06582, 0.68708, 7.4125],
							"size": [0.25, 0.125, 0.425],
							"pivot": [0, 0, 5.725],
							"rotation": [0, 0, 45],
							"uv": {
								"up": {"uv": [58, 20], "uv_size": [0.5, 0.5]},
								"down": {"uv": [21, 58.5], "uv_size": [0.5, -0.5]}
							}
						},
						{
							"origin": [1.15567, -2.7195, 7.5875],
							"size": [0.125, 2, 0.25],
							"pivot": [0, 0, 5.725],
							"rotation": [0, 0, 12.9129],
							"uv": {
								"north": {"uv": [40, 41], "uv_size": [0.5, 2]},
								"east": {"uv": [41, 40], "uv_size": [0.5, 2]},
								"west": {"uv": [0, 42], "uv_size": [0.5, 2]}
							}
						}
					]
				}
			]
		}
	]
}