{
	"format_version": "1.12.0",
	"minecraft:geometry": [
		{
			"description": {
				"identifier": "geometry.buttstock_mxm",
				"texture_width": 64,
				"texture_height": 64,
				"visible_bounds_width": 6,
				"visible_bounds_height": 4,
				"visible_bounds_offset": [0, 1, 0]
			},
			"bones": [
				{
					"name": "MaximDefense_Housing_CCS",
					"pivot": [0, 0, 0],
					"cubes": [
						{
							"origin": [-0.6875, -0.2875, -0.2375],
							"size": [1.375, 0.575, 5],
							"uv": {
								"east": {"uv": [9, 25], "uv_size": [5, 0.5]},
								"south": {"uv": [45, 43], "uv_size": [1.5, 0.5]},
								"west": {"uv": [14, 25], "uv_size": [5, 0.5]}
							}
						},
						{
							"origin": [-0.8125, -0.25, -0.175],
							"size": [1.625, 0.5, 0.125],
							"uv": {
								"east": {"uv": [55, 26], "uv_size": [0.5, 0.5]},
								"south": {"uv": [45, 44], "uv_size": [1.5, 0.5]},
								"west": {"uv": [27, 55], "uv_size": [0.5, 0.5]},
								"up": {"uv": [45, 45], "uv_size": [1.5, 0.5]},
								"down": {"uv": [46, 0.5], "uv_size": [1.5, -0.5]}
							}
						},
						{
							"origin": [-0.2875, -0.6875, -0.2375],
							"size": [0.575, 1.375, 5],
							"uv": {
								"south": {"uv": [46, 1], "uv_size": [0.5, 1.5]},
								"up": {"uv": [19, 25], "uv_size": [0.5, 5]},
								"down": {"uv": [25, 29], "uv_size": [0.5, -5]}
							}
						},
						{
							"origin": [-0.25, -0.8125, -0.175],
							"size": [0.5, 1.625, 0.125],
							"pivot": [0, 0, -0.14375],
							"rotation": [0, 0, 45],
							"uv": {
								"east": {"uv": [2, 46], "uv_size": [0.5, 1.5]},
								"south": {"uv": [46, 5], "uv_size": [0.5, 1.5]},
								"west": {"uv": [46, 7], "uv_size": [0.5, 1.5]},
								"up": {"uv": [55, 27], "uv_size": [0.5, 0.5]},
								"down": {"uv": [28, 55.5], "uv_size": [0.5, -0.5]}
							}
						},
						{
							"origin": [-0.25, -0.8125, -0.175],
							"size": [0.5, 1.625, 0.125],
							"pivot": [0, 0, -0.14375],
							"rotation": [0, 0, -45],
							"uv": {
								"east": {"uv": [8, 46], "uv_size": [0.5, 1.5]},
								"south": {"uv": [9, 46], "uv_size": [0.5, 1.5]},
								"west": {"uv": [46, 9], "uv_size": [0.5, 1.5]},
								"up": {"uv": [55, 28], "uv_size": [0.5, 0.5]},
								"down": {"uv": [29, 55.5], "uv_size": [0.5, -0.5]}
							}
						},
						{
							"origin": [-0.25, -0.8125, -0.175],
							"size": [0.5, 1.625, 0.125],
							"uv": {
								"east": {"uv": [10, 46], "uv_size": [0.5, 1.5]},
								"south": {"uv": [11, 46], "uv_size": [0.5, 1.5]},
								"west": {"uv": [46, 11], "uv_size": [0.5, 1.5]},
								"up": {"uv": [55, 29], "uv_size": [0.5, 0.5]},
								"down": {"uv": [30, 55.5], "uv_size": [0.5, -0.5]}
							}
						},
						{
							"origin": [-0.8125, -0.3366, -0.8],
							"size": [1.625, 0.6732, 0.625],
							"uv": {
								"north": {"uv": [46, 3], "uv_size": [1.5, 0.5]},
								"east": {"uv": [55, 30], "uv_size": [0.5, 0.5]},
								"south": {"uv": [46, 13], "uv_size": [1.5, 0.5]},
								"west": {"uv": [31, 55], "uv_size": [0.5, 0.5]}
							}
						},
						{
							"origin": [-0.3366, -0.8125, -0.8],
							"size": [0.6732, 1.625, 0.625],
							"uv": {
								"north": {"uv": [12, 46], "uv_size": [0.5, 1.5]},
								"south": {"uv": [14, 46], "uv_size": [0.5, 1.5]},
								"up": {"uv": [55, 31], "uv_size": [0.5, 0.5]},
								"down": {"uv": [32, 55.5], "uv_size": [0.5, -0.5]}
							}
						},
						{
							"origin": [-0.3314, -0.8, -3.05],
							"size": [0.6628, 1.6, 2.25],
							"uv": {
								"north": {"uv": [46, 14], "uv_size": [0.5, 1.5]},
								"south": {"uv": [15, 46], "uv_size": [0.5, 1.5]},
								"up": {"uv": [38, 21], "uv_size": [0.5, 2.5]},
								"down": {"uv": [25, 40.5], "uv_size": [0.5, -2.5]}
							}
						},
						{
							"origin": [-0.3314, -0.8, -3.05],
							"size": [0.6628, 1.6, 2.25],
							"pivot": [0, 0, -0.2375],
							"rotation": [0, 0, 45],
							"uv": {
								"north": {"uv": [17, 46], "uv_size": [0.5, 1.5]},
								"south": {"uv": [18, 46], "uv_size": [0.5, 1.5]},
								"up": {"uv": [27, 38], "uv_size": [0.5, 2.5]},
								"down": {"uv": [29, 40.5], "uv_size": [0.5, -2.5]}
							}
						},
						{
							"origin": [-0.3314, -0.8, -3.05],
							"size": [0.6628, 1.6, 2.25],
							"pivot": [0, 0, -0.2375],
							"rotation": [0, 0, -45],
							"uv": {
								"north": {"uv": [46, 18], "uv_size": [0.5, 1.5]},
								"south": {"uv": [19, 46], "uv_size": [0.5, 1.5]},
								"up": {"uv": [30, 38], "uv_size": [0.5, 2.5]},
								"down": {"uv": [38, 33.5], "uv_size": [0.5, -2.5]}
							}
						},
						{
							"origin": [-0.3314, -0.8, -3.05],
							"size": [0.6628, 1.6, 2.25],
							"pivot": [0, 0, -0.2375],
							"rotation": [0, 0, 90],
							"uv": {
								"north": {"uv": [21, 46], "uv_size": [0.5, 1.5]},
								"south": {"uv": [22, 46], "uv_size": [0.5, 1.5]},
								"up": {"uv": [34, 38], "uv_size": [0.5, 2.5]},
								"down": {"uv": [38, 36.5], "uv_size": [0.5, -2.5]}
							}
						},
						{
							"origin": [-0.3366, -0.8125, -0.8],
							"size": [0.6732, 1.625, 0.625],
							"pivot": [0, 0, -0.55],
							"rotation": [0, 0, 45],
							"uv": {
								"north": {"uv": [46, 22], "uv_size": [0.5, 1.5]},
								"south": {"uv": [23, 46], "uv_size": [0.5, 1.5]},
								"up": {"uv": [55, 32], "uv_size": [0.5, 0.5]},
								"down": {"uv": [33, 55.5], "uv_size": [0.5, -0.5]}
							}
						},
						{
							"origin": [-0.3366, -0.8125, -0.8],
							"size": [0.6732, 1.625, 0.625],
							"pivot": [0, 0, -0.55],
							"rotation": [0, 0, -45],
							"uv": {
								"north": {"uv": [24, 46], "uv_size": [0.5, 1.5]},
								"south": {"uv": [25, 46], "uv_size": [0.5, 1.5]},
								"up": {"uv": [55, 33], "uv_size": [0.5, 0.5]},
								"down": {"uv": [34, 55.5], "uv_size": [0.5, -0.5]}
							}
						},
						{
							"origin": [-0.28284, -0.68943, -0.2375],
							"size": [0.56569, 1.37886, 5],
							"pivot": [0, 0, 1.825],
							"rotation": [0, 0, 45],
							"uv": {
								"south": {"uv": [26, 46], "uv_size": [0.5, 1.5]},
								"up": {"uv": [9, 26], "uv_size": [0.5, 5]},
								"down": {"uv": [10, 31], "uv_size": [0.5, -5]}
							}
						},
						{
							"origin": [-0.28284, -0.68943, -0.2375],
							"size": [0.56569, 1.37886, 5],
							"pivot": [0, 0, 1.825],
							"rotation": [0, 0, -45],
							"uv": {
								"south": {"uv": [31, 46], "uv_size": [0.5, 1.5]},
								"up": {"uv": [11, 26], "uv_size": [0.5, 5]},
								"down": {"uv": [12, 31], "uv_size": [0.5, -5]}
							}
						},
						{
							"origin": [-0.55, -1.4, -0.85],
							"size": [1.1, 0.2875, 0.625],
							"uv": {
								"north": {"uv": [50, 37], "uv_size": [1, 0.5]},
								"east": {"uv": [55, 34], "uv_size": [0.5, 0.5]},
								"south": {"uv": [38, 50], "uv_size": [1, 0.5]},
								"west": {"uv": [35, 55], "uv_size": [0.5, 0.5]},
								"down": {"uv": [50, 38.5], "uv_size": [1, -0.5]}
							}
						},
						{
							"origin": [-0.87201, -1.1125, -1.175],
							"size": [1.74402, 0.5625, 0.95],
							"uv": {
								"south": {"uv": [46, 20], "uv_size": [1.5, 0.5]},
								"up": {"uv": [34, 32], "uv_size": [1.5, 1]},
								"down": {"uv": [34, 34], "uv_size": [1.5, -1]}
							}
						},
						{
							"origin": [-1.17626, -1.39935, -3.05],
							"size": [0.2, 0.46191, 0.5],
							"pivot": [0, 0, -0.2375],
							"rotation": [0, 0, -30],
							"uv": {
								"north": {"uv": [55, 35], "uv_size": [0.5, 0.5]},
								"east": {"uv": [36, 55], "uv_size": [0.5, 0.5]},
								"south": {"uv": [55, 36], "uv_size": [0.5, 0.5]}
							}
						},
						{
							"origin": [0.97626, -1.39935, -3.05],
							"size": [0.2, 0.46191, 0.5],
							"pivot": [0, 0, -0.2375],
							"rotation": [0, 0, 30],
							"uv": {
								"north": {"uv": [37, 55], "uv_size": [0.5, 0.5]},
								"south": {"uv": [55, 37], "uv_size": [0.5, 0.5]},
								"west": {"uv": [38, 55], "uv_size": [0.5, 0.5]}
							}
						},
						{
							"origin": [-0.319, -1.8, -3.05],
							"size": [0.638, 0.4, 0.5],
							"uv": {
								"north": {"uv": [55, 38], "uv_size": [0.5, 0.5]},
								"down": {"uv": [39, 55.5], "uv_size": [0.5, -0.5]}
							}
						},
						{
							"origin": [-0.319, 0.36239, -3.14547],
							"size": [0.638, 0.28284, 0.56569],
							"pivot": [0, 0, -0.2375],
							"rotation": [45, 0, 0],
							"uv": {
								"east": {"uv": [55, 39], "uv_size": [0.5, 0.5]},
								"west": {"uv": [40, 55], "uv_size": [0.5, 0.5]},
								"down": {"uv": [55, 40.5], "uv_size": [0.5, -0.5]}
							}
						},
						{
							"origin": [-0.55, -1.4, -3.05],
							"size": [1.1, 0.85, 1.875],
							"uv": {
								"north": {"uv": [26, 40], "uv_size": [1, 1]},
								"east": {"uv": [10, 31], "uv_size": [2, 1]},
								"south": {"uv": [28, 40], "uv_size": [1, 1]},
								"west": {"uv": [12, 31], "uv_size": [2, 1]},
								"down": {"uv": [14, 33], "uv_size": [1, -2]}
							}
						},
						{
							"origin": [-0.45, -1.4, -1.175],
							"size": [1, 0.2875, 0.1625],
							"uv": {
								"north": {"uv": [39, 50], "uv_size": [1, 0.5]},
								"east": {"uv": [41, 55], "uv_size": [0.5, 0.5]},
								"south": {"uv": [50, 39], "uv_size": [1, 0.5]},
								"west": {"uv": [55, 41], "uv_size": [0.5, 0.5]},
								"up": {"uv": [40, 50], "uv_size": [1, 0.5]},
								"down": {"uv": [50, 40.5], "uv_size": [1, -0.5]}
							}
						},
						{
							"origin": [0.425, -2.025, -1.175],
							"size": [0.125, 0.625, 0.1625],
							"uv": {
								"north": {"uv": [42, 55], "uv_size": [0.5, 0.5]},
								"east": {"uv": [55, 42], "uv_size": [0.5, 0.5]},
								"south": {"uv": [43, 55], "uv_size": [0.5, 0.5]},
								"west": {"uv": [55, 43], "uv_size": [0.5, 0.5]},
								"down": {"uv": [44, 55.5], "uv_size": [0.5, -0.5]}
							}
						},
						{
							"origin": [0.55, -2.025, -1.6],
							"size": [0.125, 0.5, 0.75],
							"uv": {
								"north": {"uv": [55, 44], "uv_size": [0.5, 0.5]},
								"east": {"uv": [41, 50], "uv_size": [1, 0.5]},
								"south": {"uv": [45, 55], "uv_size": [0.5, 0.5]},
								"west": {"uv": [50, 41], "uv_size": [1, 0.5]},
								"up": {"uv": [42, 50], "uv_size": [0.5, 1]},
								"down": {"uv": [50, 43], "uv_size": [0.5, -1]}
							}
						},
						{
							"origin": [-0.55, -1.4, -1.0125],
							"size": [1, 0.2875, 0.1625],
							"uv": {
								"north": {"uv": [43, 50], "uv_size": [1, 0.5]},
								"east": {"uv": [55, 45], "uv_size": [0.5, 0.5]},
								"south": {"uv": [50, 43], "uv_size": [1, 0.5]},
								"west": {"uv": [46, 55], "uv_size": [0.5, 0.5]},
								"up": {"uv": [44, 50], "uv_size": [1, 0.5]},
								"down": {"uv": [50, 44.5], "uv_size": [1, -0.5]}
							}
						},
						{
							"origin": [-0.55, -1.75, -0.9875],
							"size": [0.125, 0.35, 0.125],
							"uv": {
								"north": {"uv": [55, 46], "uv_size": [0.5, 0.5]},
								"east": {"uv": [47, 55], "uv_size": [0.5, 0.5]},
								"south": {"uv": [55, 47], "uv_size": [0.5, 0.5]},
								"west": {"uv": [48, 55], "uv_size": [0.5, 0.5]},
								"down": {"uv": [55, 48.5], "uv_size": [0.5, -0.5]}
							}
						},
						{
							"origin": [-0.44893, -1.39946, -0.85],
							"size": [0.625, 0.16101, 0.625],
							"pivot": [0, 0, -0.2375],
							"rotation": [0, 0, 30],
							"uv": {
								"north": {"uv": [49, 55], "uv_size": [0.5, 0.5]},
								"south": {"uv": [55, 49], "uv_size": [0.5, 0.5]},
								"down": {"uv": [50, 55.5], "uv_size": [0.5, -0.5]}
							}
						},
						{
							"origin": [-0.44893, -1.39946, -1.175],
							"size": [0.25, 0.26926, 0.325],
							"pivot": [0, 0, -0.2375],
							"rotation": [0, 0, 30],
							"uv": {
								"down": {"uv": [55, 50.5], "uv_size": [0.5, -0.5]}
							}
						},
						{
							"origin": [-0.44893, -1.39946, -2.675],
							"size": [0.625, 0.26926, 1.5],
							"pivot": [0, 0, -0.2375],
							"rotation": [0, 0, 30],
							"uv": {
								"south": {"uv": [51, 55], "uv_size": [0.5, 0.5]},
								"down": {"uv": [32, 47.5], "uv_size": [0.5, -1.5]}
							}
						},
						{
							"origin": [-1.08851, -0.9875, -2.675],
							"size": [0.2165, 0.37504, 2.45],
							"uv": {
								"north": {"uv": [55, 51], "uv_size": [0.5, 0.5]},
								"east": {"uv": [38, 7], "uv_size": [2.5, 0.5]},
								"south": {"uv": [52, 55], "uv_size": [0.5, 0.5]}
							}
						},
						{
							"origin": [-0.17607, -1.39946, -0.85],
							"size": [0.625, 0.16101, 0.625],
							"pivot": [0, 0, -0.2375],
							"rotation": [0, 0, -30],
							"uv": {
								"north": {"uv": [55, 52], "uv_size": [0.5, 0.5]},
								"south": {"uv": [53, 55], "uv_size": [0.5, 0.5]},
								"down": {"uv": [55, 53.5], "uv_size": [0.5, -0.5]}
							}
						},
						{
							"origin": [0.19893, -1.39946, -1.175],
							"size": [0.25, 0.26926, 0.325],
							"pivot": [0, 0, -0.2375],
							"rotation": [0, 0, -30],
							"uv": {
								"down": {"uv": [54, 55.5], "uv_size": [0.5, -0.5]}
							}
						},
						{
							"origin": [-0.17607, -1.39946, -2.675],
							"size": [0.625, 0.26926, 1.5],
							"pivot": [0, 0, -0.2375],
							"rotation": [0, 0, -30],
							"uv": {
								"south": {"uv": [55, 54], "uv_size": [0.5, 0.5]},
								"down": {"uv": [46, 33.5], "uv_size": [0.5, -1.5]}
							}
						},
						{
							"origin": [0.87201, -0.9875, -2.675],
							"size": [0.2165, 0.37504, 2.45],
							"uv": {
								"north": {"uv": [55, 55], "uv_size": [0.5, 0.5]},
								"south": {"uv": [0, 56], "uv_size": [0.5, 0.5]},
								"west": {"uv": [38, 9], "uv_size": [2.5, 0.5]}
							}
						},
						{
							"origin": [-1.54871, -1.39946, -2.5729],
							"size": [0.71874, 0.65, 0.31249],
							"pivot": [0, 0, -0.2375],
							"rotation": [0, -30, -30],
							"uv": {
								"north": {"uv": [56, 0], "uv_size": [0.5, 0.5]},
								"down": {"uv": [1, 56.5], "uv_size": [0.5, -0.5]}
							}
						},
						{
							"origin": [0.71352, -0.61246, -1.55],
							"size": [0.37499, 0.5, 1.325],
							"pivot": [1.08851, -0.61246, -1.55],
							"rotation": [0, 0, -35],
							"uv": {
								"south": {"uv": [56, 1], "uv_size": [0.5, 0.5]},
								"west": {"uv": [46, 24], "uv_size": [1.5, 0.5]}
							}
						},
						{
							"origin": [1.01352, 0.12451, -3.05],
							"size": [0.07499, 0.25, 0.375],
							"pivot": [1.08851, -0.61246, -0.8],
							"rotation": [0, 0, -16.99698],
							"uv": {
								"north": {"uv": [2, 56], "uv_size": [0.5, 0.5]},
								"west": {"uv": [56, 2], "uv_size": [0.5, 0.5]}
							}
						},
						{
							"origin": [0.43559, -0.73458, -3.05],
							"size": [0.43749, 0.8269, 0.33422],
							"pivot": [0.87308, 0.09232, -3.05],
							"rotation": [26.96866, 0, -16.99698],
							"uv": {
								"north": {"uv": [45, 50], "uv_size": [0.5, 1]},
								"west": {"uv": [50, 45], "uv_size": [0.5, 1]}
							}
						},
						{
							"origin": [0.71352, -0.61246, -2.675],
							"size": [0.37499, 0.98698, 1.125],
							"pivot": [1.08851, -0.61246, -0.8],
							"rotation": [0, 0, -16.99698],
							"uv": {
								"south": {"uv": [46, 50], "uv_size": [0.5, 1]},
								"west": {"uv": [40, 28], "uv_size": [1, 1]}
							}
						},
						{
							"origin": [-1.08851, -0.61246, -2.675],
							"size": [0.37499, 0.98698, 1.125],
							"pivot": [-1.08851, -0.61246, -0.8],
							"rotation": [0, 0, 16.99698],
							"uv": {
								"east": {"uv": [40, 30], "uv_size": [1, 1]},
								"south": {"uv": [50, 46], "uv_size": [0.5, 1]}
							}
						},
						{
							"origin": [-0.87308, -0.73458, -3.05],
							"size": [0.43749, 0.8269, 0.33422],
							"pivot": [-0.87308, 0.09232, -3.05],
							"rotation": [26.96866, 0, 16.99698],
							"uv": {
								"north": {"uv": [47, 50], "uv_size": [0.5, 1]},
								"east": {"uv": [50, 47], "uv_size": [0.5, 1]}
							}
						},
						{
							"origin": [-1.08851, 0.12451, -3.05],
							"size": [0.07499, 0.25, 0.375],
							"pivot": [-1.08851, -0.61246, -0.8],
							"rotation": [0, 0, 16.99698],
							"uv": {
								"north": {"uv": [3, 56], "uv_size": [0.5, 0.5]},
								"east": {"uv": [56, 3], "uv_size": [0.5, 0.5]}
							}
						},
						{
							"origin": [-1.08851, -0.61246, -1.55],
							"size": [0.37499, 0.5, 1.325],
							"pivot": [-1.08851, -0.61246, -1.55],
							"rotation": [0, 0, 35],
							"uv": {
								"east": {"uv": [46, 27], "uv_size": [1.5, 0.5]},
								"south": {"uv": [4, 56], "uv_size": [0.5, 0.5]}
							}
						},
						{
							"origin": [0.82997, -1.39946, -2.5729],
							"size": [0.71874, 0.65, 0.31249],
							"pivot": [0, 0, -0.2375],
							"rotation": [0, 30, 30],
							"uv": {
								"north": {"uv": [56, 4], "uv_size": [0.5, 0.5]},
								"down": {"uv": [5, 56.5], "uv_size": [0.5, -0.5]}
							}
						}
					]
				},
				{
					"name": "MaximDefense_CCS",
					"parent": "MaximDefense_Housing_CCS",
					"pivot": [0, 0, 4.25],
					"cubes": [
						{
							"origin": [-0.3365, 0.6875, 1],
							"size": [0.673, 0.125, 5.125],
							"uv": {
								"north": {"uv": [56, 5], "uv_size": [0.5, 0.5]},
								"up": {"uv": [13, 26], "uv_size": [0.5, 5]},
								"down": {"uv": [14, 31], "uv_size": [0.5, -5]}
							}
						},
						{
							"origin": [-0.3365, 0.5625, 6],
							"size": [0.673, 0.25, 0.125],
							"uv": {
								"north": {"uv": [6, 56], "uv_size": [0.5, 0.5]},
								"south": {"uv": [56, 6], "uv_size": [0.5, 0.5]}
							}
						},
						{
							"origin": [-0.5, -3.55, 6],
							"size": [1, 0.6125, 0.125],
							"uv": {
								"north": {"uv": [48, 50], "uv_size": [1, 0.5]},
								"south": {"uv": [50, 48], "uv_size": [1, 0.5]}
							}
						},
						{
							"origin": [-0.5875, -2.9375, 6],
							"size": [1.175, 3.5, 0.125],
							"uv": {
								"north": {"uv": [0, 24], "uv_size": [1, 3.5]},
								"south": {"uv": [1, 24], "uv_size": [1, 3.5]}
							}
						},
						{
							"origin": [-0.5, -3.55, 5.625],
							"size": [1, 0.125, 0.5],
							"uv": {
								"north": {"uv": [49, 50], "uv_size": [1, 0.5]},
								"up": {"uv": [50, 49], "uv_size": [1, 0.5]},
								"down": {"uv": [50, 50.5], "uv_size": [1, -0.5]}
							}
						},
						{
							"origin": [-0.31582, 0.61208, 6],
							"size": [0.6524, 0.2, 0.125],
							"pivot": [0, 0, 4.0125],
							"rotation": [0, 0, -45],
							"uv": {
								"north": {"uv": [7, 56], "uv_size": [0.5, 0.5]},
								"south": {"uv": [56, 7], "uv_size": [0.5, 0.5]}
							}
						},
						{
							"origin": [-0.86484, -0.89993, 6],
							"size": [0.47879, 1.0061, 0.125],
							"pivot": [0, 0, 4.0125],
							"rotation": [0, 0, 16.75],
							"uv": {
								"north": {"uv": [0, 51], "uv_size": [0.5, 1]},
								"south": {"uv": [51, 0], "uv_size": [0.5, 1]}
							}
						},
						{
							"origin": [-1.28067, -2.7945, 6],
							"size": [0.48736, 2.075, 0.125],
							"pivot": [0, 0, 4.0125],
							"rotation": [0, 0, -12.9129],
							"uv": {
								"north": {"uv": [31, 40], "uv_size": [0.5, 2]},
								"south": {"uv": [40, 31], "uv_size": [0.5, 2]}
							}
						},
						{
							"origin": [-0.86484, -0.17442, 3.21074],
							"size": [0.125, 0.282, 0.308],
							"pivot": [0, 0, 2.0125],
							"rotation": [-12.4224, 0, 16.75],
							"uv": {
								"north": {"uv": [8, 56], "uv_size": [0.5, 0.5]},
								"east": {"uv": [56, 8], "uv_size": [0.5, 0.5]},
								"west": {"uv": [9, 56], "uv_size": [0.5, 0.5]}
							}
						},
						{
							"origin": [-1.01545, -0.73876, 2.97602],
							"size": [0.125, 0.1875, 0.7875],
							"pivot": [-1.01545, -0.37311, 4],
							"rotation": [-55, 0, 16.75],
							"uv": {
								"east": {"uv": [1, 51], "uv_size": [1, 0.5]},
								"west": {"uv": [51, 1], "uv_size": [1, 0.5]},
								"down": {"uv": [2, 52], "uv_size": [0.5, -1]}
							}
						},
						{
							"origin": [-0.86484, -0.01883, 3.1125],
							"size": [0.125, 0.125, 0.4],
							"pivot": [0, 0, 4.15],
							"rotation": [0, 0, 16.75],
							"uv": {
								"north": {"uv": [56, 9], "uv_size": [0.5, 0.5]},
								"east": {"uv": [10, 56], "uv_size": [0.5, 0.5]},
								"west": {"uv": [56, 10], "uv_size": [0.5, 0.5]}
							}
						},
						{
							"origin": [-0.31582, 0.68708, 3.1125],
							"size": [0.25, 0.12538, 0.4],
							"pivot": [0, 0, 2.1875],
							"rotation": [0, 0, -45],
							"uv": {
								"north": {"uv": [11, 56], "uv_size": [0.5, 0.5]},
								"south": {"uv": [56, 11], "uv_size": [0.5, 0.5]},
								"up": {"uv": [12, 56], "uv_size": [0.5, 0.5]},
								"down": {"uv": [56, 12.5], "uv_size": [0.5, -0.5]}
							}
						},
						{
							"origin": [-0.86484, -0.17442, 1.62324],
							"size": [0.125, 0.125, 1.5875],
							"pivot": [0, 0, 2.0125],
							"rotation": [-12.4224, 0, 16.75],
							"uv": {
								"east": {"uv": [35, 46], "uv_size": [1.5, 0.5]},
								"west": {"uv": [46, 36], "uv_size": [1.5, 0.5]},
								"up": {"uv": [33, 46], "uv_size": [0.5, 1.5]}
							}
						},
						{
							"origin": [0.74011, -0.2115, 1],
							"size": [0.125, 0.31794, 0.625],
							"pivot": [0.00027, 0.00027, 2.2625],
							"rotation": [0, 0, -16.75],
							"uv": {
								"north": {"uv": [13, 56], "uv_size": [0.5, 0.5]},
								"east": {"uv": [56, 13], "uv_size": [0.5, 0.5]},
								"south": {"uv": [14, 56], "uv_size": [0.5, 0.5]},
								"west": {"uv": [56, 14], "uv_size": [0.5, 0.5]}
							}
						},
						{
							"origin": [0.73984, -0.42444, 1.06922],
							"size": [0.12533, 0.25002, 3.19991],
							"pivot": [0, 0, 2.0125],
							"rotation": [-12.4224, 0, -16.75],
							"uv": {
								"east": {"uv": [34, 34], "uv_size": [3, 0.5]},
								"west": {"uv": [35, 4], "uv_size": [3, 0.5]},
								"up": {"uv": [26, 34], "uv_size": [0.5, 3]},
								"down": {"uv": [35, 8], "uv_size": [0.5, -3]}
							}
						},
						{
							"origin": [0.73984, -0.17442, 1.62324],
							"size": [0.125, 0.125, 1.5875],
							"pivot": [0, 0, 2.0125],
							"rotation": [-12.4224, 0, -16.75],
							"uv": {
								"east": {"uv": [46, 37], "uv_size": [1.5, 0.5]},
								"west": {"uv": [39, 46], "uv_size": [1.5, 0.5]},
								"up": {"uv": [37, 46], "uv_size": [0.5, 1.5]}
							}
						},
						{
							"origin": [-0.86517, -0.42444, 1.06922],
							"size": [0.12533, 0.25002, 3.19991],
							"pivot": [0, 0, 2.0125],
							"rotation": [-12.4224, 0, 16.75],
							"uv": {
								"east": {"uv": [35, 9], "uv_size": [3, 0.5]},
								"west": {"uv": [35, 10], "uv_size": [3, 0.5]},
								"up": {"uv": [6, 35], "uv_size": [0.5, 3]},
								"down": {"uv": [7, 38], "uv_size": [0.5, -3]}
							}
						},
						{
							"origin": [-1.28067, -1.65011, 5.12579],
							"size": [0.125, 0.2375, 0.21651],
							"pivot": [0, 0, 6.1],
							"rotation": [-30, 0, -12.9129],
							"uv": {
								"east": {"uv": [15, 56], "uv_size": [0.5, 0.5]},
								"south": {"uv": [56, 15], "uv_size": [0.5, 0.5]},
								"west": {"uv": [16, 56], "uv_size": [0.5, 0.5]}
							}
						},
						{
							"origin": [-1.28067, -1.27752, 5.625],
							"size": [0.125, 0.43301, 0.25],
							"pivot": [0, 0, 4.0125],
							"rotation": [0, 0, -12.9129],
							"uv": {
								"east": {"uv": [56, 16], "uv_size": [0.5, 0.5]},
								"west": {"uv": [17, 56], "uv_size": [0.5, 0.5]}
							}
						},
						{
							"origin": [-1.28067, -0.9695, 4.125],
							"size": [0.125, 0.25, 0.2],
							"pivot": [0, 0, 4.0125],
							"rotation": [0, 0, -12.9129],
							"uv": {
								"north": {"uv": [56, 17], "uv_size": [0.5, 0.5]},
								"east": {"uv": [18, 56], "uv_size": [0.5, 0.5]},
								"west": {"uv": [56, 18], "uv_size": [0.5, 0.5]},
								"down": {"uv": [19, 56.5], "uv_size": [0.5, -0.5]}
							}
						},
						{
							"origin": [-0.9875, -0.9083, -4.75],
							"size": [0.375, 0.2166, 10.75],
							"uv": {
								"north": {"uv": [56, 19], "uv_size": [0.5, 0.5]},
								"east": {"uv": [0, 0], "uv_size": [11, 0.5]},
								"west": {"uv": [0, 1], "uv_size": [11, 0.5]}
							}
						},
						{
							"origin": [0.10532, -1.20112, -4.75],
							"size": [0.375, 0.2166, 10.75],
							"pivot": [0, 0, 4.0125],
							"rotation": [0, 0, 60],
							"uv": {
								"north": {"uv": [20, 56], "uv_size": [0.5, 0.5]},
								"east": {"uv": [0, 2], "uv_size": [11, 0.5]},
								"west": {"uv": [0, 3], "uv_size": [11, 0.5]}
							}
						},
						{
							"origin": [-1.28032, 0.18452, -4.75],
							"size": [0.375, 0.2166, 10.75],
							"pivot": [0, 0, 4.0125],
							"rotation": [0, 0, -60],
							"uv": {
								"north": {"uv": [56, 20], "uv_size": [0.5, 0.5]},
								"east": {"uv": [0, 4], "uv_size": [11, 0.5]},
								"west": {"uv": [0, 5], "uv_size": [11, 0.5]}
							}
						},
						{
							"origin": [-0.86511, -0.2115, 1],
							"size": [0.125, 0.31794, 0.625],
							"pivot": [-0.00027, 0.00027, 2.2625],
							"rotation": [0, 0, 16.75],
							"uv": {
								"north": {"uv": [21, 56], "uv_size": [0.5, 0.5]},
								"east": {"uv": [56, 21], "uv_size": [0.5, 0.5]},
								"south": {"uv": [22, 56], "uv_size": [0.5, 0.5]},
								"west": {"uv": [56, 22], "uv_size": [0.5, 0.5]}
							}
						},
						{
							"origin": [-1.0875, -0.9875, 4.125],
							"size": [0.5, 0.375, 2],
							"uv": {
								"north": {"uv": [23, 56], "uv_size": [0.5, 0.5]},
								"east": {"uv": [40, 33], "uv_size": [2, 0.5]},
								"south": {"uv": [56, 23], "uv_size": [0.5, 0.5]},
								"west": {"uv": [40, 34], "uv_size": [2, 0.5]},
								"up": {"uv": [32, 40], "uv_size": [0.5, 2]},
								"down": {"uv": [40, 37], "uv_size": [0.5, -2]}
							}
						},
						{
							"origin": [-0.31582, 0.68708, 1],
							"size": [0.6524, 0.12538, 0.625],
							"pivot": [0, 0, 2.0125],
							"rotation": [0, 0, -45],
							"uv": {
								"north": {"uv": [24, 56], "uv_size": [0.5, 0.5]},
								"south": {"uv": [56, 24], "uv_size": [0.5, 0.5]},
								"up": {"uv": [25, 56], "uv_size": [0.5, 0.5]},
								"down": {"uv": [56, 25.5], "uv_size": [0.5, -0.5]}
							}
						},
						{
							"origin": [-0.06582, 0.68708, 1.625],
							"size": [0.4024, 0.12538, 4.5],
							"pivot": [0, 0, 4.0125],
							"rotation": [0, 0, -45],
							"uv": {
								"east": {"uv": [26, 28], "uv_size": [4.5, 0.5]},
								"up": {"uv": [25, 29], "uv_size": [0.5, 4.5]},
								"down": {"uv": [26, 33.5], "uv_size": [0.5, -4.5]}
							}
						},
						{
							"origin": [-0.86484, -0.89993, 4.125],
							"size": [0.125, 0.25, 1.575],
							"pivot": [0, 0, 4.0125],
							"rotation": [0, 0, 16.75],
							"uv": {
								"east": {"uv": [46, 39], "uv_size": [1.5, 0.5]},
								"west": {"uv": [46, 40], "uv_size": [1.5, 0.5]},
								"up": {"uv": [41, 46], "uv_size": [0.5, 1.5]}
							}
						},
						{
							"origin": [-1.01545, -0.55126, 3.10102],
							"size": [0.125, 0.2125, 0.8875],
							"pivot": [-1.01545, -0.37311, 4],
							"rotation": [-55, 0, 16.75],
							"uv": {
								"east": {"uv": [51, 2], "uv_size": [1, 0.5]},
								"west": {"uv": [3, 51], "uv_size": [1, 0.5]},
								"up": {"uv": [51, 3], "uv_size": [0.5, 1]}
							}
						},
						{
							"origin": [-0.86484, -0.28175, 5.63435],
							"size": [0.125, 0.775, 0.16365],
							"pivot": [0, 0, 3.9],
							"rotation": [-12.5, 0, 16.75],
							"uv": {
								"north": {"uv": [4, 51], "uv_size": [0.5, 1]},
								"east": {"uv": [51, 4], "uv_size": [0.5, 1]},
								"west": {"uv": [5, 51], "uv_size": [0.5, 1]}
							}
						},
						{
							"origin": [-1.49611, 0.68708, 4.94948],
							"size": [0.35355, 0.125, 0.17678],
							"pivot": [0, 0, 3.9],
							"rotation": [0, 45, -45],
							"uv": {
								"north": {"uv": [26, 56], "uv_size": [0.5, 0.5]},
								"up": {"uv": [56, 26], "uv_size": [0.5, 0.5]},
								"down": {"uv": [27, 56.5], "uv_size": [0.5, -0.5]}
							}
						},
						{
							"origin": [-1.28067, -0.8445, 4.325],
							"size": [0.125, 0.125, 1.55],
							"pivot": [0, 0, 4.0125],
							"rotation": [0, 0, -12.9129],
							"uv": {
								"east": {"uv": [46, 41], "uv_size": [1.5, 0.5]},
								"west": {"uv": [42, 46], "uv_size": [1.5, 0.5]},
								"down": {"uv": [44, 47.5], "uv_size": [0.5, -1.5]}
							}
						},
						{
							"origin": [-1.28067, -3.6925, 3.59058],
							"size": [0.125, 2.8124, 0.375],
							"pivot": [0, 0, 4.0125],
							"rotation": [32.2321, 0, -12.9129],
							"uv": {
								"north": {"uv": [35, 18], "uv_size": [0.5, 3]},
								"east": {"uv": [27, 35], "uv_size": [0.5, 3]},
								"south": {"uv": [34, 35], "uv_size": [0.5, 3]},
								"west": {"uv": [35, 35], "uv_size": [0.5, 3]}
							}
						},
						{
							"origin": [-1.28067, -3.34849, 5.625],
							"size": [0.125, 0.62899, 0.5],
							"pivot": [0, 0, 4.0125],
							"rotation": [0, 0, -12.9129],
							"uv": {
								"east": {"uv": [56, 27], "uv_size": [0.5, 0.5]},
								"south": {"uv": [28, 56], "uv_size": [0.5, 0.5]},
								"west": {"uv": [56, 28], "uv_size": [0.5, 0.5]},
								"up": {"uv": [29, 56], "uv_size": [0.5, 0.5]}
							}
						},
						{
							"origin": [-1.28067, -2.41261, 4.77021],
							"size": [0.125, 1, 0.21651],
							"pivot": [0, 0, 4.0125],
							"rotation": [30, 0, -12.9129],
							"uv": {
								"north": {"uv": [51, 5], "uv_size": [0.5, 1]},
								"east": {"uv": [6, 51], "uv_size": [0.5, 1]},
								"west": {"uv": [51, 6], "uv_size": [0.5, 1]}
							}
						},
						{
							"origin": [-0.86484, -0.89993, 5.7],
							"size": [0.125, 1.0061, 0.425],
							"pivot": [0, 0, 4.0125],
							"rotation": [0, 0, 16.75],
							"uv": {
								"east": {"uv": [7, 51], "uv_size": [0.5, 1]},
								"west": {"uv": [51, 7], "uv_size": [0.5, 1]}
							}
						},
						{
							"origin": [-0.31582, 0.68708, 5.7],
							"size": [0.25, 0.125, 0.425],
							"pivot": [0, 0, 4.0125],
							"rotation": [0, 0, -45],
							"uv": {
								"up": {"uv": [56, 29], "uv_size": [0.5, 0.5]},
								"down": {"uv": [30, 56.5], "uv_size": [0.5, -0.5]}
							}
						},
						{
							"origin": [-1.28067, -2.7195, 5.875],
							"size": [0.125, 2, 0.25],
							"pivot": [0, 0, 4.0125],
							"rotation": [0, 0, -12.9129],
							"uv": {
								"north": {"uv": [37, 40], "uv_size": [0.5, 2]},
								"east": {"uv": [40, 37], "uv_size": [0.5, 2]},
								"west": {"uv": [38, 40], "uv_size": [0.5, 2]}
							}
						},
						{
							"origin": [-0.33658, 0.61208, 6],
							"size": [0.6524, 0.2, 0.125],
							"pivot": [0, 0, 4.0125],
							"rotation": [0, 0, 45],
							"uv": {
								"north": {"uv": [56, 30], "uv_size": [0.5, 0.5]},
								"south": {"uv": [31, 56], "uv_size": [0.5, 0.5]}
							}
						},
						{
							"origin": [0.38605, -0.89993, 6],
							"size": [0.47879, 1.0061, 0.125],
							"pivot": [0, 0, 4.0125],
							"rotation": [0, 0, -16.75],
							"uv": {
								"north": {"uv": [8, 51], "uv_size": [0.5, 1]},
								"south": {"uv": [51, 8], "uv_size": [0.5, 1]}
							}
						},
						{
							"origin": [0.79332, -2.7945, 6],
							"size": [0.48736, 2.075, 0.125],
							"pivot": [0, 0, 4.0125],
							"rotation": [0, 0, 12.9129],
							"uv": {
								"north": {"uv": [39, 40], "uv_size": [0.5, 2]},
								"south": {"uv": [40, 39], "uv_size": [0.5, 2]}
							}
						},
						{
							"origin": [0.73984, -0.17442, 3.21074],
							"size": [0.125, 0.282, 0.308],
							"pivot": [0, 0, 2.0125],
							"rotation": [-12.4224, 0, -16.75],
							"uv": {
								"north": {"uv": [56, 31], "uv_size": [0.5, 0.5]},
								"east": {"uv": [32, 56], "uv_size": [0.5, 0.5]},
								"west": {"uv": [56, 32], "uv_size": [0.5, 0.5]}
							}
						},
						{
							"origin": [0.89045, -0.73876, 2.97602],
							"size": [0.125, 0.1875, 0.7875],
							"pivot": [1.01545, -0.37311, 4],
							"rotation": [-55, 0, -16.75],
							"uv": {
								"east": {"uv": [9, 51], "uv_size": [1, 0.5]},
								"west": {"uv": [51, 9], "uv_size": [1, 0.5]},
								"down": {"uv": [10, 52], "uv_size": [0.5, -1]}
							}
						},
						{
							"origin": [0.73984, -0.01883, 3.1125],
							"size": [0.125, 0.125, 0.4],
							"pivot": [0, 0, 4.15],
							"rotation": [0, 0, -16.75],
							"uv": {
								"north": {"uv": [33, 56], "uv_size": [0.5, 0.5]},
								"east": {"uv": [56, 33], "uv_size": [0.5, 0.5]},
								"west": {"uv": [34, 56], "uv_size": [0.5, 0.5]}
							}
						},
						{
							"origin": [0.06582, 0.68708, 3.1125],
							"size": [0.25, 0.12538, 0.4],
							"pivot": [0, 0, 2.1875],
							"rotation": [0, 0, 45],
							"uv": {
								"north": {"uv": [56, 34], "uv_size": [0.5, 0.5]},
								"south": {"uv": [35, 56], "uv_size": [0.5, 0.5]},
								"up": {"uv": [56, 35], "uv_size": [0.5, 0.5]},
								"down": {"uv": [36, 56.5], "uv_size": [0.5, -0.5]}
							}
						},
						{
							"origin": [1.15567, -1.65011, 5.12579],
							"size": [0.125, 0.2375, 0.21651],
							"pivot": [0, 0, 6.1],
							"rotation": [-30, 0, 12.9129],
							"uv": {
								"east": {"uv": [56, 36], "uv_size": [0.5, 0.5]},
								"south": {"uv": [37, 56], "uv_size": [0.5, 0.5]},
								"west": {"uv": [56, 37], "uv_size": [0.5, 0.5]}
							}
						},
						{
							"origin": [1.15567, -1.27752, 5.625],
							"size": [0.125, 0.43301, 0.25],
							"pivot": [0, 0, 4.0125],
							"rotation": [0, 0, 12.9129],
							"uv": {
								"east": {"uv": [38, 56], "uv_size": [0.5, 0.5]},
								"west": {"uv": [56, 38], "uv_size": [0.5, 0.5]}
							}
						},
						{
							"origin": [1.15567, -0.9695, 4.125],
							"size": [0.125, 0.25, 0.2],
							"pivot": [0, 0, 4.0125],
							"rotation": [0, 0, 12.9129],
							"uv": {
								"north": {"uv": [39, 56], "uv_size": [0.5, 0.5]},
								"east": {"uv": [56, 39], "uv_size": [0.5, 0.5]},
								"west": {"uv": [40, 56], "uv_size": [0.5, 0.5]},
								"down": {"uv": [56, 40.5], "uv_size": [0.5, -0.5]}
							}
						},
						{
							"origin": [0.6125, -0.9083, -4.75],
							"size": [0.375, 0.2166, 10.75],
							"uv": {
								"north": {"uv": [41, 56], "uv_size": [0.5, 0.5]},
								"east": {"uv": [0, 6], "uv_size": [11, 0.5]},
								"west": {"uv": [0, 7], "uv_size": [11, 0.5]}
							}
						},
						{
							"origin": [-0.48032, -1.20112, -4.75],
							"size": [0.375, 0.2166, 10.75],
							"pivot": [0, 0, 4.0125],
							"rotation": [0, 0, -60],
							"uv": {
								"north": {"uv": [56, 41], "uv_size": [0.5, 0.5]},
								"east": {"uv": [0, 8], "uv_size": [11, 0.5]},
								"west": {"uv": [0, 9], "uv_size": [11, 0.5]}
							}
						},
						{
							"origin": [0.90532, 0.18452, -4.75],
							"size": [0.375, 0.2166, 10.75],
							"pivot": [0, 0, 4.0125],
							"rotation": [0, 0, 60],
							"uv": {
								"north": {"uv": [42, 56], "uv_size": [0.5, 0.5]},
								"east": {"uv": [0, 10], "uv_size": [11, 0.5]},
								"west": {"uv": [0, 11], "uv_size": [11, 0.5]}
							}
						},
						{
							"origin": [0.5875, -0.9875, 4.125],
							"size": [0.5, 0.375, 2],
							"uv": {
								"north": {"uv": [56, 42], "uv_size": [0.5, 0.5]},
								"east": {"uv": [0, 41], "uv_size": [2, 0.5]},
								"south": {"uv": [43, 56], "uv_size": [0.5, 0.5]},
								"west": {"uv": [41, 0], "uv_size": [2, 0.5]},
								"up": {"uv": [41, 1], "uv_size": [0.5, 2]},
								"down": {"uv": [2, 43], "uv_size": [0.5, -2]}
							}
						},
						{
							"origin": [-0.33658, 0.68708, 1],
							"size": [0.6524, 0.12538, 0.625],
							"pivot": [0, 0, 2.0125],
							"rotation": [0, 0, 45],
							"uv": {
								"north": {"uv": [56, 43], "uv_size": [0.5, 0.5]},
								"south": {"uv": [44, 56], "uv_size": [0.5, 0.5]},
								"up": {"uv": [56, 44], "uv_size": [0.5, 0.5]},
								"down": {"uv": [45, 56.5], "uv_size": [0.5, -0.5]}
							}
						},
						{
							"origin": [-0.33658, 0.68708, 1.625],
							"size": [0.4024, 0.12538, 4.5],
							"pivot": [0, 0, 4.0125],
							"rotation": [0, 0, 45],
							"uv": {
								"west": {"uv": [27, 29], "uv_size": [4.5, 0.5]},
								"up": {"uv": [6, 30], "uv_size": [0.5, 4.5]},
								"down": {"uv": [7, 34.5], "uv_size": [0.5, -4.5]}
							}
						},
						{
							"origin": [0.73984, -0.89993, 4.125],
							"size": [0.125, 0.25, 1.575],
							"pivot": [0, 0, 4.0125],
							"rotation": [0, 0, -16.75],
							"uv": {
								"east": {"uv": [46, 42], "uv_size": [1.5, 0.5]},
								"west": {"uv": [45, 46], "uv_size": [1.5, 0.5]},
								"up": {"uv": [0, 47], "uv_size": [0.5, 1.5]}
							}
						},
						{
							"origin": [0.89045, -0.55126, 3.10102],
							"size": [0.125, 0.2125, 0.8875],
							"pivot": [1.01545, -0.37311, 4],
							"rotation": [-55, 0, -16.75],
							"uv": {
								"east": {"uv": [51, 10], "uv_size": [1, 0.5]},
								"west": {"uv": [11, 51], "uv_size": [1, 0.5]},
								"up": {"uv": [51, 11], "uv_size": [0.5, 1]}
							}
						},
						{
							"origin": [0.73984, -0.28175, 5.63435],
							"size": [0.125, 0.775, 0.16365],
							"pivot": [0, 0, 3.9],
							"rotation": [-12.5, 0, -16.75],
							"uv": {
								"north": {"uv": [12, 51], "uv_size": [0.5, 1]},
								"east": {"uv": [51, 12], "uv_size": [0.5, 1]},
								"west": {"uv": [13, 51], "uv_size": [0.5, 1]}
							}
						},
						{
							"origin": [1.14256, 0.68708, 4.94948],
							"size": [0.35355, 0.125, 0.17678],
							"pivot": [0, 0, 3.9],
							"rotation": [0, -45, 45],
							"uv": {
								"north": {"uv": [56, 45], "uv_size": [0.5, 0.5]},
								"up": {"uv": [46, 56], "uv_size": [0.5, 0.5]},
								"down": {"uv": [56, 46.5], "uv_size": [0.5, -0.5]}
							}
						},
						{
							"origin": [1.15567, -0.8445, 4.325],
							"size": [0.125, 0.125, 1.55],
							"pivot": [0, 0, 4.0125],
							"rotation": [0, 0, 12.9129],
							"uv": {
								"east": {"uv": [47, 1], "uv_size": [1.5, 0.5]},
								"west": {"uv": [47, 2], "uv_size": [1.5, 0.5]},
								"down": {"uv": [1, 48.5], "uv_size": [0.5, -1.5]}
							}
						},
						{
							"origin": [1.15567, -3.6925, 3.59058],
							"size": [0.125, 2.8124, 0.375],
							"pivot": [0, 0, 4.0125],
							"rotation": [32.2321, 0, 12.9129],
							"uv": {
								"north": {"uv": [36, 5], "uv_size": [0.5, 3]},
								"east": {"uv": [10, 36], "uv_size": [0.5, 3]},
								"south": {"uv": [11, 36], "uv_size": [0.5, 3]},
								"west": {"uv": [12, 36], "uv_size": [0.5, 3]}
							}
						},
						{
							"origin": [1.15567, -3.34849, 5.625],
							"size": [0.125, 0.62899, 0.5],
							"pivot": [0, 0, 4.0125],
							"rotation": [0, 0, 12.9129],
							"uv": {
								"east": {"uv": [47, 56], "uv_size": [0.5, 0.5]},
								"south": {"uv": [56, 47], "uv_size": [0.5, 0.5]},
								"west": {"uv": [48, 56], "uv_size": [0.5, 0.5]},
								"up": {"uv": [56, 48], "uv_size": [0.5, 0.5]}
							}
						},
						{
							"origin": [1.15567, -2.41261, 4.77021],
							"size": [0.125, 1, 0.21651],
							"pivot": [0, 0, 4.0125],
							"rotation": [30, 0, 12.9129],
							"uv": {
								"north": {"uv": [51, 13], "uv_size": [0.5, 1]},
								"east": {"uv": [14, 51], "uv_size": [0.5, 1]},
								"west": {"uv": [51, 14], "uv_size": [0.5, 1]}
							}
						},
						{
							"origin": [0.73984, -0.89993, 5.7],
							"size": [0.125, 1.0061, 0.425],
							"pivot": [0, 0, 4.0125],
							"rotation": [0, 0, -16.75],
							"uv": {
								"east": {"uv": [15, 51], "uv_size": [0.5, 1]},
								"west": {"uv": [51, 15], "uv_size": [0.5, 1]}
							}
						},
						{
							"origin": [0.06582, 0.68708, 5.7],
							"size": [0.25, 0.125, 0.425],
							"pivot": [0, 0, 4.0125],
							"rotation": [0, 0, 45],
							"uv": {
								"up": {"uv": [49, 56], "uv_size": [0.5, 0.5]},
								"down": {"uv": [56, 49.5], "uv_size": [0.5, -0.5]}
							}
						},
						{
							"origin": [1.15567, -2.7195, 5.875],
							"size": [0.125, 2, 0.25],
							"pivot": [0, 0, 4.0125],
							"rotation": [0, 0, 12.9129],
							"uv": {
								"north": {"uv": [3, 41], "uv_size": [0.5, 2]},
								"east": {"uv": [4, 41], "uv_size": [0.5, 2]},
								"west": {"uv": [5, 41], "uv_size": [0.5, 2]}
							}
						}
					]
				}
			]
		}
	]
}