{
	"format_version": "1.12.0",
	"minecraft:geometry": [
		{
			"description": {
				"identifier": "geometry.buttstock_tds",
				"texture_width": 32,
				"texture_height": 32,
				"visible_bounds_width": 3,
				"visible_bounds_height": 1.5,
				"visible_bounds_offset": [0, 0.25, 0]
			},
			"bones": [
				{
					"name": "TD_S",
					"pivot": [0, 0, 1],
					"cubes": [
						{
							"origin": [-0.7125, 0.575, 1.6302],
							"size": [1.425, 0.125, 5.5],
							"uv": {
								"east": {"uv": [7, 9], "uv_size": [5.5, 0.5]},
								"south": {"uv": [15, 7], "uv_size": [1.5, 0.5]},
								"west": {"uv": [10, 6], "uv_size": [5.5, 0.5]},
								"down": {"uv": [0, 5.5], "uv_size": [1.5, -5.5]}
							}
						},
						{
							"origin": [-0.762, -0.37502, -0.50624],
							"size": [1.524, 0.12502, 2.2625],
							"uv": {
								"east": {"uv": [13, 0], "uv_size": [2.5, 0.5]},
								"west": {"uv": [13, 1], "uv_size": [2.5, 0.5]},
								"up": {"uv": [3, 3], "uv_size": [1.5, 2.5]},
								"down": {"uv": [5, 2.5], "uv_size": [1.5, -2.5]}
							}
						},
						{
							"origin": [-0.7125, -1.28766, -0.91245],
							"size": [1.425, 1.61533, 0.12495],
							"pivot": [0, 0, -1],
							"rotation": [12.60783, 0, 0],
							"uv": {
								"north": {"uv": [10, 7], "uv_size": [1.5, 1.5]},
								"east": {"uv": [6, 15], "uv_size": [0.5, 1.5]},
								"south": {"uv": [0, 11], "uv_size": [1.5, 1.5]},
								"west": {"uv": [11, 15], "uv_size": [0.5, 1.5]}
							}
						},
						{
							"origin": [-0.5625, -1.3875, -0.6335],
							"size": [1.125, 0.15, 2.3875],
							"uv": {
								"north": {"uv": [9, 16], "uv_size": [1, 0.5]},
								"down": {"uv": [9, 12.5], "uv_size": [1, -2.5]}
							}
						},
						{
							"origin": [-0.7125, 0.24942, -1.22981],
							"size": [1.425, 0.3701, 0.125],
							"inflate": 0.0001,
							"pivot": [0, 0, -1],
							"rotation": [-45, 0, 0],
							"uv": {
								"north": {"uv": [15, 8], "uv_size": [1.5, 0.5]},
								"east": {"uv": [18, 10], "uv_size": [0.5, 0.5]},
								"west": {"uv": [11, 18], "uv_size": [0.5, 0.5]}
							}
						},
						{
							"origin": [-0.7125, -1.73263, 1.45177],
							"size": [1.425, 0.925, 0.2875],
							"pivot": [0, 0, -1],
							"rotation": [11, 0, 0],
							"uv": {
								"north": {"uv": [11, 0], "uv_size": [1.5, 1]},
								"east": {"uv": [14, 17], "uv_size": [0.5, 1]},
								"west": {"uv": [15, 17], "uv_size": [0.5, 1]}
							}
						},
						{
							"origin": [-0.5625, -1.01882, 1.87495],
							"size": [1.125, 0.15, 2.3375],
							"pivot": [0, 0, -1],
							"rotation": [-7.5, 0, 0],
							"uv": {
								"down": {"uv": [10, 12.5], "uv_size": [1, -2.5]}
							}
						},
						{
							"origin": [-0.7125, -0.78033, -1.24822],
							"size": [1.425, 0.1875, 0.425],
							"inflate": 0.0001,
							"pivot": [0, 0, -1],
							"rotation": [45, 0, 0],
							"uv": {
								"east": {"uv": [18, 11], "uv_size": [0.5, 0.5]},
								"west": {"uv": [12, 18], "uv_size": [0.5, 0.5]},
								"down": {"uv": [12, 15.5], "uv_size": [1.5, -0.5]}
							}
						},
						{
							"origin": [-0.7125, -1.82486, 6.5808],
							"size": [1.425, 2.4375, 0.125],
							"pivot": [-0.6875, -1.79902, 6.7058],
							"rotation": [-10.13561, 0, 0],
							"uv": {
								"north": {"uv": [5, 3], "uv_size": [1.5, 2.5]},
								"east": {"uv": [6, 12], "uv_size": [0.5, 2.5]},
								"south": {"uv": [0, 6], "uv_size": [1.5, 2.5]},
								"west": {"uv": [2, 13], "uv_size": [0.5, 2.5]}
							}
						},
						{
							"origin": [-0.75, -1.63736, 6.5433],
							"size": [1.5, 2, 0.2],
							"pivot": [-0.6875, -1.79902, 6.7058],
							"rotation": [-10.13561, 0, 0],
							"uv": {
								"north": {"uv": [9, 4], "uv_size": [1.5, 2]},
								"east": {"uv": [4, 15], "uv_size": [0.5, 2]},
								"south": {"uv": [5, 9], "uv_size": [1.5, 2]},
								"west": {"uv": [5, 15], "uv_size": [0.5, 2]},
								"up": {"uv": [2, 17], "uv_size": [1.5, 0.5]},
								"down": {"uv": [4, 17.5], "uv_size": [1.5, -0.5]}
							}
						},
						{
							"origin": [-0.7125, -5.3329, 5.67281],
							"size": [1.425, 0.94683, 0.09997],
							"inflate": 0.0002,
							"pivot": [0, 0, -1],
							"rotation": [10.5, 0, 0],
							"uv": {
								"east": {"uv": [16, 17], "uv_size": [0.5, 1]},
								"south": {"uv": [11, 1], "uv_size": [1.5, 1]},
								"west": {"uv": [17, 17], "uv_size": [0.5, 1]}
							}
						},
						{
							"origin": [-0.7125, 6.30645, 3.55363],
							"size": [1.425, 0.1875, 0.3125],
							"inflate": 0.0001,
							"pivot": [0, 0, -0.9875],
							"rotation": [-50, 0, 0],
							"uv": {
								"east": {"uv": [18, 12], "uv_size": [0.5, 0.5]},
								"west": {"uv": [13, 18], "uv_size": [0.5, 0.5]},
								"down": {"uv": [14, 15.5], "uv_size": [1.5, -0.5]}
							}
						},
						{
							"origin": [-0.7125, -3.4375, 6.4625],
							"size": [1.425, 0.3, 0.4375],
							"uv": {
								"east": {"uv": [18, 13], "uv_size": [0.5, 0.5]},
								"west": {"uv": [14, 18], "uv_size": [0.5, 0.5]},
								"up": {"uv": [16, 0], "uv_size": [1.5, 0.5]},
								"down": {"uv": [16, 1.5], "uv_size": [1.5, -0.5]}
							}
						},
						{
							"origin": [-0.7125, 1.54831, 4.05041],
							"size": [1.425, 0.1, 3.0125],
							"pivot": [0.0001, 0, -1],
							"rotation": [-34, 0, 0],
							"uv": {
								"east": {"uv": [11, 2], "uv_size": [3, 0.5]},
								"west": {"uv": [11, 3], "uv_size": [3, 0.5]},
								"up": {"uv": [3, 0], "uv_size": [1.5, 3]}
							}
						},
						{
							"origin": [-0.7125, 3.87222, 6.34489],
							"size": [1.425, 0.1625, 0.1],
							"inflate": 0.0001,
							"pivot": [0, 0, -1],
							"rotation": [-50, 0, 0],
							"uv": {
								"north": {"uv": [2, 16], "uv_size": [1.5, 0.5]},
								"east": {"uv": [18, 14], "uv_size": [0.5, 0.5]},
								"west": {"uv": [15, 18], "uv_size": [0.5, 0.5]}
							}
						},
						{
							"origin": [-0.7125, 0.17192, 4.92376],
							"size": [1.425, 0.325, 0.3875],
							"inflate": 0.0001,
							"pivot": [0, 0, -1],
							"rotation": [-20.5, 0, 0],
							"uv": {
								"east": {"uv": [18, 15], "uv_size": [0.5, 0.5]},
								"south": {"uv": [16, 2], "uv_size": [1.5, 0.5]},
								"west": {"uv": [16, 18], "uv_size": [0.5, 0.5]}
							}
						},
						{
							"origin": [-0.7125, -1.83263, 1.73927],
							"size": [1.425, 1.8875, 0.2875],
							"pivot": [0, 0, -1],
							"rotation": [11, 0, 0],
							"uv": {
								"east": {"uv": [14, 2], "uv_size": [0.5, 2]},
								"south": {"uv": [0, 9], "uv_size": [1.5, 2]},
								"west": {"uv": [14, 7], "uv_size": [0.5, 2]}
							}
						},
						{
							"origin": [-0.7125, -2.09131, 1.19293],
							"size": [1.425, 0.1875, 0.3125],
							"inflate": 0.0001,
							"pivot": [0, 0, -1],
							"rotation": [50, 0, 0],
							"uv": {
								"east": {"uv": [18, 16], "uv_size": [0.5, 0.5]},
								"west": {"uv": [17, 18], "uv_size": [0.5, 0.5]},
								"down": {"uv": [16, 3.5], "uv_size": [1.5, -0.5]}
							}
						},
						{
							"origin": [-0.7125, -2.71756, -0.28851],
							"size": [1.425, 0.1, 0.325],
							"inflate": 0.0001,
							"pivot": [0, 0, -1],
							"rotation": [50, 0, 0],
							"uv": {
								"east": {"uv": [18, 17], "uv_size": [0.5, 0.5]},
								"west": {"uv": [18, 18], "uv_size": [0.5, 0.5]},
								"up": {"uv": [16, 4], "uv_size": [1.5, 0.5]}
							}
						},
						{
							"origin": [-0.7125, -0.57233, -0.7875],
							"size": [1.425, 0.95, 0.1875],
							"pivot": [0, 0, -1],
							"rotation": [12.60783, 0, 0],
							"uv": {
								"east": {"uv": [0, 18], "uv_size": [0.5, 1]},
								"west": {"uv": [18, 0], "uv_size": [0.5, 1]}
							}
						},
						{
							"origin": [-0.7125, -6.0286, 3.80382],
							"size": [1.425, 0.1375, 0.275],
							"inflate": 0.0001,
							"pivot": [0, 0, -1],
							"rotation": [37.5, 0, 0],
							"uv": {
								"east": {"uv": [0, 19], "uv_size": [0.5, 0.5]},
								"west": {"uv": [19, 0], "uv_size": [0.5, 0.5]},
								"up": {"uv": [16, 5], "uv_size": [1.5, 0.5]}
							}
						},
						{
							"origin": [-0.7125, -0.94382, 4.43745],
							"size": [1.425, 0.175, 2.375],
							"pivot": [0, 0, -1],
							"rotation": [-7.5, 0, 0],
							"uv": {
								"east": {"uv": [13, 4], "uv_size": [2.5, 0.5]},
								"west": {"uv": [13, 5], "uv_size": [2.5, 0.5]},
								"up": {"uv": [2, 6], "uv_size": [1.5, 2.5]},
								"down": {"uv": [4, 8.5], "uv_size": [1.5, -2.5]}
							}
						},
						{
							"origin": [-0.7125, -5.57719, 6.12694],
							"size": [1.425, 2.4125, 0.125],
							"pivot": [0, 0, -1],
							"rotation": [10.5, 0, 0],
							"uv": {
								"north": {"uv": [6, 6], "uv_size": [1.5, 2.5]},
								"east": {"uv": [3, 13], "uv_size": [0.5, 2.5]},
								"south": {"uv": [7, 0], "uv_size": [1.5, 2.5]},
								"west": {"uv": [9, 13], "uv_size": [0.5, 2.5]}
							}
						},
						{
							"origin": [-0.75, -4.40219, 6.08944],
							"size": [1.5, 1.1, 0.2],
							"pivot": [0, 0, -1],
							"rotation": [10.5, 0, 0],
							"uv": {
								"north": {"uv": [12, 7], "uv_size": [1.5, 1]},
								"east": {"uv": [8, 18], "uv_size": [0.5, 1]},
								"south": {"uv": [12, 8], "uv_size": [1.5, 1]},
								"west": {"uv": [9, 18], "uv_size": [0.5, 1]},
								"up": {"uv": [6, 17], "uv_size": [1.5, 0.5]},
								"down": {"uv": [17, 7.5], "uv_size": [1.5, -0.5]}
							}
						},
						{
							"origin": [-0.7498, -5.58588, 6.0888],
							"size": [1.5, 0.6625, 0.2],
							"pivot": [0.0002, 0.00381, -1.00064],
							"rotation": [10.5, 0, 0],
							"uv": {
								"north": {"uv": [17, 8], "uv_size": [1.5, 0.5]},
								"east": {"uv": [14, 19], "uv_size": [0.5, 0.5]},
								"south": {"uv": [10, 17], "uv_size": [1.5, 0.5]},
								"west": {"uv": [19, 14], "uv_size": [0.5, 0.5]},
								"up": {"uv": [12, 17], "uv_size": [1.5, 0.5]}
							}
						},
						{
							"origin": [-0.7125, -3.02734, 7.80451],
							"size": [1.425, 1.0375, 0.125],
							"inflate": 0.0002,
							"pivot": [0, 0, -1],
							"rotation": [-14.5, 0, 0],
							"uv": {
								"north": {"uv": [2, 11], "uv_size": [1.5, 1]},
								"east": {"uv": [1, 18], "uv_size": [0.5, 1]},
								"south": {"uv": [11, 4], "uv_size": [1.5, 1]},
								"west": {"uv": [18, 1], "uv_size": [0.5, 1]}
							}
						},
						{
							"origin": [-0.75, -2.832, 7.76701],
							"size": [1.5, 0.85, 0.2],
							"inflate": 0.0002,
							"pivot": [0, 0, -1],
							"rotation": [-14.5, 0, 0],
							"uv": {
								"north": {"uv": [11, 12], "uv_size": [1.5, 1]},
								"east": {"uv": [18, 9], "uv_size": [0.5, 1]},
								"south": {"uv": [0, 13], "uv_size": [1.5, 1]},
								"west": {"uv": [10, 18], "uv_size": [0.5, 1]},
								"down": {"uv": [8, 17.5], "uv_size": [1.5, -0.5]}
							}
						},
						{
							"origin": [-0.7125, -3.12734, 7.32951],
							"size": [1.425, 0.2, 0.5],
							"pivot": [0, 0, -1],
							"rotation": [-14.5, 0, 0],
							"uv": {
								"east": {"uv": [1, 19], "uv_size": [0.5, 0.5]},
								"west": {"uv": [19, 1], "uv_size": [0.5, 0.5]},
								"up": {"uv": [16, 6], "uv_size": [1.5, 0.5]},
								"down": {"uv": [7, 16.5], "uv_size": [1.5, -0.5]}
							}
						},
						{
							"origin": [-0.7125, -2.78984, 7.29201],
							"size": [1.425, 0.8189, 0.1],
							"pivot": [0, 0, -1],
							"rotation": [-14.5, 0, 0],
							"uv": {
								"east": {"uv": [2, 18], "uv_size": [0.5, 1]},
								"south": {"uv": [5, 11], "uv_size": [1.5, 1]},
								"west": {"uv": [18, 2], "uv_size": [0.5, 1]}
							}
						},
						{
							"origin": [-0.7125, -8.10122, 2.67849],
							"size": [1.425, 0.26517, 0.28284],
							"inflate": 0.0001,
							"pivot": [0, 0, -1],
							"rotation": [30.5, 0, 0],
							"uv": {
								"north": {"uv": [16, 9], "uv_size": [1.5, 0.5]},
								"east": {"uv": [2, 19], "uv_size": [0.5, 0.5]},
								"south": {"uv": [16, 10], "uv_size": [1.5, 0.5]},
								"west": {"uv": [19, 2], "uv_size": [0.5, 0.5]},
								"up": {"uv": [16, 11], "uv_size": [1.5, 0.5]}
							}
						},
						{
							"origin": [-0.7125, -8.29567, 3.08507],
							"size": [1.425, 0.07071, 0.14142],
							"inflate": 0.0001,
							"pivot": [0, 0, -1],
							"rotation": [30.5, 0, 0],
							"uv": {
								"east": {"uv": [3, 19], "uv_size": [0.5, 0.5]},
								"west": {"uv": [19, 3], "uv_size": [0.5, 0.5]},
								"up": {"uv": [12, 16], "uv_size": [1.5, 0.5]}
							}
						},
						{
							"origin": [-0.7125, -8.45477, 3.03204],
							"size": [1.425, 0.07071, 0.14142],
							"inflate": 0.0001,
							"pivot": [0, 0, -1],
							"rotation": [30.5, 0, 0],
							"uv": {
								"east": {"uv": [4, 19], "uv_size": [0.5, 0.5]},
								"west": {"uv": [19, 4], "uv_size": [0.5, 0.5]},
								"down": {"uv": [16, 12.5], "uv_size": [1.5, -0.5]}
							}
						},
						{
							"origin": [-0.762, -2.21996, 0.43153],
							"size": [1.524, 0.125, 0.1875],
							"inflate": 0.0001,
							"pivot": [0, 0, -1],
							"rotation": [50, 0, 0],
							"uv": {
								"east": {"uv": [5, 19], "uv_size": [0.5, 0.5]},
								"west": {"uv": [19, 5], "uv_size": [0.5, 0.5]},
								"up": {"uv": [16, 13], "uv_size": [1.5, 0.5]}
							}
						},
						{
							"origin": [-0.762, 0.7, -0.5],
							"size": [1.524, 0.12498, 2.1302],
							"uv": {
								"east": {"uv": [11, 14], "uv_size": [2, 0.5]},
								"west": {"uv": [14, 12], "uv_size": [2, 0.5]},
								"up": {"uv": [9, 0], "uv_size": [1.5, 2]},
								"down": {"uv": [2, 11], "uv_size": [1.5, -2]}
							}
						},
						{
							"origin": [-0.762, -0.47375, -0.6],
							"size": [1.524, 0.9997, 0.125],
							"pivot": [0, 0, -1],
							"rotation": [12.60783, 0, 0],
							"uv": {
								"north": {"uv": [11, 5], "uv_size": [1.5, 1]},
								"east": {"uv": [3, 18], "uv_size": [0.5, 1]},
								"south": {"uv": [11, 10], "uv_size": [1.5, 1]},
								"west": {"uv": [18, 3], "uv_size": [0.5, 1]}
							}
						},
						{
							"origin": [-0.762, -0.80884, 1.57677],
							"size": [1.524, 1.1168, 0.16252],
							"pivot": [0, 0, -1],
							"rotation": [11, 0, 0],
							"uv": {
								"north": {"uv": [11, 11], "uv_size": [1.5, 1]},
								"east": {"uv": [4, 18], "uv_size": [0.5, 1]},
								"south": {"uv": [2, 12], "uv_size": [1.5, 1]},
								"west": {"uv": [18, 4], "uv_size": [0.5, 1]}
							}
						},
						{
							"origin": [-0.762, -2.35248, 0.48441],
							"size": [1.524, 0.0625, 0.1354],
							"inflate": 0.0001,
							"pivot": [0, 0, -1],
							"rotation": [50, 0, 0],
							"uv": {
								"east": {"uv": [6, 19], "uv_size": [0.5, 0.5]},
								"west": {"uv": [19, 6], "uv_size": [0.5, 0.5]},
								"down": {"uv": [14, 16.5], "uv_size": [1.5, -0.5]}
							}
						},
						{
							"origin": [-0.7125, -0.52502, -0.41874],
							"size": [1.425, 0.15, 2.025],
							"uv": {
								"east": {"uv": [14, 13], "uv_size": [2, 0.5]},
								"west": {"uv": [14, 14], "uv_size": [2, 0.5]},
								"down": {"uv": [9, 4], "uv_size": [1.5, -2]}
							}
						},
						{
							"origin": [-0.762, 0.61951, -1.22983],
							"size": [1.524, 0.3174, 0.12502],
							"inflate": 0.0001,
							"pivot": [0, 0, -1],
							"rotation": [-45, 0, 0],
							"uv": {
								"north": {"uv": [16, 14], "uv_size": [1.5, 0.5]},
								"east": {"uv": [7, 19], "uv_size": [0.5, 0.5]},
								"south": {"uv": [16, 15], "uv_size": [1.5, 0.5]},
								"west": {"uv": [19, 7], "uv_size": [0.5, 0.5]}
							}
						},
						{
							"origin": [-0.5875, 0.7, 1.6302],
							"size": [1.175, 0.125, 5.5],
							"uv": {
								"south": {"uv": [5, 18], "uv_size": [1, 0.5]},
								"up": {"uv": [2, 0], "uv_size": [1, 5.5]}
							}
						},
						{
							"origin": [-0.01616, 0.88111, 1.6302],
							"size": [0.17678, 0.1, 5.5],
							"pivot": [-0.025, 0, -1],
							"rotation": [0, 0, -45],
							"uv": {
								"south": {"uv": [8, 19], "uv_size": [0.5, 0.5]},
								"up": {"uv": [7, 10], "uv_size": [0.5, 5.5]}
							}
						},
						{
							"origin": [-0.16062, 0.88111, 1.6302],
							"size": [0.17678, 0.1, 5.5],
							"pivot": [0.025, 0, -1],
							"rotation": [0, 0, 45],
							"uv": {
								"south": {"uv": [19, 8], "uv_size": [0.5, 0.5]},
								"up": {"uv": [8, 10], "uv_size": [0.5, 5.5]}
							}
						},
						{
							"origin": [-0.7125, 2.93557, 6.98781],
							"size": [1.425, 0.075, 0.175],
							"inflate": 0.0001,
							"pivot": [0, 0, -1],
							"rotation": [-44, 0, 0],
							"uv": {
								"east": {"uv": [9, 19], "uv_size": [0.5, 0.5]},
								"west": {"uv": [19, 9], "uv_size": [0.5, 0.5]},
								"down": {"uv": [16, 16.5], "uv_size": [1.5, -0.5]}
							}
						},
						{
							"origin": [-0.7125, -1.2375, -0.6335],
							"size": [1.425, 0.1, 2.375],
							"uv": {
								"east": {"uv": [13, 9], "uv_size": [2.5, 0.5]},
								"west": {"uv": [10, 13], "uv_size": [2.5, 0.5]},
								"up": {"uv": [7, 3], "uv_size": [1.5, 2.5]}
							}
						},
						{
							"origin": [-0.7125, -0.86882, 1.87495],
							"size": [1.425, 0.1, 2.5625],
							"pivot": [0, 0, -1],
							"rotation": [-7.5, 0, 0],
							"uv": {
								"east": {"uv": [13, 10], "uv_size": [2.5, 0.5]},
								"west": {"uv": [13, 11], "uv_size": [2.5, 0.5]},
								"up": {"uv": [8, 6], "uv_size": [1.5, 2.5]}
							}
						},
						{
							"origin": [-0.7125, 0.27192, 4.64876],
							"size": [1.425, 0.13, 0.275],
							"inflate": 0.0001,
							"pivot": [0, 0, -1],
							"rotation": [-20.5, 0, 0],
							"uv": {
								"east": {"uv": [10, 19], "uv_size": [0.5, 0.5]},
								"west": {"uv": [19, 10], "uv_size": [0.5, 0.5]}
							}
						},
						{
							"origin": [-0.5625, 1.39831, 4.05041],
							"size": [1.125, 0.15, 2.7875],
							"pivot": [0, 0, -1],
							"rotation": [-34, 0, 0],
							"uv": {
								"down": {"uv": [4, 12], "uv_size": [1, -3]}
							}
						},
						{
							"origin": [-0.5625, -5.31107, 5.52281],
							"size": [1.125, 0.925, 0.15],
							"pivot": [0, 0, -1],
							"rotation": [10.5, 0, 0],
							"uv": {
								"north": {"uv": [15, 2], "uv_size": [1, 1]}
							}
						},
						{
							"origin": [-0.5625, -2.93984, 7.14201],
							"size": [1.125, 0.95, 0.15],
							"pivot": [0, 0, -1],
							"rotation": [-14.5, 0, 0],
							"uv": {
								"north": {"uv": [15, 3], "uv_size": [1, 1]}
							}
						},
						{
							"origin": [-0.7125, 2.12601, 6.97275],
							"size": [1.425, 0.15, 0.0875],
							"inflate": 0.0001,
							"pivot": [0, 0, -1],
							"rotation": [-40, 0, 0],
							"uv": {
								"east": {"uv": [11, 19], "uv_size": [0.5, 0.5]},
								"south": {"uv": [0, 17], "uv_size": [1.5, 0.5]},
								"west": {"uv": [19, 11], "uv_size": [0.5, 0.5]}
							}
						},
						{
							"origin": [-0.7125, -1.1375, 1.5915],
							"size": [1.425, 0.125, 0.1375],
							"uv": {
								"east": {"uv": [12, 19], "uv_size": [0.5, 0.5]},
								"west": {"uv": [19, 12], "uv_size": [0.5, 0.5]}
							}
						},
						{
							"origin": [-6.37447, -2.93984, 4.3772],
							"size": [0.21213, 0.95, 0.1],
							"pivot": [-0.025, 0, -1],
							"rotation": [-20.08951, 43.20288, -14.05673],
							"uv": {
								"north": {"uv": [18, 5], "uv_size": [0.5, 1]}
							}
						},
						{
							"origin": [-5.22953, -5.31107, 3.23226],
							"size": [0.21213, 0.925, 0.1],
							"pivot": [-0.025, 0, -1],
							"rotation": [14.68734, 44.04843, 10.32799],
							"uv": {
								"north": {"uv": [6, 18], "uv_size": [0.5, 1]}
							}
						},
						{
							"origin": [-1.60596, 0.60868, 4.05041],
							"size": [0.21213, 0.1, 2.7875],
							"pivot": [-0.025, 0, -1],
							"rotation": [-25.49879, 23.29149, 39.66001],
							"uv": {
								"down": {"uv": [4, 15], "uv_size": [0.5, -3]}
							}
						},
						{
							"origin": [0.10321, -1.10049, 1.87495],
							"size": [0.21213, 0.1, 2.3375],
							"pivot": [-0.025, 0, -1],
							"rotation": [-5.31847, 5.29571, 44.75386],
							"uv": {
								"down": {"uv": [13, 14.5], "uv_size": [0.5, -2.5]}
							}
						},
						{
							"origin": [0.36391, -1.36118, -0.6335],
							"size": [0.21213, 0.10607, 2.3875],
							"pivot": [-0.025, 0, -1],
							"rotation": [0, 0, 45],
							"uv": {
								"north": {"uv": [13, 19], "uv_size": [0.5, 0.5]},
								"down": {"uv": [0, 16.5], "uv_size": [0.5, -2.5]}
							}
						},
						{
							"origin": [-0.57604, -1.36118, -0.6335],
							"size": [0.21213, 0.10607, 2.3875],
							"pivot": [0.025, 0, -1],
							"rotation": [0, 0, -45],
							"uv": {
								"north": {"uv": [19, 13], "uv_size": [0.5, 0.5]},
								"down": {"uv": [1, 16.5], "uv_size": [0.5, -2.5]}
							}
						},
						{
							"origin": [-0.31535, -1.10049, 1.87495],
							"size": [0.21213, 0.1, 2.3375],
							"pivot": [0.025, 0, -1],
							"rotation": [-5.31847, -5.29571, -44.75386],
							"uv": {
								"down": {"uv": [10, 16.5], "uv_size": [0.5, -2.5]}
							}
						},
						{
							"origin": [1.39382, 0.60868, 4.05041],
							"size": [0.21213, 0.1, 2.7875],
							"pivot": [0.025, 0, -1],
							"rotation": [-25.49879, -23.29149, -39.66001],
							"uv": {
								"down": {"uv": [5, 15], "uv_size": [0.5, -3]}
							}
						},
						{
							"origin": [5.0174, -5.31107, 3.23226],
							"size": [0.21213, 0.925, 0.1],
							"pivot": [0.025, 0, -1],
							"rotation": [14.68734, -44.04843, -10.32799],
							"uv": {
								"north": {"uv": [18, 6], "uv_size": [0.5, 1]}
							}
						},
						{
							"origin": [6.16234, -2.93984, 4.3772],
							"size": [0.21213, 0.95, 0.1],
							"pivot": [0.025, 0, -1],
							"rotation": [-20.08951, -43.20288, 14.05673],
							"uv": {
								"north": {"uv": [7, 18], "uv_size": [0.5, 1]}
							}
						}
					]
				}
			]
		}
	]
}