{
	"format_version": "1.12.0",
	"minecraft:geometry": [
		{
			"description": {
				"identifier": "geometry.buttstock_zhukovs",
				"texture_width": 32,
				"texture_height": 32,
				"visible_bounds_width": 3,
				"visible_bounds_height": 2,
				"visible_bounds_offset": [0, 0, 0]
			},
			"bones": [
				{
					"name": "base",
					"pivot": [0, 0, 0],
					"cubes": [
						{
							"origin": [0.4375, -0.9375, -3.67855],
							"size": [0.2875, 0.2, 0.1],
							"pivot": [0, -0.8375, -3.325],
							"rotation": [-45, 0, 0],
							"uv": {
								"south": {"uv": [4, 21], "uv_size": [0.5, 0.5]},
								"west": {"uv": [21, 4], "uv_size": [0.5, 0.5]}
							}
						},
						{
							"origin": [0.4375, -0.9375, -3.07145],
							"size": [0.2875, 0.2, 0.1],
							"pivot": [0, -0.8375, -3.325],
							"rotation": [-45, 0, 0],
							"uv": {
								"north": {"uv": [5, 21], "uv_size": [0.5, 0.5]},
								"west": {"uv": [21, 5], "uv_size": [0.5, 0.5]}
							}
						},
						{
							"origin": [-0.725, -1.0875, -3.95],
							"size": [1.1625, 1.1875, 1.5],
							"uv": {
								"north": {"uv": [5, 16], "uv_size": [1, 1]},
								"east": {"uv": [14, 2], "uv_size": [1.5, 1]},
								"south": {"uv": [6, 16], "uv_size": [1, 1]},
								"west": {"uv": [14, 3], "uv_size": [1.5, 1]},
								"up": {"uv": [6, 14], "uv_size": [1, 1.5]}
							}
						},
						{
							"origin": [0.4375, -1.0875, -3.075],
							"size": [0.2875, 0.5, 0.625],
							"uv": {
								"north": {"uv": [6, 21], "uv_size": [0.5, 0.5]},
								"south": {"uv": [21, 6], "uv_size": [0.5, 0.5]},
								"west": {"uv": [7, 21], "uv_size": [0.5, 0.5]}
							}
						},
						{
							"origin": [0.4375, -0.9375, -3.07145],
							"size": [0.2875, 0.2, 0.1],
							"pivot": [0, -0.8375, -3.325],
							"rotation": [45, 0, 0],
							"uv": {
								"north": {"uv": [21, 7], "uv_size": [0.5, 0.5]},
								"west": {"uv": [8, 21], "uv_size": [0.5, 0.5]}
							}
						},
						{
							"origin": [0.4375, -0.9375, -3.67855],
							"size": [0.2875, 0.2, 0.1],
							"pivot": [0, -0.8375, -3.325],
							"rotation": [45, 0, 0],
							"uv": {
								"south": {"uv": [21, 8], "uv_size": [0.5, 0.5]},
								"west": {"uv": [9, 21], "uv_size": [0.5, 0.5]}
							}
						},
						{
							"origin": [0.4375, -1.0875, -3.95],
							"size": [0.2875, 0.5, 0.375],
							"uv": {
								"north": {"uv": [21, 9], "uv_size": [0.5, 0.5]},
								"south": {"uv": [10, 21], "uv_size": [0.5, 0.5]},
								"west": {"uv": [21, 10], "uv_size": [0.5, 0.5]}
							}
						},
						{
							"origin": [-0.4375, -1.0875, -3.075],
							"size": [0.875, 1.6875, 0.4125],
							"uv": {
								"south": {"uv": [7, 14], "uv_size": [1, 1.5]},
								"up": {"uv": [13, 18], "uv_size": [1, 0.5]}
							}
						},
						{
							"origin": [-0.03206, 0.1, -2.33369],
							"size": [0.35355, 0.5, 0.1625],
							"pivot": [-0.2, -1.775, -2.675],
							"rotation": [0, -45, 0],
							"uv": {
								"north": {"uv": [11, 21], "uv_size": [0.5, 0.5]},
								"south": {"uv": [21, 11], "uv_size": [0.5, 0.5]},
								"up": {"uv": [12, 21], "uv_size": [0.5, 0.5]},
								"down": {"uv": [21, 12.5], "uv_size": [0.5, -0.5]}
							}
						},
						{
							"origin": [-0.725, 0.1, -3.95],
							"size": [1.1625, 0.5, 0.875],
							"uv": {
								"north": {"uv": [4, 19], "uv_size": [1, 0.5]},
								"east": {"uv": [8, 19], "uv_size": [1, 0.5]},
								"up": {"uv": [7, 16], "uv_size": [1, 1]}
							}
						},
						{
							"origin": [-0.4375, 0.1, -2.6625],
							"size": [0.175, 0.5, 0.4625],
							"uv": {
								"east": {"uv": [13, 21], "uv_size": [0.5, 0.5]},
								"west": {"uv": [21, 13], "uv_size": [0.5, 0.5]},
								"up": {"uv": [14, 21], "uv_size": [0.5, 0.5]},
								"down": {"uv": [21, 14.5], "uv_size": [0.5, -0.5]}
							}
						},
						{
							"origin": [-0.23588, 0.1, -2.9932],
							"size": [0.2, 0.5, 0.09701],
							"pivot": [0.2, -1.775, -2.675],
							"rotation": [0, 45, 0],
							"uv": {
								"south": {"uv": [15, 21], "uv_size": [0.5, 0.5]},
								"up": {"uv": [21, 15], "uv_size": [0.5, 0.5]}
							}
						},
						{
							"origin": [-0.1875, 0.1, -2.1125],
							"size": [0.375, 0.5, 0.1625],
							"uv": {
								"north": {"uv": [16, 21], "uv_size": [0.5, 0.5]},
								"south": {"uv": [21, 16], "uv_size": [0.5, 0.5]},
								"up": {"uv": [17, 21], "uv_size": [0.5, 0.5]},
								"down": {"uv": [21, 17.5], "uv_size": [0.5, -0.5]}
							}
						},
						{
							"origin": [-0.32149, 0.1, -2.33369],
							"size": [0.35355, 0.5, 0.1625],
							"pivot": [0.2, -1.775, -2.675],
							"rotation": [0, 45, 0],
							"uv": {
								"north": {"uv": [18, 21], "uv_size": [0.5, 0.5]},
								"south": {"uv": [21, 18], "uv_size": [0.5, 0.5]},
								"up": {"uv": [19, 21], "uv_size": [0.5, 0.5]},
								"down": {"uv": [21, 19.5], "uv_size": [0.5, -0.5]}
							}
						},
						{
							"origin": [0.4375, -0.5875, -3.95],
							"size": [0.2875, 1.1875, 1.5],
							"uv": {
								"north": {"uv": [19, 11], "uv_size": [0.5, 1]},
								"south": {"uv": [19, 12], "uv_size": [0.5, 1]},
								"west": {"uv": [8, 14], "uv_size": [1.5, 1]},
								"up": {"uv": [17, 7], "uv_size": [0.5, 1.5]},
								"down": {"uv": [8, 18.5], "uv_size": [0.5, -1.5]}
							}
						},
						{
							"origin": [-0.725, -1.775, -3.95],
							"size": [1.45, 0.6875, 1.5],
							"uv": {
								"north": {"uv": [9, 17], "uv_size": [1.5, 0.5]},
								"east": {"uv": [17, 9], "uv_size": [1.5, 0.5]},
								"south": {"uv": [17, 10], "uv_size": [1.5, 0.5]},
								"west": {"uv": [17, 11], "uv_size": [1.5, 0.5]},
								"up": {"uv": [11, 10], "uv_size": [1.5, 1.5]},
								"down": {"uv": [12, 3.5], "uv_size": [1.5, -1.5]}
							}
						},
						{
							"origin": [0.2625, 0.1, -2.6625],
							"size": [0.175, 0.5, 0.4625],
							"uv": {
								"east": {"uv": [20, 21], "uv_size": [0.5, 0.5]},
								"west": {"uv": [21, 20], "uv_size": [0.5, 0.5]},
								"up": {"uv": [21, 21], "uv_size": [0.5, 0.5]},
								"down": {"uv": [0, 22.5], "uv_size": [0.5, -0.5]}
							}
						},
						{
							"origin": [0.03588, 0.1, -2.9932],
							"size": [0.2, 0.5, 0.09701],
							"pivot": [-0.2, -1.775, -2.675],
							"rotation": [0, -45, 0],
							"uv": {
								"south": {"uv": [22, 0], "uv_size": [0.5, 0.5]},
								"up": {"uv": [1, 22], "uv_size": [0.5, 0.5]}
							}
						},
						{
							"origin": [-1.0375, 0.1, -3.075],
							"size": [0.6, 0.5, 0.625],
							"uv": {
								"north": {"uv": [22, 1], "uv_size": [0.5, 0.5]},
								"south": {"uv": [2, 22], "uv_size": [0.5, 0.5]},
								"up": {"uv": [22, 2], "uv_size": [0.5, 0.5]},
								"down": {"uv": [3, 22.5], "uv_size": [0.5, -0.5]}
							}
						},
						{
							"origin": [-1.225, 0.1, -2.8875],
							"size": [0.1875, 0.5, 0.25],
							"uv": {
								"east": {"uv": [22, 3], "uv_size": [0.5, 0.5]},
								"up": {"uv": [4, 22], "uv_size": [0.5, 0.5]},
								"down": {"uv": [22, 4.5], "uv_size": [0.5, -0.5]}
							}
						},
						{
							"origin": [-1.2841, 0.1, -2.74482],
							"size": [0.13258, 0.5, 0.26517],
							"pivot": [-1.125, 0.35, -2.7625],
							"rotation": [0, 45, 0],
							"uv": {
								"east": {"uv": [5, 22], "uv_size": [0.5, 0.5]},
								"up": {"uv": [22, 5], "uv_size": [0.5, 0.5]},
								"down": {"uv": [6, 22.5], "uv_size": [0.5, -0.5]}
							}
						},
						{
							"origin": [-1.2841, 0.35, -3.04534],
							"size": [0.13258, 0.25, 0.26517],
							"pivot": [-1.125, 0.35, -2.7625],
							"rotation": [0, -45, 0],
							"uv": {
								"east": {"uv": [22, 6], "uv_size": [0.5, 0.5]},
								"up": {"uv": [7, 22], "uv_size": [0.5, 0.5]}
							}
						},
						{
							"origin": [-1.025, 0.1, -3.45],
							"size": [0.3, 0.25, 0.2],
							"uv": {
								"north": {"uv": [22, 7], "uv_size": [0.5, 0.5]},
								"up": {"uv": [8, 22], "uv_size": [0.5, 0.5]},
								"down": {"uv": [22, 8.5], "uv_size": [0.5, -0.5]}
							}
						},
						{
							"origin": [-1.51443, 0.1, -3.08159],
							"size": [0.14142, 0.25, 0.28284],
							"pivot": [-0.825, -1.575, -2.675],
							"rotation": [0, -45, 0],
							"uv": {
								"east": {"uv": [9, 22], "uv_size": [0.5, 0.5]},
								"up": {"uv": [22, 9], "uv_size": [0.5, 0.5]},
								"down": {"uv": [10, 22.5], "uv_size": [0.5, -0.5]}
							}
						},
						{
							"origin": [-1.225, 0.1, -3.25],
							"size": [0.5, 0.25, 0.3625],
							"uv": {
								"east": {"uv": [22, 10], "uv_size": [0.5, 0.5]},
								"up": {"uv": [11, 22], "uv_size": [0.5, 0.5]},
								"down": {"uv": [22, 11.5], "uv_size": [0.5, -0.5]}
							}
						},
						{
							"origin": [-1.025, -1.525, -3.45],
							"size": [0.3, 0.25, 0.2],
							"uv": {
								"north": {"uv": [12, 22], "uv_size": [0.5, 0.5]},
								"up": {"uv": [22, 12], "uv_size": [0.5, 0.5]},
								"down": {"uv": [13, 22.5], "uv_size": [0.5, -0.5]}
							}
						},
						{
							"origin": [-1.0375, -1.775, -3.075],
							"size": [0.3125, 0.5, 0.625],
							"uv": {
								"north": {"uv": [22, 13], "uv_size": [0.5, 0.5]},
								"south": {"uv": [14, 22], "uv_size": [0.5, 0.5]},
								"up": {"uv": [22, 14], "uv_size": [0.5, 0.5]},
								"down": {"uv": [15, 22.5], "uv_size": [0.5, -0.5]}
							}
						},
						{
							"origin": [-1.2841, -1.775, -2.74482],
							"size": [0.13258, 0.5, 0.26517],
							"pivot": [-1.125, -1.525, -2.7625],
							"rotation": [0, 45, 0],
							"uv": {
								"east": {"uv": [22, 15], "uv_size": [0.5, 0.5]},
								"up": {"uv": [16, 22], "uv_size": [0.5, 0.5]},
								"down": {"uv": [22, 16.5], "uv_size": [0.5, -0.5]}
							}
						},
						{
							"origin": [-1.225, -1.775, -2.8875],
							"size": [0.1875, 0.5, 0.25],
							"uv": {
								"east": {"uv": [17, 22], "uv_size": [0.5, 0.5]},
								"up": {"uv": [22, 17], "uv_size": [0.5, 0.5]},
								"down": {"uv": [18, 22.5], "uv_size": [0.5, -0.5]}
							}
						},
						{
							"origin": [-1.2841, -1.775, -3.04534],
							"size": [0.13258, 0.25, 0.26517],
							"pivot": [-1.125, -1.525, -2.7625],
							"rotation": [0, -45, 0],
							"uv": {
								"east": {"uv": [22, 18], "uv_size": [0.5, 0.5]},
								"down": {"uv": [19, 22.5], "uv_size": [0.5, -0.5]}
							}
						},
						{
							"origin": [-1.51443, -1.525, -3.08159],
							"size": [0.14142, 0.25, 0.28284],
							"pivot": [-0.825, -3.2, -2.675],
							"rotation": [0, -45, 0],
							"uv": {
								"east": {"uv": [22, 19], "uv_size": [0.5, 0.5]},
								"up": {"uv": [20, 22], "uv_size": [0.5, 0.5]},
								"down": {"uv": [22, 20.5], "uv_size": [0.5, -0.5]}
							}
						},
						{
							"origin": [-1.225, -1.525, -3.25],
							"size": [0.5, 0.25, 0.3625],
							"uv": {
								"east": {"uv": [21, 22], "uv_size": [0.5, 0.5]},
								"up": {"uv": [22, 21], "uv_size": [0.5, 0.5]},
								"down": {"uv": [22, 22.5], "uv_size": [0.5, -0.5]}
							}
						}
					]
				},
				{
					"name": "main",
					"pivot": [-0.975, -0.5875, -2.7625],
					"cubes": [
						{
							"origin": [-1.1, -1.8375, -2.8875],
							"size": [0.25, 2.5, 0.25],
							"pivot": [-0.975, -0.5875, -2.7625],
							"rotation": [0, 45, 0],
							"uv": {
								"north": {"uv": [15, 14], "uv_size": [0.5, 2.5]},
								"east": {"uv": [16, 0], "uv_size": [0.5, 2.5]},
								"south": {"uv": [16, 3], "uv_size": [0.5, 2.5]},
								"west": {"uv": [4, 16], "uv_size": [0.5, 2.5]},
								"up": {"uv": [0, 23], "uv_size": [0.5, 0.5]},
								"down": {"uv": [23, 0.5], "uv_size": [0.5, -0.5]}
							}
						},
						{
							"origin": [-0.725, -0.025, -2.45],
							"size": [0.325, 0.375, 0.75],
							"uv": {
								"north": {"uv": [1, 23], "uv_size": [0.5, 0.5]},
								"east": {"uv": [13, 19], "uv_size": [1, 0.5]},
								"up": {"uv": [19, 13], "uv_size": [0.5, 1]}
							}
						},
						{
							"origin": [0.04798, 1.0742, -2.47246],
							"size": [0.2375, 0.14114, 0.2875],
							"pivot": [0.7625, -0.5875, -2.7625],
							"rotation": [-22.20765, 20.70481, -49.10661],
							"uv": {
								"up": {"uv": [23, 1], "uv_size": [0.5, 0.5]}
							}
						},
						{
							"origin": [-0.5, -0.025, -2.175],
							"size": [0.1, 0.6, 0.75],
							"pivot": [-0.5, 0.575, -2.175],
							"rotation": [0, 30, 0],
							"uv": {
								"west": {"uv": [14, 19], "uv_size": [1, 0.5]},
								"up": {"uv": [15, 19], "uv_size": [0.5, 1]}
							}
						},
						{
							"origin": [0.09801, -0.025, -2.17119],
							"size": [0.25, 0.6, 0.06187],
							"pivot": [-0.2, -1.775, -2.675],
							"rotation": [0, -45, 0],
							"uv": {
								"north": {"uv": [2, 23], "uv_size": [0.5, 0.5]},
								"up": {"uv": [23, 2], "uv_size": [0.5, 0.5]}
							}
						},
						{
							"origin": [-0.8182, 0.43386, -2.175],
							"size": [0.3182, 0.14114, 0.75],
							"pivot": [-0.5, 0.575, -2.175],
							"rotation": [-22.20765, 20.70481, -49.10661],
							"uv": {
								"up": {"uv": [16, 19], "uv_size": [0.5, 1]}
							}
						},
						{
							"origin": [-0.8182, 0.43386, -2.233],
							"size": [0.0125, 0.14114, 0.058],
							"pivot": [-0.5, 0.575, -2.175],
							"rotation": [-22.20765, 20.70481, -49.10661],
							"uv": {
								"up": {"uv": [3, 23], "uv_size": [0.5, 0.5]}
							}
						},
						{
							"origin": [-0.8125, 0.43386, -2.175],
							"size": [0.3125, 0.14114, 0.05702],
							"pivot": [-0.5, 0.575, -2.175],
							"rotation": [-21.08912, 10.7086, -44.99216],
							"uv": {
								"up": {"uv": [23, 3], "uv_size": [0.5, 0.5]}
							}
						},
						{
							"origin": [-0.8182, 0.37171, -2.175],
							"size": [0.0125, 0.20329, 0.057],
							"pivot": [-0.5, 0.575, -2.175],
							"rotation": [0, 0, -45],
							"uv": {
								"up": {"uv": [4, 23], "uv_size": [0.5, 0.5]}
							}
						},
						{
							"origin": [-0.8125, 0.37171, -2.23202],
							"size": [0.3125, 0.20329, 0.05702],
							"pivot": [-0.5, 0.575, -2.175],
							"rotation": [0, 10.75, -45],
							"uv": {
								"up": {"uv": [23, 4], "uv_size": [0.5, 0.5]}
							}
						},
						{
							"origin": [-0.8182, 0.37171, -2.45],
							"size": [0.3182, 0.20329, 0.275],
							"pivot": [-0.5, 0.575, -2.175],
							"rotation": [0, 0, -45],
							"uv": {
								"north": {"uv": [5, 23], "uv_size": [0.5, 0.5]},
								"up": {"uv": [23, 5], "uv_size": [0.5, 0.5]}
							}
						},
						{
							"origin": [-0.5, -0.025, -2.45],
							"size": [0.1, 0.6, 0.275],
							"uv": {
								"north": {"uv": [6, 23], "uv_size": [0.5, 0.5]},
								"west": {"uv": [23, 6], "uv_size": [0.5, 0.5]},
								"up": {"uv": [7, 23], "uv_size": [0.5, 0.5]}
							}
						},
						{
							"origin": [-0.28548, 1.0742, -2.47246],
							"size": [0.2375, 0.14114, 0.2875],
							"pivot": [-0.7625, -0.5875, -2.7625],
							"rotation": [-22.20765, -20.70481, 49.10661],
							"uv": {
								"up": {"uv": [23, 7], "uv_size": [0.5, 0.5]}
							}
						},
						{
							"origin": [0.4, -0.025, -2.175],
							"size": [0.1, 0.6, 0.75],
							"pivot": [0.5, 0.575, -2.175],
							"rotation": [0, -30, 0],
							"uv": {
								"east": {"uv": [17, 19], "uv_size": [1, 0.5]},
								"up": {"uv": [18, 19], "uv_size": [0.5, 1]}
							}
						},
						{
							"origin": [-0.34801, -0.025, -2.17119],
							"size": [0.25, 0.6, 0.06187],
							"pivot": [0.2, -1.775, -2.675],
							"rotation": [0, 45, 0],
							"uv": {
								"north": {"uv": [8, 23], "uv_size": [0.5, 0.5]},
								"up": {"uv": [23, 8], "uv_size": [0.5, 0.5]}
							}
						},
						{
							"origin": [0.5, 0.43386, -2.175],
							"size": [0.3182, 0.14114, 0.75],
							"pivot": [0.5, 0.575, -2.175],
							"rotation": [-22.20765, -20.70481, 49.10661],
							"uv": {
								"up": {"uv": [19, 19], "uv_size": [0.5, 1]}
							}
						},
						{
							"origin": [0.8057, 0.43386, -2.233],
							"size": [0.0125, 0.14114, 0.058],
							"pivot": [0.5, 0.575, -2.175],
							"rotation": [-22.20765, -20.70481, 49.10661],
							"uv": {
								"up": {"uv": [9, 23], "uv_size": [0.5, 0.5]}
							}
						},
						{
							"origin": [0.5, 0.43386, -2.175],
							"size": [0.3125, 0.14114, 0.05702],
							"pivot": [0.5, 0.575, -2.175],
							"rotation": [-21.08912, -10.7086, 44.99216],
							"uv": {
								"up": {"uv": [23, 9], "uv_size": [0.5, 0.5]}
							}
						},
						{
							"origin": [0.8057, 0.37171, -2.175],
							"size": [0.0125, 0.20329, 0.057],
							"pivot": [0.5, 0.575, -2.175],
							"rotation": [0, 0, 45],
							"uv": {
								"up": {"uv": [10, 23], "uv_size": [0.5, 0.5]}
							}
						},
						{
							"origin": [0.5, 0.37171, -2.23202],
							"size": [0.3125, 0.20329, 0.05702],
							"pivot": [0.5, 0.575, -2.175],
							"rotation": [0, -10.75, 45],
							"uv": {
								"up": {"uv": [23, 10], "uv_size": [0.5, 0.5]}
							}
						},
						{
							"origin": [0.5, 0.37171, -2.45],
							"size": [0.3182, 0.20329, 0.275],
							"pivot": [0.5, 0.575, -2.175],
							"rotation": [0, 0, 45],
							"uv": {
								"north": {"uv": [11, 23], "uv_size": [0.5, 0.5]},
								"up": {"uv": [23, 11], "uv_size": [0.5, 0.5]}
							}
						},
						{
							"origin": [0.4, -0.025, -2.45],
							"size": [0.1, 0.6, 0.275],
							"uv": {
								"north": {"uv": [12, 23], "uv_size": [0.5, 0.5]},
								"east": {"uv": [23, 12], "uv_size": [0.5, 0.5]},
								"up": {"uv": [13, 23], "uv_size": [0.5, 0.5]}
							}
						},
						{
							"origin": [0.8125, 0.43386, -2.175],
							"size": [0.0125, 0.14114, 0.00237],
							"pivot": [0.5, 0.575, -2.175],
							"rotation": [-21.08912, -10.7086, 44.99216],
							"uv": {
								"up": {"uv": [0, 0], "uv_size": [0.5, 0]}
							}
						},
						{
							"origin": [0.8125, 0.5625, -2.17835],
							"size": [0.0125, 0.0125, 0.00335],
							"pivot": [0.5, 0.575, -2.175],
							"rotation": [0, -10.75, 45],
							"uv": {
								"up": {"uv": [0, 0], "uv_size": [0.5, 0]}
							}
						},
						{
							"origin": [-0.825, 0.5625, -2.17835],
							"size": [0.0125, 0.0125, 0.00335],
							"pivot": [-0.5, 0.575, -2.175],
							"rotation": [0, 10.75, -45],
							"uv": {
								"up": {"uv": [0, 0], "uv_size": [0.5, 0]}
							}
						},
						{
							"origin": [-0.825, 0.43386, -2.175],
							"size": [0.0125, 0.14114, 0.00237],
							"pivot": [-0.5, 0.575, -2.175],
							"rotation": [-21.08912, 10.7086, -44.99216],
							"uv": {
								"up": {"uv": [0, 0], "uv_size": [0.5, 0]}
							}
						},
						{
							"origin": [-0.225, -0.025, -1.95],
							"size": [0.45, 0.6, 0.24375],
							"uv": {
								"north": {"uv": [23, 13], "uv_size": [0.5, 0.5]},
								"up": {"uv": [14, 23], "uv_size": [0.5, 0.5]}
							}
						},
						{
							"origin": [-0.725, -1.775, -0.7],
							"size": [1.45, 1, 5.35],
							"uv": {
								"east": {"uv": [8, 0], "uv_size": [5.5, 1]},
								"west": {"uv": [8, 1], "uv_size": [5.5, 1]},
								"up": {"uv": [0, 5], "uv_size": [1.5, 5.5]}
							}
						},
						{
							"origin": [0.4, -0.025, -2.45],
							"size": [0.325, 0.375, 0.75],
							"uv": {
								"north": {"uv": [23, 14], "uv_size": [0.5, 0.5]},
								"west": {"uv": [0, 20], "uv_size": [1, 0.5]},
								"up": {"uv": [1, 20], "uv_size": [0.5, 1]}
							}
						},
						{
							"origin": [-0.725, 0.43089, -2.3111],
							"size": [1.45, 0.32476, 0.75],
							"pivot": [-0.975, -0.5875, -2.7625],
							"rotation": [-30, 0, 0],
							"uv": {
								"east": {"uv": [2, 20], "uv_size": [1, 0.5]},
								"west": {"uv": [3, 20], "uv_size": [1, 0.5]},
								"up": {"uv": [10, 14], "uv_size": [1.5, 1]}
							}
						},
						{
							"origin": [-0.725, 2.34034, 4.28993],
							"size": [1.45, 1.7875, 0.39375],
							"pivot": [-0.975, -0.5875, -2.7625],
							"rotation": [-30, 0, 0],
							"uv": {
								"east": {"uv": [16, 10], "uv_size": [0.5, 2]},
								"south": {"uv": [4, 9], "uv_size": [1.5, 2]},
								"west": {"uv": [11, 16], "uv_size": [0.5, 2]}
							}
						},
						{
							"origin": [-0.725, -0.9875, 5.15],
							"size": [1.45, 0.9625, 0.45],
							"uv": {
								"east": {"uv": [4, 20], "uv_size": [0.5, 1]},
								"west": {"uv": [5, 20], "uv_size": [0.5, 1]}
							}
						},
						{
							"origin": [-0.725, -0.22698, 5.6],
							"size": [1.45, 0.20198, 0.44375],
							"uv": {
								"east": {"uv": [15, 23], "uv_size": [0.5, 0.5]},
								"south": {"uv": [17, 12], "uv_size": [1.5, 0.5]},
								"west": {"uv": [23, 15], "uv_size": [0.5, 0.5]}
							}
						},
						{
							"origin": [-0.725, -0.525, -0.7],
							"size": [1.45, 0.5, 5.35],
							"uv": {
								"east": {"uv": [11, 6], "uv_size": [5.5, 0.5]},
								"west": {"uv": [11, 7], "uv_size": [5.5, 0.5]},
								"down": {"uv": [2, 10.5], "uv_size": [1.5, -5.5]}
							}
						},
						{
							"origin": [-0.725, -1.775, 4.65],
							"size": [1.45, 1.75, 0.5],
							"uv": {
								"north": {"uv": [9, 6], "uv_size": [1.5, 2]},
								"east": {"uv": [12, 16], "uv_size": [0.5, 2]},
								"west": {"uv": [13, 16], "uv_size": [0.5, 2]}
							}
						},
						{
							"origin": [-0.725, -1.775, -2.45],
							"size": [1.45, 1.75, 1.75],
							"uv": {
								"north": {"uv": [9, 8], "uv_size": [1.5, 2]},
								"east": {"uv": [4, 7], "uv_size": [2, 2]},
								"south": {"uv": [10, 2], "uv_size": [1.5, 2]},
								"west": {"uv": [8, 2], "uv_size": [2, 2]},
								"up": {"uv": [9, 10], "uv_size": [1.5, 2]}
							}
						},
						{
							"origin": [-1.1, -1.275, -2.45],
							"size": [0.375, 1.375, 0.5],
							"uv": {
								"south": {"uv": [14, 17], "uv_size": [0.5, 1.5]},
								"west": {"uv": [15, 17], "uv_size": [0.5, 1.5]},
								"up": {"uv": [16, 23], "uv_size": [0.5, 0.5]},
								"down": {"uv": [23, 16.5], "uv_size": [0.5, -0.5]}
							}
						},
						{
							"origin": [-1.225, -1.15, -2.45],
							"size": [0.125, 1.125, 0.5],
							"uv": {
								"east": {"uv": [20, 5], "uv_size": [0.5, 1]},
								"south": {"uv": [6, 20], "uv_size": [0.5, 1]}
							}
						},
						{
							"origin": [-1.225, -1.275, -3.15],
							"size": [0.5, 1.375, 0.7],
							"uv": {
								"north": {"uv": [16, 17], "uv_size": [0.5, 1.5]},
								"east": {"uv": [17, 17], "uv_size": [0.5, 1.5]},
								"south": {"uv": [0, 18], "uv_size": [0.5, 1.5]},
								"west": {"uv": [18, 0], "uv_size": [0.5, 1.5]},
								"up": {"uv": [17, 23], "uv_size": [0.5, 0.5]},
								"down": {"uv": [23, 17.5], "uv_size": [0.5, -0.5]}
							}
						},
						{
							"origin": [-1.54952, -0.36653, -2.45],
							"size": [0.08839, 0.17678, 0.5],
							"pivot": [-0.975, -0.5875, -2.7625],
							"rotation": [0, 0, 45],
							"uv": {
								"east": {"uv": [18, 23], "uv_size": [0.5, 0.5]},
								"south": {"uv": [23, 18], "uv_size": [0.5, 0.5]}
							}
						},
						{
							"origin": [-1.54952, -0.98525, -2.45],
							"size": [0.08839, 0.17678, 0.5],
							"pivot": [-0.975, -0.5875, -2.7625],
							"rotation": [0, 0, -45],
							"uv": {
								"east": {"uv": [19, 23], "uv_size": [0.5, 0.5]},
								"south": {"uv": [23, 19], "uv_size": [0.5, 0.5]}
							}
						},
						{
							"origin": [-0.6, -0.775, 0.55],
							"size": [1.2, 0.25, 2.85],
							"uv": {
								"north": {"uv": [20, 6], "uv_size": [1, 0.5]},
								"east": {"uv": [12, 14], "uv_size": [3, 0.5]},
								"south": {"uv": [7, 20], "uv_size": [1, 0.5]},
								"west": {"uv": [14, 12], "uv_size": [3, 0.5]}
							}
						},
						{
							"origin": [-0.475, -0.775, -0.7],
							"size": [0.95, 0.25, 5.35],
							"uv": {
								"east": {"uv": [11, 8], "uv_size": [5.5, 0.5]},
								"west": {"uv": [11, 9], "uv_size": [5.5, 0.5]}
							}
						},
						{
							"origin": [0.725, -1.45, -2.85],
							"size": [0.25, 1.125, 0.75],
							"uv": {
								"north": {"uv": [20, 7], "uv_size": [0.5, 1]},
								"east": {"uv": [16, 13], "uv_size": [1, 1]},
								"south": {"uv": [8, 20], "uv_size": [0.5, 1]},
								"west": {"uv": [14, 16], "uv_size": [1, 1]},
								"up": {"uv": [20, 8], "uv_size": [0.5, 1]},
								"down": {"uv": [9, 21], "uv_size": [0.5, -1]}
							}
						},
						{
							"origin": [-0.725, -1.76024, -2.3985],
							"size": [1.45, 0.2875, 6.5],
							"inflate": 0.001,
							"pivot": [-0.975, -0.5875, -2.7625],
							"rotation": [-2.5, 0, 0],
							"uv": {
								"east": {"uv": [9, 4], "uv_size": [6.5, 0.5]},
								"west": {"uv": [9, 5], "uv_size": [6.5, 0.5]},
								"down": {"uv": [4, 6.5], "uv_size": [1.5, -6.5]}
							}
						},
						{
							"origin": [-0.725, -3.70217, 3.46554],
							"size": [1.45, 0.27497, 1.14194],
							"inflate": 0.001,
							"pivot": [-0.975, -0.5875, -2.7625],
							"rotation": [14.3745, 0, 0],
							"uv": {
								"east": {"uv": [10, 20], "uv_size": [1, 0.5]},
								"west": {"uv": [11, 20], "uv_size": [1, 0.5]},
								"down": {"uv": [14, 14], "uv_size": [1.5, -1]}
							}
						},
						{
							"origin": [-0.40048, -0.61402, -1.52548],
							"size": [0.84853, 0.24749, 7.56923],
							"pivot": [-0.975, -0.5875, -2.7625],
							"rotation": [0, 0, -45],
							"uv": {
								"south": {"uv": [20, 11], "uv_size": [1, 0.5]},
								"up": {"uv": [6, 0], "uv_size": [1, 7.5]}
							}
						},
						{
							"origin": [-0.125, 0.325, -1.70625],
							"size": [0.25, 0.25, 7.75],
							"uv": {
								"south": {"uv": [20, 23], "uv_size": [0.5, 0.5]},
								"up": {"uv": [8, 4], "uv_size": [0.5, 8]}
							}
						},
						{
							"origin": [-1.01919, 0.76484, -1.52548],
							"size": [0.84853, 0.24749, 7.56923],
							"pivot": [-0.975, -0.5875, -2.7625],
							"rotation": [0, 0, 45],
							"uv": {
								"south": {"uv": [12, 20], "uv_size": [1, 0.5]},
								"up": {"uv": [7, 0], "uv_size": [1, 7.5]}
							}
						},
						{
							"origin": [-0.375, -0.025, -1.45625],
							"size": [0.75, 0.35, 7.5],
							"uv": {
								"south": {"uv": [20, 12], "uv_size": [1, 0.5]}
							}
						}
					]
				},
				{
					"name": "stretch",
					"parent": "main",
					"pivot": [0, 0, 0],
					"cubes": [
						{
							"origin": [-0.375, -0.025, 6.04375],
							"size": [0.75, 0.325, 1.25],
							"uv": {
								"north": {"uv": [13, 20], "uv_size": [1, 0.5]}
							}
						},
						{
							"origin": [-1.00152, 0.76484, 6.04375],
							"size": [0.81317, 0.22981, 1.25],
							"pivot": [-0.975, -0.5875, -2.7625],
							"rotation": [0, 0, 45],
							"uv": {
								"north": {"uv": [20, 13], "uv_size": [1, 0.5]},
								"up": {"uv": [0, 15], "uv_size": [1, 1.5]}
							}
						},
						{
							"origin": [-0.125, 0.3, 6.04375],
							"size": [0.25, 0.25, 1.25],
							"uv": {
								"north": {"uv": [23, 20], "uv_size": [0.5, 0.5]},
								"up": {"uv": [1, 18], "uv_size": [0.5, 1.5]}
							}
						},
						{
							"origin": [-0.3828, -0.61402, 6.04375],
							"size": [0.81317, 0.22981, 1.25],
							"pivot": [-0.975, -0.5875, -2.7625],
							"rotation": [0, 0, -45],
							"uv": {
								"north": {"uv": [14, 20], "uv_size": [1, 0.5]},
								"up": {"uv": [1, 15], "uv_size": [1, 1.5]}
							}
						},
						{
							"origin": [-0.7, -0.525, 6.04375],
							"size": [1.4, 0.5, 1.25],
							"uv": {
								"east": {"uv": [17, 13], "uv_size": [1.5, 0.5]},
								"west": {"uv": [2, 18], "uv_size": [1.5, 0.5]},
								"down": {"uv": [6, 13.5], "uv_size": [1.5, -1.5]}
							}
						},
						{
							"origin": [-0.7, -1.65, 6.04375],
							"size": [1.4, 1.625, 0.2625],
							"pivot": [0.7, -0.025, 6.04375],
							"rotation": [-30, 0, 0],
							"uv": {
								"north": {"uv": [8, 12], "uv_size": [1.5, 1.5]},
								"east": {"uv": [18, 3], "uv_size": [0.5, 1.5]},
								"west": {"uv": [5, 18], "uv_size": [0.5, 1.5]}
							}
						},
						{
							"origin": [-0.65351, -0.61402, 7.29375],
							"size": [0.90156, 0.30052, 0.75],
							"pivot": [-1.175, -0.5875, -2.7625],
							"rotation": [0, 0, -45],
							"uv": {
								"north": {"uv": [20, 14], "uv_size": [1, 0.5]},
								"south": {"uv": [15, 20], "uv_size": [1, 0.5]},
								"up": {"uv": [20, 15], "uv_size": [1, 0.5]}
							}
						},
						{
							"origin": [-0.575, -0.025, 7.29375],
							"size": [1.15, 0.25, 0.75],
							"uv": {
								"south": {"uv": [16, 20], "uv_size": [1, 0.5]}
							}
						},
						{
							"origin": [-0.3625, 0.225, 7.29375],
							"size": [0.725, 0.3875, 0.75],
							"uv": {
								"north": {"uv": [21, 23], "uv_size": [0.5, 0.5]},
								"south": {"uv": [23, 21], "uv_size": [0.5, 0.5]},
								"up": {"uv": [22, 23], "uv_size": [0.5, 0.5]}
							}
						},
						{
							"origin": [-0.81919, 0.76484, 7.29375],
							"size": [0.90156, 0.30052, 0.75],
							"pivot": [-0.775, -0.5875, -2.7625],
							"rotation": [0, 0, 45],
							"uv": {
								"north": {"uv": [20, 16], "uv_size": [1, 0.5]},
								"south": {"uv": [17, 20], "uv_size": [1, 0.5]},
								"up": {"uv": [20, 17], "uv_size": [1, 0.5]}
							}
						},
						{
							"origin": [-1, -0.525, 7.29375],
							"size": [2, 0.5, 0.75],
							"uv": {
								"north": {"uv": [16, 14], "uv_size": [2, 0.5]},
								"east": {"uv": [23, 22], "uv_size": [0.5, 0.5]},
								"south": {"uv": [16, 15], "uv_size": [2, 0.5]},
								"west": {"uv": [23, 23], "uv_size": [0.5, 0.5]}
							}
						},
						{
							"origin": [-1, -5.525, 7.29375],
							"size": [2, 5, 0.75],
							"pivot": [0.9, -0.525, 8.04375],
							"rotation": [-7.5, 0, 0],
							"uv": {
								"north": {"uv": [0, 0], "uv_size": [2, 5]},
								"east": {"uv": [4, 11], "uv_size": [0.5, 5]},
								"south": {"uv": [2, 0], "uv_size": [2, 5]},
								"west": {"uv": [5, 11], "uv_size": [0.5, 5]}
							}
						},
						{
							"origin": [-1, -6.4061, 6.31553],
							"size": [2, 0.28701, 0.69291],
							"uv": {
								"north": {"uv": [16, 16], "uv_size": [2, 0.5]},
								"east": {"uv": [0, 24], "uv_size": [0.5, 0.5]},
								"west": {"uv": [24, 0], "uv_size": [0.5, 0.5]},
								"down": {"uv": [0, 17.5], "uv_size": [2, -0.5]}
							}
						},
						{
							"origin": [-1, -6.48222, 6.64112],
							"size": [2, 1, 0.75],
							"pivot": [1, -5.48222, 7.39112],
							"rotation": [-22.5, 0, 0],
							"uv": {
								"north": {"uv": [14, 0], "uv_size": [2, 1]},
								"east": {"uv": [17, 0], "uv_size": [1, 1]},
								"south": {"uv": [14, 1], "uv_size": [2, 1]},
								"west": {"uv": [17, 1], "uv_size": [1, 1]}
							}
						},
						{
							"origin": [-0.7, -1.05, 5.75],
							"size": [1.4, 0.3625, 0.325],
							"uv": {
								"east": {"uv": [1, 24], "uv_size": [0.5, 0.5]},
								"south": {"uv": [18, 5], "uv_size": [1.5, 0.5]},
								"west": {"uv": [24, 1], "uv_size": [0.5, 0.5]}
							}
						},
						{
							"origin": [-0.7, -1.325, 5.5875],
							"size": [1.4, 0.275, 0.4875],
							"uv": {
								"east": {"uv": [2, 24], "uv_size": [0.5, 0.5]},
								"west": {"uv": [24, 2], "uv_size": [0.5, 0.5]}
							}
						},
						{
							"origin": [-0.7, -0.15691, 6.75498],
							"size": [1.4, 0.2, 0.4],
							"pivot": [-0.025, -0.8375, 8.325],
							"rotation": [45, 0, 0],
							"uv": {
								"east": {"uv": [3, 24], "uv_size": [0.5, 0.5]},
								"west": {"uv": [24, 3], "uv_size": [0.5, 0.5]},
								"up": {"uv": [6, 18], "uv_size": [1.5, 0.5]}
							}
						},
						{
							"origin": [-0.7, -1.575, 5.3],
							"size": [1.4, 0.25, 1.8875],
							"uv": {
								"east": {"uv": [2, 17], "uv_size": [2, 0.5]},
								"west": {"uv": [17, 2], "uv_size": [2, 0.5]},
								"up": {"uv": [0, 11], "uv_size": [1.5, 2]},
								"down": {"uv": [2, 13], "uv_size": [1.5, -2]}
							}
						},
						{
							"origin": [-0.7, -1.575, 5.23125],
							"size": [1.4, 0.14271, 0.06875],
							"uv": {
								"north": {"uv": [18, 6], "uv_size": [1.5, 0.5]},
								"east": {"uv": [4, 24], "uv_size": [0.5, 0.5]},
								"west": {"uv": [24, 4], "uv_size": [0.5, 0.5]},
								"down": {"uv": [18, 7.5], "uv_size": [1.5, -0.5]}
							}
						},
						{
							"origin": [-0.5, -6.4061, 5.8],
							"size": [1, 3.5811, 1.20844],
							"uv": {
								"east": {"uv": [6, 8], "uv_size": [1, 3.5]},
								"west": {"uv": [7, 8], "uv_size": [1, 3.5]},
								"down": {"uv": [17, 4], "uv_size": [1, -1]}
							}
						},
						{
							"origin": [-0.5, -2.825, 5.9],
							"size": [1, 1.25, 1.25],
							"uv": {
								"north": {"uv": [2, 15], "uv_size": [1, 1.5]},
								"east": {"uv": [10, 12], "uv_size": [1.5, 1.5]},
								"west": {"uv": [12, 12], "uv_size": [1.5, 1.5]}
							}
						},
						{
							"origin": [-0.5, -5.875, 5.8],
							"size": [1, 1.7, 0.55],
							"pivot": [0.5, -5.9, 5.8],
							"rotation": [17.5, 0, 0],
							"uv": {
								"north": {"uv": [3, 15], "uv_size": [1, 1.5]},
								"east": {"uv": [9, 18], "uv_size": [0.5, 1.5]},
								"west": {"uv": [10, 18], "uv_size": [0.5, 1.5]}
							}
						},
						{
							"origin": [-0.5, -3.34414, 5.30063],
							"size": [1, 0.275, 0.8875],
							"pivot": [0.5, -3.06914, 5.30063],
							"rotation": [47.5, 0, 0],
							"uv": {
								"east": {"uv": [18, 20], "uv_size": [1, 0.5]},
								"west": {"uv": [20, 18], "uv_size": [1, 0.5]},
								"up": {"uv": [17, 4], "uv_size": [1, 1]}
							}
						},
						{
							"origin": [-0.5, -4.175, 5.55],
							"size": [1, 1.125, 1.15],
							"pivot": [0.5, -5.9, 5.8],
							"rotation": [17.5, 0, 0],
							"uv": {
								"north": {"uv": [5, 17], "uv_size": [1, 1]},
								"east": {"uv": [17, 5], "uv_size": [1, 1]},
								"west": {"uv": [6, 17], "uv_size": [1, 1]},
								"up": {"uv": [17, 6], "uv_size": [1, 1]},
								"down": {"uv": [7, 18], "uv_size": [1, -1]}
							}
						},
						{
							"origin": [-0.375, -3.05, 5.8],
							"size": [0.75, 1.5, 1.5],
							"pivot": [0.5, -5.9, 5.8],
							"rotation": [17.5, 0, 0],
							"uv": {
								"north": {"uv": [8, 15], "uv_size": [1, 1.5]},
								"east": {"uv": [0, 13], "uv_size": [1.5, 1.5]},
								"west": {"uv": [2, 13], "uv_size": [1.5, 1.5]},
								"up": {"uv": [9, 15], "uv_size": [1, 1.5]}
							}
						},
						{
							"origin": [-0.5, -5.96197, 5.49503],
							"size": [1, 1.625, 0.25],
							"pivot": [0.5, -7.18697, 5.74503],
							"rotation": [17.5, 0, 0],
							"uv": {
								"north": {"uv": [10, 15], "uv_size": [1, 1.5]},
								"east": {"uv": [11, 18], "uv_size": [0.5, 1.5]},
								"south": {"uv": [15, 10], "uv_size": [1, 1.5]},
								"west": {"uv": [12, 18], "uv_size": [0.5, 1.5]}
							}
						},
						{
							"origin": [-0.5, -6.82901, 5.13296],
							"size": [1, 0.7375, 0.25],
							"pivot": [0.5, -6.09151, 5.13296],
							"rotation": [64.75, 0, 0],
							"uv": {
								"north": {"uv": [19, 20], "uv_size": [1, 0.5]},
								"east": {"uv": [5, 24], "uv_size": [0.5, 0.5]},
								"south": {"uv": [20, 19], "uv_size": [1, 0.5]},
								"west": {"uv": [24, 5], "uv_size": [0.5, 0.5]}
							}
						},
						{
							"origin": [-0.5, -6.71651, 5.38296],
							"size": [1, 0.125, 0.25],
							"pivot": [0.5, -6.09151, 5.13296],
							"rotation": [64.75, 0, 0],
							"uv": {
								"east": {"uv": [6, 24], "uv_size": [0.5, 0.5]},
								"west": {"uv": [24, 6], "uv_size": [0.5, 0.5]},
								"up": {"uv": [20, 20], "uv_size": [1, 0.5]}
							}
						},
						{
							"origin": [-0.5, -4.75682, 4.93071],
							"size": [1, 0.625, 0.25],
							"pivot": [0.5, -4.07602, 5.2249],
							"rotation": [-27.5, 0, 0],
							"uv": {
								"north": {"uv": [0, 21], "uv_size": [1, 0.5]},
								"east": {"uv": [7, 24], "uv_size": [0.5, 0.5]},
								"south": {"uv": [21, 0], "uv_size": [1, 0.5]},
								"west": {"uv": [24, 7], "uv_size": [0.5, 0.5]}
							}
						},
						{
							"origin": [-0.7, -1.4297, 6.32223],
							"size": [1.4, 0.2, 0.4],
							"pivot": [-0.025, -0.8375, 6.425],
							"rotation": [-45, 0, 0],
							"uv": {
								"east": {"uv": [8, 24], "uv_size": [0.5, 0.5]},
								"west": {"uv": [24, 8], "uv_size": [0.5, 0.5]},
								"up": {"uv": [18, 8], "uv_size": [1.5, 0.5]}
							}
						},
						{
							"origin": [-0.7, -1.325, 6.875],
							"size": [1.4, 0.8, 0.4125],
							"uv": {
								"north": {"uv": [11, 15], "uv_size": [1.5, 1]},
								"east": {"uv": [1, 21], "uv_size": [0.5, 1]},
								"west": {"uv": [21, 1], "uv_size": [0.5, 1]}
							}
						},
						{
							"origin": [-0.7, 0.20878, 7.32067],
							"size": [1.4, 0.4, 0.2],
							"pivot": [-0.025, -0.8375, 8.325],
							"rotation": [45, 0, 0],
							"uv": {
								"north": {"uv": [18, 14], "uv_size": [1.5, 0.5]},
								"east": {"uv": [9, 24], "uv_size": [0.5, 0.5]},
								"west": {"uv": [24, 9], "uv_size": [0.5, 0.5]}
							}
						},
						{
							"origin": [-0.7, -2.40752, 6.50054],
							"size": [1.4, 0.4, 0.2125],
							"pivot": [-0.025, -0.8375, 8.325],
							"rotation": [-45, 0, 0],
							"uv": {
								"east": {"uv": [10, 24], "uv_size": [0.5, 0.5]},
								"south": {"uv": [18, 15], "uv_size": [1.5, 0.5]},
								"west": {"uv": [24, 10], "uv_size": [0.5, 0.5]}
							}
						}
					]
				},
				{
					"name": "lock",
					"parent": "stretch",
					"pivot": [0.025, 0, 0],
					"cubes": [
						{
							"origin": [-0.75, -2.85, 5.525],
							"size": [1.5, 1.15, 0.5],
							"pivot": [0.525, -5.9, 5.8],
							"rotation": [17.5, 0, 0],
							"uv": {
								"north": {"uv": [13, 15], "uv_size": [1.5, 1]},
								"east": {"uv": [2, 21], "uv_size": [0.5, 1]},
								"west": {"uv": [21, 2], "uv_size": [0.5, 1]},
								"down": {"uv": [18, 16.5], "uv_size": [1.5, -0.5]}
							}
						},
						{
							"origin": [-0.75, -1.825, 5.2875],
							"size": [1.5, 0.125, 0.2375],
							"pivot": [0.525, -5.9, 5.8],
							"rotation": [17.5, 0, 0],
							"uv": {
								"east": {"uv": [11, 24], "uv_size": [0.5, 0.5]},
								"west": {"uv": [24, 11], "uv_size": [0.5, 0.5]}
							}
						},
						{
							"origin": [-0.75, -1.7625, 5.1625],
							"size": [1.5, 0.0625, 0.125],
							"pivot": [0.525, -5.9, 5.8],
							"rotation": [17.5, 0, 0],
							"uv": {
								"east": {"uv": [12, 24], "uv_size": [0.5, 0.5]},
								"west": {"uv": [24, 12], "uv_size": [0.5, 0.5]}
							}
						},
						{
							"origin": [-0.75, -3.14926, 4.54863],
							"size": [1.5, 0.17678, 0.17678],
							"pivot": [0.025, -2.89735, 4.82705],
							"rotation": [-27.5, 0, 0],
							"uv": {
								"north": {"uv": [18, 17], "uv_size": [1.5, 0.5]},
								"east": {"uv": [13, 24], "uv_size": [0.5, 0.5]},
								"west": {"uv": [24, 13], "uv_size": [0.5, 0.5]},
								"down": {"uv": [18, 18.5], "uv_size": [1.5, -0.5]}
							}
						},
						{
							"origin": [-0.75, -2.55705, 3.92071],
							"size": [1.5, 0.1375, 0.2125],
							"pivot": [0.025, -2.89735, 4.82705],
							"rotation": [-27.5, 0, 0],
							"uv": {
								"east": {"uv": [14, 24], "uv_size": [0.5, 0.5]},
								"west": {"uv": [24, 14], "uv_size": [0.5, 0.5]},
								"down": {"uv": [19, 0.5], "uv_size": [1.5, -0.5]}
							}
						},
						{
							"origin": [-0.75, -1.7, 5.025],
							"size": [1.5, 0.0625, 1.7],
							"pivot": [0.525, -5.9, 5.8],
							"rotation": [17.5, 0, 0],
							"uv": {
								"north": {"uv": [19, 1], "uv_size": [1.5, 0.5]},
								"east": {"uv": [2, 19], "uv_size": [1.5, 0.5]},
								"west": {"uv": [19, 2], "uv_size": [1.5, 0.5]},
								"up": {"uv": [13, 10], "uv_size": [1.5, 1.5]}
							}
						},
						{
							"origin": [-0.75, -2.49024, 3.22814],
							"size": [1.5, 0.0625, 0.4375],
							"pivot": [0.525, -5.9, 5.8],
							"rotation": [-9.0714, 0, 0],
							"uv": {
								"east": {"uv": [15, 24], "uv_size": [0.5, 0.5]},
								"west": {"uv": [24, 15], "uv_size": [0.5, 0.5]},
								"down": {"uv": [19, 3.5], "uv_size": [1.5, -0.5]}
							}
						},
						{
							"origin": [-0.75, -2.9235, 5.09743],
							"size": [1.5, 0.3875, 0.73154],
							"pivot": [0.4, -2.9235, 5.09743],
							"rotation": [34.3868, 0, 0],
							"uv": {
								"east": {"uv": [16, 24], "uv_size": [0.5, 0.5]},
								"west": {"uv": [24, 16], "uv_size": [0.5, 0.5]},
								"down": {"uv": [19, 4.5], "uv_size": [1.5, -0.5]}
							}
						},
						{
							"origin": [-0.75, -2.3375, 6.725],
							"size": [1.5, 0.4, 0.3],
							"pivot": [0.525, -5.9, 5.8],
							"rotation": [17.5, 0, 0],
							"uv": {
								"east": {"uv": [17, 24], "uv_size": [0.5, 0.5]},
								"south": {"uv": [6, 19], "uv_size": [1.5, 0.5]},
								"west": {"uv": [24, 17], "uv_size": [0.5, 0.5]}
							}
						},
						{
							"origin": [-0.75, -2.5886, 5.14791],
							"size": [1.5, 0.21213, 0.42426],
							"pivot": [0.025, -2.09363, 5.36004],
							"rotation": [62.5, 0, 0],
							"uv": {
								"east": {"uv": [18, 24], "uv_size": [0.5, 0.5]},
								"west": {"uv": [24, 18], "uv_size": [0.5, 0.5]},
								"down": {"uv": [19, 9.5], "uv_size": [1.5, -0.5]}
							}
						},
						{
							"origin": [-0.75, -2.45, 6.025],
							"size": [1.5, 0.75, 0.7],
							"pivot": [0.525, -5.9, 5.8],
							"rotation": [17.5, 0, 0],
							"uv": {
								"east": {"uv": [3, 21], "uv_size": [0.5, 1]},
								"west": {"uv": [21, 3], "uv_size": [0.5, 1]}
							}
						},
						{
							"origin": [-0.75, -1.66351, 5.25316],
							"size": [1.5, 0.21213, 0.42426],
							"pivot": [0.025, -1.80493, 5.11173],
							"rotation": [-27.5, 0, 0],
							"uv": {
								"east": {"uv": [19, 24], "uv_size": [0.5, 0.5]},
								"west": {"uv": [24, 19], "uv_size": [0.5, 0.5]},
								"up": {"uv": [19, 10], "uv_size": [1.5, 0.5]}
							}
						}
					]
				}
			]
		}
	]
}