{
	"format_version": "1.12.0",
	"minecraft:geometry": [
		{
			"description": {
				"identifier": "geometry.rk2 - Converted",
				"texture_width": 32,
				"texture_height": 32,
				"visible_bounds_width": 2,
				"visible_bounds_height": 1.5,
				"visible_bounds_offset": [0, 0.25, 0]
			},
			"bones": [
				{
					"name": "rk2",
					"pivot": [0, 0, 0.75],
					"cubes": [
						{
							"origin": [-0.6, -0.12187, 0],
							"size": [1.2, 0.25, 1.5],
							"uv": {
								"north": {"uv": [11, 2], "uv_size": [1, 0.5]},
								"east": {"uv": [7, 9], "uv_size": [1.5, 0.5]},
								"south": {"uv": [3, 11], "uv_size": [1, 0.5]},
								"west": {"uv": [9, 7], "uv_size": [1.5, 0.5]},
								"up": {"uv": [4, 0], "uv_size": [1, 1.5]},
								"down": {"uv": [4, 3.5], "uv_size": [1, -1.5]}
							}
						},
						{
							"origin": [-0.35, -0.27188, 0],
							"size": [0.7, 0.15, 1.5],
							"uv": {
								"north": {"uv": [11, 12], "uv_size": [0.5, 0.5]},
								"east": {"uv": [9, 8], "uv_size": [1.5, 0.5]},
								"south": {"uv": [12, 11], "uv_size": [0.5, 0.5]},
								"west": {"uv": [9, 9], "uv_size": [1.5, 0.5]},
								"up": {"uv": [0, 10], "uv_size": [0.5, 1.5]},
								"down": {"uv": [1, 11.5], "uv_size": [0.5, -1.5]}
							}
						},
						{
							"origin": [-0.35, -3.37187, 0],
							"size": [0.7, 3.1, 1.5],
							"uv": {
								"north": {"uv": [4, 4], "uv_size": [0.5, 3]},
								"east": {"uv": [0, 0], "uv_size": [1.5, 3]},
								"south": {"uv": [5, 0], "uv_size": [0.5, 3]},
								"west": {"uv": [2, 0], "uv_size": [1.5, 3]},
								"up": {"uv": [10, 1], "uv_size": [0.5, 1.5]},
								"down": {"uv": [2, 11.5], "uv_size": [0.5, -1.5]}
							}
						},
						{
							"origin": [-0.6, -3.37187, 0.25],
							"size": [1.2, 2.85, 1],
							"uv": {
								"north": {"uv": [0, 3], "uv_size": [1, 3]},
								"east": {"uv": [1, 3], "uv_size": [1, 3]},
								"south": {"uv": [2, 3], "uv_size": [1, 3]},
								"west": {"uv": [3, 3], "uv_size": [1, 3]},
								"up": {"uv": [9, 1], "uv_size": [1, 1]},
								"down": {"uv": [2, 10], "uv_size": [1, -1]}
							}
						},
						{
							"origin": [0.26163, -3.37087, 1.10984],
							"size": [0.25, 2.85, 0.3535],
							"pivot": [0.38663, -2.57188, 1.28659],
							"rotation": [0, -45, 0],
							"uv": {
								"north": {"uv": [5, 3], "uv_size": [0.5, 3]},
								"east": {"uv": [0, 6], "uv_size": [0.5, 3]},
								"south": {"uv": [6, 0], "uv_size": [0.5, 3]},
								"west": {"uv": [1, 6], "uv_size": [0.5, 3]},
								"up": {"uv": [12, 12], "uv_size": [0.5, 0.5]},
								"down": {"uv": [0, 13.5], "uv_size": [0.5, -0.5]}
							}
						},
						{
							"origin": [-0.51163, -3.37087, 0.03666],
							"size": [0.25, 2.85, 0.3535],
							"pivot": [-0.38663, -2.57188, 0.21341],
							"rotation": [0, -45, 0],
							"uv": {
								"north": {"uv": [2, 6], "uv_size": [0.5, 3]},
								"east": {"uv": [3, 6], "uv_size": [0.5, 3]},
								"south": {"uv": [6, 3], "uv_size": [0.5, 3]},
								"west": {"uv": [5, 6], "uv_size": [0.5, 3]},
								"up": {"uv": [13, 0], "uv_size": [0.5, 0.5]},
								"down": {"uv": [1, 13.5], "uv_size": [0.5, -0.5]}
							}
						},
						{
							"origin": [0.26163, -3.37087, 0.03666],
							"size": [0.25, 2.85, 0.3535],
							"pivot": [0.38663, -2.57188, 0.21341],
							"rotation": [0, 45, 0],
							"uv": {
								"north": {"uv": [6, 6], "uv_size": [0.5, 3]},
								"east": {"uv": [7, 0], "uv_size": [0.5, 3]},
								"south": {"uv": [7, 3], "uv_size": [0.5, 3]},
								"west": {"uv": [4, 7], "uv_size": [0.5, 3]},
								"up": {"uv": [13, 1], "uv_size": [0.5, 0.5]},
								"down": {"uv": [2, 13.5], "uv_size": [0.5, -0.5]}
							}
						},
						{
							"origin": [0.26163, -0.52087, 0.03666],
							"size": [0.25, 0.16609, 0.1163],
							"pivot": [0.38663, -2.72187, 0.21341],
							"rotation": [0, 45, 0],
							"uv": {
								"west": {"uv": [6, 15], "uv_size": [0.5, 0.5]}
							}
						},
						{
							"origin": [0.3853, -0.72363, 0.04811],
							"size": [0.25, 0.20276, 0.28957],
							"pivot": [0.51233, -0.52087, 0.33768],
							"rotation": [-35, 45, 0],
							"uv": {
								"west": {"uv": [4, 15], "uv_size": [0.5, 0.5]}
							}
						},
						{
							"origin": [-0.51163, -3.37087, 1.10984],
							"size": [0.25, 2.85, 0.3535],
							"pivot": [-0.38663, -2.57188, 1.28659],
							"rotation": [0, 45, 0],
							"uv": {
								"north": {"uv": [7, 6], "uv_size": [0.5, 3]},
								"east": {"uv": [8, 0], "uv_size": [0.5, 3]},
								"south": {"uv": [8, 3], "uv_size": [0.5, 3]},
								"west": {"uv": [8, 6], "uv_size": [0.5, 3]},
								"up": {"uv": [13, 2], "uv_size": [0.5, 0.5]},
								"down": {"uv": [3, 13.5], "uv_size": [0.5, -0.5]}
							}
						},
						{
							"origin": [-0.35, -4.05417, 1.23662],
							"size": [0.7, 0.1414, 0.25],
							"pivot": [0, -3.98348, 1.36162],
							"rotation": [-45, 0, 0],
							"uv": {
								"north": {"uv": [13, 3], "uv_size": [0.5, 0.5]},
								"east": {"uv": [4, 13], "uv_size": [0.5, 0.5]},
								"south": {"uv": [13, 4], "uv_size": [0.5, 0.5]},
								"west": {"uv": [5, 13], "uv_size": [0.5, 0.5]},
								"up": {"uv": [13, 5], "uv_size": [0.5, 0.5]},
								"down": {"uv": [6, 13.5], "uv_size": [0.5, -0.5]}
							}
						},
						{
							"origin": [-0.35, -4.10849, 0.0677],
							"size": [0.7, 0.25, 0.1414],
							"pivot": [0, -3.98349, 0.1384],
							"rotation": [-45, 0, 0],
							"uv": {
								"north": {"uv": [13, 6], "uv_size": [0.5, 0.5]},
								"east": {"uv": [7, 13], "uv_size": [0.5, 0.5]},
								"south": {"uv": [13, 7], "uv_size": [0.5, 0.5]},
								"west": {"uv": [8, 13], "uv_size": [0.5, 0.5]},
								"up": {"uv": [13, 8], "uv_size": [0.5, 0.5]},
								"down": {"uv": [9, 13.5], "uv_size": [0.5, -0.5]}
							}
						},
						{
							"origin": [-0.35, -4.02187, 0],
							"size": [0.7, 0.5, 1.5],
							"uv": {
								"north": {"uv": [13, 9], "uv_size": [0.5, 0.5]},
								"east": {"uv": [3, 10], "uv_size": [1.5, 0.5]},
								"south": {"uv": [10, 13], "uv_size": [0.5, 0.5]},
								"west": {"uv": [10, 3], "uv_size": [1.5, 0.5]},
								"up": {"uv": [10, 4], "uv_size": [0.5, 1.5]},
								"down": {"uv": [5, 11.5], "uv_size": [0.5, -1.5]}
							}
						},
						{
							"origin": [-0.35, -4.12187, 0.1],
							"size": [0.7, 0.85, 1.3],
							"uv": {
								"north": {"uv": [4, 11], "uv_size": [0.5, 1]},
								"east": {"uv": [0, 9], "uv_size": [1.5, 1]},
								"south": {"uv": [11, 4], "uv_size": [0.5, 1]},
								"west": {"uv": [9, 0], "uv_size": [1.5, 1]},
								"up": {"uv": [6, 10], "uv_size": [0.5, 1.5]},
								"down": {"uv": [7, 11.5], "uv_size": [0.5, -1.5]}
							}
						},
						{
							"origin": [0.66213, -4.11988, 0.15711],
							"size": [0.25, 0.85, 0.2121],
							"pivot": [0.56213, -4.07188, 0.80711],
							"rotation": [0, 45, 0],
							"uv": {
								"north": {"uv": [11, 5], "uv_size": [0.5, 1]},
								"east": {"uv": [11, 7], "uv_size": [0.5, 1]},
								"south": {"uv": [11, 8], "uv_size": [0.5, 1]},
								"west": {"uv": [9, 11], "uv_size": [0.5, 1]},
								"up": {"uv": [13, 10], "uv_size": [0.5, 0.5]},
								"down": {"uv": [11, 13.5], "uv_size": [0.5, -0.5]}
							}
						},
						{
							"origin": [-0.91213, -4.11988, 0.15711],
							"size": [0.25, 0.85, 0.2121],
							"pivot": [-0.56213, -4.07188, 0.80711],
							"rotation": [0, -45, 0],
							"uv": {
								"north": {"uv": [11, 9], "uv_size": [0.5, 1]},
								"east": {"uv": [10, 11], "uv_size": [0.5, 1]},
								"south": {"uv": [11, 10], "uv_size": [0.5, 1]},
								"west": {"uv": [11, 11], "uv_size": [0.5, 1]},
								"up": {"uv": [13, 11], "uv_size": [0.5, 0.5]},
								"down": {"uv": [12, 13.5], "uv_size": [0.5, -0.5]}
							}
						},
						{
							"origin": [-0.39183, -4.11988, 0.21111],
							"size": [0.25, 0.85, 0.2121],
							"pivot": [0.80817, -4.07188, 0.86111],
							"rotation": [0, 45, 0],
							"uv": {
								"north": {"uv": [0, 12], "uv_size": [0.5, 1]},
								"east": {"uv": [12, 0], "uv_size": [0.5, 1]},
								"south": {"uv": [1, 12], "uv_size": [0.5, 1]},
								"west": {"uv": [12, 1], "uv_size": [0.5, 1]},
								"up": {"uv": [13, 12], "uv_size": [0.5, 0.5]},
								"down": {"uv": [13, 13.5], "uv_size": [0.5, -0.5]}
							}
						},
						{
							"origin": [0.14183, -4.11988, 0.21111],
							"size": [0.25, 0.85, 0.2121],
							"pivot": [-0.80817, -4.07188, 0.86111],
							"rotation": [0, -45, 0],
							"uv": {
								"north": {"uv": [2, 12], "uv_size": [0.5, 1]},
								"east": {"uv": [12, 2], "uv_size": [0.5, 1]},
								"south": {"uv": [3, 12], "uv_size": [0.5, 1]},
								"west": {"uv": [12, 3], "uv_size": [0.5, 1]},
								"up": {"uv": [0, 14], "uv_size": [0.5, 0.5]},
								"down": {"uv": [14, 0.5], "uv_size": [0.5, -0.5]}
							}
						},
						{
							"origin": [-0.6, -4.02187, 0.25],
							"size": [1.2, 0.5, 1],
							"uv": {
								"north": {"uv": [4, 12], "uv_size": [1, 0.5]},
								"east": {"uv": [12, 4], "uv_size": [1, 0.5]},
								"south": {"uv": [5, 12], "uv_size": [1, 0.5]},
								"west": {"uv": [12, 5], "uv_size": [1, 0.5]},
								"up": {"uv": [9, 2], "uv_size": [1, 1]},
								"down": {"uv": [3, 10], "uv_size": [1, -1]}
							}
						},
						{
							"origin": [0.3366, -4.05419, 0.25],
							"size": [0.25, 0.1414, 1],
							"pivot": [0.4616, -3.98349, 0.75],
							"rotation": [0, 0, 45],
							"uv": {
								"north": {"uv": [1, 14], "uv_size": [0.5, 0.5]},
								"east": {"uv": [6, 12], "uv_size": [1, 0.5]},
								"south": {"uv": [14, 1], "uv_size": [0.5, 0.5]},
								"west": {"uv": [12, 6], "uv_size": [1, 0.5]},
								"up": {"uv": [7, 12], "uv_size": [0.5, 1]},
								"down": {"uv": [12, 8], "uv_size": [0.5, -1]}
							}
						},
						{
							"origin": [-0.5866, -4.05419, 0.25],
							"size": [0.25, 0.1414, 1],
							"pivot": [-0.4616, -3.98349, 0.75],
							"rotation": [0, 0, -45],
							"uv": {
								"north": {"uv": [2, 14], "uv_size": [0.5, 0.5]},
								"east": {"uv": [8, 12], "uv_size": [1, 0.5]},
								"south": {"uv": [14, 2], "uv_size": [0.5, 0.5]},
								"west": {"uv": [12, 8], "uv_size": [1, 0.5]},
								"up": {"uv": [9, 12], "uv_size": [0.5, 1]},
								"down": {"uv": [12, 10], "uv_size": [0.5, -1]}
							}
						},
						{
							"origin": [-0.5, -4.12087, 0.25],
							"size": [1, 0.85, 1],
							"uv": {
								"north": {"uv": [9, 3], "uv_size": [1, 1]},
								"east": {"uv": [9, 4], "uv_size": [1, 1]},
								"south": {"uv": [5, 9], "uv_size": [1, 1]},
								"west": {"uv": [9, 5], "uv_size": [1, 1]},
								"up": {"uv": [6, 9], "uv_size": [1, 1]},
								"down": {"uv": [9, 7], "uv_size": [1, -1]}
							}
						},
						{
							"origin": [0.26163, -4.02087, 1.10984],
							"size": [0.25, 0.5, 0.3535],
							"pivot": [0.38663, -2.82188, 1.28659],
							"rotation": [0, -45, 0],
							"uv": {
								"north": {"uv": [3, 14], "uv_size": [0.5, 0.5]},
								"east": {"uv": [14, 3], "uv_size": [0.5, 0.5]},
								"south": {"uv": [4, 14], "uv_size": [0.5, 0.5]},
								"west": {"uv": [14, 4], "uv_size": [0.5, 0.5]},
								"up": {"uv": [5, 14], "uv_size": [0.5, 0.5]},
								"down": {"uv": [14, 5.5], "uv_size": [0.5, -0.5]}
							}
						},
						{
							"origin": [0.26163, -4.02087, 0.03666],
							"size": [0.25, 0.5, 0.3535],
							"pivot": [0.38663, -2.82188, 0.21341],
							"rotation": [0, 45, 0],
							"uv": {
								"north": {"uv": [6, 14], "uv_size": [0.5, 0.5]},
								"east": {"uv": [14, 6], "uv_size": [0.5, 0.5]},
								"south": {"uv": [7, 14], "uv_size": [0.5, 0.5]},
								"west": {"uv": [14, 7], "uv_size": [0.5, 0.5]},
								"up": {"uv": [8, 14], "uv_size": [0.5, 0.5]},
								"down": {"uv": [14, 8.5], "uv_size": [0.5, -0.5]}
							}
						},
						{
							"origin": [-0.51163, -4.02087, 1.10984],
							"size": [0.25, 0.5, 0.3535],
							"pivot": [-0.38663, -2.82188, 1.28659],
							"rotation": [0, 45, 0],
							"uv": {
								"north": {"uv": [9, 14], "uv_size": [0.5, 0.5]},
								"east": {"uv": [14, 9], "uv_size": [0.5, 0.5]},
								"south": {"uv": [10, 14], "uv_size": [0.5, 0.5]},
								"west": {"uv": [14, 10], "uv_size": [0.5, 0.5]},
								"up": {"uv": [11, 14], "uv_size": [0.5, 0.5]},
								"down": {"uv": [14, 11.5], "uv_size": [0.5, -0.5]}
							}
						},
						{
							"origin": [-0.51163, -4.02087, 0.03666],
							"size": [0.25, 0.5, 0.3535],
							"pivot": [-0.38663, -2.82188, 0.21341],
							"rotation": [0, -45, 0],
							"uv": {
								"north": {"uv": [12, 14], "uv_size": [0.5, 0.5]},
								"east": {"uv": [14, 12], "uv_size": [0.5, 0.5]},
								"south": {"uv": [13, 14], "uv_size": [0.5, 0.5]},
								"west": {"uv": [14, 13], "uv_size": [0.5, 0.5]},
								"up": {"uv": [14, 14], "uv_size": [0.5, 0.5]},
								"down": {"uv": [0, 15.5], "uv_size": [0.5, -0.5]}
							}
						},
						{
							"origin": [-0.54822, 0.00313, -0.001],
							"size": [0.25, 0.25, 1.5],
							"pivot": [-0.42322, 0.12813, 0.5],
							"rotation": [0, 0, 45],
							"uv": {
								"north": {"uv": [15, 0], "uv_size": [0.5, 0.5]},
								"east": {"uv": [10, 6], "uv_size": [1.5, 0.5]},
								"south": {"uv": [1, 15], "uv_size": [0.5, 0.5]},
								"up": {"uv": [8, 10], "uv_size": [0.5, 1.5]}
							}
						},
						{
							"origin": [0.29822, 0.00313, -0.001],
							"size": [0.25, 0.25, 1.5],
							"pivot": [0.42322, 0.12813, 0.5],
							"rotation": [0, 0, -45],
							"uv": {
								"north": {"uv": [15, 1], "uv_size": [0.5, 0.5]},
								"south": {"uv": [2, 15], "uv_size": [0.5, 0.5]},
								"west": {"uv": [9, 10], "uv_size": [1.5, 0.5]},
								"up": {"uv": [11, 0], "uv_size": [0.5, 1.5]}
							}
						},
						{
							"origin": [-0.75891, -0.54479, 0.251],
							"size": [0.3535, 0.6035, 1],
							"pivot": [0.06959, 0.68021, 0.5],
							"rotation": [0, 0, -45],
							"uv": {
								"west": {"uv": [10, 12], "uv_size": [1, 0.5]}
							}
						},
						{
							"origin": [0.2972, -0.64686, 0.251],
							"size": [0.3535, 0.4375, 0.25],
							"pivot": [0.47494, -0.64686, 0.251],
							"rotation": [35.25, 0, -45],
							"uv": {
								"west": {"uv": [15, 3], "uv_size": [0.5, 0.5]}
							}
						},
						{
							"origin": [0.26163, -0.52087, 1.34704],
							"size": [0.25, 0.16609, 0.1163],
							"pivot": [0.38663, -2.72187, 1.28659],
							"rotation": [0, -45, 0],
							"uv": {
								"west": {"uv": [10, 15], "uv_size": [0.5, 0.5]}
							}
						},
						{
							"origin": [0.2972, -0.64686, 0.999],
							"size": [0.3535, 0.4375, 0.25],
							"pivot": [0.47494, -0.64686, 1.249],
							"rotation": [-35.25, 0, -45],
							"uv": {
								"west": {"uv": [8, 15], "uv_size": [0.5, 0.5]}
							}
						},
						{
							"origin": [0.3853, -0.72363, 1.16232],
							"size": [0.25, 0.20276, 0.28957],
							"pivot": [0.51233, -0.52087, 1.16232],
							"rotation": [35, -45, 0],
							"uv": {
								"west": {"uv": [15, 7], "uv_size": [0.5, 0.5]}
							}
						},
						{
							"origin": [-0.51163, -0.52087, 1.34704],
							"size": [0.25, 0.16609, 0.1163],
							"pivot": [-0.38663, -2.72187, 1.28659],
							"rotation": [0, 45, 0],
							"uv": {
								"east": {"uv": [10.5, 15], "uv_size": [-0.5, 0.5]}
							}
						},
						{
							"origin": [-0.6353, -0.72363, 1.16232],
							"size": [0.25, 0.20276, 0.28957],
							"pivot": [-0.51233, -0.52087, 1.16232],
							"rotation": [35, 45, 0],
							"uv": {
								"east": {"uv": [15.5, 7], "uv_size": [-0.5, 0.5]}
							}
						},
						{
							"origin": [-0.6353, -0.72363, 0.04811],
							"size": [0.25, 0.20276, 0.28957],
							"pivot": [-0.51233, -0.52087, 0.33768],
							"rotation": [-35, -45, 0],
							"uv": {
								"east": {"uv": [4.5, 15], "uv_size": [-0.5, 0.5]}
							}
						},
						{
							"origin": [-0.51163, -0.52087, 0.03666],
							"size": [0.25, 0.16609, 0.1163],
							"pivot": [-0.38663, -2.72187, 0.21341],
							"rotation": [0, -45, 0],
							"uv": {
								"east": {"uv": [6.5, 15], "uv_size": [-0.5, 0.5]}
							}
						},
						{
							"origin": [-0.6507, -0.64686, 0.999],
							"size": [0.3535, 0.4375, 0.25],
							"pivot": [-0.47494, -0.64686, 1.249],
							"rotation": [-35.25, 0, 45],
							"uv": {
								"east": {"uv": [16, 3], "uv_size": [0.5, 0.5]}
							}
						},
						{
							"origin": [-0.6507, -0.64686, 0.251],
							"size": [0.3535, 0.4375, 0.25],
							"pivot": [-0.47494, -0.64686, 0.251],
							"rotation": [35.25, 0, 45],
							"uv": {
								"east": {"uv": [15, 11], "uv_size": [0.5, 0.5]}
							}
						},
						{
							"origin": [0.40533, -0.54479, 0.252],
							"size": [0.3535, 0.6035, 1],
							"pivot": [-0.06967, 0.68021, 0.5],
							"rotation": [0, 0, 45],
							"uv": {
								"north": {"uv": [15, 2], "uv_size": [0.5, 0.5]},
								"east": {"uv": [12, 10], "uv_size": [1, 0.5]},
								"south": {"uv": [3, 15], "uv_size": [0.5, 0.5]}
							}
						}
					]
				}
			]
		}
	]
}