{
	"format_version": "1.12.0",
	"minecraft:geometry": [
		{
			"description": {
				"identifier": "geometry.grip_shiftshort",
				"texture_width": 16,
				"texture_height": 16,
				"visible_bounds_width": 2,
				"visible_bounds_height": 1.5,
				"visible_bounds_offset": [0, 0.25, 0]
			},
			"bones": [
				{
					"name": "Fortis_Shift",
					"pivot": [0, 0.1625, 0],
					"cubes": [
						{
							"origin": [-0.75, -0.41251, -1.8],
							"size": [1.5, 0.4142, 3.6],
							"uv": {
								"north": {"uv": [6, 4], "uv_size": [1.5, 0.5]},
								"east": {"uv": [2, 4], "uv_size": [3.5, 0.5]},
								"south": {"uv": [5, 6], "uv_size": [1.5, 0.5]},
								"west": {"uv": [4, 2], "uv_size": [3.5, 0.5]},
								"up": {"uv": [0, 0], "uv_size": [1.5, 3.5]},
								"down": {"uv": [2, 3.5], "uv_size": [1.5, -3.5]}
							}
						},
						{
							"origin": [-0.75, 0.00169, -0.75],
							"size": [0.37044, 0.4, 1.75],
							"uv": {
								"north": {"uv": [5, 10], "uv_size": [0.5, 0.5]},
								"east": {"uv": [4, 5], "uv_size": [2, 0.5]},
								"south": {"uv": [10, 5], "uv_size": [0.5, 0.5]},
								"west": {"uv": [0, 6], "uv_size": [2, 0.5]},
								"up": {"uv": [6, 0], "uv_size": [0.5, 2]}
							}
						},
						{
							"origin": [0.37956, 0.00169, -0.75],
							"size": [0.37044, 0.4, 1.75],
							"uv": {
								"north": {"uv": [6, 10], "uv_size": [0.5, 0.5]},
								"east": {"uv": [2, 6], "uv_size": [2, 0.5]},
								"south": {"uv": [7, 10], "uv_size": [0.5, 0.5]},
								"west": {"uv": [6, 3], "uv_size": [2, 0.5]},
								"up": {"uv": [4, 6], "uv_size": [0.5, 2]}
							}
						},
						{
							"origin": [-0.75, -1.63037, 0.92746],
							"size": [1.5, 0.825, 0.2],
							"inflate": -0.0001,
							"pivot": [0, 0.14464, -0.02254],
							"rotation": [20.5, 0, 0],
							"uv": {
								"north": {"uv": [4, 3], "uv_size": [1.5, 1]},
								"east": {"uv": [4, 10], "uv_size": [0.5, 1]},
								"south": {"uv": [2, 5], "uv_size": [1.5, 1]},
								"west": {"uv": [10, 4], "uv_size": [0.5, 1]}
							}
						},
						{
							"origin": [-0.75, -0.9106, -1.19588],
							"size": [1.5, 0.2, 1.5],
							"inflate": -0.0001,
							"pivot": [0, 0.15021, -0.64588],
							"rotation": [-34.5, 0, 0],
							"uv": {
								"east": {"uv": [6, 5], "uv_size": [1.5, 0.5]},
								"west": {"uv": [0, 7], "uv_size": [1.5, 0.5]},
								"up": {"uv": [0, 4], "uv_size": [1.5, 1.5]},
								"down": {"uv": [4, 1.5], "uv_size": [1.5, -1.5]}
							}
						},
						{
							"origin": [-0.75, -1.17965, -0.66634],
							"size": [1.5, 0.2, 0.6],
							"pivot": [0, -0.11884, -0.11634],
							"rotation": [10.5, 0, 0],
							"uv": {
								"east": {"uv": [8, 10], "uv_size": [0.5, 0.5]},
								"west": {"uv": [10, 8], "uv_size": [0.5, 0.5]},
								"up": {"uv": [7, 0], "uv_size": [1.5, 0.5]},
								"down": {"uv": [7, 1.5], "uv_size": [1.5, -0.5]}
							}
						},
						{
							"origin": [-0.75, -1.21632, 0.06235],
							"size": [1.5, 0.2, 0.3],
							"inflate": -0.0001,
							"pivot": [0, -1.11632, 0.36235],
							"rotation": [-12, 0, 0],
							"uv": {
								"east": {"uv": [9, 10], "uv_size": [0.5, 0.5]},
								"west": {"uv": [10, 9], "uv_size": [0.5, 0.5]},
								"up": {"uv": [2, 7], "uv_size": [1.5, 0.5]},
								"down": {"uv": [5, 7.5], "uv_size": [1.5, -0.5]}
							}
						},
						{
							"origin": [-0.75, -1.37084, 0.27374],
							"size": [1.5, 0.2, 0.2],
							"pivot": [0, -1.27084, 0.57374],
							"rotation": [-34.5, 0, 0],
							"uv": {
								"east": {"uv": [10, 10], "uv_size": [0.5, 0.5]},
								"west": {"uv": [0, 11], "uv_size": [0.5, 0.5]},
								"up": {"uv": [7, 6], "uv_size": [1.5, 0.5]},
								"down": {"uv": [7, 7.5], "uv_size": [1.5, -0.5]}
							}
						},
						{
							"origin": [-0.75, -1.37011, 0.41856],
							"size": [1.5, 0.2, 0.2],
							"inflate": -0.0001,
							"pivot": [0, -1.27011, 0.51856],
							"rotation": [-57, 0, 0],
							"uv": {
								"east": {"uv": [11, 0], "uv_size": [0.5, 0.5]},
								"west": {"uv": [1, 11], "uv_size": [0.5, 0.5]},
								"up": {"uv": [0, 8], "uv_size": [1.5, 0.5]},
								"down": {"uv": [2, 8.5], "uv_size": [1.5, -0.5]}
							}
						},
						{
							"origin": [-0.75, -1.51606, 0.47679],
							"size": [1.5, 0.2, 0.2],
							"pivot": [0, -1.41606, 0.57679],
							"rotation": [-79.5, 0, 0],
							"uv": {
								"east": {"uv": [11, 1], "uv_size": [0.5, 0.5]},
								"west": {"uv": [2, 11], "uv_size": [0.5, 0.5]},
								"up": {"uv": [8, 2], "uv_size": [1.5, 0.5]},
								"down": {"uv": [8, 3.5], "uv_size": [1.5, -0.5]}
							}
						},
						{
							"origin": [-0.75, -1.67319, 0.47473],
							"size": [1.5, 0.2, 0.2],
							"inflate": -0.0001,
							"pivot": [0, -1.57319, 0.57473],
							"rotation": [-102, 0, 0],
							"uv": {
								"east": {"uv": [3, 11], "uv_size": [0.5, 0.5]},
								"west": {"uv": [4, 11], "uv_size": [0.5, 0.5]},
								"up": {"uv": [4, 8], "uv_size": [1.5, 0.5]},
								"down": {"uv": [8, 4.5], "uv_size": [1.5, -0.5]}
							}
						},
						{
							"origin": [-0.75, -1.81757, 0.4127],
							"size": [1.5, 0.2, 0.2],
							"pivot": [0, -1.71757, 0.5127],
							"rotation": [-124.5, 0, 0],
							"uv": {
								"east": {"uv": [11, 4], "uv_size": [0.5, 0.5]},
								"west": {"uv": [5, 11], "uv_size": [0.5, 0.5]},
								"down": {"uv": [8, 5.5], "uv_size": [1.5, -0.5]}
							}
						},
						{
							"origin": [-0.75, -1.92722, 0.30015],
							"size": [1.5, 0.2, 0.25],
							"inflate": -0.0001,
							"pivot": [0, -1.82722, 0.40015],
							"rotation": [-147, 0, 0],
							"uv": {
								"east": {"uv": [11, 5], "uv_size": [0.5, 0.5]},
								"west": {"uv": [6, 11], "uv_size": [0.5, 0.5]},
								"up": {"uv": [6, 8], "uv_size": [1.5, 0.5]},
								"down": {"uv": [8, 8.5], "uv_size": [1.5, -0.5]}
							}
						},
						{
							"origin": [-0.75, -2.48129, -0.41219],
							"size": [1.5, 0.2, 0.6],
							"pivot": [0, -0.30628, -1.36219],
							"rotation": [20.5, 0, 0],
							"uv": {
								"north": {"uv": [0, 9], "uv_size": [1.5, 0.5]},
								"east": {"uv": [11, 6], "uv_size": [0.5, 0.5]},
								"south": {"uv": [9, 0], "uv_size": [1.5, 0.5]},
								"west": {"uv": [7, 11], "uv_size": [0.5, 0.5]},
								"up": {"uv": [9, 1], "uv_size": [1.5, 0.5]},
								"down": {"uv": [2, 9.5], "uv_size": [1.5, -0.5]}
							}
						},
						{
							"origin": [-0.75, -1.80073, 0.85136],
							"size": [1.5, 0.2, 0.525],
							"inflate": -0.0001,
							"pivot": [0.75, -1.80073, 0.85136],
							"rotation": [38.5, 0, 0],
							"uv": {
								"north": {"uv": [4, 9], "uv_size": [1.5, 0.5]},
								"east": {"uv": [11, 7], "uv_size": [0.5, 0.5]},
								"south": {"uv": [6, 9], "uv_size": [1.5, 0.5]},
								"west": {"uv": [8, 11], "uv_size": [0.5, 0.5]},
								"up": {"uv": [9, 6], "uv_size": [1.5, 0.5]},
								"down": {"uv": [9, 7.5], "uv_size": [1.5, -0.5]}
							}
						},
						{
							"origin": [-0.75, -1.48642, 1.20454],
							"size": [1.5, 0.2, 0.575],
							"pivot": [0.75, -1.48642, 1.25454],
							"rotation": [20.5, 0, 0],
							"uv": {
								"north": {"uv": [8, 9], "uv_size": [1.5, 0.5]},
								"east": {"uv": [11, 8], "uv_size": [0.5, 0.5]},
								"south": {"uv": [0, 10], "uv_size": [1.5, 0.5]},
								"west": {"uv": [9, 11], "uv_size": [0.5, 0.5]},
								"up": {"uv": [2, 10], "uv_size": [1.5, 0.5]},
								"down": {"uv": [10, 2.5], "uv_size": [1.5, -0.5]}
							}
						},
						{
							"origin": [-0.75, -0.62594, 2.47663],
							"size": [1.5, 0.4, 0.25],
							"inflate": -0.0002,
							"pivot": [0, 3.19907, 1.57663],
							"rotation": [-17, 0, 0],
							"uv": {
								"east": {"uv": [11, 9], "uv_size": [0.5, 0.5]},
								"south": {"uv": [10, 3], "uv_size": [1.5, 0.5]},
								"west": {"uv": [10, 11], "uv_size": [0.5, 0.5]}
							}
						}
					]
				}
			]
		}
	]
}