{
	"format_version": "1.12.0",
	"minecraft:geometry": [
		{
			"description": {
				"identifier": "geometry.grip_sigurd",
				"texture_width": 32,
				"texture_height": 32,
				"visible_bounds_width": 2,
				"visible_bounds_height": 1.5,
				"visible_bounds_offset": [0, 0.25, 0]
			},
			"bones": [
				{
					"name": "Olight_Sigurd",
					"pivot": [-0.00004, 0, 0],
					"cubes": [
						{
							"origin": [-0.26517, 0.44205, -1.2],
							"size": [0.17668, 0.0705, 6.45],
							"inflate": 0.0001,
							"pivot": [0, 0, 0],
							"rotation": [0, 0, -45],
							"uv": {
								"north": {"uv": [18, 13], "uv_size": [0.5, 0.5]},
								"south": {"uv": [14, 18], "uv_size": [0.5, 0.5]},
								"west": {"uv": [8, 0], "uv_size": [6.5, 0.5]},
								"down": {"uv": [0, 13.5], "uv_size": [0.5, -6.5]}
							}
						},
						{
							"origin": [0.5, -0.25, -1.2],
							"size": [0.375, 0.55, 6.45],
							"uv": {
								"west": {"uv": [8, 1], "uv_size": [6.5, 0.5]}
							}
						},
						{
							"origin": [0.875, 0.175, 0.075],
							"size": [0.125, 0.125, 0.625],
							"uv": {
								"north": {"uv": [18, 14], "uv_size": [0.5, 0.5]},
								"south": {"uv": [15, 18], "uv_size": [0.5, 0.5]},
								"west": {"uv": [18, 15], "uv_size": [0.5, 0.5]},
								"up": {"uv": [16, 18], "uv_size": [0.5, 0.5]},
								"down": {"uv": [18, 16.5], "uv_size": [0.5, -0.5]}
							}
						},
						{
							"origin": [-1, 0.175, 0.075],
							"size": [0.125, 0.125, 0.625],
							"uv": {
								"north": {"uv": [17, 18], "uv_size": [0.5, 0.5]},
								"east": {"uv": [18, 17], "uv_size": [0.5, 0.5]},
								"south": {"uv": [18, 18], "uv_size": [0.5, 0.5]},
								"up": {"uv": [0, 19], "uv_size": [0.5, 0.5]},
								"down": {"uv": [19, 0.5], "uv_size": [0.5, -0.5]}
							}
						},
						{
							"origin": [0.5, 3.71231, 3.50018],
							"size": [0.375, 0.21213, 0.42426],
							"inflate": -0.0001,
							"pivot": [0, 0, 0],
							"rotation": [-45, 0, 0],
							"uv": {
								"east": {"uv": [1, 19], "uv_size": [0.5, 0.5]},
								"west": {"uv": [19, 1], "uv_size": [0.5, 0.5]},
								"up": {"uv": [2, 19], "uv_size": [0.5, 0.5]}
							}
						},
						{
							"origin": [-0.875, 3.71231, 3.50018],
							"size": [0.375, 0.21213, 0.42426],
							"inflate": -0.0001,
							"pivot": [0, 0, 0],
							"rotation": [-45, 0, 0],
							"uv": {
								"east": {"uv": [19, 2], "uv_size": [0.5, 0.5]},
								"west": {"uv": [3, 19], "uv_size": [0.5, 0.5]},
								"up": {"uv": [19, 3], "uv_size": [0.5, 0.5]}
							}
						},
						{
							"origin": [0.425, 0.225, -1.2],
							"size": [0.45, 0.075, 6.45],
							"uv": {
								"north": {"uv": [4, 19], "uv_size": [0.5, 0.5]},
								"south": {"uv": [19, 4], "uv_size": [0.5, 0.5]},
								"up": {"uv": [1, 7], "uv_size": [0.5, 6.5]}
							}
						},
						{
							"origin": [0.26514, -0.35356, -1.2],
							"size": [0.1768, 0.08839, 6.45],
							"inflate": 0.0001,
							"pivot": [0, 0, 0],
							"rotation": [0, 0, -45],
							"uv": {
								"north": {"uv": [5, 19], "uv_size": [0.5, 0.5]},
								"south": {"uv": [19, 5], "uv_size": [0.5, 0.5]},
								"up": {"uv": [2, 7], "uv_size": [0.5, 6.5]}
							}
						},
						{
							"origin": [0.08849, 0.44205, -1.2],
							"size": [0.17668, 0.0705, 6.45],
							"inflate": 0.0001,
							"pivot": [0, 0, 0],
							"rotation": [0, 0, 45],
							"uv": {
								"north": {"uv": [6, 19], "uv_size": [0.5, 0.5]},
								"east": {"uv": [8, 2], "uv_size": [6.5, 0.5]},
								"south": {"uv": [19, 6], "uv_size": [0.5, 0.5]},
								"down": {"uv": [3, 13.5], "uv_size": [0.5, -6.5]}
							}
						},
						{
							"origin": [-0.44194, -0.35356, -1.2],
							"size": [0.1768, 0.08839, 6.45],
							"inflate": 0.0001,
							"pivot": [0, 0, 0],
							"rotation": [0, 0, 45],
							"uv": {
								"north": {"uv": [7, 19], "uv_size": [0.5, 0.5]},
								"south": {"uv": [19, 7], "uv_size": [0.5, 0.5]},
								"up": {"uv": [8, 3], "uv_size": [0.5, 6.5]}
							}
						},
						{
							"origin": [-0.875, 0.225, -1.2],
							"size": [0.45, 0.075, 6.45],
							"uv": {
								"north": {"uv": [8, 19], "uv_size": [0.5, 0.5]},
								"south": {"uv": [19, 8], "uv_size": [0.5, 0.5]},
								"up": {"uv": [9, 3], "uv_size": [0.5, 6.5]}
							}
						},
						{
							"origin": [-0.875, -0.25, -1.2],
							"size": [0.375, 0.55, 6.45],
							"uv": {
								"east": {"uv": [10, 3], "uv_size": [6.5, 0.5]}
							}
						},
						{
							"origin": [-0.875, -0.25, -1.2],
							"size": [1.75, 0.25, 6.75],
							"uv": {
								"south": {"uv": [13, 15], "uv_size": [2, 0.5]},
								"up": {"uv": [0, 0], "uv_size": [2, 7]},
								"down": {"uv": [2, 7], "uv_size": [2, -7]}
							}
						},
						{
							"origin": [-0.59006, -0.62761, 5.19617],
							"size": [1.18012, 2.30558, 0.1],
							"pivot": [0, 0, 0],
							"rotation": [-20.15874, 0, 0],
							"uv": {
								"south": {"uv": [10, 6], "uv_size": [1, 2.5]}
							}
						},
						{
							"origin": [-0.66258, -0.55049, 5.19617],
							"size": [0.28279, 2.32312, 0.1],
							"pivot": [0, 0, 0],
							"rotation": [-20.01866, -2.42258, -6.61769],
							"uv": {
								"south": {"uv": [0, 15], "uv_size": [0.5, 2.5]}
							}
						},
						{
							"origin": [0.37979, -0.55049, 5.19617],
							"size": [0.28279, 2.32312, 0.1],
							"pivot": [0, 0, 0],
							"rotation": [-20.01866, 2.42258, 6.61769],
							"uv": {
								"south": {"uv": [1, 15], "uv_size": [0.5, 2.5]}
							}
						},
						{
							"origin": [0.73765, -0.75865, 2.425],
							"size": [0.1, 0.625, 2.875],
							"pivot": [0, 0, 0],
							"rotation": [0, 0, 7.5],
							"uv": {
								"west": {"uv": [14, 11], "uv_size": [3, 0.5]}
							}
						},
						{
							"origin": [0.80015, -1.99615, 4.3125],
							"size": [0.1, 0.2125, 0.375],
							"pivot": [0, 0, 0],
							"rotation": [0, 0, 7.5],
							"uv": {
								"west": {"uv": [21, 7], "uv_size": [0.5, 0.5]},
								"up": {"uv": [8, 21], "uv_size": [0.5, 0.5]}
							}
						},
						{
							"origin": [-0.8375, -0.4625, 2.4625],
							"size": [1.675, 0.05, 2.7625],
							"uv": {
								"east": {"uv": [13, 8], "uv_size": [3, 0.5]},
								"west": {"uv": [13, 12], "uv_size": [3, 0.5]},
								"up": {"uv": [4, 0], "uv_size": [1.5, 3]},
								"down": {"uv": [4, 6], "uv_size": [1.5, -3]}
							}
						},
						{
							"origin": [-0.8125, -0.65, 2.45],
							"size": [1.625, 0.05, 2.7125],
							"uv": {
								"east": {"uv": [15, 0], "uv_size": [2.5, 0.5]},
								"west": {"uv": [15, 1], "uv_size": [2.5, 0.5]},
								"up": {"uv": [6, 0], "uv_size": [1.5, 2.5]},
								"down": {"uv": [6, 5.5], "uv_size": [1.5, -2.5]}
							}
						},
						{
							"origin": [-0.7875, -0.8375, 2.725],
							"size": [1.575, 0.05, 2.375],
							"uv": {
								"east": {"uv": [15, 2], "uv_size": [2.5, 0.5]},
								"west": {"uv": [15, 7], "uv_size": [2.5, 0.5]},
								"up": {"uv": [4, 6], "uv_size": [1.5, 2.5]},
								"down": {"uv": [6, 8.5], "uv_size": [1.5, -2.5]}
							}
						},
						{
							"origin": [-0.7625, -1.025, 2.9875],
							"size": [1.525, 0.05, 2.0375],
							"uv": {
								"east": {"uv": [11, 16], "uv_size": [2, 0.5]},
								"west": {"uv": [16, 12], "uv_size": [2, 0.5]},
								"up": {"uv": [6, 9], "uv_size": [1.5, 2]},
								"down": {"uv": [10, 6], "uv_size": [1.5, -2]}
							}
						},
						{
							"origin": [-0.7375, -1.2125, 3.25],
							"size": [1.475, 0.05, 1.7125],
							"uv": {
								"east": {"uv": [17, 3], "uv_size": [1.5, 0.5]},
								"west": {"uv": [4, 17], "uv_size": [1.5, 0.5]},
								"up": {"uv": [8, 10], "uv_size": [1.5, 1.5]},
								"down": {"uv": [10, 10.5], "uv_size": [1.5, -1.5]}
							}
						},
						{
							"origin": [-0.7125, -1.4, 3.525],
							"size": [1.425, 0.05, 1.3625],
							"uv": {
								"east": {"uv": [17, 4], "uv_size": [1.5, 0.5]},
								"west": {"uv": [6, 17], "uv_size": [1.5, 0.5]},
								"up": {"uv": [4, 11], "uv_size": [1.5, 1.5]},
								"down": {"uv": [6, 12.5], "uv_size": [1.5, -1.5]}
							}
						},
						{
							"origin": [-0.6875, -1.5875, 3.8],
							"size": [1.375, 0.05, 1.025],
							"uv": {
								"east": {"uv": [18, 7], "uv_size": [1, 0.5]},
								"west": {"uv": [8, 18], "uv_size": [1, 0.5]},
								"up": {"uv": [13, 13], "uv_size": [1.5, 1]},
								"down": {"uv": [0, 15], "uv_size": [1.5, -1]}
							}
						},
						{
							"origin": [-0.6625, -1.775, 4.0625],
							"size": [1.325, 0.05, 0.6875],
							"uv": {
								"east": {"uv": [21, 8], "uv_size": [0.5, 0.5]},
								"west": {"uv": [9, 21], "uv_size": [0.5, 0.5]},
								"up": {"uv": [17, 6], "uv_size": [1.5, 0.5]},
								"down": {"uv": [8, 17.5], "uv_size": [1.5, -0.5]}
							}
						},
						{
							"origin": [0.5455, 0.08839, -0.475],
							"size": [0.25, 0.35355, 2],
							"pivot": [0, 0, 0],
							"rotation": [0, 0, 45],
							"uv": {
								"west": {"uv": [16, 10], "uv_size": [2, 0.5]}
							}
						},
						{
							"origin": [0.80015, 0.76521, 1.32586],
							"size": [0.1, 0.25002, 3.65687],
							"pivot": [0, 0, 0],
							"rotation": [-35, 0, 7.5],
							"uv": {
								"west": {"uv": [12, 5], "uv_size": [3.5, 0.5]},
								"up": {"uv": [10, 12], "uv_size": [0.5, 3.5]}
							}
						},
						{
							"origin": [0.73765, 1.01522, 2.76336],
							"size": [0.1, 0.6625, 1.125],
							"pivot": [0, 0, 0],
							"rotation": [-35, 0, 7.5],
							"uv": {
								"west": {"uv": [9, 18], "uv_size": [1, 0.5]}
							}
						},
						{
							"origin": [0.80015, -0.5505, 5.01101],
							"size": [0.1, 2.32312, 0.25],
							"pivot": [0, 0, 0],
							"rotation": [-20, 0, 7.5],
							"uv": {
								"north": {"uv": [2, 14], "uv_size": [0.5, 2.5]},
								"west": {"uv": [3, 14], "uv_size": [0.5, 2.5]}
							}
						},
						{
							"origin": [-0.83765, -0.20238, 4.01101],
							"size": [0.1, 1.225, 1],
							"pivot": [0, 0, 0],
							"rotation": [-20, 0, -7.5],
							"uv": {
								"east": {"uv": [14, 16], "uv_size": [1, 1]}
							}
						},
						{
							"origin": [-0.83765, 1.01522, 2.76336],
							"size": [0.1, 0.6625, 1.125],
							"pivot": [0, 0, 0],
							"rotation": [-35, 0, -7.5],
							"uv": {
								"east": {"uv": [18, 10], "uv_size": [1, 0.5]}
							}
						},
						{
							"origin": [-0.83765, -0.75865, 2.425],
							"size": [0.1, 0.625, 2.875],
							"pivot": [0, 0, 0],
							"rotation": [0, 0, -7.5],
							"uv": {
								"east": {"uv": [13, 14], "uv_size": [3, 0.5]}
							}
						},
						{
							"origin": [-0.90015, -0.13365, 1.52499],
							"size": [0.03263, 0.24786, 4.02501],
							"pivot": [0, 0, 0],
							"rotation": [0, 0, -7.5],
							"uv": {
								"north": {"uv": [21, 12], "uv_size": [0.5, 0.5]},
								"east": {"uv": [10, 11], "uv_size": [4, 0.5]},
								"south": {"uv": [13, 21], "uv_size": [0.5, 0.5]},
								"up": {"uv": [8, 12], "uv_size": [0.5, 4]}
							}
						},
						{
							"origin": [0.86752, -0.13365, 1.52499],
							"size": [0.03263, 0.24786, 4.02501],
							"pivot": [0, 0, 0],
							"rotation": [0, 0, 7.5],
							"uv": {
								"north": {"uv": [21, 13], "uv_size": [0.5, 0.5]},
								"south": {"uv": [14, 21], "uv_size": [0.5, 0.5]},
								"west": {"uv": [12, 4], "uv_size": [4, 0.5]},
								"up": {"uv": [9, 12], "uv_size": [0.5, 4]}
							}
						},
						{
							"origin": [-0.59006, 1.54924, 4.84375],
							"size": [1.18012, 0.10617, 0.22606],
							"pivot": [0, 0, 0],
							"rotation": [-45, 0, 0],
							"uv": {
								"east": {"uv": [21, 11], "uv_size": [0.5, 0.5]},
								"south": {"uv": [10, 18], "uv_size": [1, 0.5]},
								"west": {"uv": [12, 21], "uv_size": [0.5, 0.5]}
							}
						},
						{
							"origin": [-0.25, 1.04924, 4.84375],
							"size": [0.5, 0.25, 0.22606],
							"pivot": [0, 0, 0],
							"rotation": [-45, 0, 0],
							"uv": {
								"south": {"uv": [21, 14], "uv_size": [0.5, 0.5]},
								"down": {"uv": [15, 21.5], "uv_size": [0.5, -0.5]}
							}
						},
						{
							"origin": [-0.4125, 1.29924, 4.84375],
							"size": [0.825, 0.25, 0.22606],
							"pivot": [0, 0, 0],
							"rotation": [-45, 0, 0],
							"uv": {
								"south": {"uv": [11, 18], "uv_size": [1, 0.5]}
							}
						},
						{
							"origin": [-0.25, -2.68312, 4.16697],
							"size": [0.5, 0.3, 0.175],
							"uv": {
								"north": {"uv": [21, 16], "uv_size": [0.5, 0.5]}
							}
						},
						{
							"origin": [1.53446, -2.68312, 3.88221],
							"size": [0.2, 0.3, 0.2],
							"pivot": [0, 0, 0],
							"rotation": [0, -25, 0],
							"uv": {
								"east": {"uv": [17, 21], "uv_size": [0.5, 0.5]}
							}
						},
						{
							"origin": [-0.02887, 0.80702, 1.32587],
							"size": [0.24999, 0.35354, 3.65687],
							"pivot": [0, 0, 0],
							"rotation": [-28.60606, 21.08514, 40.91168],
							"uv": {
								"west": {"uv": [13, 6], "uv_size": [3.5, 0.5]}
							}
						},
						{
							"origin": [-1.73446, -2.68312, 3.88221],
							"size": [0.2, 0.3, 0.2],
							"pivot": [0, 0, 0],
							"rotation": [0, 25, 0],
							"uv": {
								"west": {"uv": [21, 17], "uv_size": [0.5, 0.5]}
							}
						},
						{
							"origin": [-0.53017, 1.00819, 4.84375],
							"size": [0.14682, 0.60468, 0.22606],
							"inflate": -0.0001,
							"pivot": [0, 0, 0],
							"rotation": [-39.5867, 23.43201, 25.68366],
							"uv": {
								"south": {"uv": [21, 15], "uv_size": [0.5, 0.5]},
								"west": {"uv": [16, 21], "uv_size": [0.5, 0.5]}
							}
						},
						{
							"origin": [-4.57346, 1.00819, 1.79656],
							"size": [0.1, 0.60468, 0.1],
							"pivot": [0, 0, 0],
							"rotation": [-92.56801, 54.17716, -49.28058],
							"uv": {
								"west": {"uv": [18, 21], "uv_size": [0.5, 0.5]}
							}
						},
						{
							"origin": [0.38335, 1.00819, 4.84375],
							"size": [0.14682, 0.60468, 0.22606],
							"inflate": -0.0001,
							"pivot": [0, 0, 0],
							"rotation": [-39.5867, -23.43201, -25.68366],
							"uv": {
								"east": {"uv": [19, 21], "uv_size": [0.5, 0.5]},
								"south": {"uv": [21, 19], "uv_size": [0.5, 0.5]}
							}
						},
						{
							"origin": [4.47346, 1.00819, 1.79656],
							"size": [0.1, 0.60468, 0.1],
							"pivot": [0, 0, 0],
							"rotation": [-92.56801, -54.17716, 49.28058],
							"uv": {
								"east": {"uv": [21, 18], "uv_size": [0.5, 0.5]}
							}
						},
						{
							"origin": [-0.90015, -1.99615, 4.3125],
							"size": [0.1, 0.2125, 0.375],
							"pivot": [0, 0, 0],
							"rotation": [0, 0, -7.5],
							"uv": {
								"east": {"uv": [21, 10], "uv_size": [0.5, 0.5]},
								"up": {"uv": [11, 21], "uv_size": [0.5, 0.5]}
							}
						},
						{
							"origin": [-0.90015, 0.39656, 1.87943],
							"size": [0.1, 0.35, 0.5625],
							"pivot": [0, 0, 0],
							"rotation": [-20, 0, -7.5],
							"uv": {
								"east": {"uv": [21, 9], "uv_size": [0.5, 0.5]},
								"south": {"uv": [10, 21], "uv_size": [0.5, 0.5]}
							}
						},
						{
							"origin": [-0.90015, 0.76521, 1.32586],
							"size": [0.1, 0.25002, 3.65687],
							"pivot": [0, 0, 0],
							"rotation": [-35, 0, -7.5],
							"uv": {
								"east": {"uv": [12, 9], "uv_size": [3.5, 0.5]},
								"up": {"uv": [11, 12], "uv_size": [0.5, 3.5]}
							}
						},
						{
							"origin": [-0.35192, 0.41431, 1.39819],
							"size": [0.69198, 0.24999, 3.625],
							"pivot": [0, 0, 0],
							"rotation": [-34.76925, 0, 0],
							"uv": {
								"down": {"uv": [12, 15.5], "uv_size": [0.5, -3.5]}
							}
						},
						{
							"origin": [-0.727, 0.4143, 1.36792],
							"size": [0.27139, 0.24997, 3.61483],
							"pivot": [0, 0, 0],
							"rotation": [-34.84452, 3.5259, -2.4516],
							"uv": {
								"down": {"uv": [4, 16.5], "uv_size": [0.5, -3.5]}
							}
						},
						{
							"origin": [0.45561, 0.4143, 1.36792],
							"size": [0.27139, 0.24997, 3.61483],
							"pivot": [0, 0, 0],
							"rotation": [-34.84452, -3.5259, 2.4516],
							"uv": {
								"down": {"uv": [5, 16.5], "uv_size": [0.5, -3.5]}
							}
						},
						{
							"origin": [-0.22112, 0.80702, 1.32587],
							"size": [0.24999, 0.35354, 3.65687],
							"pivot": [0, 0, 0],
							"rotation": [-28.60606, -21.08514, -40.91168],
							"uv": {
								"east": {"uv": [12, 10], "uv_size": [3.5, 0.5]}
							}
						},
						{
							"origin": [-0.90015, -0.5505, 5.01101],
							"size": [0.1, 2.32312, 0.25],
							"pivot": [0, 0, 0],
							"rotation": [-20, 0, -7.5],
							"uv": {
								"north": {"uv": [6, 14], "uv_size": [0.5, 2.5]},
								"east": {"uv": [7, 14], "uv_size": [0.5, 2.5]}
							}
						},
						{
							"origin": [0.73765, -0.20238, 4.01101],
							"size": [0.1, 1.225, 1],
							"pivot": [0, 0, 0],
							"rotation": [-20, 0, 7.5],
							"uv": {
								"west": {"uv": [13, 16], "uv_size": [1, 1]}
							}
						},
						{
							"origin": [0.80015, 0.39656, 1.87943],
							"size": [0.1, 0.35, 0.5625],
							"pivot": [0, 0, 0],
							"rotation": [-20, 0, 7.5],
							"uv": {
								"south": {"uv": [21, 6], "uv_size": [0.5, 0.5]},
								"west": {"uv": [7, 21], "uv_size": [0.5, 0.5]}
							}
						},
						{
							"origin": [-0.625, -0.5, -0.475],
							"size": [1.25, 0.25, 2],
							"uv": {
								"down": {"uv": [4, 11], "uv_size": [1.5, -2]}
							}
						},
						{
							"origin": [-0.875, -0.375, -0.0875],
							"size": [1.75, 0.125, 1],
							"uv": {
								"east": {"uv": [17, 11], "uv_size": [1, 0.5]},
								"west": {"uv": [12, 17], "uv_size": [1, 0.5]},
								"down": {"uv": [11, 7], "uv_size": [2, -1]}
							}
						},
						{
							"origin": [-0.875, -0.32704, 0.02652],
							"size": [1.75, 0.08839, 0.17678],
							"inflate": -0.0001,
							"pivot": [0, 0, 0],
							"rotation": [-45, 0, 0],
							"uv": {
								"east": {"uv": [19, 17], "uv_size": [0.5, 0.5]},
								"west": {"uv": [18, 19], "uv_size": [0.5, 0.5]},
								"down": {"uv": [16, 5.5], "uv_size": [2, -0.5]}
							}
						},
						{
							"origin": [-0.875, -0.9104, 0.38008],
							"size": [1.75, 0.08839, 0.17678],
							"inflate": -0.0001,
							"pivot": [0, 0, 0],
							"rotation": [45, 0, 0],
							"uv": {
								"east": {"uv": [19, 18], "uv_size": [0.5, 0.5]},
								"west": {"uv": [19, 19], "uv_size": [0.5, 0.5]},
								"down": {"uv": [8, 16.5], "uv_size": [2, -0.5]}
							}
						},
						{
							"origin": [-0.925, -0.35, -0.0625],
							"size": [1.85, 0.35, 0.95],
							"uv": {
								"north": {"uv": [15, 13], "uv_size": [2, 0.5]},
								"east": {"uv": [13, 17], "uv_size": [1, 0.5]},
								"south": {"uv": [15, 15], "uv_size": [2, 0.5]},
								"west": {"uv": [17, 13], "uv_size": [1, 0.5]},
								"up": {"uv": [11, 7], "uv_size": [2, 1]},
								"down": {"uv": [11, 9], "uv_size": [2, -1]}
							}
						},
						{
							"origin": [-0.875, -0.94914, -1.2],
							"size": [1.75, 0.7, 0.35],
							"uv": {
								"north": {"uv": [16, 14], "uv_size": [2, 0.5]},
								"east": {"uv": [20, 21], "uv_size": [0.5, 0.5]},
								"west": {"uv": [21, 20], "uv_size": [0.5, 0.5]}
							}
						},
						{
							"origin": [-0.875, 0.15971, -1.04237],
							"size": [1.75, 0.35355, 0.53033],
							"inflate": -0.0001,
							"pivot": [0, 0, 0],
							"rotation": [45, 0, 0],
							"uv": {
								"east": {"uv": [21, 21], "uv_size": [0.5, 0.5]},
								"west": {"uv": [0, 22], "uv_size": [0.5, 0.5]}
							}
						},
						{
							"origin": [-0.625, -0.09029, -1.04237],
							"size": [1.25, 0.25, 0.53033],
							"pivot": [0, 0, 0],
							"rotation": [45, 0, 0],
							"uv": {
								"down": {"uv": [18, 11.5], "uv_size": [1, -0.5]}
							}
						},
						{
							"origin": [0.25579, 0.37809, -1.04237],
							"size": [0.25, 0.35355, 0.53033],
							"inflate": -0.0001,
							"pivot": [0, 0, 0],
							"rotation": [35.26439, -30, 35.26439],
							"uv": {
								"west": {"uv": [22, 0], "uv_size": [0.5, 0.5]}
							}
						},
						{
							"origin": [-0.525, -1.29914, -0.95],
							"size": [1.05, 0.1, 0.1],
							"uv": {
								"down": {"uv": [12, 18.5], "uv_size": [1, -0.5]}
							}
						},
						{
							"origin": [-0.525, -1.04914, -0.7],
							"size": [1.05, 0.1, 0.1],
							"uv": {
								"south": {"uv": [18, 12], "uv_size": [1, 0.5]}
							}
						},
						{
							"origin": [-0.08232, -0.94914, -1.21976],
							"size": [0.1, 0.325, 0.35355],
							"pivot": [0, 0, 0],
							"rotation": [0, -45, 0],
							"uv": {
								"west": {"uv": [1, 22], "uv_size": [0.5, 0.5]}
							}
						},
						{
							"origin": [-0.525, -1.51968, 0.21759],
							"size": [1.05, 0.35355, 0.1],
							"pivot": [0, 0, 0],
							"rotation": [-45, 0, 0],
							"uv": {
								"south": {"uv": [13, 18], "uv_size": [1, 0.5]}
							}
						},
						{
							"origin": [1.18379, -0.47669, -1.2],
							"size": [0.17678, 0.35355, 0.25],
							"pivot": [0, 0, 0],
							"rotation": [0, 0, 45],
							"uv": {
								"north": {"uv": [22, 1], "uv_size": [0.5, 0.5]},
								"west": {"uv": [2, 22], "uv_size": [0.5, 0.5]}
							}
						},
						{
							"origin": [-0.625, -0.94914, -0.7],
							"size": [1.25, 0.325, 0.1],
							"uv": {
								"south": {"uv": [17, 8], "uv_size": [1.5, 0.5]}
							}
						},
						{
							"origin": [-0.875, -1.04914, -1.2],
							"size": [1.75, 0.1, 0.25],
							"uv": {
								"north": {"uv": [15, 16], "uv_size": [2, 0.5]},
								"east": {"uv": [22, 2], "uv_size": [0.5, 0.5]},
								"west": {"uv": [3, 22], "uv_size": [0.5, 0.5]}
							}
						},
						{
							"origin": [-0.625, -1.29914, -1.2],
							"size": [1.25, 0.25, 0.25],
							"uv": {
								"north": {"uv": [17, 9], "uv_size": [1.5, 0.5]},
								"down": {"uv": [10, 17.5], "uv_size": [1.5, -0.5]}
							}
						},
						{
							"origin": [-0.30052, -1.29914, -1.11369],
							"size": [0.07071, 0.1, 0.14142],
							"inflate": -0.0001,
							"pivot": [0, 0, 0],
							"rotation": [0, -45, 0],
							"uv": {
								"down": {"uv": [22, 3.5], "uv_size": [0.5, -0.5]}
							}
						},
						{
							"origin": [1.04237, -0.37062, -0.7],
							"size": [0.07071, 0.14142, 0.1],
							"inflate": -0.0001,
							"pivot": [0, 0, 0],
							"rotation": [0, 0, 45],
							"uv": {
								"south": {"uv": [4, 22], "uv_size": [0.5, 0.5]}
							}
						},
						{
							"origin": [-0.875, -1.41361, -0.00061],
							"size": [1.75, 0.14142, 0.07071],
							"inflate": -0.0001,
							"pivot": [0, 0, 0],
							"rotation": [-45, 0, 0],
							"uv": {
								"east": {"uv": [22, 4], "uv_size": [0.5, 0.5]},
								"west": {"uv": [5, 22], "uv_size": [0.5, 0.5]}
							}
						},
						{
							"origin": [0.46242, -1.19342, -1.11369],
							"size": [0.1, 0.2, 0.14142],
							"pivot": [0, 0, 0],
							"rotation": [-30, -35.26439, 45.00001],
							"uv": {
								"west": {"uv": [22, 5], "uv_size": [0.5, 0.5]}
							}
						},
						{
							"origin": [0.46242, -0.99342, -1.21976],
							"size": [0.1, 0.22866, 0.35355],
							"pivot": [0, 0, 0],
							"rotation": [-30, -35.26439, 45.00001],
							"uv": {
								"west": {"uv": [6, 22], "uv_size": [0.5, 0.5]}
							}
						},
						{
							"origin": [0.46242, -0.37063, -1.18254],
							"size": [0.1, 0.14142, 0.05],
							"pivot": [0, 0, 0],
							"rotation": [0, -35.26439, 45],
							"uv": {
								"west": {"uv": [22, 6], "uv_size": [0.5, 0.5]}
							}
						},
						{
							"origin": [0.46242, -0.47669, -1.5612],
							"size": [0.1, 0.35355, 0.1],
							"pivot": [0, 0, 0],
							"rotation": [0, -35.26439, 45],
							"uv": {
								"west": {"uv": [7, 22], "uv_size": [0.5, 0.5]}
							}
						},
						{
							"origin": [0.46242, -1.41361, -0.67396],
							"size": [0.1, 0.14142, 0.05],
							"pivot": [0, 0, 0],
							"rotation": [-60, -35.26439, 45.00001],
							"uv": {
								"west": {"uv": [22, 7], "uv_size": [0.5, 0.5]}
							}
						},
						{
							"origin": [0.46242, -1.51968, -0.3453],
							"size": [0.1, 0.35355, 0.1],
							"pivot": [0, 0, 0],
							"rotation": [-60, -35.26439, 45.00001],
							"uv": {
								"west": {"uv": [8, 22], "uv_size": [0.5, 0.5]}
							}
						},
						{
							"origin": [-0.50579, 0.37809, -1.04237],
							"size": [0.25, 0.35355, 0.53033],
							"inflate": -0.0001,
							"pivot": [0, 0, 0],
							"rotation": [35.26439, 30, -35.26439],
							"uv": {
								"east": {"uv": [22, 8], "uv_size": [0.5, 0.5]}
							}
						},
						{
							"origin": [-0.7955, 0.08839, -0.475],
							"size": [0.25, 0.35355, 2],
							"pivot": [0, 0, 0],
							"rotation": [0, 0, -45],
							"uv": {
								"east": {"uv": [2, 17], "uv_size": [2, 0.5]}
							}
						},
						{
							"origin": [-0.01768, -0.94914, -1.21976],
							"size": [0.1, 0.325, 0.35355],
							"pivot": [0, 0, 0],
							"rotation": [0, 45, 0],
							"uv": {
								"east": {"uv": [9, 22], "uv_size": [0.5, 0.5]}
							}
						},
						{
							"origin": [-0.56242, -1.41361, -0.67396],
							"size": [0.1, 0.14142, 0.05],
							"pivot": [0, 0, 0],
							"rotation": [-60, 35.26439, -45.00001],
							"uv": {
								"east": {"uv": [22, 9], "uv_size": [0.5, 0.5]}
							}
						},
						{
							"origin": [-0.56242, -0.47669, -1.5612],
							"size": [0.1, 0.35355, 0.1],
							"pivot": [0, 0, 0],
							"rotation": [0, 35.26439, -45],
							"uv": {
								"east": {"uv": [10, 22], "uv_size": [0.5, 0.5]}
							}
						},
						{
							"origin": [-0.56242, -0.37063, -1.18254],
							"size": [0.1, 0.14142, 0.05],
							"pivot": [0, 0, 0],
							"rotation": [0, 35.26439, -45],
							"uv": {
								"east": {"uv": [22, 10], "uv_size": [0.5, 0.5]}
							}
						},
						{
							"origin": [-0.56242, -0.99342, -1.21976],
							"size": [0.1, 0.22866, 0.35355],
							"pivot": [0, 0, 0],
							"rotation": [-30, 35.26439, -45.00001],
							"uv": {
								"east": {"uv": [11, 22], "uv_size": [0.5, 0.5]}
							}
						},
						{
							"origin": [-0.56242, -1.51968, -0.3453],
							"size": [0.1, 0.35355, 0.1],
							"pivot": [0, 0, 0],
							"rotation": [-60, 35.26439, -45.00001],
							"uv": {
								"east": {"uv": [22, 11], "uv_size": [0.5, 0.5]}
							}
						},
						{
							"origin": [-0.56242, -1.19342, -1.11369],
							"size": [0.1, 0.2, 0.14142],
							"pivot": [0, 0, 0],
							"rotation": [-30, 35.26439, -45.00001],
							"uv": {
								"east": {"uv": [12, 22], "uv_size": [0.5, 0.5]}
							}
						},
						{
							"origin": [0.22981, -1.29914, -1.11369],
							"size": [0.07071, 0.1, 0.14142],
							"inflate": -0.0001,
							"pivot": [0, 0, 0],
							"rotation": [0, 45, 0],
							"uv": {
								"down": {"uv": [22, 12.5], "uv_size": [0.5, -0.5]}
							}
						},
						{
							"origin": [-1.36057, -0.47669, -1.2],
							"size": [0.17678, 0.35355, 0.25],
							"pivot": [0, 0, 0],
							"rotation": [0, 0, -45],
							"uv": {
								"north": {"uv": [13, 22], "uv_size": [0.5, 0.5]},
								"east": {"uv": [22, 13], "uv_size": [0.5, 0.5]}
							}
						},
						{
							"origin": [-1.11308, -0.37062, -0.7],
							"size": [0.07071, 0.14142, 0.1],
							"inflate": -0.0001,
							"pivot": [0, 0, 0],
							"rotation": [0, 0, -45],
							"uv": {
								"south": {"uv": [14, 22], "uv_size": [0.5, 0.5]}
							}
						},
						{
							"origin": [0.5, 1.41422, -1.62645],
							"size": [0.15012, 0.21223, 0.42436],
							"inflate": -0.0001,
							"pivot": [0, 0, 0],
							"rotation": [45, 0, 0],
							"uv": {
								"east": {"uv": [9, 19], "uv_size": [0.5, 0.5]},
								"up": {"uv": [19, 9], "uv_size": [0.5, 0.5]}
							}
						},
						{
							"origin": [0.6501, 1.5265, -1.41425],
							"size": [0.0422, 0.1, 0.2122],
							"inflate": -0.0001,
							"pivot": [0, 0, 0],
							"rotation": [45, 0, 0],
							"uv": {
								"up": {"uv": [20, 20], "uv_size": [0.5, 0.5]}
							}
						},
						{
							"origin": [0.9133, 1.52658, -1.46819],
							"size": [0.0416, 0.1, 0.43267],
							"inflate": -0.0001,
							"pivot": [0, 0, 0],
							"rotation": [45.56258, 7.92867, 8.00665],
							"uv": {
								"up": {"uv": [20, 19], "uv_size": [0.5, 0.5]}
							}
						},
						{
							"origin": [0.5, 0, -2.00007],
							"size": [0.2344, 0.3, 0.80007],
							"uv": {
								"east": {"uv": [14, 17], "uv_size": [1, 0.5]},
								"up": {"uv": [15, 17], "uv_size": [0.5, 1]}
							}
						},
						{
							"origin": [0.7344, -0.82414, -1.5],
							"size": [0.1406, 1.12414, 0.3],
							"uv": {
								"west": {"uv": [17, 15], "uv_size": [0.5, 1]},
								"up": {"uv": [10, 19], "uv_size": [0.5, 0.5]}
							}
						},
						{
							"origin": [-0.1742, -1.3, -2.3],
							"size": [0.3484, 0.47586, 0.8],
							"uv": {
								"north": {"uv": [19, 10], "uv_size": [0.5, 0.5]},
								"down": {"uv": [16, 18], "uv_size": [0.5, -1]}
							}
						},
						{
							"origin": [-0.4992, -1.21292, -2.3],
							"size": [0.3484, 0.3, 0.8],
							"pivot": [0, 0, 0],
							"rotation": [0, 0, -30],
							"uv": {
								"north": {"uv": [11, 19], "uv_size": [0.5, 0.5]}
							}
						},
						{
							"origin": [-0.4342, -1.52137, -2.1087],
							"size": [0.2834, 0.1, 0.2693],
							"pivot": [0, 0, 0],
							"rotation": [-8.00415, 0, -30],
							"uv": {
								"down": {"uv": [19, 11.5], "uv_size": [0.5, -0.5]}
							}
						},
						{
							"origin": [-0.30435, -1.52136, -1.57013],
							"size": [0.2834, 0.1, 0.2693],
							"pivot": [0, 0, 0],
							"rotation": [-8.00415, 0, -30],
							"uv": {
								"down": {"uv": [12, 19.5], "uv_size": [0.5, -0.5]}
							}
						},
						{
							"origin": [-0.36926, -1.52137, -1.8394],
							"size": [0.2834, 0.1, 0.2693],
							"pivot": [0, 0, 0],
							"rotation": [-8.00415, 0, -30],
							"uv": {
								"down": {"uv": [19, 12.5], "uv_size": [0.5, -0.5]}
							}
						},
						{
							"origin": [0.28461, -1.52137, -2.08528],
							"size": [0.06319, 0.1, 0.83103],
							"inflate": 0.0001,
							"pivot": [0, 0, 0],
							"rotation": [-8.23055, 13.42501, -31.92344],
							"uv": {
								"down": {"uv": [17, 17], "uv_size": [0.5, -1]}
							}
						},
						{
							"origin": [0.00917, -1.52138, -2.16695],
							"size": [0.06313, 0.10002, 0.83102],
							"inflate": 0.0001,
							"pivot": [0, 0, 0],
							"rotation": [-8.23055, 13.42501, -31.92344],
							"uv": {
								"down": {"uv": [17, 18], "uv_size": [0.5, -1]}
							}
						},
						{
							"origin": [-0.875, -0.82414, -1.5],
							"size": [0.1406, 1.12414, 0.3],
							"uv": {
								"east": {"uv": [7, 18], "uv_size": [0.5, 1]},
								"up": {"uv": [6, 21], "uv_size": [0.5, 0.5]}
							}
						},
						{
							"origin": [-0.7344, 0, -2.00007],
							"size": [0.2344, 0.3, 0.80007],
							"uv": {
								"west": {"uv": [18, 5], "uv_size": [1, 0.5]},
								"up": {"uv": [6, 18], "uv_size": [0.5, 1]}
							}
						},
						{
							"origin": [-0.65012, 1.41422, -1.62645],
							"size": [0.15012, 0.21223, 0.42436],
							"inflate": -0.0001,
							"pivot": [0, 0, 0],
							"rotation": [45, 0, 0],
							"uv": {
								"west": {"uv": [5, 21], "uv_size": [0.5, 0.5]},
								"up": {"uv": [21, 5], "uv_size": [0.5, 0.5]}
							}
						},
						{
							"origin": [-0.9549, 1.52658, -1.46819],
							"size": [0.0416, 0.1, 0.43267],
							"inflate": -0.0001,
							"pivot": [0, 0, 0],
							"rotation": [45.56258, -7.92867, -8.00665],
							"uv": {
								"up": {"uv": [21, 4], "uv_size": [0.5, 0.5]}
							}
						},
						{
							"origin": [-0.6923, 1.5265, -1.41425],
							"size": [0.0422, 0.1, 0.2122],
							"inflate": -0.0001,
							"pivot": [0, 0, 0],
							"rotation": [45, 0, 0],
							"uv": {
								"up": {"uv": [4, 21], "uv_size": [0.5, 0.5]}
							}
						},
						{
							"origin": [-1.24842, 0, -1.72656],
							"size": [0.13535, 0.3, 0.51946],
							"pivot": [0, 0, 0],
							"rotation": [0, -15.70754, 0],
							"uv": {
								"east": {"uv": [3, 21], "uv_size": [0.5, 0.5]},
								"up": {"uv": [21, 3], "uv_size": [0.5, 0.5]}
							}
						},
						{
							"origin": [-1.24842, 1.1974, -1.46836],
							"size": [0.1, 0.21608, 0.43247],
							"pivot": [0, 0, 0],
							"rotation": [43.90914, -15.70754, 0],
							"uv": {
								"east": {"uv": [21, 2], "uv_size": [0.5, 0.5]}
							}
						},
						{
							"origin": [-1.24842, -0.82414, -2.03813],
							"size": [0.1, 0.82414, 0.83103],
							"pivot": [0, 0, 0],
							"rotation": [0, -15.70754, 0],
							"uv": {
								"east": {"uv": [10, 16], "uv_size": [1, 1]}
							}
						},
						{
							"origin": [0.11387, -1.49156, -2.03814],
							"size": [0.05579, 0.1, 0.83103],
							"inflate": 0.0001,
							"pivot": [0, 0, 0],
							"rotation": [-13.8103, -7.55738, 61.85169],
							"uv": {
								"down": {"uv": [5, 19], "uv_size": [0.5, -1]}
							}
						},
						{
							"origin": [0.33254, -1.49157, -1.59226],
							"size": [0.2921, 0.1, 0.4117],
							"pivot": [0, 0, 0],
							"rotation": [-13.688, 0, 60],
							"uv": {
								"down": {"uv": [2, 21.5], "uv_size": [0.5, -0.5]}
							}
						},
						{
							"origin": [0.38872, -1.49157, -2.00396],
							"size": [0.2921, 0.1, 0.4117],
							"pivot": [0, 0, 0],
							"rotation": [-13.688, 0, 60],
							"uv": {
								"down": {"uv": [21, 1.5], "uv_size": [0.5, -0.5]}
							}
						},
						{
							"origin": [0.40329, -1.49156, -2.0853],
							"size": [0.05578, 0.1, 0.83103],
							"inflate": 0.0001,
							"pivot": [0, 0, 0],
							"rotation": [-13.8103, -7.55738, 61.85169],
							"uv": {
								"down": {"uv": [4, 19], "uv_size": [0.5, -1]}
							}
						},
						{
							"origin": [-0.3478, -1.52137, -2.08528],
							"size": [0.06319, 0.1, 0.83103],
							"inflate": 0.0001,
							"pivot": [0, 0, 0],
							"rotation": [-8.23055, -13.42501, 31.92344],
							"uv": {
								"down": {"uv": [3, 19], "uv_size": [0.5, -1]}
							}
						},
						{
							"origin": [0.02095, -1.52136, -1.57013],
							"size": [0.2834, 0.1, 0.2693],
							"pivot": [0, 0, 0],
							"rotation": [-8.00415, 0, 30],
							"uv": {
								"down": {"uv": [1, 21.5], "uv_size": [0.5, -0.5]}
							}
						},
						{
							"origin": [0.08586, -1.52137, -1.8394],
							"size": [0.2834, 0.1, 0.2693],
							"pivot": [0, 0, 0],
							"rotation": [-8.00415, 0, 30],
							"uv": {
								"down": {"uv": [21, 0.5], "uv_size": [0.5, -0.5]}
							}
						},
						{
							"origin": [0.1508, -1.52137, -2.1087],
							"size": [0.2834, 0.1, 0.2693],
							"pivot": [0, 0, 0],
							"rotation": [-8.00415, 0, 30],
							"uv": {
								"down": {"uv": [0, 21.5], "uv_size": [0.5, -0.5]}
							}
						},
						{
							"origin": [-0.0723, -1.52138, -2.16695],
							"size": [0.06313, 0.10002, 0.83102],
							"inflate": 0.0001,
							"pivot": [0, 0, 0],
							"rotation": [-8.23055, -13.42501, 31.92344],
							"uv": {
								"down": {"uv": [18, 3], "uv_size": [0.5, -1]}
							}
						},
						{
							"origin": [-0.73712, -0.975, -2.3],
							"size": [0.3484, 0.4125, 0.8],
							"pivot": [0, 0, 0],
							"rotation": [0, 0, -60],
							"uv": {
								"north": {"uv": [13, 19], "uv_size": [0.5, 0.5]}
							}
						},
						{
							"origin": [-0.62464, -1.49157, -1.59226],
							"size": [0.2921, 0.1, 0.4117],
							"pivot": [0, 0, 0],
							"rotation": [-13.688, 0, -60],
							"uv": {
								"down": {"uv": [19, 13.5], "uv_size": [0.5, -0.5]}
							}
						},
						{
							"origin": [-0.68082, -1.49157, -2.00396],
							"size": [0.2921, 0.1, 0.4117],
							"pivot": [0, 0, 0],
							"rotation": [-13.688, 0, -60],
							"uv": {
								"down": {"uv": [14, 19.5], "uv_size": [0.5, -0.5]}
							}
						},
						{
							"origin": [-0.16966, -1.49156, -2.03814],
							"size": [0.05579, 0.1, 0.83103],
							"inflate": 0.0001,
							"pivot": [0, 0, 0],
							"rotation": [-13.8103, 7.55738, -61.85169],
							"uv": {
								"down": {"uv": [0, 19], "uv_size": [0.5, -1]}
							}
						},
						{
							"origin": [-0.45907, -1.49156, -2.0853],
							"size": [0.05578, 0.1, 0.83103],
							"inflate": 0.0001,
							"pivot": [0, 0, 0],
							"rotation": [-13.8103, 7.55738, -61.85169],
							"uv": {
								"down": {"uv": [18, 1], "uv_size": [0.5, -1]}
							}
						},
						{
							"origin": [-0.65, -0.82414, -2.3],
							"size": [1.30002, 0.82414, 1.1],
							"uv": {
								"north": {"uv": [6, 13], "uv_size": [1.5, 1]},
								"up": {"uv": [13, 7], "uv_size": [1.5, 1]}
							}
						},
						{
							"origin": [1.14842, -0.82414, -2.03813],
							"size": [0.1, 0.82414, 0.83103],
							"pivot": [0, 0, 0],
							"rotation": [0, 15.70754, 0],
							"uv": {
								"west": {"uv": [16, 4], "uv_size": [1, 1]}
							}
						},
						{
							"origin": [1.11307, 0, -1.72656],
							"size": [0.13535, 0.3, 0.51946],
							"pivot": [0, 0, 0],
							"rotation": [0, 15.70754, 0],
							"uv": {
								"west": {"uv": [18, 20], "uv_size": [0.5, 0.5]},
								"up": {"uv": [20, 18], "uv_size": [0.5, 0.5]}
							}
						},
						{
							"origin": [1.14842, 1.1974, -1.46836],
							"size": [0.1, 0.21608, 0.43247],
							"pivot": [0, 0, 0],
							"rotation": [43.90914, 15.70754, 0],
							"uv": {
								"west": {"uv": [19, 20], "uv_size": [0.5, 0.5]}
							}
						},
						{
							"origin": [-0.3992, -1.3, -1.5],
							"size": [0.79838, 0.47586, 0.3],
							"uv": {
								"down": {"uv": [1, 18.5], "uv_size": [1, -0.5]}
							}
						},
						{
							"origin": [0.57379, -1.3, -2.16695],
							"size": [0.21658, 0.1, 0.83103],
							"inflate": -0.0001,
							"pivot": [0, 0, 0],
							"rotation": [0, 15.70754, 0],
							"uv": {
								"down": {"uv": [18, 2], "uv_size": [0.5, -1]}
							}
						},
						{
							"origin": [-0.79037, -1.3, -2.16695],
							"size": [0.21658, 0.1, 0.83103],
							"inflate": -0.0001,
							"pivot": [0, 0, 0],
							"rotation": [0, -15.70754, 0],
							"uv": {
								"down": {"uv": [2, 19], "uv_size": [0.5, -1]}
							}
						},
						{
							"origin": [-0.04406, -1.32542, -1.5],
							"size": [0.3484, 0.3, 0.3],
							"pivot": [0, 0, 0],
							"rotation": [0, 0, 30],
							"uv": {
								"down": {"uv": [19, 14.5], "uv_size": [0.5, -0.5]}
							}
						},
						{
							"origin": [0.27622, -1.16986, -1.5],
							"size": [0.3484, 0.4125, 0.3],
							"pivot": [0, 0, 0],
							"rotation": [0, 0, 60],
							"uv": {
								"down": {"uv": [15, 19.5], "uv_size": [0.5, -0.5]}
							}
						},
						{
							"origin": [-0.30436, -1.32541, -1.5],
							"size": [0.3484, 0.3, 0.3],
							"pivot": [0, 0, 0],
							"rotation": [0, 0, -30],
							"uv": {
								"down": {"uv": [19, 15.5], "uv_size": [0.5, -0.5]}
							}
						},
						{
							"origin": [-0.62463, -1.16984, -1.5],
							"size": [0.3484, 0.4125, 0.3],
							"pivot": [0, 0, 0],
							"rotation": [0, 0, -60],
							"uv": {
								"down": {"uv": [16, 19.5], "uv_size": [0.5, -0.5]}
							}
						},
						{
							"origin": [0.1508, -1.21292, -2.3],
							"size": [0.3484, 0.3, 0.8],
							"pivot": [0, 0, 0],
							"rotation": [0, 0, 30],
							"uv": {
								"north": {"uv": [19, 16], "uv_size": [0.5, 0.5]}
							}
						},
						{
							"origin": [0.38872, -0.975, -2.3],
							"size": [0.3484, 0.4125, 0.8],
							"pivot": [0, 0, 0],
							"rotation": [0, 0, 60],
							"uv": {
								"north": {"uv": [17, 19], "uv_size": [0.5, 0.5]}
							}
						},
						{
							"origin": [-0.1675, -0.15, -2.35],
							"size": [0.335, 0.125, 0.05],
							"uv": {
								"north": {"uv": [0, 20], "uv_size": [0.5, 0.5]},
								"up": {"uv": [20, 0], "uv_size": [0.5, 0.5]},
								"down": {"uv": [1, 20.5], "uv_size": [0.5, -0.5]}
							}
						},
						{
							"origin": [-0.73042, -0.95, -2.35],
							"size": [0.335, 0.125, 0.05],
							"pivot": [0, 0, 0],
							"rotation": [0, 0, -60],
							"uv": {
								"north": {"uv": [20, 1], "uv_size": [0.5, 0.5]},
								"up": {"uv": [2, 20], "uv_size": [0.5, 0.5]},
								"down": {"uv": [20, 2.5], "uv_size": [0.5, -0.5]}
							}
						},
						{
							"origin": [-0.4925, -1.18792, -2.35],
							"size": [0.335, 0.125, 0.05],
							"pivot": [0, 0, 0],
							"rotation": [0, 0, -30],
							"uv": {
								"north": {"uv": [3, 20], "uv_size": [0.5, 0.5]},
								"up": {"uv": [20, 3], "uv_size": [0.5, 0.5]},
								"down": {"uv": [4, 20.5], "uv_size": [0.5, -0.5]}
							}
						},
						{
							"origin": [0.39542, -0.95, -2.35],
							"size": [0.335, 0.125, 0.05],
							"pivot": [0, 0, 0],
							"rotation": [0, 0, 60],
							"uv": {
								"north": {"uv": [20, 4], "uv_size": [0.5, 0.5]},
								"up": {"uv": [5, 20], "uv_size": [0.5, 0.5]},
								"down": {"uv": [20, 5.5], "uv_size": [0.5, -0.5]}
							}
						},
						{
							"origin": [0.1575, -1.18792, -2.35],
							"size": [0.335, 0.125, 0.05],
							"pivot": [0, 0, 0],
							"rotation": [0, 0, 30],
							"uv": {
								"north": {"uv": [6, 20], "uv_size": [0.5, 0.5]},
								"up": {"uv": [20, 6], "uv_size": [0.5, 0.5]},
								"down": {"uv": [7, 20.5], "uv_size": [0.5, -0.5]}
							}
						},
						{
							"origin": [-0.1675, -1.275, -2.35],
							"size": [0.335, 0.125, 0.05],
							"uv": {
								"north": {"uv": [20, 7], "uv_size": [0.5, 0.5]},
								"up": {"uv": [8, 20], "uv_size": [0.5, 0.5]},
								"down": {"uv": [20, 8.5], "uv_size": [0.5, -0.5]}
							}
						},
						{
							"origin": [-0.4925, -0.06292, -2.35],
							"size": [0.335, 0.125, 0.05],
							"pivot": [0, 0, 0],
							"rotation": [0, 0, -30],
							"uv": {
								"north": {"uv": [9, 20], "uv_size": [0.5, 0.5]},
								"up": {"uv": [20, 9], "uv_size": [0.5, 0.5]},
								"down": {"uv": [10, 20.5], "uv_size": [0.5, -0.5]}
							}
						},
						{
							"origin": [0.4825, 0.5, -2.35],
							"size": [0.335, 0.125, 0.05],
							"pivot": [0, 0, 0],
							"rotation": [0, 0, 90],
							"uv": {
								"north": {"uv": [20, 10], "uv_size": [0.5, 0.5]},
								"up": {"uv": [11, 20], "uv_size": [0.5, 0.5]},
								"down": {"uv": [20, 11.5], "uv_size": [0.5, -0.5]}
							}
						},
						{
							"origin": [0.39542, 0.175, -2.35],
							"size": [0.335, 0.125, 0.05],
							"pivot": [0, 0, 0],
							"rotation": [0, 0, 60],
							"uv": {
								"north": {"uv": [12, 20], "uv_size": [0.5, 0.5]},
								"up": {"uv": [20, 12], "uv_size": [0.5, 0.5]},
								"down": {"uv": [13, 20.5], "uv_size": [0.5, -0.5]}
							}
						},
						{
							"origin": [0.1575, -0.06292, -2.35],
							"size": [0.335, 0.125, 0.05],
							"pivot": [0, 0, 0],
							"rotation": [0, 0, 30],
							"uv": {
								"north": {"uv": [20, 13], "uv_size": [0.5, 0.5]},
								"up": {"uv": [14, 20], "uv_size": [0.5, 0.5]},
								"down": {"uv": [20, 14.5], "uv_size": [0.5, -0.5]}
							}
						},
						{
							"origin": [-0.73042, 0.175, -2.35],
							"size": [0.335, 0.125, 0.05],
							"pivot": [0, 0, 0],
							"rotation": [0, 0, -60],
							"uv": {
								"north": {"uv": [15, 20], "uv_size": [0.5, 0.5]},
								"up": {"uv": [20, 15], "uv_size": [0.5, 0.5]},
								"down": {"uv": [16, 20.5], "uv_size": [0.5, -0.5]}
							}
						},
						{
							"origin": [-0.8175, 0.5, -2.35],
							"size": [0.335, 0.125, 0.05],
							"pivot": [0, 0, 0],
							"rotation": [0, 0, -90],
							"uv": {
								"north": {"uv": [20, 16], "uv_size": [0.5, 0.5]},
								"up": {"uv": [17, 20], "uv_size": [0.5, 0.5]},
								"down": {"uv": [20, 17.5], "uv_size": [0.5, -0.5]}
							}
						},
						{
							"origin": [-0.375, -1.15, -2.325],
							"size": [0.75, 1, 0.025],
							"uv": {
								"north": {"uv": [16, 8], "uv_size": [1, 1]}
							}
						},
						{
							"origin": [-0.5, -1.025, -2.325],
							"size": [1, 0.75, 0.025],
							"uv": {
								"north": {"uv": [16, 9], "uv_size": [1, 1]}
							}
						}
					]
				}
			]
		}
	]
}