{
	"format_version": "1.12.0",
	"minecraft:geometry": [
		{
			"description": {
				"identifier": "geometry.grip_lb1",
				"texture_width": 32,
				"texture_height": 32,
				"visible_bounds_width": 17,
				"visible_bounds_height": 1.5,
				"visible_bounds_offset": [0, 0.25, 0]
			},
			"bones": [
				{
					"name": "mount",
					"pivot": [0, 0, 0],
					"cubes": [
						{
							"origin": [-0.26517, 0.44205, -2.0624],
							"size": [0.17668, 0.08819, 6.7499],
							"inflate": 0.0001,
							"pivot": [0, 0, -0.5],
							"rotation": [0, 0, -45],
							"uv": {
								"north": {"uv": [13, 2], "uv_size": [0.5, 0.5]},
								"south": {"uv": [3, 13], "uv_size": [0.5, 0.5]},
								"down": {"uv": [6, 11.5], "uv_size": [0.5, -6.5]}
							}
						},
						{
							"origin": [-0.44194, -0.35356, -2.0625],
							"size": [0.1768, 0.08839, 6.75],
							"inflate": 0.0001,
							"pivot": [0, 0, -0.5],
							"rotation": [0, 0, 45],
							"uv": {
								"north": {"uv": [13, 3], "uv_size": [0.5, 0.5]},
								"south": {"uv": [4, 13], "uv_size": [0.5, 0.5]},
								"up": {"uv": [4, 0], "uv_size": [0.5, 7]}
							}
						},
						{
							"origin": [-0.525, 0.25, -2.0625],
							"size": [0.15, 0.1, 6.75],
							"uv": {
								"north": {"uv": [13, 4], "uv_size": [0.5, 0.5]},
								"south": {"uv": [5, 13], "uv_size": [0.5, 0.5]},
								"west": {"uv": [5, 0], "uv_size": [7, 0.5]},
								"up": {"uv": [5, 1], "uv_size": [0.5, 7]}
							}
						},
						{
							"origin": [-0.26506, 0.54811, -2.0624],
							"size": [0.14122, 0.07051, 6.7498],
							"inflate": 0.0001,
							"pivot": [0, 0, -0.5],
							"rotation": [0, 0, -45],
							"uv": {
								"north": {"uv": [13, 5], "uv_size": [0.5, 0.5]},
								"south": {"uv": [6, 13], "uv_size": [0.5, 0.5]},
								"up": {"uv": [0, 7], "uv_size": [0.5, 6.5]}
							}
						},
						{
							"origin": [-0.625, -0.25, -2.0625],
							"size": [0.125, 0.5, 6.75],
							"uv": {
								"north": {"uv": [13, 6], "uv_size": [0.5, 0.5]},
								"east": {"uv": [6, 1], "uv_size": [7, 0.5]},
								"south": {"uv": [7, 13], "uv_size": [0.5, 0.5]}
							}
						},
						{
							"origin": [0.5, 0, -0.0625],
							"size": [0.125, 0.35, 2.375],
							"uv": {
								"north": {"uv": [13, 7], "uv_size": [0.5, 0.5]},
								"east": {"uv": [2, 7], "uv_size": [2.5, 0.5]},
								"south": {"uv": [8, 13], "uv_size": [0.5, 0.5]},
								"west": {"uv": [7, 7], "uv_size": [2.5, 0.5]},
								"up": {"uv": [2, 8], "uv_size": [0.5, 2.5]}
							}
						},
						{
							"origin": [0.5, 0, -2.0625],
							"size": [0.125, 0.35, 1.125],
							"uv": {
								"north": {"uv": [13, 8], "uv_size": [0.5, 0.5]},
								"east": {"uv": [5, 10], "uv_size": [1, 0.5]},
								"south": {"uv": [9, 13], "uv_size": [0.5, 0.5]},
								"west": {"uv": [12, 0], "uv_size": [1, 0.5]},
								"up": {"uv": [1, 12], "uv_size": [0.5, 1]}
							}
						},
						{
							"origin": [0.5, 0, 3.1875],
							"size": [0.125, 0.35, 1.5],
							"uv": {
								"north": {"uv": [13, 9], "uv_size": [0.5, 0.5]},
								"east": {"uv": [3, 8], "uv_size": [1.5, 0.5]},
								"south": {"uv": [10, 13], "uv_size": [0.5, 0.5]},
								"west": {"uv": [7, 8], "uv_size": [1.5, 0.5]},
								"up": {"uv": [5, 8], "uv_size": [0.5, 1.5]}
							}
						},
						{
							"origin": [-0.625, -0.25, -2.0625],
							"size": [1.25, 0.25, 6.75],
							"uv": {
								"north": {"uv": [3, 9], "uv_size": [1.5, 0.5]},
								"south": {"uv": [7, 9], "uv_size": [1.5, 0.5]},
								"west": {"uv": [6, 2], "uv_size": [7, 0.5]},
								"up": {"uv": [0, 0], "uv_size": [1.5, 7]},
								"down": {"uv": [2, 7], "uv_size": [1.5, -7]}
							}
						}
					]
				},
				{
					"name": "fix",
					"pivot": [0, 0, 0],
					"cubes": [
						{
							"origin": [0.375, 0.25, -0.9375],
							"size": [0.175, 0.1, 0.875],
							"uv": {
								"north": {"uv": [13, 10], "uv_size": [0.5, 0.5]},
								"east": {"uv": [2, 12], "uv_size": [1, 0.5]},
								"south": {"uv": [11, 13], "uv_size": [0.5, 0.5]},
								"up": {"uv": [3, 12], "uv_size": [0.5, 1]}
							}
						},
						{
							"origin": [0.14152, 0.56579, -0.9374],
							"size": [0.14122, 0.07051, 0.875],
							"inflate": 0.0001,
							"pivot": [0, 0, -0.5],
							"rotation": [0, 0, 45],
							"uv": {
								"north": {"uv": [13, 11], "uv_size": [0.5, 0.5]},
								"south": {"uv": [12, 13], "uv_size": [0.5, 0.5]},
								"up": {"uv": [4, 12], "uv_size": [0.5, 1]}
							}
						},
						{
							"origin": [0.5, 0, -0.9375],
							"size": [0.15, 0.25, 0.875],
							"uv": {
								"north": {"uv": [13, 12], "uv_size": [0.5, 0.5]},
								"east": {"uv": [5, 12], "uv_size": [1, 0.5]},
								"south": {"uv": [13, 13], "uv_size": [0.5, 0.5]},
								"west": {"uv": [12, 5], "uv_size": [1, 0.5]},
								"down": {"uv": [6, 13], "uv_size": [0.5, -1]}
							}
						},
						{
							"origin": [-0.525, 0.00821, -0.63321],
							"size": [1.25, 0.125, 0.125],
							"pivot": [0, 0, -0.5],
							"rotation": [-45, 0, 0],
							"uv": {
								"north": {"uv": [9, 8], "uv_size": [1.5, 0.5]},
								"south": {"uv": [9, 9], "uv_size": [1.5, 0.5]},
								"west": {"uv": [0, 14], "uv_size": [0.5, 0.5]},
								"up": {"uv": [3, 10], "uv_size": [1.5, 0.5]},
								"down": {"uv": [7, 10.5], "uv_size": [1.5, -0.5]}
							}
						},
						{
							"origin": [-0.525, 2.30631, 1.66489],
							"size": [1.25, 0.125, 0.125],
							"pivot": [0, 0, -0.5],
							"rotation": [-45, 0, 0],
							"uv": {
								"north": {"uv": [10, 7], "uv_size": [1.5, 0.5]},
								"south": {"uv": [9, 10], "uv_size": [1.5, 0.5]},
								"west": {"uv": [14, 0], "uv_size": [0.5, 0.5]},
								"up": {"uv": [2, 11], "uv_size": [1.5, 0.5]},
								"down": {"uv": [4, 11.5], "uv_size": [1.5, -0.5]}
							}
						},
						{
							"origin": [0.375, 0.25, 2.3125],
							"size": [0.175, 0.1, 0.875],
							"uv": {
								"north": {"uv": [1, 14], "uv_size": [0.5, 0.5]},
								"east": {"uv": [12, 6], "uv_size": [1, 0.5]},
								"south": {"uv": [14, 1], "uv_size": [0.5, 0.5]},
								"up": {"uv": [7, 12], "uv_size": [0.5, 1]}
							}
						},
						{
							"origin": [0.14152, 0.56579, 2.3126],
							"size": [0.14122, 0.07051, 0.875],
							"inflate": 0.0001,
							"pivot": [0, 0, -0.5],
							"rotation": [0, 0, 45],
							"uv": {
								"north": {"uv": [2, 14], "uv_size": [0.5, 0.5]},
								"south": {"uv": [14, 2], "uv_size": [0.5, 0.5]},
								"up": {"uv": [12, 7], "uv_size": [0.5, 1]}
							}
						},
						{
							"origin": [0.5, 0, 2.3125],
							"size": [0.15, 0.25, 0.875],
							"uv": {
								"north": {"uv": [3, 14], "uv_size": [0.5, 0.5]},
								"east": {"uv": [8, 12], "uv_size": [1, 0.5]},
								"south": {"uv": [14, 3], "uv_size": [0.5, 0.5]},
								"west": {"uv": [9, 12], "uv_size": [1, 0.5]},
								"down": {"uv": [10, 13], "uv_size": [0.5, -1]}
							}
						},
						{
							"origin": [0.08849, 0.44205, -0.9374],
							"size": [0.17668, 0.08819, 0.875],
							"inflate": 0.0001,
							"pivot": [0, 0, -0.5],
							"rotation": [0, 0, 45],
							"uv": {
								"north": {"uv": [4, 14], "uv_size": [0.5, 0.5]},
								"south": {"uv": [14, 4], "uv_size": [0.5, 0.5]},
								"down": {"uv": [12, 11], "uv_size": [0.5, -1]}
							}
						},
						{
							"origin": [0.08849, 0.44205, 2.3126],
							"size": [0.17668, 0.08819, 0.875],
							"inflate": 0.0001,
							"pivot": [0, 0, -0.5],
							"rotation": [0, 0, 45],
							"uv": {
								"north": {"uv": [5, 14], "uv_size": [0.5, 0.5]},
								"south": {"uv": [14, 5], "uv_size": [0.5, 0.5]},
								"down": {"uv": [11, 13], "uv_size": [0.5, -1]}
							}
						}
					]
				},
				{
					"name": "Monstrum_Laserbeak",
					"pivot": [0, 0, 0],
					"cubes": [
						{
							"origin": [-0.5, -0.35, -2.0625],
							"size": [1, 0.1, 6.75],
							"uv": {
								"north": {"uv": [12, 11], "uv_size": [1, 0.5]},
								"east": {"uv": [6, 3], "uv_size": [7, 0.5]},
								"south": {"uv": [12, 12], "uv_size": [1, 0.5]},
								"west": {"uv": [6, 4], "uv_size": [7, 0.5]}
							}
						},
						{
							"origin": [-0.1, -0.45, -2.0875],
							"size": [0.2, 0.1375, 0.025],
							"uv": {
								"north": {"uv": [6, 14], "uv_size": [0.5, 0.5]},
								"up": {"uv": [14, 6], "uv_size": [0.5, 0.5]},
								"down": {"uv": [7, 14.5], "uv_size": [0.5, -0.5]}
							}
						},
						{
							"origin": [-0.1, -0.65, -2.075],
							"size": [0.2, 0.2, 0.0125],
							"uv": {
								"north": {"uv": [14, 7], "uv_size": [0.5, 0.5]}
							}
						},
						{
							"origin": [-0.48614, -0.28776, -2.0875],
							"size": [0.19445, 0.1375, 0.025],
							"inflate": -0.0001,
							"pivot": [0, 0, -0.5],
							"rotation": [0, 0, -45],
							"uv": {
								"north": {"uv": [8, 14], "uv_size": [0.5, 0.5]},
								"up": {"uv": [14, 8], "uv_size": [0.5, 0.5]},
								"down": {"uv": [9, 14.5], "uv_size": [0.5, -0.5]}
							}
						},
						{
							"origin": [0.29168, -0.28776, -2.0875],
							"size": [0.19445, 0.1375, 0.025],
							"inflate": -0.0001,
							"pivot": [0, 0, -0.5],
							"rotation": [0, 0, 45],
							"uv": {
								"north": {"uv": [14, 9], "uv_size": [0.5, 0.5]},
								"up": {"uv": [10, 14], "uv_size": [0.5, 0.5]},
								"down": {"uv": [14, 10.5], "uv_size": [0.5, -0.5]}
							}
						},
						{
							"origin": [0.29168, -0.62756, -2.0875],
							"size": [0.19445, 0.1375, 0.025],
							"inflate": -0.0001,
							"pivot": [0, 0, -0.5],
							"rotation": [0, 0, 45],
							"uv": {
								"north": {"uv": [11, 14], "uv_size": [0.5, 0.5]},
								"up": {"uv": [14, 11], "uv_size": [0.5, 0.5]},
								"down": {"uv": [12, 14.5], "uv_size": [0.5, -0.5]}
							}
						},
						{
							"origin": [-0.1, -0.7875, -2.0875],
							"size": [0.2, 0.1375, 0.025],
							"uv": {
								"north": {"uv": [14, 12], "uv_size": [0.5, 0.5]},
								"up": {"uv": [13, 14], "uv_size": [0.5, 0.5]},
								"down": {"uv": [14, 13.5], "uv_size": [0.5, -0.5]}
							}
						},
						{
							"origin": [-0.48614, -0.62756, -2.0875],
							"size": [0.19445, 0.1375, 0.025],
							"inflate": -0.0001,
							"pivot": [0, 0, -0.5],
							"rotation": [0, 0, -45],
							"uv": {
								"north": {"uv": [14, 14], "uv_size": [0.5, 0.5]},
								"up": {"uv": [0, 15], "uv_size": [0.5, 0.5]},
								"down": {"uv": [15, 0.5], "uv_size": [0.5, -0.5]}
							}
						},
						{
							"origin": [-0.2375, -0.65, -2.0875],
							"size": [0.1375, 0.2, 0.025],
							"uv": {
								"north": {"uv": [1, 15], "uv_size": [0.5, 0.5]},
								"east": {"uv": [15, 1], "uv_size": [0.5, 0.5]},
								"west": {"uv": [2, 15], "uv_size": [0.5, 0.5]}
							}
						},
						{
							"origin": [0.1, -0.65, -2.0875],
							"size": [0.1375, 0.2, 0.025],
							"uv": {
								"north": {"uv": [15, 2], "uv_size": [0.5, 0.5]},
								"east": {"uv": [3, 15], "uv_size": [0.5, 0.5]},
								"west": {"uv": [15, 3], "uv_size": [0.5, 0.5]}
							}
						},
						{
							"origin": [-0.5375, -0.575, 3.025],
							"size": [0.125, 0.25, 0.6],
							"uv": {
								"north": {"uv": [4, 15], "uv_size": [0.5, 0.5]},
								"east": {"uv": [15, 4], "uv_size": [0.5, 0.5]},
								"south": {"uv": [5, 15], "uv_size": [0.5, 0.5]},
								"up": {"uv": [15, 5], "uv_size": [0.5, 0.5]},
								"down": {"uv": [6, 15.5], "uv_size": [0.5, -0.5]}
							}
						},
						{
							"origin": [0.375, -0.65, 2.45],
							"size": [0.1625, 0.325, 1],
							"uv": {
								"north": {"uv": [15, 6], "uv_size": [0.5, 0.5]},
								"south": {"uv": [7, 15], "uv_size": [0.5, 0.5]},
								"west": {"uv": [13, 0], "uv_size": [1, 0.5]},
								"up": {"uv": [1, 13], "uv_size": [0.5, 1]},
								"down": {"uv": [13, 2], "uv_size": [0.5, -1]}
							}
						},
						{
							"origin": [0.4125, -0.55, 2.4125],
							"size": [0.15, 0.125, 0.075],
							"uv": {
								"north": {"uv": [15, 7], "uv_size": [0.5, 0.5]},
								"south": {"uv": [8, 15], "uv_size": [0.5, 0.5]},
								"west": {"uv": [15, 8], "uv_size": [0.5, 0.5]},
								"up": {"uv": [9, 15], "uv_size": [0.5, 0.5]},
								"down": {"uv": [15, 9.5], "uv_size": [0.5, -0.5]}
							}
						},
						{
							"origin": [-0.59106, -0.68615, 0.4375],
							"size": [0.17556, 0.534, 4.25],
							"inflate": -0.0001,
							"pivot": [0, 0, -0.5],
							"rotation": [0, 0, -20.55605],
							"uv": {
								"east": {"uv": [7, 5], "uv_size": [4.5, 0.5]},
								"south": {"uv": [10, 15], "uv_size": [0.5, 0.5]}
							}
						},
						{
							"origin": [0.4155, -0.68615, 0.4375],
							"size": [0.17556, 0.534, 4.25],
							"inflate": -0.0001,
							"pivot": [0, 0, -0.5],
							"rotation": [0, 0, 20.55605],
							"uv": {
								"south": {"uv": [15, 10], "uv_size": [0.5, 0.5]},
								"west": {"uv": [7, 6], "uv_size": [4.5, 0.5]}
							}
						},
						{
							"origin": [-0.3125, -0.85, 0.4375],
							"size": [0.625, 0.5, 4.25],
							"uv": {
								"south": {"uv": [11, 15], "uv_size": [0.5, 0.5]},
								"down": {"uv": [1, 11.5], "uv_size": [0.5, -4.5]}
							}
						},
						{
							"origin": [0.4155, -0.68615, -2.0625],
							"size": [0.17556, 0.534, 1.25],
							"inflate": -0.0001,
							"pivot": [0, 0, -0.5],
							"rotation": [0, 0, 20.55605],
							"uv": {
								"north": {"uv": [15, 11], "uv_size": [0.5, 0.5]},
								"west": {"uv": [7, 11], "uv_size": [1.5, 0.5]}
							}
						},
						{
							"origin": [0.4, -1.14602, -0.8682],
							"size": [0.0625, 0.1, 0.1],
							"pivot": [0, 0, -0.5],
							"rotation": [-45, 0, 0],
							"uv": {
								"north": {"uv": [12, 15], "uv_size": [0.5, 0.5]},
								"south": {"uv": [15, 12], "uv_size": [0.5, 0.5]},
								"west": {"uv": [13, 15], "uv_size": [0.5, 0.5]},
								"up": {"uv": [15, 13], "uv_size": [0.5, 0.5]},
								"down": {"uv": [14, 15.5], "uv_size": [0.5, -0.5]}
							}
						},
						{
							"origin": [-0.75711, -0.875, -1.25711],
							"size": [0.1, 0.025, 0.1],
							"pivot": [0, 0, -0.5],
							"rotation": [0, -45, 0],
							"uv": {
								"north": {"uv": [15, 14], "uv_size": [0.5, 0.5]},
								"east": {"uv": [15, 15], "uv_size": [0.5, 0.5]},
								"south": {"uv": [0, 16], "uv_size": [0.5, 0.5]},
								"west": {"uv": [16, 0], "uv_size": [0.5, 0.5]},
								"down": {"uv": [1, 16.5], "uv_size": [0.5, -0.5]}
							}
						},
						{
							"origin": [-0.59106, -0.68615, -2.0625],
							"size": [0.17556, 0.534, 1.25],
							"inflate": -0.0001,
							"pivot": [0, 0, -0.5],
							"rotation": [0, 0, -20.55605],
							"uv": {
								"north": {"uv": [16, 1], "uv_size": [0.5, 0.5]},
								"east": {"uv": [11, 8], "uv_size": [1.5, 0.5]}
							}
						},
						{
							"origin": [0.49106, -0.4859, -0.8125],
							"size": [0.1, 0.33375, 1.25],
							"pivot": [0, 0, -0.5],
							"rotation": [0, 0, 20.55605],
							"uv": {
								"west": {"uv": [9, 11], "uv_size": [1.5, 0.5]}
							}
						},
						{
							"origin": [-0.59106, -0.4859, -0.8125],
							"size": [0.1, 0.33375, 1.25],
							"pivot": [0, 0, -0.5],
							"rotation": [0, 0, -20.55605],
							"uv": {
								"east": {"uv": [11, 9], "uv_size": [1.5, 0.5]}
							}
						},
						{
							"origin": [0.49106, -0.52078, -1.0452],
							"size": [0.1, 0.18589, 0.53861],
							"inflate": -0.0001,
							"pivot": [0, 0, -0.5],
							"rotation": [21.82567, 0, 20.55605],
							"uv": {
								"west": {"uv": [2, 16], "uv_size": [0.5, 0.5]}
							}
						},
						{
							"origin": [-0.59106, -0.28842, 0.08679],
							"size": [0.1, 0.18589, 0.53861],
							"inflate": -0.0001,
							"pivot": [0, 0, -0.5],
							"rotation": [-21.82567, 0, -20.55605],
							"uv": {
								"east": {"uv": [16, 2], "uv_size": [0.5, 0.5]}
							}
						},
						{
							"origin": [-0.46335, -0.4667, 0.0868],
							"size": [0.0697, 0.1, 0.53861],
							"inflate": -0.0001,
							"pivot": [0, 0, -0.5],
							"rotation": [-20.7184, 7.01974, -2.64659],
							"uv": {
								"down": {"uv": [3, 16.5], "uv_size": [0.5, -0.5]}
							}
						},
						{
							"origin": [-0.3125, -0.4667, 0.14226],
							"size": [0.625, 0.1, 0.534],
							"pivot": [0, 0, -0.5],
							"rotation": [-20.55605, 0, 0],
							"uv": {
								"down": {"uv": [16, 3.5], "uv_size": [0.5, -0.5]}
							}
						},
						{
							"origin": [0.39365, -0.4667, 0.0868],
							"size": [0.0697, 0.1, 0.53861],
							"inflate": -0.0001,
							"pivot": [0, 0, -0.5],
							"rotation": [-20.7184, -7.01974, 2.64659],
							"uv": {
								"down": {"uv": [4, 16.5], "uv_size": [0.5, -0.5]}
							}
						},
						{
							"origin": [0.49106, -0.28842, 0.08679],
							"size": [0.1, 0.18589, 0.53861],
							"inflate": -0.0001,
							"pivot": [0, 0, -0.5],
							"rotation": [-21.82567, 0, 20.55605],
							"uv": {
								"west": {"uv": [16, 4], "uv_size": [0.5, 0.5]}
							}
						},
						{
							"origin": [-0.3125, -0.85, -2.0625],
							"size": [0.625, 0.5, 1.25],
							"uv": {
								"north": {"uv": [5, 16], "uv_size": [0.5, 0.5]},
								"down": {"uv": [11, 11.5], "uv_size": [0.5, -1.5]}
							}
						},
						{
							"origin": [-0.3125, -0.68615, -1.09106],
							"size": [0.625, 0.1, 0.534],
							"pivot": [0, 0, -0.5],
							"rotation": [20.55605, 0, 0],
							"uv": {
								"down": {"uv": [16, 5.5], "uv_size": [0.5, -0.5]}
							}
						},
						{
							"origin": [0.31727, -0.68615, -1.04521],
							"size": [0.0697, 0.1, 0.53861],
							"inflate": -0.0001,
							"pivot": [0, 0, -0.5],
							"rotation": [20.7184, 7.01974, 2.64659],
							"uv": {
								"down": {"uv": [6, 16.5], "uv_size": [0.5, -0.5]}
							}
						},
						{
							"origin": [-0.59106, -0.52078, -1.0452],
							"size": [0.1, 0.18589, 0.53861],
							"inflate": -0.0001,
							"pivot": [0, 0, -0.5],
							"rotation": [21.82567, 0, -20.55605],
							"uv": {
								"east": {"uv": [16, 6], "uv_size": [0.5, 0.5]}
							}
						},
						{
							"origin": [-0.38697, -0.68615, -1.04521],
							"size": [0.0697, 0.1, 0.53861],
							"inflate": -0.0001,
							"pivot": [0, 0, -0.5],
							"rotation": [20.7184, -7.01974, -2.64659],
							"uv": {
								"down": {"uv": [7, 16.5], "uv_size": [0.5, -0.5]}
							}
						},
						{
							"origin": [-0.3828, -0.6625, -0.3125],
							"size": [0.7656, 0.1, 0.25],
							"uv": {
								"down": {"uv": [2, 13.5], "uv_size": [1, -0.5]}
							}
						}
					]
				},
				{
					"name": "laser_illuminated",
					"pivot": [-0.8375, 0.9, -4],
					"cubes": [
						{
							"origin": [-0.0625, -0.6125, -130],
							"size": [0.125, 0.125, 128],
							"pivot": [0, -0.55, -3],
							"rotation": [0, 0, 45],
							"uv": {
								"east": {"uv": [27, 2], "uv_size": [1, 0.5]},
								"west": {"uv": [27, 2], "uv_size": [1, 0.5]},
								"up": {"uv": [28, 2.5], "uv_size": [-1, -0.5]},
								"down": {"uv": [28, 2.5], "uv_size": [-1, -0.5]}
							}
						}
					]
				}
			]
		}
	]
}