{
	"format_version": "1.12.0",
	"minecraft:geometry": [
		{
			"description": {
				"identifier": "geometry.grip_utg_usa",
				"texture_width": 32,
				"texture_height": 32,
				"visible_bounds_width": 2,
				"visible_bounds_height": 1.5,
				"visible_bounds_offset": [0, 0.25, 0]
			},
			"bones": [
				{
					"name": "UTG_UltraSlim",
					"pivot": [0, 0, 0],
					"cubes": [
						{
							"origin": [-0.4375, -0.1875, -2.3],
							"size": [0.875, 0.1875, 1.85],
							"uv": {
								"north": {"uv": [0, 5], "uv_size": [1, 1]},
								"east": {"uv": [3, 1], "uv_size": [2, 1]},
								"south": {"uv": [1, 5], "uv_size": [1, 1]},
								"west": {"uv": [3, 3], "uv_size": [2, 1]},
								"up": {"uv": [3, 4], "uv_size": [1, 2]},
								"down": {"uv": [4, 6], "uv_size": [1, -2]}
							}
						},
						{
							"origin": [-0.3375, -0.32892, -2.3],
							"size": [0.675, 0.14142, 0.07071],
							"uv": {
								"north": {"uv": [16, 5], "uv_size": [1, 1]},
								"east": {"uv": [6, 16], "uv_size": [1, 1]},
								"west": {"uv": [16, 6], "uv_size": [1, 1]}
							}
						},
						{
							"origin": [-0.4375, -0.3375, -1.375],
							"size": [0.875, 0.15, 0.675],
							"uv": {
								"north": {"uv": [8, 12], "uv_size": [1, 1]},
								"east": {"uv": [12, 8], "uv_size": [1, 1]},
								"west": {"uv": [9, 12], "uv_size": [1, 1]},
								"down": {"uv": [12, 10], "uv_size": [1, -1]}
							}
						},
						{
							"origin": [-0.3375, -0.4375, -1.125],
							"size": [0.675, 0.1, 0.3875],
							"uv": {
								"east": {"uv": [11, 15], "uv_size": [1, 1]},
								"west": {"uv": [15, 11], "uv_size": [1, 1]},
								"down": {"uv": [12, 16], "uv_size": [1, -1]}
							}
						},
						{
							"origin": [-0.4375, -1.95695, 2.06757],
							"size": [0.875, 0.625, 0.125],
							"pivot": [0, 0, 0],
							"rotation": [12.5, 0, 0],
							"uv": {
								"north": {"uv": [10, 12], "uv_size": [1, 1]},
								"east": {"uv": [12, 10], "uv_size": [1, 1]},
								"south": {"uv": [11, 12], "uv_size": [1, 1]},
								"west": {"uv": [12, 11], "uv_size": [1, 1]}
							}
						},
						{
							"origin": [-0.4375, 0.63987, 2.44745],
							"size": [0.875, 0.253, 0.125],
							"inflate": -0.0001,
							"pivot": [0, 0, 0],
							"rotation": [-45, 0, 0],
							"uv": {
								"north": {"uv": [15, 2], "uv_size": [1, 1]},
								"east": {"uv": [3, 15], "uv_size": [1, 1]},
								"west": {"uv": [15, 3], "uv_size": [1, 1]}
							}
						},
						{
							"origin": [-0.4375, 0.68987, 2.57245],
							"size": [0.875, 0.125, 0.115],
							"inflate": -0.0001,
							"pivot": [0, 0, 0],
							"rotation": [-45, 0, 0],
							"uv": {
								"east": {"uv": [4, 15], "uv_size": [1, 1]},
								"west": {"uv": [15, 4], "uv_size": [1, 1]}
							}
						},
						{
							"origin": [-0.4375, -0.59138, 2.3873],
							"size": [0.875, 0.6206, 0.125],
							"inflate": 0.0001,
							"pivot": [0, 0, 0],
							"rotation": [-6.37685, 0, 0],
							"uv": {
								"north": {"uv": [14, 13], "uv_size": [1, 1]},
								"east": {"uv": [14, 14], "uv_size": [1, 1]},
								"south": {"uv": [0, 15], "uv_size": [1, 1]},
								"west": {"uv": [15, 0], "uv_size": [1, 1]}
							}
						},
						{
							"origin": [-0.4375, -0.59543, -0.58149],
							"size": [0.875, 0.25, 3.45],
							"inflate": 0.0001,
							"pivot": [0, 0, 0],
							"rotation": [-22.5, 0, 0],
							"uv": {
								"east": {"uv": [0, 0], "uv_size": [3, 1]},
								"west": {"uv": [0, 1], "uv_size": [3, 1]},
								"up": {"uv": [0, 2], "uv_size": [1, 3]},
								"down": {"uv": [1, 5], "uv_size": [1, -3]}
							}
						},
						{
							"origin": [-0.3375, -0.69543, -0.55649],
							"size": [0.675, 0.1, 3.3],
							"inflate": 0.0001,
							"pivot": [0, 0, 0],
							"rotation": [-22.5, 0, 0],
							"uv": {
								"east": {"uv": [2, 2], "uv_size": [3, 1]},
								"west": {"uv": [3, 0], "uv_size": [3, 1]},
								"down": {"uv": [2, 6], "uv_size": [1, -3]}
							}
						},
						{
							"origin": [-0.4375, -0.70793, 2.75601],
							"size": [0.875, 0.1125, 0.1125],
							"inflate": -0.0001,
							"pivot": [0, 0, 0],
							"rotation": [-22.5, 0, 0],
							"uv": {
								"east": {"uv": [15, 8], "uv_size": [1, 1]},
								"west": {"uv": [9, 15], "uv_size": [1, 1]}
							}
						},
						{
							"origin": [-0.4375, -0.75793, 2.86851],
							"size": [0.875, 0.4125, 0.05],
							"inflate": 0.0001,
							"pivot": [0, 0, 0],
							"rotation": [-22.5, 0, 0],
							"uv": {
								"east": {"uv": [5, 15], "uv_size": [1, 1]},
								"south": {"uv": [15, 5], "uv_size": [1, 1]},
								"west": {"uv": [6, 15], "uv_size": [1, 1]}
							}
						},
						{
							"origin": [-0.4375, -2.59964, 1.4482],
							"size": [0.875, 0.30936, 0.07955],
							"pivot": [0, 0, 0],
							"rotation": [22.5, 0, 0],
							"uv": {
								"north": {"uv": [15, 6], "uv_size": [1, 1]},
								"east": {"uv": [7, 15], "uv_size": [1, 1]},
								"west": {"uv": [15, 7], "uv_size": [1, 1]},
								"down": {"uv": [8, 16], "uv_size": [1, -1]}
							}
						},
						{
							"origin": [-0.4375, -1.375, -1.9],
							"size": [0.875, 0.625, 0.1],
							"inflate": 0.0001,
							"uv": {
								"north": {"uv": [6, 11], "uv_size": [1, 1]},
								"east": {"uv": [11, 6], "uv_size": [1, 1]},
								"south": {"uv": [7, 11], "uv_size": [1, 1]},
								"west": {"uv": [11, 7], "uv_size": [1, 1]},
								"down": {"uv": [8, 12], "uv_size": [1, -1]}
							}
						},
						{
							"origin": [-0.3375, -1.375, -2],
							"size": [0.675, 0.6125, 0.3],
							"inflate": 0.0001,
							"uv": {
								"north": {"uv": [0, 16], "uv_size": [1, 1]},
								"east": {"uv": [16, 0], "uv_size": [1, 1]},
								"south": {"uv": [1, 16], "uv_size": [1, 1]},
								"west": {"uv": [16, 1], "uv_size": [1, 1]},
								"down": {"uv": [2, 17], "uv_size": [1, -1]}
							}
						},
						{
							"origin": [-0.4375, -0.865, -1.83],
							"size": [0.875, 0.1865, 0.107],
							"uv": {
								"east": {"uv": [8, 14], "uv_size": [1, 1]},
								"west": {"uv": [14, 8], "uv_size": [1, 1]},
								"up": {"uv": [9, 14], "uv_size": [1, 1]}
							}
						},
						{
							"origin": [-0.375, -0.4375, -2.01422],
							"size": [0.75, 0.25, 0.63922],
							"uv": {
								"east": {"uv": [14, 9], "uv_size": [1, 1]},
								"west": {"uv": [10, 14], "uv_size": [1, 1]}
							}
						},
						{
							"origin": [-0.4375, -1.72819, -1.33246],
							"size": [0.875, 0.5, 0.1],
							"inflate": -0.0001,
							"pivot": [0, 0, 0],
							"rotation": [-22.5, 0, 0],
							"uv": {
								"north": {"uv": [2, 12], "uv_size": [1, 1]},
								"east": {"uv": [12, 2], "uv_size": [1, 1]},
								"south": {"uv": [3, 12], "uv_size": [1, 1]},
								"west": {"uv": [12, 3], "uv_size": [1, 1]}
							}
						},
						{
							"origin": [-0.3375, -1.71569, -1.23246],
							"size": [0.675, 0.475, 0.1],
							"inflate": -0.0001,
							"pivot": [0, 0, 0],
							"rotation": [-22.5, 0, 0],
							"uv": {
								"east": {"uv": [15, 9], "uv_size": [1, 1]},
								"south": {"uv": [10, 15], "uv_size": [1, 1]},
								"west": {"uv": [15, 10], "uv_size": [1, 1]}
							}
						},
						{
							"origin": [-0.4375, -1.64462, -0.76103],
							"size": [0.875, 0.375, 0.1],
							"pivot": [0, 0, 0],
							"rotation": [-45, 0, 0],
							"uv": {
								"north": {"uv": [4, 12], "uv_size": [1, 1]},
								"east": {"uv": [12, 4], "uv_size": [1, 1]},
								"south": {"uv": [5, 12], "uv_size": [1, 1]},
								"west": {"uv": [12, 5], "uv_size": [1, 1]}
							}
						},
						{
							"origin": [-0.3375, -1.63212, -0.66103],
							"size": [0.675, 0.35, 0.1],
							"pivot": [0, 0, 0],
							"rotation": [-45, 0, 0],
							"uv": {
								"east": {"uv": [14, 15], "uv_size": [1, 1]},
								"south": {"uv": [15, 14], "uv_size": [1, 1]},
								"west": {"uv": [15, 15], "uv_size": [1, 1]}
							}
						},
						{
							"origin": [-0.375, -1.77783, -1.05862],
							"size": [0.75, 0.39878, 0.325],
							"pivot": [0, 0, 0],
							"rotation": [-45, 0, 0],
							"uv": {
								"east": {"uv": [14, 10], "uv_size": [1, 1]},
								"west": {"uv": [11, 14], "uv_size": [1, 1]}
							}
						},
						{
							"origin": [-0.4375, -1.4642, -0.21723],
							"size": [0.875, 0.3, 0.1],
							"inflate": -0.0001,
							"pivot": [0, 0, 0],
							"rotation": [-67.5, 0, 0],
							"uv": {
								"north": {"uv": [6, 12], "uv_size": [1, 1]},
								"east": {"uv": [12, 6], "uv_size": [1, 1]},
								"south": {"uv": [7, 12], "uv_size": [1, 1]},
								"west": {"uv": [12, 7], "uv_size": [1, 1]}
							}
						},
						{
							"origin": [-0.3375, -1.4517, -0.11723],
							"size": [0.675, 0.2875, 0.1],
							"inflate": -0.0001,
							"pivot": [0, 0, 0],
							"rotation": [-67.5, 0, 0],
							"uv": {
								"east": {"uv": [15, 12], "uv_size": [1, 1]},
								"south": {"uv": [13, 15], "uv_size": [1, 1]},
								"west": {"uv": [15, 13], "uv_size": [1, 1]}
							}
						},
						{
							"origin": [-0.4375, -0.00408, -2.05],
							"size": [0.875, 0.375, 0.1],
							"pivot": [0, 0, 0],
							"rotation": [22.5, 0, 0],
							"uv": {
								"north": {"uv": [11, 8], "uv_size": [1, 1]},
								"east": {"uv": [9, 11], "uv_size": [1, 1]},
								"south": {"uv": [11, 9], "uv_size": [1, 1]},
								"west": {"uv": [10, 11], "uv_size": [1, 1]}
							}
						},
						{
							"origin": [-0.3375, 0.00842, -2.15],
							"size": [0.675, 0.35, 0.1],
							"pivot": [0, 0, 0],
							"rotation": [22.5, 0, 0],
							"uv": {
								"north": {"uv": [16, 2], "uv_size": [1, 1]},
								"east": {"uv": [3, 16], "uv_size": [1, 1]},
								"west": {"uv": [16, 3], "uv_size": [1, 1]}
							}
						},
						{
							"origin": [-0.4375, 0.77782, -1.16673],
							"size": [0.875, 0.12374, 0.06187],
							"inflate": -0.0001,
							"pivot": [0, 0, 0],
							"rotation": [45, 0, 0],
							"uv": {
								"north": {"uv": [11, 10], "uv_size": [1, 1]},
								"east": {"uv": [11, 11], "uv_size": [1, 1]},
								"west": {"uv": [0, 12], "uv_size": [1, 1]}
							}
						},
						{
							"origin": [-0.4375, -1.64258, 1.74222],
							"size": [0.875, 0.23624, 0.126],
							"inflate": -0.0001,
							"pivot": [0, 0, 0],
							"rotation": [32.5, 0, 0],
							"uv": {
								"north": {"uv": [1, 15], "uv_size": [1, 1]},
								"east": {"uv": [15, 1], "uv_size": [1, 1]},
								"west": {"uv": [2, 15], "uv_size": [1, 1]}
							}
						},
						{
							"origin": [-0.4375, 1.08892, -1.75893],
							"size": [0.875, 0.40485, 0.09931],
							"inflate": 0.0001,
							"pivot": [0, 0, 0],
							"rotation": [45, 0, 0],
							"uv": {
								"north": {"uv": [14, 11], "uv_size": [1, 1]},
								"east": {"uv": [12, 14], "uv_size": [1, 1]},
								"south": {"uv": [14, 12], "uv_size": [1, 1]},
								"west": {"uv": [13, 14], "uv_size": [1, 1]}
							}
						},
						{
							"origin": [-0.3375, 1.10142, -1.85893],
							"size": [0.675, 0.29235, 0.1],
							"inflate": 0.0001,
							"pivot": [0, 0, 0],
							"rotation": [45, 0, 0],
							"uv": {
								"north": {"uv": [4, 16], "uv_size": [1, 1]},
								"east": {"uv": [16, 4], "uv_size": [1, 1]},
								"west": {"uv": [5, 16], "uv_size": [1, 1]}
							}
						},
						{
							"origin": [-0.4375, -1.0783, -1.93353],
							"size": [0.875, 0.1625, 0.2],
							"inflate": -0.0001,
							"pivot": [0, 0, 0],
							"rotation": [-22.5, 0, 0],
							"uv": {
								"east": {"uv": [12, 0], "uv_size": [1, 1]},
								"south": {"uv": [1, 12], "uv_size": [1, 1]},
								"west": {"uv": [12, 1], "uv_size": [1, 1]}
							}
						},
						{
							"origin": [0.5, 0.58138, 1.35842],
							"size": [0.0625, 0.0559, 0.13975],
							"inflate": -0.0001,
							"pivot": [0, 0, 0],
							"rotation": [-26.56505, 0, 0],
							"uv": {
								"west": {"uv": [5, 11], "uv_size": [1, 1]},
								"down": {"uv": [11, 6], "uv_size": [1, -1]}
							}
						},
						{
							"origin": [0.5, -0.15, 1.6],
							"size": [0.0625, 0.0625, 0.25],
							"uv": {
								"west": {"uv": [4, 11], "uv_size": [1, 1]},
								"down": {"uv": [11, 5], "uv_size": [1, -1]}
							}
						},
						{
							"origin": [0.5, -0.96151, 1.58761],
							"size": [0.0625, 0.0559, 0.13975],
							"inflate": -0.0001,
							"pivot": [0, 0, 0],
							"rotation": [26.56505, 0, 0],
							"uv": {
								"west": {"uv": [3, 11], "uv_size": [1, 1]},
								"down": {"uv": [11, 4], "uv_size": [1, -1]}
							}
						},
						{
							"origin": [0.5, 1.08449, 1.49817],
							"size": [0.0625, 0.0559, 0.13975],
							"inflate": -0.0001,
							"pivot": [0, 0, 0],
							"rotation": [-26.56505, 0, 0],
							"uv": {
								"west": {"uv": [2, 11], "uv_size": [1, 1]},
								"up": {"uv": [11, 2], "uv_size": [1, 1]}
							}
						},
						{
							"origin": [0.5, -0.45839, 1.44786],
							"size": [0.0625, 0.0559, 0.13975],
							"inflate": -0.0001,
							"pivot": [0, 0, 0],
							"rotation": [26.56505, 0, 0],
							"uv": {
								"west": {"uv": [1, 11], "uv_size": [1, 1]},
								"up": {"uv": [11, 1], "uv_size": [1, 1]}
							}
						},
						{
							"origin": [0.5, -0.0875, 1.1],
							"size": [0.0625, 0.375, 1.25],
							"uv": {
								"north": {"uv": [10, 10], "uv_size": [1, 1]},
								"south": {"uv": [0, 11], "uv_size": [1, 1]},
								"west": {"uv": [11, 0], "uv_size": [1, 1]}
							}
						},
						{
							"origin": [-0.6, -1.21155, 1.22797],
							"size": [1.125, 0.125, 0.125],
							"pivot": [0, 0, 0],
							"rotation": [45, 0, 0],
							"uv": {
								"north": {"uv": [10, 7], "uv_size": [1, 1]},
								"east": {"uv": [8, 10], "uv_size": [1, 1]},
								"south": {"uv": [10, 8], "uv_size": [1, 1]},
								"up": {"uv": [9, 10], "uv_size": [1, 1]},
								"down": {"uv": [10, 10], "uv_size": [1, -1]}
							}
						},
						{
							"origin": [0.5, 0.2875, 1.6],
							"size": [0.0625, 0.0625, 0.25],
							"uv": {
								"west": {"uv": [10, 6], "uv_size": [1, 1]},
								"up": {"uv": [7, 10], "uv_size": [1, 1]}
							}
						},
						{
							"origin": [-1.40833, -0.32982, 1.96774],
							"size": [0.1875, 0.0125, 0.09317],
							"pivot": [0, 0, 0],
							"rotation": [0, 41.81032, -26.56505],
							"uv": {
								"down": {"uv": [6, 11], "uv_size": [1, -1]}
							}
						},
						{
							"origin": [1.97106, -0.0875, 1.26395],
							"size": [0.08839, 0.0875, 0.17678],
							"inflate": -0.0001,
							"pivot": [0, 0, 0],
							"rotation": [0, -45, 0],
							"uv": {
								"west": {"uv": [5, 10], "uv_size": [1, 1]},
								"up": {"uv": [10, 5], "uv_size": [1, 1]}
							}
						},
						{
							"origin": [-0.5, -0.15, 1.1],
							"size": [1, 0.15, 1.25],
							"inflate": -0.0001,
							"uv": {
								"north": {"uv": [10, 3], "uv_size": [1, 1]},
								"south": {"uv": [4, 10], "uv_size": [1, 1]},
								"down": {"uv": [10, 5], "uv_size": [1, -1]}
							}
						},
						{
							"origin": [0.10607, 0.51269, 1.1],
							"size": [0.08839, 0.0884, 1.25],
							"inflate": 0.0001,
							"pivot": [0, 0, 0],
							"rotation": [0, 0, 45],
							"uv": {
								"north": {"uv": [2, 10], "uv_size": [1, 1]},
								"south": {"uv": [10, 2], "uv_size": [1, 1]},
								"up": {"uv": [3, 10], "uv_size": [1, 1]}
							}
						},
						{
							"origin": [0.24749, -0.45962, 1.1],
							"size": [0.08839, 0.04419, 1.25],
							"inflate": 0.0001,
							"pivot": [0, 0, 0],
							"rotation": [0, 0, -45],
							"uv": {
								"north": {"uv": [10, 0], "uv_size": [1, 1]},
								"south": {"uv": [1, 10], "uv_size": [1, 1]},
								"down": {"uv": [10, 2], "uv_size": [1, -1]}
							}
						},
						{
							"origin": [1.97106, 0.33882, 1.22083],
							"size": [0.08839, 0.05893, 0.1875],
							"pivot": [0, 0, 0],
							"rotation": [-19.47122, -45, 0],
							"uv": {
								"west": {"uv": [0, 10], "uv_size": [1, 1]}
							}
						},
						{
							"origin": [0.26514, -0.35356, 1.1],
							"size": [0.1768, 0.08839, 1.25],
							"inflate": 0.0001,
							"pivot": [0, 0, 0],
							"rotation": [0, 0, -45],
							"uv": {
								"north": {"uv": [8, 9], "uv_size": [1, 1]},
								"south": {"uv": [9, 8], "uv_size": [1, 1]},
								"up": {"uv": [9, 9], "uv_size": [1, 1]}
							}
						},
						{
							"origin": [0.08849, 0.44204, 1.1001],
							"size": [0.17668, 0.07066, 1.2499],
							"inflate": 0.0001,
							"pivot": [0, 0, 0],
							"rotation": [0, 0, 45],
							"uv": {
								"north": {"uv": [9, 6], "uv_size": [1, 1]},
								"south": {"uv": [7, 9], "uv_size": [1, 1]},
								"down": {"uv": [9, 8], "uv_size": [1, -1]}
							}
						},
						{
							"origin": [0.375, 0.25, 1.1],
							"size": [0.125, 0.1, 1.25],
							"uv": {
								"north": {"uv": [9, 4], "uv_size": [1, 1]},
								"east": {"uv": [5, 9], "uv_size": [1, 1]},
								"south": {"uv": [9, 5], "uv_size": [1, 1]},
								"up": {"uv": [6, 9], "uv_size": [1, 1]}
							}
						},
						{
							"origin": [0.525, -1.0825, 1.29539],
							"size": [0.0625, 0.35, 0.35],
							"pivot": [0, 0, 0],
							"rotation": [35, 0, 0],
							"uv": {
								"north": {"uv": [2, 9], "uv_size": [1, 1]},
								"south": {"uv": [9, 2], "uv_size": [1, 1]},
								"west": {"uv": [3, 9], "uv_size": [1, 1]},
								"up": {"uv": [9, 3], "uv_size": [1, 1]},
								"down": {"uv": [4, 10], "uv_size": [1, -1]}
							}
						},
						{
							"origin": [-0.4375, -0.25, 1.1],
							"size": [0.875, 0.25, 1.4],
							"uv": {
								"north": {"uv": [8, 7], "uv_size": [1, 1]},
								"east": {"uv": [8, 8], "uv_size": [1, 1]},
								"south": {"uv": [0, 9], "uv_size": [1, 1]},
								"west": {"uv": [9, 0], "uv_size": [1, 1]},
								"up": {"uv": [1, 9], "uv_size": [1, 1]},
								"down": {"uv": [9, 2], "uv_size": [1, -1]}
							}
						},
						{
							"origin": [1.51144, 0.18562, -0.975],
							"size": [0.08839, 0.05893, 0.1875],
							"pivot": [0, 0, 0],
							"rotation": [19.47122, 45, 0],
							"uv": {
								"west": {"uv": [5, 6], "uv_size": [1, 1]}
							}
						},
						{
							"origin": [1.51144, -0.0875, -0.98111],
							"size": [0.08839, 0.0875, 0.17678],
							"inflate": -0.0001,
							"pivot": [0, 0, 0],
							"rotation": [0, 45, 0],
							"uv": {
								"west": {"uv": [7, 3], "uv_size": [1, 1]},
								"up": {"uv": [4, 7], "uv_size": [1, 1]}
							}
						},
						{
							"origin": [0.525, -0.70968, -1.11295],
							"size": [0.0625, 0.35, 0.35],
							"pivot": [0, 0, 0],
							"rotation": [-35, 0, 0],
							"uv": {
								"north": {"uv": [5, 1], "uv_size": [1, 1]},
								"south": {"uv": [5, 2], "uv_size": [1, 1]},
								"west": {"uv": [5, 3], "uv_size": [1, 1]},
								"up": {"uv": [5, 4], "uv_size": [1, 1]},
								"down": {"uv": [5, 6], "uv_size": [1, -1]}
							}
						},
						{
							"origin": [-0.6, -0.75193, -0.89335],
							"size": [1.125, 0.125, 0.125],
							"pivot": [0, 0, 0],
							"rotation": [-45, 0, 0],
							"uv": {
								"north": {"uv": [6, 7], "uv_size": [1, 1]},
								"east": {"uv": [7, 6], "uv_size": [1, 1]},
								"south": {"uv": [7, 7], "uv_size": [1, 1]},
								"up": {"uv": [0, 8], "uv_size": [1, 1]},
								"down": {"uv": [8, 1], "uv_size": [1, -1]}
							}
						},
						{
							"origin": [0.5, 0.2875, -1.2],
							"size": [0.0625, 0.0625, 0.25],
							"uv": {
								"west": {"uv": [5, 7], "uv_size": [1, 1]},
								"up": {"uv": [7, 5], "uv_size": [1, 1]}
							}
						},
						{
							"origin": [0.5, -0.1677, -1.00623],
							"size": [0.0625, 0.0559, 0.13975],
							"inflate": -0.0001,
							"pivot": [0, 0, 0],
							"rotation": [-26.56505, 0, 0],
							"uv": {
								"west": {"uv": [8, 2], "uv_size": [1, 1]},
								"up": {"uv": [3, 8], "uv_size": [1, 1]}
							}
						},
						{
							"origin": [0.5, 0.79381, -1.05654],
							"size": [0.0625, 0.0559, 0.13975],
							"inflate": -0.0001,
							"pivot": [0, 0, 0],
							"rotation": [26.56505, 0, 0],
							"uv": {
								"west": {"uv": [8, 3], "uv_size": [1, 1]},
								"up": {"uv": [4, 8], "uv_size": [1, 1]}
							}
						},
						{
							"origin": [0.5, 0.29069, -0.91679],
							"size": [0.0625, 0.0559, 0.13975],
							"inflate": -0.0001,
							"pivot": [0, 0, 0],
							"rotation": [26.56505, 0, 0],
							"uv": {
								"west": {"uv": [8, 6], "uv_size": [1, 1]},
								"down": {"uv": [7, 9], "uv_size": [1, -1]}
							}
						},
						{
							"origin": [0.5, -0.15, -1.2],
							"size": [0.0625, 0.0625, 0.25],
							"uv": {
								"west": {"uv": [8, 5], "uv_size": [1, 1]},
								"down": {"uv": [6, 9], "uv_size": [1, -1]}
							}
						},
						{
							"origin": [0.5, -0.67082, -1.14598],
							"size": [0.0625, 0.0559, 0.13975],
							"inflate": -0.0001,
							"pivot": [0, 0, 0],
							"rotation": [-26.56505, 0, 0],
							"uv": {
								"west": {"uv": [8, 4], "uv_size": [1, 1]},
								"down": {"uv": [5, 9], "uv_size": [1, -1]}
							}
						},
						{
							"origin": [0.5, -0.0875, -1.7],
							"size": [0.0625, 0.375, 1.25],
							"uv": {
								"north": {"uv": [1, 8], "uv_size": [1, 1]},
								"south": {"uv": [8, 1], "uv_size": [1, 1]},
								"west": {"uv": [2, 8], "uv_size": [1, 1]}
							}
						},
						{
							"origin": [-0.5, 0.25, -1.7],
							"size": [0.125, 0.1, 1.25],
							"uv": {
								"north": {"uv": [13, 8], "uv_size": [1, 1]},
								"south": {"uv": [9, 13], "uv_size": [1, 1]},
								"west": {"uv": [13, 9], "uv_size": [1, 1]},
								"up": {"uv": [10, 13], "uv_size": [1, 1]}
							}
						},
						{
							"origin": [-0.19445, 0.51269, -1.7],
							"size": [0.08839, 0.0884, 1.25],
							"inflate": 0.0001,
							"pivot": [0, 0, 0],
							"rotation": [0, 0, -45],
							"uv": {
								"north": {"uv": [7, 13], "uv_size": [1, 1]},
								"south": {"uv": [13, 7], "uv_size": [1, 1]},
								"up": {"uv": [8, 13], "uv_size": [1, 1]}
							}
						},
						{
							"origin": [-0.26517, 0.44204, -1.6999],
							"size": [0.17668, 0.07066, 1.2499],
							"inflate": 0.0001,
							"pivot": [0, 0, 0],
							"rotation": [0, 0, -45],
							"uv": {
								"north": {"uv": [13, 5], "uv_size": [1, 1]},
								"south": {"uv": [6, 13], "uv_size": [1, 1]},
								"down": {"uv": [13, 7], "uv_size": [1, -1]}
							}
						},
						{
							"origin": [-1.59983, 0.18562, -0.975],
							"size": [0.08839, 0.05893, 0.1875],
							"pivot": [0, 0, 0],
							"rotation": [19.47122, -45, 0],
							"uv": {
								"east": {"uv": [5, 13], "uv_size": [1, 1]}
							}
						},
						{
							"origin": [-0.33587, -0.45962, -1.7],
							"size": [0.08839, 0.04419, 1.25],
							"inflate": 0.0001,
							"pivot": [0, 0, 0],
							"rotation": [0, 0, 45],
							"uv": {
								"north": {"uv": [13, 3], "uv_size": [1, 1]},
								"south": {"uv": [4, 13], "uv_size": [1, 1]},
								"down": {"uv": [13, 5], "uv_size": [1, -1]}
							}
						},
						{
							"origin": [-1.59983, -0.0875, -0.98111],
							"size": [0.08839, 0.0875, 0.17678],
							"inflate": -0.0001,
							"pivot": [0, 0, 0],
							"rotation": [0, -45, 0],
							"uv": {
								"east": {"uv": [13, 2], "uv_size": [1, 1]},
								"up": {"uv": [3, 13], "uv_size": [1, 1]}
							}
						},
						{
							"origin": [-0.44194, -0.35356, -1.7],
							"size": [0.1768, 0.08839, 1.25],
							"inflate": 0.0001,
							"pivot": [0, 0, 0],
							"rotation": [0, 0, 45],
							"uv": {
								"north": {"uv": [1, 13], "uv_size": [1, 1]},
								"south": {"uv": [13, 1], "uv_size": [1, 1]},
								"up": {"uv": [2, 13], "uv_size": [1, 1]}
							}
						},
						{
							"origin": [-0.5625, -0.0875, -1.7],
							"size": [0.0625, 0.375, 1.25],
							"uv": {
								"north": {"uv": [12, 12], "uv_size": [1, 1]},
								"east": {"uv": [0, 13], "uv_size": [1, 1]},
								"south": {"uv": [13, 0], "uv_size": [1, 1]}
							}
						},
						{
							"origin": [-0.5, 0.25, 1.1],
							"size": [0.125, 0.1, 1.25],
							"uv": {
								"north": {"uv": [6, 14], "uv_size": [1, 1]},
								"south": {"uv": [14, 6], "uv_size": [1, 1]},
								"west": {"uv": [7, 14], "uv_size": [1, 1]},
								"up": {"uv": [14, 7], "uv_size": [1, 1]}
							}
						},
						{
							"origin": [-0.19445, 0.51269, 1.1],
							"size": [0.08839, 0.0884, 1.25],
							"inflate": 0.0001,
							"pivot": [0, 0, 0],
							"rotation": [0, 0, -45],
							"uv": {
								"north": {"uv": [14, 4], "uv_size": [1, 1]},
								"south": {"uv": [5, 14], "uv_size": [1, 1]},
								"up": {"uv": [14, 5], "uv_size": [1, 1]}
							}
						},
						{
							"origin": [-0.26517, 0.44204, 1.1001],
							"size": [0.17668, 0.07066, 1.2499],
							"inflate": 0.0001,
							"pivot": [0, 0, 0],
							"rotation": [0, 0, -45],
							"uv": {
								"north": {"uv": [3, 14], "uv_size": [1, 1]},
								"south": {"uv": [14, 3], "uv_size": [1, 1]},
								"down": {"uv": [4, 15], "uv_size": [1, -1]}
							}
						},
						{
							"origin": [-2.05945, 0.33882, 1.22083],
							"size": [0.08839, 0.05893, 0.1875],
							"pivot": [0, 0, 0],
							"rotation": [-19.47122, 45, 0],
							"uv": {
								"east": {"uv": [14, 2], "uv_size": [1, 1]}
							}
						},
						{
							"origin": [-0.33587, -0.45962, 1.1],
							"size": [0.08839, 0.04419, 1.25],
							"inflate": 0.0001,
							"pivot": [0, 0, 0],
							"rotation": [0, 0, 45],
							"uv": {
								"north": {"uv": [1, 14], "uv_size": [1, 1]},
								"south": {"uv": [14, 1], "uv_size": [1, 1]},
								"down": {"uv": [2, 15], "uv_size": [1, -1]}
							}
						},
						{
							"origin": [-2.05945, -0.0875, 1.26395],
							"size": [0.08839, 0.0875, 0.17678],
							"inflate": -0.0001,
							"pivot": [0, 0, 0],
							"rotation": [0, 45, 0],
							"uv": {
								"east": {"uv": [0, 14], "uv_size": [1, 1]},
								"up": {"uv": [14, 0], "uv_size": [1, 1]}
							}
						},
						{
							"origin": [-0.44194, -0.35356, 1.1],
							"size": [0.1768, 0.08839, 1.25],
							"inflate": 0.0001,
							"pivot": [0, 0, 0],
							"rotation": [0, 0, 45],
							"uv": {
								"north": {"uv": [12, 13], "uv_size": [1, 1]},
								"south": {"uv": [13, 12], "uv_size": [1, 1]},
								"up": {"uv": [13, 13], "uv_size": [1, 1]}
							}
						},
						{
							"origin": [-0.5625, -0.0875, 1.1],
							"size": [0.0625, 0.375, 1.25],
							"uv": {
								"north": {"uv": [13, 10], "uv_size": [1, 1]},
								"east": {"uv": [11, 13], "uv_size": [1, 1]},
								"south": {"uv": [13, 11], "uv_size": [1, 1]}
							}
						},
						{
							"origin": [0.24749, -0.45962, -1.7],
							"size": [0.08839, 0.04419, 1.25],
							"inflate": 0.0001,
							"pivot": [0, 0, 0],
							"rotation": [0, 0, -45],
							"uv": {
								"north": {"uv": [6, 5], "uv_size": [1, 1]},
								"south": {"uv": [6, 6], "uv_size": [1, 1]},
								"down": {"uv": [0, 8], "uv_size": [1, -1]}
							}
						},
						{
							"origin": [-0.975, -0.32982, -1.57643],
							"size": [0.1875, 0.0125, 0.09317],
							"pivot": [0, 0, 0],
							"rotation": [0, -41.81032, -26.56505],
							"uv": {
								"down": {"uv": [7, 5], "uv_size": [1, -1]}
							}
						},
						{
							"origin": [0.7875, -0.32982, -1.57643],
							"size": [0.1875, 0.0125, 0.09317],
							"pivot": [0, 0, 0],
							"rotation": [0, 41.81032, 26.56505],
							"uv": {
								"down": {"uv": [7, 17], "uv_size": [1, -1]}
							}
						},
						{
							"origin": [1.22083, -0.32982, 1.96774],
							"size": [0.1875, 0.0125, 0.09317],
							"pivot": [0, 0, 0],
							"rotation": [0, -41.81032, 26.56505],
							"uv": {
								"down": {"uv": [16, 8], "uv_size": [1, -1]}
							}
						},
						{
							"origin": [-0.5, -0.15, -1.7],
							"size": [1, 0.15, 1.25],
							"inflate": -0.0001,
							"uv": {
								"north": {"uv": [2, 7], "uv_size": [1, 1]},
								"south": {"uv": [7, 2], "uv_size": [1, 1]},
								"down": {"uv": [3, 8], "uv_size": [1, -1]}
							}
						},
						{
							"origin": [0.375, 0.25, -1.7],
							"size": [0.125, 0.1, 1.25],
							"uv": {
								"north": {"uv": [0, 6], "uv_size": [1, 1]},
								"east": {"uv": [6, 0], "uv_size": [1, 1]},
								"south": {"uv": [1, 6], "uv_size": [1, 1]},
								"up": {"uv": [6, 1], "uv_size": [1, 1]}
							}
						},
						{
							"origin": [0.10607, 0.51269, -1.7],
							"size": [0.08839, 0.0884, 1.25],
							"inflate": 0.0001,
							"pivot": [0, 0, 0],
							"rotation": [0, 0, 45],
							"uv": {
								"north": {"uv": [7, 0], "uv_size": [1, 1]},
								"south": {"uv": [1, 7], "uv_size": [1, 1]},
								"up": {"uv": [7, 1], "uv_size": [1, 1]}
							}
						},
						{
							"origin": [0.08849, 0.44204, -1.6999],
							"size": [0.17668, 0.07066, 1.2499],
							"inflate": 0.0001,
							"pivot": [0, 0, 0],
							"rotation": [0, 0, 45],
							"uv": {
								"north": {"uv": [2, 6], "uv_size": [1, 1]},
								"south": {"uv": [6, 2], "uv_size": [1, 1]},
								"down": {"uv": [3, 7], "uv_size": [1, -1]}
							}
						},
						{
							"origin": [0.26514, -0.35356, -1.7],
							"size": [0.1768, 0.08839, 1.25],
							"inflate": 0.0001,
							"pivot": [0, 0, 0],
							"rotation": [0, 0, -45],
							"uv": {
								"north": {"uv": [6, 3], "uv_size": [1, 1]},
								"south": {"uv": [4, 6], "uv_size": [1, 1]},
								"up": {"uv": [6, 4], "uv_size": [1, 1]}
							}
						}
					]
				}
			]
		}
	]
}