{
	"format_version": "1.12.0",
	"minecraft:geometry": [
		{
			"description": {
				"identifier": "geometry.unknown",
				"texture_width": 16,
				"texture_height": 16,
				"visible_bounds_width": 2,
				"visible_bounds_height": 1.5,
				"visible_bounds_offset": [0, 0.25, 0]
			},
			"bones": [
				{
					"name": "muzzle",
					"pivot": [0, 0, 0],
					"cubes": [
						{
							"origin": [-0.17604, -0.425, -0.5],
							"size": [0.35208, 0.85, 0.5],
							"pivot": [0, 0, -0.5],
							"rotation": [0, 0, 45],
							"uv": {
								"south": {"uv": [1, 2], "uv_size": [0.5, 1]},
								"up": {"uv": [6, 6], "uv_size": [0.5, 0.5]},
								"down": {"uv": [0, 7.5], "uv_size": [0.5, -0.5]}
							}
						},
						{
							"origin": [-0.17604, -0.425, -0.5],
							"size": [0.35208, 0.85, 0.5],
							"uv": {
								"south": {"uv": [2, 2], "uv_size": [0.5, 1]},
								"up": {"uv": [7, 0], "uv_size": [0.5, 0.5]},
								"down": {"uv": [1, 7.5], "uv_size": [0.5, -0.5]}
							}
						},
						{
							"origin": [-0.425, -0.17604, -0.5],
							"size": [0.85, 0.35208, 0.5],
							"pivot": [0, 0, -0.5],
							"rotation": [0, 0, 45],
							"uv": {
								"east": {"uv": [7, 1], "uv_size": [0.5, 0.5]},
								"south": {"uv": [3, 0], "uv_size": [1, 0.5]},
								"west": {"uv": [2, 7], "uv_size": [0.5, 0.5]}
							}
						},
						{
							"origin": [-0.425, -0.17604, -0.5],
							"size": [0.85, 0.35208, 0.5],
							"uv": {
								"east": {"uv": [7, 2], "uv_size": [0.5, 0.5]},
								"south": {"uv": [1, 3], "uv_size": [1, 0.5]},
								"west": {"uv": [3, 7], "uv_size": [0.5, 0.5]}
							}
						},
						{
							"origin": [-0.19364, -0.4675, -0.375],
							"size": [0.38729, 0.935, 0.125],
							"pivot": [0, 0, -0.3125],
							"rotation": [0, 0, 45],
							"uv": {
								"north": {"uv": [5, 4], "uv_size": [0.5, 1]},
								"south": {"uv": [5, 5], "uv_size": [0.5, 1]},
								"up": {"uv": [8, 2], "uv_size": [0.5, 0.5]},
								"down": {"uv": [3, 8.5], "uv_size": [0.5, -0.5]}
							}
						},
						{
							"origin": [-0.4675, -0.19364, -0.375],
							"size": [0.935, 0.38729, 0.125],
							"uv": {
								"north": {"uv": [5, 3], "uv_size": [1, 0.5]},
								"east": {"uv": [8, 1], "uv_size": [0.5, 0.5]},
								"south": {"uv": [4, 5], "uv_size": [1, 0.5]},
								"west": {"uv": [2, 8], "uv_size": [0.5, 0.5]}
							}
						},
						{
							"origin": [-0.4675, -0.19364, -0.375],
							"size": [0.935, 0.38729, 0.125],
							"pivot": [0, 0, -0.3125],
							"rotation": [0, 0, 45],
							"uv": {
								"north": {"uv": [5, 2], "uv_size": [1, 0.5]},
								"east": {"uv": [8, 0], "uv_size": [0.5, 0.5]},
								"south": {"uv": [3, 5], "uv_size": [1, 0.5]},
								"west": {"uv": [1, 8], "uv_size": [0.5, 0.5]}
							}
						},
						{
							"origin": [-0.19364, -0.4675, -0.375],
							"size": [0.38729, 0.935, 0.125],
							"uv": {
								"north": {"uv": [5, 1], "uv_size": [0.5, 1]},
								"south": {"uv": [2, 5], "uv_size": [0.5, 1]},
								"up": {"uv": [7, 7], "uv_size": [0.5, 0.5]},
								"down": {"uv": [0, 8.5], "uv_size": [0.5, -0.5]}
							}
						},
						{
							"origin": [-0.08765, 0.3, -1.5],
							"size": [0.26369, 0.125, 0.25],
							"pivot": [0, 0, -1.75],
							"rotation": [0, 0, 45],
							"uv": {
								"north": {"uv": [7, 5], "uv_size": [0.5, 0.5]},
								"up": {"uv": [6, 7], "uv_size": [0.5, 0.5]},
								"down": {"uv": [7, 6.5], "uv_size": [0.5, -0.5]}
							}
						},
						{
							"origin": [-0.23854, -0.3625, -2.625],
							"size": [0.47708, 0.125, 1.375],
							"uv": {
								"north": {"uv": [5, 7], "uv_size": [0.5, 0.5]},
								"up": {"uv": [0, 0], "uv_size": [0.5, 1.5]},
								"down": {"uv": [1, 1.5], "uv_size": [0.5, -1.5]}
							}
						},
						{
							"origin": [-0.23854, 0.2375, -2.625],
							"size": [0.47708, 0.125, 1.375],
							"uv": {
								"north": {"uv": [5, 8], "uv_size": [0.5, 0.5]},
								"up": {"uv": [0, 2], "uv_size": [0.5, 1.5]},
								"down": {"uv": [2, 1.5], "uv_size": [0.5, -1.5]}
							}
						},
						{
							"origin": [-0.0625, 0.2385, -2.4375],
							"size": [0.125, 0.125, 0.125],
							"pivot": [0, 0.301, -2.375],
							"rotation": [0, 45, 0],
							"uv": {
								"up": {"uv": [13, 3], "uv_size": [0.5, 0.5]}
							}
						},
						{
							"origin": [-0.0625, 0.2385, -1.6875],
							"size": [0.125, 0.125, 0.125],
							"pivot": [0, 0.301, -1.625],
							"rotation": [0, 45, 0],
							"uv": {
								"up": {"uv": [13, 4], "uv_size": [0.5, 0.5]}
							}
						},
						{
							"origin": [-0.0625, 0.2385, -2.0625],
							"size": [0.125, 0.125, 0.125],
							"pivot": [0, 0.301, -2],
							"rotation": [0, 45, 0],
							"uv": {
								"up": {"uv": [4, 13], "uv_size": [0.5, 0.5]}
							}
						},
						{
							"origin": [-0.08765, -0.425, -1.5],
							"size": [0.26369, 0.125, 0.25],
							"pivot": [0, 0, -1.75],
							"rotation": [0, 0, -45],
							"uv": {
								"north": {"uv": [8, 3], "uv_size": [0.5, 0.5]},
								"up": {"uv": [4, 8], "uv_size": [0.5, 0.5]},
								"down": {"uv": [8, 4.5], "uv_size": [0.5, -0.5]}
							}
						},
						{
							"origin": [0.3, -0.17604, -1.5],
							"size": [0.125, 0.35208, 0.25],
							"uv": {
								"north": {"uv": [7, 3], "uv_size": [0.5, 0.5]},
								"east": {"uv": [4, 7], "uv_size": [0.5, 0.5]},
								"west": {"uv": [7, 4], "uv_size": [0.5, 0.5]}
							}
						},
						{
							"origin": [0.03735, 0.3, -1.875],
							"size": [0.13869, 0.125, 0.125],
							"pivot": [0, 0, -2.25],
							"rotation": [0, 0, 45],
							"uv": {
								"north": {"uv": [8, 7], "uv_size": [0.5, 0.5]},
								"south": {"uv": [8, 8], "uv_size": [0.5, 0.5]},
								"up": {"uv": [0, 9], "uv_size": [0.5, 0.5]},
								"down": {"uv": [9, 0.5], "uv_size": [0.5, -0.5]}
							}
						},
						{
							"origin": [0.3, -0.17604, -1.875],
							"size": [0.125, 0.35208, 0.125],
							"uv": {
								"north": {"uv": [8, 5], "uv_size": [0.5, 0.5]},
								"east": {"uv": [6, 8], "uv_size": [0.5, 0.5]},
								"south": {"uv": [8, 6], "uv_size": [0.5, 0.5]},
								"west": {"uv": [7, 8], "uv_size": [0.5, 0.5]}
							}
						},
						{
							"origin": [0.03735, 0.3, -2.25],
							"size": [0.13869, 0.125, 0.125],
							"pivot": [0, 0, -2.625],
							"rotation": [0, 0, 45],
							"uv": {
								"north": {"uv": [3, 9], "uv_size": [0.5, 0.5]},
								"south": {"uv": [9, 3], "uv_size": [0.5, 0.5]},
								"up": {"uv": [4, 9], "uv_size": [0.5, 0.5]},
								"down": {"uv": [9, 4.5], "uv_size": [0.5, -0.5]}
							}
						},
						{
							"origin": [0.3, -0.17604, -2.25],
							"size": [0.125, 0.35208, 0.125],
							"uv": {
								"north": {"uv": [1, 9], "uv_size": [0.5, 0.5]},
								"east": {"uv": [9, 1], "uv_size": [0.5, 0.5]},
								"south": {"uv": [2, 9], "uv_size": [0.5, 0.5]},
								"west": {"uv": [9, 2], "uv_size": [0.5, 0.5]}
							}
						},
						{
							"origin": [0.03735, 0.3, -2.625],
							"size": [0.13869, 0.125, 0.125],
							"pivot": [0, 0, -3],
							"rotation": [0, 0, 45],
							"uv": {
								"north": {"uv": [7, 9], "uv_size": [0.5, 0.5]},
								"south": {"uv": [9, 7], "uv_size": [0.5, 0.5]},
								"up": {"uv": [8, 9], "uv_size": [0.5, 0.5]},
								"down": {"uv": [9, 8.5], "uv_size": [0.5, -0.5]}
							}
						},
						{
							"origin": [-0.08765, 0.3, -2.625],
							"size": [0.125, 0.125, 1.125],
							"pivot": [0, 0, -3],
							"rotation": [0, 0, 45],
							"uv": {
								"north": {"uv": [9, 9], "uv_size": [0.5, 0.5]},
								"south": {"uv": [0, 10], "uv_size": [0.5, 0.5]},
								"west": {"uv": [0, 6], "uv_size": [1, 0.5]},
								"up": {"uv": [6, 0], "uv_size": [0.5, 1]},
								"down": {"uv": [1, 7], "uv_size": [0.5, -1]}
							}
						},
						{
							"origin": [-0.08765, -0.425, -2.625],
							"size": [0.125, 0.125, 1.125],
							"pivot": [0, 0, -3],
							"rotation": [0, 0, -45],
							"uv": {
								"north": {"uv": [10, 6], "uv_size": [0.5, 0.5]},
								"south": {"uv": [7, 10], "uv_size": [0.5, 0.5]},
								"west": {"uv": [6, 1], "uv_size": [1, 0.5]},
								"up": {"uv": [2, 6], "uv_size": [0.5, 1]},
								"down": {"uv": [6, 3], "uv_size": [0.5, -1]}
							}
						},
						{
							"origin": [0.03735, -0.425, -1.875],
							"size": [0.13869, 0.125, 0.125],
							"pivot": [0, 0, -2.25],
							"rotation": [0, 0, -45],
							"uv": {
								"north": {"uv": [10, 4], "uv_size": [0.5, 0.5]},
								"south": {"uv": [5, 10], "uv_size": [0.5, 0.5]},
								"up": {"uv": [10, 5], "uv_size": [0.5, 0.5]},
								"down": {"uv": [6, 10.5], "uv_size": [0.5, -0.5]}
							}
						},
						{
							"origin": [0.03735, -0.425, -2.25],
							"size": [0.13869, 0.125, 0.125],
							"pivot": [0, 0, -2.625],
							"rotation": [0, 0, -45],
							"uv": {
								"north": {"uv": [10, 2], "uv_size": [0.5, 0.5]},
								"south": {"uv": [3, 10], "uv_size": [0.5, 0.5]},
								"up": {"uv": [10, 3], "uv_size": [0.5, 0.5]},
								"down": {"uv": [4, 10.5], "uv_size": [0.5, -0.5]}
							}
						},
						{
							"origin": [0.03735, -0.425, -2.625],
							"size": [0.13869, 0.125, 0.125],
							"pivot": [0, 0, -3],
							"rotation": [0, 0, -45],
							"uv": {
								"north": {"uv": [10, 0], "uv_size": [0.5, 0.5]},
								"south": {"uv": [1, 10], "uv_size": [0.5, 0.5]},
								"up": {"uv": [10, 1], "uv_size": [0.5, 0.5]},
								"down": {"uv": [2, 10.5], "uv_size": [0.5, -0.5]}
							}
						},
						{
							"origin": [0.2375, -0.17604, -2.625],
							"size": [0.1875, 0.35208, 0.125],
							"uv": {
								"north": {"uv": [5, 9], "uv_size": [0.5, 0.5]},
								"east": {"uv": [9, 5], "uv_size": [0.5, 0.5]},
								"south": {"uv": [6, 9], "uv_size": [0.5, 0.5]},
								"west": {"uv": [9, 6], "uv_size": [0.5, 0.5]}
							}
						},
						{
							"origin": [-0.17604, 0.3, -1.5],
							"size": [0.26369, 0.125, 0.25],
							"pivot": [0, 0, -1.75],
							"rotation": [0, 0, -45],
							"uv": {
								"north": {"uv": [12, 8], "uv_size": [0.5, 0.5]},
								"up": {"uv": [9, 12], "uv_size": [0.5, 0.5]},
								"down": {"uv": [12, 9.5], "uv_size": [0.5, -0.5]}
							}
						},
						{
							"origin": [-0.03735, 0.3, -2.625],
							"size": [0.125, 0.125, 1.125],
							"pivot": [0, 0, -3],
							"rotation": [0, 0, -45],
							"uv": {
								"north": {"uv": [12, 7], "uv_size": [0.5, 0.5]},
								"east": {"uv": [6, 4], "uv_size": [1, 0.5]},
								"south": {"uv": [8, 12], "uv_size": [0.5, 0.5]},
								"up": {"uv": [5, 6], "uv_size": [0.5, 1]},
								"down": {"uv": [6, 6], "uv_size": [0.5, -1]}
							}
						},
						{
							"origin": [-0.17604, 0.3, -1.875],
							"size": [0.13869, 0.125, 0.125],
							"pivot": [0, 0, -2.25],
							"rotation": [0, 0, -45],
							"uv": {
								"north": {"uv": [12, 5], "uv_size": [0.5, 0.5]},
								"south": {"uv": [6, 12], "uv_size": [0.5, 0.5]},
								"up": {"uv": [12, 6], "uv_size": [0.5, 0.5]},
								"down": {"uv": [7, 12.5], "uv_size": [0.5, -0.5]}
							}
						},
						{
							"origin": [-0.17604, 0.3, -2.25],
							"size": [0.13869, 0.125, 0.125],
							"pivot": [0, 0, -2.625],
							"rotation": [0, 0, -45],
							"uv": {
								"north": {"uv": [12, 3], "uv_size": [0.5, 0.5]},
								"south": {"uv": [4, 12], "uv_size": [0.5, 0.5]},
								"up": {"uv": [12, 4], "uv_size": [0.5, 0.5]},
								"down": {"uv": [5, 12.5], "uv_size": [0.5, -0.5]}
							}
						},
						{
							"origin": [-0.17604, 0.3, -2.625],
							"size": [0.13869, 0.125, 0.125],
							"pivot": [0, 0, -3],
							"rotation": [0, 0, -45],
							"uv": {
								"north": {"uv": [12, 1], "uv_size": [0.5, 0.5]},
								"south": {"uv": [2, 12], "uv_size": [0.5, 0.5]},
								"up": {"uv": [12, 2], "uv_size": [0.5, 0.5]},
								"down": {"uv": [3, 12.5], "uv_size": [0.5, -0.5]}
							}
						},
						{
							"origin": [-0.425, -0.17604, -2.625],
							"size": [0.1875, 0.35208, 0.125],
							"uv": {
								"north": {"uv": [11, 11], "uv_size": [0.5, 0.5]},
								"east": {"uv": [0, 12], "uv_size": [0.5, 0.5]},
								"south": {"uv": [12, 0], "uv_size": [0.5, 0.5]},
								"west": {"uv": [1, 12], "uv_size": [0.5, 0.5]}
							}
						},
						{
							"origin": [-0.17604, -0.425, -2.625],
							"size": [0.13869, 0.125, 0.125],
							"pivot": [0, 0, -3],
							"rotation": [0, 0, 45],
							"uv": {
								"north": {"uv": [9, 11], "uv_size": [0.5, 0.5]},
								"south": {"uv": [11, 9], "uv_size": [0.5, 0.5]},
								"up": {"uv": [10, 11], "uv_size": [0.5, 0.5]},
								"down": {"uv": [11, 10.5], "uv_size": [0.5, -0.5]}
							}
						},
						{
							"origin": [-0.03735, -0.425, -2.625],
							"size": [0.125, 0.125, 1.125],
							"pivot": [0, 0, -3],
							"rotation": [0, 0, 45],
							"uv": {
								"north": {"uv": [8, 11], "uv_size": [0.5, 0.5]},
								"east": {"uv": [3, 6], "uv_size": [1, 0.5]},
								"south": {"uv": [11, 8], "uv_size": [0.5, 0.5]},
								"up": {"uv": [6, 3], "uv_size": [0.5, 1]},
								"down": {"uv": [4, 7], "uv_size": [0.5, -1]}
							}
						},
						{
							"origin": [-0.17604, -0.425, -2.25],
							"size": [0.13869, 0.125, 0.125],
							"pivot": [0, 0, -2.625],
							"rotation": [0, 0, 45],
							"uv": {
								"north": {"uv": [6, 11], "uv_size": [0.5, 0.5]},
								"south": {"uv": [11, 6], "uv_size": [0.5, 0.5]},
								"up": {"uv": [7, 11], "uv_size": [0.5, 0.5]},
								"down": {"uv": [11, 7.5], "uv_size": [0.5, -0.5]}
							}
						},
						{
							"origin": [-0.17604, -0.425, -1.875],
							"size": [0.13869, 0.125, 0.125],
							"pivot": [0, 0, -2.25],
							"rotation": [0, 0, 45],
							"uv": {
								"north": {"uv": [4, 11], "uv_size": [0.5, 0.5]},
								"south": {"uv": [11, 4], "uv_size": [0.5, 0.5]},
								"up": {"uv": [5, 11], "uv_size": [0.5, 0.5]},
								"down": {"uv": [11, 5.5], "uv_size": [0.5, -0.5]}
							}
						},
						{
							"origin": [-0.425, -0.17604, -1.875],
							"size": [0.125, 0.35208, 0.125],
							"uv": {
								"north": {"uv": [2, 11], "uv_size": [0.5, 0.5]},
								"east": {"uv": [11, 2], "uv_size": [0.5, 0.5]},
								"south": {"uv": [3, 11], "uv_size": [0.5, 0.5]},
								"west": {"uv": [11, 3], "uv_size": [0.5, 0.5]}
							}
						},
						{
							"origin": [-0.425, -0.17604, -2.25],
							"size": [0.125, 0.35208, 0.125],
							"uv": {
								"north": {"uv": [0, 11], "uv_size": [0.5, 0.5]},
								"east": {"uv": [11, 0], "uv_size": [0.5, 0.5]},
								"south": {"uv": [1, 11], "uv_size": [0.5, 0.5]},
								"west": {"uv": [11, 1], "uv_size": [0.5, 0.5]}
							}
						},
						{
							"origin": [-0.425, -0.17604, -1.5],
							"size": [0.125, 0.35208, 0.25],
							"uv": {
								"north": {"uv": [9, 10], "uv_size": [0.5, 0.5]},
								"east": {"uv": [10, 9], "uv_size": [0.5, 0.5]},
								"west": {"uv": [10, 10], "uv_size": [0.5, 0.5]}
							}
						},
						{
							"origin": [-0.17604, -0.425, -1.5],
							"size": [0.26369, 0.125, 0.25],
							"pivot": [0, 0, -1.75],
							"rotation": [0, 0, 45],
							"uv": {
								"north": {"uv": [10, 7], "uv_size": [0.5, 0.5]},
								"up": {"uv": [8, 10], "uv_size": [0.5, 0.5]},
								"down": {"uv": [10, 8.5], "uv_size": [0.5, -0.5]}
							}
						},
						{
							"origin": [-0.4675, -0.19364, -1.25],
							"size": [0.935, 0.38729, 0.75],
							"uv": {
								"north": {"uv": [4, 4], "uv_size": [1, 0.5]},
								"east": {"uv": [0, 5], "uv_size": [1, 0.5]},
								"south": {"uv": [5, 0], "uv_size": [1, 0.5]},
								"west": {"uv": [1, 5], "uv_size": [1, 0.5]}
							}
						},
						{
							"origin": [-0.4675, -0.19364, -1.25],
							"size": [0.935, 0.38729, 0.75],
							"pivot": [0, 0, -0.875],
							"rotation": [0, 0, 45],
							"uv": {
								"north": {"uv": [2, 4], "uv_size": [1, 0.5]},
								"east": {"uv": [4, 2], "uv_size": [1, 0.5]},
								"south": {"uv": [3, 4], "uv_size": [1, 0.5]},
								"west": {"uv": [4, 3], "uv_size": [1, 0.5]}
							}
						},
						{
							"origin": [-0.16605, -0.45711, -2.625],
							"size": [0.0625, 0.20711, 0.125],
							"pivot": [-0.35355, -0.35355, -2.125],
							"rotation": [0, 0, -45],
							"uv": {
								"north": {"uv": [13, 0], "uv_size": [0.5, 0.5]},
								"south": {"uv": [1, 13], "uv_size": [0.5, 0.5]},
								"west": {"uv": [13, 1], "uv_size": [0.5, 0.5]}
							}
						},
						{
							"origin": [0.10355, -0.45711, -2.625],
							"size": [0.0625, 0.20711, 0.125],
							"pivot": [0.35355, -0.35355, -2.125],
							"rotation": [0, 0, 45],
							"uv": {
								"north": {"uv": [2, 13], "uv_size": [0.5, 0.5]},
								"east": {"uv": [13, 2], "uv_size": [0.5, 0.5]},
								"south": {"uv": [3, 13], "uv_size": [0.5, 0.5]}
							}
						},
						{
							"origin": [0.10355, 0.25, -2.625],
							"size": [0.0625, 0.20711, 0.125],
							"pivot": [0.35355, 0.35355, -2.125],
							"rotation": [0, 0, -45],
							"uv": {
								"north": {"uv": [12, 11], "uv_size": [0.5, 0.5]},
								"east": {"uv": [12, 12], "uv_size": [0.5, 0.5]},
								"south": {"uv": [0, 13], "uv_size": [0.5, 0.5]}
							}
						},
						{
							"origin": [-0.16605, 0.25, -2.625],
							"size": [0.0625, 0.20711, 0.125],
							"pivot": [-0.35355, 0.35355, -2.125],
							"rotation": [0, 0, 45],
							"uv": {
								"north": {"uv": [10, 12], "uv_size": [0.5, 0.5]},
								"south": {"uv": [12, 10], "uv_size": [0.5, 0.5]},
								"west": {"uv": [11, 12], "uv_size": [0.5, 0.5]}
							}
						},
						{
							"origin": [-0.19364, -0.4675, -1.25],
							"size": [0.38729, 0.935, 0.75],
							"uv": {
								"north": {"uv": [0, 4], "uv_size": [0.5, 1]},
								"south": {"uv": [4, 0], "uv_size": [0.5, 1]},
								"up": {"uv": [1, 4], "uv_size": [0.5, 1]},
								"down": {"uv": [4, 2], "uv_size": [0.5, -1]}
							}
						},
						{
							"origin": [-0.19364, -0.4675, -1.25],
							"size": [0.38729, 0.935, 0.75],
							"pivot": [0, 0, -0.875],
							"rotation": [0, 0, 45],
							"uv": {
								"north": {"uv": [3, 1], "uv_size": [0.5, 1]},
								"south": {"uv": [2, 3], "uv_size": [0.5, 1]},
								"up": {"uv": [3, 2], "uv_size": [0.5, 1]},
								"down": {"uv": [3, 4], "uv_size": [0.5, -1]}
							}
						}
					]
				}
			]
		}
	]
}