{
	"format_version": "1.12.0",
	"minecraft:geometry": [
		{
			"description": {
				"identifier": "geometry.muzzle_ultra50",
				"texture_width": 64,
				"texture_height": 64,
				"visible_bounds_width": 3,
				"visible_bounds_height": 2.5,
				"visible_bounds_offset": [0, 0.75, 0]
			},
			"bones": [
				{
					"name": "ThunderBeast_ULTRA50",
					"pivot": [0, 0, -3]
				},
				{
					"name": "main",
					"parent": "ThunderBeast_ULTRA50",
					"pivot": [0, 0, -6],
					"cubes": [
						{
							"origin": [-0.3, -1.5, -21],
							"size": [0.6, 1, 18.9],
							"uv": {
								"north": {"uv": [29, 20], "uv_size": [0.5, 1]},
								"south": {"uv": [23, 29], "uv_size": [0.5, 1]},
								"up": {"uv": [20, 0], "uv_size": [0.5, 19]},
								"down": {"uv": [20, 38], "uv_size": [0.5, -19]}
							}
						},
						{
							"origin": [-0.3, -1.5, -21],
							"size": [0.6, 1, 18.9],
							"pivot": [0, 0, 0.5],
							"rotation": [0, 0, 22.5],
							"uv": {
								"north": {"uv": [29, 24], "uv_size": [0.5, 1]},
								"south": {"uv": [25, 29], "uv_size": [0.5, 1]},
								"down": {"uv": [21, 19], "uv_size": [0.5, -19]}
							}
						},
						{
							"origin": [-0.3, -1.5, -21],
							"size": [0.6, 1, 20],
							"pivot": [0, 0, 0.5],
							"rotation": [0, 0, 45],
							"uv": {
								"north": {"uv": [29, 25], "uv_size": [0.5, 1]},
								"south": {"uv": [26, 29], "uv_size": [0.5, 1]},
								"west": {"uv": [0, 0], "uv_size": [20, 1]},
								"up": {"uv": [0, 2], "uv_size": [0.5, 20]},
								"down": {"uv": [1, 22], "uv_size": [0.5, -20]}
							}
						},
						{
							"origin": [-0.3, -1.5, -21],
							"size": [0.6, 1, 20],
							"pivot": [0, 0, 0.5],
							"rotation": [0, 0, 67.5],
							"uv": {
								"north": {"uv": [29, 26], "uv_size": [0.5, 1]},
								"south": {"uv": [27, 29], "uv_size": [0.5, 1]},
								"down": {"uv": [2, 22], "uv_size": [0.5, -20]}
							}
						},
						{
							"origin": [-0.3, -1.5, -21],
							"size": [0.6, 1, 20],
							"inflate": 0.0001,
							"pivot": [0, 0, 0.5],
							"rotation": [0, 0, 90],
							"uv": {
								"north": {"uv": [29, 28], "uv_size": [0.5, 1]},
								"south": {"uv": [29, 29], "uv_size": [0.5, 1]},
								"up": {"uv": [3, 2], "uv_size": [0.5, 20]},
								"down": {"uv": [4, 22], "uv_size": [0.5, -20]}
							}
						},
						{
							"origin": [-0.3, -1.5, -21],
							"size": [0.6, 1, 20],
							"pivot": [0, 0, 0.5],
							"rotation": [0, 0, 112.5],
							"uv": {
								"north": {"uv": [0, 30], "uv_size": [0.5, 1]},
								"south": {"uv": [30, 0], "uv_size": [0.5, 1]},
								"down": {"uv": [5, 22], "uv_size": [0.5, -20]}
							}
						},
						{
							"origin": [-0.3, -1.5, -21],
							"size": [0.6, 1, 20],
							"pivot": [0, 0, 0.5],
							"rotation": [0, 0, 135],
							"uv": {
								"north": {"uv": [1, 30], "uv_size": [0.5, 1]},
								"south": {"uv": [30, 1], "uv_size": [0.5, 1]},
								"up": {"uv": [6, 2], "uv_size": [0.5, 20]},
								"down": {"uv": [7, 22], "uv_size": [0.5, -20]}
							}
						},
						{
							"origin": [-0.3, -1.5, -21],
							"size": [0.6, 1, 20],
							"pivot": [0, 0, 0.5],
							"rotation": [0, 0, 157.5],
							"uv": {
								"north": {"uv": [2, 30], "uv_size": [0.5, 1]},
								"south": {"uv": [3, 30], "uv_size": [0.5, 1]},
								"down": {"uv": [8, 22], "uv_size": [0.5, -20]}
							}
						},
						{
							"origin": [-0.3, -1.5, -21],
							"size": [0.6, 1, 20],
							"pivot": [0, 0, 0.5],
							"rotation": [0, 0, -180],
							"uv": {
								"north": {"uv": [30, 4], "uv_size": [0.5, 1]},
								"south": {"uv": [5, 30], "uv_size": [0.5, 1]},
								"up": {"uv": [9, 2], "uv_size": [0.5, 20]},
								"down": {"uv": [10, 22], "uv_size": [0.5, -20]}
							}
						},
						{
							"origin": [-0.3, -1.5, -21],
							"size": [0.6, 1, 20],
							"pivot": [0, 0, 0.5],
							"rotation": [0, 0, -157.5],
							"uv": {
								"north": {"uv": [30, 5], "uv_size": [0.5, 1]},
								"south": {"uv": [6, 30], "uv_size": [0.5, 1]},
								"down": {"uv": [11, 22], "uv_size": [0.5, -20]}
							}
						},
						{
							"origin": [-0.3, -1.5, -21],
							"size": [0.6, 1, 20],
							"pivot": [0, 0, 0.5],
							"rotation": [0, 0, -135],
							"uv": {
								"north": {"uv": [30, 6], "uv_size": [0.5, 1]},
								"south": {"uv": [7, 30], "uv_size": [0.5, 1]},
								"up": {"uv": [12, 2], "uv_size": [0.5, 20]},
								"down": {"uv": [13, 22], "uv_size": [0.5, -20]}
							}
						},
						{
							"origin": [-0.3, -1.5, -21],
							"size": [0.6, 1, 20],
							"pivot": [0, 0, 0.5],
							"rotation": [0, 0, -112.5],
							"uv": {
								"north": {"uv": [8, 30], "uv_size": [0.5, 1]},
								"south": {"uv": [30, 8], "uv_size": [0.5, 1]},
								"down": {"uv": [14, 22], "uv_size": [0.5, -20]}
							}
						},
						{
							"origin": [-0.3, -1.5, -21],
							"size": [0.6, 1, 20],
							"inflate": 0.0001,
							"pivot": [0, 0, 0.5],
							"rotation": [0, 0, -90],
							"uv": {
								"north": {"uv": [9, 30], "uv_size": [0.5, 1]},
								"south": {"uv": [30, 9], "uv_size": [0.5, 1]},
								"up": {"uv": [15, 2], "uv_size": [0.5, 20]},
								"down": {"uv": [16, 22], "uv_size": [0.5, -20]}
							}
						},
						{
							"origin": [-0.3, -1.5, -21],
							"size": [0.6, 1, 20],
							"pivot": [0, 0, 0.5],
							"rotation": [0, 0, -67.5],
							"uv": {
								"north": {"uv": [10, 30], "uv_size": [0.5, 1]},
								"south": {"uv": [30, 10], "uv_size": [0.5, 1]},
								"down": {"uv": [17, 22], "uv_size": [0.5, -20]}
							}
						},
						{
							"origin": [-0.3, -1.5, -21],
							"size": [0.6, 1, 20],
							"pivot": [0, 0, 0.5],
							"rotation": [0, 0, -45],
							"uv": {
								"north": {"uv": [11, 30], "uv_size": [0.5, 1]},
								"east": {"uv": [0, 1], "uv_size": [20, 1]},
								"south": {"uv": [30, 11], "uv_size": [0.5, 1]},
								"up": {"uv": [18, 2], "uv_size": [0.5, 20]},
								"down": {"uv": [19, 22], "uv_size": [0.5, -20]}
							}
						},
						{
							"origin": [-0.3, -1.5, -21],
							"size": [0.6, 1, 18.9],
							"pivot": [0, 0, 0.5],
							"rotation": [0, 0, -22.5],
							"uv": {
								"north": {"uv": [12, 30], "uv_size": [0.5, 1]},
								"south": {"uv": [30, 13], "uv_size": [0.5, 1]},
								"down": {"uv": [21, 38], "uv_size": [0.5, -19]}
							}
						}
					]
				},
				{
					"name": "BigSecondaryRetention",
					"parent": "ThunderBeast_ULTRA50",
					"pivot": [0, 0, -4],
					"cubes": [
						{
							"origin": [-0.3, -1.5, -1.9],
							"size": [0.6, 1, 0.9],
							"pivot": [0, 0, 0.5],
							"rotation": [0, 0, -22.5],
							"uv": {
								"north": {"uv": [30, 14], "uv_size": [0.5, 1]},
								"south": {"uv": [15, 30], "uv_size": [0.5, 1]},
								"up": {"uv": [16, 30], "uv_size": [0.5, 1]},
								"down": {"uv": [30, 17], "uv_size": [0.5, -1]}
							}
						},
						{
							"origin": [-0.3, -1.5, -1.9],
							"size": [0.6, 1, 0.9],
							"uv": {
								"north": {"uv": [17, 30], "uv_size": [0.5, 1]},
								"south": {"uv": [30, 17], "uv_size": [0.5, 1]},
								"up": {"uv": [18, 30], "uv_size": [0.5, 1]},
								"down": {"uv": [30, 19], "uv_size": [0.5, -1]}
							}
						},
						{
							"origin": [-0.3, -1.5, -1.9],
							"size": [0.6, 1, 0.9],
							"pivot": [0, 0, 0.5],
							"rotation": [0, 0, 22.5],
							"uv": {
								"north": {"uv": [30, 19], "uv_size": [0.5, 1]},
								"south": {"uv": [30, 20], "uv_size": [0.5, 1]},
								"up": {"uv": [30, 21], "uv_size": [0.5, 1]},
								"down": {"uv": [30, 23], "uv_size": [0.5, -1]}
							}
						},
						{
							"origin": [-0.2586, -1.3, -2.1],
							"size": [0.5172, 0.8, 0.2],
							"pivot": [0, 0, 0.275],
							"rotation": [0, 0, -22.5],
							"uv": {
								"north": {"uv": [23, 30], "uv_size": [0.5, 1]},
								"south": {"uv": [30, 23], "uv_size": [0.5, 1]},
								"up": {"uv": [32, 16], "uv_size": [0.5, 0.5]},
								"down": {"uv": [17, 32.5], "uv_size": [0.5, -0.5]}
							}
						},
						{
							"origin": [-0.2586, -1.3, -2.1],
							"size": [0.5172, 0.8, 0.2],
							"pivot": [0, 0, 0.275],
							"rotation": [0, 0, 22.5],
							"uv": {
								"north": {"uv": [24, 30], "uv_size": [0.5, 1]},
								"south": {"uv": [30, 24], "uv_size": [0.5, 1]},
								"up": {"uv": [32, 17], "uv_size": [0.5, 0.5]},
								"down": {"uv": [18, 32.5], "uv_size": [0.5, -0.5]}
							}
						},
						{
							"origin": [-0.2586, -1.3, -2.1],
							"size": [0.5172, 0.8, 0.2],
							"uv": {
								"north": {"uv": [25, 30], "uv_size": [0.5, 1]},
								"south": {"uv": [30, 25], "uv_size": [0.5, 1]},
								"up": {"uv": [32, 18], "uv_size": [0.5, 0.5]},
								"down": {"uv": [19, 32.5], "uv_size": [0.5, -0.5]}
							}
						}
					]
				},
				{
					"name": "twists1",
					"parent": "ThunderBeast_ULTRA50",
					"pivot": [0, 0, 0],
					"cubes": [
						{
							"origin": [1.04805, -2.14381, -2.4941],
							"size": [0.2, 0.1, 0.55],
							"pivot": [0, 0, 1],
							"rotation": [-10, 22.5, -180],
							"uv": {
								"north": {"uv": [32, 19], "uv_size": [0.5, 0.5]},
								"east": {"uv": [32, 20], "uv_size": [0.5, 0.5]},
								"west": {"uv": [32, 21], "uv_size": [0.5, 0.5]},
								"down": {"uv": [22, 32.5], "uv_size": [0.5, -0.5]}
							}
						},
						{
							"origin": [1.04805, -1.6, -2.27164],
							"size": [0.2, 0.1, 1],
							"pivot": [0, 0, 1],
							"rotation": [0, 22.5, -180],
							"uv": {
								"east": {"uv": [26, 30], "uv_size": [1, 0.5]},
								"west": {"uv": [30, 26], "uv_size": [1, 0.5]},
								"down": {"uv": [27, 31], "uv_size": [0.5, -1]}
							}
						},
						{
							"origin": [1.04805, -1.18123, -1.51496],
							"size": [0.2, 0.1, 0.55],
							"pivot": [0, 0, 1],
							"rotation": [10, 22.5, -180],
							"uv": {
								"east": {"uv": [32, 22], "uv_size": [0.5, 0.5]},
								"south": {"uv": [23, 32], "uv_size": [0.5, 0.5]},
								"west": {"uv": [32, 23], "uv_size": [0.5, 0.5]},
								"down": {"uv": [24, 32.5], "uv_size": [0.5, -0.5]}
							}
						},
						{
							"origin": [1.04805, -2.14381, -2.4941],
							"size": [0.2, 0.1, 0.55],
							"pivot": [0, 0, 1],
							"rotation": [-10, 22.5, 157.5],
							"uv": {
								"north": {"uv": [32, 24], "uv_size": [0.5, 0.5]},
								"east": {"uv": [25, 32], "uv_size": [0.5, 0.5]},
								"west": {"uv": [32, 25], "uv_size": [0.5, 0.5]},
								"down": {"uv": [26, 32.5], "uv_size": [0.5, -0.5]}
							}
						},
						{
							"origin": [1.04805, -1.6, -2.27164],
							"size": [0.2, 0.1, 1],
							"pivot": [0, 0, 1],
							"rotation": [0, 22.5, 157.5],
							"uv": {
								"east": {"uv": [30, 27], "uv_size": [1, 0.5]},
								"west": {"uv": [28, 30], "uv_size": [1, 0.5]},
								"down": {"uv": [30, 29], "uv_size": [0.5, -1]}
							}
						},
						{
							"origin": [1.04805, -1.18123, -1.51496],
							"size": [0.2, 0.1, 0.55],
							"pivot": [0, 0, 1],
							"rotation": [10, 22.5, 157.5],
							"uv": {
								"east": {"uv": [32, 26], "uv_size": [0.5, 0.5]},
								"south": {"uv": [27, 32], "uv_size": [0.5, 0.5]},
								"west": {"uv": [32, 27], "uv_size": [0.5, 0.5]},
								"down": {"uv": [28, 32.5], "uv_size": [0.5, -0.5]}
							}
						},
						{
							"origin": [1.04805, -2.14381, -2.4941],
							"size": [0.2, 0.1, 0.55],
							"pivot": [0, 0, 1],
							"rotation": [-10, 22.5, 135],
							"uv": {
								"north": {"uv": [32, 28], "uv_size": [0.5, 0.5]},
								"east": {"uv": [29, 32], "uv_size": [0.5, 0.5]},
								"west": {"uv": [32, 29], "uv_size": [0.5, 0.5]},
								"down": {"uv": [30, 32.5], "uv_size": [0.5, -0.5]}
							}
						},
						{
							"origin": [1.04805, -1.6, -2.27164],
							"size": [0.2, 0.1, 1],
							"pivot": [0, 0, 1],
							"rotation": [0, 22.5, 135],
							"uv": {
								"east": {"uv": [29, 30], "uv_size": [1, 0.5]},
								"west": {"uv": [30, 29], "uv_size": [1, 0.5]},
								"down": {"uv": [30, 31], "uv_size": [0.5, -1]}
							}
						},
						{
							"origin": [1.04805, -1.18123, -1.51496],
							"size": [0.2, 0.1, 0.55],
							"pivot": [0, 0, 1],
							"rotation": [10, 22.5, 135],
							"uv": {
								"east": {"uv": [32, 30], "uv_size": [0.5, 0.5]},
								"south": {"uv": [31, 32], "uv_size": [0.5, 0.5]},
								"west": {"uv": [32, 31], "uv_size": [0.5, 0.5]},
								"down": {"uv": [32, 32.5], "uv_size": [0.5, -0.5]}
							}
						},
						{
							"origin": [1.04805, -2.14381, -2.4941],
							"size": [0.2, 0.1, 0.55],
							"pivot": [0, 0, 1],
							"rotation": [-10, 22.5, 112.5],
							"uv": {
								"north": {"uv": [0, 33], "uv_size": [0.5, 0.5]},
								"east": {"uv": [33, 0], "uv_size": [0.5, 0.5]},
								"west": {"uv": [1, 33], "uv_size": [0.5, 0.5]},
								"down": {"uv": [33, 1.5], "uv_size": [0.5, -0.5]}
							}
						},
						{
							"origin": [1.04805, -1.6, -2.27164],
							"size": [0.2, 0.1, 1],
							"pivot": [0, 0, 1],
							"rotation": [0, 22.5, 112.5],
							"uv": {
								"east": {"uv": [0, 31], "uv_size": [1, 0.5]},
								"west": {"uv": [31, 0], "uv_size": [1, 0.5]},
								"down": {"uv": [1, 32], "uv_size": [0.5, -1]}
							}
						},
						{
							"origin": [1.04805, -1.18123, -1.51496],
							"size": [0.2, 0.1, 0.55],
							"pivot": [0, 0, 1],
							"rotation": [10, 22.5, 112.5],
							"uv": {
								"east": {"uv": [2, 33], "uv_size": [0.5, 0.5]},
								"south": {"uv": [33, 2], "uv_size": [0.5, 0.5]},
								"west": {"uv": [3, 33], "uv_size": [0.5, 0.5]},
								"down": {"uv": [33, 3.5], "uv_size": [0.5, -0.5]}
							}
						},
						{
							"origin": [1.04805, -2.14381, -2.4941],
							"size": [0.2, 0.1, 0.55],
							"pivot": [0, 0, 1],
							"rotation": [-10, 22.5, 90],
							"uv": {
								"north": {"uv": [4, 33], "uv_size": [0.5, 0.5]},
								"east": {"uv": [33, 4], "uv_size": [0.5, 0.5]},
								"west": {"uv": [5, 33], "uv_size": [0.5, 0.5]},
								"down": {"uv": [33, 5.5], "uv_size": [0.5, -0.5]}
							}
						},
						{
							"origin": [1.04805, -1.6, -2.27164],
							"size": [0.2, 0.1, 1],
							"pivot": [0, 0, 1],
							"rotation": [0, 22.5, 90],
							"uv": {
								"east": {"uv": [31, 1], "uv_size": [1, 0.5]},
								"west": {"uv": [2, 31], "uv_size": [1, 0.5]},
								"down": {"uv": [31, 3], "uv_size": [0.5, -1]}
							}
						},
						{
							"origin": [1.04805, -1.18123, -1.51496],
							"size": [0.2, 0.1, 0.55],
							"pivot": [0, 0, 1],
							"rotation": [10, 22.5, 90],
							"uv": {
								"east": {"uv": [6, 33], "uv_size": [0.5, 0.5]},
								"south": {"uv": [33, 6], "uv_size": [0.5, 0.5]},
								"west": {"uv": [7, 33], "uv_size": [0.5, 0.5]},
								"down": {"uv": [33, 7.5], "uv_size": [0.5, -0.5]}
							}
						},
						{
							"origin": [1.04805, -2.14381, -2.4941],
							"size": [0.2, 0.1, 0.55],
							"pivot": [0, 0, 1],
							"rotation": [-10, 22.5, 67.5],
							"uv": {
								"north": {"uv": [8, 33], "uv_size": [0.5, 0.5]},
								"east": {"uv": [33, 8], "uv_size": [0.5, 0.5]},
								"west": {"uv": [9, 33], "uv_size": [0.5, 0.5]},
								"down": {"uv": [33, 9.5], "uv_size": [0.5, -0.5]}
							}
						},
						{
							"origin": [1.04805, -1.6, -2.27164],
							"size": [0.2, 0.1, 1],
							"pivot": [0, 0, 1],
							"rotation": [0, 22.5, 67.5],
							"uv": {
								"east": {"uv": [3, 31], "uv_size": [1, 0.5]},
								"west": {"uv": [31, 3], "uv_size": [1, 0.5]},
								"down": {"uv": [4, 32], "uv_size": [0.5, -1]}
							}
						},
						{
							"origin": [1.04805, -1.18123, -1.51496],
							"size": [0.2, 0.1, 0.55],
							"pivot": [0, 0, 1],
							"rotation": [10, 22.5, 67.5],
							"uv": {
								"east": {"uv": [10, 33], "uv_size": [0.5, 0.5]},
								"south": {"uv": [33, 10], "uv_size": [0.5, 0.5]},
								"west": {"uv": [11, 33], "uv_size": [0.5, 0.5]},
								"down": {"uv": [33, 11.5], "uv_size": [0.5, -0.5]}
							}
						},
						{
							"origin": [1.04805, -2.14381, -2.4941],
							"size": [0.2, 0.1, 0.55],
							"pivot": [0, 0, 1],
							"rotation": [-10, 22.5, 45],
							"uv": {
								"north": {"uv": [12, 33], "uv_size": [0.5, 0.5]},
								"east": {"uv": [33, 12], "uv_size": [0.5, 0.5]},
								"west": {"uv": [13, 33], "uv_size": [0.5, 0.5]},
								"down": {"uv": [33, 13.5], "uv_size": [0.5, -0.5]}
							}
						},
						{
							"origin": [1.04805, -1.6, -2.27164],
							"size": [0.2, 0.1, 1],
							"pivot": [0, 0, 1],
							"rotation": [0, 22.5, 45],
							"uv": {
								"east": {"uv": [31, 4], "uv_size": [1, 0.5]},
								"west": {"uv": [5, 31], "uv_size": [1, 0.5]},
								"down": {"uv": [31, 6], "uv_size": [0.5, -1]}
							}
						},
						{
							"origin": [1.04805, -1.18123, -1.51496],
							"size": [0.2, 0.1, 0.55],
							"pivot": [0, 0, 1],
							"rotation": [10, 22.5, 45],
							"uv": {
								"east": {"uv": [14, 33], "uv_size": [0.5, 0.5]},
								"south": {"uv": [33, 14], "uv_size": [0.5, 0.5]},
								"west": {"uv": [15, 33], "uv_size": [0.5, 0.5]},
								"down": {"uv": [33, 15.5], "uv_size": [0.5, -0.5]}
							}
						},
						{
							"origin": [1.04805, -2.14381, -2.4941],
							"size": [0.2, 0.1, 0.55],
							"pivot": [0, 0, 1],
							"rotation": [-10, 22.5, -157.5],
							"uv": {
								"north": {"uv": [16, 33], "uv_size": [0.5, 0.5]},
								"east": {"uv": [33, 16], "uv_size": [0.5, 0.5]},
								"west": {"uv": [17, 33], "uv_size": [0.5, 0.5]},
								"down": {"uv": [33, 17.5], "uv_size": [0.5, -0.5]}
							}
						},
						{
							"origin": [1.04805, -1.6, -2.27164],
							"size": [0.2, 0.1, 1],
							"pivot": [0, 0, 1],
							"rotation": [0, 22.5, -157.5],
							"uv": {
								"east": {"uv": [6, 31], "uv_size": [1, 0.5]},
								"west": {"uv": [31, 6], "uv_size": [1, 0.5]},
								"down": {"uv": [7, 32], "uv_size": [0.5, -1]}
							}
						},
						{
							"origin": [1.04805, -1.18123, -1.51496],
							"size": [0.2, 0.1, 0.55],
							"pivot": [0, 0, 1],
							"rotation": [10, 22.5, -157.5],
							"uv": {
								"east": {"uv": [18, 33], "uv_size": [0.5, 0.5]},
								"south": {"uv": [33, 18], "uv_size": [0.5, 0.5]},
								"west": {"uv": [19, 33], "uv_size": [0.5, 0.5]},
								"down": {"uv": [33, 19.5], "uv_size": [0.5, -0.5]}
							}
						},
						{
							"origin": [1.04805, -2.14381, -2.4941],
							"size": [0.2, 0.1, 0.55],
							"pivot": [0, 0, 1],
							"rotation": [-10, 22.5, -135],
							"uv": {
								"north": {"uv": [33, 20], "uv_size": [0.5, 0.5]},
								"east": {"uv": [33, 21], "uv_size": [0.5, 0.5]},
								"west": {"uv": [22, 33], "uv_size": [0.5, 0.5]},
								"down": {"uv": [33, 22.5], "uv_size": [0.5, -0.5]}
							}
						},
						{
							"origin": [1.04805, -1.6, -2.27164],
							"size": [0.2, 0.1, 1],
							"pivot": [0, 0, 1],
							"rotation": [0, 22.5, -135],
							"uv": {
								"east": {"uv": [31, 7], "uv_size": [1, 0.5]},
								"west": {"uv": [8, 31], "uv_size": [1, 0.5]},
								"down": {"uv": [31, 9], "uv_size": [0.5, -1]}
							}
						},
						{
							"origin": [1.04805, -1.18123, -1.51496],
							"size": [0.2, 0.1, 0.55],
							"pivot": [0, 0, 1],
							"rotation": [10, 22.5, -135],
							"uv": {
								"east": {"uv": [23, 33], "uv_size": [0.5, 0.5]},
								"south": {"uv": [33, 23], "uv_size": [0.5, 0.5]},
								"west": {"uv": [24, 33], "uv_size": [0.5, 0.5]},
								"down": {"uv": [33, 24.5], "uv_size": [0.5, -0.5]}
							}
						},
						{
							"origin": [1.04805, -2.14381, -2.4941],
							"size": [0.2, 0.1, 0.55],
							"pivot": [0, 0, 1],
							"rotation": [-10, 22.5, -112.5],
							"uv": {
								"north": {"uv": [25, 33], "uv_size": [0.5, 0.5]},
								"east": {"uv": [33, 25], "uv_size": [0.5, 0.5]},
								"west": {"uv": [26, 33], "uv_size": [0.5, 0.5]},
								"down": {"uv": [33, 26.5], "uv_size": [0.5, -0.5]}
							}
						},
						{
							"origin": [1.04805, -1.6, -2.27164],
							"size": [0.2, 0.1, 1],
							"pivot": [0, 0, 1],
							"rotation": [0, 22.5, -112.5],
							"uv": {
								"east": {"uv": [9, 31], "uv_size": [1, 0.5]},
								"west": {"uv": [31, 9], "uv_size": [1, 0.5]},
								"down": {"uv": [10, 32], "uv_size": [0.5, -1]}
							}
						},
						{
							"origin": [1.04805, -1.18123, -1.51496],
							"size": [0.2, 0.1, 0.55],
							"pivot": [0, 0, 1],
							"rotation": [10, 22.5, -112.5],
							"uv": {
								"east": {"uv": [27, 33], "uv_size": [0.5, 0.5]},
								"south": {"uv": [33, 27], "uv_size": [0.5, 0.5]},
								"west": {"uv": [28, 33], "uv_size": [0.5, 0.5]},
								"down": {"uv": [33, 28.5], "uv_size": [0.5, -0.5]}
							}
						},
						{
							"origin": [1.04805, -2.14381, -2.4941],
							"size": [0.2, 0.1, 0.55],
							"pivot": [0, 0, 1],
							"rotation": [-10, 22.5, -90],
							"uv": {
								"north": {"uv": [29, 33], "uv_size": [0.5, 0.5]},
								"east": {"uv": [33, 29], "uv_size": [0.5, 0.5]},
								"west": {"uv": [30, 33], "uv_size": [0.5, 0.5]},
								"down": {"uv": [33, 30.5], "uv_size": [0.5, -0.5]}
							}
						},
						{
							"origin": [1.04805, -1.6, -2.27164],
							"size": [0.2, 0.1, 1],
							"pivot": [0, 0, 1],
							"rotation": [0, 22.5, -90],
							"uv": {
								"east": {"uv": [31, 10], "uv_size": [1, 0.5]},
								"west": {"uv": [11, 31], "uv_size": [1, 0.5]},
								"down": {"uv": [31, 12], "uv_size": [0.5, -1]}
							}
						},
						{
							"origin": [1.04805, -1.18123, -1.51496],
							"size": [0.2, 0.1, 0.55],
							"pivot": [0, 0, 1],
							"rotation": [10, 22.5, -90],
							"uv": {
								"east": {"uv": [31, 33], "uv_size": [0.5, 0.5]},
								"south": {"uv": [33, 31], "uv_size": [0.5, 0.5]},
								"west": {"uv": [32, 33], "uv_size": [0.5, 0.5]},
								"down": {"uv": [33, 32.5], "uv_size": [0.5, -0.5]}
							}
						},
						{
							"origin": [1.04805, -2.14381, -2.4941],
							"size": [0.2, 0.1, 0.55],
							"pivot": [0, 0, 1],
							"rotation": [-10, 22.5, -67.5],
							"uv": {
								"north": {"uv": [33, 33], "uv_size": [0.5, 0.5]},
								"east": {"uv": [0, 34], "uv_size": [0.5, 0.5]},
								"west": {"uv": [34, 0], "uv_size": [0.5, 0.5]},
								"down": {"uv": [1, 34.5], "uv_size": [0.5, -0.5]}
							}
						},
						{
							"origin": [1.04805, -1.6, -2.27164],
							"size": [0.2, 0.1, 1],
							"pivot": [0, 0, 1],
							"rotation": [0, 22.5, -67.5],
							"uv": {
								"east": {"uv": [12, 31], "uv_size": [1, 0.5]},
								"west": {"uv": [31, 12], "uv_size": [1, 0.5]},
								"down": {"uv": [13, 32], "uv_size": [0.5, -1]}
							}
						},
						{
							"origin": [1.04805, -1.18123, -1.51496],
							"size": [0.2, 0.1, 0.55],
							"pivot": [0, 0, 1],
							"rotation": [10, 22.5, -67.5],
							"uv": {
								"east": {"uv": [34, 1], "uv_size": [0.5, 0.5]},
								"south": {"uv": [2, 34], "uv_size": [0.5, 0.5]},
								"west": {"uv": [34, 2], "uv_size": [0.5, 0.5]},
								"down": {"uv": [3, 34.5], "uv_size": [0.5, -0.5]}
							}
						},
						{
							"origin": [1.04805, -2.14381, -2.4941],
							"size": [0.2, 0.1, 0.55],
							"pivot": [0, 0, 1],
							"rotation": [-10, 22.5, -45],
							"uv": {
								"north": {"uv": [34, 3], "uv_size": [0.5, 0.5]},
								"east": {"uv": [4, 34], "uv_size": [0.5, 0.5]},
								"west": {"uv": [34, 4], "uv_size": [0.5, 0.5]},
								"down": {"uv": [5, 34.5], "uv_size": [0.5, -0.5]}
							}
						},
						{
							"origin": [1.04805, -1.6, -2.27164],
							"size": [0.2, 0.1, 1],
							"pivot": [0, 0, 1],
							"rotation": [0, 22.5, -45],
							"uv": {
								"east": {"uv": [31, 13], "uv_size": [1, 0.5]},
								"west": {"uv": [14, 31], "uv_size": [1, 0.5]},
								"down": {"uv": [31, 15], "uv_size": [0.5, -1]}
							}
						},
						{
							"origin": [1.04805, -1.18123, -1.51496],
							"size": [0.2, 0.1, 0.55],
							"pivot": [0, 0, 1],
							"rotation": [10, 22.5, -45],
							"uv": {
								"east": {"uv": [34, 5], "uv_size": [0.5, 0.5]},
								"south": {"uv": [6, 34], "uv_size": [0.5, 0.5]},
								"west": {"uv": [34, 6], "uv_size": [0.5, 0.5]},
								"down": {"uv": [7, 34.5], "uv_size": [0.5, -0.5]}
							}
						}
					]
				},
				{
					"name": "twists2",
					"parent": "ThunderBeast_ULTRA50",
					"pivot": [0, 0, 1],
					"cubes": [
						{
							"origin": [-4.30952, -1.6, -9.96267],
							"size": [0.2, 0.1, 1.3],
							"pivot": [0, 0, 1],
							"rotation": [0, -22.5, -180],
							"uv": {
								"north": {"uv": [34, 7], "uv_size": [0.5, 0.5]},
								"east": {"uv": [23, 7], "uv_size": [1.5, 0.5]},
								"west": {"uv": [23, 8], "uv_size": [1.5, 0.5]},
								"down": {"uv": [9, 24.5], "uv_size": [0.5, -1.5]}
							}
						},
						{
							"origin": [-4.30952, 0.10221, -8.79371],
							"size": [0.2, 0.1, 0.55],
							"pivot": [0, 0, 1],
							"rotation": [10, -22.5, -180],
							"uv": {
								"east": {"uv": [8, 34], "uv_size": [0.5, 0.5]},
								"south": {"uv": [34, 8], "uv_size": [0.5, 0.5]},
								"west": {"uv": [9, 34], "uv_size": [0.5, 0.5]},
								"down": {"uv": [34, 9.5], "uv_size": [0.5, -0.5]}
							}
						},
						{
							"origin": [-4.30952, -1.6, -9.96267],
							"size": [0.2, 0.1, 1.3],
							"pivot": [0, 0, 1],
							"rotation": [0, -22.5, -157.5],
							"uv": {
								"north": {"uv": [10, 34], "uv_size": [0.5, 0.5]},
								"east": {"uv": [23, 9], "uv_size": [1.5, 0.5]},
								"west": {"uv": [10, 23], "uv_size": [1.5, 0.5]},
								"down": {"uv": [23, 11.5], "uv_size": [0.5, -1.5]}
							}
						},
						{
							"origin": [-4.30952, 0.10221, -8.79371],
							"size": [0.2, 0.1, 0.55],
							"pivot": [0, 0, 1],
							"rotation": [10, -22.5, -157.5],
							"uv": {
								"east": {"uv": [34, 10], "uv_size": [0.5, 0.5]},
								"south": {"uv": [11, 34], "uv_size": [0.5, 0.5]},
								"west": {"uv": [34, 11], "uv_size": [0.5, 0.5]},
								"down": {"uv": [12, 34.5], "uv_size": [0.5, -0.5]}
							}
						},
						{
							"origin": [-4.30952, -1.6, -9.96267],
							"size": [0.2, 0.1, 1.3],
							"pivot": [0, 0, 1],
							"rotation": [0, -22.5, -135],
							"uv": {
								"north": {"uv": [34, 12], "uv_size": [0.5, 0.5]},
								"east": {"uv": [23, 12], "uv_size": [1.5, 0.5]},
								"west": {"uv": [13, 23], "uv_size": [1.5, 0.5]},
								"down": {"uv": [23, 14.5], "uv_size": [0.5, -1.5]}
							}
						},
						{
							"origin": [-4.30952, 0.10221, -8.79371],
							"size": [0.2, 0.1, 0.55],
							"pivot": [0, 0, 1],
							"rotation": [10, -22.5, -135],
							"uv": {
								"east": {"uv": [13, 34], "uv_size": [0.5, 0.5]},
								"south": {"uv": [34, 13], "uv_size": [0.5, 0.5]},
								"west": {"uv": [14, 34], "uv_size": [0.5, 0.5]},
								"down": {"uv": [34, 14.5], "uv_size": [0.5, -0.5]}
							}
						},
						{
							"origin": [-4.30952, -1.6, -9.96267],
							"size": [0.2, 0.1, 1.3],
							"pivot": [0, 0, 1],
							"rotation": [0, -22.5, -112.5],
							"uv": {
								"north": {"uv": [15, 34], "uv_size": [0.5, 0.5]},
								"east": {"uv": [15, 23], "uv_size": [1.5, 0.5]},
								"west": {"uv": [23, 15], "uv_size": [1.5, 0.5]},
								"down": {"uv": [23, 17.5], "uv_size": [0.5, -1.5]}
							}
						},
						{
							"origin": [-4.30952, 0.10221, -8.79371],
							"size": [0.2, 0.1, 0.55],
							"pivot": [0, 0, 1],
							"rotation": [10, -22.5, -112.5],
							"uv": {
								"east": {"uv": [34, 15], "uv_size": [0.5, 0.5]},
								"south": {"uv": [16, 34], "uv_size": [0.5, 0.5]},
								"west": {"uv": [34, 16], "uv_size": [0.5, 0.5]},
								"down": {"uv": [17, 34.5], "uv_size": [0.5, -0.5]}
							}
						},
						{
							"origin": [-4.30952, -1.6, -9.96267],
							"size": [0.2, 0.1, 1.3],
							"pivot": [0, 0, 1],
							"rotation": [0, -22.5, -90],
							"uv": {
								"north": {"uv": [34, 17], "uv_size": [0.5, 0.5]},
								"east": {"uv": [23, 18], "uv_size": [1.5, 0.5]},
								"west": {"uv": [23, 19], "uv_size": [1.5, 0.5]},
								"down": {"uv": [17, 24.5], "uv_size": [0.5, -1.5]}
							}
						},
						{
							"origin": [-4.30952, 0.10221, -8.79371],
							"size": [0.2, 0.1, 0.55],
							"pivot": [0, 0, 1],
							"rotation": [10, -22.5, -90],
							"uv": {
								"east": {"uv": [18, 34], "uv_size": [0.5, 0.5]},
								"south": {"uv": [34, 18], "uv_size": [0.5, 0.5]},
								"west": {"uv": [19, 34], "uv_size": [0.5, 0.5]},
								"down": {"uv": [34, 19.5], "uv_size": [0.5, -0.5]}
							}
						},
						{
							"origin": [-4.30952, -1.6, -9.96267],
							"size": [0.2, 0.1, 1.3],
							"pivot": [0, 0, 1],
							"rotation": [0, -22.5, -67.5],
							"uv": {
								"north": {"uv": [34, 20], "uv_size": [0.5, 0.5]},
								"east": {"uv": [23, 20], "uv_size": [1.5, 0.5]},
								"west": {"uv": [23, 22], "uv_size": [1.5, 0.5]},
								"down": {"uv": [23, 24.5], "uv_size": [0.5, -1.5]}
							}
						},
						{
							"origin": [-4.30952, 0.10221, -8.79371],
							"size": [0.2, 0.1, 0.55],
							"pivot": [0, 0, 1],
							"rotation": [10, -22.5, -67.5],
							"uv": {
								"east": {"uv": [34, 21], "uv_size": [0.5, 0.5]},
								"south": {"uv": [22, 34], "uv_size": [0.5, 0.5]},
								"west": {"uv": [34, 22], "uv_size": [0.5, 0.5]},
								"down": {"uv": [23, 34.5], "uv_size": [0.5, -0.5]}
							}
						},
						{
							"origin": [-4.30952, -1.6, -9.96267],
							"size": [0.2, 0.1, 1.3],
							"pivot": [0, 0, 1],
							"rotation": [0, -22.5, -45],
							"uv": {
								"north": {"uv": [34, 23], "uv_size": [0.5, 0.5]},
								"east": {"uv": [24, 0], "uv_size": [1.5, 0.5]},
								"west": {"uv": [24, 1], "uv_size": [1.5, 0.5]},
								"down": {"uv": [24, 3.5], "uv_size": [0.5, -1.5]}
							}
						},
						{
							"origin": [-4.30952, 0.10221, -8.79371],
							"size": [0.2, 0.1, 0.55],
							"pivot": [0, 0, 1],
							"rotation": [10, -22.5, -45],
							"uv": {
								"east": {"uv": [24, 34], "uv_size": [0.5, 0.5]},
								"south": {"uv": [34, 24], "uv_size": [0.5, 0.5]},
								"west": {"uv": [25, 34], "uv_size": [0.5, 0.5]},
								"down": {"uv": [34, 25.5], "uv_size": [0.5, -0.5]}
							}
						},
						{
							"origin": [-4.30952, -1.6, -9.96267],
							"size": [0.2, 0.1, 1.3],
							"pivot": [0, 0, 1],
							"rotation": [0, -22.5, -22.5],
							"uv": {
								"north": {"uv": [26, 34], "uv_size": [0.5, 0.5]},
								"east": {"uv": [24, 4], "uv_size": [1.5, 0.5]},
								"west": {"uv": [7, 24], "uv_size": [1.5, 0.5]},
								"down": {"uv": [10, 25.5], "uv_size": [0.5, -1.5]}
							}
						},
						{
							"origin": [-4.30952, 0.10221, -8.79371],
							"size": [0.2, 0.1, 0.55],
							"pivot": [0, 0, 1],
							"rotation": [10, -22.5, -22.5],
							"uv": {
								"east": {"uv": [34, 26], "uv_size": [0.5, 0.5]},
								"south": {"uv": [27, 34], "uv_size": [0.5, 0.5]},
								"west": {"uv": [34, 27], "uv_size": [0.5, 0.5]},
								"down": {"uv": [28, 34.5], "uv_size": [0.5, -0.5]}
							}
						},
						{
							"origin": [-4.30952, -1.6, -9.96267],
							"size": [0.2, 0.1, 1.3],
							"pivot": [0, 0, 1],
							"rotation": [0, -22.5, 0],
							"uv": {
								"north": {"uv": [34, 28], "uv_size": [0.5, 0.5]},
								"east": {"uv": [24, 10], "uv_size": [1.5, 0.5]},
								"west": {"uv": [24, 11], "uv_size": [1.5, 0.5]},
								"down": {"uv": [11, 25.5], "uv_size": [0.5, -1.5]}
							}
						},
						{
							"origin": [-4.30952, 0.10221, -8.79371],
							"size": [0.2, 0.1, 0.55],
							"pivot": [0, 0, 1],
							"rotation": [10, -22.5, 0],
							"uv": {
								"east": {"uv": [29, 34], "uv_size": [0.5, 0.5]},
								"south": {"uv": [34, 29], "uv_size": [0.5, 0.5]},
								"west": {"uv": [30, 34], "uv_size": [0.5, 0.5]},
								"down": {"uv": [34, 30.5], "uv_size": [0.5, -0.5]}
							}
						},
						{
							"origin": [-4.30952, -1.6, -9.96267],
							"size": [0.2, 0.1, 1.3],
							"pivot": [0, 0, 1],
							"rotation": [0, -22.5, 22.5],
							"uv": {
								"north": {"uv": [31, 34], "uv_size": [0.5, 0.5]},
								"east": {"uv": [13, 24], "uv_size": [1.5, 0.5]},
								"west": {"uv": [24, 13], "uv_size": [1.5, 0.5]},
								"down": {"uv": [15, 25.5], "uv_size": [0.5, -1.5]}
							}
						},
						{
							"origin": [-4.30952, 0.10221, -8.79371],
							"size": [0.2, 0.1, 0.55],
							"pivot": [0, 0, 1],
							"rotation": [10, -22.5, 22.5],
							"uv": {
								"east": {"uv": [34, 31], "uv_size": [0.5, 0.5]},
								"south": {"uv": [32, 34], "uv_size": [0.5, 0.5]},
								"west": {"uv": [34, 32], "uv_size": [0.5, 0.5]},
								"down": {"uv": [33, 34.5], "uv_size": [0.5, -0.5]}
							}
						},
						{
							"origin": [-4.30952, -1.6, -9.96267],
							"size": [0.2, 0.1, 1.3],
							"pivot": [0, 0, 1],
							"rotation": [0, -22.5, 45],
							"uv": {
								"north": {"uv": [34, 33], "uv_size": [0.5, 0.5]},
								"east": {"uv": [24, 14], "uv_size": [1.5, 0.5]},
								"west": {"uv": [24, 16], "uv_size": [1.5, 0.5]},
								"down": {"uv": [16, 25.5], "uv_size": [0.5, -1.5]}
							}
						},
						{
							"origin": [-4.30952, 0.10221, -8.79371],
							"size": [0.2, 0.1, 0.55],
							"pivot": [0, 0, 1],
							"rotation": [10, -22.5, 45],
							"uv": {
								"east": {"uv": [34, 34], "uv_size": [0.5, 0.5]},
								"south": {"uv": [0, 35], "uv_size": [0.5, 0.5]},
								"west": {"uv": [35, 0], "uv_size": [0.5, 0.5]},
								"down": {"uv": [1, 35.5], "uv_size": [0.5, -0.5]}
							}
						},
						{
							"origin": [-4.30952, -1.6, -9.96267],
							"size": [0.2, 0.1, 1.3],
							"pivot": [0, 0, 1],
							"rotation": [0, -22.5, 67.5],
							"uv": {
								"north": {"uv": [35, 1], "uv_size": [0.5, 0.5]},
								"east": {"uv": [24, 17], "uv_size": [1.5, 0.5]},
								"west": {"uv": [24, 23], "uv_size": [1.5, 0.5]},
								"down": {"uv": [24, 25.5], "uv_size": [0.5, -1.5]}
							}
						},
						{
							"origin": [-4.30952, 0.10221, -8.79371],
							"size": [0.2, 0.1, 0.55],
							"pivot": [0, 0, 1],
							"rotation": [10, -22.5, 67.5],
							"uv": {
								"east": {"uv": [2, 35], "uv_size": [0.5, 0.5]},
								"south": {"uv": [35, 2], "uv_size": [0.5, 0.5]},
								"west": {"uv": [3, 35], "uv_size": [0.5, 0.5]},
								"down": {"uv": [35, 3.5], "uv_size": [0.5, -0.5]}
							}
						},
						{
							"origin": [-4.30952, -1.6, -9.96267],
							"size": [0.2, 0.1, 1.3],
							"pivot": [0, 0, 1],
							"rotation": [0, -22.5, 90],
							"uv": {
								"north": {"uv": [4, 35], "uv_size": [0.5, 0.5]},
								"east": {"uv": [25, 2], "uv_size": [1.5, 0.5]},
								"west": {"uv": [25, 3], "uv_size": [1.5, 0.5]},
								"down": {"uv": [25, 7.5], "uv_size": [0.5, -1.5]}
							}
						},
						{
							"origin": [-4.30952, 0.10221, -8.79371],
							"size": [0.2, 0.1, 0.55],
							"pivot": [0, 0, 1],
							"rotation": [10, -22.5, 90],
							"uv": {
								"east": {"uv": [35, 4], "uv_size": [0.5, 0.5]},
								"south": {"uv": [5, 35], "uv_size": [0.5, 0.5]},
								"west": {"uv": [35, 5], "uv_size": [0.5, 0.5]},
								"down": {"uv": [6, 35.5], "uv_size": [0.5, -0.5]}
							}
						},
						{
							"origin": [-4.30952, -1.6, -9.96267],
							"size": [0.2, 0.1, 1.3],
							"pivot": [0, 0, 1],
							"rotation": [0, -22.5, 112.5],
							"uv": {
								"north": {"uv": [35, 6], "uv_size": [0.5, 0.5]},
								"east": {"uv": [7, 25], "uv_size": [1.5, 0.5]},
								"west": {"uv": [25, 8], "uv_size": [1.5, 0.5]},
								"down": {"uv": [9, 26.5], "uv_size": [0.5, -1.5]}
							}
						},
						{
							"origin": [-4.30952, 0.10221, -8.79371],
							"size": [0.2, 0.1, 0.55],
							"pivot": [0, 0, 1],
							"rotation": [10, -22.5, 112.5],
							"uv": {
								"east": {"uv": [7, 35], "uv_size": [0.5, 0.5]},
								"south": {"uv": [35, 7], "uv_size": [0.5, 0.5]},
								"west": {"uv": [8, 35], "uv_size": [0.5, 0.5]},
								"down": {"uv": [35, 8.5], "uv_size": [0.5, -0.5]}
							}
						},
						{
							"origin": [-4.30952, -1.6, -9.96267],
							"size": [0.2, 0.1, 1.3],
							"pivot": [0, 0, 1],
							"rotation": [0, -22.5, 135],
							"uv": {
								"north": {"uv": [9, 35], "uv_size": [0.5, 0.5]},
								"east": {"uv": [25, 9], "uv_size": [1.5, 0.5]},
								"west": {"uv": [25, 12], "uv_size": [1.5, 0.5]},
								"down": {"uv": [13, 26.5], "uv_size": [0.5, -1.5]}
							}
						},
						{
							"origin": [-4.30952, 0.10221, -8.79371],
							"size": [0.2, 0.1, 0.55],
							"pivot": [0, 0, 1],
							"rotation": [10, -22.5, 135],
							"uv": {
								"east": {"uv": [35, 9], "uv_size": [0.5, 0.5]},
								"south": {"uv": [10, 35], "uv_size": [0.5, 0.5]},
								"west": {"uv": [35, 10], "uv_size": [0.5, 0.5]},
								"down": {"uv": [11, 35.5], "uv_size": [0.5, -0.5]}
							}
						},
						{
							"origin": [-4.30952, -1.6, -9.96267],
							"size": [0.2, 0.1, 1.3],
							"pivot": [0, 0, 1],
							"rotation": [0, -22.5, 157.5],
							"uv": {
								"north": {"uv": [35, 11], "uv_size": [0.5, 0.5]},
								"east": {"uv": [25, 15], "uv_size": [1.5, 0.5]},
								"west": {"uv": [25, 18], "uv_size": [1.5, 0.5]},
								"down": {"uv": [14, 26.5], "uv_size": [0.5, -1.5]}
							}
						},
						{
							"origin": [-4.30952, 0.10221, -8.79371],
							"size": [0.2, 0.1, 0.55],
							"pivot": [0, 0, 1],
							"rotation": [10, -22.5, 157.5],
							"uv": {
								"east": {"uv": [12, 35], "uv_size": [0.5, 0.5]},
								"south": {"uv": [35, 12], "uv_size": [0.5, 0.5]},
								"west": {"uv": [13, 35], "uv_size": [0.5, 0.5]},
								"down": {"uv": [35, 13.5], "uv_size": [0.5, -0.5]}
							}
						}
					]
				},
				{
					"name": "twists3",
					"parent": "ThunderBeast_ULTRA50",
					"pivot": [0, 0, -0.5],
					"cubes": [
						{
							"origin": [-4.30952, -1.6, -11.48767],
							"size": [0.2, 0.1, 1.65],
							"pivot": [0, 0, -0.5],
							"rotation": [0, -22.5, 157.5],
							"uv": {
								"north": {"uv": [14, 35], "uv_size": [0.5, 0.5]},
								"east": {"uv": [25, 19], "uv_size": [1.5, 0.5]},
								"south": {"uv": [35, 14], "uv_size": [0.5, 0.5]},
								"west": {"uv": [25, 20], "uv_size": [1.5, 0.5]},
								"down": {"uv": [17, 26.5], "uv_size": [0.5, -1.5]}
							}
						},
						{
							"origin": [-4.30952, -1.6, -11.48767],
							"size": [0.2, 0.1, 1.65],
							"pivot": [0, 0, -0.5],
							"rotation": [0, -22.5, 135],
							"uv": {
								"north": {"uv": [15, 35], "uv_size": [0.5, 0.5]},
								"east": {"uv": [25, 22], "uv_size": [1.5, 0.5]},
								"south": {"uv": [35, 15], "uv_size": [0.5, 0.5]},
								"west": {"uv": [25, 24], "uv_size": [1.5, 0.5]},
								"down": {"uv": [23, 26.5], "uv_size": [0.5, -1.5]}
							}
						},
						{
							"origin": [-4.30952, -1.6, -11.48767],
							"size": [0.2, 0.1, 1.65],
							"pivot": [0, 0, -0.5],
							"rotation": [0, -22.5, 112.5],
							"uv": {
								"north": {"uv": [16, 35], "uv_size": [0.5, 0.5]},
								"east": {"uv": [25, 25], "uv_size": [1.5, 0.5]},
								"south": {"uv": [35, 16], "uv_size": [0.5, 0.5]},
								"west": {"uv": [26, 0], "uv_size": [1.5, 0.5]},
								"down": {"uv": [26, 7.5], "uv_size": [0.5, -1.5]}
							}
						},
						{
							"origin": [-4.30952, -1.6, -11.48767],
							"size": [0.2, 0.1, 1.65],
							"pivot": [0, 0, -0.5],
							"rotation": [0, -22.5, 90],
							"uv": {
								"north": {"uv": [17, 35], "uv_size": [0.5, 0.5]},
								"east": {"uv": [26, 1], "uv_size": [1.5, 0.5]},
								"south": {"uv": [35, 17], "uv_size": [0.5, 0.5]},
								"west": {"uv": [26, 4], "uv_size": [1.5, 0.5]},
								"down": {"uv": [7, 27.5], "uv_size": [0.5, -1.5]}
							}
						},
						{
							"origin": [-4.30952, -1.6, -11.48767],
							"size": [0.2, 0.1, 1.65],
							"pivot": [0, 0, -0.5],
							"rotation": [0, -22.5, 67.5],
							"uv": {
								"north": {"uv": [18, 35], "uv_size": [0.5, 0.5]},
								"east": {"uv": [10, 26], "uv_size": [1.5, 0.5]},
								"south": {"uv": [35, 18], "uv_size": [0.5, 0.5]},
								"west": {"uv": [26, 10], "uv_size": [1.5, 0.5]},
								"down": {"uv": [8, 27.5], "uv_size": [0.5, -1.5]}
							}
						},
						{
							"origin": [-4.30952, -1.6, -11.48767],
							"size": [0.2, 0.1, 1.65],
							"pivot": [0, 0, -0.5],
							"rotation": [0, -22.5, 45],
							"uv": {
								"north": {"uv": [19, 35], "uv_size": [0.5, 0.5]},
								"east": {"uv": [26, 11], "uv_size": [1.5, 0.5]},
								"south": {"uv": [35, 19], "uv_size": [0.5, 0.5]},
								"west": {"uv": [26, 13], "uv_size": [1.5, 0.5]},
								"down": {"uv": [15, 27.5], "uv_size": [0.5, -1.5]}
							}
						},
						{
							"origin": [-4.30952, -1.6, -11.48767],
							"size": [0.2, 0.1, 1.65],
							"pivot": [0, 0, -0.5],
							"rotation": [0, -22.5, 22.5],
							"uv": {
								"north": {"uv": [35, 20], "uv_size": [0.5, 0.5]},
								"east": {"uv": [26, 14], "uv_size": [1.5, 0.5]},
								"south": {"uv": [35, 21], "uv_size": [0.5, 0.5]},
								"west": {"uv": [26, 16], "uv_size": [1.5, 0.5]},
								"down": {"uv": [16, 27.5], "uv_size": [0.5, -1.5]}
							}
						},
						{
							"origin": [-4.30952, -1.6, -11.48767],
							"size": [0.2, 0.1, 1.65],
							"pivot": [0, 0, -0.5],
							"rotation": [0, -22.5, 0],
							"uv": {
								"north": {"uv": [22, 35], "uv_size": [0.5, 0.5]},
								"east": {"uv": [26, 17], "uv_size": [1.5, 0.5]},
								"south": {"uv": [35, 22], "uv_size": [0.5, 0.5]},
								"west": {"uv": [26, 23], "uv_size": [1.5, 0.5]},
								"down": {"uv": [24, 27.5], "uv_size": [0.5, -1.5]}
							}
						},
						{
							"origin": [-4.30952, -1.6, -11.48767],
							"size": [0.2, 0.1, 1.65],
							"pivot": [0, 0, -0.5],
							"rotation": [0, -22.5, -22.5],
							"uv": {
								"north": {"uv": [23, 35], "uv_size": [0.5, 0.5]},
								"east": {"uv": [25, 26], "uv_size": [1.5, 0.5]},
								"south": {"uv": [35, 23], "uv_size": [0.5, 0.5]},
								"west": {"uv": [0, 27], "uv_size": [1.5, 0.5]},
								"down": {"uv": [2, 28.5], "uv_size": [0.5, -1.5]}
							}
						},
						{
							"origin": [-4.30952, -1.6, -11.48767],
							"size": [0.2, 0.1, 1.65],
							"pivot": [0, 0, -0.5],
							"rotation": [0, -22.5, -45],
							"uv": {
								"north": {"uv": [24, 35], "uv_size": [0.5, 0.5]},
								"east": {"uv": [27, 2], "uv_size": [1.5, 0.5]},
								"south": {"uv": [35, 24], "uv_size": [0.5, 0.5]},
								"west": {"uv": [3, 27], "uv_size": [1.5, 0.5]},
								"down": {"uv": [5, 28.5], "uv_size": [0.5, -1.5]}
							}
						},
						{
							"origin": [-4.30952, -1.6, -11.48767],
							"size": [0.2, 0.1, 1.65],
							"pivot": [0, 0, -0.5],
							"rotation": [0, -22.5, -67.5],
							"uv": {
								"north": {"uv": [25, 35], "uv_size": [0.5, 0.5]},
								"east": {"uv": [27, 3], "uv_size": [1.5, 0.5]},
								"south": {"uv": [35, 25], "uv_size": [0.5, 0.5]},
								"west": {"uv": [27, 5], "uv_size": [1.5, 0.5]},
								"down": {"uv": [6, 28.5], "uv_size": [0.5, -1.5]}
							}
						},
						{
							"origin": [-4.30952, -1.6, -11.48767],
							"size": [0.2, 0.1, 1.65],
							"pivot": [0, 0, -0.5],
							"rotation": [0, -22.5, -90],
							"uv": {
								"north": {"uv": [26, 35], "uv_size": [0.5, 0.5]},
								"east": {"uv": [27, 6], "uv_size": [1.5, 0.5]},
								"south": {"uv": [35, 26], "uv_size": [0.5, 0.5]},
								"west": {"uv": [27, 7], "uv_size": [1.5, 0.5]},
								"down": {"uv": [27, 9.5], "uv_size": [0.5, -1.5]}
							}
						},
						{
							"origin": [-4.30952, -1.6, -11.48767],
							"size": [0.2, 0.1, 1.65],
							"pivot": [0, 0, -0.5],
							"rotation": [0, -22.5, -112.5],
							"uv": {
								"north": {"uv": [27, 35], "uv_size": [0.5, 0.5]},
								"east": {"uv": [9, 27], "uv_size": [1.5, 0.5]},
								"south": {"uv": [35, 27], "uv_size": [0.5, 0.5]},
								"west": {"uv": [11, 27], "uv_size": [1.5, 0.5]},
								"down": {"uv": [13, 28.5], "uv_size": [0.5, -1.5]}
							}
						},
						{
							"origin": [-4.30952, -1.6, -11.48767],
							"size": [0.2, 0.1, 1.65],
							"pivot": [0, 0, -0.5],
							"rotation": [0, -22.5, -135],
							"uv": {
								"north": {"uv": [28, 35], "uv_size": [0.5, 0.5]},
								"east": {"uv": [27, 12], "uv_size": [1.5, 0.5]},
								"south": {"uv": [35, 28], "uv_size": [0.5, 0.5]},
								"west": {"uv": [27, 15], "uv_size": [1.5, 0.5]},
								"down": {"uv": [14, 28.5], "uv_size": [0.5, -1.5]}
							}
						},
						{
							"origin": [-4.30952, -1.6, -11.48767],
							"size": [0.2, 0.1, 1.65],
							"pivot": [0, 0, -0.5],
							"rotation": [0, -22.5, -157.5],
							"uv": {
								"north": {"uv": [29, 35], "uv_size": [0.5, 0.5]},
								"east": {"uv": [17, 27], "uv_size": [1.5, 0.5]},
								"south": {"uv": [35, 29], "uv_size": [0.5, 0.5]},
								"west": {"uv": [27, 18], "uv_size": [1.5, 0.5]},
								"down": {"uv": [19, 28.5], "uv_size": [0.5, -1.5]}
							}
						},
						{
							"origin": [-4.30952, -1.6, -11.48767],
							"size": [0.2, 0.1, 1.65],
							"pivot": [0, 0, -0.5],
							"rotation": [0, -22.5, -180],
							"uv": {
								"north": {"uv": [30, 35], "uv_size": [0.5, 0.5]},
								"east": {"uv": [27, 19], "uv_size": [1.5, 0.5]},
								"south": {"uv": [35, 30], "uv_size": [0.5, 0.5]},
								"west": {"uv": [27, 20], "uv_size": [1.5, 0.5]},
								"down": {"uv": [27, 22.5], "uv_size": [0.5, -1.5]}
							}
						}
					]
				},
				{
					"name": "twists4",
					"parent": "ThunderBeast_ULTRA50",
					"pivot": [0, 0, -24],
					"cubes": [
						{
							"origin": [-4.30952, 1.5, -14.33733],
							"size": [0.2, 0.1, 1.3],
							"pivot": [0, 0, -24],
							"rotation": [0, 22.5, 180],
							"uv": {
								"east": {"uv": [22, 27], "uv_size": [1.5, 0.5]},
								"south": {"uv": [31, 35], "uv_size": [0.5, 0.5]},
								"west": {"uv": [27, 24], "uv_size": [1.5, 0.5]},
								"up": {"uv": [25, 27], "uv_size": [0.5, 1.5]}
							}
						},
						{
							"origin": [-4.30952, -0.20221, -14.75629],
							"size": [0.2, 0.1, 0.55],
							"pivot": [0, 0, -24],
							"rotation": [10, 22.5, 180],
							"uv": {
								"north": {"uv": [35, 31], "uv_size": [0.5, 0.5]},
								"east": {"uv": [32, 35], "uv_size": [0.5, 0.5]},
								"west": {"uv": [35, 32], "uv_size": [0.5, 0.5]},
								"up": {"uv": [33, 35], "uv_size": [0.5, 0.5]}
							}
						},
						{
							"origin": [-4.30952, 1.5, -14.33733],
							"size": [0.2, 0.1, 1.3],
							"pivot": [0, 0, -24],
							"rotation": [0, 22.5, 157.5],
							"uv": {
								"east": {"uv": [27, 25], "uv_size": [1.5, 0.5]},
								"south": {"uv": [35, 33], "uv_size": [0.5, 0.5]},
								"west": {"uv": [26, 27], "uv_size": [1.5, 0.5]},
								"up": {"uv": [0, 28], "uv_size": [0.5, 1.5]}
							}
						},
						{
							"origin": [-4.30952, -0.20221, -14.75629],
							"size": [0.2, 0.1, 0.55],
							"pivot": [0, 0, -24],
							"rotation": [10, 22.5, 157.5],
							"uv": {
								"north": {"uv": [34, 35], "uv_size": [0.5, 0.5]},
								"east": {"uv": [35, 34], "uv_size": [0.5, 0.5]},
								"west": {"uv": [35, 35], "uv_size": [0.5, 0.5]},
								"up": {"uv": [0, 36], "uv_size": [0.5, 0.5]}
							}
						},
						{
							"origin": [-4.30952, 1.5, -14.33733],
							"size": [0.2, 0.1, 1.3],
							"pivot": [0, 0, -24],
							"rotation": [0, 22.5, 135],
							"uv": {
								"east": {"uv": [27, 26], "uv_size": [1.5, 0.5]},
								"south": {"uv": [36, 0], "uv_size": [0.5, 0.5]},
								"west": {"uv": [28, 0], "uv_size": [1.5, 0.5]},
								"up": {"uv": [1, 28], "uv_size": [0.5, 1.5]}
							}
						},
						{
							"origin": [-4.30952, -0.20221, -14.75629],
							"size": [0.2, 0.1, 0.55],
							"pivot": [0, 0, -24],
							"rotation": [10, 22.5, 135],
							"uv": {
								"north": {"uv": [1, 36], "uv_size": [0.5, 0.5]},
								"east": {"uv": [36, 1], "uv_size": [0.5, 0.5]},
								"west": {"uv": [2, 36], "uv_size": [0.5, 0.5]},
								"up": {"uv": [36, 2], "uv_size": [0.5, 0.5]}
							}
						},
						{
							"origin": [-4.30952, 1.5, -14.33733],
							"size": [0.2, 0.1, 1.3],
							"pivot": [0, 0, -24],
							"rotation": [0, 22.5, 112.5],
							"uv": {
								"east": {"uv": [28, 1], "uv_size": [1.5, 0.5]},
								"south": {"uv": [3, 36], "uv_size": [0.5, 0.5]},
								"west": {"uv": [3, 28], "uv_size": [1.5, 0.5]},
								"up": {"uv": [7, 28], "uv_size": [0.5, 1.5]}
							}
						},
						{
							"origin": [-4.30952, -0.20221, -14.75629],
							"size": [0.2, 0.1, 0.55],
							"pivot": [0, 0, -24],
							"rotation": [10, 22.5, 112.5],
							"uv": {
								"north": {"uv": [36, 3], "uv_size": [0.5, 0.5]},
								"east": {"uv": [4, 36], "uv_size": [0.5, 0.5]},
								"west": {"uv": [36, 4], "uv_size": [0.5, 0.5]},
								"up": {"uv": [5, 36], "uv_size": [0.5, 0.5]}
							}
						},
						{
							"origin": [-4.30952, 1.5, -14.33733],
							"size": [0.2, 0.1, 1.3],
							"pivot": [0, 0, -24],
							"rotation": [0, 22.5, 90],
							"uv": {
								"east": {"uv": [28, 4], "uv_size": [1.5, 0.5]},
								"south": {"uv": [36, 5], "uv_size": [0.5, 0.5]},
								"west": {"uv": [8, 28], "uv_size": [1.5, 0.5]},
								"up": {"uv": [28, 8], "uv_size": [0.5, 1.5]}
							}
						},
						{
							"origin": [-4.30952, -0.20221, -14.75629],
							"size": [0.2, 0.1, 0.55],
							"pivot": [0, 0, -24],
							"rotation": [10, 22.5, 90],
							"uv": {
								"north": {"uv": [6, 36], "uv_size": [0.5, 0.5]},
								"east": {"uv": [36, 6], "uv_size": [0.5, 0.5]},
								"west": {"uv": [7, 36], "uv_size": [0.5, 0.5]},
								"up": {"uv": [36, 7], "uv_size": [0.5, 0.5]}
							}
						},
						{
							"origin": [-4.30952, 1.5, -14.33733],
							"size": [0.2, 0.1, 1.3],
							"pivot": [0, 0, -24],
							"rotation": [0, 22.5, 67.5],
							"uv": {
								"east": {"uv": [10, 28], "uv_size": [1.5, 0.5]},
								"south": {"uv": [8, 36], "uv_size": [0.5, 0.5]},
								"west": {"uv": [28, 10], "uv_size": [1.5, 0.5]},
								"up": {"uv": [12, 28], "uv_size": [0.5, 1.5]}
							}
						},
						{
							"origin": [-4.30952, -0.20221, -14.75629],
							"size": [0.2, 0.1, 0.55],
							"pivot": [0, 0, -24],
							"rotation": [10, 22.5, 67.5],
							"uv": {
								"north": {"uv": [36, 8], "uv_size": [0.5, 0.5]},
								"east": {"uv": [9, 36], "uv_size": [0.5, 0.5]},
								"west": {"uv": [36, 9], "uv_size": [0.5, 0.5]},
								"up": {"uv": [10, 36], "uv_size": [0.5, 0.5]}
							}
						},
						{
							"origin": [-4.30952, 1.5, -14.33733],
							"size": [0.2, 0.1, 1.3],
							"pivot": [0, 0, -24],
							"rotation": [0, 22.5, 45],
							"uv": {
								"east": {"uv": [28, 11], "uv_size": [1.5, 0.5]},
								"south": {"uv": [36, 10], "uv_size": [0.5, 0.5]},
								"west": {"uv": [28, 13], "uv_size": [1.5, 0.5]},
								"up": {"uv": [15, 28], "uv_size": [0.5, 1.5]}
							}
						},
						{
							"origin": [-4.30952, -0.20221, -14.75629],
							"size": [0.2, 0.1, 0.55],
							"pivot": [0, 0, -24],
							"rotation": [10, 22.5, 45],
							"uv": {
								"north": {"uv": [11, 36], "uv_size": [0.5, 0.5]},
								"east": {"uv": [36, 11], "uv_size": [0.5, 0.5]},
								"west": {"uv": [12, 36], "uv_size": [0.5, 0.5]},
								"up": {"uv": [36, 12], "uv_size": [0.5, 0.5]}
							}
						},
						{
							"origin": [-4.30952, 1.5, -14.33733],
							"size": [0.2, 0.1, 1.3],
							"pivot": [0, 0, -24],
							"rotation": [0, 22.5, 22.5],
							"uv": {
								"east": {"uv": [28, 14], "uv_size": [1.5, 0.5]},
								"south": {"uv": [13, 36], "uv_size": [0.5, 0.5]},
								"west": {"uv": [16, 28], "uv_size": [1.5, 0.5]},
								"up": {"uv": [28, 16], "uv_size": [0.5, 1.5]}
							}
						},
						{
							"origin": [-4.30952, -0.20221, -14.75629],
							"size": [0.2, 0.1, 0.55],
							"pivot": [0, 0, -24],
							"rotation": [10, 22.5, 22.5],
							"uv": {
								"north": {"uv": [36, 13], "uv_size": [0.5, 0.5]},
								"east": {"uv": [14, 36], "uv_size": [0.5, 0.5]},
								"west": {"uv": [36, 14], "uv_size": [0.5, 0.5]},
								"up": {"uv": [15, 36], "uv_size": [0.5, 0.5]}
							}
						},
						{
							"origin": [-4.30952, 1.5, -14.33733],
							"size": [0.2, 0.1, 1.3],
							"pivot": [0, 0, -24],
							"rotation": [0, 22.5, 0],
							"uv": {
								"east": {"uv": [28, 21], "uv_size": [1.5, 0.5]},
								"south": {"uv": [36, 15], "uv_size": [0.5, 0.5]},
								"west": {"uv": [22, 28], "uv_size": [1.5, 0.5]},
								"up": {"uv": [18, 28], "uv_size": [0.5, 1.5]}
							}
						},
						{
							"origin": [-4.30952, -0.20221, -14.75629],
							"size": [0.2, 0.1, 0.55],
							"pivot": [0, 0, -24],
							"rotation": [10, 22.5, 0],
							"uv": {
								"north": {"uv": [16, 36], "uv_size": [0.5, 0.5]},
								"east": {"uv": [36, 16], "uv_size": [0.5, 0.5]},
								"west": {"uv": [17, 36], "uv_size": [0.5, 0.5]},
								"up": {"uv": [36, 17], "uv_size": [0.5, 0.5]}
							}
						},
						{
							"origin": [-4.30952, 1.5, -14.33733],
							"size": [0.2, 0.1, 1.3],
							"pivot": [0, 0, -24],
							"rotation": [0, 22.5, -22.5],
							"uv": {
								"east": {"uv": [28, 22], "uv_size": [1.5, 0.5]},
								"south": {"uv": [18, 36], "uv_size": [0.5, 0.5]},
								"west": {"uv": [28, 23], "uv_size": [1.5, 0.5]},
								"up": {"uv": [24, 28], "uv_size": [0.5, 1.5]}
							}
						},
						{
							"origin": [-4.30952, -0.20221, -14.75629],
							"size": [0.2, 0.1, 0.55],
							"pivot": [0, 0, -24],
							"rotation": [10, 22.5, -22.5],
							"uv": {
								"north": {"uv": [36, 18], "uv_size": [0.5, 0.5]},
								"east": {"uv": [19, 36], "uv_size": [0.5, 0.5]},
								"west": {"uv": [36, 19], "uv_size": [0.5, 0.5]},
								"up": {"uv": [36, 20], "uv_size": [0.5, 0.5]}
							}
						},
						{
							"origin": [-4.30952, 1.5, -14.33733],
							"size": [0.2, 0.1, 1.3],
							"pivot": [0, 0, -24],
							"rotation": [0, 22.5, -45],
							"uv": {
								"east": {"uv": [26, 28], "uv_size": [1.5, 0.5]},
								"south": {"uv": [36, 21], "uv_size": [0.5, 0.5]},
								"west": {"uv": [28, 27], "uv_size": [1.5, 0.5]},
								"up": {"uv": [28, 28], "uv_size": [0.5, 1.5]}
							}
						},
						{
							"origin": [-4.30952, -0.20221, -14.75629],
							"size": [0.2, 0.1, 0.55],
							"pivot": [0, 0, -24],
							"rotation": [10, 22.5, -45],
							"uv": {
								"north": {"uv": [22, 36], "uv_size": [0.5, 0.5]},
								"east": {"uv": [36, 22], "uv_size": [0.5, 0.5]},
								"west": {"uv": [23, 36], "uv_size": [0.5, 0.5]},
								"up": {"uv": [36, 23], "uv_size": [0.5, 0.5]}
							}
						},
						{
							"origin": [-4.30952, 1.5, -14.33733],
							"size": [0.2, 0.1, 1.3],
							"pivot": [0, 0, -24],
							"rotation": [0, 22.5, -67.5],
							"uv": {
								"east": {"uv": [2, 29], "uv_size": [1.5, 0.5]},
								"south": {"uv": [24, 36], "uv_size": [0.5, 0.5]},
								"west": {"uv": [29, 2], "uv_size": [1.5, 0.5]},
								"up": {"uv": [4, 29], "uv_size": [0.5, 1.5]}
							}
						},
						{
							"origin": [-4.30952, -0.20221, -14.75629],
							"size": [0.2, 0.1, 0.55],
							"pivot": [0, 0, -24],
							"rotation": [10, 22.5, -67.5],
							"uv": {
								"north": {"uv": [36, 24], "uv_size": [0.5, 0.5]},
								"east": {"uv": [25, 36], "uv_size": [0.5, 0.5]},
								"west": {"uv": [36, 25], "uv_size": [0.5, 0.5]},
								"up": {"uv": [26, 36], "uv_size": [0.5, 0.5]}
							}
						},
						{
							"origin": [-4.30952, 1.5, -14.33733],
							"size": [0.2, 0.1, 1.3],
							"pivot": [0, 0, -24],
							"rotation": [0, 22.5, -90],
							"uv": {
								"east": {"uv": [29, 3], "uv_size": [1.5, 0.5]},
								"south": {"uv": [36, 26], "uv_size": [0.5, 0.5]},
								"west": {"uv": [5, 29], "uv_size": [1.5, 0.5]},
								"up": {"uv": [29, 5], "uv_size": [0.5, 1.5]}
							}
						},
						{
							"origin": [-4.30952, -0.20221, -14.75629],
							"size": [0.2, 0.1, 0.55],
							"pivot": [0, 0, -24],
							"rotation": [10, 22.5, -90],
							"uv": {
								"north": {"uv": [27, 36], "uv_size": [0.5, 0.5]},
								"east": {"uv": [36, 27], "uv_size": [0.5, 0.5]},
								"west": {"uv": [28, 36], "uv_size": [0.5, 0.5]},
								"up": {"uv": [36, 28], "uv_size": [0.5, 0.5]}
							}
						},
						{
							"origin": [-4.30952, 1.5, -14.33733],
							"size": [0.2, 0.1, 1.3],
							"pivot": [0, 0, -24],
							"rotation": [0, 22.5, -112.5],
							"uv": {
								"east": {"uv": [29, 7], "uv_size": [1.5, 0.5]},
								"south": {"uv": [29, 36], "uv_size": [0.5, 0.5]},
								"west": {"uv": [8, 29], "uv_size": [1.5, 0.5]},
								"up": {"uv": [29, 8], "uv_size": [0.5, 1.5]}
							}
						},
						{
							"origin": [-4.30952, -0.20221, -14.75629],
							"size": [0.2, 0.1, 0.55],
							"pivot": [0, 0, -24],
							"rotation": [10, 22.5, -112.5],
							"uv": {
								"north": {"uv": [36, 29], "uv_size": [0.5, 0.5]},
								"east": {"uv": [30, 36], "uv_size": [0.5, 0.5]},
								"west": {"uv": [36, 30], "uv_size": [0.5, 0.5]},
								"up": {"uv": [31, 36], "uv_size": [0.5, 0.5]}
							}
						},
						{
							"origin": [-4.30952, 1.5, -14.33733],
							"size": [0.2, 0.1, 1.3],
							"pivot": [0, 0, -24],
							"rotation": [0, 22.5, -135],
							"uv": {
								"east": {"uv": [10, 29], "uv_size": [1.5, 0.5]},
								"south": {"uv": [36, 31], "uv_size": [0.5, 0.5]},
								"west": {"uv": [29, 12], "uv_size": [1.5, 0.5]},
								"up": {"uv": [13, 29], "uv_size": [0.5, 1.5]}
							}
						},
						{
							"origin": [-4.30952, -0.20221, -14.75629],
							"size": [0.2, 0.1, 0.55],
							"pivot": [0, 0, -24],
							"rotation": [10, 22.5, -135],
							"uv": {
								"north": {"uv": [32, 36], "uv_size": [0.5, 0.5]},
								"east": {"uv": [36, 32], "uv_size": [0.5, 0.5]},
								"west": {"uv": [33, 36], "uv_size": [0.5, 0.5]},
								"up": {"uv": [36, 33], "uv_size": [0.5, 0.5]}
							}
						},
						{
							"origin": [-4.30952, 1.5, -14.33733],
							"size": [0.2, 0.1, 1.3],
							"pivot": [0, 0, -24],
							"rotation": [0, 22.5, -157.5],
							"uv": {
								"east": {"uv": [29, 15], "uv_size": [1.5, 0.5]},
								"south": {"uv": [34, 36], "uv_size": [0.5, 0.5]},
								"west": {"uv": [16, 29], "uv_size": [1.5, 0.5]},
								"up": {"uv": [14, 29], "uv_size": [0.5, 1.5]}
							}
						},
						{
							"origin": [-4.30952, -0.20221, -14.75629],
							"size": [0.2, 0.1, 0.55],
							"pivot": [0, 0, -24],
							"rotation": [10, 22.5, -157.5],
							"uv": {
								"north": {"uv": [36, 34], "uv_size": [0.5, 0.5]},
								"east": {"uv": [35, 36], "uv_size": [0.5, 0.5]},
								"west": {"uv": [36, 35], "uv_size": [0.5, 0.5]},
								"up": {"uv": [36, 36], "uv_size": [0.5, 0.5]}
							}
						}
					]
				},
				{
					"name": "RRmb",
					"parent": "ThunderBeast_ULTRA50",
					"pivot": [0, 0, -4.9],
					"cubes": [
						{
							"origin": [-0.84853, -1.27279, -25.5],
							"size": [1.69706, 0.77279, 4.5],
							"uv": {
								"north": {"uv": [23, 6], "uv_size": [1.5, 1]},
								"up": {"uv": [0, 22], "uv_size": [1.5, 4.5]},
								"down": {"uv": [22, 4.5], "uv_size": [1.5, -4.5]}
							}
						},
						{
							"origin": [-0.84853, -1.27279, -25.5],
							"size": [1.69706, 0.77279, 4.5],
							"pivot": [0, 0, -2.5],
							"rotation": [0, 0, -180],
							"uv": {
								"north": {"uv": [7, 23], "uv_size": [1.5, 1]},
								"up": {"uv": [2, 22], "uv_size": [1.5, 4.5]},
								"down": {"uv": [4, 26.5], "uv_size": [1.5, -4.5]}
							}
						},
						{
							"origin": [-0.3, -1.5, -25.5],
							"size": [0.6, 0.575, 4.5],
							"pivot": [0, 0, -2.5],
							"rotation": [0, 0, -135],
							"uv": {
								"north": {"uv": [0, 37], "uv_size": [0.5, 0.5]},
								"east": {"uv": [22, 5], "uv_size": [4.5, 0.5]},
								"up": {"uv": [6, 22], "uv_size": [0.5, 4.5]},
								"down": {"uv": [22, 10.5], "uv_size": [0.5, -4.5]}
							}
						},
						{
							"origin": [-0.3, -1.5, -25.5],
							"size": [0.6, 0.575, 4.5],
							"pivot": [0, 0, -2.5],
							"rotation": [0, 0, -45],
							"uv": {
								"north": {"uv": [37, 0], "uv_size": [0.5, 0.5]},
								"west": {"uv": [7, 22], "uv_size": [4.5, 0.5]},
								"up": {"uv": [22, 11], "uv_size": [0.5, 4.5]},
								"down": {"uv": [12, 26.5], "uv_size": [0.5, -4.5]}
							}
						},
						{
							"origin": [-0.3, -1.5, -21.75],
							"size": [0.6, 0.9, 0.75],
							"inflate": -0.0001,
							"pivot": [0, 0, -2.5],
							"rotation": [0, 0, -112.5],
							"uv": {
								"north": {"uv": [15, 31], "uv_size": [0.5, 1]},
								"south": {"uv": [31, 15], "uv_size": [0.5, 1]},
								"up": {"uv": [16, 31], "uv_size": [0.5, 1]},
								"down": {"uv": [31, 17], "uv_size": [0.5, -1]}
							}
						},
						{
							"origin": [-0.3, -1.5, -21.75],
							"size": [0.6, 0.9, 0.75],
							"pivot": [0, 0, -2.5],
							"rotation": [0, 0, -90],
							"uv": {
								"north": {"uv": [17, 31], "uv_size": [0.5, 1]},
								"south": {"uv": [31, 17], "uv_size": [0.5, 1]},
								"up": {"uv": [18, 31], "uv_size": [0.5, 1]},
								"down": {"uv": [31, 19], "uv_size": [0.5, -1]}
							}
						},
						{
							"origin": [-0.3, -1.5, -21.75],
							"size": [0.6, 0.9, 0.75],
							"inflate": -0.0001,
							"pivot": [0, 0, -2.5],
							"rotation": [0, 0, -67.5],
							"uv": {
								"north": {"uv": [19, 31], "uv_size": [0.5, 1]},
								"south": {"uv": [31, 19], "uv_size": [0.5, 1]},
								"up": {"uv": [31, 20], "uv_size": [0.5, 1]},
								"down": {"uv": [31, 22], "uv_size": [0.5, -1]}
							}
						},
						{
							"origin": [-0.3, -1.5, -23],
							"size": [0.6, 0.9, 0.5],
							"inflate": -0.0001,
							"pivot": [0, 0, -4],
							"rotation": [0, 0, -67.5],
							"uv": {
								"north": {"uv": [22, 31], "uv_size": [0.5, 1]},
								"south": {"uv": [31, 22], "uv_size": [0.5, 1]},
								"up": {"uv": [1, 37], "uv_size": [0.5, 0.5]},
								"down": {"uv": [37, 1.5], "uv_size": [0.5, -0.5]}
							}
						},
						{
							"origin": [-0.3, -1.5, -23],
							"size": [0.6, 0.9, 0.5],
							"pivot": [0, 0, -4],
							"rotation": [0, 0, -90],
							"uv": {
								"north": {"uv": [23, 31], "uv_size": [0.5, 1]},
								"south": {"uv": [31, 23], "uv_size": [0.5, 1]},
								"up": {"uv": [2, 37], "uv_size": [0.5, 0.5]},
								"down": {"uv": [37, 2.5], "uv_size": [0.5, -0.5]}
							}
						},
						{
							"origin": [-0.3, -1.5, -23],
							"size": [0.6, 0.9, 0.5],
							"inflate": -0.0001,
							"pivot": [0, 0, -4],
							"rotation": [0, 0, -112.5],
							"uv": {
								"north": {"uv": [24, 31], "uv_size": [0.5, 1]},
								"south": {"uv": [31, 24], "uv_size": [0.5, 1]},
								"up": {"uv": [3, 37], "uv_size": [0.5, 0.5]},
								"down": {"uv": [37, 3.5], "uv_size": [0.5, -0.5]}
							}
						},
						{
							"origin": [-0.3, -1.5, -24.25],
							"size": [0.6, 0.9, 0.5],
							"inflate": -0.0001,
							"pivot": [0, 0, -5.25],
							"rotation": [0, 0, -67.5],
							"uv": {
								"north": {"uv": [25, 31], "uv_size": [0.5, 1]},
								"south": {"uv": [31, 25], "uv_size": [0.5, 1]},
								"up": {"uv": [4, 37], "uv_size": [0.5, 0.5]},
								"down": {"uv": [37, 4.5], "uv_size": [0.5, -0.5]}
							}
						},
						{
							"origin": [-0.3, -1.5, -24.25],
							"size": [0.6, 0.9, 0.5],
							"pivot": [0, 0, -5.25],
							"rotation": [0, 0, -90],
							"uv": {
								"north": {"uv": [26, 31], "uv_size": [0.5, 1]},
								"south": {"uv": [31, 26], "uv_size": [0.5, 1]},
								"up": {"uv": [5, 37], "uv_size": [0.5, 0.5]},
								"down": {"uv": [37, 5.5], "uv_size": [0.5, -0.5]}
							}
						},
						{
							"origin": [-0.3, -1.5, -24.25],
							"size": [0.6, 0.9, 0.5],
							"inflate": -0.0001,
							"pivot": [0, 0, -5.25],
							"rotation": [0, 0, -112.5],
							"uv": {
								"north": {"uv": [27, 31], "uv_size": [0.5, 1]},
								"south": {"uv": [31, 27], "uv_size": [0.5, 1]},
								"up": {"uv": [6, 37], "uv_size": [0.5, 0.5]},
								"down": {"uv": [37, 6.5], "uv_size": [0.5, -0.5]}
							}
						},
						{
							"origin": [-0.3, -1.5, -25.5],
							"size": [0.6, 0.9, 0.5],
							"inflate": -0.0001,
							"pivot": [0, 0, -6.5],
							"rotation": [0, 0, -67.5],
							"uv": {
								"north": {"uv": [28, 31], "uv_size": [0.5, 1]},
								"south": {"uv": [31, 28], "uv_size": [0.5, 1]},
								"up": {"uv": [7, 37], "uv_size": [0.5, 0.5]},
								"down": {"uv": [37, 7.5], "uv_size": [0.5, -0.5]}
							}
						},
						{
							"origin": [-0.3, -1.5, -25.5],
							"size": [0.6, 0.9, 0.5],
							"pivot": [0, 0, -6.5],
							"rotation": [0, 0, -90],
							"uv": {
								"north": {"uv": [29, 31], "uv_size": [0.5, 1]},
								"south": {"uv": [31, 29], "uv_size": [0.5, 1]},
								"up": {"uv": [8, 37], "uv_size": [0.5, 0.5]},
								"down": {"uv": [37, 8.5], "uv_size": [0.5, -0.5]}
							}
						},
						{
							"origin": [-0.3, -1.5, -25.5],
							"size": [0.6, 0.9, 0.5],
							"inflate": -0.0001,
							"pivot": [0, 0, -6.5],
							"rotation": [0, 0, -112.5],
							"uv": {
								"north": {"uv": [30, 31], "uv_size": [0.5, 1]},
								"south": {"uv": [31, 30], "uv_size": [0.5, 1]},
								"up": {"uv": [9, 37], "uv_size": [0.5, 0.5]},
								"down": {"uv": [37, 9.5], "uv_size": [0.5, -0.5]}
							}
						},
						{
							"origin": [-0.3, -1.5, -25.5],
							"size": [0.6, 0.9, 0.5],
							"inflate": -0.0001,
							"pivot": [0, 0, -6.5],
							"rotation": [0, 0, 112.5],
							"uv": {
								"north": {"uv": [31, 31], "uv_size": [0.5, 1]},
								"south": {"uv": [0, 32], "uv_size": [0.5, 1]},
								"up": {"uv": [10, 37], "uv_size": [0.5, 0.5]},
								"down": {"uv": [37, 10.5], "uv_size": [0.5, -0.5]}
							}
						},
						{
							"origin": [-0.3, -1.5, -25.5],
							"size": [0.6, 0.9, 0.5],
							"pivot": [0, 0, -6.5],
							"rotation": [0, 0, 90],
							"uv": {
								"north": {"uv": [32, 0], "uv_size": [0.5, 1]},
								"south": {"uv": [1, 32], "uv_size": [0.5, 1]},
								"up": {"uv": [11, 37], "uv_size": [0.5, 0.5]},
								"down": {"uv": [37, 11.5], "uv_size": [0.5, -0.5]}
							}
						},
						{
							"origin": [-0.3, -1.5, -25.5],
							"size": [0.6, 0.9, 0.5],
							"inflate": -0.0001,
							"pivot": [0, 0, -6.5],
							"rotation": [0, 0, 67.5],
							"uv": {
								"north": {"uv": [32, 1], "uv_size": [0.5, 1]},
								"south": {"uv": [2, 32], "uv_size": [0.5, 1]},
								"up": {"uv": [12, 37], "uv_size": [0.5, 0.5]},
								"down": {"uv": [37, 12.5], "uv_size": [0.5, -0.5]}
							}
						},
						{
							"origin": [-0.3, -1.5, -24.25],
							"size": [0.6, 0.9, 0.5],
							"inflate": -0.0001,
							"pivot": [0, 0, -5.25],
							"rotation": [0, 0, 112.5],
							"uv": {
								"north": {"uv": [32, 2], "uv_size": [0.5, 1]},
								"south": {"uv": [3, 32], "uv_size": [0.5, 1]},
								"up": {"uv": [13, 37], "uv_size": [0.5, 0.5]},
								"down": {"uv": [37, 13.5], "uv_size": [0.5, -0.5]}
							}
						},
						{
							"origin": [-0.3, -1.5, -24.25],
							"size": [0.6, 0.9, 0.5],
							"pivot": [0, 0, -5.25],
							"rotation": [0, 0, 90],
							"uv": {
								"north": {"uv": [32, 3], "uv_size": [0.5, 1]},
								"south": {"uv": [4, 32], "uv_size": [0.5, 1]},
								"up": {"uv": [14, 37], "uv_size": [0.5, 0.5]},
								"down": {"uv": [37, 14.5], "uv_size": [0.5, -0.5]}
							}
						},
						{
							"origin": [-0.3, -1.5, -24.25],
							"size": [0.6, 0.9, 0.5],
							"inflate": -0.0001,
							"pivot": [0, 0, -5.25],
							"rotation": [0, 0, 67.5],
							"uv": {
								"north": {"uv": [32, 4], "uv_size": [0.5, 1]},
								"south": {"uv": [5, 32], "uv_size": [0.5, 1]},
								"up": {"uv": [15, 37], "uv_size": [0.5, 0.5]},
								"down": {"uv": [37, 15.5], "uv_size": [0.5, -0.5]}
							}
						},
						{
							"origin": [-0.3, -1.5, -23],
							"size": [0.6, 0.9, 0.5],
							"inflate": -0.0001,
							"pivot": [0, 0, -4],
							"rotation": [0, 0, 112.5],
							"uv": {
								"north": {"uv": [32, 5], "uv_size": [0.5, 1]},
								"south": {"uv": [6, 32], "uv_size": [0.5, 1]},
								"up": {"uv": [16, 37], "uv_size": [0.5, 0.5]},
								"down": {"uv": [37, 16.5], "uv_size": [0.5, -0.5]}
							}
						},
						{
							"origin": [-0.3, -1.5, -23],
							"size": [0.6, 0.9, 0.5],
							"pivot": [0, 0, -4],
							"rotation": [0, 0, 90],
							"uv": {
								"north": {"uv": [32, 6], "uv_size": [0.5, 1]},
								"south": {"uv": [7, 32], "uv_size": [0.5, 1]},
								"up": {"uv": [17, 37], "uv_size": [0.5, 0.5]},
								"down": {"uv": [37, 17.5], "uv_size": [0.5, -0.5]}
							}
						},
						{
							"origin": [-0.3, -1.5, -23],
							"size": [0.6, 0.9, 0.5],
							"inflate": -0.0001,
							"pivot": [0, 0, -4],
							"rotation": [0, 0, 67.5],
							"uv": {
								"north": {"uv": [32, 7], "uv_size": [0.5, 1]},
								"south": {"uv": [8, 32], "uv_size": [0.5, 1]},
								"up": {"uv": [18, 37], "uv_size": [0.5, 0.5]},
								"down": {"uv": [37, 18.5], "uv_size": [0.5, -0.5]}
							}
						},
						{
							"origin": [-0.3, -1.5, -21.75],
							"size": [0.6, 0.9, 0.75],
							"inflate": -0.0001,
							"pivot": [0, 0, -2.5],
							"rotation": [0, 0, 67.5],
							"uv": {
								"north": {"uv": [32, 8], "uv_size": [0.5, 1]},
								"south": {"uv": [9, 32], "uv_size": [0.5, 1]},
								"up": {"uv": [32, 9], "uv_size": [0.5, 1]},
								"down": {"uv": [10, 33], "uv_size": [0.5, -1]}
							}
						},
						{
							"origin": [-0.3, -1.5, -21.75],
							"size": [0.6, 0.9, 0.75],
							"pivot": [0, 0, -2.5],
							"rotation": [0, 0, 90],
							"uv": {
								"north": {"uv": [32, 10], "uv_size": [0.5, 1]},
								"south": {"uv": [11, 32], "uv_size": [0.5, 1]},
								"up": {"uv": [32, 11], "uv_size": [0.5, 1]},
								"down": {"uv": [12, 33], "uv_size": [0.5, -1]}
							}
						},
						{
							"origin": [-0.3, -1.5, -21.75],
							"size": [0.6, 0.9, 0.75],
							"inflate": -0.0001,
							"pivot": [0, 0, -2.5],
							"rotation": [0, 0, 112.5],
							"uv": {
								"north": {"uv": [32, 12], "uv_size": [0.5, 1]},
								"south": {"uv": [13, 32], "uv_size": [0.5, 1]},
								"up": {"uv": [32, 13], "uv_size": [0.5, 1]},
								"down": {"uv": [14, 33], "uv_size": [0.5, -1]}
							}
						},
						{
							"origin": [-0.3, -1.5, -25.5],
							"size": [0.6, 0.575, 4.5],
							"pivot": [0, 0, -2.5],
							"rotation": [0, 0, 45],
							"uv": {
								"north": {"uv": [19, 37], "uv_size": [0.5, 0.5]},
								"east": {"uv": [13, 22], "uv_size": [4.5, 0.5]},
								"up": {"uv": [22, 16], "uv_size": [0.5, 4.5]},
								"down": {"uv": [18, 26.5], "uv_size": [0.5, -4.5]}
							}
						},
						{
							"origin": [-0.3, -1.5, -25.5],
							"size": [0.6, 0.575, 4.5],
							"pivot": [0, 0, -2.5],
							"rotation": [0, 0, 135],
							"uv": {
								"north": {"uv": [37, 19], "uv_size": [0.5, 0.5]},
								"west": {"uv": [22, 21], "uv_size": [4.5, 0.5]},
								"up": {"uv": [19, 22], "uv_size": [0.5, 4.5]},
								"down": {"uv": [22, 26.5], "uv_size": [0.5, -4.5]}
							}
						}
					]
				},
				{
					"name": "chassismuzzledevice",
					"pivot": [0, 0, -1.5],
					"cubes": [
						{
							"origin": [-0.2485, -0.6, -0.5],
							"size": [0.497, 1.2, 0.5],
							"uv": {
								"south": {"uv": [32, 14], "uv_size": [0.5, 1]},
								"up": {"uv": [37, 20], "uv_size": [0.5, 0.5]},
								"down": {"uv": [37, 21.5], "uv_size": [0.5, -0.5]}
							}
						},
						{
							"origin": [-0.2485, -0.6, -0.5],
							"size": [0.497, 1.2, 0.5],
							"pivot": [0, 0, -0.25],
							"rotation": [0, 0, 45],
							"uv": {
								"south": {"uv": [15, 32], "uv_size": [0.5, 1]},
								"up": {"uv": [22, 37], "uv_size": [0.5, 0.5]},
								"down": {"uv": [37, 22.5], "uv_size": [0.5, -0.5]}
							}
						},
						{
							"origin": [-0.2485, -0.6, -0.5],
							"size": [0.497, 1.2, 0.5],
							"pivot": [0, 0, -0.25],
							"rotation": [0, 0, 90],
							"uv": {
								"south": {"uv": [32, 15], "uv_size": [0.5, 1]},
								"up": {"uv": [23, 37], "uv_size": [0.5, 0.5]},
								"down": {"uv": [37, 23.5], "uv_size": [0.5, -0.5]}
							}
						},
						{
							"origin": [-0.2485, -0.6, -0.5],
							"size": [0.497, 1.2, 0.5],
							"pivot": [0, 0, -0.25],
							"rotation": [0, 0, 135],
							"uv": {
								"south": {"uv": [16, 32], "uv_size": [0.5, 1]},
								"up": {"uv": [24, 37], "uv_size": [0.5, 0.5]},
								"down": {"uv": [37, 24.5], "uv_size": [0.5, -0.5]}
							}
						},
						{
							"origin": [-0.3107, -0.75, -1],
							"size": [0.6214, 1.5, 0.5],
							"uv": {
								"south": {"uv": [29, 16], "uv_size": [0.5, 1.5]},
								"up": {"uv": [25, 37], "uv_size": [0.5, 0.5]},
								"down": {"uv": [37, 25.5], "uv_size": [0.5, -0.5]}
							}
						},
						{
							"origin": [-0.3107, -0.75, -1],
							"size": [0.6214, 1.5, 0.5],
							"pivot": [0, 0, -0.75],
							"rotation": [0, 0, 45],
							"uv": {
								"south": {"uv": [29, 18], "uv_size": [0.5, 1.5]},
								"up": {"uv": [26, 37], "uv_size": [0.5, 0.5]},
								"down": {"uv": [37, 26.5], "uv_size": [0.5, -0.5]}
							}
						},
						{
							"origin": [-0.3107, -0.75, -1],
							"size": [0.6214, 1.5, 0.5],
							"pivot": [0, 0, -0.75],
							"rotation": [0, 0, 90],
							"uv": {
								"south": {"uv": [19, 29], "uv_size": [0.5, 1.5]},
								"up": {"uv": [27, 37], "uv_size": [0.5, 0.5]},
								"down": {"uv": [37, 27.5], "uv_size": [0.5, -0.5]}
							}
						},
						{
							"origin": [-0.3107, -0.75, -1],
							"size": [0.6214, 1.5, 0.5],
							"pivot": [0, 0, -0.75],
							"rotation": [0, 0, 135],
							"uv": {
								"south": {"uv": [22, 29], "uv_size": [0.5, 1.5]},
								"up": {"uv": [28, 37], "uv_size": [0.5, 0.5]},
								"down": {"uv": [37, 28.5], "uv_size": [0.5, -0.5]}
							}
						}
					]
				}
			]
		}
	]
}