{
	"format_version": "1.12.0",
	"minecraft:geometry": [
		{
			"description": {
				"identifier": "geometry.muzzle_osprey45",
				"texture_width": 32,
				"texture_height": 32,
				"visible_bounds_width": 3,
				"visible_bounds_height": 2.5,
				"visible_bounds_offset": [0, 0.75, 0]
			},
			"bones": [
				{
					"name": "SilencerCo_Osprey45Gen2",
					"pivot": [0, 0, -0.95],
					"cubes": [
						{
							"origin": [-0.125, -0.9, -0.5],
							"size": [0.25, 0.175, 0.3],
							"pivot": [0, 0, -0.175],
							"rotation": [0, 0, 32.5],
							"uv": {
								"east": {"uv": [15, 8], "uv_size": [0.5, 0.5]},
								"south": {"uv": [9, 15], "uv_size": [0.5, 0.5]},
								"west": {"uv": [15, 9], "uv_size": [0.5, 0.5]},
								"down": {"uv": [10, 15.5], "uv_size": [0.5, -0.5]}
							}
						},
						{
							"origin": [-0.7, -1.1, -2.225],
							"size": [1.4, 1.35, 1.5],
							"uv": {
								"east": {"uv": [2, 8], "uv_size": [1.5, 1.5]},
								"west": {"uv": [4, 8], "uv_size": [1.5, 1.5]}
							}
						},
						{
							"origin": [-0.8, -1.1, -0.7],
							"size": [1.6, 0.45, 0.2],
							"uv": {
								"east": {"uv": [15, 10], "uv_size": [0.5, 0.5]},
								"south": {"uv": [2, 12], "uv_size": [1.5, 0.5]},
								"west": {"uv": [11, 15], "uv_size": [0.5, 0.5]}
							}
						},
						{
							"origin": [0.65, -1.05, -0.5],
							"size": [0.15, 0.4, 0.3],
							"pivot": [0.8, -0.65, -0.2],
							"rotation": [0, 0, 67.5],
							"uv": {
								"south": {"uv": [15, 11], "uv_size": [0.5, 0.5]},
								"west": {"uv": [12, 15], "uv_size": [0.5, 0.5]}
							}
						},
						{
							"origin": [-0.325, -1.1, -0.5],
							"size": [0.775, 0.45, 0.3],
							"uv": {
								"east": {"uv": [15, 12], "uv_size": [0.5, 0.5]},
								"south": {"uv": [13, 8], "uv_size": [1, 0.5]},
								"west": {"uv": [13, 15], "uv_size": [0.5, 0.5]},
								"down": {"uv": [11, 13.5], "uv_size": [1, -0.5]}
							}
						},
						{
							"origin": [-0.8, -0.65, -0.875],
							"size": [1.6, 0.4, 0.675],
							"uv": {
								"east": {"uv": [15, 13], "uv_size": [0.5, 0.5]},
								"south": {"uv": [4, 12], "uv_size": [1.5, 0.5]},
								"west": {"uv": [14, 15], "uv_size": [0.5, 0.5]},
								"down": {"uv": [8, 12.5], "uv_size": [1.5, -0.5]}
							}
						},
						{
							"origin": [-0.8, -1.1, -2.25],
							"size": [1.6, 0.5, 0.35],
							"uv": {
								"east": {"uv": [15, 14], "uv_size": [0.5, 0.5]},
								"west": {"uv": [15, 15], "uv_size": [0.5, 0.5]}
							}
						},
						{
							"origin": [-0.8, -0.6, -2.25],
							"size": [1.6, 0.35, 0.175],
							"uv": {
								"east": {"uv": [2, 16], "uv_size": [0.5, 0.5]},
								"west": {"uv": [3, 16], "uv_size": [0.5, 0.5]}
							}
						},
						{
							"origin": [-0.8, -0.25, -1.025],
							"size": [1.6, 0.5, 0.825],
							"uv": {
								"east": {"uv": [13, 11], "uv_size": [1, 0.5]},
								"south": {"uv": [12, 9], "uv_size": [1.5, 0.5]},
								"west": {"uv": [12, 13], "uv_size": [1, 0.5]}
							}
						},
						{
							"origin": [-0.8, 0.175, -2.25],
							"size": [1.6, 0.075, 1.55],
							"uv": {
								"east": {"uv": [10, 12], "uv_size": [1.5, 0.5]},
								"west": {"uv": [12, 10], "uv_size": [1.5, 0.5]},
								"down": {"uv": [6, 10.5], "uv_size": [1.5, -1.5]}
							}
						},
						{
							"origin": [-0.8, -1.1, -1.925],
							"size": [1.6, 0.075, 1.225],
							"uv": {
								"east": {"uv": [13, 12], "uv_size": [1, 0.5]},
								"west": {"uv": [13, 13], "uv_size": [1, 0.5]},
								"up": {"uv": [11, 8], "uv_size": [1.5, 1]}
							}
						},
						{
							"origin": [-0.8, -0.95295, -0.93928],
							"size": [1.6, 1.38118, 0.19326],
							"pivot": [0, -0.425, -0.45],
							"rotation": [22.5, 0, 0],
							"uv": {
								"north": {"uv": [9, 8], "uv_size": [1.5, 1.5]},
								"east": {"uv": [12, 11], "uv_size": [0.5, 1.5]},
								"west": {"uv": [2, 13], "uv_size": [0.5, 1.5]}
							}
						},
						{
							"origin": [-0.8, -0.95295, -1.33928],
							"size": [1.6, 1.38118, 0.19326],
							"pivot": [0, -0.425, -0.85],
							"rotation": [22.5, 0, 0],
							"uv": {
								"north": {"uv": [2, 10], "uv_size": [1.5, 1.5]},
								"east": {"uv": [3, 13], "uv_size": [0.5, 1.5]},
								"south": {"uv": [4, 10], "uv_size": [1.5, 1.5]},
								"west": {"uv": [4, 13], "uv_size": [0.5, 1.5]}
							}
						},
						{
							"origin": [-0.8, -0.95295, -1.73928],
							"size": [1.6, 1.38118, 0.19326],
							"pivot": [0, -0.425, -1.25],
							"rotation": [22.5, 0, 0],
							"uv": {
								"north": {"uv": [8, 10], "uv_size": [1.5, 1.5]},
								"east": {"uv": [5, 13], "uv_size": [0.5, 1.5]},
								"south": {"uv": [10, 10], "uv_size": [1.5, 1.5]},
								"west": {"uv": [6, 13], "uv_size": [0.5, 1.5]}
							}
						},
						{
							"origin": [-0.8, -0.95295, -2.13928],
							"size": [1.6, 1.38118, 0.19326],
							"pivot": [0, -0.425, -1.65],
							"rotation": [22.5, 0, 0],
							"uv": {
								"east": {"uv": [7, 13], "uv_size": [0.5, 1.5]},
								"south": {"uv": [6, 11], "uv_size": [1.5, 1.5]},
								"west": {"uv": [8, 13], "uv_size": [0.5, 1.5]}
							}
						},
						{
							"origin": [0.275, -1.1, -9.45],
							"size": [0.525, 1.35, 7.2],
							"uv": {
								"north": {"uv": [9, 13], "uv_size": [0.5, 1.5]},
								"east": {"uv": [0, 0], "uv_size": [7, 1.5]},
								"west": {"uv": [0, 2], "uv_size": [7, 1.5]}
							}
						},
						{
							"origin": [-0.8, -1.1, -9.45],
							"size": [0.525, 1.35, 7.2],
							"uv": {
								"north": {"uv": [10, 13], "uv_size": [0.5, 1.5]},
								"east": {"uv": [0, 4], "uv_size": [7, 1.5]},
								"west": {"uv": [0, 6], "uv_size": [7, 1.5]}
							}
						},
						{
							"origin": [-0.525, -1.375, -9.45],
							"size": [1.05, 1.1, 8.95],
							"uv": {
								"north": {"uv": [6, 8], "uv_size": [1, 1]},
								"south": {"uv": [11, 9], "uv_size": [1, 1]},
								"up": {"uv": [7, 0], "uv_size": [1, 9]},
								"down": {"uv": [0, 17], "uv_size": [1, -9]}
							}
						},
						{
							"origin": [-0.55702, -0.72552, -9.45],
							"size": [0.19445, 0.38891, 8.95],
							"pivot": [0.24298, -1.01161, -4.45],
							"rotation": [0, 0, -45],
							"uv": {
								"north": {"uv": [4, 16], "uv_size": [0.5, 0.5]},
								"east": {"uv": [9, 6], "uv_size": [9, 0.5]},
								"south": {"uv": [5, 16], "uv_size": [0.5, 0.5]}
							}
						},
						{
							"origin": [0.36256, -0.72552, -9.45],
							"size": [0.19445, 0.38891, 8.95],
							"pivot": [-0.24298, -1.01161, -4.45],
							"rotation": [0, 0, 45],
							"uv": {
								"north": {"uv": [6, 16], "uv_size": [0.5, 0.5]},
								"south": {"uv": [7, 16], "uv_size": [0.5, 0.5]},
								"west": {"uv": [9, 7], "uv_size": [9, 0.5]}
							}
						},
						{
							"origin": [-0.3, 0.275, -9.45],
							"size": [0.6, 0.475, 9.25],
							"uv": {
								"north": {"uv": [8, 16], "uv_size": [0.5, 0.5]},
								"south": {"uv": [16, 8], "uv_size": [0.5, 0.5]},
								"up": {"uv": [8, 0], "uv_size": [0.5, 9.5]},
								"down": {"uv": [1, 17.5], "uv_size": [0.5, -9.5]}
							}
						},
						{
							"origin": [0.08202, -0.51339, -9.45],
							"size": [0.475, 0.70711, 9.25],
							"pivot": [-0.24298, 0.16161, -4.45],
							"rotation": [0, 0, -45],
							"uv": {
								"north": {"uv": [9, 16], "uv_size": [0.5, 0.5]},
								"east": {"uv": [9, 0], "uv_size": [9.5, 0.5]},
								"south": {"uv": [16, 9], "uv_size": [0.5, 0.5]},
								"west": {"uv": [9, 1], "uv_size": [9.5, 0.5]}
							}
						},
						{
							"origin": [-0.55702, -0.51339, -9.45],
							"size": [0.475, 0.70711, 9.25],
							"pivot": [0.24298, 0.16161, -4.45],
							"rotation": [0, 0, 45],
							"uv": {
								"north": {"uv": [10, 16], "uv_size": [0.5, 0.5]},
								"east": {"uv": [9, 2], "uv_size": [9.5, 0.5]},
								"south": {"uv": [16, 10], "uv_size": [0.5, 0.5]},
								"west": {"uv": [9, 3], "uv_size": [9.5, 0.5]}
							}
						},
						{
							"origin": [0.08704, 0.00591, -9.45],
							"size": [0.125, 0.2375, 9.25],
							"pivot": [-0.24298, -0.16161, -4.45],
							"rotation": [0, 0, 45],
							"uv": {
								"north": {"uv": [11, 16], "uv_size": [0.5, 0.5]},
								"east": {"uv": [9, 4], "uv_size": [9.5, 0.5]}
							}
						},
						{
							"origin": [-0.21204, 0.00591, -9.45],
							"size": [0.125, 0.2375, 9.25],
							"pivot": [0.24298, -0.16161, -4.45],
							"rotation": [0, 0, -45],
							"uv": {
								"north": {"uv": [16, 11], "uv_size": [0.5, 0.5]},
								"west": {"uv": [9, 5], "uv_size": [9.5, 0.5]}
							}
						},
						{
							"origin": [-0.525, -1.375, -9.65],
							"size": [1.05, 0.1, 0.2],
							"uv": {
								"north": {"uv": [14, 8], "uv_size": [1, 0.5]},
								"up": {"uv": [14, 9], "uv_size": [1, 0.5]},
								"down": {"uv": [14, 10.5], "uv_size": [1, -0.5]}
							}
						},
						{
							"origin": [-0.55702, -0.72552, -9.65],
							"size": [0.1, 0.38891, 0.2],
							"pivot": [0.24298, -1.01161, -5.2],
							"rotation": [0, 0, -45],
							"uv": {
								"north": {"uv": [12, 16], "uv_size": [0.5, 0.5]},
								"east": {"uv": [16, 12], "uv_size": [0.5, 0.5]},
								"west": {"uv": [13, 16], "uv_size": [0.5, 0.5]}
							}
						},
						{
							"origin": [0.45702, -0.72552, -9.65],
							"size": [0.1, 0.38891, 0.2],
							"pivot": [-0.24298, -1.01161, -5.2],
							"rotation": [0, 0, 45],
							"uv": {
								"north": {"uv": [16, 13], "uv_size": [0.5, 0.5]},
								"east": {"uv": [14, 16], "uv_size": [0.5, 0.5]},
								"west": {"uv": [16, 14], "uv_size": [0.5, 0.5]}
							}
						},
						{
							"origin": [-0.3, 0.65, -9.65],
							"size": [0.6, 0.1, 0.2],
							"uv": {
								"north": {"uv": [15, 16], "uv_size": [0.5, 0.5]},
								"up": {"uv": [16, 15], "uv_size": [0.5, 0.5]},
								"down": {"uv": [16, 16.5], "uv_size": [0.5, -0.5]}
							}
						},
						{
							"origin": [0.45702, -0.51339, -9.65],
							"size": [0.1, 0.70711, 0.2],
							"pivot": [-0.24298, 0.16161, -5.2],
							"rotation": [0, 0, -45],
							"uv": {
								"north": {"uv": [0, 17], "uv_size": [0.5, 0.5]},
								"east": {"uv": [2, 17], "uv_size": [0.5, 0.5]},
								"west": {"uv": [3, 17], "uv_size": [0.5, 0.5]}
							}
						},
						{
							"origin": [-0.55702, -0.51339, -9.65],
							"size": [0.1, 0.70711, 0.2],
							"pivot": [0.24298, 0.16161, -5.2],
							"rotation": [0, 0, 45],
							"uv": {
								"north": {"uv": [4, 17], "uv_size": [0.5, 0.5]},
								"east": {"uv": [5, 17], "uv_size": [0.5, 0.5]},
								"west": {"uv": [6, 17], "uv_size": [0.5, 0.5]}
							}
						},
						{
							"origin": [0.7, -1.1, -9.65],
							"size": [0.1, 0.25, 0.2],
							"uv": {
								"north": {"uv": [7, 17], "uv_size": [0.5, 0.5]},
								"east": {"uv": [8, 17], "uv_size": [0.5, 0.5]},
								"west": {"uv": [17, 8], "uv_size": [0.5, 0.5]}
							}
						},
						{
							"origin": [0.7, -0.89175, -9.5942],
							"size": [0.1, 0.2, 0.1],
							"pivot": [0.75, -0.76675, -9.5442],
							"rotation": [-30, 0, 0],
							"uv": {
								"north": {"uv": [9, 17], "uv_size": [0.5, 0.5]},
								"east": {"uv": [17, 9], "uv_size": [0.5, 0.5]},
								"west": {"uv": [10, 17], "uv_size": [0.5, 0.5]}
							}
						},
						{
							"origin": [0.7, -0.70825, -9.5942],
							"size": [0.1, 0.2, 0.1],
							"pivot": [0.75, -0.63325, -9.5442],
							"rotation": [30, 0, 0],
							"uv": {
								"north": {"uv": [17, 10], "uv_size": [0.5, 0.5]},
								"east": {"uv": [11, 17], "uv_size": [0.5, 0.5]},
								"west": {"uv": [17, 11], "uv_size": [0.5, 0.5]}
							}
						},
						{
							"origin": [0.7, -0.55, -9.65],
							"size": [0.1, 0.25, 0.1],
							"uv": {
								"north": {"uv": [12, 17], "uv_size": [0.5, 0.5]},
								"east": {"uv": [17, 12], "uv_size": [0.5, 0.5]},
								"west": {"uv": [13, 17], "uv_size": [0.5, 0.5]}
							}
						},
						{
							"origin": [0.7, -0.85, -9.55],
							"size": [0.1, 0.85, 0.1],
							"uv": {
								"north": {"uv": [11, 14], "uv_size": [0.5, 1]},
								"east": {"uv": [14, 11], "uv_size": [0.5, 1]},
								"west": {"uv": [12, 14], "uv_size": [0.5, 1]}
							}
						},
						{
							"origin": [0.7, -0.34175, -9.5942],
							"size": [0.1, 0.2, 0.1],
							"pivot": [0.75, -0.21675, -9.5442],
							"rotation": [-30, 0, 0],
							"uv": {
								"north": {"uv": [17, 13], "uv_size": [0.5, 0.5]},
								"east": {"uv": [14, 17], "uv_size": [0.5, 0.5]},
								"west": {"uv": [17, 14], "uv_size": [0.5, 0.5]}
							}
						},
						{
							"origin": [0.7, -0.15825, -9.5942],
							"size": [0.1, 0.2, 0.1],
							"pivot": [0.75, -0.08325, -9.5442],
							"rotation": [30, 0, 0],
							"uv": {
								"north": {"uv": [15, 17], "uv_size": [0.5, 0.5]},
								"east": {"uv": [17, 15], "uv_size": [0.5, 0.5]},
								"west": {"uv": [16, 17], "uv_size": [0.5, 0.5]}
							}
						},
						{
							"origin": [0.7, 0, -9.65],
							"size": [0.1, 0.25, 0.2],
							"uv": {
								"north": {"uv": [17, 16], "uv_size": [0.5, 0.5]},
								"east": {"uv": [17, 17], "uv_size": [0.5, 0.5]},
								"west": {"uv": [0, 18], "uv_size": [0.5, 0.5]}
							}
						},
						{
							"origin": [-0.8, -0.89175, -9.5942],
							"size": [0.1, 0.2, 0.1],
							"pivot": [-0.75, -0.76675, -9.5442],
							"rotation": [-30, 0, 0],
							"uv": {
								"north": {"uv": [1, 18], "uv_size": [0.5, 0.5]},
								"east": {"uv": [2, 18], "uv_size": [0.5, 0.5]},
								"west": {"uv": [3, 18], "uv_size": [0.5, 0.5]}
							}
						},
						{
							"origin": [-0.8, -0.70825, -9.5942],
							"size": [0.1, 0.2, 0.1],
							"pivot": [-0.75, -0.63325, -9.5442],
							"rotation": [30, 0, 0],
							"uv": {
								"north": {"uv": [4, 18], "uv_size": [0.5, 0.5]},
								"east": {"uv": [5, 18], "uv_size": [0.5, 0.5]},
								"west": {"uv": [6, 18], "uv_size": [0.5, 0.5]}
							}
						},
						{
							"origin": [-0.8, -0.34175, -9.5942],
							"size": [0.1, 0.2, 0.1],
							"pivot": [-0.75, -0.21675, -9.5442],
							"rotation": [-30, 0, 0],
							"uv": {
								"north": {"uv": [18, 6], "uv_size": [0.5, 0.5]},
								"east": {"uv": [7, 18], "uv_size": [0.5, 0.5]},
								"west": {"uv": [18, 7], "uv_size": [0.5, 0.5]}
							}
						},
						{
							"origin": [-0.8, -0.15825, -9.5942],
							"size": [0.1, 0.2, 0.1],
							"pivot": [-0.75, -0.08325, -9.5442],
							"rotation": [30, 0, 0],
							"uv": {
								"north": {"uv": [8, 18], "uv_size": [0.5, 0.5]},
								"east": {"uv": [18, 8], "uv_size": [0.5, 0.5]},
								"west": {"uv": [9, 18], "uv_size": [0.5, 0.5]}
							}
						},
						{
							"origin": [-0.8, -0.55, -9.65],
							"size": [0.1, 0.25, 0.1],
							"uv": {
								"north": {"uv": [18, 9], "uv_size": [0.5, 0.5]},
								"east": {"uv": [10, 18], "uv_size": [0.5, 0.5]},
								"west": {"uv": [18, 10], "uv_size": [0.5, 0.5]}
							}
						},
						{
							"origin": [-0.8, -1.1, -9.65],
							"size": [0.1, 0.25, 0.2],
							"uv": {
								"north": {"uv": [11, 18], "uv_size": [0.5, 0.5]},
								"east": {"uv": [18, 11], "uv_size": [0.5, 0.5]},
								"west": {"uv": [12, 18], "uv_size": [0.5, 0.5]}
							}
						},
						{
							"origin": [-0.8, -0.85, -9.55],
							"size": [0.1, 0.85, 0.1],
							"uv": {
								"north": {"uv": [14, 12], "uv_size": [0.5, 1]},
								"east": {"uv": [13, 14], "uv_size": [0.5, 1]},
								"west": {"uv": [14, 13], "uv_size": [0.5, 1]}
							}
						},
						{
							"origin": [-0.8, 0, -9.65],
							"size": [0.1, 0.25, 0.2],
							"uv": {
								"north": {"uv": [18, 12], "uv_size": [0.5, 0.5]},
								"east": {"uv": [13, 18], "uv_size": [0.5, 0.5]},
								"west": {"uv": [18, 13], "uv_size": [0.5, 0.5]}
							}
						}
					]
				},
				{
					"name": "adapt",
					"parent": "SilencerCo_Osprey45Gen2",
					"pivot": [0, 0, -0.1],
					"cubes": [
						{
							"origin": [-0.1657, -0.4, -0.2],
							"size": [0.3314, 0.8, 0.2],
							"pivot": [0, 0, -0.1],
							"rotation": [0, 0, 45],
							"uv": {
								"south": {"uv": [14, 14], "uv_size": [0.5, 1]},
								"up": {"uv": [14, 18], "uv_size": [0.5, 0.5]},
								"down": {"uv": [18, 14.5], "uv_size": [0.5, -0.5]}
							}
						},
						{
							"origin": [-0.1657, -0.4, -0.2],
							"size": [0.3314, 0.8, 0.2],
							"uv": {
								"south": {"uv": [2, 15], "uv_size": [0.5, 1]},
								"up": {"uv": [15, 18], "uv_size": [0.5, 0.5]},
								"down": {"uv": [18, 15.5], "uv_size": [0.5, -0.5]}
							}
						},
						{
							"origin": [-0.1657, -0.4, -0.2],
							"size": [0.3314, 0.8, 0.2],
							"pivot": [0, 0, -0.1],
							"rotation": [0, 0, 135],
							"uv": {
								"south": {"uv": [3, 15], "uv_size": [0.5, 1]},
								"up": {"uv": [16, 18], "uv_size": [0.5, 0.5]},
								"down": {"uv": [18, 16.5], "uv_size": [0.5, -0.5]}
							}
						},
						{
							"origin": [-0.1657, -0.4, -0.2],
							"size": [0.3314, 0.8, 0.2],
							"pivot": [0, 0, -0.1],
							"rotation": [0, 0, 90],
							"uv": {
								"south": {"uv": [4, 15], "uv_size": [0.5, 1]},
								"up": {"uv": [17, 18], "uv_size": [0.5, 0.5]},
								"down": {"uv": [18, 17.5], "uv_size": [0.5, -0.5]}
							}
						}
					]
				},
				{
					"name": "QD",
					"parent": "SilencerCo_Osprey45Gen2",
					"pivot": [-0.55073, -0.86448, -0.35],
					"cubes": [
						{
							"origin": [-0.70073, -1.01448, -0.5],
							"size": [0.3, 0.3, 0.3],
							"inflate": -0.0001,
							"pivot": [-0.55073, -0.86448, -0.325],
							"rotation": [0, 0, -45],
							"uv": {
								"south": {"uv": [18, 18], "uv_size": [0.5, 0.5]},
								"west": {"uv": [0, 19], "uv_size": [0.5, 0.5]},
								"up": {"uv": [19, 0], "uv_size": [0.5, 0.5]},
								"down": {"uv": [1, 19.5], "uv_size": [0.5, -0.5]}
							}
						},
						{
							"origin": [-0.29007, -0.60338, -0.5],
							"size": [0.225, 0.35, 0.3],
							"inflate": -0.0002,
							"pivot": [0.50993, -1.25338, -4.45],
							"rotation": [0, 0, -45],
							"uv": {
								"north": {"uv": [19, 1], "uv_size": [0.5, 0.5]},
								"east": {"uv": [2, 19], "uv_size": [0.5, 0.5]},
								"south": {"uv": [19, 2], "uv_size": [0.5, 0.5]},
								"west": {"uv": [3, 19], "uv_size": [0.5, 0.5]}
							}
						},
						{
							"origin": [-0.51538, -1.35945, -0.5],
							"size": [1.05, 0.225, 0.3],
							"uv": {
								"north": {"uv": [5, 15], "uv_size": [1, 0.5]},
								"south": {"uv": [6, 15], "uv_size": [1, 0.5]},
								"up": {"uv": [7, 15], "uv_size": [1, 0.5]},
								"down": {"uv": [8, 15.5], "uv_size": [1, -0.5]}
							}
						},
						{
							"origin": [0.34311, -0.70286, -0.5],
							"size": [0.225, 0.375, 0.3],
							"inflate": -0.0001,
							"pivot": [-0.2412, -0.99073, -4.45],
							"rotation": [0, 0, 45],
							"uv": {
								"north": {"uv": [19, 3], "uv_size": [0.5, 0.5]},
								"east": {"uv": [4, 19], "uv_size": [0.5, 0.5]},
								"south": {"uv": [19, 4], "uv_size": [0.5, 0.5]},
								"west": {"uv": [5, 19], "uv_size": [0.5, 0.5]},
								"up": {"uv": [19, 5], "uv_size": [0.5, 0.5]}
							}
						},
						{
							"origin": [-0.76286, -1.11196, -0.5],
							"size": [0.12374, 0.24749, 0.3],
							"uv": {
								"east": {"uv": [6, 19], "uv_size": [0.5, 0.5]},
								"south": {"uv": [19, 6], "uv_size": [0.5, 0.5]}
							}
						}
					]
				}
			]
		}
	]
}