{
	"format_version": "1.12.0",
	"minecraft:geometry": [
		{
			"description": {
				"identifier": "geometry.unknown",
				"texture_width": 16,
				"texture_height": 16,
				"visible_bounds_width": 2,
				"visible_bounds_height": 1.5,
				"visible_bounds_offset": [0, 0.25, 0]
			},
			"bones": [
				{
					"name": "muzzle",
					"pivot": [0, 0, 0],
					"cubes": [
						{
							"origin": [-0.5, -0.20711, -0.25],
							"size": [1, 0.41421, 0.25],
							"uv": {
								"north": {"uv": [0, 0], "uv_size": [1, 0.5]},
								"east": {"uv": [4, 6], "uv_size": [0.5, 0.5]},
								"south": {"uv": [0, 1], "uv_size": [1, 0.5]},
								"west": {"uv": [6, 4], "uv_size": [0.5, 0.5]}
							}
						},
						{
							"origin": [-0.5, -0.20711, -0.25],
							"size": [1, 0.41421, 0.25],
							"pivot": [0, 0, -0.5],
							"rotation": [0, 0, 45],
							"uv": {
								"north": {"uv": [1, 0], "uv_size": [1, 0.5]},
								"east": {"uv": [5, 6], "uv_size": [0.5, 0.5]},
								"south": {"uv": [1, 1], "uv_size": [1, 0.5]},
								"west": {"uv": [6, 5], "uv_size": [0.5, 0.5]}
							}
						},
						{
							"origin": [-0.20711, -0.5, -0.25],
							"size": [0.41421, 1, 0.25],
							"uv": {
								"north": {"uv": [0, 2], "uv_size": [0.5, 1]},
								"south": {"uv": [2, 0], "uv_size": [0.5, 1]},
								"up": {"uv": [6, 6], "uv_size": [0.5, 0.5]},
								"down": {"uv": [0, 7.5], "uv_size": [0.5, -0.5]}
							}
						},
						{
							"origin": [-0.25888, 0.3234, -1.5],
							"size": [0.51777, 0.125, 0.25],
							"uv": {
								"north": {"uv": [7, 0], "uv_size": [0.5, 0.5]},
								"south": {"uv": [1, 7], "uv_size": [0.5, 0.5]},
								"up": {"uv": [7, 1], "uv_size": [0.5, 0.5]},
								"down": {"uv": [2, 7.5], "uv_size": [0.5, -0.5]}
							}
						},
						{
							"origin": [-0.25888, -0.4484, -1.5],
							"size": [0.51777, 0.125, 0.25],
							"pivot": [0, 0, -2],
							"rotation": [0, 0, 60],
							"uv": {
								"north": {"uv": [7, 2], "uv_size": [0.5, 0.5]},
								"south": {"uv": [3, 7], "uv_size": [0.5, 0.5]},
								"up": {"uv": [7, 3], "uv_size": [0.5, 0.5]},
								"down": {"uv": [4, 7.5], "uv_size": [0.5, -0.5]}
							}
						},
						{
							"origin": [-0.25888, -0.4484, -1.5],
							"size": [0.51777, 0.125, 0.25],
							"pivot": [0, 0, -2],
							"rotation": [0, 0, 120],
							"uv": {
								"north": {"uv": [7, 4], "uv_size": [0.5, 0.5]},
								"south": {"uv": [5, 7], "uv_size": [0.5, 0.5]},
								"up": {"uv": [7, 5], "uv_size": [0.5, 0.5]},
								"down": {"uv": [6, 7.5], "uv_size": [0.5, -0.5]}
							}
						},
						{
							"origin": [-0.18306, -0.4474, -2.84467],
							"size": [0.24112, 0.125, 0.24112],
							"pivot": [0, 0, -2.66161],
							"rotation": [0, -45, 120],
							"uv": {
								"north": {"uv": [7, 6], "uv_size": [0.5, 0.5]},
								"east": {"uv": [7, 7], "uv_size": [0.5, 0.5]},
								"up": {"uv": [0, 8], "uv_size": [0.5, 0.5]},
								"down": {"uv": [8, 0.5], "uv_size": [0.5, -0.5]}
							}
						},
						{
							"origin": [-0.12056, -0.4474, -2.87056],
							"size": [0.24112, 0.125, 0.24112],
							"pivot": [0, 0, -2.75],
							"rotation": [0, 45, -120],
							"uv": {
								"north": {"uv": [1, 8], "uv_size": [0.5, 0.5]},
								"west": {"uv": [8, 1], "uv_size": [0.5, 0.5]},
								"up": {"uv": [2, 8], "uv_size": [0.5, 0.5]},
								"down": {"uv": [8, 2.5], "uv_size": [0.5, -0.5]}
							}
						},
						{
							"origin": [-0.12056, 0.3224, -2.87056],
							"size": [0.24112, 0.125, 0.24112],
							"pivot": [0, 0, -2.75],
							"rotation": [0, -45, -120],
							"uv": {
								"north": {"uv": [3, 8], "uv_size": [0.5, 0.5]},
								"east": {"uv": [8, 3], "uv_size": [0.5, 0.5]},
								"up": {"uv": [4, 8], "uv_size": [0.5, 0.5]},
								"down": {"uv": [8, 4.5], "uv_size": [0.5, -0.5]}
							}
						},
						{
							"origin": [-0.05806, 0.3224, -2.84467],
							"size": [0.24112, 0.125, 0.24112],
							"pivot": [0, 0, -2.66161],
							"rotation": [0, 45, 120],
							"uv": {
								"north": {"uv": [5, 8], "uv_size": [0.5, 0.5]},
								"west": {"uv": [8, 5], "uv_size": [0.5, 0.5]},
								"up": {"uv": [6, 8], "uv_size": [0.5, 0.5]},
								"down": {"uv": [8, 6.5], "uv_size": [0.5, -0.5]}
							}
						},
						{
							"origin": [-0.18306, -0.4474, -2.84467],
							"size": [0.24112, 0.125, 0.24112],
							"pivot": [0, 0, -2.66161],
							"rotation": [0, -45, 180],
							"uv": {
								"north": {"uv": [7, 8], "uv_size": [0.5, 0.5]},
								"east": {"uv": [8, 7], "uv_size": [0.5, 0.5]},
								"up": {"uv": [8, 8], "uv_size": [0.5, 0.5]},
								"down": {"uv": [0, 9.5], "uv_size": [0.5, -0.5]}
							}
						},
						{
							"origin": [-0.05806, 0.3224, -2.84467],
							"size": [0.24112, 0.125, 0.24112],
							"pivot": [0, 0, -2.66161],
							"rotation": [0, 45, 180],
							"uv": {
								"north": {"uv": [9, 0], "uv_size": [0.5, 0.5]},
								"west": {"uv": [1, 9], "uv_size": [0.5, 0.5]},
								"up": {"uv": [9, 1], "uv_size": [0.5, 0.5]},
								"down": {"uv": [2, 9.5], "uv_size": [0.5, -0.5]}
							}
						},
						{
							"origin": [-0.25888, 0.3234, -1.5],
							"size": [0.51777, 0.125, 0.25],
							"pivot": [0, 0, -2],
							"rotation": [0, 0, 120],
							"uv": {
								"north": {"uv": [9, 2], "uv_size": [0.5, 0.5]},
								"south": {"uv": [3, 9], "uv_size": [0.5, 0.5]},
								"up": {"uv": [9, 3], "uv_size": [0.5, 0.5]},
								"down": {"uv": [4, 9.5], "uv_size": [0.5, -0.5]}
							}
						},
						{
							"origin": [-0.25888, -0.4484, -1.5],
							"size": [0.51777, 0.125, 0.25],
							"uv": {
								"north": {"uv": [9, 4], "uv_size": [0.5, 0.5]},
								"south": {"uv": [5, 9], "uv_size": [0.5, 0.5]},
								"up": {"uv": [9, 5], "uv_size": [0.5, 0.5]},
								"down": {"uv": [6, 9.5], "uv_size": [0.5, -0.5]}
							}
						},
						{
							"origin": [-0.25888, 0.3234, -1.5],
							"size": [0.51777, 0.125, 0.25],
							"pivot": [0, 0, -2],
							"rotation": [0, 0, 60],
							"uv": {
								"north": {"uv": [9, 6], "uv_size": [0.5, 0.5]},
								"south": {"uv": [7, 9], "uv_size": [0.5, 0.5]},
								"up": {"uv": [9, 7], "uv_size": [0.5, 0.5]},
								"down": {"uv": [8, 9.5], "uv_size": [0.5, -0.5]}
							}
						},
						{
							"origin": [-0.25888, 0.3234, -2.75],
							"size": [0.51777, 0.125, 0.25],
							"uv": {
								"north": {"uv": [9, 8], "uv_size": [0.5, 0.5]},
								"south": {"uv": [9, 9], "uv_size": [0.5, 0.5]},
								"up": {"uv": [0, 10], "uv_size": [0.5, 0.5]},
								"down": {"uv": [10, 0.5], "uv_size": [0.5, -0.5]}
							}
						},
						{
							"origin": [-0.25888, -0.4484, -2.75],
							"size": [0.51777, 0.125, 0.25],
							"pivot": [0, 0, -3.25],
							"rotation": [0, 0, 60],
							"uv": {
								"north": {"uv": [1, 10], "uv_size": [0.5, 0.5]},
								"south": {"uv": [10, 1], "uv_size": [0.5, 0.5]},
								"up": {"uv": [2, 10], "uv_size": [0.5, 0.5]},
								"down": {"uv": [10, 2.5], "uv_size": [0.5, -0.5]}
							}
						},
						{
							"origin": [-0.25888, -0.4484, -2.75],
							"size": [0.51777, 0.125, 0.25],
							"pivot": [0, 0, -3.25],
							"rotation": [0, 0, 120],
							"uv": {
								"north": {"uv": [3, 10], "uv_size": [0.5, 0.5]},
								"south": {"uv": [10, 3], "uv_size": [0.5, 0.5]},
								"up": {"uv": [4, 10], "uv_size": [0.5, 0.5]},
								"down": {"uv": [10, 4.5], "uv_size": [0.5, -0.5]}
							}
						},
						{
							"origin": [-0.25888, 0.3234, -2.75],
							"size": [0.51777, 0.125, 0.25],
							"pivot": [0, 0, -3.25],
							"rotation": [0, 0, 60],
							"uv": {
								"north": {"uv": [5, 10], "uv_size": [0.5, 0.5]},
								"south": {"uv": [10, 5], "uv_size": [0.5, 0.5]},
								"up": {"uv": [6, 10], "uv_size": [0.5, 0.5]},
								"down": {"uv": [10, 6.5], "uv_size": [0.5, -0.5]}
							}
						},
						{
							"origin": [-0.25888, -0.4484, -2.75],
							"size": [0.51777, 0.125, 0.25],
							"uv": {
								"north": {"uv": [7, 10], "uv_size": [0.5, 0.5]},
								"south": {"uv": [10, 7], "uv_size": [0.5, 0.5]},
								"up": {"uv": [8, 10], "uv_size": [0.5, 0.5]},
								"down": {"uv": [10, 8.5], "uv_size": [0.5, -0.5]}
							}
						},
						{
							"origin": [-0.25888, 0.3234, -2.75],
							"size": [0.51777, 0.125, 0.25],
							"pivot": [0, 0, -3.25],
							"rotation": [0, 0, 120],
							"uv": {
								"north": {"uv": [9, 10], "uv_size": [0.5, 0.5]},
								"south": {"uv": [10, 9], "uv_size": [0.5, 0.5]},
								"up": {"uv": [10, 10], "uv_size": [0.5, 0.5]},
								"down": {"uv": [0, 11.5], "uv_size": [0.5, -0.5]}
							}
						},
						{
							"origin": [-0.13388, 0.3234, -2.5],
							"size": [0.26777, 0.125, 1],
							"uv": {
								"east": {"uv": [1, 2], "uv_size": [1, 0.5]},
								"west": {"uv": [2, 1], "uv_size": [1, 0.5]},
								"up": {"uv": [2, 2], "uv_size": [0.5, 1]},
								"down": {"uv": [0, 4], "uv_size": [0.5, -1]}
							}
						},
						{
							"origin": [-0.13388, 0.3224, -1.86612],
							"size": [0.30362, 0.125, 0.30362],
							"pivot": [-0.25888, 1.3859, -1.625],
							"rotation": [0, -45, 0],
							"uv": {
								"north": {"uv": [11, 0], "uv_size": [0.5, 0.5]},
								"east": {"uv": [1, 11], "uv_size": [0.5, 0.5]},
								"up": {"uv": [11, 1], "uv_size": [0.5, 0.5]},
								"down": {"uv": [2, 11.5], "uv_size": [0.5, -0.5]}
							}
						},
						{
							"origin": [-0.13388, 0.3224, -2.4375],
							"size": [0.30362, 0.125, 0.30362],
							"pivot": [-0.25888, 1.3859, -2.375],
							"rotation": [0, 45, 0],
							"uv": {
								"east": {"uv": [11, 2], "uv_size": [0.5, 0.5]},
								"south": {"uv": [3, 11], "uv_size": [0.5, 0.5]},
								"up": {"uv": [11, 3], "uv_size": [0.5, 0.5]},
								"down": {"uv": [4, 11.5], "uv_size": [0.5, -0.5]}
							}
						},
						{
							"origin": [0.00888, -0.4484, -2.5],
							"size": [0.25, 0.125, 1],
							"pivot": [0, 0, -3],
							"rotation": [0, 0, 60],
							"uv": {
								"east": {"uv": [3, 0], "uv_size": [1, 0.5]},
								"up": {"uv": [1, 3], "uv_size": [0.5, 1]},
								"down": {"uv": [3, 2], "uv_size": [0.5, -1]}
							}
						},
						{
							"origin": [-0.26726, -0.1539, -1.6875],
							"size": [0.125, 0.125, 0.125],
							"pivot": [-0.39226, -0.09239, -1.625],
							"rotation": [0, -45, 60],
							"uv": {
								"east": {"uv": [11, 4], "uv_size": [0.5, 0.5]},
								"up": {"uv": [5, 11], "uv_size": [0.5, 0.5]},
								"down": {"uv": [11, 5.5], "uv_size": [0.5, -0.5]}
							}
						},
						{
							"origin": [0.14226, -0.1539, -1.6875],
							"size": [0.125, 0.125, 0.125],
							"pivot": [0.39226, -0.09239, -1.625],
							"rotation": [0, 45, -60],
							"uv": {
								"west": {"uv": [6, 11], "uv_size": [0.5, 0.5]},
								"up": {"uv": [11, 6], "uv_size": [0.5, 0.5]},
								"down": {"uv": [7, 11.5], "uv_size": [0.5, -0.5]}
							}
						},
						{
							"origin": [0.14226, -0.1539, -2.4375],
							"size": [0.125, 0.125, 0.125],
							"pivot": [0.39226, -0.09239, -2.375],
							"rotation": [0, -45, -60],
							"uv": {
								"west": {"uv": [11, 7], "uv_size": [0.5, 0.5]},
								"up": {"uv": [8, 11], "uv_size": [0.5, 0.5]},
								"down": {"uv": [11, 8.5], "uv_size": [0.5, -0.5]}
							}
						},
						{
							"origin": [-0.26726, -0.1539, -2.4375],
							"size": [0.125, 0.125, 0.125],
							"pivot": [-0.39226, -0.09239, -2.375],
							"rotation": [0, 45, 60],
							"uv": {
								"east": {"uv": [9, 11], "uv_size": [0.5, 0.5]},
								"up": {"uv": [11, 9], "uv_size": [0.5, 0.5]},
								"down": {"uv": [10, 11.5], "uv_size": [0.5, -0.5]}
							}
						},
						{
							"origin": [-0.00888, -0.4484, -2.5],
							"size": [0.14277, 0.125, 1],
							"pivot": [0, 0, -3],
							"rotation": [0, 0, 120],
							"uv": {
								"east": {"uv": [2, 3], "uv_size": [1, 0.5]},
								"west": {"uv": [3, 2], "uv_size": [1, 0.5]},
								"up": {"uv": [3, 3], "uv_size": [0.5, 1]},
								"down": {"uv": [0, 5], "uv_size": [0.5, -1]}
							}
						},
						{
							"origin": [-0.80387, -0.09275, -1.77773],
							"size": [0.21523, 0.12505, 0.21523],
							"pivot": [-0.46364, -0.03125, -1.625],
							"rotation": [0, 45, 120],
							"uv": {
								"north": {"uv": [11, 10], "uv_size": [0.5, 0.5]},
								"west": {"uv": [11, 11], "uv_size": [0.5, 0.5]},
								"up": {"uv": [0, 12], "uv_size": [0.5, 0.5]},
								"down": {"uv": [12, 0.5], "uv_size": [0.5, -0.5]}
							}
						},
						{
							"origin": [0.58864, -0.09275, -1.77773],
							"size": [0.21523, 0.12505, 0.21523],
							"pivot": [0.46364, -0.03125, -1.625],
							"rotation": [0, -45, -120],
							"uv": {
								"north": {"uv": [1, 12], "uv_size": [0.5, 0.5]},
								"east": {"uv": [12, 1], "uv_size": [0.5, 0.5]},
								"up": {"uv": [2, 12], "uv_size": [0.5, 0.5]},
								"down": {"uv": [12, 2.5], "uv_size": [0.5, -0.5]}
							}
						},
						{
							"origin": [0.58864, -0.09275, -2.4375],
							"size": [0.21523, 0.12505, 0.21523],
							"pivot": [0.46364, -0.03125, -2.375],
							"rotation": [0, 45, -120],
							"uv": {
								"east": {"uv": [3, 12], "uv_size": [0.5, 0.5]},
								"south": {"uv": [12, 3], "uv_size": [0.5, 0.5]},
								"up": {"uv": [4, 12], "uv_size": [0.5, 0.5]},
								"down": {"uv": [12, 4.5], "uv_size": [0.5, -0.5]}
							}
						},
						{
							"origin": [-0.80387, -0.09275, -2.4375],
							"size": [0.21523, 0.12505, 0.21523],
							"pivot": [-0.46364, -0.03125, -2.375],
							"rotation": [0, -45, 120],
							"uv": {
								"south": {"uv": [5, 12], "uv_size": [0.5, 0.5]},
								"west": {"uv": [12, 5], "uv_size": [0.5, 0.5]},
								"up": {"uv": [6, 12], "uv_size": [0.5, 0.5]},
								"down": {"uv": [12, 6.5], "uv_size": [0.5, -0.5]}
							}
						},
						{
							"origin": [-0.00888, 0.3234, -2.5],
							"size": [0.14277, 0.125, 1],
							"pivot": [0, 0, -3],
							"rotation": [0, 0, 60],
							"uv": {
								"east": {"uv": [4, 0], "uv_size": [1, 0.5]},
								"west": {"uv": [1, 4], "uv_size": [1, 0.5]},
								"up": {"uv": [4, 1], "uv_size": [0.5, 1]},
								"down": {"uv": [2, 5], "uv_size": [0.5, -1]}
							}
						},
						{
							"origin": [-0.25888, -0.4484, -2.5],
							"size": [0.51777, 0.125, 1],
							"uv": {
								"north": {"uv": [7, 12], "uv_size": [0.5, 0.5]},
								"south": {"uv": [12, 7], "uv_size": [0.5, 0.5]},
								"up": {"uv": [4, 2], "uv_size": [0.5, 1]},
								"down": {"uv": [3, 5], "uv_size": [0.5, -1]}
							}
						},
						{
							"origin": [0.00888, 0.3234, -2.5],
							"size": [0.25, 0.125, 1],
							"pivot": [0, 0, -3],
							"rotation": [0, 0, 120],
							"uv": {
								"east": {"uv": [4, 3], "uv_size": [1, 0.5]},
								"up": {"uv": [4, 4], "uv_size": [0.5, 1]},
								"down": {"uv": [0, 6], "uv_size": [0.5, -1]}
							}
						},
						{
							"origin": [-0.20711, -0.5, -0.25],
							"size": [0.41421, 1, 0.25],
							"pivot": [0, 0, -0.5],
							"rotation": [0, 0, 45],
							"uv": {
								"north": {"uv": [5, 0], "uv_size": [0.5, 1]},
								"south": {"uv": [1, 5], "uv_size": [0.5, 1]},
								"up": {"uv": [8, 12], "uv_size": [0.5, 0.5]},
								"down": {"uv": [12, 8.5], "uv_size": [0.5, -0.5]}
							}
						},
						{
							"origin": [-0.17604, -0.425, -1.25],
							"size": [0.35208, 0.25, 1],
							"pivot": [0, 0, -0.375],
							"rotation": [0, 0, 67.5],
							"uv": {
								"north": {"uv": [9, 12], "uv_size": [0.5, 0.5]},
								"up": {"uv": [5, 1], "uv_size": [0.5, 1]},
								"down": {"uv": [2, 6], "uv_size": [0.5, -1]}
							}
						},
						{
							"origin": [-0.17604, 0.175, -1.25],
							"size": [0.35208, 0.25, 1],
							"pivot": [0, 0, -0.375],
							"rotation": [0, 0, 22.5],
							"uv": {
								"north": {"uv": [12, 9], "uv_size": [0.5, 0.5]},
								"up": {"uv": [5, 2], "uv_size": [0.5, 1]},
								"down": {"uv": [3, 6], "uv_size": [0.5, -1]}
							}
						},
						{
							"origin": [-0.425, -0.17604, -1.25],
							"size": [0.25, 0.35208, 1],
							"pivot": [0, 0, -0.375],
							"rotation": [0, 0, 67.5],
							"uv": {
								"north": {"uv": [10, 12], "uv_size": [0.5, 0.5]},
								"east": {"uv": [5, 3], "uv_size": [1, 0.5]},
								"west": {"uv": [4, 5], "uv_size": [1, 0.5]}
							}
						},
						{
							"origin": [-0.425, -0.17604, -1.25],
							"size": [0.25, 0.35208, 1],
							"pivot": [0, 0, -0.375],
							"rotation": [0, 0, 22.5],
							"uv": {
								"north": {"uv": [12, 10], "uv_size": [0.5, 0.5]},
								"east": {"uv": [5, 4], "uv_size": [1, 0.5]},
								"west": {"uv": [5, 5], "uv_size": [1, 0.5]}
							}
						},
						{
							"origin": [0.175, -0.17604, -1.25],
							"size": [0.25, 0.35208, 1],
							"pivot": [0, 0, -0.375],
							"rotation": [0, 0, 22.5],
							"uv": {
								"north": {"uv": [11, 12], "uv_size": [0.5, 0.5]},
								"east": {"uv": [0, 6], "uv_size": [1, 0.5]},
								"west": {"uv": [6, 0], "uv_size": [1, 0.5]}
							}
						},
						{
							"origin": [0.175, -0.17604, -1.25],
							"size": [0.25, 0.35208, 1],
							"pivot": [0, 0, -0.375],
							"rotation": [0, 0, 67.5],
							"uv": {
								"north": {"uv": [12, 11], "uv_size": [0.5, 0.5]},
								"east": {"uv": [1, 6], "uv_size": [1, 0.5]},
								"west": {"uv": [6, 1], "uv_size": [1, 0.5]}
							}
						},
						{
							"origin": [-0.17604, -0.425, -1.25],
							"size": [0.35208, 0.25, 1],
							"pivot": [0, 0, -0.375],
							"rotation": [0, 0, 22.5],
							"uv": {
								"north": {"uv": [12, 12], "uv_size": [0.5, 0.5]},
								"up": {"uv": [2, 6], "uv_size": [0.5, 1]},
								"down": {"uv": [6, 3], "uv_size": [0.5, -1]}
							}
						},
						{
							"origin": [-0.17604, 0.175, -1.25],
							"size": [0.35208, 0.25, 1],
							"pivot": [0, 0, -0.375],
							"rotation": [0, 0, 67.5],
							"uv": {
								"north": {"uv": [0, 13], "uv_size": [0.5, 0.5]},
								"up": {"uv": [3, 6], "uv_size": [0.5, 1]},
								"down": {"uv": [6, 4], "uv_size": [0.5, -1]}
							}
						}
					]
				}
			]
		}
	]
}