{
	"format_version": "1.12.0",
	"minecraft:geometry": [
		{
			"description": {
				"identifier": "geometry.unknown",
				"texture_width": 16,
				"texture_height": 16,
				"visible_bounds_width": 2,
				"visible_bounds_height": 1.5,
				"visible_bounds_offset": [0, 0.25, 0]
			},
			"bones": [
				{
					"name": "muzzle",
					"pivot": [0, 0, 0],
					"cubes": [
						{
							"origin": [0.25, -0.22855, -2],
							"size": [0.125, 0.45711, 0.125],
							"uv": {
								"north": {"uv": [0, 11], "uv_size": [0.5, 0.5]},
								"east": {"uv": [11, 0], "uv_size": [0.5, 0.5]},
								"south": {"uv": [1, 11], "uv_size": [0.5, 0.5]},
								"west": {"uv": [11, 1], "uv_size": [0.5, 0.5]}
							}
						},
						{
							"origin": [-0.375, -0.22855, -2],
							"size": [0.125, 0.45711, 0.125],
							"uv": {
								"north": {"uv": [13, 12], "uv_size": [0.5, 0.5]},
								"east": {"uv": [13, 13], "uv_size": [0.5, 0.5]},
								"south": {"uv": [0, 14], "uv_size": [0.5, 0.5]},
								"west": {"uv": [14, 0], "uv_size": [0.5, 0.5]}
							}
						},
						{
							"origin": [0.25, -0.10355, -2],
							"size": [0.125, 0.20711, 0.125],
							"pivot": [0, 0, -1.5],
							"rotation": [0, 0, 45],
							"uv": {
								"north": {"uv": [10, 8], "uv_size": [0.5, 0.5]},
								"east": {"uv": [9, 10], "uv_size": [0.5, 0.5]},
								"south": {"uv": [10, 9], "uv_size": [0.5, 0.5]},
								"west": {"uv": [10, 10], "uv_size": [0.5, 0.5]}
							}
						},
						{
							"origin": [-0.375, -0.10355, -2],
							"size": [0.125, 0.20711, 0.125],
							"pivot": [0, 0, -1.5],
							"rotation": [0, 0, 45],
							"uv": {
								"north": {"uv": [1, 14], "uv_size": [0.5, 0.5]},
								"east": {"uv": [14, 1], "uv_size": [0.5, 0.5]},
								"south": {"uv": [2, 14], "uv_size": [0.5, 0.5]},
								"west": {"uv": [14, 2], "uv_size": [0.5, 0.5]}
							}
						},
						{
							"origin": [-0.22855, 0.25, -2],
							"size": [0.45711, 0.0625, 0.125],
							"uv": {
								"north": {"uv": [10, 6], "uv_size": [0.5, 0.5]},
								"south": {"uv": [7, 10], "uv_size": [0.5, 0.5]},
								"up": {"uv": [10, 7], "uv_size": [0.5, 0.5]},
								"down": {"uv": [8, 10.5], "uv_size": [0.5, -0.5]}
							}
						},
						{
							"origin": [-0.22855, -0.3125, -2],
							"size": [0.45711, 0.0625, 0.125],
							"uv": {
								"north": {"uv": [13, 10], "uv_size": [0.5, 0.5]},
								"south": {"uv": [11, 13], "uv_size": [0.5, 0.5]},
								"up": {"uv": [13, 11], "uv_size": [0.5, 0.5]},
								"down": {"uv": [12, 13.5], "uv_size": [0.5, -0.5]}
							}
						},
						{
							"origin": [-0.10355, 0.25, -2],
							"size": [0.20711, 0.125, 0.125],
							"pivot": [0, 0, -1.5],
							"rotation": [0, 0, 45],
							"uv": {
								"north": {"uv": [10, 4], "uv_size": [0.5, 0.5]},
								"south": {"uv": [5, 10], "uv_size": [0.5, 0.5]},
								"up": {"uv": [10, 5], "uv_size": [0.5, 0.5]},
								"down": {"uv": [6, 10.5], "uv_size": [0.5, -0.5]}
							}
						},
						{
							"origin": [-0.10355, -0.375, -2],
							"size": [0.20711, 0.125, 0.125],
							"pivot": [0, 0, -1.5],
							"rotation": [0, 0, 45],
							"uv": {
								"north": {"uv": [3, 14], "uv_size": [0.5, 0.5]},
								"south": {"uv": [14, 3], "uv_size": [0.5, 0.5]},
								"up": {"uv": [4, 14], "uv_size": [0.5, 0.5]},
								"down": {"uv": [14, 4.5], "uv_size": [0.5, -0.5]}
							}
						},
						{
							"origin": [0.375, -0.20711, -2],
							"size": [0.125, 0.41421, 0.125],
							"uv": {
								"north": {"uv": [10, 1], "uv_size": [0.5, 0.5]},
								"east": {"uv": [2, 10], "uv_size": [0.5, 0.5]},
								"south": {"uv": [10, 2], "uv_size": [0.5, 0.5]},
								"west": {"uv": [3, 10], "uv_size": [0.5, 0.5]}
							}
						},
						{
							"origin": [0.375, -0.20711, -0.875],
							"size": [0.125, 0.41421, 0.125],
							"uv": {
								"north": {"uv": [2, 11], "uv_size": [0.5, 0.5]},
								"east": {"uv": [11, 2], "uv_size": [0.5, 0.5]},
								"west": {"uv": [3, 11], "uv_size": [0.5, 0.5]}
							}
						},
						{
							"origin": [0.375, -0.20711, -1.4375],
							"size": [0.125, 0.41421, 0.125],
							"uv": {
								"north": {"uv": [11, 3], "uv_size": [0.5, 0.5]},
								"east": {"uv": [4, 11], "uv_size": [0.5, 0.5]},
								"south": {"uv": [11, 4], "uv_size": [0.5, 0.5]},
								"west": {"uv": [5, 11], "uv_size": [0.5, 0.5]}
							}
						},
						{
							"origin": [-0.26961, 0.3125, -2],
							"size": [0.53921, 0.125, 1.25],
							"uv": {
								"north": {"uv": [2, 9], "uv_size": [0.5, 0.5]},
								"south": {"uv": [9, 2], "uv_size": [0.5, 0.5]},
								"up": {"uv": [2, 0], "uv_size": [0.5, 1.5]},
								"down": {"uv": [2, 3.5], "uv_size": [0.5, -1.5]}
							}
						},
						{
							"origin": [-0.26961, -0.4375, -2],
							"size": [0.53921, 0.125, 1.25],
							"uv": {
								"north": {"uv": [10, 3], "uv_size": [0.5, 0.5]},
								"south": {"uv": [4, 10], "uv_size": [0.5, 0.5]},
								"up": {"uv": [4, 3], "uv_size": [0.5, 1.5]},
								"down": {"uv": [5, 1.5], "uv_size": [0.5, -1.5]}
							}
						},
						{
							"origin": [-0.11872, 0.375, -2],
							"size": [0.125, 0.125, 1.25],
							"pivot": [0, 0, -0.5],
							"rotation": [0, 0, 45],
							"uv": {
								"north": {"uv": [9, 1], "uv_size": [0.5, 0.5]},
								"west": {"uv": [0, 0], "uv_size": [1.5, 0.5]},
								"up": {"uv": [0, 1], "uv_size": [0.5, 1.5]},
								"down": {"uv": [1, 2.5], "uv_size": [0.5, -1.5]}
							}
						},
						{
							"origin": [0.00628, 0.375, -1.4375],
							"size": [0.20083, 0.125, 0.125],
							"pivot": [0, 0, -0.5],
							"rotation": [0, 0, 45],
							"uv": {
								"north": {"uv": [11, 7], "uv_size": [0.5, 0.5]},
								"south": {"uv": [8, 11], "uv_size": [0.5, 0.5]},
								"up": {"uv": [11, 8], "uv_size": [0.5, 0.5]},
								"down": {"uv": [9, 11.5], "uv_size": [0.5, -0.5]}
							}
						},
						{
							"origin": [0.00628, 0.375, -0.875],
							"size": [0.20083, 0.125, 0.125],
							"pivot": [0, 0, 0.0625],
							"rotation": [0, 0, 45],
							"uv": {
								"north": {"uv": [11, 9], "uv_size": [0.5, 0.5]},
								"up": {"uv": [10, 11], "uv_size": [0.5, 0.5]},
								"down": {"uv": [11, 10.5], "uv_size": [0.5, -0.5]}
							}
						},
						{
							"origin": [0.00628, 0.375, -2],
							"size": [0.20083, 0.125, 0.125],
							"pivot": [0, 0, -0.5],
							"rotation": [0, 0, 45],
							"uv": {
								"north": {"uv": [11, 5], "uv_size": [0.5, 0.5]},
								"south": {"uv": [6, 11], "uv_size": [0.5, 0.5]},
								"up": {"uv": [11, 6], "uv_size": [0.5, 0.5]},
								"down": {"uv": [7, 11.5], "uv_size": [0.5, -0.5]}
							}
						},
						{
							"origin": [0.00628, -0.5, -2],
							"size": [0.20083, 0.125, 0.125],
							"pivot": [0, 0, -0.5],
							"rotation": [0, 0, -45],
							"uv": {
								"north": {"uv": [12, 3], "uv_size": [0.5, 0.5]},
								"south": {"uv": [4, 12], "uv_size": [0.5, 0.5]},
								"up": {"uv": [12, 4], "uv_size": [0.5, 0.5]},
								"down": {"uv": [5, 12.5], "uv_size": [0.5, -0.5]}
							}
						},
						{
							"origin": [-0.11872, -0.5, -2],
							"size": [0.125, 0.125, 1.25],
							"pivot": [0, 0, -0.5],
							"rotation": [0, 0, -45],
							"uv": {
								"north": {"uv": [3, 12], "uv_size": [0.5, 0.5]},
								"west": {"uv": [5, 2], "uv_size": [1.5, 0.5]},
								"up": {"uv": [3, 5], "uv_size": [0.5, 1.5]},
								"down": {"uv": [5, 4.5], "uv_size": [0.5, -1.5]}
							}
						},
						{
							"origin": [0.00628, -0.5, -1.4375],
							"size": [0.20083, 0.125, 0.125],
							"pivot": [0, 0, -0.5],
							"rotation": [0, 0, -45],
							"uv": {
								"north": {"uv": [1, 12], "uv_size": [0.5, 0.5]},
								"south": {"uv": [12, 1], "uv_size": [0.5, 0.5]},
								"up": {"uv": [2, 12], "uv_size": [0.5, 0.5]},
								"down": {"uv": [12, 2.5], "uv_size": [0.5, -0.5]}
							}
						},
						{
							"origin": [0.00628, -0.5, -0.875],
							"size": [0.20083, 0.125, 0.125],
							"pivot": [0, 0, 0.0625],
							"rotation": [0, 0, -45],
							"uv": {
								"north": {"uv": [11, 11], "uv_size": [0.5, 0.5]},
								"up": {"uv": [0, 12], "uv_size": [0.5, 0.5]},
								"down": {"uv": [12, 0.5], "uv_size": [0.5, -0.5]}
							}
						},
						{
							"origin": [-0.00628, 0.375, -2],
							"size": [0.125, 0.125, 1.25],
							"pivot": [0, 0, -0.5],
							"rotation": [0, 0, -45],
							"uv": {
								"north": {"uv": [10, 13], "uv_size": [0.5, 0.5]},
								"east": {"uv": [1, 6], "uv_size": [1.5, 0.5]},
								"up": {"uv": [6, 3], "uv_size": [0.5, 1.5]},
								"down": {"uv": [4, 7.5], "uv_size": [0.5, -1.5]}
							}
						},
						{
							"origin": [-0.20711, 0.375, -1.4375],
							"size": [0.20083, 0.125, 0.125],
							"pivot": [0, 0, -0.5],
							"rotation": [0, 0, -45],
							"uv": {
								"north": {"uv": [8, 13], "uv_size": [0.5, 0.5]},
								"south": {"uv": [13, 8], "uv_size": [0.5, 0.5]},
								"up": {"uv": [9, 13], "uv_size": [0.5, 0.5]},
								"down": {"uv": [13, 9.5], "uv_size": [0.5, -0.5]}
							}
						},
						{
							"origin": [-0.20711, 0.375, -2],
							"size": [0.20083, 0.125, 0.125],
							"pivot": [0, 0, -0.5],
							"rotation": [0, 0, -45],
							"uv": {
								"north": {"uv": [6, 13], "uv_size": [0.5, 0.5]},
								"south": {"uv": [13, 6], "uv_size": [0.5, 0.5]},
								"up": {"uv": [7, 13], "uv_size": [0.5, 0.5]},
								"down": {"uv": [13, 7.5], "uv_size": [0.5, -0.5]}
							}
						},
						{
							"origin": [-0.5, -0.20711, -2],
							"size": [0.125, 0.41421, 0.125],
							"uv": {
								"north": {"uv": [4, 13], "uv_size": [0.5, 0.5]},
								"east": {"uv": [13, 4], "uv_size": [0.5, 0.5]},
								"south": {"uv": [5, 13], "uv_size": [0.5, 0.5]},
								"west": {"uv": [13, 5], "uv_size": [0.5, 0.5]}
							}
						},
						{
							"origin": [-0.20711, -0.5, -2],
							"size": [0.20083, 0.125, 0.125],
							"pivot": [0, 0, -0.5],
							"rotation": [0, 0, 45],
							"uv": {
								"north": {"uv": [2, 13], "uv_size": [0.5, 0.5]},
								"south": {"uv": [13, 2], "uv_size": [0.5, 0.5]},
								"up": {"uv": [3, 13], "uv_size": [0.5, 0.5]},
								"down": {"uv": [13, 3.5], "uv_size": [0.5, -0.5]}
							}
						},
						{
							"origin": [-0.00628, -0.5, -2],
							"size": [0.125, 0.125, 1.25],
							"pivot": [0, 0, -0.5],
							"rotation": [0, 0, 45],
							"uv": {
								"north": {"uv": [13, 1], "uv_size": [0.5, 0.5]},
								"east": {"uv": [4, 5], "uv_size": [1.5, 0.5]},
								"up": {"uv": [0, 6], "uv_size": [0.5, 1.5]},
								"down": {"uv": [6, 1.5], "uv_size": [0.5, -1.5]}
							}
						},
						{
							"origin": [-0.20711, -0.5, -1.4375],
							"size": [0.20083, 0.125, 0.125],
							"pivot": [0, 0, -0.5],
							"rotation": [0, 0, 45],
							"uv": {
								"north": {"uv": [12, 12], "uv_size": [0.5, 0.5]},
								"south": {"uv": [0, 13], "uv_size": [0.5, 0.5]},
								"up": {"uv": [13, 0], "uv_size": [0.5, 0.5]},
								"down": {"uv": [1, 13.5], "uv_size": [0.5, -0.5]}
							}
						},
						{
							"origin": [-0.5, -0.20711, -1.4375],
							"size": [0.125, 0.41421, 0.125],
							"uv": {
								"north": {"uv": [10, 12], "uv_size": [0.5, 0.5]},
								"east": {"uv": [12, 10], "uv_size": [0.5, 0.5]},
								"south": {"uv": [11, 12], "uv_size": [0.5, 0.5]},
								"west": {"uv": [12, 11], "uv_size": [0.5, 0.5]}
							}
						},
						{
							"origin": [-0.5, -0.20711, -0.875],
							"size": [0.125, 0.41421, 0.125],
							"uv": {
								"north": {"uv": [12, 8], "uv_size": [0.5, 0.5]},
								"east": {"uv": [9, 12], "uv_size": [0.5, 0.5]},
								"west": {"uv": [12, 9], "uv_size": [0.5, 0.5]}
							}
						},
						{
							"origin": [-0.20711, 0.375, -0.875],
							"size": [0.20083, 0.125, 0.125],
							"pivot": [0, 0, 0.0625],
							"rotation": [0, 0, -45],
							"uv": {
								"north": {"uv": [7, 12], "uv_size": [0.5, 0.5]},
								"up": {"uv": [12, 7], "uv_size": [0.5, 0.5]},
								"down": {"uv": [8, 12.5], "uv_size": [0.5, -0.5]}
							}
						},
						{
							"origin": [-0.20711, -0.5, -0.875],
							"size": [0.20083, 0.125, 0.125],
							"pivot": [0, 0, 0.0625],
							"rotation": [0, 0, 45],
							"uv": {
								"north": {"uv": [12, 5], "uv_size": [0.5, 0.5]},
								"up": {"uv": [6, 12], "uv_size": [0.5, 0.5]},
								"down": {"uv": [12, 6.5], "uv_size": [0.5, -0.5]}
							}
						},
						{
							"origin": [-0.20711, -0.5, -0.75],
							"size": [0.41421, 1, 0.5],
							"pivot": [0, 0, -0.375],
							"rotation": [0, 0, 45],
							"uv": {
								"north": {"uv": [2, 7], "uv_size": [0.5, 1]},
								"south": {"uv": [7, 2], "uv_size": [0.5, 1]},
								"up": {"uv": [6, 9], "uv_size": [0.5, 0.5]},
								"down": {"uv": [9, 6.5], "uv_size": [0.5, -0.5]}
							}
						},
						{
							"origin": [-0.20711, -0.5, -0.75],
							"size": [0.41421, 1, 0.5],
							"uv": {
								"north": {"uv": [1, 7], "uv_size": [0.5, 1]},
								"south": {"uv": [7, 1], "uv_size": [0.5, 1]},
								"up": {"uv": [5, 9], "uv_size": [0.5, 0.5]},
								"down": {"uv": [9, 5.5], "uv_size": [0.5, -0.5]}
							}
						},
						{
							"origin": [-0.5, -0.20711, -0.75],
							"size": [1, 0.41421, 0.5],
							"pivot": [0, 0, -0.375],
							"rotation": [0, 0, 45],
							"uv": {
								"north": {"uv": [6, 6], "uv_size": [1, 0.5]},
								"east": {"uv": [4, 9], "uv_size": [0.5, 0.5]},
								"south": {"uv": [7, 0], "uv_size": [1, 0.5]},
								"west": {"uv": [9, 4], "uv_size": [0.5, 0.5]}
							}
						},
						{
							"origin": [-0.5, -0.20711, -0.75],
							"size": [1, 0.41421, 0.5],
							"uv": {
								"north": {"uv": [5, 6], "uv_size": [1, 0.5]},
								"east": {"uv": [3, 9], "uv_size": [0.5, 0.5]},
								"south": {"uv": [6, 5], "uv_size": [1, 0.5]},
								"west": {"uv": [9, 3], "uv_size": [0.5, 0.5]}
							}
						},
						{
							"origin": [-0.21746, -0.525, -0.3125],
							"size": [0.43492, 1.05, 0.0625],
							"pivot": [0, 0, -0.28125],
							"rotation": [0, 0, 45],
							"uv": {
								"north": {"uv": [5, 7], "uv_size": [0.5, 1]},
								"up": {"uv": [8, 14], "uv_size": [0.5, 0.5]},
								"down": {"uv": [14, 8.5], "uv_size": [0.5, -0.5]}
							}
						},
						{
							"origin": [-0.525, -0.21746, -0.3125],
							"size": [1.05, 0.43492, 0.0625],
							"uv": {
								"north": {"uv": [7, 4], "uv_size": [1, 0.5]},
								"east": {"uv": [7, 14], "uv_size": [0.5, 0.5]},
								"west": {"uv": [14, 7], "uv_size": [0.5, 0.5]}
							}
						},
						{
							"origin": [-0.525, -0.21746, -0.3125],
							"size": [1.05, 0.43492, 0.0625],
							"pivot": [0, 0, -0.28125],
							"rotation": [0, 0, 45],
							"uv": {
								"north": {"uv": [7, 3], "uv_size": [1, 0.5]},
								"east": {"uv": [6, 14], "uv_size": [0.5, 0.5]},
								"west": {"uv": [14, 6], "uv_size": [0.5, 0.5]}
							}
						},
						{
							"origin": [-0.21746, -0.525, -0.3125],
							"size": [0.43492, 1.05, 0.0625],
							"uv": {
								"north": {"uv": [3, 7], "uv_size": [0.5, 1]},
								"up": {"uv": [5, 14], "uv_size": [0.5, 0.5]},
								"down": {"uv": [14, 5.5], "uv_size": [0.5, -0.5]}
							}
						},
						{
							"origin": [-0.21746, -0.525, -0.4375],
							"size": [0.43492, 1.05, 0.0625],
							"pivot": [0, 0, -0.40625],
							"rotation": [0, 0, 45],
							"uv": {
								"north": {"uv": [1, 8], "uv_size": [0.5, 1]},
								"south": {"uv": [8, 1], "uv_size": [0.5, 1]},
								"up": {"uv": [12, 14], "uv_size": [0.5, 0.5]},
								"down": {"uv": [14, 12.5], "uv_size": [0.5, -0.5]}
							}
						},
						{
							"origin": [-0.525, -0.21746, -0.4375],
							"size": [1.05, 0.43492, 0.0625],
							"uv": {
								"north": {"uv": [0, 8], "uv_size": [1, 0.5]},
								"east": {"uv": [11, 14], "uv_size": [0.5, 0.5]},
								"south": {"uv": [8, 0], "uv_size": [1, 0.5]},
								"west": {"uv": [14, 11], "uv_size": [0.5, 0.5]}
							}
						},
						{
							"origin": [-0.525, -0.21746, -0.4375],
							"size": [1.05, 0.43492, 0.0625],
							"pivot": [0, 0, -0.40625],
							"rotation": [0, 0, 45],
							"uv": {
								"north": {"uv": [7, 6], "uv_size": [1, 0.5]},
								"east": {"uv": [10, 14], "uv_size": [0.5, 0.5]},
								"south": {"uv": [7, 7], "uv_size": [1, 0.5]},
								"west": {"uv": [14, 10], "uv_size": [0.5, 0.5]}
							}
						},
						{
							"origin": [-0.21746, -0.525, -0.4375],
							"size": [0.43492, 1.05, 0.0625],
							"uv": {
								"north": {"uv": [7, 5], "uv_size": [0.5, 1]},
								"south": {"uv": [6, 7], "uv_size": [0.5, 1]},
								"up": {"uv": [9, 14], "uv_size": [0.5, 0.5]},
								"down": {"uv": [14, 9.5], "uv_size": [0.5, -0.5]}
							}
						},
						{
							"origin": [-0.21746, -0.525, -0.5625],
							"size": [0.43492, 1.05, 0.0625],
							"uv": {
								"north": {"uv": [5, 8], "uv_size": [0.5, 1]},
								"south": {"uv": [8, 5], "uv_size": [0.5, 1]},
								"up": {"uv": [15, 1], "uv_size": [0.5, 0.5]},
								"down": {"uv": [2, 15.5], "uv_size": [0.5, -0.5]}
							}
						},
						{
							"origin": [-0.21746, -0.525, -0.5625],
							"size": [0.43492, 1.05, 0.0625],
							"pivot": [0, 0, -0.53125],
							"rotation": [0, 0, 45],
							"uv": {
								"north": {"uv": [4, 8], "uv_size": [0.5, 1]},
								"south": {"uv": [8, 4], "uv_size": [0.5, 1]},
								"up": {"uv": [15, 0], "uv_size": [0.5, 0.5]},
								"down": {"uv": [1, 15.5], "uv_size": [0.5, -0.5]}
							}
						},
						{
							"origin": [-0.525, -0.21746, -0.5625],
							"size": [1.05, 0.43492, 0.0625],
							"uv": {
								"north": {"uv": [3, 8], "uv_size": [1, 0.5]},
								"east": {"uv": [14, 14], "uv_size": [0.5, 0.5]},
								"south": {"uv": [8, 3], "uv_size": [1, 0.5]},
								"west": {"uv": [0, 15], "uv_size": [0.5, 0.5]}
							}
						},
						{
							"origin": [-0.525, -0.21746, -0.5625],
							"size": [1.05, 0.43492, 0.0625],
							"pivot": [0, 0, -0.53125],
							"rotation": [0, 0, 45],
							"uv": {
								"north": {"uv": [2, 8], "uv_size": [1, 0.5]},
								"east": {"uv": [13, 14], "uv_size": [0.5, 0.5]},
								"south": {"uv": [8, 2], "uv_size": [1, 0.5]},
								"west": {"uv": [14, 13], "uv_size": [0.5, 0.5]}
							}
						},
						{
							"origin": [-0.21746, -0.525, -0.6875],
							"size": [0.43492, 1.05, 0.0625],
							"uv": {
								"north": {"uv": [9, 0], "uv_size": [0.5, 1]},
								"south": {"uv": [1, 9], "uv_size": [0.5, 1]},
								"up": {"uv": [15, 5], "uv_size": [0.5, 0.5]},
								"down": {"uv": [6, 15.5], "uv_size": [0.5, -0.5]}
							}
						},
						{
							"origin": [-0.21746, -0.525, -0.6875],
							"size": [0.43492, 1.05, 0.0625],
							"pivot": [0, 0, -0.65625],
							"rotation": [0, 0, 45],
							"uv": {
								"north": {"uv": [8, 8], "uv_size": [0.5, 1]},
								"south": {"uv": [0, 9], "uv_size": [0.5, 1]},
								"up": {"uv": [15, 4], "uv_size": [0.5, 0.5]},
								"down": {"uv": [5, 15.5], "uv_size": [0.5, -0.5]}
							}
						},
						{
							"origin": [-0.525, -0.21746, -0.6875],
							"size": [1.05, 0.43492, 0.0625],
							"uv": {
								"north": {"uv": [7, 8], "uv_size": [1, 0.5]},
								"east": {"uv": [15, 3], "uv_size": [0.5, 0.5]},
								"south": {"uv": [8, 7], "uv_size": [1, 0.5]},
								"west": {"uv": [4, 15], "uv_size": [0.5, 0.5]}
							}
						},
						{
							"origin": [-0.525, -0.21746, -0.6875],
							"size": [1.05, 0.43492, 0.0625],
							"pivot": [0, 0, -0.65625],
							"rotation": [0, 0, 45],
							"uv": {
								"north": {"uv": [6, 8], "uv_size": [1, 0.5]},
								"east": {"uv": [15, 2], "uv_size": [0.5, 0.5]},
								"south": {"uv": [8, 6], "uv_size": [1, 0.5]},
								"west": {"uv": [3, 15], "uv_size": [0.5, 0.5]}
							}
						},
						{
							"origin": [-0.25888, -0.625, -0.25],
							"size": [0.51777, 1.25, 0.25],
							"pivot": [0, 0, -0.125],
							"rotation": [0, 0, 45],
							"uv": {
								"north": {"uv": [1, 4], "uv_size": [0.5, 1.5]},
								"south": {"uv": [2, 4], "uv_size": [0.5, 1.5]},
								"up": {"uv": [10, 0], "uv_size": [0.5, 0.5]},
								"down": {"uv": [1, 10.5], "uv_size": [0.5, -0.5]}
							}
						},
						{
							"origin": [-0.25888, -0.625, -0.25],
							"size": [0.51777, 1.25, 0.25],
							"uv": {
								"north": {"uv": [3, 3], "uv_size": [0.5, 1.5]},
								"south": {"uv": [0, 4], "uv_size": [0.5, 1.5]},
								"up": {"uv": [9, 9], "uv_size": [0.5, 0.5]},
								"down": {"uv": [0, 10.5], "uv_size": [0.5, -0.5]}
							}
						},
						{
							"origin": [-0.625, -0.25888, -0.25],
							"size": [1.25, 0.51777, 0.25],
							"pivot": [0, 0, -0.125],
							"rotation": [0, 0, 45],
							"uv": {
								"north": {"uv": [3, 1], "uv_size": [1.5, 0.5]},
								"east": {"uv": [8, 9], "uv_size": [0.5, 0.5]},
								"south": {"uv": [3, 2], "uv_size": [1.5, 0.5]},
								"west": {"uv": [9, 8], "uv_size": [0.5, 0.5]}
							}
						},
						{
							"origin": [-0.625, -0.25888, -0.25],
							"size": [1.25, 0.51777, 0.25],
							"uv": {
								"north": {"uv": [0, 3], "uv_size": [1.5, 0.5]},
								"east": {"uv": [7, 9], "uv_size": [0.5, 0.5]},
								"south": {"uv": [3, 0], "uv_size": [1.5, 0.5]},
								"west": {"uv": [9, 7], "uv_size": [0.5, 0.5]}
							}
						}
					]
				}
			]
		}
	]
}