{
	"format_version": "1.12.0",
	"minecraft:geometry": [
		{
			"description": {
				"identifier": "geometry.unknown",
				"texture_width": 128,
				"texture_height": 128,
				"visible_bounds_width": 6,
				"visible_bounds_height": 3,
				"visible_bounds_offset": [0, 0.5, 0]
			},
			"bones": [
				{
					"name": "rocket_head",
					"pivot": [0, 0, 0],
					"cubes": [
						{
							"origin": [-1.14, -4.56, -9.85954],
							"size": [2.28, 4.46, 3.94907],
							"pivot": [0, 0, -7.885],
							"rotation": [90, 0, 30],
							"uv": {
								"north": {"uv": [15, 10], "uv_size": [2.5, 4.5]},
								"east": {"uv": [0, 0], "uv_size": [4, 4.5]},
								"south": {"uv": [15, 16], "uv_size": [2.5, 4.5]},
								"west": {"uv": [5, 0], "uv_size": [4, 4.5]},
								"up": {"uv": [0, 22], "uv_size": [2.5, 4]},
								"down": {"uv": [22, 4], "uv_size": [2.5, -4]}
							}
						},
						{
							"origin": [-0.3325, -0.76, -17.47591],
							"size": [0.665, 2.28, 1.15182],
							"pivot": [0, 0, -16.9],
							"rotation": [90, 0, -150],
							"uv": {
								"north": {"uv": [20, 62], "uv_size": [0.5, 2.5]},
								"east": {"uv": [6, 31], "uv_size": [1, 2.5]},
								"south": {"uv": [22, 62], "uv_size": [0.5, 2.5]},
								"west": {"uv": [31, 20], "uv_size": [1, 2.5]},
								"up": {"uv": [67, 65], "uv_size": [0.5, 1]},
								"down": {"uv": [67, 68], "uv_size": [0.5, -1]}
							}
						},
						{
							"origin": [-0.665, -0.02, -0.95182],
							"size": [1.33, 3.06, 2.30364],
							"pivot": [0, 0, 0.2],
							"rotation": [90, 0, -30],
							"uv": {
								"north": {"uv": [41, 42], "uv_size": [1.5, 3]},
								"east": {"uv": [4, 27], "uv_size": [2.5, 3]},
								"south": {"uv": [43, 0], "uv_size": [1.5, 3]},
								"west": {"uv": [27, 4], "uv_size": [2.5, 3]},
								"up": {"uv": [47, 33], "uv_size": [1.5, 2.5]},
								"down": {"uv": [0, 50.5], "uv_size": [1.5, -2.5]}
							}
						},
						{
							"origin": [-0.665, -0.02, -0.95182],
							"size": [1.33, 3.06, 2.30364],
							"pivot": [0, 0, 0.2],
							"rotation": [90, 0, -90],
							"uv": {
								"north": {"uv": [38, 42], "uv_size": [1.5, 3]},
								"east": {"uv": [26, 26], "uv_size": [2.5, 3]},
								"south": {"uv": [42, 38], "uv_size": [1.5, 3]},
								"west": {"uv": [0, 27], "uv_size": [2.5, 3]},
								"up": {"uv": [47, 29], "uv_size": [1.5, 2.5]},
								"down": {"uv": [33, 49.5], "uv_size": [1.5, -2.5]}
							}
						},
						{
							"origin": [-0.665, -0.02, -0.95182],
							"size": [1.33, 3.06, 2.30364],
							"pivot": [0, 0, 0.2],
							"rotation": [90, 0, -150],
							"uv": {
								"north": {"uv": [42, 30], "uv_size": [1.5, 3]},
								"east": {"uv": [26, 0], "uv_size": [2.5, 3]},
								"south": {"uv": [42, 34], "uv_size": [1.5, 3]},
								"west": {"uv": [22, 26], "uv_size": [2.5, 3]},
								"up": {"uv": [24, 47], "uv_size": [1.5, 2.5]},
								"down": {"uv": [47, 27.5], "uv_size": [1.5, -2.5]}
							}
						},
						{
							"origin": [-0.49875, -4.015, 2.28614],
							"size": [0.9975, 6.295, 1.72773],
							"pivot": [0, 0, 3.15],
							"rotation": [90, 0, -30],
							"uv": {
								"north": {"uv": [29, 8], "uv_size": [1, 6.5]},
								"east": {"uv": [26, 10], "uv_size": [1.5, 6.5]},
								"south": {"uv": [29, 16], "uv_size": [1, 6.5]},
								"west": {"uv": [26, 18], "uv_size": [1.5, 6.5]},
								"up": {"uv": [33, 61], "uv_size": [1, 1.5]},
								"down": {"uv": [15, 63.5], "uv_size": [1, -1.5]}
							}
						},
						{
							"origin": [-0.49875, -4.015, 2.28614],
							"size": [0.9975, 6.295, 1.72773],
							"pivot": [0, 0, 3.15],
							"rotation": [90, 0, -90],
							"uv": {
								"north": {"uv": [12, 27], "uv_size": [1, 6.5]},
								"east": {"uv": [23, 18], "uv_size": [1.5, 6.5]},
								"south": {"uv": [14, 27], "uv_size": [1, 6.5]},
								"west": {"uv": [19, 24], "uv_size": [1.5, 6.5]},
								"up": {"uv": [42, 60], "uv_size": [1, 1.5]},
								"down": {"uv": [18, 62.5], "uv_size": [1, -1.5]}
							}
						},
						{
							"origin": [-0.1, -3.515, -3.71386],
							"size": [0.2, 0.545, 6],
							"pivot": [0, 0, 3.15],
							"rotation": [90, 0, 180],
							"uv": {
								"north": {"uv": [71, 66], "uv_size": [0.5, 0.5]},
								"east": {"uv": [49, 16], "uv_size": [6, 0.5]},
								"south": {"uv": [67, 71], "uv_size": [0.5, 0.5]},
								"west": {"uv": [49, 18], "uv_size": [6, 0.5]},
								"up": {"uv": [3, 48], "uv_size": [0.5, 6]},
								"down": {"uv": [46, 55], "uv_size": [0.5, -6]}
							}
						},
						{
							"origin": [-0.1, -2.97, -1.21386],
							"size": [0.2, 0.75, 3.5],
							"pivot": [0, 0, 3.15],
							"rotation": [90, 0, 180],
							"uv": {
								"north": {"uv": [70, 46], "uv_size": [0.5, 1]},
								"east": {"uv": [48, 41], "uv_size": [3.5, 1]},
								"south": {"uv": [70, 48], "uv_size": [0.5, 1]},
								"west": {"uv": [48, 43], "uv_size": [3.5, 1]},
								"up": {"uv": [44, 57], "uv_size": [0.5, 3.5]},
								"down": {"uv": [57, 52.5], "uv_size": [0.5, -3.5]}
							}
						},
						{
							"origin": [-0.299, 4.01387, 2.75992],
							"size": [0.198, 0.35, 2.61008],
							"pivot": [-0.1, 4.36387, 5.37],
							"rotation": [106.6992, 0, 180],
							"uv": {
								"north": {"uv": [71, 68], "uv_size": [0.5, 0.5]},
								"east": {"uv": [49, 62], "uv_size": [2.5, 0.5]},
								"south": {"uv": [69, 71], "uv_size": [0.5, 0.5]},
								"west": {"uv": [62, 52], "uv_size": [2.5, 0.5]},
								"up": {"uv": [53, 62], "uv_size": [0.5, 2.5]},
								"down": {"uv": [62, 56.5], "uv_size": [0.5, -2.5]}
							}
						},
						{
							"origin": [-0.299, 3.61387, 3.65992],
							"size": [0.198, 0.4, 1.71008],
							"pivot": [-0.1, 4.36387, 5.37],
							"rotation": [106.6992, 0, 180],
							"uv": {
								"north": {"uv": [71, 70], "uv_size": [0.5, 0.5]},
								"east": {"uv": [67, 5], "uv_size": [1.5, 0.5]},
								"south": {"uv": [0, 72], "uv_size": [0.5, 0.5]},
								"west": {"uv": [6, 67], "uv_size": [1.5, 0.5]},
								"up": {"uv": [67, 7], "uv_size": [0.5, 1.5]},
								"down": {"uv": [9, 68.5], "uv_size": [0.5, -1.5]}
							}
						},
						{
							"origin": [-0.1, -3.515, -3.71386],
							"size": [0.2, 0.545, 6],
							"pivot": [0, 0, 3.15],
							"rotation": [90, 0, 60],
							"uv": {
								"north": {"uv": [72, 8], "uv_size": [0.5, 0.5]},
								"east": {"uv": [50, 31], "uv_size": [6, 0.5]},
								"south": {"uv": [72, 10], "uv_size": [0.5, 0.5]},
								"west": {"uv": [50, 33], "uv_size": [6, 0.5]},
								"up": {"uv": [29, 50], "uv_size": [0.5, 6]},
								"down": {"uv": [31, 56], "uv_size": [0.5, -6]}
							}
						},
						{
							"origin": [-0.1, -2.97, -1.21386],
							"size": [0.2, 0.75, 3.5],
							"pivot": [0, 0, 3.15],
							"rotation": [90, 0, 60],
							"uv": {
								"north": {"uv": [70, 54], "uv_size": [0.5, 1]},
								"east": {"uv": [49, 0], "uv_size": [3.5, 1]},
								"south": {"uv": [59, 70], "uv_size": [0.5, 1]},
								"west": {"uv": [49, 2], "uv_size": [3.5, 1]},
								"up": {"uv": [57, 54], "uv_size": [0.5, 3.5]},
								"down": {"uv": [4, 61.5], "uv_size": [0.5, -3.5]}
							}
						},
						{
							"origin": [-3.92822, -2.61854, 2.75992],
							"size": [0.198, 0.35, 2.61008],
							"pivot": [-3.72922, -2.26854, 5.37],
							"rotation": [106.6992, 0, 60],
							"uv": {
								"north": {"uv": [12, 72], "uv_size": [0.5, 0.5]},
								"east": {"uv": [8, 63], "uv_size": [2.5, 0.5]},
								"south": {"uv": [72, 12], "uv_size": [0.5, 0.5]},
								"west": {"uv": [24, 63], "uv_size": [2.5, 0.5]},
								"up": {"uv": [12, 63], "uv_size": [0.5, 2.5]},
								"down": {"uv": [28, 65.5], "uv_size": [0.5, -2.5]}
							}
						},
						{
							"origin": [-3.92822, -3.01854, 3.65992],
							"size": [0.198, 0.4, 1.71008],
							"pivot": [-3.72922, -2.26854, 5.37],
							"rotation": [106.6992, 0, 60],
							"uv": {
								"north": {"uv": [72, 14], "uv_size": [0.5, 0.5]},
								"east": {"uv": [29, 67], "uv_size": [1.5, 0.5]},
								"south": {"uv": [72, 16], "uv_size": [0.5, 0.5]},
								"west": {"uv": [40, 67], "uv_size": [1.5, 0.5]},
								"up": {"uv": [67, 40], "uv_size": [0.5, 1.5]},
								"down": {"uv": [67, 44.5], "uv_size": [0.5, -1.5]}
							}
						},
						{
							"origin": [3.63022, -2.84533, 3.65992],
							"size": [0.198, 0.4, 1.71008],
							"pivot": [3.82922, -2.09533, 5.37],
							"rotation": [106.6992, 0, -60],
							"uv": {
								"north": {"uv": [72, 36], "uv_size": [0.5, 0.5]},
								"east": {"uv": [67, 61], "uv_size": [1.5, 0.5]},
								"south": {"uv": [72, 45], "uv_size": [0.5, 0.5]},
								"west": {"uv": [67, 63], "uv_size": [1.5, 0.5]},
								"up": {"uv": [61, 67], "uv_size": [0.5, 1.5]},
								"down": {"uv": [65, 68.5], "uv_size": [0.5, -1.5]}
							}
						},
						{
							"origin": [3.63022, -2.44533, 2.75992],
							"size": [0.198, 0.35, 2.61008],
							"pivot": [3.82922, -2.09533, 5.37],
							"rotation": [106.6992, 0, -60],
							"uv": {
								"north": {"uv": [72, 32], "uv_size": [0.5, 0.5]},
								"east": {"uv": [63, 45], "uv_size": [2.5, 0.5]},
								"south": {"uv": [72, 34], "uv_size": [0.5, 0.5]},
								"west": {"uv": [57, 63], "uv_size": [2.5, 0.5]},
								"up": {"uv": [46, 63], "uv_size": [0.5, 2.5]},
								"down": {"uv": [63, 60.5], "uv_size": [0.5, -2.5]}
							}
						},
						{
							"origin": [-0.1, -2.97, -1.21386],
							"size": [0.2, 0.75, 3.5],
							"pivot": [0, 0, 3.15],
							"rotation": [90, 0, -60],
							"uv": {
								"north": {"uv": [70, 62], "uv_size": [0.5, 1]},
								"east": {"uv": [49, 8], "uv_size": [3.5, 1]},
								"south": {"uv": [65, 70], "uv_size": [0.5, 1]},
								"west": {"uv": [49, 10], "uv_size": [3.5, 1]},
								"up": {"uv": [8, 58], "uv_size": [0.5, 3.5]},
								"down": {"uv": [10, 61.5], "uv_size": [0.5, -3.5]}
							}
						},
						{
							"origin": [-0.1, -3.515, -3.71386],
							"size": [0.2, 0.545, 6],
							"pivot": [0, 0, 3.15],
							"rotation": [90, 0, -60],
							"uv": {
								"north": {"uv": [72, 28], "uv_size": [0.5, 0.5]},
								"east": {"uv": [50, 51], "uv_size": [6, 0.5]},
								"south": {"uv": [72, 30], "uv_size": [0.5, 0.5]},
								"west": {"uv": [9, 52], "uv_size": [6, 0.5]},
								"up": {"uv": [24, 51], "uv_size": [0.5, 6]},
								"down": {"uv": [33, 57], "uv_size": [0.5, -6]}
							}
						},
						{
							"origin": [-0.099, -5.11387, 3.65992],
							"size": [0.198, 0.4, 1.71008],
							"pivot": [0.1, -4.36387, 5.37],
							"rotation": [106.6992, 0, 0],
							"uv": {
								"north": {"uv": [25, 72], "uv_size": [0.5, 0.5]},
								"east": {"uv": [45, 67], "uv_size": [1.5, 0.5]},
								"south": {"uv": [72, 26], "uv_size": [0.5, 0.5]},
								"west": {"uv": [56, 67], "uv_size": [1.5, 0.5]},
								"up": {"uv": [67, 58], "uv_size": [0.5, 1.5]},
								"down": {"uv": [59, 68.5], "uv_size": [0.5, -1.5]}
							}
						},
						{
							"origin": [-0.099, -4.71387, 2.75992],
							"size": [0.198, 0.35, 2.61008],
							"pivot": [0.1, -4.36387, 5.37],
							"rotation": [106.6992, 0, 0],
							"uv": {
								"north": {"uv": [72, 22], "uv_size": [0.5, 0.5]},
								"east": {"uv": [63, 41], "uv_size": [2.5, 0.5]},
								"south": {"uv": [72, 24], "uv_size": [0.5, 0.5]},
								"west": {"uv": [63, 43], "uv_size": [2.5, 0.5]},
								"up": {"uv": [30, 63], "uv_size": [0.5, 2.5]},
								"down": {"uv": [41, 65.5], "uv_size": [0.5, -2.5]}
							}
						},
						{
							"origin": [-0.1, -2.97, -1.21386],
							"size": [0.2, 0.75, 3.5],
							"pivot": [0, 0, 3.15],
							"rotation": [90, 0, 0],
							"uv": {
								"north": {"uv": [70, 60], "uv_size": [0.5, 1]},
								"east": {"uv": [49, 4], "uv_size": [3.5, 1]},
								"south": {"uv": [61, 70], "uv_size": [0.5, 1]},
								"west": {"uv": [49, 6], "uv_size": [3.5, 1]},
								"up": {"uv": [6, 58], "uv_size": [0.5, 3.5]},
								"down": {"uv": [58, 9.5], "uv_size": [0.5, -3.5]}
							}
						},
						{
							"origin": [-0.1, -3.515, -3.71386],
							"size": [0.2, 0.545, 6],
							"pivot": [0, 0, 3.15],
							"rotation": [90, 0, 0],
							"uv": {
								"north": {"uv": [72, 18], "uv_size": [0.5, 0.5]},
								"east": {"uv": [50, 35], "uv_size": [6, 0.5]},
								"south": {"uv": [72, 20], "uv_size": [0.5, 0.5]},
								"west": {"uv": [50, 49], "uv_size": [6, 0.5]},
								"up": {"uv": [5, 51], "uv_size": [0.5, 6]},
								"down": {"uv": [7, 57], "uv_size": [0.5, -6]}
							}
						},
						{
							"origin": [-4.02822, 1.34533, 3.65992],
							"size": [0.198, 0.4, 1.71008],
							"pivot": [-3.82922, 2.09533, 5.37],
							"rotation": [106.6992, 0, 120],
							"uv": {
								"north": {"uv": [72, 4], "uv_size": [0.5, 0.5]},
								"east": {"uv": [11, 67], "uv_size": [1.5, 0.5]},
								"south": {"uv": [8, 72], "uv_size": [0.5, 0.5]},
								"west": {"uv": [24, 67], "uv_size": [1.5, 0.5]},
								"up": {"uv": [14, 67], "uv_size": [0.5, 1.5]},
								"down": {"uv": [27, 68.5], "uv_size": [0.5, -1.5]}
							}
						},
						{
							"origin": [-4.02822, 1.74533, 2.75992],
							"size": [0.198, 0.35, 2.61008],
							"pivot": [-3.82922, 2.09533, 5.37],
							"rotation": [106.6992, 0, 120],
							"uv": {
								"north": {"uv": [72, 2], "uv_size": [0.5, 0.5]},
								"east": {"uv": [0, 63], "uv_size": [2.5, 0.5]},
								"south": {"uv": [4, 72], "uv_size": [0.5, 0.5]},
								"west": {"uv": [4, 63], "uv_size": [2.5, 0.5]},
								"up": {"uv": [55, 62], "uv_size": [0.5, 2.5]},
								"down": {"uv": [63, 8.5], "uv_size": [0.5, -2.5]}
							}
						},
						{
							"origin": [-0.1, -2.97, -1.21386],
							"size": [0.2, 0.75, 3.5],
							"pivot": [0, 0, 3.15],
							"rotation": [90, 0, 120],
							"uv": {
								"north": {"uv": [70, 50], "uv_size": [0.5, 1]},
								"east": {"uv": [48, 45], "uv_size": [3.5, 1]},
								"south": {"uv": [70, 52], "uv_size": [0.5, 1]},
								"west": {"uv": [48, 47], "uv_size": [3.5, 1]},
								"up": {"uv": [50, 57], "uv_size": [0.5, 3.5]},
								"down": {"uv": [52, 60.5], "uv_size": [0.5, -3.5]}
							}
						},
						{
							"origin": [-0.1, -3.515, -3.71386],
							"size": [0.2, 0.545, 6],
							"pivot": [0, 0, 3.15],
							"rotation": [90, 0, 120],
							"uv": {
								"north": {"uv": [72, 0], "uv_size": [0.5, 0.5]},
								"east": {"uv": [49, 20], "uv_size": [6, 0.5]},
								"south": {"uv": [2, 72], "uv_size": [0.5, 0.5]},
								"west": {"uv": [49, 22], "uv_size": [6, 0.5]},
								"up": {"uv": [48, 49], "uv_size": [0.5, 6]},
								"down": {"uv": [50, 30], "uv_size": [0.5, -6]}
							}
						},
						{
							"origin": [3.53022, 1.51854, 3.65992],
							"size": [0.198, 0.4, 1.71008],
							"pivot": [3.72922, 2.26854, 5.37],
							"rotation": [106.6992, 0, -120],
							"uv": {
								"north": {"uv": [63, 71], "uv_size": [0.5, 0.5]},
								"east": {"uv": [66, 56], "uv_size": [1.5, 0.5]},
								"south": {"uv": [71, 64], "uv_size": [0.5, 0.5]},
								"west": {"uv": [67, 0], "uv_size": [1.5, 0.5]},
								"up": {"uv": [2, 67], "uv_size": [0.5, 1.5]},
								"down": {"uv": [4, 68.5], "uv_size": [0.5, -1.5]}
							}
						},
						{
							"origin": [3.53022, 1.91854, 2.75992],
							"size": [0.198, 0.35, 2.61008],
							"pivot": [3.72922, 2.26854, 5.37],
							"rotation": [106.6992, 0, -120],
							"uv": {
								"north": {"uv": [71, 56], "uv_size": [0.5, 0.5]},
								"east": {"uv": [62, 34], "uv_size": [2.5, 0.5]},
								"south": {"uv": [71, 58], "uv_size": [0.5, 0.5]},
								"west": {"uv": [37, 62], "uv_size": [2.5, 0.5]},
								"up": {"uv": [44, 62], "uv_size": [0.5, 2.5]},
								"down": {"uv": [62, 50.5], "uv_size": [0.5, -2.5]}
							}
						},
						{
							"origin": [-0.1, -2.97, -1.21386],
							"size": [0.2, 0.75, 3.5],
							"pivot": [0, 0, 3.15],
							"rotation": [90, 0, -120],
							"uv": {
								"north": {"uv": [70, 35], "uv_size": [0.5, 1]},
								"east": {"uv": [47, 37], "uv_size": [3.5, 1]},
								"south": {"uv": [70, 37], "uv_size": [0.5, 1]},
								"west": {"uv": [48, 39], "uv_size": [3.5, 1]},
								"up": {"uv": [35, 57], "uv_size": [0.5, 3.5]},
								"down": {"uv": [37, 60.5], "uv_size": [0.5, -3.5]}
							}
						},
						{
							"origin": [-0.1, -3.515, -3.71386],
							"size": [0.2, 0.545, 6],
							"pivot": [0, 0, 3.15],
							"rotation": [90, 0, -120],
							"uv": {
								"north": {"uv": [54, 71], "uv_size": [0.5, 0.5]},
								"east": {"uv": [49, 12], "uv_size": [6, 0.5]},
								"south": {"uv": [56, 71], "uv_size": [0.5, 0.5]},
								"west": {"uv": [49, 14], "uv_size": [6, 0.5]},
								"up": {"uv": [27, 47], "uv_size": [0.5, 6]},
								"down": {"uv": [36, 53], "uv_size": [0.5, -6]}
							}
						},
						{
							"origin": [-0.49875, -4.015, 2.28614],
							"size": [0.9975, 6.295, 1.72773],
							"pivot": [0, 0, 3.15],
							"rotation": [90, 0, -150],
							"uv": {
								"north": {"uv": [8, 27], "uv_size": [1, 6.5]},
								"east": {"uv": [16, 22], "uv_size": [1.5, 6.5]},
								"south": {"uv": [10, 27], "uv_size": [1, 6.5]},
								"west": {"uv": [23, 10], "uv_size": [1.5, 6.5]},
								"up": {"uv": [18, 58], "uv_size": [1, 1.5]},
								"down": {"uv": [33, 59.5], "uv_size": [1, -1.5]}
							}
						},
						{
							"origin": [-0.37406, -7.01125, 0.6521],
							"size": [0.74813, 8.72125, 1.2958],
							"pivot": [0, 0, 1.3],
							"rotation": [90, 0, -30],
							"uv": {
								"north": {"uv": [45, 4], "uv_size": [0.5, 8.5]},
								"east": {"uv": [12, 12], "uv_size": [1.5, 8.5]},
								"south": {"uv": [45, 14], "uv_size": [0.5, 8.5]},
								"west": {"uv": [15, 0], "uv_size": [1.5, 8.5]},
								"up": {"uv": [63, 66], "uv_size": [0.5, 1.5]},
								"down": {"uv": [0, 68.5], "uv_size": [0.5, -1.5]}
							}
						},
						{
							"origin": [-0.37406, -7.01125, 0.6521],
							"size": [0.74813, 8.72125, 1.2958],
							"pivot": [0, 0, 1.3],
							"rotation": [90, 0, -90],
							"uv": {
								"north": {"uv": [18, 43], "uv_size": [0.5, 8.5]},
								"east": {"uv": [6, 12], "uv_size": [1.5, 8.5]},
								"south": {"uv": [44, 42], "uv_size": [0.5, 8.5]},
								"west": {"uv": [9, 12], "uv_size": [1.5, 8.5]},
								"up": {"uv": [66, 53], "uv_size": [0.5, 1.5]},
								"down": {"uv": [54, 67.5], "uv_size": [0.5, -1.5]}
							}
						},
						{
							"origin": [-0.37406, -7.01125, 0.6521],
							"size": [0.74813, 8.72125, 1.2958],
							"pivot": [0, 0, 1.3],
							"rotation": [90, 0, -150],
							"uv": {
								"north": {"uv": [43, 4], "uv_size": [0.5, 8.5]},
								"east": {"uv": [0, 12], "uv_size": [1.5, 8.5]},
								"south": {"uv": [43, 14], "uv_size": [0.5, 8.5]},
								"west": {"uv": [3, 12], "uv_size": [1.5, 8.5]},
								"up": {"uv": [66, 50], "uv_size": [0.5, 1.5]},
								"down": {"uv": [52, 67.5], "uv_size": [0.5, -1.5]}
							}
						},
						{
							"origin": [-0.3325, -0.76, -17.47591],
							"size": [0.665, 2.28, 1.15182],
							"pivot": [0, 0, -16.9],
							"rotation": [90, 0, -90],
							"uv": {
								"north": {"uv": [62, 22], "uv_size": [0.5, 2.5]},
								"east": {"uv": [38, 51], "uv_size": [1, 2.5]},
								"south": {"uv": [62, 26], "uv_size": [0.5, 2.5]},
								"west": {"uv": [40, 51], "uv_size": [1, 2.5]},
								"up": {"uv": [68, 2], "uv_size": [0.5, 1]},
								"down": {"uv": [68, 11], "uv_size": [0.5, -1]}
							}
						},
						{
							"origin": [-1.14, -4.56, -9.85954],
							"size": [2.28, 4.46, 3.94907],
							"pivot": [0, 0, -7.885],
							"rotation": [90, 0, 150],
							"uv": {
								"north": {"uv": [18, 0], "uv_size": [2.5, 4.5]},
								"east": {"uv": [0, 6], "uv_size": [4, 4.5]},
								"south": {"uv": [19, 6], "uv_size": [2.5, 4.5]},
								"west": {"uv": [5, 6], "uv_size": [4, 4.5]},
								"up": {"uv": [4, 22], "uv_size": [2.5, 4]},
								"down": {"uv": [8, 26], "uv_size": [2.5, -4]}
							}
						},
						{
							"origin": [-1.14, -4.56, -9.8603],
							"size": [2.28133, 4.46, 3.94983],
							"pivot": [0, 0, -7.885],
							"rotation": [90, 0, -90],
							"uv": {
								"north": {"uv": [19, 12], "uv_size": [2.5, 4.5]},
								"east": {"uv": [10, 0], "uv_size": [4, 4.5]},
								"south": {"uv": [19, 18], "uv_size": [2.5, 4.5]},
								"west": {"uv": [10, 6], "uv_size": [4, 4.5]},
								"up": {"uv": [12, 22], "uv_size": [2.5, 4]},
								"down": {"uv": [23, 9], "uv_size": [2.5, -4]}
							}
						},
						{
							"origin": [-1.28017, 2.28066, -8.73483],
							"size": [1.28133, 4, 0.94983],
							"pivot": [0.00116, 2.28066, -7.785],
							"rotation": [95.0068, 2.9886, -29.7383],
							"uv": {
								"north": {"uv": [28, 30], "uv_size": [1.5, 4]},
								"east": {"uv": [31, 45], "uv_size": [1, 4]},
								"south": {"uv": [0, 31], "uv_size": [1.5, 4]},
								"west": {"uv": [45, 34], "uv_size": [1, 4]},
								"up": {"uv": [58, 21], "uv_size": [1.5, 1]},
								"down": {"uv": [58, 39], "uv_size": [1.5, -1]}
							}
						},
						{
							"origin": [-1.97453, 1.13999, -8.73483],
							"size": [1.28133, 4, 0.94883],
							"pivot": [-1.97453, 1.13999, -7.785],
							"rotation": [95.0068, -2.9886, -30.2617],
							"uv": {
								"north": {"uv": [31, 0], "uv_size": [1.5, 4]},
								"east": {"uv": [6, 46], "uv_size": [1, 4]},
								"south": {"uv": [3, 31], "uv_size": [1.5, 4]},
								"west": {"uv": [8, 46], "uv_size": [1, 4]},
								"up": {"uv": [58, 40], "uv_size": [1.5, 1]},
								"down": {"uv": [54, 59], "uv_size": [1.5, -1]}
							}
						},
						{
							"origin": [-0.90857, -1.83699, -17.26513],
							"size": [0.91354, 0.60039, 0.8111],
							"pivot": [0.00595, -1.83699, -14.35403],
							"rotation": [-12.25, 22.5, 60],
							"uv": {
								"north": {"uv": [69, 65], "uv_size": [1, 0.5]},
								"east": {"uv": [67, 69], "uv_size": [1, 0.5]},
								"south": {"uv": [69, 67], "uv_size": [1, 0.5]},
								"west": {"uv": [69, 69], "uv_size": [1, 0.5]},
								"up": {"uv": [61, 65], "uv_size": [1, 1]},
								"down": {"uv": [65, 63], "uv_size": [1, -1]}
							}
						},
						{
							"origin": [0.67226, -1.52469, -17.26513],
							"size": [0.91452, 0.60039, 0.8111],
							"pivot": [1.58678, -0.9243, -14.35403],
							"rotation": [12.25, 22.5, 60],
							"uv": {
								"north": {"uv": [69, 56], "uv_size": [1, 0.5]},
								"east": {"uv": [57, 69], "uv_size": [1, 0.5]},
								"south": {"uv": [69, 58], "uv_size": [1, 0.5]},
								"west": {"uv": [63, 69], "uv_size": [1, 0.5]},
								"up": {"uv": [59, 65], "uv_size": [1, 1]},
								"down": {"uv": [65, 61], "uv_size": [1, -1]}
							}
						},
						{
							"origin": [-2.50243, -0.92365, -17.26513],
							"size": [0.91354, 0.60039, 0.8111],
							"pivot": [-1.58791, -0.92365, -14.35403],
							"rotation": [-12.25, 22.5, 120],
							"uv": {
								"north": {"uv": [49, 69], "uv_size": [1, 0.5]},
								"east": {"uv": [51, 69], "uv_size": [1, 0.5]},
								"south": {"uv": [53, 69], "uv_size": [1, 0.5]},
								"west": {"uv": [55, 69], "uv_size": [1, 0.5]},
								"up": {"uv": [57, 65], "uv_size": [1, 1]},
								"down": {"uv": [65, 59], "uv_size": [1, -1]}
							}
						},
						{
							"origin": [-0.9216, -2.43673, -17.26513],
							"size": [0.91452, 0.60039, 0.8111],
							"pivot": [-0.00708, -1.83634, -14.35403],
							"rotation": [12.25, 22.5, 120],
							"uv": {
								"north": {"uv": [43, 69], "uv_size": [1, 0.5]},
								"east": {"uv": [69, 44], "uv_size": [1, 0.5]},
								"south": {"uv": [45, 69], "uv_size": [1, 0.5]},
								"west": {"uv": [47, 69], "uv_size": [1, 0.5]},
								"up": {"uv": [24, 65], "uv_size": [1, 1]},
								"down": {"uv": [26, 66], "uv_size": [1, -1]}
							}
						},
						{
							"origin": [-2.50838, 0.91334, -17.26513],
							"size": [0.91354, 0.60039, 0.8111],
							"pivot": [-1.59386, 0.91334, -14.35403],
							"rotation": [-12.25, 22.5, -180],
							"uv": {
								"north": {"uv": [39, 69], "uv_size": [1, 0.5]},
								"east": {"uv": [69, 40], "uv_size": [1, 0.5]},
								"south": {"uv": [41, 69], "uv_size": [1, 0.5]},
								"west": {"uv": [69, 42], "uv_size": [1, 0.5]},
								"up": {"uv": [10, 65], "uv_size": [1, 1]},
								"down": {"uv": [14, 66], "uv_size": [1, -1]}
							}
						},
						{
							"origin": [-2.50838, -1.51243, -17.26513],
							"size": [0.91452, 0.60039, 0.8111],
							"pivot": [-1.59386, -0.91204, -14.35403],
							"rotation": [12.25, 22.5, -180],
							"uv": {
								"north": {"uv": [31, 69], "uv_size": [1, 0.5]},
								"east": {"uv": [33, 69], "uv_size": [1, 0.5]},
								"south": {"uv": [35, 69], "uv_size": [1, 0.5]},
								"west": {"uv": [37, 69], "uv_size": [1, 0.5]},
								"up": {"uv": [8, 65], "uv_size": [1, 1]},
								"down": {"uv": [65, 9], "uv_size": [1, -1]}
							}
						},
						{
							"origin": [-0.92047, 1.83699, -17.26513],
							"size": [0.91354, 0.60039, 0.8111],
							"pivot": [-0.00595, 1.83699, -14.35403],
							"rotation": [-12.25, 22.5, -120],
							"uv": {
								"north": {"uv": [20, 69], "uv_size": [1, 0.5]},
								"east": {"uv": [22, 69], "uv_size": [1, 0.5]},
								"south": {"uv": [24, 69], "uv_size": [1, 0.5]},
								"west": {"uv": [29, 69], "uv_size": [1, 0.5]},
								"up": {"uv": [6, 65], "uv_size": [1, 1]},
								"down": {"uv": [65, 7], "uv_size": [1, -1]}
							}
						},
						{
							"origin": [-2.5013, 0.32392, -17.26513],
							"size": [0.91452, 0.60039, 0.8111],
							"pivot": [-1.58678, 0.9243, -14.35403],
							"rotation": [12.25, 22.5, -120],
							"uv": {
								"north": {"uv": [69, 7], "uv_size": [1, 0.5]},
								"east": {"uv": [11, 69], "uv_size": [1, 0.5]},
								"south": {"uv": [16, 69], "uv_size": [1, 0.5]},
								"west": {"uv": [18, 69], "uv_size": [1, 0.5]},
								"up": {"uv": [2, 65], "uv_size": [1, 1]},
								"down": {"uv": [4, 66], "uv_size": [1, -1]}
							}
						},
						{
							"origin": [0.67339, 0.92365, -17.26513],
							"size": [0.91354, 0.60039, 0.8111],
							"pivot": [1.58791, 0.92365, -14.35403],
							"rotation": [-12.25, 22.5, -60],
							"uv": {
								"north": {"uv": [68, 50], "uv_size": [1, 0.5]},
								"east": {"uv": [68, 52], "uv_size": [1, 0.5]},
								"south": {"uv": [68, 54], "uv_size": [1, 0.5]},
								"west": {"uv": [6, 69], "uv_size": [1, 0.5]},
								"up": {"uv": [0, 65], "uv_size": [1, 1]},
								"down": {"uv": [65, 1], "uv_size": [1, -1]}
							}
						},
						{
							"origin": [-0.90744, 1.23596, -17.26513],
							"size": [0.91452, 0.60039, 0.8111],
							"pivot": [0.00708, 1.83634, -14.35403],
							"rotation": [12.25, 22.5, -60],
							"uv": {
								"north": {"uv": [68, 36], "uv_size": [1, 0.5]},
								"east": {"uv": [68, 38], "uv_size": [1, 0.5]},
								"south": {"uv": [68, 46], "uv_size": [1, 0.5]},
								"west": {"uv": [68, 48], "uv_size": [1, 0.5]},
								"up": {"uv": [64, 56], "uv_size": [1, 1]},
								"down": {"uv": [63, 65], "uv_size": [1, -1]}
							}
						},
						{
							"origin": [0.67934, -0.91334, -17.26513],
							"size": [0.91354, 0.60039, 0.8111],
							"pivot": [1.59386, -0.91334, -14.35403],
							"rotation": [-12.25, 22.5, 0],
							"uv": {
								"north": {"uv": [68, 28], "uv_size": [1, 0.5]},
								"east": {"uv": [68, 30], "uv_size": [1, 0.5]},
								"south": {"uv": [68, 32], "uv_size": [1, 0.5]},
								"west": {"uv": [68, 34], "uv_size": [1, 0.5]},
								"up": {"uv": [50, 64], "uv_size": [1, 1]},
								"down": {"uv": [64, 55], "uv_size": [1, -1]}
							}
						},
						{
							"origin": [0.67934, 0.31166, -17.26513],
							"size": [0.91452, 0.60039, 0.8111],
							"pivot": [1.59386, 0.91204, -14.35403],
							"rotation": [12.25, 22.5, 0],
							"uv": {
								"north": {"uv": [68, 20], "uv_size": [1, 0.5]},
								"east": {"uv": [68, 22], "uv_size": [1, 0.5]},
								"south": {"uv": [68, 24], "uv_size": [1, 0.5]},
								"west": {"uv": [68, 26], "uv_size": [1, 0.5]},
								"up": {"uv": [48, 64], "uv_size": [1, 1]},
								"down": {"uv": [64, 50], "uv_size": [1, -1]}
							}
						},
						{
							"origin": [0.6932, -1.14133, -8.73483],
							"size": [1.28133, 4, 0.94983],
							"pivot": [1.97453, -1.14133, -7.785],
							"rotation": [95.0068, 2.9886, 90.2617],
							"uv": {
								"north": {"uv": [19, 32], "uv_size": [1.5, 4]},
								"east": {"uv": [40, 46], "uv_size": [1, 4]},
								"south": {"uv": [33, 20], "uv_size": [1.5, 4]},
								"west": {"uv": [42, 46], "uv_size": [1, 4]},
								"up": {"uv": [30, 59], "uv_size": [1.5, 1]},
								"down": {"uv": [59, 34], "uv_size": [1.5, -1]}
							}
						},
						{
							"origin": [1.97453, 1.14, -8.73483],
							"size": [1.28133, 4, 0.94883],
							"pivot": [1.97453, 1.14, -7.785],
							"rotation": [95.0068, -2.9886, 89.7383],
							"uv": {
								"north": {"uv": [34, 0], "uv_size": [1.5, 4]},
								"east": {"uv": [46, 44], "uv_size": [1, 4]},
								"south": {"uv": [34, 5], "uv_size": [1.5, 4]},
								"west": {"uv": [47, 0], "uv_size": [1, 4]},
								"up": {"uv": [59, 35], "uv_size": [1.5, 1]},
								"down": {"uv": [59, 50], "uv_size": [1.5, -1]}
							}
						},
						{
							"origin": [-3.25702, -1.13933, -8.73483],
							"size": [1.28133, 4, 0.94983],
							"pivot": [-1.97569, -1.13933, -7.785],
							"rotation": [95.0068, 2.9886, -149.7383],
							"uv": {
								"north": {"uv": [31, 34], "uv_size": [1.5, 4]},
								"east": {"uv": [16, 47], "uv_size": [1, 4]},
								"south": {"uv": [6, 35], "uv_size": [1.5, 4]},
								"west": {"uv": [20, 47], "uv_size": [1, 4]},
								"up": {"uv": [59, 57], "uv_size": [1.5, 1]},
								"down": {"uv": [60, 7], "uv_size": [1.5, -1]}
							}
						},
						{
							"origin": [0, -2.27999, -8.73483],
							"size": [1.28133, 4, 0.94883],
							"pivot": [0, -2.27999, -7.785],
							"rotation": [95.0068, -2.9886, -150.2617],
							"uv": {
								"north": {"uv": [9, 35], "uv_size": [1.5, 4]},
								"east": {"uv": [47, 20], "uv_size": [1, 4]},
								"south": {"uv": [12, 35], "uv_size": [1.5, 4]},
								"west": {"uv": [22, 47], "uv_size": [1, 4]},
								"up": {"uv": [60, 8], "uv_size": [1.5, 1]},
								"down": {"uv": [39, 61], "uv_size": [1.5, -1]}
							}
						},
						{
							"origin": [1.97453, -1.13999, -8.73483],
							"size": [1.28133, 4, 0.94883],
							"pivot": [1.97453, -1.13999, -7.785],
							"rotation": [95.0068, -2.9886, 149.7383],
							"uv": {
								"north": {"uv": [34, 25], "uv_size": [1.5, 4]},
								"east": {"uv": [14, 47], "uv_size": [1, 4]},
								"south": {"uv": [34, 30], "uv_size": [1.5, 4]},
								"west": {"uv": [47, 15], "uv_size": [1, 4]},
								"up": {"uv": [59, 55], "uv_size": [1.5, 1]},
								"down": {"uv": [57, 60], "uv_size": [1.5, -1]}
							}
						},
						{
							"origin": [-1.28249, -2.28066, -8.73483],
							"size": [1.28133, 4, 0.94983],
							"pivot": [-0.00116, -2.28066, -7.785],
							"rotation": [95.0068, 2.9886, 150.2617],
							"uv": {
								"north": {"uv": [34, 10], "uv_size": [1.5, 4]},
								"east": {"uv": [47, 5], "uv_size": [1, 4]},
								"south": {"uv": [34, 15], "uv_size": [1.5, 4]},
								"west": {"uv": [47, 10], "uv_size": [1, 4]},
								"up": {"uv": [59, 51], "uv_size": [1.5, 1]},
								"down": {"uv": [59, 54], "uv_size": [1.5, -1]}
							}
						},
						{
							"origin": [0, 2.27999, -8.73483],
							"size": [1.28133, 4, 0.94883],
							"pivot": [0, 2.27999, -7.785],
							"rotation": [95.0068, -2.9886, 29.7383],
							"uv": {
								"north": {"uv": [31, 15], "uv_size": [1.5, 4]},
								"east": {"uv": [38, 46], "uv_size": [1, 4]},
								"south": {"uv": [31, 29], "uv_size": [1.5, 4]},
								"west": {"uv": [46, 39], "uv_size": [1, 4]},
								"up": {"uv": [24, 59], "uv_size": [1.5, 1]},
								"down": {"uv": [27, 60], "uv_size": [1.5, -1]}
							}
						},
						{
							"origin": [0.69436, 1.13933, -8.73483],
							"size": [1.28133, 4, 0.94983],
							"pivot": [1.97569, 1.13933, -7.785],
							"rotation": [95.0068, 2.9886, 30.2617],
							"uv": {
								"north": {"uv": [31, 5], "uv_size": [1.5, 4]},
								"east": {"uv": [10, 46], "uv_size": [1, 4]},
								"south": {"uv": [31, 10], "uv_size": [1.5, 4]},
								"west": {"uv": [12, 46], "uv_size": [1, 4]},
								"up": {"uv": [59, 0], "uv_size": [1.5, 1]},
								"down": {"uv": [12, 60], "uv_size": [1.5, -1]}
							}
						},
						{
							"origin": [-1.97453, -1.14, -8.73483],
							"size": [1.28133, 4, 0.94883],
							"pivot": [-1.97453, -1.14, -7.785],
							"rotation": [95.0068, -2.9886, -90.2617],
							"uv": {
								"north": {"uv": [30, 24], "uv_size": [1.5, 4]},
								"east": {"uv": [29, 45], "uv_size": [1, 4]},
								"south": {"uv": [25, 30], "uv_size": [1.5, 4]},
								"west": {"uv": [45, 29], "uv_size": [1, 4]},
								"up": {"uv": [58, 17], "uv_size": [1.5, 1]},
								"down": {"uv": [58, 20], "uv_size": [1.5, -1]}
							}
						},
						{
							"origin": [-3.25586, 1.14133, -8.73483],
							"size": [1.28133, 4, 0.94983],
							"pivot": [-1.97453, 1.14133, -7.785],
							"rotation": [95.0068, 2.9886, -89.7383],
							"uv": {
								"north": {"uv": [16, 30], "uv_size": [1.5, 4]},
								"east": {"uv": [43, 24], "uv_size": [1, 4]},
								"south": {"uv": [22, 30], "uv_size": [1.5, 4]},
								"west": {"uv": [45, 24], "uv_size": [1, 4]},
								"up": {"uv": [58, 13], "uv_size": [1.5, 1]},
								"down": {"uv": [58, 16], "uv_size": [1.5, -1]}
							}
						},
						{
							"origin": [-0.3325, -0.76, -17.47591],
							"size": [0.665, 2.28, 1.15182],
							"pivot": [0, 0, -16.9],
							"rotation": [90, 0, -30],
							"uv": {
								"north": {"uv": [62, 30], "uv_size": [0.5, 2.5]},
								"east": {"uv": [42, 51], "uv_size": [1, 2.5]},
								"south": {"uv": [35, 62], "uv_size": [0.5, 2.5]},
								"west": {"uv": [0, 52], "uv_size": [1, 2.5]},
								"up": {"uv": [68, 12], "uv_size": [0.5, 1]},
								"down": {"uv": [68, 15], "uv_size": [0.5, -1]}
							}
						},
						{
							"origin": [10.38427, 23.30878, -24.33776],
							"size": [0.96817, 4.67505, 0.96817],
							"inflate": 0.002,
							"pivot": [10.47469, 16.83564, -1.55389],
							"rotation": [80.5293, 5.3302, 29.1122],
							"uv": {
								"north": {"uv": [15, 35], "uv_size": [1, 4.5]},
								"east": {"uv": [17, 35], "uv_size": [1, 4.5]},
								"south": {"uv": [22, 35], "uv_size": [1, 4.5]},
								"west": {"uv": [24, 35], "uv_size": [1, 4.5]},
								"up": {"uv": [27, 8], "uv_size": [1, 1]},
								"down": {"uv": [61, 64], "uv_size": [1, -1]}
							}
						},
						{
							"origin": [8.46556, 23.96288, -24.33719],
							"size": [0.96701, 4.67389, 0.96701],
							"pivot": [9.34275, 17.48916, -1.55389],
							"rotation": [80.5293, -5.3302, 30.8878],
							"uv": {
								"north": {"uv": [26, 35], "uv_size": [1, 4.5]},
								"east": {"uv": [28, 35], "uv_size": [1, 4.5]},
								"south": {"uv": [34, 35], "uv_size": [1, 4.5]},
								"west": {"uv": [0, 36], "uv_size": [1, 4.5]},
								"up": {"uv": [63, 62], "uv_size": [1, 1]},
								"down": {"uv": [64, 3], "uv_size": [1, -1]}
							}
						},
						{
							"origin": [-9.43257, 23.96288, -24.33719],
							"size": [0.96701, 4.67389, 0.96701],
							"pivot": [-9.34275, 17.48916, -1.55389],
							"rotation": [80.5293, 5.3302, -30.8878],
							"uv": {
								"north": {"uv": [2, 36], "uv_size": [1, 4.5]},
								"east": {"uv": [4, 36], "uv_size": [1, 4.5]},
								"south": {"uv": [36, 35], "uv_size": [1, 4.5]},
								"west": {"uv": [37, 0], "uv_size": [1, 4.5]},
								"up": {"uv": [64, 4], "uv_size": [1, 1]},
								"down": {"uv": [64, 11], "uv_size": [1, -1]}
							}
						},
						{
							"origin": [-11.35244, 23.30878, -24.33776],
							"size": [0.96817, 4.67505, 0.96817],
							"inflate": 0.002,
							"pivot": [-10.47469, 16.83564, -1.55389],
							"rotation": [80.5293, -5.3302, -29.1122],
							"uv": {
								"north": {"uv": [37, 6], "uv_size": [1, 4.5]},
								"east": {"uv": [37, 12], "uv_size": [1, 4.5]},
								"south": {"uv": [37, 18], "uv_size": [1, 4.5]},
								"west": {"uv": [19, 37], "uv_size": [1, 4.5]},
								"up": {"uv": [64, 12], "uv_size": [1, 1]},
								"down": {"uv": [64, 15], "uv_size": [1, -1]}
							}
						},
						{
							"origin": [-19.90726, 7.12725, -24.33719],
							"size": [0.96701, 4.67389, 0.96701],
							"pivot": [-19.81742, 0.65352, -1.55389],
							"rotation": [80.5293, 5.3302, -90.8878],
							"uv": {
								"north": {"uv": [37, 24], "uv_size": [1, 4.5]},
								"east": {"uv": [38, 30], "uv_size": [1, 4.5]},
								"south": {"uv": [38, 36], "uv_size": [1, 4.5]},
								"west": {"uv": [39, 0], "uv_size": [1, 4.5]},
								"up": {"uv": [64, 16], "uv_size": [1, 1]},
								"down": {"uv": [17, 65], "uv_size": [1, -1]}
							}
						},
						{
							"origin": [-20.6949, 5.81992, -24.33747],
							"size": [0.96759, 4.67447, 0.96759],
							"inflate": 0.001,
							"pivot": [-19.81742, -0.65352, -1.55389],
							"rotation": [80.5293, -5.3302, -89.1122],
							"uv": {
								"north": {"uv": [39, 6], "uv_size": [1, 4.5]},
								"east": {"uv": [39, 12], "uv_size": [1, 4.5]},
								"south": {"uv": [39, 18], "uv_size": [1, 4.5]},
								"west": {"uv": [39, 24], "uv_size": [1, 4.5]},
								"up": {"uv": [64, 18], "uv_size": [1, 1]},
								"down": {"uv": [64, 21], "uv_size": [1, -1]}
							}
						},
						{
							"origin": [-10.56509, -10.3625, -24.33776],
							"size": [0.96817, 4.67505, 0.96817],
							"inflate": 0.002,
							"pivot": [-10.47469, -16.83564, -1.55389],
							"rotation": [80.5293, 5.3302, -150.8878],
							"uv": {
								"north": {"uv": [30, 39], "uv_size": [1, 4.5]},
								"east": {"uv": [32, 39], "uv_size": [1, 4.5]},
								"south": {"uv": [6, 40], "uv_size": [1, 4.5]},
								"west": {"uv": [8, 40], "uv_size": [1, 4.5]},
								"up": {"uv": [64, 22], "uv_size": [1, 1]},
								"down": {"uv": [64, 25], "uv_size": [1, -1]}
							}
						},
						{
							"origin": [-10.21993, -11.01544, -24.33719],
							"size": [0.96701, 4.67389, 0.96701],
							"pivot": [-9.34275, -17.48916, -1.55389],
							"rotation": [80.5293, -5.3302, -149.1122],
							"uv": {
								"north": {"uv": [10, 40], "uv_size": [1, 4.5]},
								"east": {"uv": [12, 40], "uv_size": [1, 4.5]},
								"south": {"uv": [40, 30], "uv_size": [1, 4.5]},
								"west": {"uv": [40, 36], "uv_size": [1, 4.5]},
								"up": {"uv": [64, 26], "uv_size": [1, 1]},
								"down": {"uv": [64, 29], "uv_size": [1, -1]}
							}
						},
						{
							"origin": [9.25292, -11.01544, -24.33719],
							"size": [0.96701, 4.67389, 0.96701],
							"pivot": [9.34275, -17.48916, -1.55389],
							"rotation": [80.5293, 5.3302, 149.1122],
							"uv": {
								"north": {"uv": [41, 0], "uv_size": [1, 4.5]},
								"east": {"uv": [41, 6], "uv_size": [1, 4.5]},
								"south": {"uv": [41, 12], "uv_size": [1, 4.5]},
								"west": {"uv": [14, 41], "uv_size": [1, 4.5]},
								"up": {"uv": [64, 30], "uv_size": [1, 1]},
								"down": {"uv": [32, 65], "uv_size": [1, -1]}
							}
						},
						{
							"origin": [9.59692, -10.3625, -24.33776],
							"size": [0.96817, 4.67505, 0.96817],
							"inflate": 0.002,
							"pivot": [10.47469, -16.83564, -1.55389],
							"rotation": [80.5293, -5.3302, 150.8878],
							"uv": {
								"north": {"uv": [16, 41], "uv_size": [1, 4.5]},
								"east": {"uv": [41, 18], "uv_size": [1, 4.5]},
								"south": {"uv": [21, 41], "uv_size": [1, 4.5]},
								"west": {"uv": [23, 41], "uv_size": [1, 4.5]},
								"up": {"uv": [64, 32], "uv_size": [1, 1]},
								"down": {"uv": [64, 37], "uv_size": [1, -1]}
							}
						},
						{
							"origin": [19.72732, 5.81992, -24.33746],
							"size": [0.96759, 4.67447, 0.96759],
							"inflate": 0.001,
							"pivot": [19.81742, -0.65352, -1.55387],
							"rotation": [80.5293, 5.3303, 89.1122],
							"uv": {
								"north": {"uv": [41, 24], "uv_size": [1, 4.5]},
								"east": {"uv": [25, 41], "uv_size": [1, 4.5]},
								"south": {"uv": [27, 41], "uv_size": [1, 4.5]},
								"west": {"uv": [34, 41], "uv_size": [1, 4.5]},
								"up": {"uv": [37, 64], "uv_size": [1, 1]},
								"down": {"uv": [64, 39], "uv_size": [1, -1]}
							}
						},
						{
							"origin": [18.94025, 7.12725, -24.33719],
							"size": [0.96701, 4.67389, 0.96701],
							"pivot": [19.81742, 0.65352, -1.55389],
							"rotation": [80.5293, -5.3302, 90.8878],
							"uv": {
								"north": {"uv": [36, 41], "uv_size": [1, 4.5]},
								"east": {"uv": [0, 42], "uv_size": [1, 4.5]},
								"south": {"uv": [2, 42], "uv_size": [1, 4.5]},
								"west": {"uv": [4, 42], "uv_size": [1, 4.5]},
								"up": {"uv": [39, 64], "uv_size": [1, 1]},
								"down": {"uv": [64, 48], "uv_size": [1, -1]}
							}
						},
						{
							"origin": [-2.05107, 0.26561, -3.50219],
							"size": [0.74991, 0.49232, 4.0271],
							"pivot": [-1.30116, 0.75793, -1.86219],
							"rotation": [-12.25, -22.5, -120],
							"uv": {
								"north": {"uv": [17, 71], "uv_size": [0.5, 0.5]},
								"east": {"uv": [53, 39], "uv_size": [4, 0.5]},
								"south": {"uv": [19, 71], "uv_size": [0.5, 0.5]},
								"west": {"uv": [53, 41], "uv_size": [4, 0.5]},
								"up": {"uv": [18, 53], "uv_size": [0.5, 4]},
								"down": {"uv": [53, 47], "uv_size": [0.5, -4]}
							}
						},
						{
							"origin": [-0.75479, 1.50634, -3.50219],
							"size": [0.74911, 0.49232, 4.0271],
							"pivot": [-0.00488, 1.50634, -1.86219],
							"rotation": [12.25, -22.5, -120],
							"uv": {
								"north": {"uv": [21, 71], "uv_size": [0.5, 0.5]},
								"east": {"uv": [50, 53], "uv_size": [4, 0.5]},
								"south": {"uv": [23, 71], "uv_size": [0.5, 0.5]},
								"west": {"uv": [54, 0], "uv_size": [4, 0.5]},
								"up": {"uv": [54, 2], "uv_size": [0.5, 4]},
								"down": {"uv": [54, 11], "uv_size": [0.5, -4]}
							}
						},
						{
							"origin": [-1.19143, 0.95243, -3.56136],
							"size": [0.74909, 1.23055, 1.54616],
							"pivot": [-0.44152, 1.3004, -1.9587],
							"rotation": [0, -22.5, -120],
							"uv": {
								"north": {"uv": [2, 70], "uv_size": [0.5, 1]},
								"east": {"uv": [60, 59], "uv_size": [1.5, 1]},
								"south": {"uv": [70, 2], "uv_size": [0.5, 1]},
								"west": {"uv": [0, 61], "uv_size": [1.5, 1]},
								"up": {"uv": [16, 66], "uv_size": [0.5, 1.5]},
								"down": {"uv": [66, 17.5], "uv_size": [0.5, -1.5]}
							}
						},
						{
							"origin": [-1.19143, 1.15743, -2.0152],
							"size": [0.74909, 0.82055, 1.64],
							"pivot": [-0.44152, 1.3004, -1.9587],
							"rotation": [0, -22.5, -120],
							"uv": {
								"north": {"uv": [4, 70], "uv_size": [0.5, 1]},
								"east": {"uv": [61, 2], "uv_size": [1.5, 1]},
								"south": {"uv": [70, 4], "uv_size": [0.5, 1]},
								"west": {"uv": [61, 4], "uv_size": [1.5, 1]},
								"up": {"uv": [18, 66], "uv_size": [0.5, 1.5]},
								"down": {"uv": [66, 20.5], "uv_size": [0.5, -1.5]}
							}
						},
						{
							"origin": [0.55706, 0.25556, -3.50219],
							"size": [0.74991, 0.49232, 4.0271],
							"pivot": [1.30696, 0.74787, -1.86219],
							"rotation": [-12.25, -22.5, 0],
							"uv": {
								"north": {"uv": [36, 71], "uv_size": [0.5, 0.5]},
								"east": {"uv": [55, 47], "uv_size": [4, 0.5]},
								"south": {"uv": [38, 71], "uv_size": [0.5, 0.5]},
								"west": {"uv": [50, 55], "uv_size": [4, 0.5]},
								"up": {"uv": [42, 55], "uv_size": [0.5, 4]},
								"down": {"uv": [55, 57], "uv_size": [0.5, -4]}
							}
						},
						{
							"origin": [0.55706, -0.74894, -3.50219],
							"size": [0.74911, 0.49232, 4.0271],
							"pivot": [1.30696, -0.74894, -1.86219],
							"rotation": [12.25, -22.5, 0],
							"uv": {
								"north": {"uv": [71, 39], "uv_size": [0.5, 0.5]},
								"east": {"uv": [56, 2], "uv_size": [4, 0.5]},
								"south": {"uv": [40, 71], "uv_size": [0.5, 0.5]},
								"west": {"uv": [56, 4], "uv_size": [4, 0.5]},
								"up": {"uv": [0, 56], "uv_size": [0.5, 4]},
								"down": {"uv": [56, 10], "uv_size": [0.5, -4]}
							}
						},
						{
							"origin": [0.59703, -0.61581, -3.56136],
							"size": [0.74909, 1.23055, 1.54616],
							"pivot": [1.34694, -0.26784, -1.9587],
							"rotation": [0, -22.5, 0],
							"uv": {
								"north": {"uv": [70, 13], "uv_size": [0.5, 1]},
								"east": {"uv": [61, 16], "uv_size": [1.5, 1]},
								"south": {"uv": [70, 15], "uv_size": [0.5, 1]},
								"west": {"uv": [61, 18], "uv_size": [1.5, 1]},
								"up": {"uv": [66, 28], "uv_size": [0.5, 1.5]},
								"down": {"uv": [66, 32.5], "uv_size": [0.5, -1.5]}
							}
						},
						{
							"origin": [0.59703, -0.41081, -2.0152],
							"size": [0.74909, 0.82055, 1.64],
							"pivot": [1.34694, -0.26784, -1.9587],
							"rotation": [0, -22.5, 0],
							"uv": {
								"north": {"uv": [70, 17], "uv_size": [0.5, 1]},
								"east": {"uv": [61, 20], "uv_size": [1.5, 1]},
								"south": {"uv": [70, 19], "uv_size": [0.5, 1]},
								"west": {"uv": [24, 61], "uv_size": [1.5, 1]},
								"up": {"uv": [32, 66], "uv_size": [0.5, 1.5]},
								"down": {"uv": [34, 67.5], "uv_size": [0.5, -1.5]}
							}
						},
						{
							"origin": [-1.65533, -1.17554, -2.0152],
							"size": [0.74909, 0.82055, 1.64],
							"pivot": [-0.90542, -1.03257, -1.9587],
							"rotation": [0, -22.5, 120],
							"uv": {
								"north": {"uv": [70, 31], "uv_size": [0.5, 1]},
								"east": {"uv": [60, 61], "uv_size": [1.5, 1]},
								"south": {"uv": [70, 33], "uv_size": [0.5, 1]},
								"west": {"uv": [62, 0], "uv_size": [1.5, 1]},
								"up": {"uv": [48, 66], "uv_size": [0.5, 1.5]},
								"down": {"uv": [50, 67.5], "uv_size": [0.5, -1.5]}
							}
						},
						{
							"origin": [-1.65533, -1.38054, -3.56136],
							"size": [0.74909, 1.23055, 1.54616],
							"pivot": [-0.90542, -1.03257, -1.9587],
							"rotation": [0, -22.5, 120],
							"uv": {
								"north": {"uv": [70, 27], "uv_size": [0.5, 1]},
								"east": {"uv": [46, 61], "uv_size": [1.5, 1]},
								"south": {"uv": [70, 29], "uv_size": [0.5, 1]},
								"west": {"uv": [57, 61], "uv_size": [1.5, 1]},
								"up": {"uv": [43, 66], "uv_size": [0.5, 1.5]},
								"down": {"uv": [66, 48.5], "uv_size": [0.5, -1.5]}
							}
						},
						{
							"origin": [-2.05199, -0.75739, -3.50219],
							"size": [0.74911, 0.49232, 4.0271],
							"pivot": [-1.30209, -0.75739, -1.86219],
							"rotation": [12.25, -22.5, 120],
							"uv": {
								"north": {"uv": [50, 71], "uv_size": [0.5, 0.5]},
								"east": {"uv": [57, 29], "uv_size": [4, 0.5]},
								"south": {"uv": [52, 71], "uv_size": [0.5, 0.5]},
								"west": {"uv": [57, 31], "uv_size": [4, 0.5]},
								"up": {"uv": [22, 57], "uv_size": [0.5, 4]},
								"down": {"uv": [57, 37], "uv_size": [0.5, -4]}
							}
						},
						{
							"origin": [-0.75571, -1.99812, -3.50219],
							"size": [0.74991, 0.49232, 4.0271],
							"pivot": [-0.0058, -1.5058, -1.86219],
							"rotation": [-12.25, -22.5, 120],
							"uv": {
								"north": {"uv": [46, 71], "uv_size": [0.5, 0.5]},
								"east": {"uv": [57, 27], "uv_size": [4, 0.5]},
								"south": {"uv": [48, 71], "uv_size": [0.5, 0.5]},
								"west": {"uv": [28, 57], "uv_size": [4, 0.5]},
								"up": {"uv": [16, 57], "uv_size": [0.5, 4]},
								"down": {"uv": [20, 61], "uv_size": [0.5, -4]}
							}
						},
						{
							"origin": [-0.30839, -1.44337, -2.0152],
							"size": [0.74909, 0.82055, 1.64],
							"pivot": [0.44152, -1.3004, -1.9587],
							"rotation": [0, -22.5, 60],
							"uv": {
								"north": {"uv": [70, 25], "uv_size": [0.5, 1]},
								"east": {"uv": [61, 37], "uv_size": [1.5, 1]},
								"south": {"uv": [26, 70], "uv_size": [0.5, 1]},
								"west": {"uv": [61, 39], "uv_size": [1.5, 1]},
								"up": {"uv": [66, 37], "uv_size": [0.5, 1.5]},
								"down": {"uv": [38, 67.5], "uv_size": [0.5, -1.5]}
							}
						},
						{
							"origin": [-0.30839, -1.64837, -3.56136],
							"size": [0.74909, 1.23055, 1.54616],
							"pivot": [0.44152, -1.3004, -1.9587],
							"rotation": [0, -22.5, 60],
							"uv": {
								"north": {"uv": [70, 21], "uv_size": [0.5, 1]},
								"east": {"uv": [27, 61], "uv_size": [1.5, 1]},
								"south": {"uv": [70, 23], "uv_size": [0.5, 1]},
								"west": {"uv": [30, 61], "uv_size": [1.5, 1]},
								"up": {"uv": [66, 34], "uv_size": [0.5, 1.5]},
								"down": {"uv": [36, 67.5], "uv_size": [0.5, -1.5]}
							}
						},
						{
							"origin": [-0.74503, -1.50634, -3.50219],
							"size": [0.74911, 0.49232, 4.0271],
							"pivot": [0.00488, -1.50634, -1.86219],
							"rotation": [12.25, -22.5, 60],
							"uv": {
								"north": {"uv": [71, 43], "uv_size": [0.5, 0.5]},
								"east": {"uv": [57, 23], "uv_size": [4, 0.5]},
								"south": {"uv": [44, 71], "uv_size": [0.5, 0.5]},
								"west": {"uv": [57, 25], "uv_size": [4, 0.5]},
								"up": {"uv": [46, 56], "uv_size": [0.5, 4]},
								"down": {"uv": [48, 60], "uv_size": [0.5, -4]}
							}
						},
						{
							"origin": [0.55125, -1.25024, -3.50219],
							"size": [0.74991, 0.49232, 4.0271],
							"pivot": [1.30116, -0.75793, -1.86219],
							"rotation": [-12.25, -22.5, 60],
							"uv": {
								"north": {"uv": [71, 41], "uv_size": [0.5, 0.5]},
								"east": {"uv": [9, 56], "uv_size": [4, 0.5]},
								"south": {"uv": [42, 71], "uv_size": [0.5, 0.5]},
								"west": {"uv": [56, 11], "uv_size": [4, 0.5]},
								"up": {"uv": [56, 13], "uv_size": [0.5, 4]},
								"down": {"uv": [56, 22], "uv_size": [0.5, -4]}
							}
						},
						{
							"origin": [0.15551, 0.88959, -2.0152],
							"size": [0.74909, 0.82055, 1.64],
							"pivot": [0.90542, 1.03257, -1.9587],
							"rotation": [0, -22.5, -60],
							"uv": {
								"north": {"uv": [70, 11], "uv_size": [0.5, 1]},
								"east": {"uv": [61, 12], "uv_size": [1.5, 1]},
								"south": {"uv": [13, 70], "uv_size": [0.5, 1]},
								"west": {"uv": [61, 14], "uv_size": [1.5, 1]},
								"up": {"uv": [66, 22], "uv_size": [0.5, 1.5]},
								"down": {"uv": [66, 26.5], "uv_size": [0.5, -1.5]}
							}
						},
						{
							"origin": [0.15551, 0.68459, -3.56136],
							"size": [0.74909, 1.23055, 1.54616],
							"pivot": [0.90542, 1.03257, -1.9587],
							"rotation": [0, -22.5, -60],
							"uv": {
								"north": {"uv": [8, 70], "uv_size": [0.5, 1]},
								"east": {"uv": [61, 10], "uv_size": [1.5, 1]},
								"south": {"uv": [70, 9], "uv_size": [0.5, 1]},
								"west": {"uv": [12, 61], "uv_size": [1.5, 1]},
								"up": {"uv": [20, 66], "uv_size": [0.5, 1.5]},
								"down": {"uv": [22, 67.5], "uv_size": [0.5, -1.5]}
							}
						},
						{
							"origin": [0.55218, 0.75739, -3.50219],
							"size": [0.74911, 0.49232, 4.0271],
							"pivot": [1.30209, 0.75739, -1.86219],
							"rotation": [12.25, -22.5, -60],
							"uv": {
								"north": {"uv": [32, 71], "uv_size": [0.5, 0.5]},
								"east": {"uv": [55, 43], "uv_size": [4, 0.5]},
								"south": {"uv": [34, 71], "uv_size": [0.5, 0.5]},
								"west": {"uv": [55, 45], "uv_size": [4, 0.5]},
								"up": {"uv": [2, 55], "uv_size": [0.5, 4]},
								"down": {"uv": [40, 59], "uv_size": [0.5, -4]}
							}
						},
						{
							"origin": [-0.7441, 1.01348, -3.50219],
							"size": [0.74991, 0.49232, 4.0271],
							"pivot": [0.0058, 1.5058, -1.86219],
							"rotation": [-12.25, -22.5, -60],
							"uv": {
								"north": {"uv": [28, 71], "uv_size": [0.5, 0.5]},
								"east": {"uv": [9, 54], "uv_size": [4, 0.5]},
								"south": {"uv": [30, 71], "uv_size": [0.5, 0.5]},
								"west": {"uv": [35, 55], "uv_size": [4, 0.5]},
								"up": {"uv": [14, 54], "uv_size": [0.5, 4]},
								"down": {"uv": [26, 58], "uv_size": [0.5, -4]}
							}
						},
						{
							"origin": [-2.09685, 0.12486, -2.0152],
							"size": [0.74909, 0.82055, 1.64],
							"pivot": [-1.34694, 0.26784, -1.9587],
							"rotation": [0, -22.5, -180],
							"uv": {
								"north": {"uv": [0, 70], "uv_size": [0.5, 1]},
								"east": {"uv": [60, 46], "uv_size": [1.5, 1]},
								"south": {"uv": [70, 0], "uv_size": [0.5, 1]},
								"west": {"uv": [54, 60], "uv_size": [1.5, 1]},
								"up": {"uv": [66, 10], "uv_size": [0.5, 1.5]},
								"down": {"uv": [66, 14.5], "uv_size": [0.5, -1.5]}
							}
						},
						{
							"origin": [-2.09685, -0.08014, -3.56136],
							"size": [0.74909, 1.23055, 1.54616],
							"pivot": [-1.34694, 0.26784, -1.9587],
							"rotation": [0, -22.5, -180],
							"uv": {
								"north": {"uv": [68, 16], "uv_size": [0.5, 1]},
								"east": {"uv": [60, 42], "uv_size": [1.5, 1]},
								"south": {"uv": [68, 18], "uv_size": [0.5, 1]},
								"west": {"uv": [60, 44], "uv_size": [1.5, 1]},
								"up": {"uv": [65, 64], "uv_size": [0.5, 1.5]},
								"down": {"uv": [66, 3.5], "uv_size": [0.5, -1.5]}
							}
						},
						{
							"origin": [-2.05687, 0.74894, -3.50219],
							"size": [0.74911, 0.49232, 4.0271],
							"pivot": [-1.30696, 0.74894, -1.86219],
							"rotation": [12.25, -22.5, -180],
							"uv": {
								"north": {"uv": [10, 71], "uv_size": [0.5, 0.5]},
								"east": {"uv": [52, 28], "uv_size": [4, 0.5]},
								"south": {"uv": [15, 71], "uv_size": [0.5, 0.5]},
								"west": {"uv": [52, 37], "uv_size": [4, 0.5]},
								"up": {"uv": [22, 52], "uv_size": [0.5, 4]},
								"down": {"uv": [44, 56], "uv_size": [0.5, -4]}
							}
						},
						{
							"origin": [-2.05687, -1.24019, -3.50219],
							"size": [0.74991, 0.49232, 4.0271],
							"pivot": [-1.30696, -0.74787, -1.86219],
							"rotation": [-12.25, -22.5, -180],
							"uv": {
								"north": {"uv": [6, 71], "uv_size": [0.5, 0.5]},
								"east": {"uv": [52, 24], "uv_size": [4, 0.5]},
								"south": {"uv": [71, 6], "uv_size": [0.5, 0.5]},
								"west": {"uv": [52, 26], "uv_size": [4, 0.5]},
								"up": {"uv": [16, 52], "uv_size": [0.5, 4]},
								"down": {"uv": [20, 56], "uv_size": [0.5, -4]}
							}
						}
					]
				}
			]
		}
	]
}