{
	"format_version": "1.12.0",
	"minecraft:geometry": [
		{
			"description": {
				"identifier": "geometry.glock_17 - Converted",
				"texture_width": 64,
				"texture_height": 64,
				"visible_bounds_width": 9,
				"visible_bounds_height": 4,
				"visible_bounds_offset": [0, 1, 0]
			},
			"bones": [
				{
					"name": "sight",
					"pivot": [0.0043, -0.00847, -0.0005]
				},
				{
					"name": "bone38",
					"parent": "sight",
					"pivot": [0, -7.42187, -18]
				},
				{
					"name": "bone60",
					"parent": "sight",
					"pivot": [0, -7.42187, 4.4375],
					"cubes": [
						{
							"origin": [-0.57813, -0.25, 0.03125],
							"size": [1.15625, 0.4375, 0.4375],
							"uv": {
								"north": {"uv": [0, 0], "uv_size": [1.25, 0.5]},
								"east": {"uv": [15, 12], "uv_size": [0.5, 0.5]},
								"south": {"uv": [0, 2], "uv_size": [1.25, 0.5]},
								"west": {"uv": [15, 14], "uv_size": [0.5, 0.5]},
								"up": {"uv": [3, 0], "uv_size": [1.25, 0.5]},
								"down": {"uv": [3, 2.5], "uv_size": [1.25, -0.5]}
							}
						},
						{
							"origin": [-0.57813, -0.25, 0.46875],
							"size": [1.15625, 0.3125, 0.5],
							"uv": {
								"north": {"uv": [12, 12], "uv_size": [1.25, 0.25]},
								"east": {"uv": [14, 18], "uv_size": [0.5, 0.25]},
								"south": {"uv": [0, 14], "uv_size": [1.25, 0.25]},
								"west": {"uv": [16, 18], "uv_size": [0.5, 0.25]},
								"up": {"uv": [0, 4], "uv_size": [1.25, 0.5]},
								"down": {"uv": [3, 4.5], "uv_size": [1.25, -0.5]}
							}
						},
						{
							"origin": [0.2612, 0.65376, 0.03125],
							"size": [0.24307, 0.177, 0.4375],
							"pivot": [0.38273, 0.74226, 0.25],
							"rotation": [0, 0, 135],
							"uv": {
								"north": {"uv": [0, 24], "uv_size": [0.25, 0.25]},
								"east": {"uv": [18, 16], "uv_size": [0.5, 0.25]},
								"south": {"uv": [2, 24], "uv_size": [0.25, 0.25]},
								"west": {"uv": [18, 18], "uv_size": [0.5, 0.25]},
								"up": {"uv": [19, 0], "uv_size": [0.25, 0.5]},
								"down": {"uv": [19, 2.5], "uv_size": [0.25, -0.5]}
							}
						},
						{
							"origin": [-0.57813, -0.13415, 0.47569],
							"size": [1.15625, 0.375, 0.4375],
							"pivot": [-0.00001, 0.0846, 0.72569],
							"rotation": [-45, 0, 0],
							"uv": {
								"north": {"uv": [0, 6], "uv_size": [1.25, 0.5]},
								"east": {"uv": [0, 16], "uv_size": [0.5, 0.5]},
								"south": {"uv": [6, 0], "uv_size": [1.25, 0.5]},
								"west": {"uv": [2, 16], "uv_size": [0.5, 0.5]},
								"up": {"uv": [6, 2], "uv_size": [1.25, 0.5]},
								"down": {"uv": [3, 6.5], "uv_size": [1.25, -0.5]}
							}
						},
						{
							"origin": [-0.47115, 0.62054, 0.03125],
							"size": [0.17699, 0.24329, 0.4375],
							"pivot": [-0.38266, 0.74218, 0.25],
							"rotation": [0, 0, -45],
							"uv": {
								"north": {"uv": [4, 24], "uv_size": [0.25, 0.25]},
								"east": {"uv": [19, 4], "uv_size": [0.5, 0.25]},
								"south": {"uv": [6, 24], "uv_size": [0.25, 0.25]},
								"west": {"uv": [19, 6], "uv_size": [0.5, 0.25]},
								"up": {"uv": [19, 8], "uv_size": [0.25, 0.5]},
								"down": {"uv": [19, 10.5], "uv_size": [0.25, -0.5]}
							}
						},
						{
							"origin": [-0.40624, 0.18751, 0.03125],
							"size": [0.8125, 0.54688, 0.4375],
							"inflate": 0.0001,
							"uv": {
								"north": {"uv": [0, 12], "uv_size": [0.75, 0.75]},
								"east": {"uv": [4, 12], "uv_size": [0.5, 0.75]},
								"south": {"uv": [12, 0], "uv_size": [0.75, 0.75]},
								"west": {"uv": [12, 4], "uv_size": [0.5, 0.75]},
								"up": {"uv": [6, 12], "uv_size": [0.75, 0.5]},
								"down": {"uv": [12, 6.5], "uv_size": [0.75, -0.5]}
							}
						},
						{
							"origin": [-0.40624, 0.13619, 0.11742],
							"size": [0.8125, 0.5625, 0.375],
							"pivot": [0.00001, 0.29244, 0.33617],
							"rotation": [-45, 0, 0],
							"uv": {
								"north": {"uv": [2, 12], "uv_size": [0.75, 0.75]},
								"east": {"uv": [8, 12], "uv_size": [0.5, 0.75]},
								"south": {"uv": [12, 2], "uv_size": [0.75, 0.75]},
								"west": {"uv": [12, 8], "uv_size": [0.5, 0.75]},
								"up": {"uv": [10, 12], "uv_size": [0.75, 0.5]},
								"down": {"uv": [12, 10.5], "uv_size": [0.75, -0.5]}
							}
						}
					]
				},
				{
					"name": "rear2",
					"parent": "bone60",
					"pivot": [0, -15.04687, -17.34375]
				},
				{
					"name": "group14",
					"parent": "rear2",
					"pivot": [-0.0625, 0.32704, 0.25],
					"cubes": [
						{
							"origin": [0.40625, 0.76563, 0.03125],
							"size": [0.125, 0.5, 0.4375],
							"uv": {
								"north": {"uv": [19, 12], "uv_size": [0.25, 0.5]},
								"east": {"uv": [4, 16], "uv_size": [0.5, 0.5]},
								"south": {"uv": [19, 14], "uv_size": [0.25, 0.5]},
								"west": {"uv": [6, 16], "uv_size": [0.5, 0.5]},
								"up": {"uv": [0, 20], "uv_size": [0.25, 0.5]},
								"down": {"uv": [2, 20.5], "uv_size": [0.25, -0.5]}
							}
						},
						{
							"origin": [0.40625, 1.20313, 0.05714],
							"size": [0.125, 0.125, 0.125],
							"pivot": [0.46875, 1.26563, 0.11964],
							"rotation": [-45, 0, 0],
							"uv": {
								"north": {"uv": [8, 24], "uv_size": [0.25, 0.25]},
								"east": {"uv": [10, 24], "uv_size": [0.25, 0.25]},
								"south": {"uv": [12, 24], "uv_size": [0.25, 0.25]},
								"west": {"uv": [14, 24], "uv_size": [0.25, 0.25]},
								"up": {"uv": [16, 24], "uv_size": [0.25, 0.25]},
								"down": {"uv": [24, 16.25], "uv_size": [0.25, -0.25]}
							}
						},
						{
							"origin": [-0.53125, 1.20313, 0.05714],
							"size": [0.125, 0.125, 0.125],
							"pivot": [-0.46875, 1.26563, 0.11964],
							"rotation": [-45, 0, 0],
							"uv": {
								"north": {"uv": [18, 24], "uv_size": [0.25, 0.25]},
								"east": {"uv": [24, 18], "uv_size": [0.25, 0.25]},
								"south": {"uv": [20, 24], "uv_size": [0.25, 0.25]},
								"west": {"uv": [24, 20], "uv_size": [0.25, 0.25]},
								"up": {"uv": [22, 24], "uv_size": [0.25, 0.25]},
								"down": {"uv": [24, 22.25], "uv_size": [0.25, -0.25]}
							}
						},
						{
							"origin": [-0.53125, 1.20313, 0.31786],
							"size": [0.125, 0.125, 0.125],
							"pivot": [-0.46875, 1.26563, 0.38036],
							"rotation": [-45, 0, 0],
							"uv": {
								"north": {"uv": [24, 24], "uv_size": [0.25, 0.25]},
								"east": {"uv": [25, 0], "uv_size": [0.25, 0.25]},
								"south": {"uv": [25, 2], "uv_size": [0.25, 0.25]},
								"west": {"uv": [25, 4], "uv_size": [0.25, 0.25]},
								"up": {"uv": [25, 6], "uv_size": [0.25, 0.25]},
								"down": {"uv": [25, 8.25], "uv_size": [0.25, -0.25]}
							}
						},
						{
							"origin": [0.40625, 1.20313, 0.31786],
							"size": [0.125, 0.125, 0.125],
							"pivot": [0.46875, 1.26563, 0.38036],
							"rotation": [-45, 0, 0],
							"uv": {
								"north": {"uv": [25, 10], "uv_size": [0.25, 0.25]},
								"east": {"uv": [25, 12], "uv_size": [0.25, 0.25]},
								"south": {"uv": [25, 14], "uv_size": [0.25, 0.25]},
								"west": {"uv": [0, 26], "uv_size": [0.25, 0.25]},
								"up": {"uv": [2, 26], "uv_size": [0.25, 0.25]},
								"down": {"uv": [4, 26.25], "uv_size": [0.25, -0.25]}
							}
						},
						{
							"origin": [-0.53125, 0.76563, 0.03125],
							"size": [0.125, 0.5, 0.4375],
							"uv": {
								"north": {"uv": [4, 20], "uv_size": [0.25, 0.5]},
								"east": {"uv": [8, 16], "uv_size": [0.5, 0.5]},
								"south": {"uv": [6, 20], "uv_size": [0.25, 0.5]},
								"west": {"uv": [10, 16], "uv_size": [0.5, 0.5]},
								"up": {"uv": [8, 20], "uv_size": [0.25, 0.5]},
								"down": {"uv": [10, 20.5], "uv_size": [0.25, -0.5]}
							}
						},
						{
							"origin": [0.40625, 1.26027, 0.11964],
							"size": [0.125, 0.09375, 0.259],
							"uv": {
								"north": {"uv": [6, 26], "uv_size": [0.25, 0.25]},
								"east": {"uv": [8, 26], "uv_size": [0.25, 0.25]},
								"south": {"uv": [10, 26], "uv_size": [0.25, 0.25]},
								"west": {"uv": [12, 26], "uv_size": [0.25, 0.25]},
								"up": {"uv": [14, 26], "uv_size": [0.25, 0.25]},
								"down": {"uv": [16, 26.25], "uv_size": [0.25, -0.25]}
							}
						},
						{
							"origin": [-0.53125, 1.26027, 0.11964],
							"size": [0.125, 0.09375, 0.259],
							"uv": {
								"north": {"uv": [26, 16], "uv_size": [0.25, 0.25]},
								"east": {"uv": [18, 26], "uv_size": [0.25, 0.25]},
								"south": {"uv": [26, 18], "uv_size": [0.25, 0.25]},
								"west": {"uv": [20, 26], "uv_size": [0.25, 0.25]},
								"up": {"uv": [26, 20], "uv_size": [0.25, 0.25]},
								"down": {"uv": [22, 26.25], "uv_size": [0.25, -0.25]}
							}
						},
						{
							"origin": [-0.46875, 0.2653, 0.18673],
							"size": [0.9375, 0.125, 0.125],
							"pivot": [0.0625, 0.32704, 0.25],
							"rotation": [-45, 0, 0],
							"uv": {
								"north": {"uv": [12, 16], "uv_size": [1, 0.25]},
								"east": {"uv": [26, 22], "uv_size": [0.25, 0.25]},
								"south": {"uv": [14, 16], "uv_size": [1, 0.25]},
								"west": {"uv": [24, 26], "uv_size": [0.25, 0.25]},
								"up": {"uv": [16, 16], "uv_size": [1, 0.25]},
								"down": {"uv": [17, 0.25], "uv_size": [1, -0.25]}
							}
						}
					]
				},
				{
					"name": "group15",
					"parent": "group14",
					"pivot": [-0.0625, -7.17296, -7],
					"cubes": [
						{
							"origin": [-0.65625, 0.68136, -0.16683],
							"size": [1.3125, 0.125, 0.125],
							"pivot": [-0.0625, 0.38954, 0.25],
							"rotation": [-45, 0, 0],
							"uv": {
								"north": {"uv": [14, 0], "uv_size": [1.25, 0.25]},
								"east": {"uv": [26, 24], "uv_size": [0.25, 0.25]},
								"south": {"uv": [14, 2], "uv_size": [1.25, 0.25]},
								"west": {"uv": [26, 26], "uv_size": [0.25, 0.25]},
								"up": {"uv": [3, 14], "uv_size": [1.25, 0.25]},
								"down": {"uv": [14, 4.25], "uv_size": [1.25, -0.25]}
							}
						},
						{
							"origin": [-0.25, 0.80636, -0.10433],
							"size": [0.5, 0.0625, 0.3125],
							"pivot": [-0.0625, 0.51454, 0.25],
							"rotation": [-45, 0, 0],
							"uv": {
								"north": {"uv": [12, 20], "uv_size": [0.5, 0.25]},
								"east": {"uv": [27, 0], "uv_size": [0.25, 0.25]},
								"south": {"uv": [14, 20], "uv_size": [0.5, 0.25]},
								"west": {"uv": [27, 2], "uv_size": [0.25, 0.25]},
								"up": {"uv": [16, 20], "uv_size": [0.5, 0.25]},
								"down": {"uv": [20, 16.25], "uv_size": [0.5, -0.25]}
							}
						},
						{
							"origin": [-0.375, 0.74386, -0.04183],
							"size": [0.75, 0.0625, 0.28125],
							"pivot": [-0.0625, 0.51454, 0.25],
							"rotation": [-45, 0, 0],
							"uv": {
								"north": {"uv": [17, 14], "uv_size": [0.75, 0.25]},
								"east": {"uv": [27, 4], "uv_size": [0.25, 0.25]},
								"south": {"uv": [0, 18], "uv_size": [0.75, 0.25]},
								"west": {"uv": [27, 6], "uv_size": [0.25, 0.25]},
								"up": {"uv": [2, 18], "uv_size": [0.75, 0.25]},
								"down": {"uv": [4, 18.25], "uv_size": [0.75, -0.25]}
							}
						},
						{
							"origin": [-0.10355, 1.39063, 0.1875],
							"size": [0.2071, 0.0625, 0.125],
							"uv": {
								"north": {"uv": [27, 8], "uv_size": [0.25, 0.25]},
								"east": {"uv": [27, 10], "uv_size": [0.25, 0.25]},
								"south": {"uv": [27, 12], "uv_size": [0.25, 0.25]},
								"west": {"uv": [27, 14], "uv_size": [0.25, 0.25]},
								"up": {"uv": [0, 28], "uv_size": [0.25, 0.25]},
								"down": {"uv": [2, 28.25], "uv_size": [0.25, -0.25]}
							}
						},
						{
							"origin": [0.1875, 1.1152, 0.1875],
							"size": [0.07812, 0.17586, 0.125],
							"pivot": [0, 1.20313, 0.21875],
							"rotation": [0, 0, 45],
							"uv": {
								"north": {"uv": [4, 28], "uv_size": [0.25, 0.25]},
								"east": {"uv": [6, 28], "uv_size": [0.25, 0.25]},
								"south": {"uv": [8, 28], "uv_size": [0.25, 0.25]},
								"west": {"uv": [10, 28], "uv_size": [0.25, 0.25]},
								"up": {"uv": [12, 28], "uv_size": [0.25, 0.25]},
								"down": {"uv": [14, 28.25], "uv_size": [0.25, -0.25]}
							}
						},
						{
							"origin": [0.1875, 1.01563, 0.1875],
							"size": [0.0625, 0.29105, 0.125],
							"uv": {
								"north": {"uv": [16, 28], "uv_size": [0.25, 0.25]},
								"east": {"uv": [28, 16], "uv_size": [0.25, 0.25]},
								"south": {"uv": [18, 28], "uv_size": [0.25, 0.25]},
								"west": {"uv": [28, 18], "uv_size": [0.25, 0.25]},
								"up": {"uv": [20, 28], "uv_size": [0.25, 0.25]},
								"down": {"uv": [28, 20.25], "uv_size": [0.25, -0.25]}
							}
						},
						{
							"origin": [-0.25, 1.09957, 0.1875],
							"size": [0.0625, 0.2071, 0.125],
							"pivot": [0, 1.20313, 0.21875],
							"rotation": [0, 0, 45],
							"uv": {
								"north": {"uv": [22, 28], "uv_size": [0.25, 0.25]},
								"east": {"uv": [28, 22], "uv_size": [0.25, 0.25]},
								"south": {"uv": [24, 28], "uv_size": [0.25, 0.25]},
								"west": {"uv": [28, 24], "uv_size": [0.25, 0.25]},
								"up": {"uv": [26, 28], "uv_size": [0.25, 0.25]},
								"down": {"uv": [28, 26.25], "uv_size": [0.25, -0.25]}
							}
						},
						{
							"origin": [-0.25, 1.01563, 0.1875],
							"size": [0.0625, 0.29105, 0.125],
							"uv": {
								"north": {"uv": [28, 28], "uv_size": [0.25, 0.25]},
								"east": {"uv": [29, 0], "uv_size": [0.25, 0.25]},
								"south": {"uv": [29, 2], "uv_size": [0.25, 0.25]},
								"west": {"uv": [29, 4], "uv_size": [0.25, 0.25]},
								"up": {"uv": [29, 6], "uv_size": [0.25, 0.25]},
								"down": {"uv": [29, 8.25], "uv_size": [0.25, -0.25]}
							}
						},
						{
							"origin": [-0.10355, 1.39063, 0.1875],
							"size": [0.2071, 0.0625, 0.125],
							"pivot": [0, 1.20313, 0.21875],
							"rotation": [0, 0, 45],
							"uv": {
								"north": {"uv": [29, 10], "uv_size": [0.25, 0.25]},
								"east": {"uv": [29, 12], "uv_size": [0.25, 0.25]},
								"south": {"uv": [29, 14], "uv_size": [0.25, 0.25]},
								"west": {"uv": [0, 30], "uv_size": [0.25, 0.25]},
								"up": {"uv": [2, 30], "uv_size": [0.25, 0.25]},
								"down": {"uv": [4, 30.25], "uv_size": [0.25, -0.25]}
							}
						},
						{
							"origin": [-0.08793, 0.9375, 0.1875],
							"size": [0.17586, 0.07812, 0.125],
							"pivot": [0, 1.20313, 0.21875],
							"rotation": [0, 0, 45],
							"uv": {
								"north": {"uv": [6, 30], "uv_size": [0.25, 0.25]},
								"east": {"uv": [8, 30], "uv_size": [0.25, 0.25]},
								"south": {"uv": [10, 30], "uv_size": [0.25, 0.25]},
								"west": {"uv": [12, 30], "uv_size": [0.25, 0.25]},
								"up": {"uv": [14, 30], "uv_size": [0.25, 0.25]},
								"down": {"uv": [16, 30.25], "uv_size": [0.25, -0.25]}
							}
						},
						{
							"origin": [-0.25, 0.89063, 0.1875],
							"size": [0.5, 0.125, 0.12501],
							"uv": {
								"north": {"uv": [18, 20], "uv_size": [0.5, 0.25]},
								"east": {"uv": [30, 16], "uv_size": [0.25, 0.25]},
								"south": {"uv": [20, 18], "uv_size": [0.5, 0.25]},
								"west": {"uv": [18, 30], "uv_size": [0.25, 0.25]},
								"up": {"uv": [20, 20], "uv_size": [0.5, 0.25]},
								"down": {"uv": [21, 0.25], "uv_size": [0.5, -0.25]}
							}
						},
						{
							"origin": [-0.10937, 0.95313, -4],
							"size": [0.21875, 0.0625, 0.12501],
							"uv": {
								"north": {"uv": [18, 20], "uv_size": [0.5, 0.25]},
								"east": {"uv": [30, 16], "uv_size": [0.25, 0.25]},
								"south": {"uv": [20, 18], "uv_size": [0.5, 0.25]},
								"west": {"uv": [18, 30], "uv_size": [0.25, 0.25]},
								"up": {"uv": [20, 20], "uv_size": [0.5, 0.25]},
								"down": {"uv": [21, 0.25], "uv_size": [0.5, -0.25]}
							}
						},
						{
							"origin": [-0.25, 1.09957, -4],
							"size": [0.0625, 0.1446, 0.125],
							"pivot": [0, 1.20313, -3.96875],
							"rotation": [0, 0, 45],
							"uv": {
								"north": {"uv": [30, 18], "uv_size": [0.25, 0.25]},
								"east": {"uv": [20, 30], "uv_size": [0.25, 0.25]},
								"south": {"uv": [30, 20], "uv_size": [0.25, 0.25]},
								"west": {"uv": [22, 30], "uv_size": [0.25, 0.25]},
								"up": {"uv": [30, 22], "uv_size": [0.25, 0.25]},
								"down": {"uv": [24, 30.25], "uv_size": [0.25, -0.25]}
							}
						},
						{
							"origin": [-0.04105, 1.39063, -4],
							"size": [0.1446, 0.0625, 0.125],
							"pivot": [0, 1.20313, -3.96875],
							"rotation": [0, 0, 45],
							"uv": {
								"north": {"uv": [30, 24], "uv_size": [0.25, 0.25]},
								"east": {"uv": [26, 30], "uv_size": [0.25, 0.25]},
								"south": {"uv": [30, 26], "uv_size": [0.25, 0.25]},
								"west": {"uv": [28, 30], "uv_size": [0.25, 0.25]},
								"up": {"uv": [30, 28], "uv_size": [0.25, 0.25]},
								"down": {"uv": [30, 30.25], "uv_size": [0.25, -0.25]}
							}
						},
						{
							"origin": [0.1875, 1.07813, -4],
							"size": [0.0625, 0.22855, 0.125],
							"uv": {
								"north": {"uv": [31, 0], "uv_size": [0.25, 0.25]},
								"east": {"uv": [31, 2], "uv_size": [0.25, 0.25]},
								"south": {"uv": [31, 4], "uv_size": [0.25, 0.25]},
								"west": {"uv": [31, 6], "uv_size": [0.25, 0.25]},
								"up": {"uv": [31, 8], "uv_size": [0.25, 0.25]},
								"down": {"uv": [31, 10.25], "uv_size": [0.25, -0.25]}
							}
						},
						{
							"origin": [0.1875, 0.9902, -4],
							"size": [0.07812, 0.30086, 0.125],
							"pivot": [0, 1.20313, -3.96875],
							"rotation": [0, 0, 45],
							"uv": {
								"north": {"uv": [31, 12], "uv_size": [0.25, 0.25]},
								"east": {"uv": [31, 14], "uv_size": [0.25, 0.25]},
								"south": {"uv": [0, 32], "uv_size": [0.25, 0.25]},
								"west": {"uv": [2, 32], "uv_size": [0.25, 0.25]},
								"up": {"uv": [4, 32], "uv_size": [0.25, 0.25]},
								"down": {"uv": [6, 32.25], "uv_size": [0.25, -0.25]}
							}
						},
						{
							"origin": [-0.08793, 0.9375, -4],
							"size": [0.30086, 0.07812, 0.125],
							"pivot": [0, 1.20313, -3.96875],
							"rotation": [0, 0, 45],
							"uv": {
								"north": {"uv": [8, 32], "uv_size": [0.25, 0.25]},
								"east": {"uv": [10, 32], "uv_size": [0.25, 0.25]},
								"south": {"uv": [12, 32], "uv_size": [0.25, 0.25]},
								"west": {"uv": [14, 32], "uv_size": [0.25, 0.25]},
								"up": {"uv": [16, 32], "uv_size": [0.25, 0.25]},
								"down": {"uv": [32, 16.25], "uv_size": [0.25, -0.25]}
							}
						},
						{
							"origin": [-0.25, 1.07813, -4],
							"size": [0.0625, 0.22855, 0.125],
							"uv": {
								"north": {"uv": [18, 32], "uv_size": [0.25, 0.25]},
								"east": {"uv": [32, 18], "uv_size": [0.25, 0.25]},
								"south": {"uv": [20, 32], "uv_size": [0.25, 0.25]},
								"west": {"uv": [32, 20], "uv_size": [0.25, 0.25]},
								"up": {"uv": [22, 32], "uv_size": [0.25, 0.25]},
								"down": {"uv": [32, 22.25], "uv_size": [0.25, -0.25]}
							}
						}
					]
				},
				{
					"name": "rear_sight_illuminated",
					"parent": "group15",
					"pivot": [0, -13.75582, -3.21875]
				},
				{
					"name": "group16",
					"parent": "group14",
					"pivot": [-0.0625, -7.17296, -7],
					"cubes": [
						{
							"origin": [0.5, 0.81297, 0.06249],
							"size": [0.125, 0.15533, 0.375],
							"pivot": [0.5625, 0.89063, 0.24999],
							"rotation": [135, 0, 180],
							"uv": {
								"north": {"uv": [24, 32], "uv_size": [0.25, 0.25]},
								"east": {"uv": [20.5, 2], "uv_size": [1.5, 0.75]},
								"south": {"uv": [32, 24], "uv_size": [0.25, 0.25]},
								"west": {"uv": [21, 4], "uv_size": [0.5, 0.25]},
								"up": {"uv": [21, 6], "uv_size": [0.25, 0.5]},
								"down": {"uv": [21, 8.5], "uv_size": [0.25, -0.5]}
							}
						},
						{
							"origin": [0.5, 0.81297, 0.06249],
							"size": [0.125, 0.15533, 0.375],
							"pivot": [0.5625, 0.89063, 0.24999],
							"rotation": [-135, 0, 180],
							"uv": {
								"north": {"uv": [24, 32], "uv_size": [0.25, 0.25]},
								"east": {"uv": [20.5, 2], "uv_size": [1.5, 0.75]},
								"south": {"uv": [32, 24], "uv_size": [0.25, 0.25]},
								"west": {"uv": [21, 4], "uv_size": [0.5, 0.25]},
								"up": {"uv": [21, 6], "uv_size": [0.25, 0.5]},
								"down": {"uv": [21, 8.5], "uv_size": [0.25, -0.5]}
							}
						},
						{
							"origin": [0.5, 0.81297, 0.06249],
							"size": [0.125, 0.15533, 0.375],
							"pivot": [0.5625, 0.89063, 0.24999],
							"rotation": [-90, 0, 180],
							"uv": {
								"north": {"uv": [24, 32], "uv_size": [0.25, 0.25]},
								"east": {"uv": [20.5, 2], "uv_size": [1.5, 0.75]},
								"south": {"uv": [32, 24], "uv_size": [0.25, 0.25]},
								"west": {"uv": [21, 4], "uv_size": [0.5, 0.25]},
								"up": {"uv": [21, 6], "uv_size": [0.25, 0.5]},
								"down": {"uv": [21, 8.5], "uv_size": [0.25, -0.5]}
							}
						},
						{
							"origin": [0.5, 0.81296, 0.0625],
							"size": [0.125, 0.15534, 0.375],
							"pivot": [0.5625, 0.89063, 0.24999],
							"rotation": [-180, 0, 180],
							"uv": {
								"north": {"uv": [30, 32], "uv_size": [0.25, 0.25]},
								"east": {"uv": [9.5, 22], "uv_size": [1.5, 0.75]},
								"south": {"uv": [32, 30], "uv_size": [0.25, 0.25]},
								"west": {"uv": [12, 22], "uv_size": [0.5, 0.25]},
								"up": {"uv": [14, 22], "uv_size": [0.25, 0.5]},
								"down": {"uv": [16, 22.5], "uv_size": [0.25, -0.5]}
							}
						},
						{
							"origin": [-0.625, 0.81297, 0.06249],
							"size": [0.125, 0.15533, 0.375],
							"pivot": [-0.5625, 0.89063, 0.24999],
							"rotation": [-45, 0, 0],
							"uv": {
								"north": {"uv": [24, 32], "uv_size": [0.25, 0.25]},
								"east": {"uv": [20.5, 2], "uv_size": [1.5, 0.75]},
								"south": {"uv": [32, 24], "uv_size": [0.25, 0.25]},
								"west": {"uv": [21, 4], "uv_size": [0.5, 0.25]},
								"up": {"uv": [21, 6], "uv_size": [0.25, 0.5]},
								"down": {"uv": [21, 8.5], "uv_size": [0.25, -0.5]}
							}
						},
						{
							"origin": [-0.625, 0.81297, 0.06249],
							"size": [0.125, 0.15533, 0.375],
							"pivot": [-0.5625, 0.89063, 0.24999],
							"rotation": [45, 0, 0],
							"uv": {
								"north": {"uv": [24, 32], "uv_size": [0.25, 0.25]},
								"east": {"uv": [20.5, 2], "uv_size": [1.5, 0.75]},
								"south": {"uv": [32, 24], "uv_size": [0.25, 0.25]},
								"west": {"uv": [21, 4], "uv_size": [0.5, 0.25]},
								"up": {"uv": [21, 6], "uv_size": [0.25, 0.5]},
								"down": {"uv": [21, 8.5], "uv_size": [0.25, -0.5]}
							}
						},
						{
							"origin": [-0.625, 0.81297, 0.06249],
							"size": [0.125, 0.15533, 0.375],
							"pivot": [-0.5625, 0.89063, 0.24999],
							"rotation": [90, 0, 0],
							"uv": {
								"north": {"uv": [24, 32], "uv_size": [0.25, 0.25]},
								"east": {"uv": [20.5, 2], "uv_size": [1.5, 0.75]},
								"south": {"uv": [32, 24], "uv_size": [0.25, 0.25]},
								"west": {"uv": [21, 4], "uv_size": [0.5, 0.25]},
								"up": {"uv": [21, 6], "uv_size": [0.25, 0.5]},
								"down": {"uv": [21, 8.5], "uv_size": [0.25, -0.5]}
							}
						},
						{
							"origin": [-0.625, 0.81296, 0.0625],
							"size": [0.125, 0.15534, 0.375],
							"uv": {
								"north": {"uv": [30, 32], "uv_size": [0.25, 0.25]},
								"east": {"uv": [9.5, 22], "uv_size": [1.5, 0.75]},
								"south": {"uv": [32, 30], "uv_size": [0.25, 0.25]},
								"west": {"uv": [12, 22], "uv_size": [0.5, 0.25]},
								"up": {"uv": [14, 22], "uv_size": [0.25, 0.5]},
								"down": {"uv": [16, 22.5], "uv_size": [0.25, -0.5]}
							}
						}
					]
				},
				{
					"name": "bone35",
					"parent": "sight",
					"pivot": [0, -7.42187, 0.1875],
					"cubes": [
						{
							"origin": [-0.57813, -0.25, -4.21875],
							"size": [1.15625, 0.4375, 0.4375],
							"uv": {
								"north": {"uv": [6, 4], "uv_size": [1.25, 0.5]},
								"east": {"uv": [17, 2], "uv_size": [0.5, 0.5]},
								"south": {"uv": [6, 6], "uv_size": [1.25, 0.5]},
								"west": {"uv": [17, 4], "uv_size": [0.5, 0.5]},
								"up": {"uv": [0, 8], "uv_size": [1.25, 0.5]},
								"down": {"uv": [3, 8.5], "uv_size": [1.25, -0.5]}
							}
						},
						{
							"origin": [-0.57813, -0.25, -3.78125],
							"size": [1.15625, 0.3125, 0.375],
							"uv": {
								"north": {"uv": [6, 14], "uv_size": [1.25, 0.25]},
								"east": {"uv": [22, 16], "uv_size": [0.5, 0.25]},
								"south": {"uv": [14, 6], "uv_size": [1.25, 0.25]},
								"west": {"uv": [18, 22], "uv_size": [0.5, 0.25]},
								"up": {"uv": [6, 8], "uv_size": [1.25, 0.5]},
								"down": {"uv": [9, 0.5], "uv_size": [1.25, -0.5]}
							}
						},
						{
							"origin": [-0.41029, 0.36276, -4.21875],
							"size": [0.24307, 0.177, 0.4375],
							"pivot": [-0.43851, -0.00798, 2.52442],
							"rotation": [0, 0, 45],
							"uv": {
								"north": {"uv": [32, 32], "uv_size": [0.25, 0.25]},
								"east": {"uv": [22, 18], "uv_size": [0.5, 0.25]},
								"south": {"uv": [33, 0], "uv_size": [0.25, 0.25]},
								"west": {"uv": [20, 22], "uv_size": [0.5, 0.25]},
								"up": {"uv": [22, 20], "uv_size": [0.25, 0.5]},
								"down": {"uv": [22, 22.5], "uv_size": [0.25, -0.5]}
							}
						},
						{
							"origin": [-0.57813, -0.10532, -3.99736],
							"size": [1.15625, 0.4375, 0.5625],
							"pivot": [-0.00001, 0.17593, -3.62236],
							"rotation": [-67.5, 0, 0],
							"uv": {
								"north": {"uv": [9, 2], "uv_size": [1.25, 0.5]},
								"east": {"uv": [17, 6], "uv_size": [0.5, 0.5]},
								"south": {"uv": [9, 4], "uv_size": [1.25, 0.5]},
								"west": {"uv": [17, 8], "uv_size": [0.5, 0.5]},
								"up": {"uv": [9, 6], "uv_size": [1.25, 0.5]},
								"down": {"uv": [9, 8.5], "uv_size": [1.25, -0.5]}
							}
						},
						{
							"origin": [-0.57813, -0.24149, -4.11945],
							"size": [1.15625, 0.4375, 0.5625],
							"pivot": [-0.00001, 0.03976, -3.74445],
							"rotation": [-90, 0, 0],
							"uv": {
								"north": {"uv": [0, 10], "uv_size": [1.25, 0.5]},
								"east": {"uv": [17, 10], "uv_size": [0.5, 0.5]},
								"south": {"uv": [3, 10], "uv_size": [1.25, 0.5]},
								"west": {"uv": [17, 12], "uv_size": [0.5, 0.5]},
								"up": {"uv": [6, 10], "uv_size": [1.25, 0.5]},
								"down": {"uv": [9, 10.5], "uv_size": [1.25, -0.5]}
							}
						},
						{
							"origin": [-0.16789, -0.28904, -4.21875],
							"size": [0.17699, 0.24329, 0.4375],
							"pivot": [0.38946, -0.00812, 2.52442],
							"rotation": [0, 0, 45],
							"uv": {
								"north": {"uv": [33, 2], "uv_size": [0.25, 0.25]},
								"east": {"uv": [23, 0], "uv_size": [0.5, 0.25]},
								"south": {"uv": [33, 4], "uv_size": [0.25, 0.25]},
								"west": {"uv": [23, 2], "uv_size": [0.5, 0.25]},
								"up": {"uv": [23, 4], "uv_size": [0.25, 0.5]},
								"down": {"uv": [23, 6.5], "uv_size": [0.25, -0.5]}
							}
						}
					]
				},
				{
					"name": "fore2",
					"parent": "bone35",
					"pivot": [0, -8.17187, -8.6875]
				},
				{
					"name": "group13",
					"parent": "fore2",
					"pivot": [0, -16.67187, -24.875],
					"cubes": [
						{
							"origin": [-0.0625, 1.01563, -4],
							"size": [0.125, 0.0625, 0.125],
							"pivot": [0, 0.70204, -3.9375],
							"rotation": [0, 45, 0],
							"uv": {
								"north": {"uv": [33, 6], "uv_size": [0.25, 0.25]},
								"east": {"uv": [33, 8], "uv_size": [0.25, 0.25]},
								"south": {"uv": [33, 10], "uv_size": [0.25, 0.25]},
								"west": {"uv": [33, 12], "uv_size": [0.25, 0.25]},
								"up": {"uv": [33, 14], "uv_size": [0.25, 0.25]},
								"down": {"uv": [0, 34.25], "uv_size": [0.25, -0.25]}
							}
						},
						{
							"origin": [-0.65625, 0.2653, -3.93827],
							"size": [1.3125, 0.125, 0.125],
							"pivot": [0, 0.32704, -3.875],
							"rotation": [-45, 0, 0],
							"uv": {
								"north": {"uv": [14, 8], "uv_size": [1.25, 0.25]},
								"east": {"uv": [2, 34], "uv_size": [0.25, 0.25]},
								"south": {"uv": [9, 14], "uv_size": [1.25, 0.25]},
								"west": {"uv": [4, 34], "uv_size": [0.25, 0.25]},
								"up": {"uv": [14, 10], "uv_size": [1.25, 0.25]},
								"down": {"uv": [12, 14.25], "uv_size": [1.25, -0.25]}
							}
						},
						{
							"origin": [-0.125, 0.14063, -4.0625],
							"size": [0.25, 0.8125, 0.25],
							"pivot": [0, 0.79688, -3.9375],
							"rotation": [0, -45, 0],
							"uv": {
								"north": {"uv": [6, 18], "uv_size": [0.25, 0.75]},
								"east": {"uv": [8, 18], "uv_size": [0.25, 0.75]},
								"south": {"uv": [10, 18], "uv_size": [0.25, 0.75]},
								"west": {"uv": [12, 18], "uv_size": [0.25, 0.75]},
								"up": {"uv": [6, 34], "uv_size": [0.25, 0.25]},
								"down": {"uv": [8, 34.25], "uv_size": [0.25, -0.25]}
							}
						}
					]
				},
				{
					"name": "iron_sight_illuminated",
					"parent": "group13",
					"pivot": [0, 0.32704, -3.9375],
					"cubes": [
						{
							"origin": [-0.03125, 0.70313, -3.96875],
							"size": [0.0625, 0.46875, 0.0625],
							"pivot": [0, 0.26454, -3.9375],
							"rotation": [0, 45, 0],
							"uv": {
								"north": {"uv": [23, 8], "uv_size": [0.25, 0.5]},
								"east": {"uv": [23, 10], "uv_size": [0.25, 0.5]},
								"south": {"uv": [23, 12], "uv_size": [0.25, 0.5]},
								"west": {"uv": [23, 14], "uv_size": [0.25, 0.5]},
								"up": {"uv": [10, 34], "uv_size": [0.25, 0.25]},
								"down": {"uv": [12, 34.25], "uv_size": [0.25, -0.25]}
							}
						},
						{
							"origin": [-0.03125, 1.17188, -3.96875],
							"size": [0.0625, 0.0625, 0.0625],
							"pivot": [0, 1.40625, -3.9375],
							"rotation": [0, 45, 0],
							"uv": {
								"north": {"uv": [14, 34], "uv_size": [0.25, 0.25]},
								"east": {"uv": [16, 34], "uv_size": [0.25, 0.25]},
								"south": {"uv": [34, 16], "uv_size": [0.25, 0.25]},
								"west": {"uv": [18, 34], "uv_size": [0.25, 0.25]},
								"up": {"uv": [34, 18], "uv_size": [0.25, 0.25]},
								"down": {"uv": [20, 34.25], "uv_size": [0.25, -0.25]}
							}
						}
					]
				},
				{
					"name": "scope_view",
					"parent": "sight",
					"pivot": [0.0043, 1.17903, 5.9995]
				}
			]
		}
	]
}