{
	"format_version": "1.12.0",
	"minecraft:geometry": [
		{
			"description": {
				"identifier": "geometry.unknown",
				"texture_width": 16,
				"texture_height": 16,
				"visible_bounds_width": 6,
				"visible_bounds_height": 4,
				"visible_bounds_offset": [0, 0, 0]
			},
			"bones": [
				{
					"name": "root",
					"pivot": [-1, 1.5, 4]
				},
				{
					"name": "gun",
					"parent": "root",
					"pivot": [0, 4.125, 8],
					"cubes": [
						{
							"origin": [-0.175, 1.11809, 0.58494],
							"size": [0.35, 1.53191, 0.83568],
							"pivot": [0.125, 1.3625, 0.6875],
							"rotation": [15, 0, 0],
							"uv": {
								"north": {"uv": [2, 5], "uv_size": [0.5, 1.5]},
								"east": {"uv": [0, 0], "uv_size": [1, 1.5]},
								"south": {"uv": [6, 2], "uv_size": [0.5, 1.5]},
								"west": {"uv": [2, 0], "uv_size": [1, 1.5]},
								"down": {"uv": [2, 9], "uv_size": [0.5, -1]}
							}
						},
						{
							"origin": [-0.0625, 1.6315, -0.1367],
							"size": [0.125, 0.2375, 0.7],
							"pivot": [-0.15, 1.869, -0.1367],
							"rotation": [77.5, 0, 0],
							"uv": {
								"north": {"uv": [9, 7], "uv_size": [0.5, 0.5]},
								"east": {"uv": [9, 9], "uv_size": [0.5, 0.5]},
								"west": {"uv": [10, 0], "uv_size": [0.5, 0.5]},
								"up": {"uv": [2, 10], "uv_size": [0.5, 0.5]},
								"down": {"uv": [10, 2.5], "uv_size": [0.5, -0.5]}
							}
						},
						{
							"origin": [-0.1375, 2.33792, -0.36745],
							"size": [0.275, 0.325, 0.85],
							"pivot": [-0.0875, 2.33792, -0.30495],
							"rotation": [-10, 0, 0],
							"uv": {
								"north": {"uv": [4, 10], "uv_size": [0.5, 0.5]},
								"east": {"uv": [8, 3], "uv_size": [1, 0.5]},
								"west": {"uv": [4, 8], "uv_size": [1, 0.5]},
								"down": {"uv": [0, 10], "uv_size": [0.5, -1]}
							}
						},
						{
							"origin": [-0.1875, 2.425, -0.1125],
							"size": [0.375, 0.5375, 1.5125],
							"uv": {
								"north": {"uv": [10, 4], "uv_size": [0.5, 0.5]},
								"east": {"uv": [4, 6], "uv_size": [1.5, 0.5]},
								"south": {"uv": [6, 10], "uv_size": [0.5, 0.5]},
								"west": {"uv": [7, 5], "uv_size": [1.5, 0.5]},
								"up": {"uv": [7, 7], "uv_size": [0.5, 1.5]},
								"down": {"uv": [8, 1.5], "uv_size": [0.5, -1.5]}
							}
						},
						{
							"origin": [-0.15, 2.56062, -1.525],
							"size": [0.3, 0.55377, 3.125],
							"uv": {
								"north": {"uv": [0, 11], "uv_size": [0.5, 0.5]},
								"east": {"uv": [0, 3], "uv_size": [3, 0.5]},
								"south": {"uv": [11, 6], "uv_size": [0.5, 0.5]},
								"west": {"uv": [4, 0], "uv_size": [3, 0.5]},
								"up": {"uv": [4, 2], "uv_size": [0.5, 3]},
								"down": {"uv": [0, 8], "uv_size": [0.5, -3]}
							}
						},
						{
							"origin": [-0.1625, 2.92155, 0.96584],
							"size": [0.325, 0.275, 0.55],
							"uv": {
								"north": {"uv": [8, 11], "uv_size": [0.5, 0.5]},
								"east": {"uv": [11, 8], "uv_size": [0.5, 0.5]},
								"south": {"uv": [10, 11], "uv_size": [0.5, 0.5]},
								"west": {"uv": [12, 0], "uv_size": [0.5, 0.5]},
								"up": {"uv": [2, 12], "uv_size": [0.5, 0.5]}
							}
						}
					]
				},
				{
					"name": "positioning",
					"pivot": [0, 0, 0]
				},
				{
					"name": "muzzle_flash",
					"parent": "positioning",
					"pivot": [0, 2.7188, -1.525]
				},
				{
					"name": "thirdperson_hand",
					"parent": "positioning",
					"pivot": [0, 2, 0]
				},
				{
					"name": "ground",
					"parent": "positioning",
					"pivot": [0, 1, 0]
				},
				{
					"name": "fixed",
					"parent": "positioning",
					"pivot": [0, 2.5, 0],
					"rotation": [0, 90, 0]
				}
			]
		}
	]
}