{
  "materials": [
    {
      "item": {
        "tag": "forge:ingots/iron"
      },
      "count": 12
    },
    {
      "item": {
        "tag": "forge:gems/amethyst"
      },
      "count": 1
    },
    {
      "item": {
        "tag": "forge:dusts/redstone"
      },
      "count": 10
    },
    {
      "item": {
        "tag": "forge:glass_panes"
      },
      "count": 4
    }
  ],
  "result": {
    "type": "attachment",
    "id": "rfp:scope_acog_ta648"
  },
  "type": "tacz:gun_smith_table_crafting"
}