{
  // 默认的模型，在包目录下的 models 文件夹中寻找，不可为空
  "model": "bf1:block/st_chamond",
  // 默认材质，不可为空
  "texture": "bf1:block/uv/st_chamond",
  "transforms": {
    "thirdperson_righthand": {
      "rotation": [75, 45, 0],
      "translation": [0, 2.5, 0],
      "scale": [0.375, 0.375, 0.375]
    },
    "thirdperson_lefthand": {
      "rotation": [75, 45, 0],
      "translation": [0, 2.5, 0],
      "scale": [0.375, 0.375, 0.375]
    },
    "firstperson_righthand": {
      "rotation": [0, 90, 0],
      "scale": [0.25, 0.25, 0.25]
    },
    "firstperson_lefthand": {
      "rotation": [0, 270, 0],
      "scale": [0.25, 0.25, 0.25]
    },
    "ground": {
      "translation": [0, 3, 0],
      "scale": [0.25, 0.25, 0.25]
    },
    "gui": {
      //"rotation": [30, 225, 0],
      //"scale": [0.625, 0.625, 0.625]
      "rotation": [15, -145, 0],
      "translation": [0, -4, 0],
      "scale": [0.25, 0.25, 0.25]
    },
    "fixed": {
      "scale": [0.5, 0.5, 0.5]
    }
  }
}