{
	"format_version": "1.21.0",
	"minecraft:geometry": [
		{
			"description": {
				"identifier": "geometry.unknown",
				"texture_width": 8,
				"texture_height": 8,
				"visible_bounds_width": 6,
				"visible_bounds_height": 7,
				"visible_bounds_offset": [0, 2.5, 0]
			},
			"bones": [
				{
					"name": "11mm_dutch_shell",
					"pivot": [0.005, 3.5, -0.1],
					"cubes": [
						{
							"origin": [-0.35495, -0.14918, -0.376],
							"size": [0.69, 0.06118, 0.69],
							"uv": {
								"north": {"uv": [0, 7], "uv_size": [0.25, 0.125]},
								"east": {"uv": [7, 0], "uv_size": [0.25, 0.125]},
								"south": {"uv": [1, 7], "uv_size": [0.25, 0.125]},
								"west": {"uv": [7, 1], "uv_size": [0.25, 0.125]},
								"up": {"uv": [6, 3], "uv_size": [0.25, 0.25]},
								"down": {"uv": [4, 6.25], "uv_size": [0.25, -0.25]}
							}
						},
						{
							"origin": [-0.6804, 0.09421, -0.70635],
							"size": [1.3501, 3.51111, 1.3501],
							"uv": {
								"north": {"uv": [3, 0], "uv_size": [0.625, 1.5]},
								"east": {"uv": [1, 3], "uv_size": [0.625, 1.5]},
								"south": {"uv": [2, 3], "uv_size": [0.625, 1.5]},
								"west": {"uv": [3, 2], "uv_size": [0.625, 1.5]},
								"up": {"uv": [4, 0], "uv_size": [0.625, 0.625]}
							}
						},
						{
							"origin": [-0.56425, 0.43562, -0.5945],
							"size": [1.1201, 4.94139, 1.1247],
							"uv": {
								"north": {"uv": [0, 0], "uv_size": [0.5, 2.125]},
								"east": {"uv": [1, 0], "uv_size": [0.5, 2.125]},
								"south": {"uv": [2, 0], "uv_size": [0.5, 2.125]},
								"west": {"uv": [0, 3], "uv_size": [0.5, 2.125]},
								"up": {"uv": [3, 4], "uv_size": [0.5, 0.5]},
								"down": {"uv": [4, 3.5], "uv_size": [0.5, -0.5]}
							}
						},
						{
							"origin": [-0.563, 3.4402, -0.41505],
							"size": [1.113, 0.56062, 0.2803],
							"pivot": [-0.0065, 4.25493, -0.14572],
							"rotation": [-22.5, 0, 0],
							"uv": {
								"north": {"uv": [5, 5], "uv_size": [0.375, 0.25]},
								"east": {"uv": [2, 7], "uv_size": [0.125, 0.25]},
								"south": {"uv": [0, 6], "uv_size": [0.375, 0.25]},
								"west": {"uv": [7, 2], "uv_size": [0.125, 0.25]}
							}
						},
						{
							"origin": [-0.563, 3.44022, 0.07328],
							"size": [1.113, 0.56062, 0.2803],
							"pivot": [-0.0065, 4.25493, 0.08428],
							"rotation": [22.5, 0, 0],
							"uv": {
								"north": {"uv": [6, 0], "uv_size": [0.375, 0.25]},
								"east": {"uv": [3, 7], "uv_size": [0.125, 0.25]},
								"south": {"uv": [1, 6], "uv_size": [0.375, 0.25]},
								"west": {"uv": [7, 3], "uv_size": [0.125, 0.25]}
							}
						},
						{
							"origin": [-0.4041, 3.47987, -0.5922],
							"size": [0.2803, 0.56062, 1.1201],
							"pivot": [-0.2365, 4.25493, 1.46428],
							"rotation": [0, 0, 22.5],
							"uv": {
								"north": {"uv": [4, 7], "uv_size": [0.125, 0.25]},
								"east": {"uv": [3, 5], "uv_size": [0.5, 0.25]},
								"south": {"uv": [7, 4], "uv_size": [0.125, 0.25]},
								"west": {"uv": [5, 3], "uv_size": [0.5, 0.25]}
							}
						},
						{
							"origin": [0.1108, 3.47987, -0.5922],
							"size": [0.2803, 0.56062, 1.1201],
							"pivot": [0.2235, 4.25493, 1.46428],
							"rotation": [0, 0, -22.5],
							"uv": {
								"north": {"uv": [5, 7], "uv_size": [0.125, 0.25]},
								"east": {"uv": [4, 5], "uv_size": [0.5, 0.25]},
								"south": {"uv": [7, 5], "uv_size": [0.125, 0.25]},
								"west": {"uv": [5, 4], "uv_size": [0.5, 0.25]}
							}
						},
						{
							"origin": [-0.7655, -0.11063, -0.79],
							"size": [1.518, 0.21022, 1.518],
							"uv": {
								"north": {"uv": [6, 1], "uv_size": [0.625, 0.125]},
								"east": {"uv": [2, 6], "uv_size": [0.625, 0.125]},
								"south": {"uv": [6, 2], "uv_size": [0.625, 0.125]},
								"west": {"uv": [3, 6], "uv_size": [0.625, 0.125]},
								"up": {"uv": [4, 1], "uv_size": [0.625, 0.625]},
								"down": {"uv": [4, 2.625], "uv_size": [0.625, -0.625]}
							}
						}
					]
				},
				{
					"name": "positioning",
					"pivot": [0, 8, 0]
				},
				{
					"name": "ground",
					"parent": "positioning",
					"pivot": [0, 0, 0]
				},
				{
					"name": "fixed",
					"parent": "positioning",
					"pivot": [0, -1.4, -7.3]
				},
				{
					"name": "thirdperson_hand",
					"parent": "positioning",
					"pivot": [0, -0.1, -18.9]
				}
			]
		}
	]
}