{
	"format_version": "1.21.0",
	"minecraft:geometry": [
		{
			"description": {
				"identifier": "geometry.unknown",
				"texture_width": 16,
				"texture_height": 16,
				"visible_bounds_width": 2,
				"visible_bounds_height": 2.5,
				"visible_bounds_offset": [0, 0.75, 0]
			},
			"bones": [
				{
					"name": "11mm_gras",
					"pivot": [0.005, -0.2, -0.1],
					"cubes": [
						{
							"origin": [-0.60114, 1.23961, -0.63224],
							"size": [1.19393, 5.26709, 1.19883],
							"uv": {
								"north": {"uv": [1.5, 2], "uv_size": [-0.5, 2.375], "uv_rotation": 180},
								"east": {"uv": [0, 0], "uv_size": [2.375, 0.5], "uv_rotation": 270},
								"south": {"uv": [0.5, 4.375], "uv_size": [-0.5, -2.375]},
								"west": {"uv": [0, 1], "uv_size": [2.375, 0.5], "uv_rotation": 90},
								"up": {"uv": [5.5, 0.5], "uv_size": [-0.5, -0.5], "uv_rotation": 180},
								"down": {"uv": [1.5, 5.5], "uv_size": [-0.5, -0.5]}
							}
						},
						{
							"origin": [-0.57725, -0.26038, -0.5994],
							"size": [1.135, 0.28738, 1.135],
							"uv": {
								"north": {"uv": [5.5, 7], "uv_size": [-0.5, 0.125], "uv_rotation": 180},
								"east": {"uv": [7, 3], "uv_size": [0.125, 0.5], "uv_rotation": 270},
								"south": {"uv": [7.5, 4.125], "uv_size": [-0.5, -0.125]},
								"west": {"uv": [4, 7], "uv_size": [0.125, 0.5], "uv_rotation": 90},
								"up": {"uv": [2.5, 5.5], "uv_size": [-0.5, -0.5], "uv_rotation": 180},
								"down": {"uv": [5.5, 2.5], "uv_size": [-0.5, -0.5]}
							}
						},
						{
							"origin": [-0.67146, 0.07063, -0.69844],
							"size": [1.33249, 4.14631, 1.33249],
							"uv": {
								"north": {"uv": [3.625, 3], "uv_size": [-0.625, 1.875], "uv_rotation": 180},
								"east": {"uv": [2, 2], "uv_size": [1.875, 0.625], "uv_rotation": 270},
								"south": {"uv": [2.625, 4.875], "uv_size": [-0.625, -1.875]},
								"west": {"uv": [3, 0], "uv_size": [1.875, 0.625], "uv_rotation": 90},
								"up": {"uv": [4.625, 2.625], "uv_size": [-0.625, -0.625], "uv_rotation": 180}
							}
						},
						{
							"origin": [-0.59882, 4.05398, -0.41094],
							"size": [1.18948, 0.55331, 0.27664],
							"pivot": [-0.00635, 4.85808, -0.14513],
							"rotation": [-22.5, 0, 0],
							"uv": {
								"north": {"uv": [6.375, 4], "uv_size": [-0.375, 0.25], "uv_rotation": 180},
								"east": {"uv": [0, 8], "uv_size": [0.25, 0.125], "uv_rotation": 270},
								"south": {"uv": [4.375, 6.25], "uv_size": [-0.375, -0.25]},
								"west": {"uv": [8, 0], "uv_size": [0.25, 0.125], "uv_rotation": 90}
							}
						},
						{
							"origin": [-0.59882, 4.054, 0.07102],
							"size": [1.18948, 0.55331, 0.27664],
							"pivot": [-0.00635, 4.85808, 0.08187],
							"rotation": [22.5, 0, 0],
							"uv": {
								"north": {"uv": [6.375, 5], "uv_size": [-0.375, 0.25], "uv_rotation": 180},
								"east": {"uv": [1, 8], "uv_size": [0.25, 0.125], "uv_rotation": 270},
								"south": {"uv": [5.375, 6.25], "uv_size": [-0.375, -0.25]},
								"west": {"uv": [8, 1], "uv_size": [0.25, 0.125], "uv_rotation": 90}
							}
						},
						{
							"origin": [-0.39876, 4.09314, -0.63118],
							"size": [0.27664, 0.55331, 1.19402],
							"pivot": [-0.23335, 4.85808, 1.44387],
							"rotation": [0, 0, 22.5],
							"uv": {
								"north": {"uv": [8.125, 2], "uv_size": [-0.125, 0.25], "uv_rotation": 180},
								"east": {"uv": [2, 6], "uv_size": [0.25, 0.5], "uv_rotation": 270},
								"south": {"uv": [2.125, 8.25], "uv_size": [-0.125, -0.25]},
								"west": {"uv": [6, 2], "uv_size": [0.25, 0.5], "uv_rotation": 90}
							}
						},
						{
							"origin": [0.10942, 4.09314, -0.63118],
							"size": [0.27664, 0.55331, 1.19402],
							"pivot": [0.22065, 4.85808, 1.44387],
							"rotation": [0, 0, -22.5],
							"uv": {
								"north": {"uv": [8.125, 3], "uv_size": [-0.125, 0.25], "uv_rotation": 180},
								"east": {"uv": [3, 6], "uv_size": [0.25, 0.5], "uv_rotation": 270},
								"south": {"uv": [3.125, 8.25], "uv_size": [-0.125, -0.25]},
								"west": {"uv": [6, 3], "uv_size": [0.25, 0.5], "uv_rotation": 90}
							}
						},
						{
							"origin": [-0.80789, -0.1388, -0.83344],
							"size": [1.60307, 0.222, 1.60307],
							"uv": {
								"north": {"uv": [1.75, 7], "uv_size": [-0.75, 0.125], "uv_rotation": 180},
								"east": {"uv": [6, 6], "uv_size": [0.125, 0.75], "uv_rotation": 270},
								"south": {"uv": [7.75, 0.125], "uv_size": [-0.75, -0.125]},
								"west": {"uv": [0, 7], "uv_size": [0.125, 0.75], "uv_rotation": 90},
								"up": {"uv": [3.75, 1.75], "uv_size": [-0.75, -0.75], "uv_rotation": 180},
								"down": {"uv": [4.75, 1.75], "uv_size": [-0.75, -0.75]}
							}
						},
						{
							"origin": [-0.67146, -0.22088, -0.69837],
							"size": [1.33249, 0.12485, 1.33249],
							"uv": {
								"north": {"uv": [3.625, 7], "uv_size": [-0.625, 0.125], "uv_rotation": 180},
								"east": {"uv": [7, 1], "uv_size": [0.125, 0.625], "uv_rotation": 270},
								"south": {"uv": [7.625, 2.125], "uv_size": [-0.625, -0.125]},
								"west": {"uv": [2, 7], "uv_size": [0.125, 0.625], "uv_rotation": 90},
								"up": {"uv": [4.625, 3.625], "uv_size": [-0.625, -0.625], "uv_rotation": 180},
								"down": {"uv": [4.625, 4.625], "uv_size": [-0.625, -0.625]}
							}
						}
					]
				},
				{
					"name": "positioning",
					"pivot": [0, 8, 0]
				},
				{
					"name": "ground",
					"parent": "positioning",
					"pivot": [0, 0, 0]
				},
				{
					"name": "fixed",
					"parent": "positioning",
					"pivot": [0, -1.4, -7.3]
				},
				{
					"name": "thirdperson_hand",
					"parent": "positioning",
					"pivot": [0, -0.1, -18.9]
				}
			]
		}
	]
}