{
	"format_version": "1.21.0",
	"minecraft:geometry": [
		{
			"description": {
				"identifier": "geometry.unknown",
				"texture_width": 16,
				"texture_height": 16,
				"visible_bounds_width": 6,
				"visible_bounds_height": 7,
				"visible_bounds_offset": [0, 2.5, 0]
			},
			"bones": [
				{
					"name": "41_swiss",
					"pivot": [-0.01344, 2.84023, -0.02176],
					"cubes": [
						{
							"origin": [-0.68838, 0.08467, -0.69588],
							"size": [1.3501, 2.59111, 1.3501],
							"uv": {
								"north": {"uv": [0, 0], "uv_size": [1.375, 2.625]},
								"east": {"uv": [2, 0], "uv_size": [1.375, 2.625]},
								"south": {"uv": [0, 3], "uv_size": [1.375, 2.625]},
								"west": {"uv": [2, 3], "uv_size": [1.375, 2.625]},
								"up": {"uv": [4, 6], "uv_size": [1.375, 1.375]}
							}
						},
						{
							"origin": [-0.57683, 1.57608, -0.58403],
							"size": [1.1247, 2.41139, 1.1247],
							"uv": {
								"north": {"uv": [4, 0], "uv_size": [1.125, 2.375]},
								"east": {"uv": [4, 3], "uv_size": [1.125, 2.375]},
								"south": {"uv": [0, 6], "uv_size": [1.125, 2.375]},
								"west": {"uv": [6, 0], "uv_size": [1.125, 2.375]},
								"up": {"uv": [8, 8], "uv_size": [1.125, 1.125]},
								"down": {"uv": [0, 10.125], "uv_size": [1.125, -1.125]}
							}
						},
						{
							"origin": [-0.56878, 2.51066, -0.40458],
							"size": [1.1063, 0.56062, 0.2803],
							"pivot": [-0.01448, 3.32539, -0.13525],
							"rotation": [-22.5, 0, 0],
							"uv": {
								"north": {"uv": [2, 10], "uv_size": [1.125, 0.5]},
								"east": {"uv": [11, 1], "uv_size": [0.25, 0.5]},
								"south": {"uv": [10, 2], "uv_size": [1.125, 0.5]},
								"west": {"uv": [2, 11], "uv_size": [0.25, 0.5]}
							}
						},
						{
							"origin": [-0.56878, 2.51069, 0.08375],
							"size": [1.1063, 0.56062, 0.2803],
							"pivot": [-0.01448, 3.32539, 0.09475],
							"rotation": [22.5, 0, 0],
							"uv": {
								"north": {"uv": [10, 3], "uv_size": [1.125, 0.5]},
								"east": {"uv": [3, 11], "uv_size": [0.25, 0.5]},
								"south": {"uv": [4, 10], "uv_size": [1.125, 0.5]},
								"west": {"uv": [4, 11], "uv_size": [0.25, 0.5]}
							}
						},
						{
							"origin": [-0.41208, 2.55034, -0.58173],
							"size": [0.2803, 0.56062, 1.1201],
							"pivot": [-0.24448, 3.32539, 1.47475],
							"rotation": [0, 0, 22.5],
							"uv": {
								"north": {"uv": [5, 11], "uv_size": [0.25, 0.5]},
								"east": {"uv": [10, 4], "uv_size": [1.125, 0.5]},
								"south": {"uv": [6, 11], "uv_size": [0.25, 0.5]},
								"west": {"uv": [10, 5], "uv_size": [1.125, 0.5]}
							}
						},
						{
							"origin": [0.10282, 2.55034, -0.58173],
							"size": [0.2803, 0.56062, 1.1201],
							"pivot": [0.21552, 3.32539, 1.47475],
							"rotation": [0, 0, -22.5],
							"uv": {
								"north": {"uv": [7, 11], "uv_size": [0.25, 0.5]},
								"east": {"uv": [6, 10], "uv_size": [1.125, 0.5]},
								"south": {"uv": [8, 11], "uv_size": [0.25, 0.5]},
								"west": {"uv": [10, 6], "uv_size": [1.125, 0.5]}
							}
						},
						{
							"origin": [-0.73553, -0.1149, -0.74158],
							"size": [1.4421, 0.19971, 1.4421],
							"uv": {
								"north": {"uv": [10, 7], "uv_size": [1.5, 0.25]},
								"east": {"uv": [8, 10], "uv_size": [1.5, 0.25]},
								"south": {"uv": [10, 8], "uv_size": [1.5, 0.25]},
								"west": {"uv": [10, 9], "uv_size": [1.5, 0.25]},
								"up": {"uv": [2, 6], "uv_size": [1.5, 1.5]},
								"down": {"uv": [6, 4.5], "uv_size": [1.5, -1.5]}
							}
						},
						{
							"origin": [-0.45838, -0.0842, -0.46581],
							"size": [0.8901, 0, 0.8901],
							"uv": {
								"north": {"uv": [0, 0], "uv_size": [0.875, 0]},
								"east": {"uv": [0, 0], "uv_size": [0.875, 0]},
								"south": {"uv": [0, 0], "uv_size": [0.875, 0]},
								"west": {"uv": [0, 0], "uv_size": [0.875, 0]},
								"up": {"uv": [7, 9], "uv_size": [0.875, 0.875]},
								"down": {"uv": [10, 0.875], "uv_size": [0.875, -0.875]}
							}
						}
					]
				},
				{
					"name": "positioning",
					"pivot": [0, 8, 0]
				},
				{
					"name": "ground",
					"parent": "positioning",
					"pivot": [0, 0, 0]
				},
				{
					"name": "fixed",
					"parent": "positioning",
					"pivot": [0, 0, 0]
				},
				{
					"name": "thirdperson_hand",
					"parent": "positioning",
					"pivot": [0, -0.1, -18.9]
				}
			]
		}
	]
}