{
    "model": "antiques:gun/beaum71_geo",
    "texture": "antiques:gun/uv/beaum71",
    "slot": "antiques:gun/slot/beaum71",
    "hud": "antiques:gun/hud/beaum71",
    "animation": "antiques:beaum71",

    "iron_zoom": 1.5,
    "sounds": {
        "shoot": "antiques:beaum71/beaum71_shoot",
        "shoot_3p": "antiques:beaum71/beaum71_shoot_3p",
        "draw": "antiques:beaum71/beaum71_draw",
        "put_away": "antiques:beaum71/beaum71_put_away",
        "reload_empty": "antiques:beaum71/beaum71_reload_empty",
        "reload_tactical": "antiques:beaum71/beaum71_reload_tactical",
        "inspect_empty": "antiques:beaum71/beaum71_inspect_empty",
        "inspect": "antiques:beaum71/beaum71_inspect"    
    },
    "muzzle_flash": {
       
        "texture": "tacz:flash/common_muzzle_flash",
        
        "scale": 1.3
      },
    "transform": {
        "scale": {
            "thirdperson": [0.5,0.5,0.5],
            "ground": [0.5,0.5,0.5],
            "fixed": [1, 1, 1]
        }
    },
	"offhand_show": {
    "scale": [0.6, 0.6, 0.6]
    },
	
    "third_person_animation": "default"
}