{
    "model": "antiques:gun/gras74_geo",
    "texture": "antiques:gun/uv/gras74",
    "slot": "antiques:gun/slot/gras74",
    "hud": "antiques:gun/hud/gras74",
    "animation": "antiques:gras74",

    "iron_zoom": 1.25,
    "sounds": {
        "shoot": "antiques:gras74/gras74_shoot",
        "shoot_3p": "antiques:gras74/gras74_shoot_3p",
        "draw": "antiques:gras74/gras74_draw",
        "reload_empty": "antiques:gras74/gras74_reload_empty",
        "reload_tactical": "antiques:gras74/gras74_reload_tactical",
        "inspect_empty": "antiques:gras74/gras74_inspect_empty",
        "inspect": "antiques:gras74/gras74_inspect"
    },
    "muzzle_flash": {
       
        "texture": "tacz:flash/common_muzzle_flash",
        
        "scale": 2.75
      },
    "transform": {
        "scale": {
            "thirdperson": [0.5,0.5,0.5],
            "ground": [0.5,0.5,0.5],
            "fixed": [1, 1, 1]
        }
    },
	"offhand_show": {
    "scale": [0.6, 0.6, 0.6]
    },
	
    "third_person_animation": "default"
}