{
    "model": "antiques:gun/kar71_geo",
    "texture": "antiques:gun/uv/kar71",
    "slot": "antiques:gun/slot/kar71",
    "hud": "antiques:gun/hud/kar71",
    "animation": "antiques:kar71",

    "iron_zoom": 1.5,
    "sounds": {
        "shoot": "antiques:kar71/kar71_shoot",
        "shoot_3p": "antiques:kar71/kar71_shoot_3p",
        "draw": "antiques:kar71/kar71_draw",
        "reload_empty": "antiques:kar71/kar71_reload_empty",
        "reload_tactical": "antiques:kar71/kar71_reload_tactical",
        "inspect_empty": "antiques:kar71/kar71_inspect_empty",
        "inspect": "antiques:kar71/kar71_inspect"
    },      
    "muzzle_flash": {
       
        "texture": "tacz:flash/common_muzzle_flash",
        
        "scale": 2.75
      },
    "transform": {
        "scale": {
            "thirdperson": [0.5,0.5,0.5],
            "ground": [0.5,0.5,0.5],
            "fixed": [0.8,0.8,0.8]
        }
    },
	"offhand_show": {
    "scale": [0.6, 0.6, 0.6]
    },
	
    "third_person_animation": "default"
}