{
  "model": "antiques:gun/reichs79_geo",
  "texture": "antiques:gun/uv/reichs79",
  "lod": {
    "model": "antiques:gun/lod/reichs79",
    "texture": "antiques:gun/lod/reichs79"
  },
  "hud": "antiques:gun/hud/reichs79",
  "slot": "antiques:gun/slot/reichs79",
  "ammo_count_style": "normal",
  "damage_style": "total",
  "animation": "antiques:reichs79",
  "state_machine": "tacz:m870_state_machine",
  "state_machine_param": {
    "bolt_shell_ejecting_time": 0.17,
    "intro_shell_ejecting_time": 0.4
  },
  "use_default_animation": "pistol",
  "third_person_animation": "default",
  "player_animator_3rd": "tacz:pistol_default.player_animation",
  "show_crosshair": false,
  "transform": {
    "scale": {
      "thirdperson": [0.5, 0.5, 0.5],
      "ground": [0.5, 0.5, 0.5],
      "fixed": [1, 1, 1]
    }
  },
  "muzzle_flash": {
    "texture": "tacz:flash/common_muzzle_flash",
    "scale": 1.2
  },
  "iron_zoom": 1.2,
  "shell": {
    "initial_velocity": [5, 0.5, 1],
    "random_velocity": [1, 0.5, 0.25],
    "acceleration": [0.0, -10, 0.0],
    "angular_velocity": [360, -960, 90],
    "living_time": 1.0
  },
  "sounds": {
    "draw": "antiques:reichs79/reichs79_draw",
    "shoot": "antiques:reichs79/reichs79_shoot",
    "shoot_3p": "antiques:reichs79/reichs79_shoot_3p",
    "silence": "antiques:reichs79/reichs79_silence",
    "silence_3p": "antiques:reichs79/reichs79_silence_3p",
    "put_away": "antiques:reichs79/reichs79_put_away",
    "melee_push": "tacz:melee_stock/melee_stock_02",
    "melee_stock": "tacz:melee_stock/melee_stock_03"
  },
  // 副手枪械显示
  "offhand_show": {
    "pos": [4, 13, -1],
    "rotate": [-90, -35, 90],
    "scale": [0.5, 0.5, 0.5]
  },
  "hotbar_show": {
    "0": {
      "pos": [-1, 20, 3],
      "rotate": [-180, 0, 120],
      "scale": [0.5, 0.5, 0.5]
    }
  },
  "controllable": {
    "semi": {
      "low_frequency": 0.25,
      "high_frequency": 0.5,
      "time": 100
    }
  }
}
}