{
    "model": "antiques:gun/werndl_geo",
    "texture": "antiques:gun/uv/werndl",
    "slot": "antiques:gun/slot/werndl",
    "hud": "antiques:gun/hud/werndl",
    "animation": "antiques:werndl",

    "iron_zoom": 1.5,
    "sounds": {
        "shoot": "antiques:werndl/werndl_shoot",
        "shoot_3p": "antiques:werndl/werndl_shoot_3p",
        "draw": "antiques:werndl/werndl_draw",
        "reload_empty": "antiques:werndl/werndl_reload_empty",
        "reload_tactical": "antiques:werndl/werndl_reload_tactical",
        "inspect_empty": "antiques:werndl/werndl_inspect_empty",
        "inspect": "antiques:werndl/werndl_inspect"
    },
    "muzzle_flash": {
       
        "texture": "tacz:flash/common_muzzle_flash",
        
        "scale": 2
      },
    "transform": {
        "scale": {
            "thirdperson": [0.5,0.5,0.5],
            "ground": [0.5,0.5,0.5],
            "fixed": [1, 1, 1]
        }
    },
	"offhand_show": {
    "scale": [0.6, 0.6, 0.6]
    },
	
    "third_person_animation": "default"
}