{
	"format_version": "1.12.0",
	"minecraft:geometry": [
		{
			"description": {
				"identifier": "geometry.scope_standard_8x - Converted",
				"texture_width": 64,
				"texture_height": 64,
				"visible_bounds_width": 22,
				"visible_bounds_height": 15,
				"visible_bounds_offset": [0, 0.5, 0]
			},
			"bones": [
				{
					"name": "scope_body",
					"pivot": [0, 7.575, 0.125]
				},
				{
					"name": "1_6",
					"parent": "scope_body",
					"pivot": [0, 0.6875, -0.1875]
				},
				{
					"name": "mount2",
					"parent": "1_6",
					"pivot": [0, 0.6875, -0.1875],
					"cubes": [
						{
							"origin": [-1, -0.70312, -2.32812],
							"size": [0.625, 0.75, 2.15625],
							"uv": {
								"north": {"uv": [56, 2], "uv_size": [0.5, 1]},
								"east": {"uv": [54, 51], "uv_size": [2, 1]},
								"south": {"uv": [56, 3], "uv_size": [0.5, 1]},
								"west": {"uv": [54, 52], "uv_size": [2, 1]},
								"up": {"uv": [54, 53], "uv_size": [0.5, 2]},
								"down": {"uv": [55, 2], "uv_size": [0.5, -2]}
							}
						},
						{
							"origin": [-1.125, -1.20312, -2.32812],
							"size": [0.125, 1.6875, 2.0625],
							"uv": {
								"north": {"uv": [55, 13], "uv_size": [0.5, 1.5]},
								"east": {"uv": [49, 54], "uv_size": [2, 1.5]},
								"south": {"uv": [14, 55], "uv_size": [0.5, 1.5]},
								"west": {"uv": [51, 54], "uv_size": [2, 1.5]},
								"up": {"uv": [55, 2], "uv_size": [0.5, 2]},
								"down": {"uv": [55, 6], "uv_size": [0.5, -2]}
							}
						},
						{
							"origin": [-1.5, 0.35938, -2.32812],
							"size": [0.375, 0.125, 2.0625],
							"uv": {
								"north": {"uv": [56, 55], "uv_size": [0.5, 0.5]},
								"east": {"uv": [55, 6], "uv_size": [2, 0.5]},
								"south": {"uv": [56, 56], "uv_size": [0.5, 0.5]},
								"up": {"uv": [55, 7], "uv_size": [0.5, 2]},
								"down": {"uv": [55, 11], "uv_size": [0.5, -2]}
							}
						},
						{
							"origin": [-1.5, -1.39062, -2.32812],
							"size": [0.125, 1.75, 2.0625],
							"uv": {
								"north": {"uv": [55, 11], "uv_size": [0.5, 2]},
								"east": {"uv": [54, 30], "uv_size": [2, 2]},
								"south": {"uv": [12, 55], "uv_size": [0.5, 2]},
								"west": {"uv": [32, 54], "uv_size": [2, 2]},
								"down": {"uv": [13, 57], "uv_size": [0.5, -2]}
							}
						}
					]
				},
				{
					"name": "rear_scope",
					"parent": "1_6",
					"pivot": [0, 0.6875, -0.1875]
				},
				{
					"name": "hexadecagon5",
					"parent": "rear_scope",
					"pivot": [0, -0.025, -2.5625],
					"cubes": [
						{
							"origin": [-0.30908, -0.95516, -7.96875],
							"size": [0.27474, 0.12187, 9.375],
							"pivot": [-0.375, 0.0625, -2.4975],
							"rotation": [0, 0, -45],
							"uv": {
								"north": {"uv": [57, 2], "uv_size": [0.5, 0.5]},
								"south": {"uv": [57, 3], "uv_size": [0.5, 0.5]},
								"up": {"uv": [53, 0], "uv_size": [0.5, 9.5]},
								"down": {"uv": [53, 19.5], "uv_size": [0.5, -9.5]}
							}
						},
						{
							"origin": [-0.1994, -0.85247, -7.96875],
							"size": [0.27474, 0.12187, 9.375],
							"pivot": [-0.375, 0.0625, -2.4975],
							"rotation": [0, 0, -22.5],
							"uv": {
								"north": {"uv": [57, 4], "uv_size": [0.5, 0.5]},
								"south": {"uv": [57, 5], "uv_size": [0.5, 0.5]},
								"up": {"uv": [53, 20], "uv_size": [0.5, 9.5]},
								"down": {"uv": [53, 39.5], "uv_size": [0.5, -9.5]}
							}
						},
						{
							"origin": [-0.13737, -0.71562, -7.96875],
							"size": [0.27474, 0.12187, 9.375],
							"uv": {
								"north": {"uv": [57, 6], "uv_size": [0.5, 0.5]},
								"south": {"uv": [57, 7], "uv_size": [0.5, 0.5]},
								"up": {"uv": [53, 40], "uv_size": [0.5, 9.5]},
								"down": {"uv": [53, 59.5], "uv_size": [0.5, -9.5]}
							}
						},
						{
							"origin": [-0.13243, -0.56546, -7.96875],
							"size": [0.27474, 0.12187, 9.375],
							"pivot": [-0.375, 0.0625, -2.4975],
							"rotation": [0, 0, 22.5],
							"uv": {
								"north": {"uv": [57, 8], "uv_size": [0.5, 0.5]},
								"south": {"uv": [57, 9], "uv_size": [0.5, 0.5]},
								"up": {"uv": [0, 54], "uv_size": [0.5, 9.5]},
								"down": {"uv": [54, 9.5], "uv_size": [0.5, -9.5]}
							}
						},
						{
							"origin": [-0.18533, -0.42483, -7.96875],
							"size": [0.27474, 0.12187, 9.375],
							"pivot": [-0.375, 0.0625, -2.4975],
							"rotation": [0, 0, 45],
							"uv": {
								"north": {"uv": [57, 10], "uv_size": [0.5, 0.5]},
								"south": {"uv": [57, 11], "uv_size": [0.5, 0.5]},
								"up": {"uv": [1, 54], "uv_size": [0.5, 9.5]},
								"down": {"uv": [2, 63.5], "uv_size": [0.5, -9.5]}
							}
						},
						{
							"origin": [-0.30908, 0.30421, -7.96875],
							"size": [0.27474, 0.12188, 9.375],
							"pivot": [-0.375, 0.0625, -2.4975],
							"rotation": [0, 0, -45],
							"uv": {
								"north": {"uv": [12, 57], "uv_size": [0.5, 0.5]},
								"south": {"uv": [57, 12], "uv_size": [0.5, 0.5]},
								"up": {"uv": [3, 54], "uv_size": [0.5, 9.5]},
								"down": {"uv": [4, 63.5], "uv_size": [0.5, -9.5]}
							}
						},
						{
							"origin": [-0.1994, 0.4069, -7.96875],
							"size": [0.27474, 0.12188, 9.375],
							"pivot": [-0.375, 0.0625, -2.4975],
							"rotation": [0, 0, -22.5],
							"uv": {
								"north": {"uv": [13, 57], "uv_size": [0.5, 0.5]},
								"south": {"uv": [57, 13], "uv_size": [0.5, 0.5]},
								"up": {"uv": [5, 54], "uv_size": [0.5, 9.5]},
								"down": {"uv": [6, 63.5], "uv_size": [0.5, -9.5]}
							}
						},
						{
							"origin": [-0.13737, 0.54375, -7.96875],
							"size": [0.27474, 0.12188, 9.375],
							"uv": {
								"north": {"uv": [14, 57], "uv_size": [0.5, 0.5]},
								"south": {"uv": [57, 14], "uv_size": [0.5, 0.5]},
								"up": {"uv": [7, 54], "uv_size": [0.5, 9.5]},
								"down": {"uv": [8, 63.5], "uv_size": [0.5, -9.5]}
							}
						},
						{
							"origin": [-0.13243, 0.69392, -7.96875],
							"size": [0.27474, 0.12188, 9.375],
							"pivot": [-0.375, 0.0625, -2.4975],
							"rotation": [0, 0, 22.5],
							"uv": {
								"north": {"uv": [15, 57], "uv_size": [0.5, 0.5]},
								"south": {"uv": [57, 15], "uv_size": [0.5, 0.5]},
								"up": {"uv": [9, 54], "uv_size": [0.5, 9.5]},
								"down": {"uv": [10, 63.5], "uv_size": [0.5, -9.5]}
							}
						},
						{
							"origin": [-0.18533, 0.83454, -7.96875],
							"size": [0.27474, 0.12188, 9.375],
							"pivot": [-0.375, 0.0625, -2.4975],
							"rotation": [0, 0, 45],
							"uv": {
								"north": {"uv": [16, 57], "uv_size": [0.5, 0.5]},
								"south": {"uv": [57, 16], "uv_size": [0.5, 0.5]},
								"up": {"uv": [54, 10], "uv_size": [0.5, 9.5]},
								"down": {"uv": [11, 63.5], "uv_size": [0.5, -9.5]}
							}
						},
						{
							"origin": [0.50672, -0.29922, -7.96875],
							"size": [0.12188, 0.27474, 9.375],
							"pivot": [-0.375, 0.0625, -2.4975],
							"rotation": [0, 0, -22.5],
							"uv": {
								"north": {"uv": [17, 57], "uv_size": [0.5, 0.5]},
								"east": {"uv": [12, 54], "uv_size": [9.5, 0.5]},
								"south": {"uv": [57, 17], "uv_size": [0.5, 0.5]},
								"west": {"uv": [54, 20], "uv_size": [9.5, 0.5]}
							}
						},
						{
							"origin": [0.56875, -0.16237, -7.96875],
							"size": [0.12188, 0.27474, 9.375],
							"uv": {
								"north": {"uv": [18, 57], "uv_size": [0.5, 0.5]},
								"east": {"uv": [54, 21], "uv_size": [9.5, 0.5]},
								"south": {"uv": [57, 18], "uv_size": [0.5, 0.5]},
								"west": {"uv": [22, 54], "uv_size": [9.5, 0.5]}
							}
						},
						{
							"origin": [0.57369, -0.0122, -7.96875],
							"size": [0.12188, 0.27474, 9.375],
							"pivot": [-0.375, 0.0625, -2.4975],
							"rotation": [0, 0, 22.5],
							"uv": {
								"north": {"uv": [19, 57], "uv_size": [0.5, 0.5]},
								"east": {"uv": [54, 22], "uv_size": [9.5, 0.5]},
								"south": {"uv": [57, 19], "uv_size": [0.5, 0.5]},
								"west": {"uv": [54, 23], "uv_size": [9.5, 0.5]}
							}
						},
						{
							"origin": [-0.75265, -0.29922, -7.96875],
							"size": [0.12188, 0.27474, 9.375],
							"pivot": [-0.375, 0.0625, -2.4975],
							"rotation": [0, 0, -22.5],
							"uv": {
								"north": {"uv": [20, 57], "uv_size": [0.5, 0.5]},
								"east": {"uv": [54, 24], "uv_size": [9.5, 0.5]},
								"south": {"uv": [21, 57], "uv_size": [0.5, 0.5]},
								"west": {"uv": [54, 25], "uv_size": [9.5, 0.5]}
							}
						},
						{
							"origin": [-0.69062, -0.16237, -7.96875],
							"size": [0.12188, 0.27474, 9.375],
							"uv": {
								"north": {"uv": [22, 57], "uv_size": [0.5, 0.5]},
								"east": {"uv": [54, 26], "uv_size": [9.5, 0.5]},
								"south": {"uv": [23, 57], "uv_size": [0.5, 0.5]},
								"west": {"uv": [54, 27], "uv_size": [9.5, 0.5]}
							}
						},
						{
							"origin": [-0.68569, -0.0122, -7.96875],
							"size": [0.12188, 0.27474, 9.375],
							"pivot": [-0.375, 0.0625, -2.4975],
							"rotation": [0, 0, 22.5],
							"uv": {
								"north": {"uv": [24, 57], "uv_size": [0.5, 0.5]},
								"east": {"uv": [54, 28], "uv_size": [9.5, 0.5]},
								"south": {"uv": [25, 57], "uv_size": [0.5, 0.5]},
								"west": {"uv": [54, 29], "uv_size": [9.5, 0.5]}
							}
						},
						{
							"origin": [-0.75, -0.275, -7.125],
							"size": [1.5, 0.5, 0.5],
							"uv": {
								"north": {"uv": [42, 55], "uv_size": [1.5, 0.5]},
								"east": {"uv": [55, 36], "uv_size": [0.5, 0.5]},
								"south": {"uv": [44, 55], "uv_size": [1.5, 0.5]},
								"west": {"uv": [55, 37], "uv_size": [0.5, 0.5]},
								"up": {"uv": [46, 55], "uv_size": [1.5, 0.5]},
								"down": {"uv": [55, 53.5], "uv_size": [1.5, -0.5]}
							}
						},
						{
							"origin": [-0.09375, 0.75625, -4.0625],
							"size": [0.1875, 0.125, 0.125],
							"pivot": [0, 0.81875, -4],
							"rotation": [45, 0, -90],
							"uv": {
								"north": {"uv": [42, 55], "uv_size": [1.5, 0.5]},
								"south": {"uv": [44, 55], "uv_size": [1.5, 0.5]},
								"west": {"uv": [55, 37], "uv_size": [0.5, 0.5]},
								"up": {"uv": [46, 55], "uv_size": [1.5, 0.5]},
								"down": {"uv": [55, 53.5], "uv_size": [1.5, -0.5]}
							}
						},
						{
							"origin": [-0.8125, -0.15, -7],
							"size": [1.625, 0.25, 0.25],
							"pivot": [0, -0.025, -6.875],
							"rotation": [-45, 0, 0],
							"uv": {
								"north": {"uv": [54, 55], "uv_size": [1.5, 0.5]},
								"east": {"uv": [55, 38], "uv_size": [0.5, 0.5]},
								"south": {"uv": [55, 54], "uv_size": [1.5, 0.5]},
								"west": {"uv": [55, 39], "uv_size": [0.5, 0.5]},
								"up": {"uv": [56, 0], "uv_size": [1.5, 0.5]},
								"down": {"uv": [56, 1.5], "uv_size": [1.5, -0.5]}
							}
						}
					]
				},
				{
					"name": "knob",
					"parent": "1_6",
					"pivot": [0, 0.5, -3.875],
					"cubes": [
						{
							"origin": [-0.2875, 0.54688, -6.43125],
							"size": [0.575, 0.125, 1.2625],
							"uv": {
								"north": {"uv": [26, 57], "uv_size": [0.5, 0.5]},
								"east": {"uv": [15, 55], "uv_size": [1.5, 0.5]},
								"south": {"uv": [27, 57], "uv_size": [0.5, 0.5]},
								"west": {"uv": [55, 15], "uv_size": [1.5, 0.5]},
								"up": {"uv": [55, 16], "uv_size": [0.5, 1.5]}
							}
						},
						{
							"origin": [-0.2875, 2.61018, -3.75544],
							"size": [0.575, 0.07813, 0.16875],
							"pivot": [-0.375, 0.0625, -2.4975],
							"rotation": [52.5, 0, 0],
							"uv": {
								"east": {"uv": [28, 57], "uv_size": [0.5, 0.5]},
								"west": {"uv": [29, 57], "uv_size": [0.5, 0.5]},
								"up": {"uv": [30, 57], "uv_size": [0.5, 0.5]}
							}
						},
						{
							"origin": [-0.2875, 0.67188, -5.24375],
							"size": [0.575, 0.125, 0.075],
							"uv": {
								"east": {"uv": [57, 30], "uv_size": [0.5, 0.5]},
								"south": {"uv": [31, 57], "uv_size": [0.5, 0.5]},
								"west": {"uv": [57, 31], "uv_size": [0.5, 0.5]},
								"up": {"uv": [32, 57], "uv_size": [0.5, 0.5]}
							}
						},
						{
							"origin": [-2.65554, 0.67188, -5.30837],
							"size": [0.2, 0.28125, 0.2],
							"pivot": [-0.375, 0.0625, -2.4975],
							"rotation": [0, -45, 0],
							"uv": {
								"north": {"uv": [57, 32], "uv_size": [0.5, 0.5]},
								"east": {"uv": [33, 57], "uv_size": [0.5, 0.5]},
								"south": {"uv": [57, 33], "uv_size": [0.5, 0.5]},
								"west": {"uv": [57, 34], "uv_size": [0.5, 0.5]},
								"up": {"uv": [57, 35], "uv_size": [0.5, 0.5]}
							}
						}
					]
				},
				{
					"name": "octagon8",
					"parent": "knob",
					"pivot": [-0.8625, 0.5, -3.875],
					"cubes": [
						{
							"origin": [-2.74194, 0.73438, -5.65837],
							"size": [0.37279, 0.1875, 0.9],
							"pivot": [-0.375, 0.0625, -2.4975],
							"rotation": [0, -45, 0],
							"uv": {
								"north": {"uv": [57, 36], "uv_size": [0.5, 0.5]},
								"south": {"uv": [57, 37], "uv_size": [0.5, 0.5]},
								"up": {"uv": [56, 4], "uv_size": [0.5, 1]},
								"down": {"uv": [56, 6], "uv_size": [0.5, -1]}
							}
						},
						{
							"origin": [-0.1864, 0.73438, -6.40625],
							"size": [0.37279, 0.1875, 0.9],
							"uv": {
								"north": {"uv": [57, 38], "uv_size": [0.5, 0.5]},
								"south": {"uv": [57, 39], "uv_size": [0.5, 0.5]},
								"up": {"uv": [56, 7], "uv_size": [0.5, 1]},
								"down": {"uv": [56, 9], "uv_size": [0.5, -1]}
							}
						},
						{
							"origin": [-3.00554, 0.73438, -5.39477],
							"size": [0.9, 0.1875, 0.37279],
							"pivot": [-0.375, 0.0625, -2.4975],
							"rotation": [0, -45, 0],
							"uv": {
								"east": {"uv": [57, 40], "uv_size": [0.5, 0.5]},
								"west": {"uv": [57, 41], "uv_size": [0.5, 0.5]},
								"up": {"uv": [56, 9], "uv_size": [1, 0.5]},
								"down": {"uv": [56, 10.5], "uv_size": [1, -0.5]}
							}
						},
						{
							"origin": [-0.45, 0.73438, -6.14265],
							"size": [0.9, 0.1875, 0.37279],
							"uv": {
								"east": {"uv": [42, 57], "uv_size": [0.5, 0.5]},
								"west": {"uv": [57, 42], "uv_size": [0.5, 0.5]},
								"up": {"uv": [56, 11], "uv_size": [1, 0.5]},
								"down": {"uv": [56, 12.5], "uv_size": [1, -0.5]}
							}
						}
					]
				},
				{
					"name": "hide_when_ads",
					"parent": "1_6",
					"pivot": [0, 5.5, 4.625]
				},
				{
					"name": "octagon",
					"parent": "hide_when_ads",
					"pivot": [0, -0.025, 0.125],
					"cubes": [
						{
							"origin": [-0.30289, -0.75625, -0.4375],
							"size": [0.60579, 1.4625, 1.125],
							"pivot": [0, -0.025, 0.125],
							"rotation": [0, 0, 45],
							"uv": {
								"north": {"uv": [17, 55], "uv_size": [0.5, 1.5]},
								"south": {"uv": [18, 55], "uv_size": [0.5, 1.5]},
								"up": {"uv": [20, 56], "uv_size": [0.5, 1]},
								"down": {"uv": [21, 57], "uv_size": [0.5, -1]}
							}
						},
						{
							"origin": [-0.30289, -0.75625, -0.4375],
							"size": [0.60579, 1.4625, 1.125],
							"uv": {
								"north": {"uv": [55, 18], "uv_size": [0.5, 1.5]},
								"south": {"uv": [19, 55], "uv_size": [0.5, 1.5]},
								"up": {"uv": [22, 56], "uv_size": [0.5, 1]},
								"down": {"uv": [23, 57], "uv_size": [0.5, -1]}
							}
						},
						{
							"origin": [-0.73125, -0.32789, -0.4375],
							"size": [1.4625, 0.60579, 1.125],
							"pivot": [0, -0.025, 0.125],
							"rotation": [0, 0, 45],
							"uv": {
								"north": {"uv": [20, 55], "uv_size": [1.5, 0.5]},
								"east": {"uv": [24, 56], "uv_size": [1, 0.5]},
								"south": {"uv": [22, 55], "uv_size": [1.5, 0.5]},
								"west": {"uv": [25, 56], "uv_size": [1, 0.5]}
							}
						},
						{
							"origin": [-0.73125, -0.32789, -0.4375],
							"size": [1.4625, 0.60579, 1.125],
							"uv": {
								"north": {"uv": [24, 55], "uv_size": [1.5, 0.5]},
								"east": {"uv": [26, 56], "uv_size": [1, 0.5]},
								"south": {"uv": [26, 55], "uv_size": [1.5, 0.5]},
								"west": {"uv": [27, 56], "uv_size": [1, 0.5]}
							}
						}
					]
				},
				{
					"name": "octagon2",
					"parent": "hide_when_ads",
					"pivot": [0, -0.025, -2.625],
					"cubes": [
						{
							"origin": [-0.30289, -0.75625, -3.1875],
							"size": [0.60579, 1.4625, 1.125],
							"pivot": [0, -0.025, -2.625],
							"rotation": [0, 0, 45],
							"uv": {
								"north": {"uv": [17, 55], "uv_size": [0.5, 1.5]},
								"south": {"uv": [18, 55], "uv_size": [0.5, 1.5]},
								"up": {"uv": [20, 56], "uv_size": [0.5, 1]},
								"down": {"uv": [21, 57], "uv_size": [0.5, -1]}
							}
						},
						{
							"origin": [-0.30289, -0.75625, -3.1875],
							"size": [0.60579, 1.4625, 1.125],
							"uv": {
								"north": {"uv": [55, 18], "uv_size": [0.5, 1.5]},
								"south": {"uv": [19, 55], "uv_size": [0.5, 1.5]},
								"up": {"uv": [22, 56], "uv_size": [0.5, 1]},
								"down": {"uv": [23, 57], "uv_size": [0.5, -1]}
							}
						},
						{
							"origin": [-0.73125, -0.32789, -3.1875],
							"size": [1.4625, 0.60579, 1.125],
							"pivot": [0, -0.025, -2.625],
							"rotation": [0, 0, 45],
							"uv": {
								"north": {"uv": [20, 55], "uv_size": [1.5, 0.5]},
								"east": {"uv": [24, 56], "uv_size": [1, 0.5]},
								"south": {"uv": [22, 55], "uv_size": [1.5, 0.5]},
								"west": {"uv": [25, 56], "uv_size": [1, 0.5]}
							}
						},
						{
							"origin": [-0.73125, -0.32789, -3.1875],
							"size": [1.4625, 0.60579, 1.125],
							"uv": {
								"north": {"uv": [24, 55], "uv_size": [1.5, 0.5]},
								"east": {"uv": [26, 56], "uv_size": [1, 0.5]},
								"south": {"uv": [26, 55], "uv_size": [1.5, 0.5]},
								"west": {"uv": [27, 56], "uv_size": [1, 0.5]}
							}
						}
					]
				},
				{
					"name": "octagon3",
					"parent": "hide_when_ads",
					"pivot": [0, -0.025, -4],
					"cubes": [
						{
							"origin": [-0.31066, -0.775, -4.5],
							"size": [0.62132, 1.5, 1],
							"pivot": [0, -0.025, -4],
							"rotation": [0, 0, 45],
							"uv": {
								"north": {"uv": [28, 55], "uv_size": [0.5, 1.5]},
								"south": {"uv": [29, 55], "uv_size": [0.5, 1.5]},
								"up": {"uv": [56, 30], "uv_size": [0.5, 1]},
								"down": {"uv": [56, 32], "uv_size": [0.5, -1]}
							}
						},
						{
							"origin": [-0.31066, -0.775, -4.5],
							"size": [0.62132, 1.5, 1],
							"uv": {
								"north": {"uv": [30, 55], "uv_size": [0.5, 1.5]},
								"south": {"uv": [31, 55], "uv_size": [0.5, 1.5]},
								"up": {"uv": [32, 56], "uv_size": [0.5, 1]},
								"down": {"uv": [33, 57], "uv_size": [0.5, -1]}
							}
						},
						{
							"origin": [-0.75, -0.33566, -4.5],
							"size": [1.5, 0.62132, 1],
							"pivot": [0, -0.025, -4],
							"rotation": [0, 0, 45],
							"uv": {
								"north": {"uv": [55, 32], "uv_size": [1.5, 0.5]},
								"east": {"uv": [56, 36], "uv_size": [1, 0.5]},
								"south": {"uv": [55, 33], "uv_size": [1.5, 0.5]},
								"west": {"uv": [56, 37], "uv_size": [1, 0.5]}
							}
						},
						{
							"origin": [-0.75, -0.33566, -4.5],
							"size": [1.5, 0.62132, 1],
							"uv": {
								"north": {"uv": [55, 34], "uv_size": [1.5, 0.5]},
								"east": {"uv": [56, 38], "uv_size": [1, 0.5]},
								"south": {"uv": [55, 35], "uv_size": [1.5, 0.5]},
								"west": {"uv": [56, 39], "uv_size": [1, 0.5]}
							}
						}
					]
				},
				{
					"name": "hexadecagon2",
					"parent": "hide_when_ads",
					"pivot": [0, -0.025, -2.3375],
					"cubes": [
						{
							"origin": [-0.12122, -0.6344, -7.7125],
							"size": [0.24243, 1.2188, 10.75],
							"pivot": [0, -0.025, 0],
							"rotation": [0, 0, -45],
							"uv": {
								"north": {"uv": [56, 40], "uv_size": [0.5, 1]},
								"south": {"uv": [56, 41], "uv_size": [0.5, 1]},
								"up": {"uv": [54, 32], "uv_size": [0.5, 6.5]},
								"down": {"uv": [34, 60.5], "uv_size": [0.5, -6.5]}
							}
						},
						{
							"origin": [-0.12122, -0.6344, -7.7125],
							"size": [0.24243, 1.2188, 10.75],
							"pivot": [0, -0.025, 0],
							"rotation": [0, 0, -22.5],
							"uv": {
								"north": {"uv": [56, 42], "uv_size": [0.5, 1]},
								"south": {"uv": [56, 43], "uv_size": [0.5, 1]},
								"up": {"uv": [35, 54], "uv_size": [0.5, 6.5]},
								"down": {"uv": [36, 60.5], "uv_size": [0.5, -6.5]}
							}
						},
						{
							"origin": [-0.12122, -0.6344, -7.7125],
							"size": [0.24243, 1.2188, 10.75],
							"uv": {
								"north": {"uv": [56, 44], "uv_size": [0.5, 1]},
								"south": {"uv": [56, 45], "uv_size": [0.5, 1]},
								"up": {"uv": [37, 54], "uv_size": [0.5, 6.5]},
								"down": {"uv": [38, 60.5], "uv_size": [0.5, -6.5]}
							}
						},
						{
							"origin": [-0.12122, -0.6344, -7.7125],
							"size": [0.24243, 1.2188, 10.75],
							"pivot": [0, -0.025, 0],
							"rotation": [0, 0, 22.5],
							"uv": {
								"north": {"uv": [47, 56], "uv_size": [0.5, 1]},
								"south": {"uv": [48, 56], "uv_size": [0.5, 1]},
								"up": {"uv": [39, 54], "uv_size": [0.5, 6.5]},
								"down": {"uv": [54, 45.5], "uv_size": [0.5, -6.5]}
							}
						},
						{
							"origin": [-0.12122, -0.6344, -7.7125],
							"size": [0.24243, 1.2188, 10.75],
							"pivot": [0, -0.025, 0],
							"rotation": [0, 0, 45],
							"uv": {
								"north": {"uv": [49, 56], "uv_size": [0.5, 1]},
								"south": {"uv": [50, 56], "uv_size": [0.5, 1]},
								"up": {"uv": [40, 54], "uv_size": [0.5, 6.5]},
								"down": {"uv": [41, 60.5], "uv_size": [0.5, -6.5]}
							}
						},
						{
							"origin": [-0.6094, -0.14622, -7.7125],
							"size": [1.2188, 0.24243, 10.75],
							"pivot": [0, -0.025, 0],
							"rotation": [0, 0, -22.5],
							"uv": {
								"north": {"uv": [51, 56], "uv_size": [1, 0.5]},
								"east": {"uv": [42, 54], "uv_size": [6.5, 0.5]},
								"south": {"uv": [56, 51], "uv_size": [1, 0.5]},
								"west": {"uv": [54, 46], "uv_size": [6.5, 0.5]}
							}
						},
						{
							"origin": [-0.6094, -0.14622, -7.7125],
							"size": [1.2188, 0.24243, 10.75],
							"uv": {
								"north": {"uv": [52, 56], "uv_size": [1, 0.5]},
								"east": {"uv": [54, 47], "uv_size": [6.5, 0.5]},
								"south": {"uv": [56, 52], "uv_size": [1, 0.5]},
								"west": {"uv": [54, 48], "uv_size": [6.5, 0.5]}
							}
						},
						{
							"origin": [-0.6094, -0.14622, -7.7125],
							"size": [1.2188, 0.24243, 10.75],
							"pivot": [0, -0.025, 0],
							"rotation": [0, 0, 22.5],
							"uv": {
								"north": {"uv": [54, 56], "uv_size": [1, 0.5]},
								"east": {"uv": [54, 49], "uv_size": [6.5, 0.5]},
								"south": {"uv": [55, 56], "uv_size": [1, 0.5]},
								"west": {"uv": [54, 50], "uv_size": [6.5, 0.5]}
							}
						}
					]
				},
				{
					"name": "division",
					"pivot": [0.01562, -0.55134, -80.55357],
					"cubes": [
						{
							"origin": [-26.1875, -26.89062, -80.75],
							"size": [52.375, 52.40625, 0.25],
							"uv": {
								"south": {"uv": [0, 0], "uv_size": [52.5, 52.5]}
							}
						},
						{
							"origin": [-26.3125, -0.10937, -80.375],
							"size": [52.5, 0.125, 0],
							"uv": {
								"south": {"uv": [0, 53], "uv_size": [52.5, 0.5]}
							}
						},
						{
							"origin": [5.0625, 1.57813, -80.375],
							"size": [4.6875, 0.125, 0],
							"uv": {
								"south": {"uv": [0, 53], "uv_size": [52.5, 0.5]}
							}
						},
						{
							"origin": [8.625, 2.32813, -80.04687],
							"size": [4.75, 0.125, 0],
							"uv": {
								"south": {"uv": [0, 53], "uv_size": [52.5, 0.5]}
							}
						},
						{
							"origin": [13.0625, 3.01563, -80.375],
							"size": [4.9375, 0.125, 0],
							"uv": {
								"south": {"uv": [0, 53], "uv_size": [52.5, 0.5]}
							}
						},
						{
							"origin": [-26.4375, -0.54687, -80.375],
							"size": [52.875, 0.125, 0],
							"pivot": [-0.00001, -0.48437, -80.375],
							"rotation": [0, 0, -90],
							"uv": {
								"south": {"uv": [0, 53], "uv_size": [52.5, 0.5]}
							}
						},
						{
							"origin": [-54.40626, -2.29688, -80.5],
							"size": [52.40625, 51.75001, -0.001],
							"pivot": [-28.00001, -0.48437, -80.375],
							"rotation": [0, 0, -90],
							"uv": {
								"south": {"uv": [0, 53], "uv_size": [52.5, 0.5]}
							}
						},
						{
							"origin": [2.00001, -2.29688, -80.5],
							"size": [52.40625, 51.75001, -0.001],
							"pivot": [28.00001, -0.48437, -80.375],
							"rotation": [0, 0, 90],
							"uv": {
								"south": {"uv": [52.5, 53], "uv_size": [-52.5, 0.5]}
							}
						},
						{
							"origin": [2.00001, -54.01564, -80.5],
							"size": [52.40625, 155.87502, -0.001],
							"pivot": [28.00001, 51.92188, -80.375],
							"rotation": [0, 0, 90],
							"uv": {
								"south": {"uv": [52.5, 53], "uv_size": [-52.5, 0.5]}
							}
						},
						{
							"origin": [2.00001, -103.23437, -79.5],
							"size": [52.40625, 155.87502, -1.001],
							"pivot": [28.00001, -53.29687, -80.375],
							"rotation": [0, 0, -90],
							"uv": {
								"south": {"uv": [52.5, 53.5], "uv_size": [-52.5, -0.5]}
							}
						}
					]
				},
				{
					"name": "ocular",
					"pivot": [0, -0.00044, 2.79938],
					"cubes": [
						{
							"origin": [-0.27353, -0.81967, 3.04938],
							"size": [0.23654, 1.18919, 0],
							"pivot": [-0.33, 0.06688, 8.48688],
							"rotation": [0, 0, -45],
							"uv": {
								"south": {"uv": [56, 13], "uv_size": [0.5, 1]}
							}
						},
						{
							"origin": [-0.17511, -0.73058, 3.04938],
							"size": [0.23654, 1.18919, 0],
							"pivot": [-0.33, 0.06688, 8.48688],
							"rotation": [0, 0, -22.5],
							"uv": {
								"south": {"uv": [56, 14], "uv_size": [0.5, 1]}
							}
						},
						{
							"origin": [-0.11827, -0.6106, 3.04938],
							"size": [0.23654, 1.18919, 0],
							"uv": {
								"south": {"uv": [15, 56], "uv_size": [0.5, 1]}
							}
						},
						{
							"origin": [-0.11167, -0.47801, 3.04938],
							"size": [0.23654, 1.18919, 0],
							"pivot": [-0.33, 0.06688, 8.48688],
							"rotation": [0, 0, 22.5],
							"uv": {
								"south": {"uv": [16, 56], "uv_size": [0.5, 1]}
							}
						},
						{
							"origin": [-0.15631, -0.35298, 3.04938],
							"size": [0.23654, 1.18919, 0],
							"pivot": [-0.33, 0.06688, 8.48688],
							"rotation": [0, 0, 45],
							"uv": {
								"south": {"uv": [56, 16], "uv_size": [0.5, 1]}
							}
						},
						{
							"origin": [-0.65143, -0.25425, 3.04938],
							"size": [1.18919, 0.23654, 0],
							"pivot": [-0.33, 0.06688, 8.48688],
							"rotation": [0, 0, -22.5],
							"uv": {
								"south": {"uv": [56, 17], "uv_size": [1, 0.5]}
							}
						},
						{
							"origin": [-0.5946, -0.13428, 3.04938],
							"size": [1.18919, 0.23654, 0],
							"uv": {
								"south": {"uv": [56, 18], "uv_size": [1, 0.5]}
							}
						},
						{
							"origin": [-0.588, -0.00169, 3.04938],
							"size": [1.18919, 0.23654, 0],
							"pivot": [-0.33, 0.06688, 8.48688],
							"rotation": [0, 0, 22.5],
							"uv": {
								"south": {"uv": [56, 19], "uv_size": [1, 0.5]}
							}
						}
					]
				},
				{
					"name": "ocular_ring",
					"pivot": [0, 0, 0]
				},
				{
					"name": "hexadecagon6",
					"parent": "ocular_ring",
					"pivot": [0, -0.01781, 2.9375],
					"cubes": [
						{
							"origin": [-0.29026, -0.88102, 2.78125],
							"size": [0.24727, 0.07313, 0.3125],
							"pivot": [-0.375, 0.0625, -2.4975],
							"rotation": [0, 0, -45],
							"uv": {
								"south": {"uv": [43, 57], "uv_size": [0.5, 0.5]},
								"up": {"uv": [57, 43], "uv_size": [0.5, 0.5]},
								"down": {"uv": [44, 57.5], "uv_size": [0.5, -0.5]}
							}
						},
						{
							"origin": [-0.18291, -0.77677, 2.78125],
							"size": [0.24727, 0.07313, 0.3125],
							"pivot": [-0.375, 0.0625, -2.4975],
							"rotation": [0, 0, -22.5],
							"uv": {
								"south": {"uv": [57, 44], "uv_size": [0.5, 0.5]},
								"up": {"uv": [45, 57], "uv_size": [0.5, 0.5]},
								"down": {"uv": [57, 45.5], "uv_size": [0.5, -0.5]}
							}
						},
						{
							"origin": [-0.12363, -0.63937, 2.78125],
							"size": [0.24727, 0.07313, 0.3125],
							"uv": {
								"south": {"uv": [46, 57], "uv_size": [0.5, 0.5]},
								"up": {"uv": [47, 57], "uv_size": [0.5, 0.5]},
								"down": {"uv": [48, 57.5], "uv_size": [0.5, -0.5]}
							}
						},
						{
							"origin": [-0.12144, -0.48976, 2.78125],
							"size": [0.24727, 0.07313, 0.3125],
							"pivot": [-0.375, 0.0625, -2.4975],
							"rotation": [0, 0, 22.5],
							"uv": {
								"south": {"uv": [49, 57], "uv_size": [0.5, 0.5]},
								"up": {"uv": [50, 57], "uv_size": [0.5, 0.5]},
								"down": {"uv": [51, 57.5], "uv_size": [0.5, -0.5]}
							}
						},
						{
							"origin": [-0.17668, -0.35069, 2.78125],
							"size": [0.24727, 0.07313, 0.3125],
							"pivot": [-0.375, 0.0625, -2.4975],
							"rotation": [0, 0, 45],
							"uv": {
								"south": {"uv": [57, 51], "uv_size": [0.5, 0.5]},
								"up": {"uv": [52, 57], "uv_size": [0.5, 0.5]},
								"down": {"uv": [57, 52.5], "uv_size": [0.5, -0.5]}
							}
						},
						{
							"origin": [-0.29026, 0.28898, 2.78125],
							"size": [0.24727, 0.07313, 0.3125],
							"pivot": [-0.375, 0.0625, -2.4975],
							"rotation": [0, 0, -45],
							"uv": {
								"south": {"uv": [57, 53], "uv_size": [0.5, 0.5]},
								"up": {"uv": [54, 57], "uv_size": [0.5, 0.5]},
								"down": {"uv": [57, 54.5], "uv_size": [0.5, -0.5]}
							}
						},
						{
							"origin": [-0.18291, 0.39323, 2.78125],
							"size": [0.24727, 0.07313, 0.3125],
							"pivot": [-0.375, 0.0625, -2.4975],
							"rotation": [0, 0, -22.5],
							"uv": {
								"south": {"uv": [55, 57], "uv_size": [0.5, 0.5]},
								"up": {"uv": [57, 55], "uv_size": [0.5, 0.5]},
								"down": {"uv": [56, 57.5], "uv_size": [0.5, -0.5]}
							}
						},
						{
							"origin": [-0.12363, 0.53063, 2.78125],
							"size": [0.24727, 0.07313, 0.3125],
							"uv": {
								"south": {"uv": [57, 56], "uv_size": [0.5, 0.5]},
								"up": {"uv": [57, 57], "uv_size": [0.5, 0.5]},
								"down": {"uv": [58, 0.5], "uv_size": [0.5, -0.5]}
							}
						},
						{
							"origin": [-0.12144, 0.68024, 2.78125],
							"size": [0.24727, 0.07313, 0.3125],
							"pivot": [-0.375, 0.0625, -2.4975],
							"rotation": [0, 0, 22.5],
							"uv": {
								"south": {"uv": [58, 1], "uv_size": [0.5, 0.5]},
								"up": {"uv": [58, 2], "uv_size": [0.5, 0.5]},
								"down": {"uv": [58, 3.5], "uv_size": [0.5, -0.5]}
							}
						},
						{
							"origin": [-0.17668, 0.81931, 2.78125],
							"size": [0.24727, 0.07313, 0.3125],
							"pivot": [-0.375, 0.0625, -2.4975],
							"rotation": [0, 0, 45],
							"uv": {
								"south": {"uv": [58, 4], "uv_size": [0.5, 0.5]},
								"up": {"uv": [58, 5], "uv_size": [0.5, 0.5]},
								"down": {"uv": [58, 6.5], "uv_size": [0.5, -0.5]}
							}
						},
						{
							"origin": [0.48916, -0.27884, 2.78125],
							"size": [0.07313, 0.24727, 0.3125],
							"pivot": [-0.375, 0.0625, -2.4975],
							"rotation": [0, 0, -22.5],
							"uv": {
								"east": {"uv": [58, 7], "uv_size": [0.5, 0.5]},
								"south": {"uv": [58, 8], "uv_size": [0.5, 0.5]},
								"west": {"uv": [58, 9], "uv_size": [0.5, 0.5]}
							}
						},
						{
							"origin": [0.54844, -0.14145, 2.78125],
							"size": [0.07313, 0.24727, 0.3125],
							"uv": {
								"east": {"uv": [58, 10], "uv_size": [0.5, 0.5]},
								"south": {"uv": [58, 11], "uv_size": [0.5, 0.5]},
								"west": {"uv": [12, 58], "uv_size": [0.5, 0.5]}
							}
						},
						{
							"origin": [0.55063, 0.00817, 2.78125],
							"size": [0.07313, 0.24727, 0.3125],
							"pivot": [-0.375, 0.0625, -2.4975],
							"rotation": [0, 0, 22.5],
							"uv": {
								"east": {"uv": [58, 12], "uv_size": [0.5, 0.5]},
								"south": {"uv": [13, 58], "uv_size": [0.5, 0.5]},
								"west": {"uv": [58, 13], "uv_size": [0.5, 0.5]}
							}
						},
						{
							"origin": [-0.68084, -0.27884, 2.78125],
							"size": [0.07313, 0.24727, 0.3125],
							"pivot": [-0.375, 0.0625, -2.4975],
							"rotation": [0, 0, -22.5],
							"uv": {
								"east": {"uv": [14, 58], "uv_size": [0.5, 0.5]},
								"south": {"uv": [58, 14], "uv_size": [0.5, 0.5]},
								"west": {"uv": [15, 58], "uv_size": [0.5, 0.5]}
							}
						},
						{
							"origin": [-0.62156, -0.14145, 2.78125],
							"size": [0.07313, 0.24727, 0.3125],
							"uv": {
								"east": {"uv": [58, 15], "uv_size": [0.5, 0.5]},
								"south": {"uv": [16, 58], "uv_size": [0.5, 0.5]},
								"west": {"uv": [58, 16], "uv_size": [0.5, 0.5]}
							}
						},
						{
							"origin": [-0.61937, 0.00817, 2.78125],
							"size": [0.07313, 0.24727, 0.3125],
							"pivot": [-0.375, 0.0625, -2.4975],
							"rotation": [0, 0, 22.5],
							"uv": {
								"east": {"uv": [17, 58], "uv_size": [0.5, 0.5]},
								"south": {"uv": [58, 17], "uv_size": [0.5, 0.5]},
								"west": {"uv": [18, 58], "uv_size": [0.5, 0.5]}
							}
						}
					]
				},
				{
					"name": "scope_view",
					"pivot": [0, -0.01562, 5.625]
				}
			]
		}
	]
}