{
	"format_version": "1.12.0",
	"minecraft:geometry": [
		{
			"description": {
				"identifier": "geometry.unknown",
				"texture_width": 32,
				"texture_height": 32,
				"visible_bounds_width": 23,
				"visible_bounds_height": 12,
				"visible_bounds_offset": [0, 1, 0]
			},
			"bones": [
				{
					"name": "scope_body",
					"pivot": [0, 0, 0.25]
				},
				{
					"name": "b",
					"parent": "scope_body",
					"pivot": [0, -0.375, 0.375],
					"cubes": [
						{
							"origin": [-0.625, -0.2875, -6.325],
							"size": [1.25, 0.6125, 2.375],
							"uv": {
								"north": {"uv": [16, 4], "uv_size": [1.5, 0.5]},
								"east": {"uv": [12, 4], "uv_size": [2.5, 0.5]},
								"south": {"uv": [6, 16], "uv_size": [1.5, 0.5]},
								"west": {"uv": [12, 5], "uv_size": [2.5, 0.5]},
								"down": {"uv": [2, 6.5], "uv_size": [1.5, -2.5]}
							}
						},
						{
							"origin": [-0.4125, 0.2875, -6.325],
							"size": [0.825, 0.25, 2.375],
							"uv": {
								"north": {"uv": [9, 19], "uv_size": [1, 0.5]},
								"south": {"uv": [19, 9], "uv_size": [1, 0.5]},
								"up": {"uv": [7, 0], "uv_size": [1, 2.5]}
							}
						},
						{
							"origin": [-0.25, 0.375, -6.25],
							"size": [0.5, 0.625, 0.8],
							"uv": {
								"north": {"uv": [18, 23], "uv_size": [0.5, 0.5]},
								"east": {"uv": [10, 19], "uv_size": [1, 0.5]},
								"south": {"uv": [23, 18], "uv_size": [0.5, 0.5]},
								"west": {"uv": [19, 10], "uv_size": [1, 0.5]}
							}
						},
						{
							"origin": [-0.25, 0.375, -4.7],
							"size": [0.5, 0.5, 0.5],
							"uv": {
								"north": {"uv": [19, 23], "uv_size": [0.5, 0.5]},
								"east": {"uv": [23, 19], "uv_size": [0.5, 0.5]},
								"south": {"uv": [20, 23], "uv_size": [0.5, 0.5]},
								"west": {"uv": [23, 20], "uv_size": [0.5, 0.5]}
							}
						},
						{
							"origin": [-0.375, 0.375, -5.9375],
							"size": [0.75, 0.875, 0.1875],
							"uv": {
								"north": {"uv": [2, 13], "uv_size": [1, 1]},
								"east": {"uv": [11, 19], "uv_size": [0.5, 1]},
								"south": {"uv": [15, 3], "uv_size": [1, 1]},
								"west": {"uv": [19, 11], "uv_size": [0.5, 1]}
							}
						},
						{
							"origin": [-0.375, 0.375, -4.55],
							"size": [0.75, 0.625, 0.1875],
							"uv": {
								"north": {"uv": [12, 19], "uv_size": [1, 0.5]},
								"east": {"uv": [21, 23], "uv_size": [0.5, 0.5]},
								"south": {"uv": [19, 12], "uv_size": [1, 0.5]},
								"west": {"uv": [23, 21], "uv_size": [0.5, 0.5]}
							}
						},
						{
							"origin": [0.48572, 0.34053, -6.325],
							"size": [0.17678, 0.30052, 2.375],
							"pivot": [0.6625, 0.2875, -5.2],
							"rotation": [0, 0, -45],
							"uv": {
								"north": {"uv": [22, 23], "uv_size": [0.5, 0.5]},
								"south": {"uv": [23, 22], "uv_size": [0.5, 0.5]},
								"west": {"uv": [12, 6], "uv_size": [2.5, 0.5]}
							}
						},
						{
							"origin": [-0.6625, 0.34053, -6.325],
							"size": [0.17678, 0.30052, 2.375],
							"pivot": [-0.6625, 0.2875, -5.2],
							"rotation": [0, 0, 45],
							"uv": {
								"north": {"uv": [23, 23], "uv_size": [0.5, 0.5]},
								"east": {"uv": [7, 12], "uv_size": [2.5, 0.5]},
								"south": {"uv": [0, 24], "uv_size": [0.5, 0.5]}
							}
						}
					]
				},
				{
					"name": "bone40",
					"parent": "b",
					"pivot": [0, 1.5, -4.6],
					"cubes": [
						{
							"origin": [-0.625, 1.24112, -5.15],
							"size": [1.25, 0.51776, 1.025],
							"pivot": [0, 1.5, -4.6],
							"rotation": [0, 0, -45],
							"uv": {
								"north": {"uv": [21, 11], "uv_size": [1.5, 0.5]},
								"east": {"uv": [16, 10], "uv_size": [1, 0.5]},
								"south": {"uv": [12, 21], "uv_size": [1.5, 0.5]},
								"west": {"uv": [13, 18], "uv_size": [1, 0.5]}
							}
						},
						{
							"origin": [-0.625, 1.24112, -5.15],
							"size": [1.25, 0.51776, 1.025],
							"pivot": [0, 1.5, -4.6],
							"rotation": [0, 0, -90],
							"uv": {
								"north": {"uv": [21, 12], "uv_size": [1.5, 0.5]},
								"east": {"uv": [15, 18], "uv_size": [1, 0.5]},
								"south": {"uv": [21, 13], "uv_size": [1.5, 0.5]},
								"west": {"uv": [1, 19], "uv_size": [1, 0.5]}
							}
						},
						{
							"origin": [-0.625, 1.24112, -5.15],
							"size": [1.25, 0.51776, 1.025],
							"pivot": [0, 1.5, -4.6],
							"rotation": [0, 0, -135],
							"uv": {
								"north": {"uv": [14, 21], "uv_size": [1.5, 0.5]},
								"east": {"uv": [19, 6], "uv_size": [1, 0.5]},
								"south": {"uv": [21, 14], "uv_size": [1.5, 0.5]},
								"west": {"uv": [21, 16], "uv_size": [1, 0.5]}
							}
						},
						{
							"origin": [-0.5, 1.29289, -6.375],
							"size": [0.25, 0.41422, 2.5],
							"uv": {
								"north": {"uv": [24, 3], "uv_size": [0.5, 0.5]},
								"east": {"uv": [12, 10], "uv_size": [2.5, 0.5]},
								"south": {"uv": [4, 24], "uv_size": [0.5, 0.5]},
								"west": {"uv": [12, 11], "uv_size": [2.5, 0.5]}
							}
						},
						{
							"origin": [-0.5, 1.29289, -6.375],
							"size": [0.25, 0.41422, 2.5],
							"pivot": [0, 1.5, -4],
							"rotation": [0, 0, -45],
							"uv": {
								"north": {"uv": [24, 4], "uv_size": [0.5, 0.5]},
								"east": {"uv": [12, 12], "uv_size": [2.5, 0.5]},
								"west": {"uv": [13, 0], "uv_size": [2.5, 0.5]}
							}
						},
						{
							"origin": [-0.5, 1.29289, -6.375],
							"size": [0.25, 0.41422, 2.5],
							"pivot": [0, 1.5, -4],
							"rotation": [0, 0, -90],
							"uv": {
								"north": {"uv": [5, 24], "uv_size": [0.5, 0.5]},
								"east": {"uv": [13, 1], "uv_size": [2.5, 0.5]},
								"south": {"uv": [24, 5], "uv_size": [0.5, 0.5]},
								"west": {"uv": [13, 2], "uv_size": [2.5, 0.5]}
							}
						},
						{
							"origin": [-0.5, 1.29289, -6.375],
							"size": [0.25, 0.41422, 2.5],
							"pivot": [0, 1.5, -4],
							"rotation": [0, 0, -135],
							"uv": {
								"north": {"uv": [6, 24], "uv_size": [0.5, 0.5]},
								"east": {"uv": [4, 13], "uv_size": [2.5, 0.5]},
								"west": {"uv": [7, 13], "uv_size": [2.5, 0.5]}
							}
						},
						{
							"origin": [-0.5, 1.29289, -6.375],
							"size": [0.25, 0.41422, 2.5],
							"pivot": [0, 1.5, -4],
							"rotation": [0, 0, 90],
							"uv": {
								"north": {"uv": [24, 6], "uv_size": [0.5, 0.5]},
								"east": {"uv": [13, 9], "uv_size": [2.5, 0.5]},
								"south": {"uv": [7, 24], "uv_size": [0.5, 0.5]}
							}
						},
						{
							"origin": [-0.5, 1.29289, -6.375],
							"size": [0.25, 0.41422, 2.5],
							"pivot": [0, 1.5, -4],
							"rotation": [0, 0, 135],
							"uv": {
								"north": {"uv": [24, 7], "uv_size": [0.5, 0.5]},
								"east": {"uv": [12, 13], "uv_size": [2.5, 0.5]}
							}
						},
						{
							"origin": [-0.5, 1.29289, -6.375],
							"size": [0.25, 0.41422, 2.5],
							"pivot": [0, 1.5, -4],
							"rotation": [0, 0, -180],
							"uv": {
								"north": {"uv": [8, 24], "uv_size": [0.5, 0.5]},
								"east": {"uv": [0, 14], "uv_size": [2.5, 0.5]},
								"south": {"uv": [24, 8], "uv_size": [0.5, 0.5]},
								"west": {"uv": [3, 14], "uv_size": [2.5, 0.5]}
							}
						},
						{
							"origin": [-0.5, 1.29289, -6.375],
							"size": [0.25, 0.41422, 2.5],
							"pivot": [0, 1.5, -4],
							"rotation": [0, 0, 45],
							"uv": {
								"north": {"uv": [9, 24], "uv_size": [0.5, 0.5]},
								"east": {"uv": [6, 14], "uv_size": [2.5, 0.5]}
							}
						},
						{
							"origin": [-0.5625, 1.267, -3.875],
							"size": [0.1875, 0.466, 0.125],
							"pivot": [0, 1.5, -4.825],
							"rotation": [0, 0, -180],
							"uv": {
								"north": {"uv": [24, 9], "uv_size": [0.5, 0.5]},
								"east": {"uv": [10, 24], "uv_size": [0.5, 0.5]},
								"south": {"uv": [24, 10], "uv_size": [0.5, 0.5]},
								"west": {"uv": [11, 24], "uv_size": [0.5, 0.5]}
							}
						},
						{
							"origin": [-0.5625, 1.267, -3.875],
							"size": [0.1875, 0.466, 0.125],
							"pivot": [0, 1.5, -4.825],
							"rotation": [0, 0, 135],
							"uv": {
								"north": {"uv": [24, 11], "uv_size": [0.5, 0.5]},
								"east": {"uv": [12, 24], "uv_size": [0.5, 0.5]},
								"south": {"uv": [24, 12], "uv_size": [0.5, 0.5]},
								"west": {"uv": [13, 24], "uv_size": [0.5, 0.5]}
							}
						},
						{
							"origin": [-0.5625, 1.267, -3.875],
							"size": [0.1875, 0.466, 0.125],
							"pivot": [0, 1.5, -4.825],
							"rotation": [0, 0, 90],
							"uv": {
								"north": {"uv": [24, 13], "uv_size": [0.5, 0.5]},
								"east": {"uv": [14, 24], "uv_size": [0.5, 0.5]},
								"south": {"uv": [24, 14], "uv_size": [0.5, 0.5]},
								"west": {"uv": [15, 24], "uv_size": [0.5, 0.5]}
							}
						},
						{
							"origin": [-0.5625, 1.267, -3.875],
							"size": [0.1875, 0.466, 0.125],
							"pivot": [0, 1.5, -4.825],
							"rotation": [0, 0, 45],
							"uv": {
								"north": {"uv": [24, 15], "uv_size": [0.5, 0.5]},
								"east": {"uv": [16, 24], "uv_size": [0.5, 0.5]},
								"south": {"uv": [24, 16], "uv_size": [0.5, 0.5]},
								"west": {"uv": [17, 24], "uv_size": [0.5, 0.5]}
							}
						},
						{
							"origin": [-0.5625, 1.267, -3.875],
							"size": [0.1875, 0.466, 0.125],
							"uv": {
								"north": {"uv": [24, 17], "uv_size": [0.5, 0.5]},
								"east": {"uv": [18, 24], "uv_size": [0.5, 0.5]},
								"south": {"uv": [24, 18], "uv_size": [0.5, 0.5]},
								"west": {"uv": [19, 24], "uv_size": [0.5, 0.5]}
							}
						},
						{
							"origin": [-0.5625, 1.267, -3.875],
							"size": [0.1875, 0.466, 0.125],
							"pivot": [0, 1.5, -4.825],
							"rotation": [0, 0, -45],
							"uv": {
								"north": {"uv": [24, 19], "uv_size": [0.5, 0.5]},
								"east": {"uv": [20, 24], "uv_size": [0.5, 0.5]},
								"south": {"uv": [24, 20], "uv_size": [0.5, 0.5]},
								"west": {"uv": [21, 24], "uv_size": [0.5, 0.5]}
							}
						},
						{
							"origin": [-0.5625, 1.267, -3.875],
							"size": [0.1875, 0.466, 0.125],
							"pivot": [0, 1.5, -4.825],
							"rotation": [0, 0, -90],
							"uv": {
								"north": {"uv": [24, 21], "uv_size": [0.5, 0.5]},
								"east": {"uv": [22, 24], "uv_size": [0.5, 0.5]},
								"south": {"uv": [24, 22], "uv_size": [0.5, 0.5]},
								"west": {"uv": [23, 24], "uv_size": [0.5, 0.5]}
							}
						},
						{
							"origin": [-0.5625, 1.267, -3.875],
							"size": [0.1875, 0.466, 0.125],
							"pivot": [0, 1.5, -4.825],
							"rotation": [0, 0, -135],
							"uv": {
								"north": {"uv": [24, 23], "uv_size": [0.5, 0.5]},
								"east": {"uv": [24, 24], "uv_size": [0.5, 0.5]},
								"south": {"uv": [0, 25], "uv_size": [0.5, 0.5]},
								"west": {"uv": [25, 0], "uv_size": [0.5, 0.5]}
							}
						},
						{
							"origin": [-0.625, 1.24112, -5.15],
							"size": [1.25, 0.51776, 1.025],
							"pivot": [0, 1.5, -4.6],
							"rotation": [0, 0, 180],
							"uv": {
								"north": {"uv": [21, 15], "uv_size": [1.5, 0.5]},
								"east": {"uv": [21, 17], "uv_size": [1, 0.5]},
								"south": {"uv": [16, 21], "uv_size": [1.5, 0.5]},
								"west": {"uv": [18, 21], "uv_size": [1, 0.5]}
							}
						},
						{
							"origin": [-0.5625, 1.267, -5.3],
							"size": [1.125, 0.466, 0.15],
							"pivot": [0, 1.5, -6.3],
							"rotation": [0, 0, -135],
							"uv": {
								"north": {"uv": [13, 19], "uv_size": [1, 0.5]},
								"east": {"uv": [2, 25], "uv_size": [0.5, 0.5]},
								"south": {"uv": [19, 13], "uv_size": [1, 0.5]},
								"west": {"uv": [25, 2], "uv_size": [0.5, 0.5]}
							}
						},
						{
							"origin": [-0.5625, 1.267, -5.3],
							"size": [1.125, 0.466, 0.15],
							"pivot": [0, 1.5, -6.3],
							"rotation": [0, 0, 135],
							"uv": {
								"north": {"uv": [14, 19], "uv_size": [1, 0.5]},
								"east": {"uv": [3, 25], "uv_size": [0.5, 0.5]},
								"south": {"uv": [19, 14], "uv_size": [1, 0.5]},
								"west": {"uv": [25, 3], "uv_size": [0.5, 0.5]}
							}
						},
						{
							"origin": [-0.5625, 1.267, -5.3],
							"size": [1.125, 0.466, 0.15],
							"pivot": [0, 1.5, -6.3],
							"rotation": [0, 0, -180],
							"uv": {
								"north": {"uv": [15, 19], "uv_size": [1, 0.5]},
								"east": {"uv": [4, 25], "uv_size": [0.5, 0.5]},
								"south": {"uv": [19, 15], "uv_size": [1, 0.5]},
								"west": {"uv": [25, 4], "uv_size": [0.5, 0.5]}
							}
						},
						{
							"origin": [-0.5625, 1.267, -5.3],
							"size": [1.125, 0.466, 0.15],
							"pivot": [0, 1.5, -6.3],
							"rotation": [0, 0, 90],
							"uv": {
								"north": {"uv": [16, 19], "uv_size": [1, 0.5]},
								"east": {"uv": [5, 25], "uv_size": [0.5, 0.5]},
								"south": {"uv": [19, 16], "uv_size": [1, 0.5]},
								"west": {"uv": [25, 5], "uv_size": [0.5, 0.5]}
							}
						},
						{
							"origin": [-0.6875, 1.3, -5.15],
							"size": [1.375, 0.4, 0.3],
							"pivot": [0, 1.5, -5],
							"rotation": [0, 0, 157.5],
							"uv": {
								"north": {"uv": [17, 1], "uv_size": [1.5, 0.5]},
								"east": {"uv": [7, 25], "uv_size": [0.5, 0.5]},
								"south": {"uv": [2, 17], "uv_size": [1.5, 0.5]},
								"west": {"uv": [25, 7], "uv_size": [0.5, 0.5]},
								"up": {"uv": [4, 17], "uv_size": [1.5, 0.5]},
								"down": {"uv": [17, 5.5], "uv_size": [1.5, -0.5]}
							}
						},
						{
							"origin": [-0.6875, 1.3, -5.15],
							"size": [1.375, 0.4, 0.3],
							"pivot": [0, 1.5, -5],
							"rotation": [0, 0, -157.5],
							"uv": {
								"north": {"uv": [17, 6], "uv_size": [1.5, 0.5]},
								"east": {"uv": [9, 25], "uv_size": [0.5, 0.5]},
								"south": {"uv": [8, 17], "uv_size": [1.5, 0.5]},
								"west": {"uv": [25, 9], "uv_size": [0.5, 0.5]},
								"up": {"uv": [10, 17], "uv_size": [1.5, 0.5]},
								"down": {"uv": [17, 10.5], "uv_size": [1.5, -0.5]}
							}
						},
						{
							"origin": [-0.6875, 1.3, -5.15],
							"size": [1.375, 0.4, 0.3],
							"pivot": [0, 1.5, -5],
							"rotation": [0, 0, 67.5],
							"uv": {
								"north": {"uv": [12, 17], "uv_size": [1.5, 0.5]},
								"east": {"uv": [10, 25], "uv_size": [0.5, 0.5]},
								"south": {"uv": [17, 13], "uv_size": [1.5, 0.5]},
								"west": {"uv": [25, 10], "uv_size": [0.5, 0.5]},
								"up": {"uv": [14, 17], "uv_size": [1.5, 0.5]},
								"down": {"uv": [17, 14.5], "uv_size": [1.5, -0.5]}
							}
						},
						{
							"origin": [-0.6875, 1.3, -5.15],
							"size": [1.375, 0.4, 0.3],
							"pivot": [0, 1.5, -5],
							"rotation": [0, 0, 112.5],
							"uv": {
								"north": {"uv": [17, 16], "uv_size": [1.5, 0.5]},
								"east": {"uv": [13, 25], "uv_size": [0.5, 0.5]},
								"south": {"uv": [0, 18], "uv_size": [1.5, 0.5]},
								"west": {"uv": [25, 13], "uv_size": [0.5, 0.5]},
								"up": {"uv": [2, 18], "uv_size": [1.5, 0.5]},
								"down": {"uv": [18, 2.5], "uv_size": [1.5, -0.5]}
							}
						},
						{
							"origin": [-0.375, 1.34467, -6.5],
							"size": [0.125, 0.31066, 0.25],
							"pivot": [0, 1.5, -4.125],
							"rotation": [0, 0, 90],
							"uv": {
								"north": {"uv": [14, 25], "uv_size": [0.5, 0.5]},
								"east": {"uv": [25, 14], "uv_size": [0.5, 0.5]},
								"west": {"uv": [15, 25], "uv_size": [0.5, 0.5]}
							}
						},
						{
							"origin": [-0.375, 1.34467, -6.5],
							"size": [0.125, 0.31066, 0.25],
							"pivot": [0, 1.5, -4.125],
							"rotation": [0, 0, 45],
							"uv": {
								"north": {"uv": [25, 15], "uv_size": [0.5, 0.5]},
								"east": {"uv": [16, 25], "uv_size": [0.5, 0.5]},
								"west": {"uv": [25, 16], "uv_size": [0.5, 0.5]}
							}
						},
						{
							"origin": [-0.375, 1.34467, -6.5],
							"size": [0.125, 0.31066, 0.25],
							"pivot": [0, 1.5, -4.125],
							"rotation": [0, 0, 135],
							"uv": {
								"north": {"uv": [17, 25], "uv_size": [0.5, 0.5]},
								"east": {"uv": [25, 17], "uv_size": [0.5, 0.5]},
								"west": {"uv": [18, 25], "uv_size": [0.5, 0.5]}
							}
						},
						{
							"origin": [-0.375, 1.34467, -6.5],
							"size": [0.125, 0.11066, 0.125],
							"pivot": [0, 1.5, -4.125],
							"rotation": [0, 0, -180],
							"uv": {
								"north": {"uv": [25, 18], "uv_size": [0.5, 0.5]},
								"east": {"uv": [19, 25], "uv_size": [0.5, 0.5]},
								"west": {"uv": [25, 19], "uv_size": [0.5, 0.5]}
							}
						},
						{
							"origin": [-0.375, 1.54467, -6.5],
							"size": [0.125, 0.11066, 0.125],
							"uv": {
								"north": {"uv": [20, 25], "uv_size": [0.5, 0.5]},
								"east": {"uv": [25, 20], "uv_size": [0.5, 0.5]},
								"west": {"uv": [21, 25], "uv_size": [0.5, 0.5]}
							}
						},
						{
							"origin": [0.25, 1.54467, -6.5],
							"size": [0.125, 0.2, 0.125],
							"pivot": [0.3125, 1.54467, -6.5],
							"rotation": [-45, 0, -180],
							"uv": {
								"north": {"uv": [25, 21], "uv_size": [0.5, 0.5]},
								"east": {"uv": [22, 25], "uv_size": [0.5, 0.5]},
								"south": {"uv": [25, 22], "uv_size": [0.5, 0.5]},
								"west": {"uv": [23, 25], "uv_size": [0.5, 0.5]},
								"down": {"uv": [25, 23.5], "uv_size": [0.5, -0.5]}
							}
						},
						{
							"origin": [-0.375, 1.54467, -6.5],
							"size": [0.125, 0.2, 0.125],
							"pivot": [-0.3125, 1.54467, -6.5],
							"rotation": [-45, 0, 180],
							"uv": {
								"north": {"uv": [24, 25], "uv_size": [0.5, 0.5]},
								"east": {"uv": [25, 24], "uv_size": [0.5, 0.5]},
								"south": {"uv": [25, 25], "uv_size": [0.5, 0.5]},
								"west": {"uv": [0, 26], "uv_size": [0.5, 0.5]},
								"down": {"uv": [26, 0.5], "uv_size": [0.5, -0.5]}
							}
						},
						{
							"origin": [-0.3875, 1.175, -6.3125],
							"size": [0.7625, 0.6375, 2.4375],
							"uv": {
								"north": {"uv": [17, 19], "uv_size": [1, 0.5]},
								"south": {"uv": [19, 17], "uv_size": [1, 0.5]}
							}
						}
					]
				},
				{
					"name": "bone38",
					"parent": "b",
					"pivot": [0, 1.9375, -5.1875],
					"cubes": [
						{
							"origin": [-0.7125, 1.8875, -4.6875],
							"size": [1.425, 0.3125, 0.5],
							"uv": {
								"north": {"uv": [18, 3], "uv_size": [1.5, 0.5]},
								"east": {"uv": [1, 26], "uv_size": [0.5, 0.5]},
								"south": {"uv": [4, 18], "uv_size": [1.5, 0.5]},
								"west": {"uv": [26, 1], "uv_size": [0.5, 0.5]}
							}
						},
						{
							"origin": [-0.28414, 0.85336, -4.6875],
							"size": [1.00763, 1.00763, 0.499],
							"pivot": [0.75, 1.8875, -4.4375],
							"rotation": [0, 0, 45],
							"uv": {
								"north": {"uv": [4, 15], "uv_size": [1, 1]},
								"south": {"uv": [15, 4], "uv_size": [1, 1]},
								"west": {"uv": [18, 19], "uv_size": [0.5, 1]},
								"down": {"uv": [19, 18.5], "uv_size": [1, -0.5]}
							}
						},
						{
							"origin": [-0.7125, 2.2, -6.25],
							"size": [1.425, 0.3625, 2.0625],
							"uv": {
								"north": {"uv": [18, 4], "uv_size": [1.5, 0.5]},
								"south": {"uv": [6, 18], "uv_size": [1.5, 0.5]},
								"up": {"uv": [4, 3], "uv_size": [1.5, 2]},
								"down": {"uv": [4, 7], "uv_size": [1.5, -2]}
							}
						},
						{
							"origin": [-0.7125, 2.2, -6.25],
							"size": [0.1, 1.1875, 2.0625],
							"uv": {
								"east": {"uv": [7, 8], "uv_size": [2, 1]},
								"south": {"uv": [19, 19], "uv_size": [0.5, 1]},
								"west": {"uv": [6, 9], "uv_size": [2, 1]}
							}
						},
						{
							"origin": [0.6125, 2.2, -6.25],
							"size": [0.1, 1.1875, 2.0625],
							"uv": {
								"east": {"uv": [8, 9], "uv_size": [2, 1]},
								"south": {"uv": [0, 20], "uv_size": [0.5, 1]},
								"west": {"uv": [9, 8], "uv_size": [2, 1]}
							}
						},
						{
							"origin": [-0.81605, 3.5375, -6.4375],
							"size": [0.35355, 0.1, 2.25],
							"pivot": [-0.4625, 3.6375, -5.0625],
							"rotation": [0, 0, -45],
							"uv": {
								"north": {"uv": [2, 26], "uv_size": [0.5, 0.5]},
								"south": {"uv": [26, 2], "uv_size": [0.5, 0.5]},
								"up": {"uv": [9, 14], "uv_size": [0.5, 2.5]},
								"down": {"uv": [10, 16.5], "uv_size": [0.5, -2.5]}
							}
						},
						{
							"origin": [0.4625, 3.5375, -6.4375],
							"size": [0.35355, 0.1, 2.25],
							"pivot": [0.4625, 3.6375, -5.0625],
							"rotation": [0, 0, 45],
							"uv": {
								"north": {"uv": [3, 26], "uv_size": [0.5, 0.5]},
								"south": {"uv": [26, 3], "uv_size": [0.5, 0.5]},
								"up": {"uv": [11, 14], "uv_size": [0.5, 2.5]},
								"down": {"uv": [12, 16.5], "uv_size": [0.5, -2.5]}
							}
						},
						{
							"origin": [-0.4625, 3.5375, -6.4375],
							"size": [0.925, 0.1, 2.25],
							"uv": {
								"north": {"uv": [20, 0], "uv_size": [1, 0.5]},
								"south": {"uv": [1, 20], "uv_size": [1, 0.5]},
								"up": {"uv": [1, 7], "uv_size": [1, 2.5]},
								"down": {"uv": [2, 9.5], "uv_size": [1, -2.5]}
							}
						},
						{
							"origin": [0.6125, 2.25431, -6.4375],
							"size": [0.1, 1.05819, 0.25],
							"pivot": [0.6125, 3.3125, -6.4375],
							"rotation": [10.25, 0, 0],
							"uv": {
								"north": {"uv": [20, 1], "uv_size": [0.5, 1]},
								"east": {"uv": [2, 20], "uv_size": [0.5, 1]},
								"west": {"uv": [20, 2], "uv_size": [0.5, 1]}
							}
						},
						{
							"origin": [0.6125, 3.3125, -6.4375],
							"size": [0.1, 0.075, 0.25],
							"uv": {
								"north": {"uv": [4, 26], "uv_size": [0.5, 0.5]},
								"east": {"uv": [26, 4], "uv_size": [0.5, 0.5]},
								"west": {"uv": [5, 26], "uv_size": [0.5, 0.5]}
							}
						},
						{
							"origin": [-0.7125, 3.3125, -6.4375],
							"size": [0.1, 0.075, 0.25],
							"uv": {
								"north": {"uv": [26, 5], "uv_size": [0.5, 0.5]},
								"east": {"uv": [6, 26], "uv_size": [0.5, 0.5]},
								"west": {"uv": [26, 6], "uv_size": [0.5, 0.5]}
							}
						},
						{
							"origin": [-0.7125, 2.25431, -6.4375],
							"size": [0.1, 1.05819, 0.25],
							"pivot": [-0.6125, 3.3125, -6.4375],
							"rotation": [10.25, 0, 0],
							"uv": {
								"north": {"uv": [3, 20], "uv_size": [0.5, 1]},
								"east": {"uv": [20, 3], "uv_size": [0.5, 1]},
								"west": {"uv": [4, 20], "uv_size": [0.5, 1]}
							}
						},
						{
							"origin": [-0.7125, 1.5125, -6.25],
							"size": [1.425, 0.6875, 0.4625],
							"uv": {
								"north": {"uv": [18, 7], "uv_size": [1.5, 0.5]},
								"east": {"uv": [7, 26], "uv_size": [0.5, 0.5]},
								"west": {"uv": [26, 7], "uv_size": [0.5, 0.5]}
							}
						},
						{
							"origin": [0.4375, 1.5125, -6.25],
							"size": [0.275, 0.1, 0.4625],
							"pivot": [0.7125, 1.5125, -6.0625],
							"rotation": [0, 0, -22.5],
							"uv": {
								"north": {"uv": [8, 26], "uv_size": [0.5, 0.5]},
								"south": {"uv": [26, 8], "uv_size": [0.5, 0.5]},
								"down": {"uv": [9, 26.5], "uv_size": [0.5, -0.5]}
							}
						},
						{
							"origin": [-0.7125, 1.5125, -6.25],
							"size": [0.275, 0.1, 0.4625],
							"pivot": [-0.7125, 1.5125, -6.0625],
							"rotation": [0, 0, 22.5],
							"uv": {
								"north": {"uv": [26, 9], "uv_size": [0.5, 0.5]},
								"south": {"uv": [10, 26], "uv_size": [0.5, 0.5]},
								"down": {"uv": [26, 10.5], "uv_size": [0.5, -0.5]}
							}
						},
						{
							"origin": [0.375, 2.1, -4.1875],
							"size": [0.25, 0.25, 0.05],
							"uv": {
								"east": {"uv": [11, 26], "uv_size": [0.5, 0.5]},
								"south": {"uv": [26, 11], "uv_size": [0.5, 0.5]},
								"west": {"uv": [12, 26], "uv_size": [0.5, 0.5]},
								"up": {"uv": [26, 12], "uv_size": [0.5, 0.5]},
								"down": {"uv": [13, 26.5], "uv_size": [0.5, -0.5]}
							}
						},
						{
							"origin": [-0.7115, 1.50119, -6.06087],
							"size": [1.423, 0.75, 0.3375],
							"pivot": [0.0125, 1.68869, -5.72337],
							"rotation": [-20, 0, 0],
							"uv": {
								"east": {"uv": [20, 4], "uv_size": [0.5, 1]},
								"south": {"uv": [0, 10], "uv_size": [1.5, 1]},
								"west": {"uv": [5, 20], "uv_size": [0.5, 1]}
							}
						}
					]
				},
				{
					"name": "bone39",
					"parent": "bone38",
					"pivot": [-0.875, 1.95, -5.9625],
					"cubes": [
						{
							"origin": [-0.95, 1.7, -6.06605],
							"size": [0.15, 0.5, 0.2071],
							"pivot": [-0.875, 1.95, -5.9625],
							"rotation": [45, 0, 0],
							"uv": {
								"east": {"uv": [26, 13], "uv_size": [0.5, 0.5]},
								"west": {"uv": [14, 26], "uv_size": [0.5, 0.5]},
								"up": {"uv": [26, 14], "uv_size": [0.5, 0.5]},
								"down": {"uv": [15, 26.5], "uv_size": [0.5, -0.5]}
							}
						},
						{
							"origin": [-0.95, 1.7, -6.06605],
							"size": [0.15, 0.5, 0.2071],
							"pivot": [-0.875, 1.95, -5.9625],
							"rotation": [135, 0, 0],
							"uv": {
								"east": {"uv": [26, 15], "uv_size": [0.5, 0.5]},
								"west": {"uv": [16, 26], "uv_size": [0.5, 0.5]},
								"up": {"uv": [26, 16], "uv_size": [0.5, 0.5]},
								"down": {"uv": [17, 26.5], "uv_size": [0.5, -0.5]}
							}
						},
						{
							"origin": [-0.95, 1.7, -6.06605],
							"size": [0.15, 0.5, 0.2071],
							"pivot": [-0.875, 1.95, -5.9625],
							"rotation": [90, 0, 0],
							"uv": {
								"east": {"uv": [26, 17], "uv_size": [0.5, 0.5]},
								"west": {"uv": [18, 26], "uv_size": [0.5, 0.5]},
								"up": {"uv": [26, 18], "uv_size": [0.5, 0.5]},
								"down": {"uv": [19, 26.5], "uv_size": [0.5, -0.5]}
							}
						},
						{
							"origin": [-0.95, 1.7, -6.06605],
							"size": [0.15, 0.5, 0.2071],
							"uv": {
								"east": {"uv": [26, 19], "uv_size": [0.5, 0.5]},
								"west": {"uv": [20, 26], "uv_size": [0.5, 0.5]},
								"up": {"uv": [26, 20], "uv_size": [0.5, 0.5]},
								"down": {"uv": [21, 26.5], "uv_size": [0.5, -0.5]}
							}
						},
						{
							"origin": [-0.8, 1.825, -6.0875],
							"size": [0.1125, 0.25, 0.25],
							"pivot": [-0.775, 1.95, -5.9625],
							"rotation": [-45, 0, 0],
							"uv": {
								"north": {"uv": [26, 21], "uv_size": [0.5, 0.5]},
								"south": {"uv": [22, 26], "uv_size": [0.5, 0.5]},
								"up": {"uv": [26, 22], "uv_size": [0.5, 0.5]},
								"down": {"uv": [23, 26.5], "uv_size": [0.5, -0.5]}
							}
						}
					]
				},
				{
					"name": "bone32",
					"parent": "b",
					"pivot": [0.8875, -0.05, -3.7875],
					"cubes": [
						{
							"origin": [0.6875, -0.25, -4.37034],
							"size": [0.4, 0.125, 0.16568],
							"uv": {
								"west": {"uv": [26, 23], "uv_size": [0.5, 0.5]},
								"up": {"uv": [24, 26], "uv_size": [0.5, 0.5]},
								"down": {"uv": [26, 24.5], "uv_size": [0.5, -0.5]}
							}
						},
						{
							"origin": [0.8875, -0.25, -4.37034],
							"size": [0.2, 0.125, 0.16568],
							"pivot": [0.8875, -0.0375, -4.2875],
							"rotation": [0, -45, 0],
							"uv": {
								"west": {"uv": [25, 26], "uv_size": [0.5, 0.5]},
								"up": {"uv": [26, 25], "uv_size": [0.5, 0.5]},
								"down": {"uv": [26, 26.5], "uv_size": [0.5, -0.5]}
							}
						},
						{
							"origin": [0.6875, -0.25, -4.37034],
							"size": [0.4, 0.125, 0.16568],
							"pivot": [0.8875, -0.0375, -4.2875],
							"rotation": [0, -90, 0],
							"uv": {
								"west": {"uv": [0, 27], "uv_size": [0.5, 0.5]},
								"up": {"uv": [27, 0], "uv_size": [0.5, 0.5]},
								"down": {"uv": [1, 27.5], "uv_size": [0.5, -0.5]}
							}
						},
						{
							"origin": [0.8875, -0.25, -4.37034],
							"size": [0.2, 0.125, 0.16568],
							"pivot": [0.8875, -0.0375, -4.2875],
							"rotation": [0, -135, 0],
							"uv": {
								"west": {"uv": [27, 1], "uv_size": [0.5, 0.5]},
								"up": {"uv": [2, 27], "uv_size": [0.5, 0.5]},
								"down": {"uv": [27, 2.5], "uv_size": [0.5, -0.5]}
							}
						},
						{
							"origin": [0.6475, -0.25, -4.37034],
							"size": [0.44, 0.125, 0.15],
							"pivot": [1.0875, 0.15, -4.37034],
							"rotation": [0, -55, 0],
							"uv": {
								"north": {"uv": [3, 27], "uv_size": [0.5, 0.5]},
								"south": {"uv": [27, 3], "uv_size": [0.5, 0.5]},
								"up": {"uv": [4, 27], "uv_size": [0.5, 0.5]},
								"down": {"uv": [27, 4.5], "uv_size": [0.5, -0.5]}
							}
						},
						{
							"origin": [0.63923, 0.025, -4.37034],
							"size": [0.44827, 0.125, 0.14942],
							"pivot": [1.0875, 0.15, -4.37034],
							"rotation": [0, -55, 0],
							"uv": {
								"north": {"uv": [5, 27], "uv_size": [0.5, 0.5]},
								"up": {"uv": [27, 5], "uv_size": [0.5, 0.5]},
								"down": {"uv": [6, 27.5], "uv_size": [0.5, -0.5]}
							}
						},
						{
							"origin": [0.6875, 0.025, -4.37034],
							"size": [0.4, 0.125, 0.16568],
							"uv": {
								"west": {"uv": [27, 6], "uv_size": [0.5, 0.5]},
								"up": {"uv": [7, 27], "uv_size": [0.5, 0.5]},
								"down": {"uv": [27, 7.5], "uv_size": [0.5, -0.5]}
							}
						},
						{
							"origin": [0.8125, -0.3, -4.4],
							"size": [0.2125, 0.5125, 0.2125],
							"pivot": [0.8875, -0.075, -4.325],
							"rotation": [0, -45, 0],
							"uv": {
								"north": {"uv": [8, 27], "uv_size": [0.5, 0.5]},
								"east": {"uv": [27, 8], "uv_size": [0.5, 0.5]},
								"south": {"uv": [9, 27], "uv_size": [0.5, 0.5]},
								"west": {"uv": [27, 9], "uv_size": [0.5, 0.5]},
								"up": {"uv": [10, 27], "uv_size": [0.5, 0.5]},
								"down": {"uv": [27, 10.5], "uv_size": [0.5, -0.5]}
							}
						},
						{
							"origin": [0.6875, 0.025, -4.37034],
							"size": [0.4, 0.125, 0.16568],
							"pivot": [0.8875, -0.0375, -4.2875],
							"rotation": [0, -45, 0],
							"uv": {
								"west": {"uv": [11, 27], "uv_size": [0.5, 0.5]},
								"up": {"uv": [27, 11], "uv_size": [0.5, 0.5]},
								"down": {"uv": [12, 27.5], "uv_size": [0.5, -0.5]}
							}
						},
						{
							"origin": [0.6875, 0.025, -4.37034],
							"size": [0.4, 0.125, 0.16568],
							"pivot": [0.8875, -0.0375, -4.2875],
							"rotation": [0, -90, 0],
							"uv": {
								"west": {"uv": [27, 12], "uv_size": [0.5, 0.5]},
								"up": {"uv": [13, 27], "uv_size": [0.5, 0.5]},
								"down": {"uv": [27, 13.5], "uv_size": [0.5, -0.5]}
							}
						},
						{
							"origin": [0.8875, 0.025, -4.37034],
							"size": [0.2, 0.125, 0.16568],
							"pivot": [0.8875, -0.0375, -4.2875],
							"rotation": [0, -135, 0],
							"uv": {
								"west": {"uv": [14, 27], "uv_size": [0.5, 0.5]},
								"up": {"uv": [27, 14], "uv_size": [0.5, 0.5]},
								"down": {"uv": [15, 27.5], "uv_size": [0.5, -0.5]}
							}
						},
						{
							"origin": [0.6875, -0.25, -5.2375],
							"size": [0.15, 0.4, 1.03284],
							"uv": {
								"north": {"uv": [27, 15], "uv_size": [0.5, 0.5]},
								"east": {"uv": [20, 5], "uv_size": [1, 0.5]},
								"south": {"uv": [16, 27], "uv_size": [0.5, 0.5]},
								"west": {"uv": [6, 20], "uv_size": [1, 0.5]},
								"up": {"uv": [20, 6], "uv_size": [0.5, 1]},
								"down": {"uv": [7, 21], "uv_size": [0.5, -1]}
							}
						},
						{
							"origin": [0.6875, 0.075, -5.7375],
							"size": [0.15, 0.075, 0.5],
							"uv": {
								"east": {"uv": [27, 16], "uv_size": [0.5, 0.5]},
								"west": {"uv": [17, 27], "uv_size": [0.5, 0.5]},
								"up": {"uv": [27, 17], "uv_size": [0.5, 0.5]},
								"down": {"uv": [18, 27.5], "uv_size": [0.5, -0.5]}
							}
						},
						{
							"origin": [0.5625, -0.15, -5.675],
							"size": [0.275, 0.2, 0.375],
							"uv": {
								"north": {"uv": [27, 18], "uv_size": [0.5, 0.5]},
								"south": {"uv": [19, 27], "uv_size": [0.5, 0.5]},
								"west": {"uv": [27, 19], "uv_size": [0.5, 0.5]},
								"up": {"uv": [20, 27], "uv_size": [0.5, 0.5]},
								"down": {"uv": [27, 20.5], "uv_size": [0.5, -0.5]}
							}
						},
						{
							"origin": [0.5625, -0.125, -4.43107],
							"size": [0.325, 0.15, 0.30052],
							"uv": {
								"north": {"uv": [21, 27], "uv_size": [0.5, 0.5]},
								"south": {"uv": [27, 21], "uv_size": [0.5, 0.5]},
								"up": {"uv": [22, 27], "uv_size": [0.5, 0.5]},
								"down": {"uv": [27, 22.5], "uv_size": [0.5, -0.5]}
							}
						},
						{
							"origin": [0.6875, -0.25, -5.7375],
							"size": [0.15, 0.075, 0.5],
							"uv": {
								"east": {"uv": [23, 27], "uv_size": [0.5, 0.5]},
								"west": {"uv": [27, 23], "uv_size": [0.5, 0.5]},
								"up": {"uv": [24, 27], "uv_size": [0.5, 0.5]},
								"down": {"uv": [27, 24.5], "uv_size": [0.5, -0.5]}
							}
						},
						{
							"origin": [0.6875, -0.25, -5.8375],
							"size": [0.15, 0.4, 0.1],
							"uv": {
								"east": {"uv": [25, 27], "uv_size": [0.5, 0.5]},
								"south": {"uv": [27, 25], "uv_size": [0.5, 0.5]},
								"west": {"uv": [26, 27], "uv_size": [0.5, 0.5]},
								"up": {"uv": [27, 26], "uv_size": [0.5, 0.5]},
								"down": {"uv": [27, 27.5], "uv_size": [0.5, -0.5]}
							}
						},
						{
							"origin": [0.6894, -0.25, -6.275],
							"size": [0.1481, 0.4, 0.44707],
							"pivot": [0.7125, -0.0375, -5.8375],
							"rotation": [0, -22.5, 0],
							"uv": {
								"north": {"uv": [0, 28], "uv_size": [0.5, 0.5]},
								"east": {"uv": [28, 0], "uv_size": [0.5, 0.5]},
								"west": {"uv": [1, 28], "uv_size": [0.5, 0.5]},
								"up": {"uv": [28, 1], "uv_size": [0.5, 0.5]},
								"down": {"uv": [2, 28.5], "uv_size": [0.5, -0.5]}
							}
						}
					]
				},
				{
					"name": "a",
					"parent": "scope_body",
					"pivot": [0, -0.125, -4.625],
					"cubes": [
						{
							"origin": [-0.3625, -0.2875, -1.125],
							"size": [0.9875, 0.4125, 2.375],
							"uv": {
								"north": {"uv": [8, 16], "uv_size": [1, 0.5]},
								"east": {"uv": [6, 10], "uv_size": [2.5, 0.5]},
								"south": {"uv": [8, 18], "uv_size": [1, 0.5]},
								"west": {"uv": [9, 10], "uv_size": [2.5, 0.5]},
								"up": {"uv": [6, 0], "uv_size": [1, 2.5]},
								"down": {"uv": [6, 5.5], "uv_size": [1, -2.5]}
							}
						},
						{
							"origin": [-0.4875, -0.2875, -1.125],
							"size": [0.125, 0.35, 2.375],
							"uv": {
								"north": {"uv": [20, 8], "uv_size": [0.5, 0.5]},
								"south": {"uv": [9, 20], "uv_size": [0.5, 0.5]},
								"up": {"uv": [2, 10], "uv_size": [0.5, 2.5]},
								"down": {"uv": [0, 13.5], "uv_size": [0.5, -2.5]}
							}
						},
						{
							"origin": [-0.625, -0.2875, -1.125],
							"size": [0.1375, 0.2125, 2.375],
							"uv": {
								"north": {"uv": [20, 9], "uv_size": [0.5, 0.5]},
								"east": {"uv": [10, 9], "uv_size": [2.5, 0.5]},
								"south": {"uv": [10, 20], "uv_size": [0.5, 0.5]},
								"down": {"uv": [1, 13.5], "uv_size": [0.5, -2.5]}
							}
						},
						{
							"origin": [-0.70784, 0, -1.125],
							"size": [0.19445, 0.125, 2.375],
							"pivot": [-0.425, 0.125, 0.125],
							"rotation": [0, 0, -45],
							"uv": {
								"north": {"uv": [20, 10], "uv_size": [0.5, 0.5]},
								"south": {"uv": [11, 20], "uv_size": [0.5, 0.5]},
								"up": {"uv": [3, 11], "uv_size": [0.5, 2.5]}
							}
						},
						{
							"origin": [-0.625, 0.1875, -1.125],
							"size": [1.25, 0.25, 2.375],
							"uv": {
								"east": {"uv": [4, 11], "uv_size": [2.5, 0.5]},
								"west": {"uv": [7, 11], "uv_size": [2.5, 0.5]},
								"up": {"uv": [0, 4], "uv_size": [1.5, 2.5]},
								"down": {"uv": [4, 2.5], "uv_size": [1.5, -2.5]}
							}
						},
						{
							"origin": [0.34549, 0.1875, -1.125],
							"size": [0.27951, 0.25, 0.125],
							"pivot": [0.625, 0.3125, -1.125],
							"rotation": [0, -26.56505, 0],
							"uv": {
								"north": {"uv": [20, 11], "uv_size": [0.5, 0.5]},
								"up": {"uv": [12, 20], "uv_size": [0.5, 0.5]},
								"down": {"uv": [20, 12.5], "uv_size": [0.5, -0.5]}
							}
						},
						{
							"origin": [-0.625, 0.1875, -1.125],
							"size": [0.27951, 0.25, 0.125],
							"pivot": [-0.625, 0.3125, -1.125],
							"rotation": [0, 26.56505, 0],
							"uv": {
								"north": {"uv": [13, 20], "uv_size": [0.5, 0.5]},
								"up": {"uv": [20, 13], "uv_size": [0.5, 0.5]},
								"down": {"uv": [14, 20.5], "uv_size": [0.5, -0.5]}
							}
						},
						{
							"origin": [-0.625, 0.1875, 1],
							"size": [0.27951, 0.25, 0.25],
							"pivot": [-0.625, 0.3125, 1.25],
							"rotation": [0, -26.56505, 0],
							"uv": {
								"south": {"uv": [20, 14], "uv_size": [0.5, 0.5]},
								"up": {"uv": [15, 20], "uv_size": [0.5, 0.5]},
								"down": {"uv": [20, 15.5], "uv_size": [0.5, -0.5]}
							}
						},
						{
							"origin": [0.34549, 0.1875, 1],
							"size": [0.27951, 0.25, 0.25],
							"pivot": [0.625, 0.3125, 1.25],
							"rotation": [0, 26.56505, 0],
							"uv": {
								"south": {"uv": [16, 20], "uv_size": [0.5, 0.5]},
								"up": {"uv": [20, 16], "uv_size": [0.5, 0.5]},
								"down": {"uv": [17, 20.5], "uv_size": [0.5, -0.5]}
							}
						},
						{
							"origin": [-0.375, 0.1875, -1.25],
							"size": [0.75, 0.25, 2.625],
							"uv": {
								"north": {"uv": [18, 8], "uv_size": [1, 0.5]},
								"south": {"uv": [9, 18], "uv_size": [1, 0.5]},
								"up": {"uv": [6, 6], "uv_size": [1, 2.5]},
								"down": {"uv": [0, 9.5], "uv_size": [1, -2.5]}
							}
						},
						{
							"origin": [0.3, 0.2125, 0.9],
							"size": [0.15, 0.15, 0.5],
							"pivot": [0.375, 0.2875, 1.375],
							"rotation": [0, 0, 45],
							"uv": {
								"east": {"uv": [20, 17], "uv_size": [0.5, 0.5]},
								"south": {"uv": [18, 20], "uv_size": [0.5, 0.5]},
								"west": {"uv": [20, 18], "uv_size": [0.5, 0.5]},
								"up": {"uv": [19, 20], "uv_size": [0.5, 0.5]},
								"down": {"uv": [20, 19.5], "uv_size": [0.5, -0.5]}
							}
						},
						{
							"origin": [-0.45, 0.2125, 0.9],
							"size": [0.15, 0.15, 0.5],
							"pivot": [-0.375, 0.2875, 1.375],
							"rotation": [0, 0, -45],
							"uv": {
								"east": {"uv": [20, 20], "uv_size": [0.5, 0.5]},
								"south": {"uv": [0, 21], "uv_size": [0.5, 0.5]},
								"west": {"uv": [21, 0], "uv_size": [0.5, 0.5]},
								"up": {"uv": [1, 21], "uv_size": [0.5, 0.5]},
								"down": {"uv": [21, 1.5], "uv_size": [0.5, -0.5]}
							}
						},
						{
							"origin": [-0.05, 0.225, 0.9],
							"size": [0.1, 0.1, 0.5],
							"pivot": [0, 0.275, 1.375],
							"rotation": [0, 0, -45],
							"uv": {
								"east": {"uv": [2, 21], "uv_size": [0.5, 0.5]},
								"south": {"uv": [21, 2], "uv_size": [0.5, 0.5]},
								"west": {"uv": [3, 21], "uv_size": [0.5, 0.5]},
								"up": {"uv": [21, 3], "uv_size": [0.5, 0.5]},
								"down": {"uv": [4, 21.5], "uv_size": [0.5, -0.5]}
							}
						},
						{
							"origin": [-0.3625, 0.125, -1.125],
							"size": [0.725, 0.5625, 2.375],
							"uv": {
								"north": {"uv": [21, 4], "uv_size": [0.5, 0.5]},
								"east": {"uv": [11, 7], "uv_size": [2.5, 0.5]},
								"south": {"uv": [5, 21], "uv_size": [0.5, 0.5]},
								"west": {"uv": [11, 8], "uv_size": [2.5, 0.5]}
							}
						}
					]
				},
				{
					"name": "bone33",
					"parent": "a",
					"pivot": [0, -0.0375, -2.4375],
					"cubes": [
						{
							"origin": [-0.23477, 2.3, -1.3875],
							"size": [0.46954, 0.17343, 0.1875],
							"uv": {
								"north": {"uv": [17, 22], "uv_size": [0.5, 0.5]}
							}
						},
						{
							"origin": [-0.12723, 2.47343, -1.3875],
							"size": [0.25445, 0.24238, 0.1875],
							"pivot": [0.23477, 2.47343, -1.3875],
							"rotation": [-50.6773, 0, 0],
							"uv": {
								"north": {"uv": [22, 17], "uv_size": [0.5, 0.5]}
							}
						},
						{
							"origin": [-0.21708, 2.47343, -1.3875],
							"size": [0.43416, 0.03987, 0.1875],
							"pivot": [0.23477, 2.47343, -1.3875],
							"rotation": [-50.6773, 0, 0],
							"uv": {
								"north": {"uv": [18, 22], "uv_size": [0.5, 0.5]}
							}
						},
						{
							"origin": [-0.12723, 2.40548, -1.2],
							"size": [0.0983, 0.22155, 0.1875],
							"pivot": [-0.12723, 2.62702, -1.2],
							"rotation": [-48.13428, 18.28549, 15.70465],
							"uv": {
								"north": {"uv": [22, 18], "uv_size": [0.5, 0.5]}
							}
						},
						{
							"origin": [0.02892, 2.40548, -1.2],
							"size": [0.0983, 0.22155, 0.1875],
							"pivot": [0.12723, 2.62702, -1.2],
							"rotation": [-48.13428, -18.28549, -15.70465],
							"uv": {
								"north": {"uv": [19, 22], "uv_size": [0.5, 0.5]}
							}
						},
						{
							"origin": [0.11106, 2.36186, -1.2],
							"size": [0.01617, 0.04362, 0.1875],
							"pivot": [0.12723, 2.62702, -1.2],
							"rotation": [-48.13428, -18.28549, -15.70465],
							"uv": {
								"north": {"uv": [22, 19], "uv_size": [0.5, 0.5]}
							}
						},
						{
							"origin": [-0.12723, 2.36186, -1.2],
							"size": [0.01617, 0.04362, 0.1875],
							"pivot": [-0.12723, 2.62702, -1.2],
							"rotation": [-48.13428, 18.28549, 15.70465],
							"uv": {
								"north": {"uv": [20, 22], "uv_size": [0.5, 0.5]}
							}
						},
						{
							"origin": [-0.12723, 2.3, -1.2],
							"size": [0.25445, 0.32702, 0.8125],
							"uv": {
								"up": {"uv": [12, 18], "uv_size": [0.5, 1]}
							}
						},
						{
							"origin": [-0.12723, 2.51702, -0.3875],
							"size": [0.25445, 0.11, 2.57622],
							"pivot": [0.12723, 2.62702, -0.3875],
							"rotation": [-6.20021, 0, 0],
							"uv": {
								"up": {"uv": [10, 11], "uv_size": [0.5, 2.5]}
							}
						},
						{
							"origin": [-0.12723, 2.51702, -0.3875],
							"size": [0.25445, 0.11, 2.57224],
							"pivot": [0.12723, 2.62702, -0.3875],
							"rotation": [-6.21756, 4.27287, -0.46507],
							"uv": {
								"up": {"uv": [11, 11], "uv_size": [0.5, 2.5]}
							}
						},
						{
							"origin": [-0.12723, 2.51702, -0.3875],
							"size": [0.25445, 0.11, 2.57224],
							"pivot": [-0.12723, 2.62702, -0.3875],
							"rotation": [-6.21756, -4.27287, 0.46507],
							"uv": {
								"up": {"uv": [12, 0], "uv_size": [0.5, 2.5]}
							}
						},
						{
							"origin": [-0.825, 1.2032, -0.3375],
							"size": [1.65003, 0.44141, 1.375],
							"uv": {
								"east": {"uv": [5, 15], "uv_size": [1.5, 0.5]},
								"west": {"uv": [15, 5], "uv_size": [1.5, 0.5]}
							}
						},
						{
							"origin": [-0.892, 1.24464, 0.11625],
							"size": [1.78403, 0.198, 0.495],
							"uv": {
								"north": {"uv": [14, 7], "uv_size": [2, 0.5]},
								"east": {"uv": [22, 20], "uv_size": [0.5, 0.5]},
								"south": {"uv": [14, 8], "uv_size": [2, 0.5]},
								"west": {"uv": [21, 22], "uv_size": [0.5, 0.5]},
								"up": {"uv": [13, 14], "uv_size": [2, 0.5]}
							}
						},
						{
							"origin": [-0.892, 1.17583, 0.14239],
							"size": [1.78403, 0.099, 0.2584],
							"pivot": [0.00001, 1.29929, 0.36375],
							"rotation": [-16.69925, 0, 0],
							"uv": {
								"east": {"uv": [22, 21], "uv_size": [0.5, 0.5]},
								"west": {"uv": [22, 22], "uv_size": [0.5, 0.5]},
								"down": {"uv": [0, 15.5], "uv_size": [2, -0.5]}
							}
						},
						{
							"origin": [-0.892, 1.17583, 0.32671],
							"size": [1.78403, 0.099, 0.2584],
							"pivot": [0.00001, 1.29929, 0.36375],
							"rotation": [16.69925, 0, 0],
							"uv": {
								"east": {"uv": [0, 23], "uv_size": [0.5, 0.5]},
								"west": {"uv": [23, 0], "uv_size": [0.5, 0.5]},
								"down": {"uv": [2, 15.5], "uv_size": [2, -0.5]}
							}
						},
						{
							"origin": [-0.825, 0.96251, -0.37841],
							"size": [1.65003, 0.27499, 0.72841],
							"pivot": [0.82503, 0.96251, 0.35],
							"rotation": [-19.29449, 0, 0],
							"uv": {
								"east": {"uv": [1, 23], "uv_size": [0.5, 0.5]},
								"west": {"uv": [23, 1], "uv_size": [0.5, 0.5]}
							}
						},
						{
							"origin": [-0.825, 0.96251, 0.35],
							"size": [1.65003, 0.27499, 0.72841],
							"pivot": [0.82503, 0.96251, 0.35],
							"rotation": [19.29455, 0, 0],
							"uv": {
								"east": {"uv": [2, 23], "uv_size": [0.5, 0.5]},
								"west": {"uv": [23, 2], "uv_size": [0.5, 0.5]}
							}
						},
						{
							"origin": [0.1575, 2.34688, -1.3875],
							"size": [0.16348, 0.15312, 1.5],
							"pivot": [0.32, 2.35, 2.7875],
							"rotation": [0, 0, -35],
							"uv": {
								"north": {"uv": [5, 23], "uv_size": [0.5, 0.5]},
								"west": {"uv": [15, 6], "uv_size": [1.5, 0.5]}
							}
						},
						{
							"origin": [0.07129, 2.47343, -1.3875],
							"size": [0.16348, 0.26517, 0.1375],
							"pivot": [0.23477, 2.47343, -1.3875],
							"rotation": [-45, 0, -35],
							"uv": {
								"west": {"uv": [23, 5], "uv_size": [0.5, 0.5]}
							}
						},
						{
							"origin": [-0.23477, 2.47343, -1.3875],
							"size": [0.16348, 0.26517, 0.1375],
							"pivot": [-0.23477, 2.47343, -1.3875],
							"rotation": [-45, 0, 35],
							"uv": {
								"east": {"uv": [6, 23], "uv_size": [0.5, 0.5]}
							}
						},
						{
							"origin": [-0.32099, 2.34688, -1.3875],
							"size": [0.16348, 0.15312, 1.5],
							"pivot": [-0.32, 2.35, 2.7875],
							"rotation": [0, 0, 35],
							"uv": {
								"north": {"uv": [23, 6], "uv_size": [0.5, 0.5]},
								"east": {"uv": [7, 15], "uv_size": [1.5, 0.5]}
							}
						},
						{
							"origin": [0.1575, 2.49688, -1.2],
							"size": [0.16348, 0.19062, 0.8125],
							"pivot": [0.32, 2.35, 2.7875],
							"rotation": [0, 0, -35],
							"uv": {
								"west": {"uv": [16, 18], "uv_size": [1, 0.5]}
							}
						},
						{
							"origin": [-0.32099, 2.49688, -1.2],
							"size": [0.16348, 0.19062, 0.8125],
							"pivot": [-0.32, 2.35, 2.7875],
							"rotation": [0, 0, 35],
							"uv": {
								"east": {"uv": [17, 18], "uv_size": [1, 0.5]}
							}
						},
						{
							"origin": [-0.03626, 2.33641, -0.3875],
							"size": [0.1625, 0.29062, 2.57224],
							"pivot": [0.12723, 2.62702, -0.3875],
							"rotation": [-7.53945, 0, -35],
							"uv": {
								"west": {"uv": [12, 3], "uv_size": [2.5, 0.5]}
							}
						},
						{
							"origin": [-0.12624, 2.33641, -0.3875],
							"size": [0.1625, 0.29062, 2.57224],
							"pivot": [-0.12723, 2.62702, -0.3875],
							"rotation": [-7.53945, 0, 35],
							"uv": {
								"east": {"uv": [4, 12], "uv_size": [2.5, 0.5]}
							}
						}
					]
				},
				{
					"name": "bone41",
					"parent": "bone33",
					"pivot": [0.82503, 1.2071, -0.3375],
					"cubes": [
						{
							"origin": [0.55, 0.94333, -1.44042],
							"size": [0.27503, 1.14174, 0.06466],
							"pivot": [0.82503, 1.2071, -0.3375],
							"rotation": [0, 17.82047, 0],
							"uv": {
								"west": {"uv": [18, 17], "uv_size": [0.5, 1]}
							}
						},
						{
							"origin": [0.55, 1.2032, -1.40778],
							"size": [0.275, 0.26951, 1.07028],
							"pivot": [0.825, 1.2032, -0.3375],
							"rotation": [14.1444, 17.82047, 0],
							"uv": {
								"west": {"uv": [18, 18], "uv_size": [1, 0.5]}
							}
						},
						{
							"origin": [0.55, 1.2032, -1.44042],
							"size": [0.27503, 0.44141, 1.10292],
							"pivot": [0.82503, 1.2071, -0.3375],
							"rotation": [0, 17.82047, 0],
							"uv": {
								"west": {"uv": [0, 19], "uv_size": [1, 0.5]}
							}
						},
						{
							"origin": [0.55, 1.21386, -1.35283],
							"size": [0.27503, 0.43074, 1.01533],
							"pivot": [0.82503, 1.6446, -0.3375],
							"rotation": [-22.98836, 17.82047, 0],
							"uv": {
								"west": {"uv": [19, 0], "uv_size": [1, 0.5]}
							}
						},
						{
							"origin": [0.71503, 1.6446, -0.3375],
							"size": [0.11, 0.5921, 1.375],
							"pivot": [0.82503, 1.6446, 1.0375],
							"rotation": [0, 0, -35.32],
							"uv": {
								"west": {"uv": [0, 16], "uv_size": [1.5, 1]}
							}
						},
						{
							"origin": [0.71503, 1.6446, -0.3375],
							"size": [0.11, 1.19806, 0.675],
							"pivot": [0.82503, 1.6446, -0.3375],
							"rotation": [61.21277, 0, -35.80598],
							"uv": {
								"west": {"uv": [15, 10], "uv_size": [1, 1]}
							}
						},
						{
							"origin": [0.26395, 1.88539, -1.33985],
							"size": [0.27503, 0.15574, 0.1125],
							"pivot": [0.53898, 2.04113, -1.22735],
							"rotation": [-22.98836, 17.82047, 0],
							"uv": {
								"west": {"uv": [11, 23], "uv_size": [0.5, 0.5]}
							}
						},
						{
							"origin": [0.26395, 1.77289, -1.28985],
							"size": [0.27503, 0.11824, 0.0625],
							"pivot": [0.53898, 2.04113, -1.22735],
							"rotation": [-22.98836, 17.82047, 0],
							"uv": {
								"west": {"uv": [23, 11], "uv_size": [0.5, 0.5]}
							}
						},
						{
							"origin": [0.71503, 1.7196, 0.425],
							"size": [0.11, 0.73931, 0.3125],
							"pivot": [0.82503, 1.6446, 1.0375],
							"rotation": [-62.84973, 0, -35.80598],
							"uv": {
								"west": {"uv": [12, 23], "uv_size": [0.5, 0.5]}
							}
						},
						{
							"origin": [0.71503, 1.6446, 0.7375],
							"size": [0.11, 1.26431, 0.3],
							"pivot": [0.82503, 1.6446, 1.0375],
							"rotation": [-62.84973, 0, -35.80598],
							"uv": {
								"west": {"uv": [15, 11], "uv_size": [0.5, 1.5]}
							}
						},
						{
							"origin": [0.55, 1.2032, 1.0375],
							"size": [0.27503, 0.44141, 1.26431],
							"pivot": [0.82503, 1.6446, 1.0375],
							"rotation": [21.72064, -16.70079, 0],
							"uv": {
								"west": {"uv": [13, 15], "uv_size": [1.5, 0.5]}
							}
						},
						{
							"origin": [0.55, 1.2032, 1.0375],
							"size": [0.27503, 0.44141, 1.40224],
							"pivot": [0.82503, 1.6446, 1.0375],
							"rotation": [0, -16.70079, 0],
							"uv": {
								"west": {"uv": [15, 13], "uv_size": [1.5, 0.5]}
							}
						},
						{
							"origin": [0.55, 1.2032, 1.0375],
							"size": [0.27503, 0.44141, 1.20794],
							"pivot": [0.82503, 1.2071, 1.0375],
							"rotation": [-13.32018, -16.70079, 0],
							"uv": {
								"west": {"uv": [19, 1], "uv_size": [1, 0.5]}
							}
						},
						{
							"origin": [0.55, 0.90412, 1.0375],
							"size": [0.27503, 0.29908, 1.20704],
							"pivot": [0.82503, 1.2032, 1.0375],
							"rotation": [-19.46755, -8.67997, 27.38504],
							"uv": {
								"west": {"uv": [2, 19], "uv_size": [1, 0.5]}
							}
						},
						{
							"origin": [0.39616, 0.66791, 0.35017],
							"size": [0.27494, 0.29489, 1.74103],
							"pivot": [0.6711, 0.66791, 0.35017],
							"rotation": [-4.57957, -8.81714, 27.54975],
							"uv": {
								"west": {"uv": [15, 14], "uv_size": [1.5, 0.5]}
							}
						},
						{
							"origin": [0.55, 0.47478, 1.0375],
							"size": [0.27494, 0.72841, 0.34758],
							"pivot": [0.82503, 1.2032, 1.0375],
							"rotation": [-72.97033, -9.21538, 27.58344],
							"uv": {
								"west": {"uv": [23, 12], "uv_size": [0.5, 0.5]}
							}
						},
						{
							"origin": [0.55009, 0.96251, 0.35],
							"size": [0.27494, 0.10162, 0.33239],
							"pivot": [0.82503, 0.96251, 0.35],
							"rotation": [-89.97033, -9.21538, 27.58344],
							"uv": {
								"west": {"uv": [13, 23], "uv_size": [0.5, 0.5]}
							}
						},
						{
							"origin": [0.55009, 0.96251, 0.01761],
							"size": [0.27494, 0.10162, 0.33239],
							"pivot": [0.82503, 0.96251, 0.35],
							"rotation": [89.97033, 9.21538, 27.58344],
							"uv": {
								"west": {"uv": [23, 13], "uv_size": [0.5, 0.5]}
							}
						},
						{
							"origin": [0.55, 0.47478, -0.68508],
							"size": [0.27494, 0.72841, 0.34758],
							"pivot": [0.82503, 1.2032, -0.3375],
							"rotation": [72.97033, 9.21538, 27.58344],
							"uv": {
								"west": {"uv": [14, 23], "uv_size": [0.5, 0.5]}
							}
						},
						{
							"origin": [0.39616, 0.66791, -1.3929],
							"size": [0.2776, 0.28462, 1.74273],
							"pivot": [0.6711, 0.66791, 0.34983],
							"rotation": [4.63614, 9.29931, 27.58909],
							"uv": {
								"west": {"uv": [15, 15], "uv_size": [1.5, 0.5]}
							}
						},
						{
							"origin": [0.55, 0.90412, -1.47496],
							"size": [0.27503, 0.29908, 1.13747],
							"pivot": [0.82503, 1.2032, -0.3375],
							"rotation": [20.74312, 9.21537, 27.58344],
							"uv": {
								"west": {"uv": [3, 19], "uv_size": [1, 0.5]}
							}
						}
					]
				},
				{
					"name": "bone42",
					"parent": "bone33",
					"pivot": [-0.82503, 1.2071, -0.3375],
					"cubes": [
						{
							"origin": [-0.82503, 0.94333, -1.44042],
							"size": [0.27503, 1.14174, 0.06466],
							"pivot": [-0.82503, 1.2071, -0.3375],
							"rotation": [0, -17.82047, 0],
							"uv": {
								"east": {"uv": [4, 19], "uv_size": [0.5, 1]}
							}
						},
						{
							"origin": [-0.825, 1.2032, -1.40778],
							"size": [0.275, 0.26951, 1.07028],
							"pivot": [-0.825, 1.2032, -0.3375],
							"rotation": [14.1444, -17.82047, 0],
							"uv": {
								"east": {"uv": [5, 19], "uv_size": [1, 0.5]}
							}
						},
						{
							"origin": [-0.82503, 1.2032, -1.44042],
							"size": [0.27503, 0.44141, 1.10292],
							"pivot": [-0.82503, 1.2071, -0.3375],
							"rotation": [0, -17.82047, 0],
							"uv": {
								"east": {"uv": [19, 5], "uv_size": [1, 0.5]}
							}
						},
						{
							"origin": [-0.82503, 1.21386, -1.35283],
							"size": [0.27503, 0.43074, 1.01533],
							"pivot": [-0.82503, 1.6446, -0.3375],
							"rotation": [-22.98836, -17.82047, 0],
							"uv": {
								"east": {"uv": [6, 19], "uv_size": [1, 0.5]}
							}
						},
						{
							"origin": [-0.53898, 1.88539, -1.33985],
							"size": [0.27503, 0.15574, 0.1125],
							"pivot": [-0.53898, 2.04113, -1.22735],
							"rotation": [-22.98836, -17.82047, 0],
							"uv": {
								"east": {"uv": [23, 14], "uv_size": [0.5, 0.5]}
							}
						},
						{
							"origin": [-0.53898, 1.77289, -1.28985],
							"size": [0.27503, 0.11824, 0.0625],
							"pivot": [-0.53898, 2.04113, -1.22735],
							"rotation": [-22.98836, -17.82047, 0],
							"uv": {
								"east": {"uv": [15, 23], "uv_size": [0.5, 0.5]}
							}
						},
						{
							"origin": [-0.82503, 1.7196, 0.4875],
							"size": [0.11, 0.73931, 0.25],
							"pivot": [-0.82503, 1.6446, 1.0375],
							"rotation": [-62.84973, 0, 35.80598],
							"uv": {
								"east": {"uv": [23, 15], "uv_size": [0.5, 0.5]}
							}
						},
						{
							"origin": [-0.82503, 1.6446, 0.7375],
							"size": [0.11, 1.26431, 0.3],
							"pivot": [-0.82503, 1.6446, 1.0375],
							"rotation": [-62.84973, 0, 35.80598],
							"uv": {
								"east": {"uv": [16, 0], "uv_size": [0.5, 1.5]}
							}
						},
						{
							"origin": [-0.82503, 1.2032, 1.0375],
							"size": [0.27503, 0.44141, 1.26431],
							"pivot": [-0.82503, 1.6446, 1.0375],
							"rotation": [21.72064, 16.70079, 0],
							"uv": {
								"east": {"uv": [2, 16], "uv_size": [1.5, 0.5]}
							}
						},
						{
							"origin": [-0.82503, 1.2032, 1.0375],
							"size": [0.27503, 0.44141, 1.40224],
							"pivot": [-0.82503, 1.6446, 1.0375],
							"rotation": [0, 16.70079, 0],
							"uv": {
								"east": {"uv": [16, 2], "uv_size": [1.5, 0.5]}
							}
						},
						{
							"origin": [-0.82503, 1.2032, 1.0375],
							"size": [0.27503, 0.44141, 1.20794],
							"pivot": [-0.82503, 1.2071, 1.0375],
							"rotation": [-13.32018, 16.70079, 0],
							"uv": {
								"east": {"uv": [7, 19], "uv_size": [1, 0.5]}
							}
						},
						{
							"origin": [-0.82503, 0.90412, 1.0375],
							"size": [0.27503, 0.29908, 1.20704],
							"pivot": [-0.82503, 1.2032, 1.0375],
							"rotation": [-19.46755, 8.67997, -27.38504],
							"uv": {
								"east": {"uv": [8, 19], "uv_size": [1, 0.5]}
							}
						},
						{
							"origin": [-0.6711, 0.66791, 0.35017],
							"size": [0.27494, 0.29489, 1.74103],
							"pivot": [-0.6711, 0.66791, 0.35017],
							"rotation": [-4.57957, 8.81714, -27.54975],
							"uv": {
								"east": {"uv": [16, 3], "uv_size": [1.5, 0.5]}
							}
						},
						{
							"origin": [-0.82494, 0.47478, 1.0375],
							"size": [0.27494, 0.72841, 0.34758],
							"pivot": [-0.82503, 1.2032, 1.0375],
							"rotation": [-72.97033, 9.21538, -27.58344],
							"uv": {
								"east": {"uv": [16, 23], "uv_size": [0.5, 0.5]}
							}
						},
						{
							"origin": [-0.82503, 0.96251, 0.35],
							"size": [0.27494, 0.10162, 0.33239],
							"pivot": [-0.82503, 0.96251, 0.35],
							"rotation": [-89.97033, 9.21538, -27.58344],
							"uv": {
								"east": {"uv": [23, 16], "uv_size": [0.5, 0.5]}
							}
						},
						{
							"origin": [-0.82503, 0.96251, 0.01761],
							"size": [0.27494, 0.10162, 0.33239],
							"pivot": [-0.82503, 0.96251, 0.35],
							"rotation": [89.97033, -9.21538, -27.58344],
							"uv": {
								"east": {"uv": [17, 23], "uv_size": [0.5, 0.5]}
							}
						},
						{
							"origin": [-0.82494, 0.47478, -0.68508],
							"size": [0.27494, 0.72841, 0.34758],
							"pivot": [-0.82503, 1.2032, -0.3375],
							"rotation": [72.97033, -9.21538, -27.58344],
							"uv": {
								"east": {"uv": [23, 17], "uv_size": [0.5, 0.5]}
							}
						},
						{
							"origin": [-0.67375, 0.66791, -1.3929],
							"size": [0.2776, 0.28462, 1.74273],
							"pivot": [-0.6711, 0.66791, 0.34983],
							"rotation": [4.63614, -9.29931, -27.58909],
							"uv": {
								"east": {"uv": [4, 16], "uv_size": [1.5, 0.5]}
							}
						},
						{
							"origin": [-0.82503, 0.90412, -1.47496],
							"size": [0.27503, 0.29908, 1.13747],
							"pivot": [-0.82503, 1.2032, -0.3375],
							"rotation": [20.74312, -9.21537, -27.58344],
							"uv": {
								"east": {"uv": [19, 8], "uv_size": [1, 0.5]}
							}
						},
						{
							"origin": [-0.82503, 1.6446, -0.3375],
							"size": [0.11, 0.5921, 1.375],
							"pivot": [-0.82503, 1.6446, 1.0375],
							"rotation": [0, 0, 35.82],
							"uv": {
								"east": {"uv": [7, 22], "uv_size": [1.5, 0.5]}
							}
						},
						{
							"origin": [-0.82503, 1.6446, -0.3375],
							"size": [0.11, 1.19806, 0.675],
							"pivot": [-0.82503, 1.6446, -0.3375],
							"rotation": [61.21277, 0, 35.80598],
							"uv": {
								"east": {"uv": [16, 10], "uv_size": [-1, 1]}
							}
						}
					]
				},
				{
					"name": "bb_main",
					"parent": "a",
					"pivot": [0, 0, 0.25],
					"cubes": [
						{
							"origin": [-0.4875, 2.1125, -1.3875],
							"size": [0.10098, 0.29062, 3.925],
							"pivot": [-0.4875, 2.1125, 2.5375],
							"rotation": [0.00002, 0, 35.19322],
							"uv": {
								"north": {"uv": [7, 23], "uv_size": [0.5, 0.5]},
								"east": {"uv": [8.125, 1], "uv_size": [3.875, 0.5]},
								"west": {"uv": [8, 2], "uv_size": [4, 0.5]}
							}
						},
						{
							"origin": [-0.4875, 0.925, -1.3875],
							"size": [0.1, 1.1875, 3.925],
							"uv": {
								"north": {"uv": [14, 18], "uv_size": [0.5, 1]},
								"east": {"uv": [0, 2], "uv_size": [4, 1]},
								"west": {"uv": [0, 3], "uv_size": [4, 1]}
							}
						},
						{
							"origin": [-0.4875, 0.63932, -1.3875],
							"size": [0.1, 0.28568, 3.925],
							"pivot": [-0.4875, 0.925, 2.7875],
							"rotation": [0, 0, -25],
							"uv": {
								"north": {"uv": [9, 23], "uv_size": [0.5, 0.5]},
								"east": {"uv": [8, 5], "uv_size": [4, 0.5]},
								"west": {"uv": [8, 6], "uv_size": [4, 0.5]}
							}
						},
						{
							"origin": [-0.36677, 0.66609, -1.3875],
							"size": [0.73354, 0.1, 3.925],
							"uv": {
								"north": {"uv": [10, 23], "uv_size": [0.5, 0.5]},
								"up": {"uv": [4, 7], "uv_size": [0.5, 4]},
								"down": {"uv": [5, 11], "uv_size": [0.5, -4]}
							}
						},
						{
							"origin": [0.3875, 0.63932, -1.3875],
							"size": [0.1, 0.28568, 3.925],
							"pivot": [0.4875, 0.925, 2.7875],
							"rotation": [0, 0, 25],
							"uv": {
								"north": {"uv": [8, 23], "uv_size": [0.5, 0.5]},
								"east": {"uv": [8, 3], "uv_size": [4, 0.5]},
								"west": {"uv": [8, 4], "uv_size": [4, 0.5]}
							}
						},
						{
							"origin": [0.3875, 0.925, -1.3875],
							"size": [0.1, 1.1875, 3.925],
							"uv": {
								"north": {"uv": [18, 12], "uv_size": [0.5, 1]},
								"east": {"uv": [0, 0], "uv_size": [4, 1]},
								"west": {"uv": [0, 1], "uv_size": [4, 1]}
							}
						},
						{
							"origin": [0.38652, 2.1125, -1.3875],
							"size": [0.10098, 0.29062, 3.925],
							"pivot": [0.4875, 2.1125, 2.5375],
							"rotation": [0.00002, 0, -35.19322],
							"uv": {
								"north": {"uv": [4, 23], "uv_size": [0.5, 0.5]},
								"east": {"uv": [7, 7], "uv_size": [4, 0.5]},
								"west": {"uv": [8, 0], "uv_size": [3.875, 0.5]}
							}
						},
						{
							"origin": [-0.32, 2.25, -1.3875],
							"size": [0.64, 0.1, 3.925],
							"uv": {
								"north": {"uv": [3, 23], "uv_size": [0.5, 0.5]},
								"up": {"uv": [3, 7], "uv_size": [0.5, 4]},
								"down": {"uv": [7, 7], "uv_size": [0.5, -4]}
							}
						}
					]
				},
				{
					"name": "bone43",
					"parent": "a",
					"pivot": [0.7, 2.2125, 0.35],
					"rotation": [0, 0, 145],
					"cubes": [
						{
							"origin": [0.6125, 1.8375, 0.19468],
							"size": [0.325, 0.75, 0.31065],
							"pivot": [0.775, 2.2125, 0.35],
							"rotation": [22.5, 0, 0],
							"uv": {
								"east": {"uv": [16, 7], "uv_size": [0.5, 1]},
								"up": {"uv": [20, 21], "uv_size": [0.5, 0.5]},
								"down": {"uv": [21, 20.5], "uv_size": [0.5, -0.5]}
							}
						},
						{
							"origin": [0.6125, 1.8375, 0.19468],
							"size": [0.325, 0.75, 0.31065],
							"pivot": [0.775, 2.2125, 0.35],
							"rotation": [112.5, 0, 0],
							"uv": {
								"east": {"uv": [21, 21], "uv_size": [0.5, 0.5]},
								"up": {"uv": [0, 22], "uv_size": [0.5, 0.5]},
								"down": {"uv": [22, 0.5], "uv_size": [0.5, -0.5]}
							}
						},
						{
							"origin": [0.6125, 1.8375, 0.19468],
							"size": [0.325, 0.75, 0.31065],
							"pivot": [0.775, 2.2125, 0.35],
							"rotation": [67.5, 0, 0],
							"uv": {
								"east": {"uv": [16, 8], "uv_size": [0.5, 1]},
								"up": {"uv": [1, 22], "uv_size": [0.5, 0.5]},
								"down": {"uv": [22, 1.5], "uv_size": [0.5, -0.5]}
							}
						},
						{
							"origin": [0.6125, 1.8375, 0.19468],
							"size": [0.325, 0.75, 0.31065],
							"pivot": [0.775, 2.2125, 0.35],
							"rotation": [-22.5, 0, 0],
							"uv": {
								"east": {"uv": [16, 9], "uv_size": [0.5, 1]},
								"up": {"uv": [2, 22], "uv_size": [0.5, 0.5]},
								"down": {"uv": [22, 2.5], "uv_size": [0.5, -0.5]}
							}
						},
						{
							"origin": [0.5875, 2.4, 0.23218],
							"size": [0.225, 0.25, 0.23565],
							"uv": {
								"north": {"uv": [16, 11], "uv_size": [0.5, 1]},
								"east": {"uv": [16, 12], "uv_size": [0.5, 1]},
								"south": {"uv": [13, 16], "uv_size": [0.5, 1]},
								"west": {"uv": [14, 16], "uv_size": [0.5, 1]},
								"up": {"uv": [3, 22], "uv_size": [0.5, 0.5]},
								"down": {"uv": [22, 3.5], "uv_size": [0.5, -0.5]}
							}
						},
						{
							"origin": [0.5875, 2.4, 0.23218],
							"size": [0.225, 0.25, 0.23565],
							"pivot": [0.6875, 2.2125, 0.35],
							"rotation": [-45, 0, 0],
							"uv": {
								"north": {"uv": [15, 16], "uv_size": [0.5, 1]},
								"east": {"uv": [16, 16], "uv_size": [0.5, 1]},
								"south": {"uv": [0, 17], "uv_size": [0.5, 1]},
								"west": {"uv": [1, 17], "uv_size": [0.5, 1]},
								"up": {"uv": [4, 22], "uv_size": [0.5, 0.5]},
								"down": {"uv": [22, 4.5], "uv_size": [0.5, -0.5]}
							}
						},
						{
							"origin": [0.5885, 2.4, 0.23218],
							"size": [0.224, 0.25, 0.23565],
							"pivot": [0.6875, 2.2125, 0.35],
							"rotation": [-90, 0, 0],
							"uv": {
								"north": {"uv": [17, 7], "uv_size": [0.5, 1]},
								"east": {"uv": [17, 8], "uv_size": [0.5, 1]},
								"south": {"uv": [17, 9], "uv_size": [0.5, 1]},
								"west": {"uv": [17, 11], "uv_size": [0.5, 1]},
								"up": {"uv": [5, 22], "uv_size": [0.5, 0.5]},
								"down": {"uv": [22, 5.5], "uv_size": [0.5, -0.5]}
							}
						},
						{
							"origin": [0.5875, 2.4, 0.23218],
							"size": [0.225, 0.25, 0.23565],
							"pivot": [0.6875, 2.2125, 0.35],
							"rotation": [-135, 0, 0],
							"uv": {
								"north": {"uv": [17, 12], "uv_size": [0.5, 1]},
								"east": {"uv": [21, 18], "uv_size": [0.5, 1]},
								"south": {"uv": [19, 21], "uv_size": [0.5, 1]},
								"west": {"uv": [21, 19], "uv_size": [0.5, 1]},
								"up": {"uv": [6, 22], "uv_size": [0.5, 0.5]},
								"down": {"uv": [22, 6.5], "uv_size": [0.5, -0.5]}
							}
						},
						{
							"origin": [0.5875, 1.775, 0.23218],
							"size": [0.225, 0.25, 0.23565],
							"pivot": [0.6875, 2.2125, 0.35],
							"rotation": [-45, 0, 0],
							"uv": {
								"north": {"uv": [15, 16], "uv_size": [0.5, 1]},
								"east": {"uv": [16, 16], "uv_size": [0.5, 1]},
								"south": {"uv": [0, 17], "uv_size": [0.5, 1]},
								"west": {"uv": [1, 17], "uv_size": [0.5, 1]},
								"up": {"uv": [4, 22], "uv_size": [0.5, 0.5]},
								"down": {"uv": [22, 4.5], "uv_size": [0.5, -0.5]}
							}
						},
						{
							"origin": [0.5875, 1.775, 0.23218],
							"size": [0.225, 0.25, 0.23565],
							"pivot": [0.6875, 2.2125, 0.35],
							"rotation": [-135, 0, 0],
							"uv": {
								"north": {"uv": [17, 12], "uv_size": [0.5, 1]},
								"east": {"uv": [21, 18], "uv_size": [0.5, 1]},
								"south": {"uv": [19, 21], "uv_size": [0.5, 1]},
								"west": {"uv": [21, 19], "uv_size": [0.5, 1]},
								"up": {"uv": [6, 22], "uv_size": [0.5, 0.5]},
								"down": {"uv": [22, 6.5], "uv_size": [0.5, -0.5]}
							}
						},
						{
							"origin": [0.5875, 1.775, 0.23218],
							"size": [0.225, 0.25, 0.23565],
							"uv": {
								"north": {"uv": [16, 11], "uv_size": [0.5, 1]},
								"east": {"uv": [16, 12], "uv_size": [0.5, 1]},
								"south": {"uv": [13, 16], "uv_size": [0.5, 1]},
								"west": {"uv": [14, 16], "uv_size": [0.5, 1]},
								"up": {"uv": [3, 22], "uv_size": [0.5, 0.5]},
								"down": {"uv": [22, 3.5], "uv_size": [0.5, -0.5]}
							}
						},
						{
							"origin": [0.5885, 1.775, 0.23218],
							"size": [0.224, 0.25, 0.23565],
							"pivot": [0.6875, 2.2125, 0.35],
							"rotation": [-90, 0, 0],
							"uv": {
								"north": {"uv": [17, 7], "uv_size": [0.5, 1]},
								"east": {"uv": [17, 8], "uv_size": [0.5, 1]},
								"south": {"uv": [17, 9], "uv_size": [0.5, 1]},
								"west": {"uv": [17, 11], "uv_size": [0.5, 1]},
								"up": {"uv": [5, 22], "uv_size": [0.5, 0.5]},
								"down": {"uv": [22, 5.5], "uv_size": [0.5, -0.5]}
							}
						}
					]
				},
				{
					"name": "bone2",
					"parent": "a",
					"pivot": [0.8875, -0.05, 1.4],
					"cubes": [
						{
							"origin": [0.6875, -0.25, 0.81716],
							"size": [0.4, 0.125, 0.16568],
							"uv": {
								"west": {"uv": [26, 23], "uv_size": [0.5, 0.5]},
								"up": {"uv": [24, 26], "uv_size": [0.5, 0.5]},
								"down": {"uv": [26, 24.5], "uv_size": [0.5, -0.5]}
							}
						},
						{
							"origin": [0.8875, -0.25, 0.81716],
							"size": [0.2, 0.125, 0.16568],
							"pivot": [0.8875, -0.0375, 0.9],
							"rotation": [0, -45, 0],
							"uv": {
								"west": {"uv": [25, 26], "uv_size": [0.5, 0.5]},
								"up": {"uv": [26, 25], "uv_size": [0.5, 0.5]},
								"down": {"uv": [26, 26.5], "uv_size": [0.5, -0.5]}
							}
						},
						{
							"origin": [0.6875, -0.25, 0.81716],
							"size": [0.4, 0.125, 0.16568],
							"pivot": [0.8875, -0.0375, 0.9],
							"rotation": [0, -90, 0],
							"uv": {
								"west": {"uv": [0, 27], "uv_size": [0.5, 0.5]},
								"up": {"uv": [27, 0], "uv_size": [0.5, 0.5]},
								"down": {"uv": [1, 27.5], "uv_size": [0.5, -0.5]}
							}
						},
						{
							"origin": [0.8875, -0.25, 0.81716],
							"size": [0.2, 0.125, 0.16568],
							"pivot": [0.8875, -0.0375, 0.9],
							"rotation": [0, -135, 0],
							"uv": {
								"west": {"uv": [27, 1], "uv_size": [0.5, 0.5]},
								"up": {"uv": [2, 27], "uv_size": [0.5, 0.5]},
								"down": {"uv": [27, 2.5], "uv_size": [0.5, -0.5]}
							}
						},
						{
							"origin": [0.6475, -0.25, 0.81716],
							"size": [0.44, 0.125, 0.15],
							"pivot": [1.0875, 0.15, 0.81716],
							"rotation": [0, -55, 0],
							"uv": {
								"north": {"uv": [3, 27], "uv_size": [0.5, 0.5]},
								"south": {"uv": [27, 3], "uv_size": [0.5, 0.5]},
								"up": {"uv": [4, 27], "uv_size": [0.5, 0.5]},
								"down": {"uv": [27, 4.5], "uv_size": [0.5, -0.5]}
							}
						},
						{
							"origin": [0.63923, 0.025, 0.81716],
							"size": [0.44827, 0.125, 0.14942],
							"pivot": [1.0875, 0.15, 0.81716],
							"rotation": [0, -55, 0],
							"uv": {
								"north": {"uv": [5, 27], "uv_size": [0.5, 0.5]},
								"up": {"uv": [27, 5], "uv_size": [0.5, 0.5]},
								"down": {"uv": [6, 27.5], "uv_size": [0.5, -0.5]}
							}
						},
						{
							"origin": [0.6875, 0.025, 0.81716],
							"size": [0.4, 0.125, 0.16568],
							"uv": {
								"west": {"uv": [27, 6], "uv_size": [0.5, 0.5]},
								"up": {"uv": [7, 27], "uv_size": [0.5, 0.5]},
								"down": {"uv": [27, 7.5], "uv_size": [0.5, -0.5]}
							}
						},
						{
							"origin": [0.8125, -0.3, 0.7875],
							"size": [0.2125, 0.5125, 0.2125],
							"pivot": [0.8875, -0.075, 0.8625],
							"rotation": [0, -45, 0],
							"uv": {
								"north": {"uv": [8, 27], "uv_size": [0.5, 0.5]},
								"east": {"uv": [27, 8], "uv_size": [0.5, 0.5]},
								"south": {"uv": [9, 27], "uv_size": [0.5, 0.5]},
								"west": {"uv": [27, 9], "uv_size": [0.5, 0.5]},
								"up": {"uv": [10, 27], "uv_size": [0.5, 0.5]},
								"down": {"uv": [27, 10.5], "uv_size": [0.5, -0.5]}
							}
						},
						{
							"origin": [0.6875, 0.025, 0.81716],
							"size": [0.4, 0.125, 0.16568],
							"pivot": [0.8875, -0.0375, 0.9],
							"rotation": [0, -45, 0],
							"uv": {
								"west": {"uv": [11, 27], "uv_size": [0.5, 0.5]},
								"up": {"uv": [27, 11], "uv_size": [0.5, 0.5]},
								"down": {"uv": [12, 27.5], "uv_size": [0.5, -0.5]}
							}
						},
						{
							"origin": [0.6875, 0.025, 0.81716],
							"size": [0.4, 0.125, 0.16568],
							"pivot": [0.8875, -0.0375, 0.9],
							"rotation": [0, -90, 0],
							"uv": {
								"west": {"uv": [27, 12], "uv_size": [0.5, 0.5]},
								"up": {"uv": [13, 27], "uv_size": [0.5, 0.5]},
								"down": {"uv": [27, 13.5], "uv_size": [0.5, -0.5]}
							}
						},
						{
							"origin": [0.8875, 0.025, 0.81716],
							"size": [0.2, 0.125, 0.16568],
							"pivot": [0.8875, -0.0375, 0.9],
							"rotation": [0, -135, 0],
							"uv": {
								"west": {"uv": [14, 27], "uv_size": [0.5, 0.5]},
								"up": {"uv": [27, 14], "uv_size": [0.5, 0.5]},
								"down": {"uv": [15, 27.5], "uv_size": [0.5, -0.5]}
							}
						},
						{
							"origin": [0.6875, -0.25, -0.05],
							"size": [0.15, 0.4, 1.03284],
							"uv": {
								"north": {"uv": [27, 15], "uv_size": [0.5, 0.5]},
								"east": {"uv": [20, 5], "uv_size": [1, 0.5]},
								"south": {"uv": [16, 27], "uv_size": [0.5, 0.5]},
								"west": {"uv": [6, 20], "uv_size": [1, 0.5]},
								"up": {"uv": [20, 6], "uv_size": [0.5, 1]},
								"down": {"uv": [7, 21], "uv_size": [0.5, -1]}
							}
						},
						{
							"origin": [0.6875, 0.075, -0.55],
							"size": [0.15, 0.075, 0.5],
							"uv": {
								"east": {"uv": [27, 16], "uv_size": [0.5, 0.5]},
								"west": {"uv": [17, 27], "uv_size": [0.5, 0.5]},
								"up": {"uv": [27, 17], "uv_size": [0.5, 0.5]},
								"down": {"uv": [18, 27.5], "uv_size": [0.5, -0.5]}
							}
						},
						{
							"origin": [0.5625, -0.15, -0.4875],
							"size": [0.275, 0.2, 0.375],
							"uv": {
								"north": {"uv": [27, 18], "uv_size": [0.5, 0.5]},
								"south": {"uv": [19, 27], "uv_size": [0.5, 0.5]},
								"west": {"uv": [27, 19], "uv_size": [0.5, 0.5]},
								"up": {"uv": [20, 27], "uv_size": [0.5, 0.5]},
								"down": {"uv": [27, 20.5], "uv_size": [0.5, -0.5]}
							}
						},
						{
							"origin": [0.5625, -0.125, 0.75643],
							"size": [0.325, 0.15, 0.30052],
							"uv": {
								"north": {"uv": [21, 27], "uv_size": [0.5, 0.5]},
								"south": {"uv": [27, 21], "uv_size": [0.5, 0.5]},
								"up": {"uv": [22, 27], "uv_size": [0.5, 0.5]},
								"down": {"uv": [27, 22.5], "uv_size": [0.5, -0.5]}
							}
						},
						{
							"origin": [0.6875, -0.25, -0.55],
							"size": [0.15, 0.075, 0.5],
							"uv": {
								"east": {"uv": [23, 27], "uv_size": [0.5, 0.5]},
								"west": {"uv": [27, 23], "uv_size": [0.5, 0.5]},
								"up": {"uv": [24, 27], "uv_size": [0.5, 0.5]},
								"down": {"uv": [27, 24.5], "uv_size": [0.5, -0.5]}
							}
						},
						{
							"origin": [0.6875, -0.25, -0.65],
							"size": [0.15, 0.4, 0.1],
							"uv": {
								"east": {"uv": [25, 27], "uv_size": [0.5, 0.5]},
								"south": {"uv": [27, 25], "uv_size": [0.5, 0.5]},
								"west": {"uv": [26, 27], "uv_size": [0.5, 0.5]},
								"up": {"uv": [27, 26], "uv_size": [0.5, 0.5]},
								"down": {"uv": [27, 27.5], "uv_size": [0.5, -0.5]}
							}
						},
						{
							"origin": [0.6894, -0.25, -1.0875],
							"size": [0.1481, 0.4, 0.44707],
							"pivot": [0.7125, -0.0375, -0.65],
							"rotation": [0, -22.5, 0],
							"uv": {
								"north": {"uv": [0, 28], "uv_size": [0.5, 0.5]},
								"east": {"uv": [28, 0], "uv_size": [0.5, 0.5]},
								"west": {"uv": [1, 28], "uv_size": [0.5, 0.5]},
								"up": {"uv": [28, 1], "uv_size": [0.5, 0.5]},
								"down": {"uv": [2, 28.5], "uv_size": [0.5, -0.5]}
							}
						}
					]
				},
				{
					"name": "ocular_ring",
					"pivot": [0, 0, 0.25],
					"cubes": [
						{
							"origin": [-0.32, 2.25, 2.5375],
							"size": [0.64, 0.1, 0.25],
							"uv": {
								"south": {"uv": [13.5, 28], "uv_size": [0.5, 1.5]},
								"up": {"uv": [6, 21], "uv_size": [0.5, 0.5]},
								"down": {"uv": [21, 6.5], "uv_size": [0.5, -0.5]}
							}
						},
						{
							"origin": [0.38652, 2.1125, 2.5375],
							"size": [0.10098, 0.29062, 0.249],
							"pivot": [0.4875, 2.1125, 2.7875],
							"rotation": [0.00002, 0, -35.19322],
							"uv": {
								"east": {"uv": [18, 0], "uv_size": [0.5, 0.5]},
								"south": {"uv": [11.5, 28], "uv_size": [1.5, 0.5]},
								"west": {"uv": [10, 18], "uv_size": [0.5, 0.5]}
							}
						},
						{
							"origin": [0.3875, 0.925, 2.5375],
							"size": [0.1, 1.1875, 0.249],
							"uv": {
								"east": {"uv": [17, 15], "uv_size": [0.5, 1]},
								"south": {"uv": [9.5, 28], "uv_size": [1.5, 1]},
								"west": {"uv": [17, 17], "uv_size": [0.5, 1]}
							}
						},
						{
							"origin": [-0.4875, 0.925, 2.5375],
							"size": [0.1, 1.1875, 0.249],
							"uv": {
								"east": {"uv": [17.5, 17], "uv_size": [-0.5, 1]},
								"south": {"uv": [11, 28], "uv_size": [-1.5, 1]},
								"west": {"uv": [17.5, 15], "uv_size": [-0.5, 1]}
							}
						},
						{
							"origin": [0.3875, 0.63932, 2.5375],
							"size": [0.1, 0.28568, 0.249],
							"pivot": [0.4875, 0.925, 2.7875],
							"rotation": [0, 0, 25],
							"uv": {
								"east": {"uv": [10, 21], "uv_size": [0.5, 0.5]},
								"south": {"uv": [11.5, 28.5], "uv_size": [1.5, 0.5]},
								"west": {"uv": [11, 21], "uv_size": [0.5, 0.5]}
							}
						},
						{
							"origin": [-0.4875, 2.1125, 2.5375],
							"size": [0.10098, 0.29062, 0.249],
							"pivot": [-0.4875, 2.1125, 2.7875],
							"rotation": [0.00002, 0, 35.19322],
							"uv": {
								"east": {"uv": [10.5, 18], "uv_size": [-0.5, 0.5]},
								"south": {"uv": [13, 28], "uv_size": [-1.5, 0.5]},
								"west": {"uv": [18.5, 0], "uv_size": [-0.5, 0.5]}
							}
						},
						{
							"origin": [-0.4875, 0.63932, 2.5375],
							"size": [0.1, 0.28568, 0.249],
							"pivot": [-0.4875, 0.925, 2.7875],
							"rotation": [0, 0, -25],
							"uv": {
								"east": {"uv": [11.5, 21], "uv_size": [-0.5, 0.5]},
								"south": {"uv": [13, 28.5], "uv_size": [-1.5, 0.5]},
								"west": {"uv": [10.5, 21], "uv_size": [-0.5, 0.5]}
							}
						},
						{
							"origin": [-0.36677, 0.66609, 2.5375],
							"size": [0.73354, 0.1, 0.25],
							"uv": {
								"south": {"uv": [14.5, 28], "uv_size": [0.5, 1.5]},
								"up": {"uv": [9, 21], "uv_size": [0.5, 0.5]},
								"down": {"uv": [21, 9.5], "uv_size": [0.5, -0.5]}
							}
						}
					]
				},
				{
					"name": "bar_illuminated",
					"parent": "ocular_ring",
					"pivot": [0, 1.49464, 2.68679],
					"cubes": [
						{
							"origin": [-0.22125, 2.14495, 2.7311],
							"size": [0.44251, 0.0375, 0.01],
							"uv": {
								"south": {"uv": [28, 2], "uv_size": [0.5, 0.5]}
							}
						},
						{
							"origin": [0.2975, 2.02, 2.7311],
							"size": [0.0375, 0.19831, 0.01],
							"pivot": [0.335, 2.02, 2.7411],
							"rotation": [0, 0, -35],
							"uv": {
								"south": {"uv": [3, 28], "uv_size": [0.5, 0.5]}
							}
						},
						{
							"origin": [0.2975, 1.005, 2.7311],
							"size": [0.0375, 1.015, 0.0111],
							"uv": {
								"south": {"uv": [20, 7], "uv_size": [0.5, 1]}
							}
						},
						{
							"origin": [-0.25119, 0.82527, 2.7322],
							"size": [0.50238, 0.0375, 0.01],
							"uv": {
								"south": {"uv": [28, 4], "uv_size": [0.5, 0.5]}
							}
						},
						{
							"origin": [0.2975, 0.80669, 2.7322],
							"size": [0.0375, 0.19831, 0.01],
							"pivot": [0.335, 1.005, 2.7422],
							"rotation": [0, 0, 25],
							"uv": {
								"south": {"uv": [5, 28], "uv_size": [0.5, 0.5]}
							}
						},
						{
							"origin": [-0.335, 2.02, 2.7311],
							"size": [0.0375, 0.19831, 0.01],
							"pivot": [-0.335, 2.02, 2.7411],
							"rotation": [0, 0, 35],
							"uv": {
								"south": {"uv": [3.5, 28], "uv_size": [-0.5, 0.5]}
							}
						},
						{
							"origin": [-0.335, 1.005, 2.7311],
							"size": [0.0375, 1.015, 0.0111],
							"uv": {
								"south": {"uv": [20.5, 7], "uv_size": [-0.5, 1]}
							}
						},
						{
							"origin": [-0.335, 0.80669, 2.7322],
							"size": [0.0375, 0.19831, 0.01],
							"pivot": [-0.335, 1.005, 2.7422],
							"rotation": [0, 0, -25],
							"uv": {
								"south": {"uv": [5.5, 28], "uv_size": [-0.5, 0.5]}
							}
						}
					]
				},
				{
					"name": "oculars",
					"pivot": [0, 1.4375, 4.375]
				},
				{
					"name": "ocular_scope_2",
					"parent": "oculars",
					"pivot": [0, 1.4375, 4.375],
					"cubes": [
						{
							"origin": [-0.3325, 0.6875, 2.7125],
							"size": [0.665, 1.6, 0.0125],
							"uv": {
								"south": {"uv": [28, 7], "uv_size": [0.5, 1.5]}
							}
						},
						{
							"origin": [-0.4075, 0.8125, 2.725],
							"size": [0.815, 1.35, 0.0115],
							"uv": {
								"south": {"uv": [6, 28], "uv_size": [1, 1.5]}
							}
						}
					]
				},
				{
					"name": "ocular_sight",
					"parent": "oculars",
					"pivot": [0, 0.375, 1.1875],
					"cubes": [
						{
							"origin": [-0.6, 2.575, -4.3125],
							"size": [1.2, 0.925, 0.0625],
							"uv": {
								"south": {"uv": [8, 20], "uv_size": [1, 1]}
							}
						}
					]
				},
				{
					"name": "divisions",
					"pivot": [0, 0, 0]
				},
				{
					"name": "division_2",
					"parent": "divisions",
					"pivot": [0, 1.5, -100]
				},
				{
					"name": "division_illuminated",
					"parent": "division_2",
					"pivot": [0, 1.5, -100],
					"rotation": [45, 0, 0],
					"cubes": [
						{
							"origin": [-0.0875, 1.375, -100],
							"size": [0.175, 0.25, 0],
							"uv": {
								"south": {"uv": [8, 28], "uv_size": [1, 1]}
							}
						},
						{
							"origin": [-0.0375, -0.0196, -100.88388],
							"size": [0.075, 1.25, 0],
							"uv": {
								"south": {"uv": [8, 28], "uv_size": [1, 1]}
							}
						},
						{
							"origin": [0.875, 1.45, -100],
							"size": [2.25, 0.1, 0],
							"uv": {
								"south": {"uv": [8, 28], "uv_size": [1, 1]}
							}
						},
						{
							"origin": [-3.125, 1.45, -100],
							"size": [2.25, 0.1, 0],
							"uv": {
								"south": {"uv": [9, 28], "uv_size": [-1, 1]}
							}
						}
					]
				},
				{
					"name": "division",
					"parent": "divisions",
					"pivot": [0, 0, 0]
				},
				{
					"name": "division2_illuminated",
					"parent": "division",
					"pivot": [0, 2.98964, -30],
					"rotation": [45, 0, 0],
					"cubes": [
						{
							"origin": [-0.01685, 2.94788, -30.01875],
							"size": [0.01982, 0.01982, 0.05],
							"pivot": [0.02431, 2.96092, -29.99375],
							"rotation": [0, 0, 45],
							"uv": {
								"south": {"uv": [28, 3], "uv_size": [0.5, 0.5]}
							}
						},
						{
							"origin": [-0.23423, 2.93175, -30.01875],
							"size": [0.2125, 0.0375, 0.05],
							"pivot": [-0.02651, 2.9808, -29.96875],
							"rotation": [0, 0, -67.5],
							"uv": {
								"south": {"uv": [28.5, 3], "uv_size": [-0.5, 0.5]}
							}
						},
						{
							"origin": [0.02173, 2.93175, -30.01875],
							"size": [0.2125, 0.0375, 0.05],
							"pivot": [0.02651, 2.9808, -29.96875],
							"rotation": [0, 0, 67.5],
							"uv": {
								"south": {"uv": [28, 3], "uv_size": [0.5, 0.5]}
							}
						},
						{
							"origin": [-0.09533, 2.77013, -30.01875],
							"size": [0.19067, 0.01435, 0.05],
							"uv": {
								"south": {"uv": [28, 3], "uv_size": [0.5, 0.5]}
							}
						},
						{
							"origin": [-0.06069, 2.78263, -30.01875],
							"size": [0.12138, 0.07026, 0.05],
							"uv": {
								"south": {"uv": [28, 3], "uv_size": [0.5, 0.5]}
							}
						},
						{
							"origin": [-0.02665, 2.84349, -30.01875],
							"size": [0.0533, 0.08094, 0.05],
							"uv": {
								"south": {"uv": [28, 3], "uv_size": [0.5, 0.5]}
							}
						}
					]
				},
				{
					"name": "views",
					"pivot": [0, 0, 0.25]
				},
				{
					"name": "scope_view",
					"parent": "views",
					"pivot": [0, 1.5, 12.25]
				},
				{
					"name": "scope_view_2",
					"parent": "views",
					"pivot": [0, 3.0375, 6.25]
				}
			]
		}
	]
}