{
	"format_version": "1.12.0",
	"minecraft:geometry": [
		{
			"description": {
				"identifier": "geometry.unknown",
				"texture_width": 32,
				"texture_height": 32,
				"visible_bounds_width": 6,
				"visible_bounds_height": 1.5,
				"visible_bounds_offset": [0, 0.25, 0]
			},
			"bones": [
				{
					"name": "scope_body",
					"pivot": [0, -0.1125, -1],
					"rotation": [0, 180, 0]
				},
				{
					"name": "scope",
					"parent": "scope_body",
					"pivot": [0, 0.02257, -0.6042],
					"cubes": [
						{
							"origin": [-0.6125, 0.125, -2.125],
							"size": [1.225, 0.4375, 2.25],
							"uv": {
								"north": {"uv": [2, 5], "uv_size": [1, 0.5]},
								"east": {"uv": [2, 0], "uv_size": [2.5, 0.5]},
								"west": {"uv": [2, 1], "uv_size": [2.5, 0.5]},
								"up": {"uv": [0, 0], "uv_size": [1, 2.5]}
							}
						},
						{
							"origin": [-0.6625, 0.20625, -0.85],
							"size": [1.325, 0.05, 0.7125],
							"uv": {
								"north": {"uv": [0, 5], "uv_size": [1.5, 0.5]},
								"east": {"uv": [8, 5], "uv_size": [0.5, 0.5]},
								"south": {"uv": [5, 0], "uv_size": [1.5, 0.5]},
								"west": {"uv": [6, 8], "uv_size": [0.5, 0.5]},
								"down": {"uv": [5, 1.5], "uv_size": [1.5, -0.5]}
							}
						},
						{
							"origin": [-0.745, 0.83125, -0.7375],
							"size": [1.49, 0.1625, 0.625],
							"uv": {
								"east": {"uv": [0, 16], "uv_size": [9.5, 2.5]},
								"west": {"uv": [0, 16], "uv_size": [9.5, 2.5]}
							}
						},
						{
							"origin": [-0.6625, 0.25625, -0.225],
							"size": [1.325, 0.15, 0.0875],
							"pivot": [-0.6625, 0.25625, -0.1375],
							"rotation": [5, 0, 0],
							"uv": {
								"east": {"uv": [14, 9], "uv_size": [0.5, 0.5]},
								"south": {"uv": [4, 6], "uv_size": [1.5, 0.5]},
								"west": {"uv": [10, 14], "uv_size": [0.5, 0.5]},
								"up": {"uv": [6, 5], "uv_size": [1.5, 0.5]}
							}
						},
						{
							"origin": [-0.6625, 0.40319, -0.33825],
							"size": [1.325, 0.575, 0.19],
							"pivot": [-0.6625, 0.40319, -0.15075],
							"rotation": [86, 0, 0],
							"uv": {
								"east": {"uv": [14, 10], "uv_size": [0.5, 0.5]},
								"south": {"uv": [6, 6], "uv_size": [1.5, 0.5]},
								"west": {"uv": [11, 14], "uv_size": [0.5, 0.5]}
							}
						},
						{
							"origin": [-0.6625, 0.352, -0.95168],
							"size": [1.325, 0.09379, 0.22751],
							"pivot": [-0.6625, 0.44579, -0.72417],
							"rotation": [56.42145, 0, 0.00001],
							"uv": {
								"east": {"uv": [14, 11], "uv_size": [0.5, 0.5]},
								"west": {"uv": [12, 14], "uv_size": [0.5, 0.5]},
								"up": {"uv": [0, 7], "uv_size": [1.5, 0.5]}
							}
						},
						{
							"origin": [-0.18286, 1.51532, -0.5875],
							"size": [0.0625, 0.36573, 0.5],
							"pivot": [-0.18286, 1.51532, -0.5875],
							"rotation": [0, 0, 90],
							"uv": {
								"north": {"uv": [12, 7], "uv_size": [0.5, 0.5]},
								"east": {"uv": [8, 12], "uv_size": [0.5, 0.5]},
								"south": {"uv": [12, 8], "uv_size": [0.5, 0.5]},
								"west": {"uv": [9, 12], "uv_size": [0.5, 0.5]}
							}
						},
						{
							"origin": [-0.45519, 1.47705, -0.5875],
							"size": [0.0625, 0.275, 0.5],
							"pivot": [-0.45519, 1.47705, -0.5875],
							"rotation": [0, 0, 82],
							"uv": {
								"north": {"uv": [12, 9], "uv_size": [0.5, 0.5]},
								"east": {"uv": [10, 12], "uv_size": [0.5, 0.5]},
								"south": {"uv": [12, 10], "uv_size": [0.5, 0.5]},
								"west": {"uv": [11, 12], "uv_size": [0.5, 0.5]}
							}
						},
						{
							"origin": [-0.74162, 1.27019, -0.5875],
							"size": [0.075, 0.15, 0.501],
							"pivot": [-0.74162, 1.27019, -0.0875],
							"rotation": [0, 0, 30],
							"uv": {
								"east": {"uv": [8, 6], "uv_size": [0.5, 0.5]},
								"south": {"uv": [7, 8], "uv_size": [0.5, 0.5]},
								"west": {"uv": [8, 7], "uv_size": [0.5, 0.5]}
							}
						},
						{
							"origin": [-0.74162, 1.27019, -0.6425],
							"size": [0.075, 0.0375, 0.055],
							"pivot": [-0.74162, 1.27019, -0.105],
							"rotation": [0, 0, 30],
							"uv": {
								"east": {"uv": [3, 11], "uv_size": [0.5, 0.5]},
								"west": {"uv": [11, 3], "uv_size": [0.5, 0.5]}
							}
						},
						{
							"origin": [-0.74162, 0.39519, -0.975],
							"size": [0.075, 0.375, 0.9875],
							"pivot": [-0.74162, 0.77019, 0.0125],
							"rotation": [0, 0, -31.86885],
							"uv": {
								"east": {"uv": [4, 7], "uv_size": [1, 0.5]},
								"west": {"uv": [7, 4], "uv_size": [1, 0.5]}
							}
						},
						{
							"origin": [-0.74162, 0.45769, -0.975],
							"size": [0.075, 0.3125, 0.175],
							"pivot": [-0.74162, 0.77019, -0.975],
							"rotation": [-22.5, 0, -31.86885],
							"uv": {
								"north": {"uv": [10, 9], "uv_size": [0.5, 0.5]},
								"east": {"uv": [10, 10], "uv_size": [0.5, 0.5]},
								"west": {"uv": [0, 11], "uv_size": [0.5, 0.5]}
							}
						},
						{
							"origin": [-0.74162, 0.52019, 0.0125],
							"size": [0.075, 0.25, 0.26919],
							"pivot": [-0.74162, 0.77019, 0.0125],
							"rotation": [-65.29647, 0, -31.86885],
							"uv": {
								"east": {"uv": [2, 10], "uv_size": [0.5, 0.5]},
								"west": {"uv": [10, 2], "uv_size": [0.5, 0.5]},
								"up": {"uv": [3, 10], "uv_size": [0.5, 0.5]}
							}
						},
						{
							"origin": [0.66662, 0.45769, -0.975],
							"size": [0.075, 0.3125, 0.175],
							"pivot": [0.74162, 0.77019, -0.975],
							"rotation": [-22.5, 0, 31.86885],
							"uv": {
								"north": {"uv": [15, 0], "uv_size": [0.5, 0.5]},
								"east": {"uv": [1, 15], "uv_size": [0.5, 0.5]},
								"west": {"uv": [15, 1], "uv_size": [0.5, 0.5]}
							}
						},
						{
							"origin": [0.66662, 0.39519, -0.975],
							"size": [0.075, 0.375, 0.9875],
							"pivot": [0.74162, 0.77019, 0.0125],
							"rotation": [0, 0, 31.86885],
							"uv": {
								"east": {"uv": [8, 0], "uv_size": [1, 0.5]},
								"west": {"uv": [1, 8], "uv_size": [1, 0.5]}
							}
						},
						{
							"origin": [0.66662, 0.52019, 0.0125],
							"size": [0.075, 0.25, 0.26919],
							"pivot": [0.74162, 0.77019, 0.0125],
							"rotation": [-65.29647, 0, 31.86885],
							"uv": {
								"east": {"uv": [13, 6], "uv_size": [0.5, 0.5]},
								"west": {"uv": [7, 13], "uv_size": [0.5, 0.5]},
								"up": {"uv": [13, 7], "uv_size": [0.5, 0.5]}
							}
						},
						{
							"origin": [-0.74162, 0.81769, -0.6625],
							"size": [0.075, 0.4525, 0.575],
							"uv": {
								"east": {"uv": [10, 3], "uv_size": [0.5, 0.5]},
								"west": {"uv": [4, 10], "uv_size": [0.5, 0.5]}
							}
						},
						{
							"origin": [-0.74162, 0.77019, -0.9375],
							"size": [0.075, 0.06, 0.9375],
							"uv": {
								"east": {"uv": [5, 7], "uv_size": [1, 0.5]},
								"west": {"uv": [6, 7], "uv_size": [1, 0.5]}
							}
						},
						{
							"origin": [-0.74162, 0.81769, -0.775],
							"size": [0.075, 0.265, 0.125],
							"uv": {
								"east": {"uv": [10, 7], "uv_size": [0.5, 0.5]},
								"west": {"uv": [8, 10], "uv_size": [0.5, 0.5]}
							}
						},
						{
							"origin": [-0.74162, 0.81769, -0.8625],
							"size": [0.075, 0.115, 0.1],
							"uv": {
								"east": {"uv": [10, 8], "uv_size": [0.5, 0.5]},
								"west": {"uv": [9, 10], "uv_size": [0.5, 0.5]}
							}
						},
						{
							"origin": [-0.74162, 0.76029, -0.175],
							"size": [0.075, 0.5099, 0.0875],
							"pivot": [-0.74162, 1.27019, -0.0875],
							"rotation": [11.30994, 0, 0],
							"uv": {
								"east": {"uv": [10, 4], "uv_size": [0.5, 0.5]},
								"south": {"uv": [5, 10], "uv_size": [0.5, 0.5]},
								"west": {"uv": [10, 5], "uv_size": [0.5, 0.5]}
							}
						},
						{
							"origin": [-0.74162, 1.27019, -0.6625],
							"size": [0.075, 0.1677, 0.0193],
							"pivot": [-0.74162, 1.27019, -0.6625],
							"rotation": [-26.56503, -0.00001, 30],
							"uv": {
								"north": {"uv": [6, 10], "uv_size": [0.5, 0.5]},
								"east": {"uv": [10, 6], "uv_size": [0.5, 0.5]},
								"west": {"uv": [7, 10], "uv_size": [0.5, 0.5]}
							}
						},
						{
							"origin": [-0.74162, 1.32019, -0.6432],
							"size": [0.075, 0.0802, 0.0375],
							"pivot": [-0.74162, 1.27019, -0.6625],
							"rotation": [-26.56503, -0.00001, 30],
							"uv": {
								"east": {"uv": [4, 11], "uv_size": [0.5, 0.5]},
								"west": {"uv": [11, 4], "uv_size": [0.5, 0.5]}
							}
						},
						{
							"origin": [-0.74162, 0.68056, -0.6625],
							"size": [0.075, 0.58963, 0.0318],
							"pivot": [-0.74162, 1.27019, -0.6625],
							"rotation": [-32.00538, 0, 0],
							"uv": {
								"north": {"uv": [11, 0], "uv_size": [0.5, 1]},
								"east": {"uv": [1, 11], "uv_size": [0.5, 0.5]},
								"west": {"uv": [11, 1], "uv_size": [0.5, 0.5]}
							}
						},
						{
							"origin": [-0.74162, 0.76446, -0.63173],
							"size": [0.075, 0.50212, 0.0693],
							"pivot": [-0.74162, 1.26658, -0.65673],
							"rotation": [-32.00538, 0, 0],
							"uv": {
								"east": {"uv": [2, 11], "uv_size": [0.5, 0.5]},
								"west": {"uv": [11, 2], "uv_size": [0.5, 0.5]}
							}
						},
						{
							"origin": [-0.36014, 0.55, -2.124],
							"size": [0.72028, 0.18272, 0.6865],
							"uv": {
								"north": {"uv": [8, 8], "uv_size": [0.5, 0.5]},
								"south": {"uv": [0, 9], "uv_size": [0.5, 0.5]},
								"up": {"uv": [9, 0.25], "uv_size": [0.5, 0.75]}
							}
						},
						{
							"origin": [-0.18232, 0.575, -2.00732],
							"size": [0.425, 0.15922, 0.425],
							"pivot": [0, 0.65461, -1.825],
							"rotation": [0, -45, 0],
							"uv": {
								"up": {"uv": [0, 19], "uv_size": [4, 4]}
							}
						},
						{
							"origin": [-0.175, 0.5625, -1.4375],
							"size": [0.35, 0.17022, 0.0625],
							"uv": {
								"east": {"uv": [8, 13], "uv_size": [0.5, 0.5]},
								"south": {"uv": [13, 8], "uv_size": [0.5, 0.5]},
								"west": {"uv": [9, 13], "uv_size": [0.5, 0.5]},
								"up": {"uv": [13, 9], "uv_size": [0.5, 0.5]}
							}
						},
						{
							"origin": [-0.6125, 0.4125, -2.124],
							"size": [0.3044, 0.15, 0.6865],
							"pivot": [-0.6125, 0.5625, -2.125],
							"rotation": [0, 0, -34],
							"uv": {
								"north": {"uv": [1, 9], "uv_size": [0.5, 0.5]},
								"south": {"uv": [9, 1], "uv_size": [0.5, 0.5]},
								"up": {"uv": [2, 8.75], "uv_size": [0.5, 0.75]}
							}
						},
						{
							"origin": [0.3081, 0.4125, -2.124],
							"size": [0.3044, 0.15, 0.6865],
							"pivot": [0.6125, 0.5625, -2.125],
							"rotation": [0, 0, 34],
							"uv": {
								"north": {"uv": [13, 14], "uv_size": [0.5, 0.5]},
								"south": {"uv": [14, 13], "uv_size": [0.5, 0.5]},
								"up": {"uv": [14, 13.75], "uv_size": [0.5, 0.75]}
							}
						},
						{
							"origin": [-0.43439, 0.29689, -2.1275],
							"size": [0.15, 0.15, 0.0025],
							"pivot": [-0.43439, 0.44689, -2.125],
							"rotation": [0, 0, 45],
							"uv": {
								"north": {"uv": [12, 16], "uv_size": [1.5, 1.5]}
							}
						},
						{
							"origin": [0.43439, 0.29689, -2.1275],
							"size": [0.15, 0.15, 0.0025],
							"pivot": [0.43439, 0.44689, -2.125],
							"rotation": [0, 0, 45],
							"uv": {
								"north": {"uv": [12, 16], "uv_size": [1.5, 1.5]}
							}
						},
						{
							"origin": [-0.6125, 0.4375, -1.4375],
							"size": [0.075, 0.125, 0.375],
							"pivot": [-0.6125, 0.5625, -1.375],
							"rotation": [0, 0, -34],
							"uv": {
								"south": {"uv": [3, 13], "uv_size": [0.5, 0.5]},
								"up": {"uv": [4, 13], "uv_size": [0.5, 0.5]}
							}
						},
						{
							"origin": [-0.575, 0.4125, -1.525],
							"size": [0.1375, 0.15, 0.225],
							"pivot": [-0.6125, 0.5625, -1.375],
							"rotation": [0, -24, -34],
							"uv": {
								"west": {"uv": [13, 4], "uv_size": [0.5, 0.5]},
								"up": {"uv": [5, 13], "uv_size": [0.5, 0.5]}
							}
						},
						{
							"origin": [-0.5, 0.4375, -1.3],
							"size": [0.0625, 0.125, 0.1375],
							"pivot": [-0.6125, 0.5625, -1.375],
							"rotation": [0, -24, -34],
							"uv": {
								"west": {"uv": [13, 5], "uv_size": [0.5, 0.5]},
								"up": {"uv": [6, 13], "uv_size": [0.5, 0.5]}
							}
						},
						{
							"origin": [0.4375, 0.4125, -1.525],
							"size": [0.1375, 0.15, 0.225],
							"pivot": [0.6125, 0.5625, -1.375],
							"rotation": [0, 24, 34],
							"uv": {
								"east": {"uv": [13, 12], "uv_size": [0.5, 0.5]},
								"up": {"uv": [13, 13], "uv_size": [0.5, 0.5]}
							}
						},
						{
							"origin": [0.4375, 0.4375, -1.3],
							"size": [0.0625, 0.125, 0.1375],
							"pivot": [0.6125, 0.5625, -1.375],
							"rotation": [0, 24, 34],
							"uv": {
								"east": {"uv": [13, 11], "uv_size": [0.5, 0.5]},
								"up": {"uv": [12, 13], "uv_size": [0.5, 0.5]}
							}
						},
						{
							"origin": [0.5375, 0.4375, -1.4375],
							"size": [0.075, 0.125, 0.375],
							"pivot": [0.6125, 0.5625, -1.375],
							"rotation": [0, 0, 34],
							"uv": {
								"south": {"uv": [13, 10], "uv_size": [0.5, 0.5]},
								"up": {"uv": [11, 13], "uv_size": [0.5, 0.5]}
							}
						},
						{
							"origin": [-0.6125, 0.5625, -0.0625],
							"size": [1.225, 0.04194, 0.1875],
							"uv": {
								"north": {"uv": [2, 6], "uv_size": [1, 0.5]},
								"east": {"uv": [9, 2], "uv_size": [0.5, 0.5]},
								"west": {"uv": [3, 9], "uv_size": [0.5, 0.5]},
								"up": {"uv": [7, 0], "uv_size": [1, 0.5]}
							}
						},
						{
							"origin": [-0.55, 0.5625, -1.5],
							"size": [1.1, 0.04194, 0.625],
							"uv": {
								"east": {"uv": [3, 14], "uv_size": [0.5, 0.5]},
								"south": {"uv": [8, 1], "uv_size": [1, 0.5]},
								"west": {"uv": [14, 3], "uv_size": [0.5, 0.5]},
								"up": {"uv": [2, 8], "uv_size": [1, 0.5]}
							}
						},
						{
							"origin": [0.4375, 0.4875, -1.0625],
							"size": [0.11282, 0.11694, 1],
							"uv": {
								"east": {"uv": [7, 1], "uv_size": [1, 0.5]},
								"up": {"uv": [2, 7], "uv_size": [0.5, 1]}
							}
						},
						{
							"origin": [-0.55032, 0.4875, -1.0625],
							"size": [0.11282, 0.11694, 1],
							"uv": {
								"west": {"uv": [8, 4], "uv_size": [1, 0.5]},
								"up": {"uv": [5, 8], "uv_size": [0.5, 1]}
							}
						},
						{
							"origin": [-0.60581, 0.4875, -0.38639],
							"size": [0.18103, 0.1169, 0.45647],
							"pivot": [-0.39331, 0.8, -0.31742],
							"rotation": [0, 45, 0],
							"uv": {
								"west": {"uv": [9, 3], "uv_size": [0.5, 0.5]},
								"up": {"uv": [4, 9], "uv_size": [0.5, 0.5]}
							}
						},
						{
							"origin": [0.42478, 0.4875, -0.38639],
							"size": [0.18103, 0.1169, 0.45647],
							"pivot": [0.39331, 0.8, -0.31742],
							"rotation": [0, -45, 0],
							"uv": {
								"east": {"uv": [0, 14], "uv_size": [0.5, 0.5]},
								"up": {"uv": [14, 0], "uv_size": [0.5, 0.5]}
							}
						},
						{
							"origin": [0.42478, 0.4875, -1.00758],
							"size": [0.18103, 0.11694, 0.45647],
							"pivot": [0.39331, 0.8, -0.62008],
							"rotation": [0, 45, 0],
							"uv": {
								"east": {"uv": [2, 14], "uv_size": [0.5, 0.5]},
								"up": {"uv": [14, 2], "uv_size": [0.5, 0.5]}
							}
						},
						{
							"origin": [-0.60581, 0.4875, -1.00758],
							"size": [0.18103, 0.11694, 0.45647],
							"pivot": [-0.39331, 0.8, -0.62008],
							"rotation": [0, -45, 0],
							"uv": {
								"west": {"uv": [1, 14], "uv_size": [0.5, 0.5]},
								"up": {"uv": [14, 1], "uv_size": [0.5, 0.5]}
							}
						},
						{
							"origin": [-0.27195, 0.125, 0.125],
							"size": [0.5439, 0.47944, 0.0755],
							"uv": {
								"south": {"uv": [9, 4], "uv_size": [0.5, 0.5]},
								"up": {"uv": [5, 9], "uv_size": [0.5, 0.5]},
								"down": {"uv": [9, 5.5], "uv_size": [0.5, -0.5]}
							}
						},
						{
							"origin": [0.26369, 0.125, 0.02668],
							"size": [0.34881, 0.47844, 0.09832],
							"pivot": [0.6125, 0.125, 0.125],
							"rotation": [0, 12.5, 0],
							"uv": {
								"south": {"uv": [6, 9], "uv_size": [0.5, 0.5]},
								"up": {"uv": [9, 6], "uv_size": [0.5, 0.5]},
								"down": {"uv": [7, 9.5], "uv_size": [0.5, -0.5]}
							}
						},
						{
							"origin": [0.66662, 1.27019, -0.5875],
							"size": [0.075, 0.15, 0.501],
							"pivot": [0.74162, 1.27019, -0.0875],
							"rotation": [0, 0, -30],
							"uv": {
								"east": {"uv": [6, 12], "uv_size": [0.5, 0.5]},
								"south": {"uv": [12, 6], "uv_size": [0.5, 0.5]},
								"west": {"uv": [7, 12], "uv_size": [0.5, 0.5]}
							}
						},
						{
							"origin": [-0.6115, 0.325, -0.3125],
							"size": [1.223, 0.3125, 0.4375],
							"uv": {}
						},
						{
							"origin": [0.66662, 0.81769, -0.6625],
							"size": [0.075, 0.4525, 0.575],
							"uv": {
								"east": {"uv": [5, 12], "uv_size": [0.5, 0.5]},
								"west": {"uv": [12, 5], "uv_size": [0.5, 0.5]}
							}
						},
						{
							"origin": [0.66662, 0.76029, -0.175],
							"size": [0.075, 0.5099, 0.0875],
							"pivot": [0.74162, 1.27019, -0.0875],
							"rotation": [11.30994, 0, 0],
							"uv": {
								"east": {"uv": [12, 3], "uv_size": [0.5, 0.5]},
								"south": {"uv": [4, 12], "uv_size": [0.5, 0.5]},
								"west": {"uv": [12, 4], "uv_size": [0.5, 0.5]}
							}
						},
						{
							"origin": [0.66662, 1.27019, -0.6625],
							"size": [0.075, 0.1677, 0.0193],
							"pivot": [0.74162, 1.27019, -0.6625],
							"rotation": [-26.56503, 0.00001, -30],
							"uv": {
								"north": {"uv": [2, 12], "uv_size": [0.5, 0.5]},
								"east": {"uv": [12, 2], "uv_size": [0.5, 0.5]},
								"west": {"uv": [3, 12], "uv_size": [0.5, 0.5]}
							}
						},
						{
							"origin": [0.66662, 0.81769, -0.775],
							"size": [0.075, 0.265, 0.125],
							"uv": {
								"east": {"uv": [1, 12], "uv_size": [0.5, 0.5]},
								"west": {"uv": [12, 1], "uv_size": [0.5, 0.5]}
							}
						},
						{
							"origin": [0.66662, 0.81769, -0.8625],
							"size": [0.075, 0.115, 0.1],
							"uv": {
								"east": {"uv": [0, 12], "uv_size": [0.5, 0.5]},
								"west": {"uv": [12, 0], "uv_size": [0.5, 0.5]}
							}
						},
						{
							"origin": [0.66662, 0.77019, -0.9375],
							"size": [0.075, 0.06, 0.9375],
							"uv": {
								"east": {"uv": [7, 7], "uv_size": [1, 0.5]},
								"west": {"uv": [0, 8], "uv_size": [1, 0.5]}
							}
						},
						{
							"origin": [0.66662, 0.68056, -0.6625],
							"size": [0.075, 0.58963, 0.0318],
							"pivot": [0.74162, 1.27019, -0.6625],
							"rotation": [-32.00538, 0, 0],
							"uv": {
								"north": {"uv": [10, 11], "uv_size": [0.5, 1]},
								"east": {"uv": [11, 10], "uv_size": [0.5, 0.5]},
								"west": {"uv": [11, 11], "uv_size": [0.5, 0.5]}
							}
						},
						{
							"origin": [-0.66662, 1.40009, -0.5875],
							"size": [0.0625, 0.225, 0.5],
							"pivot": [-0.66662, 1.40009, -0.5875],
							"rotation": [0, 0, 70],
							"uv": {
								"north": {"uv": [8, 11], "uv_size": [0.5, 0.5]},
								"east": {"uv": [11, 8], "uv_size": [0.5, 0.5]},
								"south": {"uv": [9, 11], "uv_size": [0.5, 0.5]},
								"west": {"uv": [11, 9], "uv_size": [0.5, 0.5]}
							}
						},
						{
							"origin": [0.60412, 1.40009, -0.5875],
							"size": [0.0625, 0.225, 0.5],
							"pivot": [0.66662, 1.40009, -0.5875],
							"rotation": [0, 0, -70],
							"uv": {
								"north": {"uv": [1, 13], "uv_size": [0.5, 0.5]},
								"east": {"uv": [13, 1], "uv_size": [0.5, 0.5]},
								"south": {"uv": [2, 13], "uv_size": [0.5, 0.5]},
								"west": {"uv": [13, 2], "uv_size": [0.5, 0.5]}
							}
						},
						{
							"origin": [0.39269, 1.47705, -0.5875],
							"size": [0.0625, 0.275, 0.5],
							"pivot": [0.45519, 1.47705, -0.5875],
							"rotation": [0, 0, -82],
							"uv": {
								"north": {"uv": [12, 11], "uv_size": [0.5, 0.5]},
								"east": {"uv": [12, 12], "uv_size": [0.5, 0.5]},
								"south": {"uv": [0, 13], "uv_size": [0.5, 0.5]},
								"west": {"uv": [13, 0], "uv_size": [0.5, 0.5]}
							}
						},
						{
							"origin": [0.66662, 0.76446, -0.63173],
							"size": [0.075, 0.50212, 0.0693],
							"pivot": [0.74162, 1.26658, -0.65673],
							"rotation": [-32.00538, 0, 0],
							"uv": {
								"east": {"uv": [7, 11], "uv_size": [0.5, 0.5]},
								"west": {"uv": [11, 7], "uv_size": [0.5, 0.5]}
							}
						},
						{
							"origin": [0.66662, 1.27019, -0.6425],
							"size": [0.075, 0.0375, 0.055],
							"pivot": [0.74162, 1.27019, -0.105],
							"rotation": [0, 0, -30],
							"uv": {
								"east": {"uv": [6, 11], "uv_size": [0.5, 0.5]},
								"west": {"uv": [11, 6], "uv_size": [0.5, 0.5]}
							}
						},
						{
							"origin": [0.66662, 1.32019, -0.6432],
							"size": [0.075, 0.0802, 0.0375],
							"pivot": [0.74162, 1.27019, -0.6625],
							"rotation": [-26.56503, 0.00001, -30],
							"uv": {
								"east": {"uv": [5, 11], "uv_size": [0.5, 0.5]},
								"west": {"uv": [11, 5], "uv_size": [0.5, 0.5]}
							}
						},
						{
							"origin": [-0.6125, 0.125, 0.02668],
							"size": [0.34881, 0.47844, 0.09832],
							"pivot": [-0.6125, 0.125, 0.125],
							"rotation": [0, -12.5, 0],
							"uv": {
								"south": {"uv": [9, 7], "uv_size": [0.5, 0.5]},
								"up": {"uv": [8, 9], "uv_size": [0.5, 0.5]},
								"down": {"uv": [9, 8.5], "uv_size": [0.5, -0.5]}
							}
						},
						{
							"origin": [-0.625, 0.04757, -1.2792],
							"size": [1.25, 0.2, 0.2],
							"pivot": [0, -0.35243, -1.6792],
							"rotation": [45, 0, 0],
							"uv": {
								"east": {"uv": [0, 0], "uv_size": [0.2, 0.2]},
								"west": {"uv": [0, 0], "uv_size": [0.2, 0.2]}
							}
						}
					]
				},
				{
					"name": "base",
					"parent": "scope_body",
					"pivot": [0, 0, 0.125],
					"rotation": [0, 180, 0],
					"cubes": [
						{
							"origin": [-0.6125, 0.0125, 0.125],
							"size": [1.225, 0.1125, 2.25],
							"uv": {
								"north": {"uv": [7, 2], "uv_size": [1, 0.5]},
								"east": {"uv": [2, 2], "uv_size": [2.5, 0.5]},
								"south": {"uv": [3, 7], "uv_size": [1, 0.5]},
								"west": {"uv": [0, 3], "uv_size": [2.5, 0.5]},
								"down": {"uv": [1, 2.5], "uv_size": [1, -2.5]}
							}
						},
						{
							"origin": [0.3625, -0.275, 0.125],
							"size": [0.25, 0.2875, 2.25],
							"uv": {
								"north": {"uv": [9, 9], "uv_size": [0.5, 0.5]},
								"east": {"uv": [3, 3], "uv_size": [2.5, 0.5]},
								"south": {"uv": [0, 10], "uv_size": [0.5, 0.5]},
								"west": {"uv": [0, 4], "uv_size": [2.5, 0.5]},
								"down": {"uv": [3, 6.5], "uv_size": [0.5, -2.5]}
							}
						},
						{
							"origin": [-0.7375, -0.275, 1.375],
							"size": [0.375, 0.4, 0.775],
							"uv": {
								"north": {"uv": [4, 14], "uv_size": [0.5, 0.5]},
								"east": {"uv": [8, 2], "uv_size": [1, 0.5]},
								"south": {"uv": [14, 4], "uv_size": [0.5, 0.5]},
								"west": {"uv": [3, 8], "uv_size": [1, 0.5]},
								"up": {"uv": [8, 3], "uv_size": [0.5, 1]},
								"down": {"uv": [4, 9], "uv_size": [0.5, -1]}
							}
						},
						{
							"origin": [0.6125, -0.275, 1.65],
							"size": [0.2, 0.4, 0.325],
							"uv": {
								"west": {"uv": [5, 14], "uv_size": [0.5, 0.5]},
								"up": {"uv": [14, 5], "uv_size": [0.5, 0.5]},
								"down": {"uv": [6, 14.5], "uv_size": [0.5, -0.5]}
							}
						},
						{
							"origin": [0.6125, -0.275, 1.975],
							"size": [0.2, 0.4, 0.325],
							"pivot": [0.8125, 0.125, 1.975],
							"rotation": [0, -45, 0],
							"uv": {
								"west": {"uv": [14, 6], "uv_size": [0.5, 0.5]},
								"up": {"uv": [7, 14], "uv_size": [0.5, 0.5]},
								"down": {"uv": [14, 7.5], "uv_size": [0.5, -0.5]}
							}
						},
						{
							"origin": [0.6125, -0.275, 1.325],
							"size": [0.2, 0.4, 0.325],
							"pivot": [0.8125, 0.125, 1.65],
							"rotation": [0, 45, 0],
							"uv": {
								"west": {"uv": [8, 14], "uv_size": [0.5, 0.5]},
								"up": {"uv": [14, 8], "uv_size": [0.5, 0.5]},
								"down": {"uv": [9, 14.5], "uv_size": [0.5, -0.5]}
							}
						},
						{
							"origin": [-0.95, -0.06428, 1.50447],
							"size": [1.325, 0.1875, 0.1875],
							"pivot": [-0.625, 0.20625, 1.775],
							"rotation": [45, 0, 0],
							"uv": {
								"north": {"uv": [5, 2], "uv_size": [1.5, 0.5]},
								"east": {"uv": [10, 0], "uv_size": [0.5, 0.5]},
								"south": {"uv": [4, 5], "uv_size": [1.5, 0.5]},
								"up": {"uv": [5, 4], "uv_size": [1.5, 0.5]},
								"down": {"uv": [0, 6.5], "uv_size": [1.5, -0.5]}
							}
						}
					]
				},
				{
					"name": "scope_view",
					"pivot": [0, 1.025, 7.5]
				},
				{
					"name": "division",
					"pivot": [0, 1.025, -50]
				},
				{
					"name": "division_illuminated",
					"parent": "division",
					"pivot": [0, 1.025, -50],
					"cubes": [
						{
							"origin": [-0.1945, 0.75, -50],
							"size": [0.389, 0.55, 0],
							"pivot": [0, 1.025, -50],
							"rotation": [45, 0, 0],
							"uv": {
								"south": {"uv": [16, 0], "uv_size": [16, 16]}
							}
						}
					]
				},
				{
					"name": "ocular",
					"pivot": [0.00746, 1.02501, -1.22188],
					"rotation": [32, 0, 0],
					"cubes": [
						{
							"origin": [-0.65754, 0.77844, -1.22236],
							"size": [1.33, 0.46907, 0.00095],
							"uv": {
								"south": {"uv": [6, 3], "uv_size": [1.5, 0.5]}
							}
						},
						{
							"origin": [-0.46012, 0.53501, -1.22236],
							"size": [0.93516, 0.98422, 0.00095],
							"uv": {
								"south": {"uv": [4, 4], "uv_size": [1, 1]}
							}
						},
						{
							"origin": [0.33659, 1.01001, -1.22236],
							"size": [0.33587, 0.2375, 0.00095],
							"pivot": [0.67246, 1.24751, -1.22141],
							"rotation": [0, 0, 54],
							"uv": {
								"south": {"uv": [10, 1], "uv_size": [0.5, 0.5]}
							}
						},
						{
							"origin": [0.33659, 0.47563, -1.22236],
							"size": [0.33587, 0.29688, 0.00095],
							"pivot": [0.67246, 0.77251, -1.22141],
							"rotation": [0, 0, 33.5],
							"uv": {
								"south": {"uv": [15, 2], "uv_size": [0.5, 0.5]}
							}
						},
						{
							"origin": [-0.65754, 1.01001, -1.22236],
							"size": [0.33587, 0.2375, 0.00095],
							"pivot": [-0.65754, 1.24751, -1.22141],
							"rotation": [0, 0, -54],
							"uv": {
								"south": {"uv": [2, 15], "uv_size": [0.5, 0.5]}
							}
						},
						{
							"origin": [-0.65754, 0.47563, -1.22236],
							"size": [0.33587, 0.29688, 0.00095],
							"pivot": [-0.65754, 0.77251, -1.22141],
							"rotation": [0, 0, -33.5],
							"uv": {
								"south": {"uv": [3, 15], "uv_size": [0.5, 0.5]}
							}
						}
					]
				}
			]
		}
	]
}