{
	"format_version": "1.12.0",
	"minecraft:geometry": [
		{
			"description": {
				"identifier": "geometry.unknown",
				"texture_width": 32,
				"texture_height": 32,
				"visible_bounds_width": 8,
				"visible_bounds_height": 1.5,
				"visible_bounds_offset": [0, 0.25, 0]
			},
			"bones": [
				{
					"name": "scope_body",
					"pivot": [0, 0, 0],
					"cubes": [
						{
							"origin": [-1.0875, 0, -3.25],
							"size": [2.175, 0.2375, 3.6125],
							"uv": {
								"north": {"uv": [14, 6], "uv_size": [2, 0.5]},
								"east": {"uv": [9, 8], "uv_size": [3.5, 0.5]},
								"south": {"uv": [7, 14], "uv_size": [2, 0.5]},
								"west": {"uv": [9, 9], "uv_size": [3.5, 0.5]},
								"up": {"uv": [0, 0], "uv_size": [2, 3.5]},
								"down": {"uv": [2, 3.5], "uv_size": [2, -3.5]}
							}
						},
						{
							"origin": [-0.825, 0.21875, -0.60625],
							"size": [1.65, 1.275, 0.1],
							"uv": {
								"north": {"uv": [3, 7], "uv_size": [1.5, 1.5]},
								"east": {"uv": [6, 18], "uv_size": [0.5, 1.5]},
								"south": {"uv": [8, 0], "uv_size": [1.5, 1.5]},
								"west": {"uv": [7, 18], "uv_size": [0.5, 1.5]}
							}
						},
						{
							"origin": [-0.825, 1.49375, -0.60625],
							"size": [1.65, 0.48614, 0.1],
							"pivot": [0.825, 1.49375, -0.50625],
							"rotation": [45, 0, 0],
							"uv": {
								"north": {"uv": [18, 3], "uv_size": [1.5, 0.5]},
								"east": {"uv": [23, 8], "uv_size": [0.5, 0.5]},
								"south": {"uv": [18, 8], "uv_size": [1.5, 0.5]},
								"west": {"uv": [9, 23], "uv_size": [0.5, 0.5]}
							}
						},
						{
							"origin": [-0.825, 0.30625, -0.59375],
							"size": [1.65, 2.8875, 0.1],
							"pivot": [0, 0.89375, -1.4375],
							"rotation": [90, 0, 0],
							"uv": {
								"north": {"uv": [0, 4], "uv_size": [1.5, 3]},
								"east": {"uv": [5, 10], "uv_size": [0.5, 3]},
								"south": {"uv": [4, 0], "uv_size": [1.5, 3]},
								"west": {"uv": [6, 10], "uv_size": [0.5, 3]}
							}
						},
						{
							"origin": [-0.825, 3.14375, -0.78125],
							"size": [1.65, 0.1, 0.2125],
							"pivot": [0, 0.90625, -1.5],
							"rotation": [90, 0, 0],
							"uv": {
								"north": {"uv": [18, 9], "uv_size": [1.5, 0.5]},
								"east": {"uv": [23, 9], "uv_size": [0.5, 0.5]},
								"south": {"uv": [10, 18], "uv_size": [1.5, 0.5]},
								"west": {"uv": [10, 23], "uv_size": [0.5, 0.5]},
								"up": {"uv": [18, 10], "uv_size": [1.5, 0.5]},
								"down": {"uv": [18, 11.5], "uv_size": [1.5, -0.5]}
							}
						},
						{
							"origin": [-0.9375, 1.5875, -3.7375],
							"size": [1.875, 0.15, 0.425],
							"uv": {
								"north": {"uv": [0, 17], "uv_size": [2, 0.5]},
								"south": {"uv": [17, 0], "uv_size": [2, 0.5]},
								"up": {"uv": [17, 1], "uv_size": [2, 0.5]},
								"down": {"uv": [17, 2.5], "uv_size": [2, -0.5]}
							}
						},
						{
							"origin": [0.925, 0.2375, -1],
							"size": [0.1615, 0.2875, 1.3625],
							"uv": {
								"north": {"uv": [9, 20], "uv_size": [0.5, 0.5]},
								"east": {"uv": [17, 4], "uv_size": [1.5, 0.5]},
								"south": {"uv": [20, 9], "uv_size": [0.5, 0.5]},
								"west": {"uv": [17, 5], "uv_size": [1.5, 0.5]}
							}
						},
						{
							"origin": [0.925, 1.175, -3.7375],
							"size": [0.1625, 0.4125, 2.45],
							"uv": {
								"north": {"uv": [10, 20], "uv_size": [0.5, 0.5]},
								"east": {"uv": [11, 3], "uv_size": [2.5, 0.5]},
								"south": {"uv": [20, 10], "uv_size": [0.5, 0.5]},
								"west": {"uv": [11, 4], "uv_size": [2.5, 0.5]},
								"down": {"uv": [3, 13.5], "uv_size": [0.5, -2.5]}
							}
						},
						{
							"origin": [0.9226, 1.5875, -3.7375],
							"size": [0.1649, 0.21213, 2.45],
							"pivot": [1.0875, 1.5875, -1.2875],
							"rotation": [0, 0, -45],
							"uv": {
								"north": {"uv": [23, 6], "uv_size": [0.5, 0.5]},
								"east": {"uv": [13, 13], "uv_size": [2.5, 0.5]},
								"south": {"uv": [7, 23], "uv_size": [0.5, 0.5]},
								"west": {"uv": [14, 0], "uv_size": [2.5, 0.5]},
								"up": {"uv": [14, 1], "uv_size": [0.5, 2.5]}
							}
						},
						{
							"origin": [-1.0875, 1.5875, -3.7375],
							"size": [0.1649, 0.21213, 2.45],
							"pivot": [-1.0875, 1.5875, -1.2875],
							"rotation": [0, 0, 45],
							"uv": {
								"north": {"uv": [23, 7], "uv_size": [0.5, 0.5]},
								"east": {"uv": [14, 4], "uv_size": [2.5, 0.5]},
								"south": {"uv": [8, 23], "uv_size": [0.5, 0.5]},
								"west": {"uv": [14, 5], "uv_size": [2.5, 0.5]},
								"up": {"uv": [3, 14], "uv_size": [0.5, 2.5]}
							}
						},
						{
							"origin": [0.925, 0.95, -3.7375],
							"size": [0.1625, 0.225, 0.3375],
							"uv": {
								"north": {"uv": [11, 20], "uv_size": [0.5, 0.5]},
								"east": {"uv": [20, 11], "uv_size": [0.5, 0.5]},
								"west": {"uv": [12, 20], "uv_size": [0.5, 0.5]}
							}
						},
						{
							"origin": [0.925, 0.2375, -3.25],
							"size": [0.1625, 0.9375, 0.7625],
							"uv": {
								"east": {"uv": [4, 3], "uv_size": [1, 1]},
								"south": {"uv": [19, 2], "uv_size": [0.5, 1]},
								"west": {"uv": [2, 15], "uv_size": [1, 1]}
							}
						},
						{
							"origin": [0.925, 0.15, -3.25],
							"size": [0.1625, 0.95081, 0.55],
							"pivot": [1.0875, 0.2375, -3.25],
							"rotation": [34.38035, 0, 0],
							"uv": {
								"north": {"uv": [3, 19], "uv_size": [0.5, 1]},
								"east": {"uv": [19, 4], "uv_size": [0.5, 1]},
								"west": {"uv": [19, 5], "uv_size": [0.5, 1]}
							}
						},
						{
							"origin": [0.925, 0.2, -1.1625],
							"size": [0.1625, 0.23831, 0.2],
							"pivot": [1.0875, 0.2, -1.1625],
							"rotation": [-45, 0, 0],
							"uv": {
								"north": {"uv": [20, 12], "uv_size": [0.5, 0.5]},
								"east": {"uv": [13, 20], "uv_size": [0.5, 0.5]},
								"west": {"uv": [20, 13], "uv_size": [0.5, 0.5]}
							}
						},
						{
							"origin": [0.925, 0.2625, -2.625],
							"size": [0.1625, 0.17581, 0.25],
							"pivot": [1.0875, 0.2625, -2.625],
							"rotation": [-45, 0, 0],
							"uv": {
								"east": {"uv": [14, 20], "uv_size": [0.5, 0.5]},
								"west": {"uv": [20, 14], "uv_size": [0.5, 0.5]},
								"up": {"uv": [15, 20], "uv_size": [0.5, 0.5]}
							}
						},
						{
							"origin": [0.925, 1.175, -2.6375],
							"size": [0.1625, 0.30081, 0.2],
							"pivot": [1.0875, 1.175, -2.6375],
							"rotation": [-45, 0, 0],
							"uv": {
								"east": {"uv": [20, 15], "uv_size": [0.5, 0.5]},
								"south": {"uv": [16, 20], "uv_size": [0.5, 0.5]},
								"west": {"uv": [20, 16], "uv_size": [0.5, 0.5]}
							}
						},
						{
							"origin": [0.925, 0.125, -1.75],
							"size": [0.1625, 0.4, 2.1125],
							"pivot": [1.0875, 0.525, 0.3625],
							"rotation": [-22.5, 0, 0],
							"uv": {
								"east": {"uv": [9, 14], "uv_size": [2, 0.5]},
								"west": {"uv": [11, 14], "uv_size": [2, 0.5]},
								"up": {"uv": [13, 14], "uv_size": [0.5, 2]}
							}
						},
						{
							"origin": [0.925, 0.525, -2.3],
							"size": [0.1615, 0.25, 1.8],
							"pivot": [1.0875, 0.525, -1],
							"rotation": [-30, 0, 0],
							"uv": {
								"east": {"uv": [14, 14], "uv_size": [2, 0.5]},
								"west": {"uv": [0, 15], "uv_size": [2, 0.5]},
								"down": {"uv": [15, 3], "uv_size": [0.5, -2]}
							}
						},
						{
							"origin": [-1.0865, 0.2375, -1],
							"size": [0.1615, 0.2875, 1.3625],
							"uv": {
								"north": {"uv": [21, 3], "uv_size": [0.5, 0.5]},
								"east": {"uv": [17, 6], "uv_size": [1.3125, 0.5]},
								"south": {"uv": [4, 21], "uv_size": [0.5, 0.5]},
								"west": {"uv": [17, 7], "uv_size": [1.5, 0.5]}
							}
						},
						{
							"origin": [-1.0875, 0.125, -1.75],
							"size": [0.1625, 0.4, 2.1125],
							"pivot": [-1.0875, 0.525, 0.3625],
							"rotation": [-22.5, 0, 0],
							"uv": {
								"east": {"uv": [14, 15], "uv_size": [2, 0.5]},
								"west": {"uv": [0, 16], "uv_size": [2, 0.5]},
								"up": {"uv": [16, 1], "uv_size": [0.5, 2]}
							}
						},
						{
							"origin": [-1.0865, 0.525, -2.3],
							"size": [0.1615, 0.25, 1.8],
							"pivot": [-1.0875, 0.525, -1],
							"rotation": [-30, 0, 0],
							"uv": {
								"east": {"uv": [8, 15], "uv_size": [2, 0.5]},
								"west": {"uv": [10, 15], "uv_size": [2, 0.5]},
								"down": {"uv": [12, 17], "uv_size": [0.5, -2]}
							}
						},
						{
							"origin": [-1.0875, 1.175, -3.7375],
							"size": [0.1625, 0.4125, 2.45],
							"uv": {
								"north": {"uv": [21, 2], "uv_size": [0.5, 0.5]},
								"east": {"uv": [11, 5], "uv_size": [2.5, 0.5]},
								"south": {"uv": [3, 21], "uv_size": [0.5, 0.5]},
								"west": {"uv": [11, 6], "uv_size": [2.5, 0.5]},
								"up": {"uv": [7, 11], "uv_size": [0.5, 2.5]},
								"down": {"uv": [8, 13.5], "uv_size": [0.5, -2.5]}
							}
						},
						{
							"origin": [-1.0875, 0.2375, -3.25],
							"size": [0.1625, 0.9375, 0.7625],
							"uv": {
								"east": {"uv": [15, 3], "uv_size": [1, 1]},
								"south": {"uv": [10, 19], "uv_size": [0.5, 1]},
								"west": {"uv": [7, 15], "uv_size": [1, 1]}
							}
						},
						{
							"origin": [-1.0865, 0.15, -3.25],
							"size": [0.1615, 0.95081, 0.55],
							"pivot": [-1.0875, 0.2375, -3.25],
							"rotation": [34.38035, 0, 0],
							"uv": {
								"north": {"uv": [19, 6], "uv_size": [0.5, 1]},
								"east": {"uv": [19, 7], "uv_size": [0.5, 1]},
								"west": {"uv": [8, 19], "uv_size": [0.5, 1]}
							}
						},
						{
							"origin": [-1.0875, 0.95, -3.7375],
							"size": [0.1625, 0.225, 0.3375],
							"uv": {
								"north": {"uv": [1, 21], "uv_size": [0.5, 0.5]},
								"east": {"uv": [21, 1], "uv_size": [0.5, 0.5]},
								"west": {"uv": [2, 21], "uv_size": [0.5, 0.5]}
							}
						},
						{
							"origin": [-1.0875, 0.2, -1.1625],
							"size": [0.1625, 0.23831, 0.2],
							"pivot": [-1.0875, 0.2, -1.1625],
							"rotation": [-45, 0, 0],
							"uv": {
								"north": {"uv": [20, 20], "uv_size": [0.5, 0.5]},
								"east": {"uv": [0, 21], "uv_size": [0.5, 0.5]},
								"west": {"uv": [21, 0], "uv_size": [0.5, 0.5]}
							}
						},
						{
							"origin": [-1.0875, 0.2625, -2.625],
							"size": [0.1625, 0.17581, 0.25],
							"pivot": [-1.0875, 0.2625, -2.625],
							"rotation": [-45, 0, 0],
							"uv": {
								"east": {"uv": [20, 18], "uv_size": [0.5, 0.5]},
								"west": {"uv": [19, 20], "uv_size": [0.5, 0.5]},
								"up": {"uv": [20, 19], "uv_size": [0.5, 0.5]}
							}
						},
						{
							"origin": [-1.0875, 1.175, -2.6375],
							"size": [0.1625, 0.30081, 0.2],
							"pivot": [-1.0875, 1.175, -2.6375],
							"rotation": [-45, 0, 0],
							"uv": {
								"east": {"uv": [17, 20], "uv_size": [0.5, 0.5]},
								"south": {"uv": [20, 17], "uv_size": [0.5, 0.5]},
								"west": {"uv": [18, 20], "uv_size": [0.5, 0.5]}
							}
						},
						{
							"origin": [-1.0875, -0.4375, -3.25],
							"size": [0.425, 0.4375, 3.6125],
							"uv": {
								"north": {"uv": [7, 20], "uv_size": [0.5, 0.5]},
								"east": {"uv": [0, 10], "uv_size": [3.5, 0.5]},
								"south": {"uv": [20, 7], "uv_size": [0.5, 0.5]},
								"west": {"uv": [10, 0], "uv_size": [3.5, 0.5]}
							}
						},
						{
							"origin": [0.6625, -0.4375, -3.25],
							"size": [0.425, 0.4375, 3.6125],
							"uv": {
								"north": {"uv": [8, 20], "uv_size": [0.5, 0.5]},
								"east": {"uv": [10, 1], "uv_size": [3.5, 0.5]},
								"south": {"uv": [20, 8], "uv_size": [0.5, 0.5]},
								"west": {"uv": [10, 2], "uv_size": [3.5, 0.5]}
							}
						},
						{
							"origin": [0.425, -0.6875, -3.25],
							"size": [0.2375, 0.675, 3.6125],
							"pivot": [0.6625, -0.4375, 0.3625],
							"rotation": [0, 0, 90],
							"uv": {
								"north": {"uv": [8, 20], "uv_size": [0.5, 0.5]},
								"east": {"uv": [10, 1], "uv_size": [3.5, 0.5]},
								"south": {"uv": [20, 8], "uv_size": [0.5, 0.5]},
								"west": {"uv": [10, 2], "uv_size": [3.5, 0.5]},
								"down": {"uv": [10, 6.5], "uv_size": [0.5, -3.5]}
							}
						},
						{
							"origin": [-0.6625, -0.6875, -3.25],
							"size": [0.2375, 0.675, 3.6125],
							"pivot": [-0.6625, -0.4375, 0.3625],
							"rotation": [0, 0, -90],
							"uv": {
								"north": {"uv": [8.5, 20], "uv_size": [-0.5, 0.5]},
								"east": {"uv": [13.5, 2], "uv_size": [-3.5, 0.5]},
								"south": {"uv": [20.5, 8], "uv_size": [-0.5, 0.5]},
								"west": {"uv": [13.5, 1], "uv_size": [-3.5, 0.5]},
								"down": {"uv": [10.5, 6.5], "uv_size": [-0.5, -3.5]}
							}
						},
						{
							"origin": [-1.58857, 3.54485, -2.53794],
							"size": [0.225, 0.225, 0.125],
							"pivot": [0.00001, 2.09288, -1.66294],
							"rotation": [90, -45, -90],
							"uv": {
								"north": {"uv": [19, 22], "uv_size": [0.5, 0.5]},
								"east": {"uv": [13, 16], "uv_size": [2, 0.5]},
								"west": {"uv": [16, 14], "uv_size": [2, 0.5]},
								"up": {"uv": [15, 16], "uv_size": [0.5, 2]},
								"down": {"uv": [16, 17], "uv_size": [0.5, -2]}
							}
						},
						{
							"origin": [-1.58857, 3.54485, -0.91294],
							"size": [0.225, 0.225, 0.125],
							"pivot": [0.00001, 2.09288, -1.66294],
							"rotation": [90, -45, -90],
							"uv": {
								"east": {"uv": [13, 16], "uv_size": [2, 0.5]},
								"south": {"uv": [22, 19], "uv_size": [0.5, 0.5]},
								"west": {"uv": [16, 14], "uv_size": [2, 0.5]},
								"up": {"uv": [15, 16], "uv_size": [0.5, 2]},
								"down": {"uv": [16, 17], "uv_size": [0.5, -2]}
							}
						},
						{
							"origin": [0.50001, 2.43038, -3.87544],
							"size": [0.6, 0.3, 0.125],
							"pivot": [0.81251, 2.58038, -3.81294],
							"rotation": [-89.99998, -87.5, 89.99998],
							"uv": {
								"north": {"uv": [2, 24], "uv_size": [0.5, 0.5]},
								"east": {"uv": [24, 2], "uv_size": [0.5, 0.5]},
								"west": {"uv": [3, 24], "uv_size": [0.5, 0.5]},
								"up": {"uv": [24, 3], "uv_size": [0.5, 0.5]},
								"down": {"uv": [4, 24.5], "uv_size": [0.5, -0.5]}
							}
						},
						{
							"origin": [0.35626, 2.08038, -3.84419],
							"size": [0.6375, 0.15, 0.0625],
							"pivot": [0.90626, 2.15538, -3.81294],
							"rotation": [0, -90, 0],
							"uv": {
								"north": {"uv": [23, 22], "uv_size": [0.5, 0.5]},
								"east": {"uv": [23, 23], "uv_size": [0.5, 0.5]},
								"south": {"uv": [0, 24], "uv_size": [0.5, 0.5]},
								"west": {"uv": [24, 0], "uv_size": [0.5, 0.5]},
								"up": {"uv": [1, 24], "uv_size": [0.5, 0.5]},
								"down": {"uv": [24, 1.5], "uv_size": [0.5, -0.5]}
							}
						},
						{
							"origin": [-1.30939, 3.22299, -2.53794],
							"size": [0.25, 0.25, 1.75],
							"pivot": [0.00001, 2.09288, -1.66294],
							"rotation": [90, -45, -90],
							"uv": {
								"north": {"uv": [18, 22], "uv_size": [0.5, 0.5]},
								"east": {"uv": [16, 10], "uv_size": [2, 0.5]},
								"south": {"uv": [22, 18], "uv_size": [0.5, 0.5]},
								"west": {"uv": [16, 11], "uv_size": [2, 0.5]},
								"up": {"uv": [11, 16], "uv_size": [0.5, 2]},
								"down": {"uv": [16, 14], "uv_size": [0.5, -2]}
							}
						}
					]
				},
				{
					"name": "group",
					"parent": "scope_body",
					"pivot": [-1.3125, 1.3375, -4.5375],
					"cubes": [
						{
							"origin": [-0.9125, 1.375, -3.474],
							"size": [0.15, 0.26517, 2.75],
							"pivot": [-0.9125, 1.375, -4.5365],
							"rotation": [0, 0, 45],
							"uv": {
								"north": {"uv": [23, 18], "uv_size": [0.5, 0.5]},
								"east": {"uv": [7, 10], "uv_size": [3, 0.5]},
								"south": {"uv": [19, 23], "uv_size": [0.5, 0.5]}
							}
						},
						{
							"origin": [-0.725, 0.2375, -3.474],
							"size": [1.45, 1.325, 2.749],
							"uv": {
								"north": {"uv": [8, 2], "uv_size": [1.5, 1.5]},
								"south": {"uv": [5, 8], "uv_size": [1.5, 1.5]},
								"up": {"uv": [5, 5], "uv_size": [1.5, 2.5]},
								"down": {"uv": [6, 2.5], "uv_size": [1.5, -2.5]}
							}
						},
						{
							"origin": [-0.9125, 0.425, -3.476],
							"size": [1.825, 0.95, 2.75],
							"uv": {
								"north": {"uv": [8, 4], "uv_size": [2, 1]},
								"east": {"uv": [2, 6], "uv_size": [3, 1]},
								"south": {"uv": [0, 9], "uv_size": [2, 1]},
								"west": {"uv": [0, 7], "uv_size": [3, 1]}
							}
						},
						{
							"origin": [-0.9125, 0.15983, -3.476],
							"size": [0.15, 0.26517, 2.75],
							"pivot": [-0.9125, 0.425, -4.5385],
							"rotation": [0, 0, -45],
							"uv": {
								"north": {"uv": [23, 19], "uv_size": [0.5, 0.5]},
								"east": {"uv": [10, 7], "uv_size": [3, 0.5]},
								"south": {"uv": [20, 23], "uv_size": [0.5, 0.5]}
							}
						},
						{
							"origin": [0.7625, 0.15983, -3.474],
							"size": [0.15, 0.26517, 2.75],
							"pivot": [0.9125, 0.425, -4.5365],
							"rotation": [0, 0, 45],
							"uv": {
								"north": {"uv": [23, 20], "uv_size": [0.5, 0.5]},
								"south": {"uv": [21, 23], "uv_size": [0.5, 0.5]},
								"west": {"uv": [10, 10], "uv_size": [3, 0.5]}
							}
						},
						{
							"origin": [0.7625, 1.375, -3.474],
							"size": [0.15, 0.26517, 2.75],
							"pivot": [0.9125, 1.375, -4.5365],
							"rotation": [0, 0, -45],
							"uv": {
								"north": {"uv": [23, 21], "uv_size": [0.5, 0.5]},
								"south": {"uv": [22, 23], "uv_size": [0.5, 0.5]},
								"west": {"uv": [0, 11], "uv_size": [3, 0.5]}
							}
						}
					]
				},
				{
					"name": "hexadecagon4",
					"parent": "scope_body",
					"pivot": [0.15913, 4.00299, -2.10609],
					"rotation": [6, 0, 0],
					"cubes": [
						{
							"origin": [-0.14978, 3.93073, -1.99741],
							"size": [0.29956, 0, 0.2475],
							"pivot": [0.14978, 3.93073, -1.74991],
							"rotation": [-9.5, 0, 0],
							"uv": {
								"down": {"uv": [24, 8.5], "uv_size": [0.5, -0.5]}
							}
						},
						{
							"origin": [0.11826, 3.82633, -2.08412],
							"size": [0.37039, 0, 0.2475],
							"pivot": [0.42615, 3.82633, -1.83662],
							"rotation": [-9.27735, 16.3563, 20.69389],
							"uv": {
								"down": {"uv": [9, 24.5], "uv_size": [0.5, -0.5]}
							}
						},
						{
							"origin": [0.3121, 3.64313, -2.23442],
							"size": [0.43289, 0, 0.235],
							"pivot": [0.63249, 3.64313, -1.99942],
							"rotation": [-8.31952, 30.54139, 41.60122],
							"uv": {
								"down": {"uv": [24, 9.5], "uv_size": [0.5, -0.5]}
							}
						},
						{
							"origin": [0.74409, 3.24579, -2.44927],
							"size": [0, 0.50788, 0.2225],
							"pivot": [0.74409, 3.40829, -2.22677],
							"rotation": [-41.29322, -4.09969, -21.8256],
							"uv": {
								"east": {"uv": [10, 24], "uv_size": [0.5, 0.5]}
							}
						},
						{
							"origin": [0.74409, 1.96717, -2.60281],
							"size": [-1.48818, 1.60723, 0.2225],
							"pivot": [0.00159, 3.306, -2.50406],
							"rotation": [-45, 0, 0],
							"uv": {
								"east": {"uv": [18, 15], "uv_size": [0.5, 1.5]},
								"west": {"uv": [18, 17], "uv_size": [0.5, 1.5]}
							}
						},
						{
							"origin": [-0.74409, 2.31537, -3.51719],
							"size": [1.48818, 0.0625, 0.26],
							"pivot": [0.74409, 2.37787, -3.25719],
							"rotation": [-15.83529, 0, 0],
							"uv": {
								"up": {"uv": [20.5, 0.5], "uv_size": [-1.5, -0.5]}
							}
						},
						{
							"origin": [-0.48865, 3.82633, -2.08412],
							"size": [0.37039, 0, 0.2475],
							"pivot": [-0.42615, 3.82633, -1.83662],
							"rotation": [-9.27735, -16.3563, -20.69389],
							"uv": {
								"down": {"uv": [24, 11.5], "uv_size": [0.5, -0.5]}
							}
						},
						{
							"origin": [-0.74499, 3.64313, -2.23442],
							"size": [0.43289, 0, 0.235],
							"pivot": [-0.63249, 3.64313, -1.99942],
							"rotation": [-8.31952, -30.54139, -41.60122],
							"uv": {
								"down": {"uv": [11, 24.5], "uv_size": [0.5, -0.5]}
							}
						},
						{
							"origin": [-0.74409, 3.24579, -2.44927],
							"size": [0, 0.50788, 0.2225],
							"pivot": [-0.74409, 3.40829, -2.22677],
							"rotation": [-41.29322, 4.09969, 21.8256],
							"uv": {
								"west": {"uv": [24, 10], "uv_size": [0.5, 0.5]}
							}
						}
					]
				},
				{
					"name": "hexagon",
					"parent": "scope_body",
					"pivot": [1.12505, 0.8125, -3.12504],
					"rotation": [0, -90, 0],
					"cubes": [
						{
							"origin": [0.98071, 0.5625, -3.18754],
							"size": [0.28868, 0.5, 0.125],
							"uv": {
								"north": {"uv": [6, 22], "uv_size": [0.5, 0.5]},
								"up": {"uv": [22, 6], "uv_size": [0.5, 0.5]},
								"down": {"uv": [7, 22.5], "uv_size": [0.5, -0.5]}
							}
						},
						{
							"origin": [1.34345, -0.81578, -3.18754],
							"size": [0.28868, 0.5, 0.125],
							"pivot": [2.50005, 0.4375, -1.68754],
							"rotation": [0, 0, 60],
							"uv": {
								"north": {"uv": [22, 7], "uv_size": [0.5, 0.5]},
								"up": {"uv": [8, 22], "uv_size": [0.5, 0.5]},
								"down": {"uv": [22, 8.5], "uv_size": [0.5, -0.5]}
							}
						},
						{
							"origin": [1.99297, 1.56578, -3.18754],
							"size": [0.28868, 0.5, 0.125],
							"pivot": [2.50005, 0.4375, -1.68754],
							"rotation": [0, 0, -60],
							"uv": {
								"north": {"uv": [9, 22], "uv_size": [0.5, 0.5]},
								"up": {"uv": [22, 9], "uv_size": [0.5, 0.5]},
								"down": {"uv": [10, 22.5], "uv_size": [0.5, -0.5]}
							}
						}
					]
				},
				{
					"name": "hexagon2",
					"parent": "scope_body",
					"pivot": [1.12505, 0.25, -0.00004],
					"rotation": [0, -90, 0],
					"cubes": [
						{
							"origin": [0.98071, 0, -0.06254],
							"size": [0.28868, 0.5, 0.125],
							"uv": {
								"north": {"uv": [22, 10], "uv_size": [0.5, 0.5]},
								"up": {"uv": [11, 22], "uv_size": [0.5, 0.5]},
								"down": {"uv": [22, 11.5], "uv_size": [0.5, -0.5]}
							}
						},
						{
							"origin": [1.34345, -1.37828, -0.06254],
							"size": [0.28868, 0.5, 0.125],
							"pivot": [2.50005, -0.125, 1.43746],
							"rotation": [0, 0, 60],
							"uv": {
								"north": {"uv": [12, 22], "uv_size": [0.5, 0.5]},
								"up": {"uv": [22, 12], "uv_size": [0.5, 0.5]},
								"down": {"uv": [13, 22.5], "uv_size": [0.5, -0.5]}
							}
						},
						{
							"origin": [1.99297, 1.00328, -0.06254],
							"size": [0.28868, 0.5, 0.125],
							"pivot": [2.50005, -0.125, 1.43746],
							"rotation": [0, 0, -60],
							"uv": {
								"north": {"uv": [22, 13], "uv_size": [0.5, 0.5]},
								"up": {"uv": [14, 22], "uv_size": [0.5, 0.5]},
								"down": {"uv": [22, 14.5], "uv_size": [0.5, -0.5]}
							}
						}
					]
				},
				{
					"name": "octagon1",
					"parent": "scope_body",
					"pivot": [0, 1.90625, -2.5],
					"cubes": [
						{
							"origin": [-0.25888, 1.5, -3.125],
							"size": [0.51776, 0.8115, 1.25],
							"pivot": [0, 2.125, -2.5],
							"rotation": [0, -45, 0],
							"uv": {
								"north": {"uv": [19, 12], "uv_size": [0.5, 1]},
								"south": {"uv": [19, 13], "uv_size": [0.5, 1]},
								"up": {"uv": [18, 12], "uv_size": [0.5, 1.5]}
							}
						},
						{
							"origin": [-0.25888, 1.5, -3.125],
							"size": [0.51776, 0.8115, 1.25],
							"uv": {
								"north": {"uv": [14, 19], "uv_size": [0.5, 1]},
								"south": {"uv": [15, 19], "uv_size": [0.5, 1]},
								"up": {"uv": [13, 18], "uv_size": [0.5, 1.5]}
							}
						},
						{
							"origin": [-0.625, 1.5, -2.75888],
							"size": [1.25, 0.8115, 0.51776],
							"pivot": [0, 2.125, -2.5],
							"rotation": [0, -45, 0],
							"uv": {
								"east": {"uv": [19, 15], "uv_size": [0.5, 1]},
								"west": {"uv": [16, 19], "uv_size": [0.5, 1]},
								"up": {"uv": [14, 18], "uv_size": [1.5, 0.5]}
							}
						},
						{
							"origin": [-0.625, 1.5, -2.75888],
							"size": [1.25, 0.8125, 0.51776],
							"uv": {
								"east": {"uv": [19, 16], "uv_size": [0.5, 1]},
								"west": {"uv": [17, 19], "uv_size": [0.5, 1]},
								"up": {"uv": [18, 14], "uv_size": [1.5, 0.5]}
							}
						}
					]
				},
				{
					"name": "ocular_ring1",
					"parent": "scope_body",
					"pivot": [0, -0.125, -1.5],
					"cubes": [
						{
							"origin": [-0.11249, 1.98038, -2.53794],
							"size": [0.225, 0.225, 1.75],
							"pivot": [0.00001, 2.09288, -1.66294],
							"rotation": [90, -45, -90],
							"uv": {
								"north": {"uv": [17, 22], "uv_size": [0.5, 0.5]},
								"east": {"uv": [16, 3], "uv_size": [2, 0.5]},
								"south": {"uv": [22, 17], "uv_size": [0.5, 0.5]},
								"west": {"uv": [8, 16], "uv_size": [2, 0.5]},
								"up": {"uv": [16, 8], "uv_size": [0.5, 2]},
								"down": {"uv": [10, 18], "uv_size": [0.5, -2]}
							}
						}
					]
				},
				{
					"name": "hexadecagon2",
					"parent": "ocular_ring1",
					"pivot": [0.15913, 4.01549, -1.69359],
					"rotation": [5.5, 0, 0],
					"cubes": [
						{
							"origin": [-0.15913, 3.96136, -1.79393],
							"size": [0.31826, 0.05, 0.125],
							"pivot": [0, 3.21136, 0.74357],
							"rotation": [0, 0, -45],
							"uv": {
								"south": {"uv": [8, 21], "uv_size": [0.5, 0.5]},
								"up": {"uv": [21, 8], "uv_size": [0.5, 0.5]},
								"down": {"uv": [9, 21.5], "uv_size": [0.5, -0.5]}
							}
						},
						{
							"origin": [-0.15913, 3.96136, -1.79393],
							"size": [0.31826, 0.05, 0.125],
							"pivot": [0, 3.21136, 0.74357],
							"rotation": [0, 0, -22.5],
							"uv": {
								"south": {"uv": [21, 9], "uv_size": [0.5, 0.5]},
								"up": {"uv": [10, 21], "uv_size": [0.5, 0.5]},
								"down": {"uv": [21, 10.5], "uv_size": [0.5, -0.5]}
							}
						},
						{
							"origin": [-0.15913, 3.96136, -1.79393],
							"size": [0.31826, 0.05, 0.125],
							"uv": {
								"south": {"uv": [11, 21], "uv_size": [0.5, 0.5]},
								"up": {"uv": [21, 11], "uv_size": [0.5, 0.5]},
								"down": {"uv": [12, 21.5], "uv_size": [0.5, -0.5]}
							}
						},
						{
							"origin": [-0.15913, 3.96136, -1.79393],
							"size": [0.31826, 0.05, 0.125],
							"pivot": [0, 3.21136, 0.74357],
							"rotation": [0, 0, 22.5],
							"uv": {
								"south": {"uv": [21, 12], "uv_size": [0.5, 0.5]},
								"up": {"uv": [13, 21], "uv_size": [0.5, 0.5]},
								"down": {"uv": [21, 13.5], "uv_size": [0.5, -0.5]}
							}
						},
						{
							"origin": [-0.15913, 3.96136, -1.79393],
							"size": [0.31826, 0.05, 0.125],
							"pivot": [0, 3.21136, 0.74357],
							"rotation": [0, 0, 45],
							"uv": {
								"south": {"uv": [14, 21], "uv_size": [0.5, 0.5]},
								"up": {"uv": [21, 14], "uv_size": [0.5, 0.5]},
								"down": {"uv": [15, 21.5], "uv_size": [0.5, -0.5]}
							}
						},
						{
							"origin": [0.75, 3.05223, -1.79393],
							"size": [0.05, 0.31826, 0.125],
							"pivot": [0, 3.21136, 0.74357],
							"rotation": [0, 0, -22.5],
							"uv": {
								"east": {"uv": [21, 15], "uv_size": [0.5, 0.5]},
								"south": {"uv": [16, 21], "uv_size": [0.5, 0.5]},
								"west": {"uv": [21, 16], "uv_size": [0.5, 0.5]}
							}
						},
						{
							"origin": [0.749, 2.05223, -1.91893],
							"size": [0.052, 1.31826, 0.25],
							"uv": {
								"east": {"uv": [3, 17], "uv_size": [0.5, 1.5]},
								"south": {"uv": [8, 17], "uv_size": [0.5, 1.28125]},
								"west": {"uv": [17, 8], "uv_size": [0.5, 1.28125]}
							}
						},
						{
							"origin": [-0.801, 2.05223, -1.91893],
							"size": [0.052, 1.31826, 0.25],
							"uv": {
								"east": {"uv": [9, 17], "uv_size": [0.5, 1.28125]},
								"south": {"uv": [12, 17], "uv_size": [0.5, 1.28125]},
								"west": {"uv": [17, 12], "uv_size": [0.5, 1.5]}
							}
						},
						{
							"origin": [-0.8, 3.05223, -1.79393],
							"size": [0.05, 0.31826, 0.125],
							"pivot": [0, 3.21136, 0.74357],
							"rotation": [0, 0, 22.5],
							"uv": {
								"east": {"uv": [17, 21], "uv_size": [0.5, 0.5]},
								"south": {"uv": [21, 17], "uv_size": [0.5, 0.5]},
								"west": {"uv": [18, 21], "uv_size": [0.5, 0.5]}
							}
						}
					]
				},
				{
					"name": "hexadecagon",
					"parent": "ocular_ring1",
					"pivot": [0, 3.2, -1.5],
					"rotation": [-4, 0, 0],
					"cubes": [
						{
							"origin": [-0.15913, 3.95, -4.225],
							"size": [0.31826, 0.05, 2.5125],
							"pivot": [0, 3.2, -1.5],
							"rotation": [0, 0, -45],
							"uv": {
								"north": {"uv": [21, 4], "uv_size": [0.5, 0.5]},
								"up": {"uv": [9, 11], "uv_size": [0.5, 2.5]},
								"down": {"uv": [10, 13.5], "uv_size": [0.5, -2.5]}
							}
						},
						{
							"origin": [-0.15913, 3.95, -4.225],
							"size": [0.31826, 0.05, 2.5],
							"pivot": [0, 3.2, -1.5],
							"rotation": [0, 0, -22.5],
							"uv": {
								"north": {"uv": [5, 21], "uv_size": [0.5, 0.5]},
								"up": {"uv": [11, 11], "uv_size": [0.5, 2.5]},
								"down": {"uv": [0, 14.5], "uv_size": [0.5, -2.5]}
							}
						},
						{
							"origin": [-0.15913, 3.95, -4.225],
							"size": [0.31826, 0.05, 2.5],
							"uv": {
								"north": {"uv": [21, 5], "uv_size": [0.5, 0.5]},
								"up": {"uv": [1, 12], "uv_size": [0.5, 2.5]},
								"down": {"uv": [2, 14.5], "uv_size": [0.5, -2.5]}
							}
						},
						{
							"origin": [-0.15913, 3.95, -4.225],
							"size": [0.31826, 0.05, 2.5],
							"pivot": [0, 3.2, -1.5],
							"rotation": [0, 0, 22.5],
							"uv": {
								"north": {"uv": [6, 21], "uv_size": [0.5, 0.5]},
								"up": {"uv": [12, 11], "uv_size": [0.5, 2.5]},
								"down": {"uv": [4, 15.5], "uv_size": [0.5, -2.5]}
							}
						},
						{
							"origin": [-0.15913, 3.95, -4.225],
							"size": [0.31826, 0.05, 2.5125],
							"pivot": [0, 3.2, -1.5],
							"rotation": [0, 0, 45],
							"uv": {
								"north": {"uv": [21, 6], "uv_size": [0.5, 0.5]},
								"up": {"uv": [5, 13], "uv_size": [0.5, 2.5]},
								"down": {"uv": [6, 15.5], "uv_size": [0.5, -2.5]}
							}
						},
						{
							"origin": [0.75, 3.04087, -4.225],
							"size": [0.05, 0.31826, 2.5375],
							"pivot": [0, 3.2, -1.5],
							"rotation": [0, 0, -22.5],
							"uv": {
								"north": {"uv": [7, 21], "uv_size": [0.5, 0.5]},
								"east": {"uv": [13, 7], "uv_size": [2.5, 0.5]},
								"west": {"uv": [13, 8], "uv_size": [2.5, 0.5]}
							}
						},
						{
							"origin": [0.75, 2.29087, -4.225],
							"size": [0.05, 1.06826, 2.6],
							"uv": {
								"north": {"uv": [11, 19], "uv_size": [0.5, 1]},
								"east": {"uv": [7, 5], "uv_size": [2.5, 1]},
								"west": {"uv": [7, 6], "uv_size": [2.5, 1]}
							}
						},
						{
							"origin": [-0.8, 2.29087, -4.225],
							"size": [0.05, 1.06826, 2.6],
							"uv": {
								"north": {"uv": [12, 19], "uv_size": [0.5, 1]},
								"east": {"uv": [7, 7], "uv_size": [2.5, 1]},
								"west": {"uv": [0, 8], "uv_size": [2.5, 1]}
							}
						},
						{
							"origin": [-0.799, 1.84761, -4.225],
							"size": [0.049, 0.44326, 0.6],
							"pivot": [-0.8, 2.29087, -4.225],
							"rotation": [20, 0, 0],
							"uv": {
								"north": {"uv": [21, 18], "uv_size": [0.5, 0.5]},
								"east": {"uv": [19, 21], "uv_size": [0.5, 0.5]},
								"west": {"uv": [21, 19], "uv_size": [0.5, 0.5]}
							}
						},
						{
							"origin": [-0.799, 1.43108, -4.0734],
							"size": [0.049, 0.44326, 0.6],
							"pivot": [-0.75, 1.87434, -4.0734],
							"rotation": [70, 0, 0],
							"uv": {
								"north": {"uv": [20, 21], "uv_size": [0.5, 0.5]},
								"east": {"uv": [21, 20], "uv_size": [0.5, 0.5]},
								"west": {"uv": [21, 21], "uv_size": [0.5, 0.5]}
							}
						},
						{
							"origin": [-0.799, -0.33976, -3.65687],
							"size": [0.049, 2.0625, 0.6],
							"pivot": [-0.8, 1.72274, -3.65687],
							"rotation": [94, 0, 0],
							"uv": {
								"north": {"uv": [2, 16], "uv_size": [0.5, 2]},
								"east": {"uv": [4, 16], "uv_size": [0.5, 2]},
								"west": {"uv": [5, 16], "uv_size": [0.5, 2]}
							}
						},
						{
							"origin": [-0.799, 1.58456, -1.59939],
							"size": [0.049, 0.28205, 0.28399],
							"pivot": [-0.8, 1.86661, -1.59939],
							"rotation": [135.48627, 0, 0],
							"uv": {
								"north": {"uv": [0, 22], "uv_size": [0.5, 0.5]},
								"east": {"uv": [22, 0], "uv_size": [0.5, 0.5]},
								"west": {"uv": [1, 22], "uv_size": [0.5, 0.5]}
							}
						},
						{
							"origin": [0.75, 1.58456, -1.59939],
							"size": [0.049, 0.28205, 0.28399],
							"pivot": [0.8, 1.86661, -1.59939],
							"rotation": [135.48627, 0, 0],
							"uv": {
								"north": {"uv": [22, 4], "uv_size": [0.5, 0.5]},
								"east": {"uv": [5, 22], "uv_size": [0.5, 0.5]},
								"west": {"uv": [22, 5], "uv_size": [0.5, 0.5]}
							}
						},
						{
							"origin": [0.75, -0.33976, -3.65687],
							"size": [0.049, 2.0625, 0.6],
							"pivot": [0.8, 1.72274, -3.65687],
							"rotation": [94, 0, 0],
							"uv": {
								"north": {"uv": [6, 16], "uv_size": [0.5, 2]},
								"east": {"uv": [16, 6], "uv_size": [0.5, 2]},
								"west": {"uv": [7, 16], "uv_size": [0.5, 2]}
							}
						},
						{
							"origin": [0.75, 1.43108, -4.0734],
							"size": [0.049, 0.44326, 0.6],
							"pivot": [0.75, 1.87434, -4.0734],
							"rotation": [70, 0, 0],
							"uv": {
								"north": {"uv": [3, 22], "uv_size": [0.5, 0.5]},
								"east": {"uv": [22, 3], "uv_size": [0.5, 0.5]},
								"west": {"uv": [4, 22], "uv_size": [0.5, 0.5]}
							}
						},
						{
							"origin": [0.75, 1.84761, -4.225],
							"size": [0.049, 0.44326, 0.6],
							"pivot": [0.8, 2.29087, -4.225],
							"rotation": [20, 0, 0],
							"uv": {
								"north": {"uv": [22, 1], "uv_size": [0.5, 0.5]},
								"east": {"uv": [2, 22], "uv_size": [0.5, 0.5]},
								"west": {"uv": [22, 2], "uv_size": [0.5, 0.5]}
							}
						},
						{
							"origin": [-0.8, 3.04087, -4.225],
							"size": [0.05, 0.31826, 2.5375],
							"pivot": [0, 3.2, -1.5],
							"rotation": [0, 0, 22.5],
							"uv": {
								"north": {"uv": [21, 7], "uv_size": [0.5, 0.5]},
								"east": {"uv": [13, 9], "uv_size": [2.5, 0.5]},
								"west": {"uv": [13, 10], "uv_size": [2.5, 0.5]}
							}
						}
					]
				},
				{
					"name": "group2",
					"parent": "hexadecagon",
					"pivot": [0, 3.2, -3.25],
					"cubes": [
						{
							"origin": [0, 3.04087, -4.1],
							"size": [0.8, 0.31826, 0.35],
							"pivot": [0, 3.2, -3.25],
							"rotation": [0, 0, -22.5],
							"uv": {
								"north": {"uv": [20, 1], "uv_size": [1, 0.5]}
							}
						},
						{
							"origin": [-0.15913, 3.2, -4.1],
							"size": [0.31826, 0.8, 0.325],
							"pivot": [0, 3.2, -3.25],
							"rotation": [0, 0, 45],
							"uv": {
								"north": {"uv": [1, 20], "uv_size": [0.5, 1]}
							}
						},
						{
							"origin": [-0.15913, 3.2, -4.1],
							"size": [0.31826, 0.8, 0.3125],
							"pivot": [0, 3.2, -3.25],
							"rotation": [0, 0, 22.5],
							"uv": {
								"north": {"uv": [0, 20], "uv_size": [0.5, 1]}
							}
						},
						{
							"origin": [-0.15913, 3.2, -4.1],
							"size": [0.31826, 0.8, 0.3125],
							"uv": {
								"north": {"uv": [19, 19], "uv_size": [0.5, 1]}
							}
						},
						{
							"origin": [-0.15913, 3.2, -4.1],
							"size": [0.31826, 0.8, 0.3125],
							"pivot": [0, 3.2, -3.25],
							"rotation": [0, 0, -22.5],
							"uv": {
								"north": {"uv": [19, 18], "uv_size": [0.5, 1]}
							}
						},
						{
							"origin": [-0.15913, 3.2, -4.1],
							"size": [0.31826, 0.8, 0.325],
							"pivot": [0, 3.2, -3.25],
							"rotation": [0, 0, -45],
							"uv": {
								"north": {"uv": [18, 19], "uv_size": [0.5, 1]}
							}
						},
						{
							"origin": [-0.8, 3.04087, -4.1],
							"size": [0.8, 0.31826, 0.35],
							"pivot": [0, 3.2, -3.25],
							"rotation": [0, 0, 22.5],
							"uv": {
								"north": {"uv": [19, 17], "uv_size": [1, 0.5]}
							}
						},
						{
							"origin": [-0.8, 2.29087, -4.1],
							"size": [1.6, 1.06826, 0.4125],
							"uv": {
								"north": {"uv": [2, 9], "uv_size": [1.5, 1]}
							}
						}
					]
				},
				{
					"name": "hexagon4",
					"parent": "hexadecagon",
					"pivot": [0.00005, 2.25136, -4.05271],
					"rotation": [0, -90, 0],
					"cubes": [
						{
							"origin": [-0.10387, 2.07136, -4.80521],
							"size": [0.20784, 0.36, 1.505],
							"uv": {
								"north": {"uv": [23, 3], "uv_size": [0.5, 0.5]},
								"south": {"uv": [4, 23], "uv_size": [0.5, 0.5]},
								"down": {"uv": [0, 19.5], "uv_size": [0.5, -1.5]}
							}
						},
						{
							"origin": [0.1573, 1.07899, -4.80521],
							"size": [0.20785, 0.36, 1.505],
							"pivot": [0.99005, 1.98136, -3.10771],
							"rotation": [0, 0, 60],
							"uv": {
								"north": {"uv": [23, 4], "uv_size": [0.5, 0.5]},
								"south": {"uv": [5, 23], "uv_size": [0.5, 0.5]},
								"down": {"uv": [2, 19.5], "uv_size": [0.5, -1.5]}
							}
						},
						{
							"origin": [0.62495, 2.79372, -4.80521],
							"size": [0.20785, 0.36, 1.505],
							"pivot": [0.99005, 1.98136, -3.10771],
							"rotation": [0, 0, -60],
							"uv": {
								"north": {"uv": [23, 5], "uv_size": [0.5, 0.5]},
								"south": {"uv": [6, 23], "uv_size": [0.5, 0.5]},
								"up": {"uv": [4, 18], "uv_size": [0.5, 1.5]}
							}
						},
						{
							"origin": [-0.08474, 2.06715, -3.30271],
							"size": [0.25, 0.25, 0.25],
							"pivot": [0.00005, 2.25136, -4.05271],
							"rotation": [0, 0, -45],
							"uv": {
								"east": {"uv": [23, 10], "uv_size": [0.5, 0.5]},
								"west": {"uv": [11, 23], "uv_size": [0.5, 0.5]},
								"up": {"uv": [23, 11], "uv_size": [0.5, 0.5]},
								"down": {"uv": [12, 23.5], "uv_size": [0.5, -0.5]}
							}
						}
					]
				},
				{
					"name": "hexagon5",
					"parent": "hexadecagon",
					"pivot": [-0.13745, 2.24325, -3.98949],
					"rotation": [0, -90, 0],
					"cubes": [
						{
							"origin": [-0.29333, 1.97325, -3.14949],
							"size": [0.31176, 0.54, 0.125],
							"uv": {
								"north": {"uv": [23, 12], "uv_size": [0.5, 0.5]},
								"south": {"uv": [13, 23], "uv_size": [0.5, 0.5]},
								"up": {"uv": [23, 13], "uv_size": [0.5, 0.5]},
								"down": {"uv": [14, 23.5], "uv_size": [0.5, -0.5]}
							}
						},
						{
							"origin": [0.09843, 0.4847, -3.14949],
							"size": [0.31176, 0.54, 0.125],
							"pivot": [1.34755, 1.83825, -2.57199],
							"rotation": [0, 0, 60],
							"uv": {
								"north": {"uv": [23, 14], "uv_size": [0.5, 0.5]},
								"south": {"uv": [15, 23], "uv_size": [0.5, 0.5]},
								"up": {"uv": [23, 15], "uv_size": [0.5, 0.5]},
								"down": {"uv": [16, 23.5], "uv_size": [0.5, -0.5]}
							}
						},
						{
							"origin": [0.79991, 3.05679, -3.14949],
							"size": [0.31176, 0.54, 0.125],
							"pivot": [1.34755, 1.83825, -2.57199],
							"rotation": [0, 0, -60],
							"uv": {
								"north": {"uv": [23, 16], "uv_size": [0.5, 0.5]},
								"south": {"uv": [17, 23], "uv_size": [0.5, 0.5]},
								"up": {"uv": [23, 17], "uv_size": [0.5, 0.5]},
								"down": {"uv": [18, 23.5], "uv_size": [0.5, -0.5]}
							}
						}
					]
				},
				{
					"name": "octagon2",
					"parent": "hexadecagon",
					"pivot": [0, 3.2, -4.525],
					"cubes": [
						{
							"origin": [-0.20711, 2.7, -4.1125],
							"size": [0.41422, 1, 0.05],
							"pivot": [0, 3.2, -4.525],
							"rotation": [0, 0, 45],
							"uv": {
								"north": {"uv": [2, 20], "uv_size": [0.5, 1]}
							}
						},
						{
							"origin": [-0.20711, 2.7, -4.1125],
							"size": [0.41422, 1, 0.05],
							"uv": {
								"north": {"uv": [20, 2], "uv_size": [0.5, 1]}
							}
						},
						{
							"origin": [-0.5, 2.99289, -4.1125],
							"size": [1, 0.41422, 0.05],
							"pivot": [0, 3.2, -4.525],
							"rotation": [0, 0, 45],
							"uv": {
								"north": {"uv": [3, 20], "uv_size": [1, 0.5]}
							}
						},
						{
							"origin": [-0.5, 2.99289, -4.1125],
							"size": [1, 0.41422, 0.05],
							"uv": {
								"north": {"uv": [20, 3], "uv_size": [1, 0.5]}
							}
						}
					]
				},
				{
					"name": "hexagon3",
					"parent": "ocular_ring1",
					"pivot": [0.00001, 2.09288, -1.66294],
					"cubes": [
						{
							"origin": [-0.09698, 1.92488, -2.41294],
							"size": [0.19399, 0.336, 1.5],
							"pivot": [0.00001, 2.09288, -1.66294],
							"rotation": [-90, -30, 90],
							"uv": {
								"north": {"uv": [15, 22], "uv_size": [0.5, 0.5]},
								"south": {"uv": [22, 15], "uv_size": [0.5, 0.5]},
								"up": {"uv": [17, 15], "uv_size": [0.5, 1.5]}
							}
						},
						{
							"origin": [-0.11569, 1.95736, -2.3754],
							"size": [0.19398, 0.336, 1.5],
							"pivot": [0.00005, 2.09288, -1.62544],
							"rotation": [90, -30, -90],
							"uv": {
								"north": {"uv": [16, 22], "uv_size": [0.5, 0.5]},
								"south": {"uv": [22, 16], "uv_size": [0.5, 0.5]},
								"down": {"uv": [16, 18.5], "uv_size": [0.5, -1.5]}
							}
						},
						{
							"origin": [-0.09698, 1.92488, -4.58706],
							"size": [0.19399, 0.336, 0.275],
							"pivot": [0.00001, 2.09288, -3.83706],
							"rotation": [90, 30, 90],
							"uv": {
								"north": {"uv": [22, 21], "uv_size": [0.5, 0.5]},
								"south": {"uv": [22, 22], "uv_size": [0.5, 0.5]},
								"up": {"uv": [0, 23], "uv_size": [0.5, 0.5]}
							}
						},
						{
							"origin": [-0.11569, 1.95736, -4.6246],
							"size": [0.19398, 0.336, 0.275],
							"pivot": [0.00005, 2.09288, -3.87456],
							"rotation": [-90, 30, -90],
							"uv": {
								"north": {"uv": [20, 22], "uv_size": [0.5, 0.5]},
								"south": {"uv": [22, 20], "uv_size": [0.5, 0.5]},
								"down": {"uv": [21, 22.5], "uv_size": [0.5, -0.5]}
							}
						},
						{
							"origin": [-0.09701, 1.92488, -4.58706],
							"size": [0.19399, 0.336, 0.275],
							"pivot": [-0.00001, 2.09288, -3.83706],
							"rotation": [90, -30, -90],
							"uv": {
								"north": {"uv": [2, 23], "uv_size": [0.5, 0.5]},
								"south": {"uv": [23, 2], "uv_size": [0.5, 0.5]},
								"up": {"uv": [3, 23], "uv_size": [0.5, 0.5]}
							}
						},
						{
							"origin": [-0.07829, 1.95736, -4.6246],
							"size": [0.19398, 0.336, 0.275],
							"pivot": [-0.00005, 2.09288, -3.87456],
							"rotation": [-90, -30, 90],
							"uv": {
								"north": {"uv": [23, 0], "uv_size": [0.5, 0.5]},
								"south": {"uv": [1, 23], "uv_size": [0.5, 0.5]},
								"down": {"uv": [23, 1.5], "uv_size": [0.5, -0.5]}
							}
						},
						{
							"origin": [-2.30857, 1.92488, -2.3754],
							"size": [2.36811, 0.336, 1.5],
							"pivot": [0.00005, 2.09288, -1.62544],
							"rotation": [0, -90, 0],
							"uv": {
								"north": {"uv": [13, 11], "uv_size": [2.5, 0.5]},
								"east": {"uv": [13, 17], "uv_size": [1.5, 0.5]},
								"south": {"uv": [13, 12], "uv_size": [2.5, 0.5]},
								"up": {"uv": [2, 4], "uv_size": [2.5, 1.5]},
								"down": {"uv": [5, 4.5], "uv_size": [2.5, -1.5]}
							}
						}
					]
				},
				{
					"name": "ocular",
					"pivot": [0.15913, 4.05299, -2.05609],
					"rotation": [6, 0, 0],
					"cubes": [
						{
							"origin": [-0.08082, 3.41732, -2.45808],
							"size": [0.29837, 0.75, 0],
							"pivot": [0, 3.34896, -2.45808],
							"rotation": [-35.26439, -30, -35.26439],
							"uv": {
								"south": {"uv": [4, 20], "uv_size": [0.5, 1]}
							}
						},
						{
							"origin": [-0.11219, 3.43828, -2.45808],
							"size": [0.29837, 0.75, 0],
							"pivot": [0, 3.34896, -2.45808],
							"rotation": [-42.73421, -15.69986, -16.32495],
							"uv": {
								"south": {"uv": [20, 4], "uv_size": [0.5, 1]}
							}
						},
						{
							"origin": [-0.14918, 3.44564, -2.45808],
							"size": [0.29836, 0.75, 0],
							"pivot": [0, 3.34896, -2.45808],
							"rotation": [-45, 0, 0],
							"uv": {
								"south": {"uv": [5, 20], "uv_size": [0.5, 1]}
							}
						},
						{
							"origin": [-0.18618, 3.43828, -2.45808],
							"size": [0.29837, 0.75, 0],
							"pivot": [0, 3.34896, -2.45808],
							"rotation": [-42.73421, 15.69986, 16.32495],
							"uv": {
								"south": {"uv": [20, 5], "uv_size": [0.5, 1]}
							}
						},
						{
							"origin": [-0.21755, 3.41732, -2.45808],
							"size": [0.29837, 0.75, 0],
							"pivot": [0, 3.34896, -2.45808],
							"rotation": [-35.26439, 30, 35.26439],
							"uv": {
								"south": {"uv": [6, 20], "uv_size": [0.5, 1]}
							}
						},
						{
							"origin": [0.037, 3.28909, -2.45808],
							"size": [0.75, 0.29837, 0],
							"pivot": [0, 3.34896, -2.45808],
							"rotation": [-42.73421, -15.69986, -16.32495],
							"uv": {
								"south": {"uv": [13, 24], "uv_size": [0.5, 0.5]}
							}
						},
						{
							"origin": [-0.75, 2.05973, -2.45808],
							"size": [1.5, 1.53509, 0],
							"pivot": [0, 3.34896, -2.45808],
							"rotation": [-45, 0, 0],
							"uv": {
								"south": {"uv": [7, 8], "uv_size": [1.5, 1.5]}
							}
						},
						{
							"origin": [-0.787, 3.28909, -2.45808],
							"size": [0.75, 0.29837, 0],
							"pivot": [0, 3.34896, -2.45808],
							"rotation": [-42.73421, 15.69986, 16.32495],
							"uv": {
								"south": {"uv": [20, 6], "uv_size": [1, 0.5]}
							}
						}
					]
				},
				{
					"name": "division",
					"pivot": [0, 3.1, -1.5]
				},
				{
					"name": "scope_view",
					"parent": "division",
					"pivot": [0, 3.1, 7.5]
				},
				{
					"name": "division_illuminated",
					"parent": "division",
					"pivot": [0, 3.1, -72],
					"cubes": [
						{
							"origin": [-0.075, 3.025, -72],
							"size": [0.15, 0.15, 0],
							"pivot": [0, 3.1, -72],
							"rotation": [0, 0, 45],
							"uv": {
								"south": {"uv": [12, 24], "uv_size": [0.5, 0.5]}
							}
						},
						{
							"origin": [-0.0625, 4.57621, -72],
							"size": [0.125, 0.61254, 0],
							"pivot": [0, 3.1, -72],
							"rotation": [0, 0, -180],
							"uv": {
								"south": {"uv": [24, 12], "uv_size": [0.5, 0.5]}
							}
						},
						{
							"origin": [-0.0625, 4.57621, -72],
							"size": [0.125, 0.61254, 0],
							"uv": {
								"south": {"uv": [24, 12], "uv_size": [0.5, 0.5]}
							}
						},
						{
							"origin": [-0.0625, 3.80121, -72],
							"size": [0.125, 1.38754, 0],
							"pivot": [0, 3.1, -72],
							"rotation": [0, 0, 90],
							"uv": {
								"south": {"uv": [24, 12], "uv_size": [0.5, 0.5]}
							}
						},
						{
							"origin": [-0.0375, 3.76371, -72],
							"size": [0.075, 1.80004, 0],
							"pivot": [0, 3.1, -72],
							"rotation": [0, 0, 90],
							"uv": {
								"south": {"uv": [24, 12], "uv_size": [0.5, 0.5]}
							}
						},
						{
							"origin": [-0.0375, 3.76371, -72],
							"size": [0.075, 1.80004, 0],
							"pivot": [0, 3.1, -72],
							"rotation": [0, 0, -90],
							"uv": {
								"south": {"uv": [24.5, 12], "uv_size": [-0.5, 0.5]}
							}
						},
						{
							"origin": [-0.0375, 4.70121, -72],
							"size": [0.075, 0.73754, 0],
							"pivot": [0, 3.1, -72],
							"rotation": [0, 0, 180],
							"uv": {
								"south": {"uv": [24, 12], "uv_size": [0.5, 0.5]}
							}
						},
						{
							"origin": [-0.0375, 4.70121, -72],
							"size": [0.075, 0.73754, 0],
							"uv": {
								"south": {"uv": [24.5, 12], "uv_size": [-0.5, 0.5]}
							}
						},
						{
							"origin": [-0.0625, 3.80121, -72],
							"size": [0.125, 1.38754, 0],
							"pivot": [0, 3.1, -72],
							"rotation": [0, 0, -90],
							"uv": {
								"south": {"uv": [24, 12], "uv_size": [0.5, 0.5]}
							}
						}
					]
				},
				{
					"name": "hexadecagon5",
					"parent": "division_illuminated",
					"pivot": [0, 3.1, -72],
					"cubes": [
						{
							"origin": [-0.31616, 4.56371, -72],
							"size": [0.63231, 0.12504, 0],
							"uv": {
								"south": {"uv": [24, 12], "uv_size": [0.5, 0.5]}
							}
						},
						{
							"origin": [-0.31616, 4.56371, -72],
							"size": [0.63231, 0.12504, 0],
							"pivot": [0, 3.1, -72],
							"rotation": [0, 0, 22.5],
							"uv": {
								"south": {"uv": [24, 12], "uv_size": [0.5, 0.5]}
							}
						},
						{
							"origin": [-0.31615, 4.56371, -72],
							"size": [0.63231, 0.12504, 0],
							"pivot": [0, 3.1, -72],
							"rotation": [0, 0, -22.5],
							"uv": {
								"south": {"uv": [24, 12], "uv_size": [0.5, 0.5]}
							}
						},
						{
							"origin": [-0.31616, 4.56371, -72],
							"size": [0.63231, 0.12504, 0],
							"pivot": [0, 3.1, -72],
							"rotation": [0, 0, -45],
							"uv": {
								"south": {"uv": [24, 12], "uv_size": [0.5, 0.5]}
							}
						},
						{
							"origin": [-0.31616, 4.56371, -72],
							"size": [0.63231, 0.12504, 0],
							"pivot": [0, 3.1, -72],
							"rotation": [0, 0, 67.5],
							"uv": {
								"south": {"uv": [24, 12], "uv_size": [0.5, 0.5]}
							}
						},
						{
							"origin": [-0.31615, 4.56371, -72],
							"size": [0.63231, 0.12504, 0],
							"pivot": [0, 3.1, -72],
							"rotation": [0, 0, 45],
							"uv": {
								"south": {"uv": [24, 12], "uv_size": [0.5, 0.5]}
							}
						},
						{
							"origin": [-0.31616, 4.56371, -72],
							"size": [0.63231, 0.12504, 0],
							"pivot": [0, 3.1, -72],
							"rotation": [0, 0, 90],
							"uv": {
								"south": {"uv": [24, 12], "uv_size": [0.5, 0.5]}
							}
						},
						{
							"origin": [-0.31616, 4.56371, -72],
							"size": [0.63231, 0.12504, 0],
							"pivot": [0, 3.1, -72],
							"rotation": [0, 0, 112.5],
							"uv": {
								"south": {"uv": [24, 12], "uv_size": [0.5, 0.5]}
							}
						},
						{
							"origin": [-0.31615, 4.56371, -72],
							"size": [0.63231, 0.12504, 0],
							"pivot": [0, 3.1, -72],
							"rotation": [0, 0, -112.5],
							"uv": {
								"south": {"uv": [24, 12], "uv_size": [0.5, 0.5]}
							}
						},
						{
							"origin": [-0.31616, 4.56371, -72],
							"size": [0.63231, 0.12504, 0],
							"pivot": [0, 3.1, -72],
							"rotation": [0, 0, -135],
							"uv": {
								"south": {"uv": [24, 12], "uv_size": [0.5, 0.5]}
							}
						},
						{
							"origin": [-0.31615, 4.56371, -72],
							"size": [0.63231, 0.12504, 0],
							"pivot": [0, 3.1, -72],
							"rotation": [0, 0, -90],
							"uv": {
								"south": {"uv": [24, 12], "uv_size": [0.5, 0.5]}
							}
						},
						{
							"origin": [-0.31615, 4.56371, -72],
							"size": [0.63231, 0.12504, 0],
							"pivot": [0, 3.1, -72],
							"rotation": [0, 0, -67.5],
							"uv": {
								"south": {"uv": [24, 12], "uv_size": [0.5, 0.5]}
							}
						},
						{
							"origin": [-0.31616, 4.56371, -72],
							"size": [0.63231, 0.12504, 0],
							"pivot": [0, 3.1, -72],
							"rotation": [0, 0, -157.5],
							"uv": {
								"south": {"uv": [24, 12], "uv_size": [0.5, 0.5]}
							}
						},
						{
							"origin": [-0.31616, 4.56371, -72],
							"size": [0.63231, 0.12504, 0],
							"pivot": [0, 3.1, -72],
							"rotation": [0, 0, -180],
							"uv": {
								"south": {"uv": [24, 12], "uv_size": [0.5, 0.5]}
							}
						},
						{
							"origin": [-0.31615, 4.56371, -72],
							"size": [0.63231, 0.12504, 0],
							"pivot": [0, 3.1, -72],
							"rotation": [0, 0, 157.5],
							"uv": {
								"south": {"uv": [24, 12], "uv_size": [0.5, 0.5]}
							}
						},
						{
							"origin": [-0.31615, 4.56371, -72],
							"size": [0.63231, 0.12504, 0],
							"pivot": [0, 3.1, -72],
							"rotation": [0, 0, 135],
							"uv": {
								"south": {"uv": [24, 12], "uv_size": [0.5, 0.5]}
							}
						}
					]
				}
			]
		}
	]
}