{
	"format_version": "1.12.0",
	"minecraft:geometry": [
		{
			"description": {
				"identifier": "geometry.unknown",
				"texture_width": 32,
				"texture_height": 32,
				"visible_bounds_width": 10,
				"visible_bounds_height": 2,
				"visible_bounds_offset": [0, 0, 0]
			},
			"bones": [
				{
					"name": "scope_body",
					"pivot": [-0.125, 0.375, -0.01562],
					"cubes": [
						{
							"origin": [-0.17207, 2.23969, -4.51562],
							"size": [0.37172, 0.0625, 1.25],
							"pivot": [0.01379, 1.36781, -4.14062],
							"rotation": [0, 0, -45],
							"uv": {
								"north": {"uv": [11, 12], "uv_size": [0.5, 0.5]},
								"south": {"uv": [12, 11], "uv_size": [0.5, 0.5]},
								"up": {"uv": [8, 8], "uv_size": [0.5, 1.5]},
								"down": {"uv": [0, 10.5], "uv_size": [0.5, -1.5]}
							}
						},
						{
							"origin": [-0.17207, 2.23969, -4.51562],
							"size": [0.37172, 0.0625, 1.25],
							"pivot": [0.01379, 1.36781, -4.14062],
							"rotation": [0, 0, -22.5],
							"uv": {
								"north": {"uv": [10, 12], "uv_size": [0.5, 0.5]},
								"south": {"uv": [12, 10], "uv_size": [0.5, 0.5]},
								"up": {"uv": [6, 8], "uv_size": [0.5, 1.5]},
								"down": {"uv": [7, 9.5], "uv_size": [0.5, -1.5]}
							}
						},
						{
							"origin": [-0.17207, 2.23969, -4.51562],
							"size": [0.37172, 0.0625, 1.25],
							"uv": {
								"north": {"uv": [9, 12], "uv_size": [0.5, 0.5]},
								"south": {"uv": [12, 9], "uv_size": [0.5, 0.5]},
								"up": {"uv": [4, 8], "uv_size": [0.5, 1.5]},
								"down": {"uv": [5, 9.5], "uv_size": [0.5, -1.5]}
							}
						},
						{
							"origin": [-0.17207, 2.23969, -4.51562],
							"size": [0.37172, 0.0625, 1.25],
							"pivot": [0.01379, 1.36781, -4.14062],
							"rotation": [0, 0, 22.5],
							"uv": {
								"north": {"uv": [8, 12], "uv_size": [0.5, 0.5]},
								"south": {"uv": [12, 8], "uv_size": [0.5, 0.5]},
								"up": {"uv": [2, 8], "uv_size": [0.5, 1.5]},
								"down": {"uv": [3, 9.5], "uv_size": [0.5, -1.5]}
							}
						},
						{
							"origin": [-0.17207, 2.23969, -4.51562],
							"size": [0.37172, 0.0625, 1.25],
							"pivot": [0.01379, 1.36781, -4.14062],
							"rotation": [0, 0, 45],
							"uv": {
								"north": {"uv": [7, 12], "uv_size": [0.5, 0.5]},
								"south": {"uv": [12, 7], "uv_size": [0.5, 0.5]},
								"up": {"uv": [8, 0], "uv_size": [0.5, 1.5]},
								"down": {"uv": [1, 9.5], "uv_size": [0.5, -1.5]}
							}
						},
						{
							"origin": [-0.92059, 1.18195, -4.51562],
							"size": [0.0625, 0.37172, 1.25],
							"pivot": [0.01379, 1.36781, -4.14062],
							"rotation": [0, 0, 22.5],
							"uv": {
								"north": {"uv": [6, 12], "uv_size": [0.5, 0.5]},
								"east": {"uv": [7, 6], "uv_size": [1.5, 0.5]},
								"south": {"uv": [12, 6], "uv_size": [0.5, 0.5]},
								"west": {"uv": [7, 7], "uv_size": [1.5, 0.5]}
							}
						},
						{
							"origin": [-0.17207, 0.43344, -4.51562],
							"size": [0.25, 0.0625, 1.25],
							"pivot": [0.01379, 1.36781, -4.14062],
							"rotation": [0, 0, 45],
							"uv": {
								"north": {"uv": [13, 1], "uv_size": [0.5, 0.5]},
								"south": {"uv": [2, 13], "uv_size": [0.5, 0.5]},
								"west": {"uv": [9, 4], "uv_size": [1.5, 0.5]},
								"up": {"uv": [9, 5], "uv_size": [0.5, 1.5]},
								"down": {"uv": [9, 8.5], "uv_size": [0.5, -1.5]}
							}
						},
						{
							"origin": [-0.92059, 1.18195, -4.51562],
							"size": [0.0625, 0.37172, 1.25],
							"pivot": [0.01379, 1.36781, -4.14062],
							"rotation": [0, 0, -22.5],
							"uv": {
								"north": {"uv": [13, 0], "uv_size": [0.5, 0.5]},
								"east": {"uv": [9, 1], "uv_size": [1.5, 0.5]},
								"south": {"uv": [1, 13], "uv_size": [0.5, 0.5]},
								"west": {"uv": [9, 3], "uv_size": [1.5, 0.5]}
							}
						},
						{
							"origin": [-0.92059, 1.18195, -4.51562],
							"size": [0.0625, 0.37172, 1.25],
							"uv": {
								"north": {"uv": [12, 12], "uv_size": [0.5, 0.5]},
								"east": {"uv": [8, 2], "uv_size": [1.5, 0.5]},
								"south": {"uv": [0, 13], "uv_size": [0.5, 0.5]},
								"west": {"uv": [9, 0], "uv_size": [1.5, 0.5]}
							}
						},
						{
							"origin": [0.25, 0.125, -0.89062],
							"size": [0.5, 0.5, 0.75],
							"uv": {
								"north": {"uv": [0, 18], "uv_size": [0.5, 0.5]},
								"east": {"uv": [13, 15], "uv_size": [1, 0.5]},
								"south": {"uv": [18, 0], "uv_size": [0.5, 0.5]},
								"up": {"uv": [15, 13], "uv_size": [0.5, 1]},
								"down": {"uv": [14, 16], "uv_size": [0.5, -1]}
							}
						},
						{
							"origin": [-0.9375, 0.15625, -0.67187],
							"size": [0.25, 0.3125, 0.3125],
							"pivot": [-0.8125, 0.3125, -0.51562],
							"rotation": [-45, 0, 0],
							"uv": {
								"north": {"uv": [14, 0], "uv_size": [0.5, 0.5]},
								"east": {"uv": [1, 14], "uv_size": [0.5, 0.5]},
								"south": {"uv": [14, 1], "uv_size": [0.5, 0.5]},
								"up": {"uv": [2, 14], "uv_size": [0.5, 0.5]},
								"down": {"uv": [14, 2.5], "uv_size": [0.5, -0.5]}
							}
						},
						{
							"origin": [-0.9375, 0.15625, -4.04687],
							"size": [0.25, 0.3125, 0.3125],
							"pivot": [-0.8125, 0.3125, -3.89062],
							"rotation": [-45, 0, 0],
							"uv": {
								"north": {"uv": [3, 14], "uv_size": [0.5, 0.5]},
								"east": {"uv": [14, 3], "uv_size": [0.5, 0.5]},
								"south": {"uv": [4, 14], "uv_size": [0.5, 0.5]},
								"up": {"uv": [14, 4], "uv_size": [0.5, 0.5]},
								"down": {"uv": [5, 14.5], "uv_size": [0.5, -0.5]}
							}
						},
						{
							"origin": [0.625, -0.30625, -0.89687],
							"size": [0.375, 0.3125, 0.3125],
							"pivot": [0.75, -0.15, -0.74062],
							"rotation": [-45, 0, 0],
							"uv": {
								"north": {"uv": [14.5, 0], "uv_size": [-0.5, 0.5]},
								"south": {"uv": [14.5, 1], "uv_size": [-0.5, 0.5]},
								"west": {"uv": [1.5, 14], "uv_size": [-0.5, 0.5]},
								"up": {"uv": [2.5, 14], "uv_size": [-0.5, 0.5]},
								"down": {"uv": [14.5, 2.5], "uv_size": [-0.5, -0.5]}
							}
						},
						{
							"origin": [0.625, -0.30625, -3.89687],
							"size": [0.375, 0.3125, 0.3125],
							"pivot": [0.75, -0.15, -3.74062],
							"rotation": [-45, 0, 0],
							"uv": {
								"north": {"uv": [3.5, 14], "uv_size": [-0.5, 0.5]},
								"south": {"uv": [4.5, 14], "uv_size": [-0.5, 0.5]},
								"west": {"uv": [14.5, 3], "uv_size": [-0.5, 0.5]},
								"up": {"uv": [14.5, 4], "uv_size": [-0.5, 0.5]},
								"down": {"uv": [5.5, 14.5], "uv_size": [-0.5, -0.5]}
							}
						},
						{
							"origin": [0.5625, 0.125, -3.26562],
							"size": [0.8125, 1, 2.5],
							"uv": {
								"north": {"uv": [2, 5], "uv_size": [1, 1]},
								"east": {"uv": [0, 3], "uv_size": [2.5, 1]},
								"south": {"uv": [5, 2], "uv_size": [1, 1]},
								"west": {"uv": [3, 0], "uv_size": [2.5, 1]},
								"up": {"uv": [3, 1], "uv_size": [1, 2.5]},
								"down": {"uv": [0, 6.5], "uv_size": [1, -2.5]}
							}
						},
						{
							"origin": [0.75, 0.125, -0.76562],
							"size": [0.625, 1, 0.5],
							"uv": {
								"east": {"uv": [4, 11], "uv_size": [0.5, 1]},
								"west": {"uv": [11, 4], "uv_size": [0.5, 1]},
								"up": {"uv": [5, 11], "uv_size": [1, 0.5]},
								"down": {"uv": [11, 5.5], "uv_size": [1, -0.5]}
							}
						},
						{
							"origin": [0.375, 0.1875, -0.70312],
							"size": [0.25, 1, 0.375],
							"pivot": [0.5, 0.875, -0.57812],
							"rotation": [0, 0, -45],
							"uv": {
								"north": {"uv": [6, 11], "uv_size": [0.5, 1]},
								"east": {"uv": [11, 6], "uv_size": [0.5, 1]},
								"south": {"uv": [7, 11], "uv_size": [0.5, 1]},
								"west": {"uv": [11, 7], "uv_size": [0.5, 1]}
							}
						},
						{
							"origin": [0.5625, 0.125, -0.26562],
							"size": [0.8125, 1, 0.25],
							"uv": {
								"north": {"uv": [3, 5], "uv_size": [1, 1]},
								"east": {"uv": [2, 11], "uv_size": [0.5, 1]},
								"west": {"uv": [11, 2], "uv_size": [0.5, 1]},
								"up": {"uv": [3, 11], "uv_size": [1, 0.5]},
								"down": {"uv": [11, 3.5], "uv_size": [1, -0.5]}
							}
						},
						{
							"origin": [0.5625, 0.625, -3.64062],
							"size": [0.5, 0.5, 0.375],
							"uv": {
								"north": {"uv": [12, 0], "uv_size": [0.5, 0.5]},
								"east": {"uv": [1, 12], "uv_size": [0.5, 0.5]},
								"up": {"uv": [12, 1], "uv_size": [0.5, 0.5]}
							}
						},
						{
							"origin": [0.5625, 0.625, -4.51562],
							"size": [0.5, 0.5, 0.25],
							"uv": {
								"north": {"uv": [2, 12], "uv_size": [0.5, 0.5]},
								"east": {"uv": [12, 2], "uv_size": [0.5, 0.5]},
								"south": {"uv": [3, 12], "uv_size": [0.5, 0.5]},
								"up": {"uv": [12, 3], "uv_size": [0.5, 0.5]}
							}
						},
						{
							"origin": [0.75, 0.625, -4.26562],
							"size": [0.3125, 0.5, 0.625],
							"uv": {
								"east": {"uv": [4, 12], "uv_size": [0.5, 0.5]},
								"up": {"uv": [12, 4], "uv_size": [0.5, 0.5]}
							}
						},
						{
							"origin": [0.5625, 0.125, -4.51562],
							"size": [0.5625, 0.5, 1.25],
							"uv": {
								"north": {"uv": [8, 10], "uv_size": [1, 0.5]},
								"east": {"uv": [4, 5], "uv_size": [1.5, 0.5]},
								"up": {"uv": [1, 4], "uv_size": [1, 1.5]},
								"down": {"uv": [4, 2.5], "uv_size": [1, -1.5]}
							}
						},
						{
							"origin": [0.70895, 0.375, -4.54687],
							"size": [0.20711, 0.5, 0.25],
							"pivot": [0.8125, 0.625, -3.42187],
							"rotation": [0, 0, 45],
							"uv": {
								"north": {"uv": [15, 5], "uv_size": [0.5, 0.5]},
								"up": {"uv": [6, 15], "uv_size": [0.5, 0.5]},
								"down": {"uv": [15, 6.5], "uv_size": [0.5, -0.5]}
							}
						},
						{
							"origin": [0.5625, 0.52145, -4.57812],
							"size": [0.10938, 0.20711, 0.06875],
							"uv": {
								"north": {"uv": [0, 15], "uv_size": [0.5, 0.5]},
								"east": {"uv": [15, 0], "uv_size": [0.5, 0.5]}
							}
						},
						{
							"origin": [0.95312, 0.52145, -4.57812],
							"size": [0.10938, 0.20711, 0.06875],
							"uv": {
								"north": {"uv": [14, 9], "uv_size": [0.5, 0.5]},
								"west": {"uv": [10, 14], "uv_size": [0.5, 0.5]}
							}
						},
						{
							"origin": [0.91605, 0.52145, -4.57812],
							"size": [0.14645, 0.20711, 0.06875],
							"pivot": [0.8125, 0.625, -4.48437],
							"rotation": [0, 0, 45],
							"uv": {
								"north": {"uv": [14, 12], "uv_size": [0.5, 0.5]},
								"west": {"uv": [13, 14], "uv_size": [0.5, 0.5]}
							}
						},
						{
							"origin": [0.5625, 0.52145, -4.57812],
							"size": [0.14645, 0.20711, 0.06875],
							"pivot": [0.8125, 0.625, -4.48437],
							"rotation": [0, 0, 45],
							"uv": {
								"north": {"uv": [14, 8], "uv_size": [0.5, 0.5]},
								"east": {"uv": [9, 14], "uv_size": [0.5, 0.5]}
							}
						},
						{
							"origin": [0.70895, 0.76563, -4.57812],
							"size": [0.20711, 0.10938, 0.06875],
							"uv": {
								"north": {"uv": [14, 13], "uv_size": [0.5, 0.5]},
								"up": {"uv": [14, 14], "uv_size": [0.5, 0.5]}
							}
						},
						{
							"origin": [0.70895, 0.375, -4.57812],
							"size": [0.20711, 0.10938, 0.06875],
							"uv": {
								"north": {"uv": [14, 7], "uv_size": [0.5, 0.5]},
								"down": {"uv": [8, 14.5], "uv_size": [0.5, -0.5]}
							}
						},
						{
							"origin": [0.70895, 0.375, -4.57812],
							"size": [0.07813, 0.5, 0.03125],
							"pivot": [0.8125, 0.625, -4.48437],
							"rotation": [0, 0, 45],
							"uv": {
								"north": {"uv": [14, 10], "uv_size": [0.5, 0.5]},
								"west": {"uv": [11, 14], "uv_size": [0.5, 0.5]},
								"up": {"uv": [14, 11], "uv_size": [0.5, 0.5]},
								"down": {"uv": [12, 14.5], "uv_size": [0.5, -0.5]}
							}
						},
						{
							"origin": [0.83793, 0.375, -4.57812],
							"size": [0.07813, 0.5, 0.03125],
							"pivot": [0.8125, 0.625, -4.48437],
							"rotation": [0, 0, 45],
							"uv": {
								"north": {"uv": [14, 5], "uv_size": [0.5, 0.5]},
								"east": {"uv": [6, 14], "uv_size": [0.5, 0.5]},
								"up": {"uv": [14, 6], "uv_size": [0.5, 0.5]},
								"down": {"uv": [7, 14.5], "uv_size": [0.5, -0.5]}
							}
						},
						{
							"origin": [1.125, 0.125, -4.51562],
							"size": [0.25, 0.25, 1.25],
							"uv": {
								"north": {"uv": [5, 12], "uv_size": [0.5, 0.5]},
								"west": {"uv": [6, 0], "uv_size": [1.5, 0.5]},
								"down": {"uv": [1, 7.5], "uv_size": [0.5, -1.5]}
							}
						},
						{
							"origin": [0.5635, 0.75, 0.12194],
							"size": [0.8105, 0.25, 0.36244],
							"pivot": [0.874, 0.5625, 0.30316],
							"rotation": [-45, 0, 0],
							"uv": {
								"east": {"uv": [12, 13], "uv_size": [0.5, 0.5]},
								"west": {"uv": [13, 12], "uv_size": [0.5, 0.5]},
								"up": {"uv": [1, 11], "uv_size": [1, 0.5]}
							}
						},
						{
							"origin": [0.5635, 0.38128, 0.47188],
							"size": [0.8105, 0.36244, 0.26878],
							"uv": {
								"east": {"uv": [11, 13], "uv_size": [0.5, 0.5]},
								"south": {"uv": [11, 0], "uv_size": [1, 0.5]},
								"west": {"uv": [13, 11], "uv_size": [0.5, 0.5]}
							}
						},
						{
							"origin": [0.5635, 0.38128, 0.49066],
							"size": [0.8105, 0.36244, 0.25],
							"pivot": [0.874, 0.5625, 0.30316],
							"rotation": [-45, 0, 0],
							"uv": {
								"east": {"uv": [10, 13], "uv_size": [0.5, 0.5]},
								"south": {"uv": [0, 11], "uv_size": [1, 0.5]},
								"west": {"uv": [13, 10], "uv_size": [0.5, 0.5]}
							}
						},
						{
							"origin": [1.125, 0.375, -4.51562],
							"size": [0.25, 0.75, 1.25],
							"pivot": [1.375, 0.375, -3.64062],
							"rotation": [0, 0, -20.5],
							"uv": {
								"north": {"uv": [10, 8], "uv_size": [0.5, 1]},
								"east": {"uv": [2, 4], "uv_size": [1.5, 1]},
								"south": {"uv": [9, 10], "uv_size": [0.5, 1]},
								"west": {"uv": [4, 3], "uv_size": [1.5, 1]},
								"up": {"uv": [2, 6], "uv_size": [0.5, 1.5]},
								"down": {"uv": [6, 3.5], "uv_size": [0.5, -1.5]}
							}
						},
						{
							"origin": [0.94133, 0.81353, -4.35937],
							"size": [0.25, 0.1875, 0.1875],
							"pivot": [1.09758, 0.93853, -4.23437],
							"rotation": [-45, 0, -20.5],
							"uv": {
								"north": {"uv": [13, 2], "uv_size": [0.5, 0.5]},
								"south": {"uv": [3, 13], "uv_size": [0.5, 0.5]},
								"west": {"uv": [13, 3], "uv_size": [0.5, 0.5]},
								"up": {"uv": [4, 13], "uv_size": [0.5, 0.5]},
								"down": {"uv": [13, 4.5], "uv_size": [0.5, -0.5]}
							}
						},
						{
							"origin": [0.94133, 0.81353, -3.54687],
							"size": [0.25, 0.1875, 0.1875],
							"pivot": [1.09758, 0.93853, -3.42187],
							"rotation": [-45, 0, -20.5],
							"uv": {
								"north": {"uv": [5, 13], "uv_size": [0.5, 0.5]},
								"south": {"uv": [13, 5], "uv_size": [0.5, 0.5]},
								"west": {"uv": [6, 13], "uv_size": [0.5, 0.5]},
								"up": {"uv": [13, 6], "uv_size": [0.5, 0.5]},
								"down": {"uv": [7, 13.5], "uv_size": [0.5, -0.5]}
							}
						},
						{
							"origin": [1.07266, 0.46228, -3.94687],
							"size": [0.25, 0.1875, 0.1875],
							"pivot": [1.22891, 0.58728, -3.82187],
							"rotation": [-45, 0, -20.5],
							"uv": {
								"north": {"uv": [13, 7], "uv_size": [0.5, 0.5]},
								"south": {"uv": [8, 13], "uv_size": [0.5, 0.5]},
								"west": {"uv": [13, 8], "uv_size": [0.5, 0.5]},
								"up": {"uv": [9, 13], "uv_size": [0.5, 0.5]},
								"down": {"uv": [13, 9.5], "uv_size": [0.5, -0.5]}
							}
						},
						{
							"origin": [1.3125, 1.125, -4.51562],
							"size": [0.0625, 0.875, 1.25],
							"pivot": [1.375, 0.375, -3.64062],
							"rotation": [0, 0, -20.5],
							"uv": {
								"north": {"uv": [10, 9], "uv_size": [0.5, 1]},
								"east": {"uv": [4, 4], "uv_size": [1.5, 1]},
								"south": {"uv": [10, 10], "uv_size": [0.5, 1]},
								"west": {"uv": [5, 1], "uv_size": [1.5, 1]},
								"up": {"uv": [3, 6], "uv_size": [0.5, 1.5]},
								"down": {"uv": [4, 7.5], "uv_size": [0.5, -1.5]}
							}
						},
						{
							"origin": [0.5625, 0.125, -0.01562],
							"size": [0.8125, 0.875, 0.5],
							"uv": {
								"east": {"uv": [6, 10], "uv_size": [0.5, 1]},
								"west": {"uv": [10, 6], "uv_size": [0.5, 1]},
								"up": {"uv": [7, 10], "uv_size": [1, 0.5]},
								"down": {"uv": [10, 7.5], "uv_size": [1, -0.5]}
							}
						},
						{
							"origin": [1.0625, 0.78125, 0.17188],
							"size": [0.1875, 0.25, 0.1875],
							"pivot": [1.15625, 0.9375, 0.26563],
							"rotation": [0, -45, 0],
							"uv": {
								"north": {"uv": [16, 4], "uv_size": [0.5, 0.5]},
								"east": {"uv": [5, 16], "uv_size": [0.5, 0.5]},
								"south": {"uv": [16, 5], "uv_size": [0.5, 0.5]},
								"west": {"uv": [6, 16], "uv_size": [0.5, 0.5]},
								"up": {"uv": [16, 6], "uv_size": [0.5, 0.5]}
							}
						},
						{
							"origin": [0.5635, 0.82636, -0.39821],
							"size": [0.8105, 0.25, 0.25],
							"pivot": [0.874, 0.63886, -0.14821],
							"rotation": [-45, 0, 0],
							"uv": {
								"east": {"uv": [13, 13], "uv_size": [0.5, 0.5]},
								"west": {"uv": [0, 14], "uv_size": [0.5, 0.5]},
								"up": {"uv": [11, 1], "uv_size": [1, 0.5]}
							}
						},
						{
							"origin": [0.25, 0.125, -4.26562],
							"size": [0.3125, 0.5, 0.75],
							"uv": {
								"north": {"uv": [1, 18], "uv_size": [0.5, 0.5]},
								"east": {"uv": [15, 14], "uv_size": [1, 0.5]},
								"south": {"uv": [18, 1], "uv_size": [0.5, 0.5]},
								"up": {"uv": [15, 15], "uv_size": [0.5, 1]},
								"down": {"uv": [16, 17], "uv_size": [0.5, -1]}
							}
						},
						{
							"origin": [-0.25, 0.125, -4.26562],
							"size": [0.5, 0.4375, 0.75],
							"uv": {
								"north": {"uv": [2, 18], "uv_size": [0.5, 0.5]},
								"south": {"uv": [18, 2], "uv_size": [0.5, 0.5]},
								"up": {"uv": [17, 12], "uv_size": [0.5, 1]},
								"down": {"uv": [17, 14], "uv_size": [0.5, -1]}
							}
						},
						{
							"origin": [-0.25, 0.125, -0.89062],
							"size": [0.5, 0.4375, 0.75],
							"uv": {
								"north": {"uv": [17, 16], "uv_size": [0.5, 0.5]},
								"south": {"uv": [17, 17], "uv_size": [0.5, 0.5]},
								"up": {"uv": [2, 2], "uv_size": [0.5, 1]},
								"down": {"uv": [15, 13], "uv_size": [0.5, -1]}
							}
						},
						{
							"origin": [-0.5625, 0.125, -4.26562],
							"size": [0.3125, 0.5, 0.75],
							"uv": {
								"north": {"uv": [3, 18], "uv_size": [0.5, 0.5]},
								"south": {"uv": [18, 3], "uv_size": [0.5, 0.5]},
								"west": {"uv": [14, 17], "uv_size": [1, 0.5]},
								"up": {"uv": [17, 14], "uv_size": [0.5, 1]},
								"down": {"uv": [15, 18], "uv_size": [0.5, -1]}
							}
						},
						{
							"origin": [-0.5625, 0.125, -0.89062],
							"size": [0.3125, 0.5, 0.75],
							"uv": {
								"north": {"uv": [17, 15], "uv_size": [0.5, 0.5]},
								"south": {"uv": [16, 17], "uv_size": [0.5, 0.5]},
								"west": {"uv": [0, 2], "uv_size": [1, 0.5]},
								"up": {"uv": [2, 0], "uv_size": [0.5, 1]},
								"down": {"uv": [1, 3], "uv_size": [0.5, -1]}
							}
						},
						{
							"origin": [1.1875, 0.40717, -0.07812],
							"size": [0.25, 0.31066, 0.75],
							"pivot": [0.9375, 0.5625, 0.29688],
							"rotation": [-45, 0, 0],
							"uv": {
								"north": {"uv": [7, 16], "uv_size": [0.5, 0.5]},
								"south": {"uv": [16, 7], "uv_size": [0.5, 0.5]},
								"west": {"uv": [8, 11], "uv_size": [1, 0.5]}
							}
						},
						{
							"origin": [1.1875, 0.40717, -0.07812],
							"size": [0.25, 0.31066, 0.75],
							"uv": {
								"north": {"uv": [8, 16], "uv_size": [0.5, 0.5]},
								"south": {"uv": [16, 8], "uv_size": [0.5, 0.5]},
								"west": {"uv": [11, 8], "uv_size": [1, 0.5]}
							}
						},
						{
							"origin": [1.1875, 0.1875, 0.14154],
							"size": [0.25, 0.75, 0.31066],
							"pivot": [0.9375, 0.5625, 0.29688],
							"rotation": [-45, 0, 0],
							"uv": {
								"west": {"uv": [9, 11], "uv_size": [0.5, 1]},
								"up": {"uv": [9, 16], "uv_size": [0.5, 0.5]},
								"down": {"uv": [16, 9.5], "uv_size": [0.5, -0.5]}
							}
						},
						{
							"origin": [0.19064, 1.00758, -0.70312],
							"size": [0.0625, 0.10355, 0.375],
							"uv": {
								"north": {"uv": [3, 16], "uv_size": [0.5, 0.5]},
								"east": {"uv": [16, 3], "uv_size": [0.5, 0.5]},
								"south": {"uv": [4, 16], "uv_size": [0.5, 0.5]}
							}
						},
						{
							"origin": [0.74645, 0.9375, -1.32812],
							"size": [0.20711, 0.25, 0.5],
							"pivot": [0.85, 0.6875, -1.07812],
							"rotation": [0, -45, 0],
							"uv": {
								"north": {"uv": [5, 17], "uv_size": [0.5, 0.5]},
								"south": {"uv": [17, 5], "uv_size": [0.5, 0.5]},
								"up": {"uv": [6, 17], "uv_size": [0.5, 0.5]}
							}
						},
						{
							"origin": [0.74645, 0.9375, -1.32812],
							"size": [0.20711, 0.25, 0.5],
							"uv": {
								"north": {"uv": [17, 6], "uv_size": [0.5, 0.5]},
								"south": {"uv": [7, 17], "uv_size": [0.5, 0.5]},
								"up": {"uv": [17, 7], "uv_size": [0.5, 0.5]}
							}
						},
						{
							"origin": [0.6, 0.9375, -1.18168],
							"size": [0.5, 0.25, 0.20711],
							"pivot": [0.85, 0.6875, -1.07812],
							"rotation": [0, -45, 0],
							"uv": {
								"east": {"uv": [8, 17], "uv_size": [0.5, 0.5]},
								"west": {"uv": [17, 8], "uv_size": [0.5, 0.5]},
								"up": {"uv": [9, 17], "uv_size": [0.5, 0.5]}
							}
						},
						{
							"origin": [0.6, 0.9375, -1.18168],
							"size": [0.5, 0.25, 0.20711],
							"uv": {
								"east": {"uv": [17, 9], "uv_size": [0.5, 0.5]},
								"west": {"uv": [10, 17], "uv_size": [0.5, 0.5]},
								"up": {"uv": [17, 10], "uv_size": [0.5, 0.5]}
							}
						},
						{
							"origin": [1.1875, 0.3125, -0.55668],
							"size": [0.25, 0.5, 0.20711],
							"uv": {
								"west": {"uv": [17, 3], "uv_size": [0.5, 0.5]},
								"up": {"uv": [4, 17], "uv_size": [0.5, 0.5]},
								"down": {"uv": [17, 4.5], "uv_size": [0.5, -0.5]}
							}
						},
						{
							"origin": [1.1875, 0.3125, -0.55668],
							"size": [0.25, 0.5, 0.20711],
							"pivot": [0.9375, 0.5625, -0.45312],
							"rotation": [-45, 0, 0],
							"uv": {
								"west": {"uv": [2, 17], "uv_size": [0.5, 0.5]},
								"up": {"uv": [17, 2], "uv_size": [0.5, 0.5]},
								"down": {"uv": [3, 17.5], "uv_size": [0.5, -0.5]}
							}
						},
						{
							"origin": [1.1875, 0.45895, -0.70312],
							"size": [0.25, 0.20711, 0.5],
							"uv": {
								"north": {"uv": [17, 0], "uv_size": [0.5, 0.5]},
								"south": {"uv": [1, 17], "uv_size": [0.5, 0.5]},
								"west": {"uv": [17, 1], "uv_size": [0.5, 0.5]}
							}
						},
						{
							"origin": [1.1875, 0.45895, -0.70312],
							"size": [0.25, 0.20711, 0.5],
							"pivot": [0.9375, 0.5625, -0.45312],
							"rotation": [-45, 0, 0],
							"uv": {
								"north": {"uv": [16, 15], "uv_size": [0.5, 0.5]},
								"south": {"uv": [13, 17], "uv_size": [0.5, 0.5]},
								"west": {"uv": [0, 17], "uv_size": [0.5, 0.5]}
							}
						},
						{
							"origin": [0.19064, 1.00758, -0.70312],
							"size": [0.07322, 0.10355, 0.375],
							"pivot": [0.31564, 1.05936, -0.51562],
							"rotation": [0, 0, 45],
							"uv": {
								"north": {"uv": [16, 1], "uv_size": [0.5, 0.5]},
								"east": {"uv": [2, 16], "uv_size": [0.5, 0.5]},
								"south": {"uv": [16, 2], "uv_size": [0.5, 0.5]}
							}
						},
						{
							"origin": [0.26386, 1.12186, -0.70312],
							"size": [0.10355, 0.0625, 0.375],
							"uv": {
								"north": {"uv": [0, 16], "uv_size": [0.5, 0.5]},
								"south": {"uv": [16, 0], "uv_size": [0.5, 0.5]},
								"up": {"uv": [1, 16], "uv_size": [0.5, 0.5]}
							}
						},
						{
							"origin": [0.33349, 0.16803, -3.82812],
							"size": [0.3, 1, 0.125],
							"pivot": [0.48349, 0.91651, -3.89062],
							"rotation": [0, 0, -45],
							"uv": {
								"north": {"uv": [10, 11], "uv_size": [0.5, 1]},
								"east": {"uv": [11, 10], "uv_size": [0.5, 1]},
								"south": {"uv": [11, 11], "uv_size": [0.5, 1]},
								"west": {"uv": [0, 12], "uv_size": [0.5, 1]}
							}
						},
						{
							"origin": [0.19957, 0.9883, -3.82812],
							"size": [0.075, 0.12426, 0.125],
							"uv": {
								"north": {"uv": [14, 16], "uv_size": [0.5, 0.5]},
								"east": {"uv": [16, 14], "uv_size": [0.5, 0.5]},
								"south": {"uv": [15, 16], "uv_size": [0.5, 0.5]}
							}
						},
						{
							"origin": [0.1441, 0.85438, -3.82812],
							"size": [0.08787, 0.12426, 0.125],
							"pivot": [0.48349, 0.91651, -3.89062],
							"rotation": [0, 0, 45],
							"uv": {
								"north": {"uv": [16, 12], "uv_size": [0.5, 0.5]},
								"east": {"uv": [13, 16], "uv_size": [0.5, 0.5]},
								"south": {"uv": [16, 13], "uv_size": [0.5, 0.5]}
							}
						},
						{
							"origin": [0.28744, 1.12543, -3.82812],
							"size": [0.12426, 0.075, 0.125],
							"uv": {
								"north": {"uv": [11, 16], "uv_size": [0.5, 0.5]},
								"south": {"uv": [16, 11], "uv_size": [0.5, 0.5]},
								"up": {"uv": [12, 16], "uv_size": [0.5, 0.5]}
							}
						},
						{
							"origin": [0.33349, 0.16803, -4.19062],
							"size": [0.3, 1, 0.125],
							"pivot": [0.48349, 0.91651, -4.00312],
							"rotation": [0, 0, -45],
							"uv": {
								"north": {"uv": [10, 11], "uv_size": [0.5, 1]},
								"east": {"uv": [11, 10], "uv_size": [0.5, 1]},
								"south": {"uv": [11, 11], "uv_size": [0.5, 1]},
								"west": {"uv": [0, 12], "uv_size": [0.5, 1]}
							}
						},
						{
							"origin": [0.28744, 1.12543, -4.19062],
							"size": [0.12426, 0.075, 0.125],
							"uv": {
								"north": {"uv": [11, 16], "uv_size": [0.5, 0.5]},
								"south": {"uv": [16, 11], "uv_size": [0.5, 0.5]},
								"up": {"uv": [12, 16], "uv_size": [0.5, 0.5]}
							}
						},
						{
							"origin": [0.19957, 0.9883, -4.19062],
							"size": [0.075, 0.12426, 0.125],
							"uv": {
								"north": {"uv": [14, 16], "uv_size": [0.5, 0.5]},
								"east": {"uv": [16, 14], "uv_size": [0.5, 0.5]},
								"south": {"uv": [15, 16], "uv_size": [0.5, 0.5]}
							}
						},
						{
							"origin": [0.1441, 0.85438, -4.19062],
							"size": [0.08787, 0.12426, 0.125],
							"pivot": [0.48349, 0.91651, -4.00312],
							"rotation": [0, 0, 45],
							"uv": {
								"north": {"uv": [16, 12], "uv_size": [0.5, 0.5]},
								"east": {"uv": [13, 16], "uv_size": [0.5, 0.5]},
								"south": {"uv": [16, 13], "uv_size": [0.5, 0.5]}
							}
						},
						{
							"origin": [1.1875, 0.1875, 0.14154],
							"size": [0.25, 0.75, 0.31066],
							"uv": {
								"west": {"uv": [11, 9], "uv_size": [0.5, 1]},
								"up": {"uv": [10, 16], "uv_size": [0.5, 0.5]},
								"down": {"uv": [16, 10.5], "uv_size": [0.5, -0.5]}
							}
						},
						{
							"origin": [-0.6875, 0.125, -0.89062],
							"size": [0.125, 0.375, 0.75],
							"uv": {
								"north": {"uv": [9, 15], "uv_size": [0.5, 0.5]},
								"east": {"uv": [15, 9], "uv_size": [0.5, 0.5]},
								"south": {"uv": [10, 15], "uv_size": [0.5, 0.5]},
								"down": {"uv": [15, 10.5], "uv_size": [0.5, -0.5]}
							}
						},
						{
							"origin": [-0.6875, 0.125, -4.26562],
							"size": [0.125, 0.375, 0.75],
							"uv": {
								"north": {"uv": [7, 15], "uv_size": [0.5, 0.5]},
								"east": {"uv": [15, 7], "uv_size": [0.5, 0.5]},
								"south": {"uv": [8, 15], "uv_size": [0.5, 0.5]},
								"down": {"uv": [15, 8.5], "uv_size": [0.5, -0.5]}
							}
						},
						{
							"origin": [-0.71339, 0.45895, -0.8896],
							"size": [0.125, 0.17678, 0.748],
							"pivot": [-0.65089, 0.44822, -2.14062],
							"rotation": [0, 0, 45],
							"uv": {
								"north": {"uv": [11, 15], "uv_size": [0.5, 0.5]},
								"east": {"uv": [15, 11], "uv_size": [0.5, 0.5]},
								"south": {"uv": [12, 15], "uv_size": [0.5, 0.5]}
							}
						},
						{
							"origin": [-0.71339, 0.45895, -4.2646],
							"size": [0.125, 0.17678, 0.748],
							"pivot": [-0.65089, 0.44822, -2.26562],
							"rotation": [0, 0, 45],
							"uv": {
								"north": {"uv": [11, 17], "uv_size": [0.5, 0.5]},
								"east": {"uv": [17, 11], "uv_size": [0.5, 0.5]},
								"south": {"uv": [12, 17], "uv_size": [0.5, 0.5]}
							}
						}
					]
				},
				{
					"name": "ocular2",
					"parent": "scope_body",
					"pivot": [0, 1.36875, -4.02772],
					"cubes": [
						{
							"origin": [-0.14919, 2.11873, -4.075],
							"size": [0.29838, 0.00003, 0.25],
							"pivot": [0, 1.36875, -4.02772],
							"rotation": [0, 0, -112.5],
							"uv": {
								"up": {"uv": [1, 0], "uv_size": [0.5, 0.5]},
								"down": {"uv": [1, 1.5], "uv_size": [0.5, -0.5]}
							}
						},
						{
							"origin": [-0.14919, 2.11873, -4.075],
							"size": [0.29838, 0.00003, 0.25],
							"pivot": [0, 1.36875, -4.02772],
							"rotation": [0, 0, -90],
							"uv": {
								"up": {"uv": [1, 0], "uv_size": [0.5, 0.5]},
								"down": {"uv": [1, 1.5], "uv_size": [0.5, -0.5]}
							}
						},
						{
							"origin": [-0.14919, 2.11873, -4.075],
							"size": [0.29838, 0.00003, 0.25],
							"pivot": [0, 1.36875, -4.02772],
							"rotation": [0, 0, -135],
							"uv": {
								"up": {"uv": [1, 0], "uv_size": [0.5, 0.5]},
								"down": {"uv": [1, 1.5], "uv_size": [0.5, -0.5]}
							}
						},
						{
							"origin": [-0.14919, 2.11873, -4.075],
							"size": [0.29838, 0.00003, 0.25],
							"pivot": [0, 1.36875, -4.02772],
							"rotation": [0, 0, -157.5],
							"uv": {
								"up": {"uv": [1, 0], "uv_size": [0.5, 0.5]},
								"down": {"uv": [1, 1.5], "uv_size": [0.5, -0.5]}
							}
						},
						{
							"origin": [-0.14919, 2.11873, -4.075],
							"size": [0.29838, 0.00003, 0.25],
							"pivot": [0, 1.36875, -4.02772],
							"rotation": [0, 0, -45],
							"uv": {
								"up": {"uv": [1, 0], "uv_size": [0.5, 0.5]},
								"down": {"uv": [1, 1.5], "uv_size": [0.5, -0.5]}
							}
						},
						{
							"origin": [-0.14919, 2.11873, -4.075],
							"size": [0.29838, 0.00003, 0.25],
							"pivot": [0, 1.36875, -4.02772],
							"rotation": [0, 0, -67.5],
							"uv": {
								"up": {"uv": [1, 0], "uv_size": [0.5, 0.5]},
								"down": {"uv": [1, 1.5], "uv_size": [0.5, -0.5]}
							}
						},
						{
							"origin": [-0.14919, 2.11873, -4.075],
							"size": [0.29838, 0.00003, 0.25],
							"pivot": [0, 1.36875, -4.02772],
							"rotation": [0, 0, -22.5],
							"uv": {
								"up": {"uv": [1, 0], "uv_size": [0.5, 0.5]},
								"down": {"uv": [1, 1.5], "uv_size": [0.5, -0.5]}
							}
						},
						{
							"origin": [-0.14919, 2.11873, -4.075],
							"size": [0.29838, 0.00003, 0.25],
							"uv": {
								"up": {"uv": [1, 0], "uv_size": [0.5, 0.5]},
								"down": {"uv": [1, 1.5], "uv_size": [0.5, -0.5]}
							}
						},
						{
							"origin": [-0.14919, 2.11873, -4.075],
							"size": [0.29838, 0.00003, 0.25],
							"pivot": [0, 1.36875, -4.02772],
							"rotation": [0, 0, -180],
							"uv": {
								"up": {"uv": [1, 0], "uv_size": [0.5, 0.5]},
								"down": {"uv": [1, 1.5], "uv_size": [0.5, -0.5]}
							}
						},
						{
							"origin": [-0.14919, 2.11873, -4.075],
							"size": [0.29838, 0.00003, 0.25],
							"pivot": [0, 1.36875, -4.02772],
							"rotation": [0, 0, 157.5],
							"uv": {
								"up": {"uv": [1, 0], "uv_size": [0.5, 0.5]},
								"down": {"uv": [1, 1.5], "uv_size": [0.5, -0.5]}
							}
						},
						{
							"origin": [-0.14919, 2.11873, -4.075],
							"size": [0.29838, 0.00003, 0.25],
							"pivot": [0, 1.36875, -4.02772],
							"rotation": [0, 0, 112.5],
							"uv": {
								"up": {"uv": [1, 0], "uv_size": [0.5, 0.5]},
								"down": {"uv": [1, 1.5], "uv_size": [0.5, -0.5]}
							}
						},
						{
							"origin": [-0.14919, 2.11873, -4.075],
							"size": [0.29838, 0.00003, 0.25],
							"pivot": [0, 1.36875, -4.02772],
							"rotation": [0, 0, 135],
							"uv": {
								"up": {"uv": [1, 0], "uv_size": [0.5, 0.5]},
								"down": {"uv": [1, 1.5], "uv_size": [0.5, -0.5]}
							}
						},
						{
							"origin": [-0.14919, 2.11873, -4.075],
							"size": [0.29838, 0.00003, 0.25],
							"pivot": [0, 1.36875, -4.02772],
							"rotation": [0, 0, 22.5],
							"uv": {
								"up": {"uv": [1, 0], "uv_size": [0.5, 0.5]},
								"down": {"uv": [1, 1.5], "uv_size": [0.5, -0.5]}
							}
						},
						{
							"origin": [-0.14919, 2.11873, -4.075],
							"size": [0.29838, 0.00003, 0.25],
							"pivot": [0, 1.36875, -4.02772],
							"rotation": [0, 0, 45],
							"uv": {
								"up": {"uv": [1, 0], "uv_size": [0.5, 0.5]},
								"down": {"uv": [1, 1.5], "uv_size": [0.5, -0.5]}
							}
						},
						{
							"origin": [-0.14919, 2.11873, -4.075],
							"size": [0.29838, 0.00003, 0.25],
							"pivot": [0, 1.36875, -4.02772],
							"rotation": [0, 0, 90],
							"uv": {
								"up": {"uv": [1, 0], "uv_size": [0.5, 0.5]},
								"down": {"uv": [1, 1.5], "uv_size": [0.5, -0.5]}
							}
						},
						{
							"origin": [-0.14919, 2.11873, -4.075],
							"size": [0.29838, 0.00003, 0.25],
							"pivot": [0, 1.36875, -4.02772],
							"rotation": [0, 0, 67.5],
							"uv": {
								"up": {"uv": [1, 0], "uv_size": [0.5, 0.5]},
								"down": {"uv": [1, 1.5], "uv_size": [0.5, -0.5]}
							}
						}
					]
				},
				{
					"name": "mount",
					"parent": "scope_body",
					"pivot": [0, -1.1625, -3.1],
					"cubes": [
						{
							"origin": [-0.375, 0.00313, -4.33437],
							"size": [0.75, 0.3125, 4.25],
							"uv": {
								"north": {"uv": [9, 9], "uv_size": [1, 0.5]},
								"east": {"uv": [1, 10], "uv_size": [4.5, 0.5]},
								"south": {"uv": [10, 2], "uv_size": [1, 0.5]},
								"west": {"uv": [1, 15], "uv_size": [4.5, 0.5]}
							}
						},
						{
							"origin": [-0.62516, -0.30953, -4.33437],
							"size": [0.25, 0.3125, 4.25],
							"uv": {
								"north": {"uv": [19, 17], "uv_size": [0.5, 0.5]},
								"east": {"uv": [6, 18], "uv_size": [4.5, 0.5]},
								"south": {"uv": [19, 18], "uv_size": [0.5, 0.5]},
								"west": {"uv": [18, 9], "uv_size": [4.5, 0.5]},
								"down": {"uv": [18, 14.5], "uv_size": [0.5, -4.5]}
							}
						},
						{
							"origin": [0.37516, -0.30953, -4.33437],
							"size": [0.25, 0.3125, 1.25],
							"uv": {
								"north": {"uv": [19, 19], "uv_size": [0.5, 0.5]},
								"east": {"uv": [0, 19], "uv_size": [1.5, 0.5]},
								"south": {"uv": [0, 20], "uv_size": [0.5, 0.5]},
								"west": {"uv": [2, 19], "uv_size": [1.5, 0.5]},
								"down": {"uv": [15, 2.5], "uv_size": [0.5, -1.5]}
							}
						},
						{
							"origin": [0.37516, -0.30953, -1.33437],
							"size": [0.25, 0.3125, 1.25],
							"uv": {
								"north": {"uv": [1, 20], "uv_size": [0.5, 0.5]},
								"east": {"uv": [6, 19], "uv_size": [1.5, 0.5]},
								"south": {"uv": [20, 1], "uv_size": [0.5, 0.5]},
								"west": {"uv": [19, 6], "uv_size": [1.5, 0.5]},
								"down": {"uv": [15, 4.5], "uv_size": [0.5, -1.5]}
							}
						},
						{
							"origin": [-0.5, 0.31563, -4.33437],
							"size": [1, 0.001, 4.25],
							"uv": {
								"up": {"uv": [18, 4], "uv_size": [1, 4.5]},
								"down": {"uv": [5, 22.5], "uv_size": [1, -4.5]}
							}
						},
						{
							"origin": [-0.3643, 0.18588, -2.58437],
							"size": [0.177, 0.177, 0.75],
							"pivot": [-0.375, 0.17518, -5.20937],
							"rotation": [0, 0, -45],
							"uv": {
								"north": {"uv": [2, 20], "uv_size": [0.5, 0.5]},
								"south": {"uv": [20, 2], "uv_size": [0.5, 0.5]},
								"up": {"uv": [10, 5], "uv_size": [0.5, 1]}
							}
						},
						{
							"origin": [0.1873, 0.18588, -2.58437],
							"size": [0.177, 0.177, 0.75],
							"pivot": [0.375, 0.17518, -5.20937],
							"rotation": [0, 0, 45],
							"uv": {
								"north": {"uv": [3, 20], "uv_size": [0.5, 0.5]},
								"south": {"uv": [20, 3], "uv_size": [0.5, 0.5]},
								"up": {"uv": [12, 5], "uv_size": [0.5, 1]}
							}
						},
						{
							"origin": [-0.375, 0.31563, -2.58437],
							"size": [0.75, 0.125, 0.75],
							"uv": {
								"north": {"uv": [19, 7], "uv_size": [1, 0.5]},
								"south": {"uv": [8, 19], "uv_size": [1, 0.5]},
								"up": {"uv": [0, 0], "uv_size": [1, 1]}
							}
						},
						{
							"origin": [-0.5, 0.00313, -4.33437],
							"size": [1, 0.125, 4.25],
							"uv": {
								"north": {"uv": [1, 21], "uv_size": [1, 0.5]},
								"east": {"uv": [6, 21], "uv_size": [4.5, 0.5]},
								"south": {"uv": [2, 21], "uv_size": [1, 0.5]},
								"west": {"uv": [21, 6], "uv_size": [4.5, 0.5]},
								"up": {"uv": [4, 18], "uv_size": [1, 4.5]},
								"down": {"uv": [21, 5.5], "uv_size": [1, -4.5]}
							}
						},
						{
							"origin": [-0.3643, 0.18588, -4.33437],
							"size": [0.177, 0.177, 1],
							"pivot": [-0.375, 0.17518, -6.70937],
							"rotation": [0, 0, -45],
							"uv": {
								"north": {"uv": [20, 4], "uv_size": [0.5, 0.5]},
								"south": {"uv": [20, 5], "uv_size": [0.5, 0.5]},
								"up": {"uv": [19, 8], "uv_size": [0.5, 1]}
							}
						},
						{
							"origin": [0.1873, 0.18588, -4.33437],
							"size": [0.177, 0.177, 1],
							"pivot": [0.375, 0.17518, -6.70937],
							"rotation": [0, 0, 45],
							"uv": {
								"north": {"uv": [6, 20], "uv_size": [0.5, 0.5]},
								"south": {"uv": [7, 20], "uv_size": [0.5, 0.5]},
								"up": {"uv": [9, 19], "uv_size": [0.5, 1]}
							}
						},
						{
							"origin": [-0.375, 0.31563, -4.33437],
							"size": [0.75, 0.125, 1],
							"uv": {
								"north": {"uv": [10, 19], "uv_size": [1, 0.5]},
								"south": {"uv": [19, 10], "uv_size": [1, 0.5]},
								"up": {"uv": [0, 1], "uv_size": [1, 1]}
							}
						},
						{
							"origin": [-0.3643, 0.18588, -3.08437],
							"size": [0.177, 0.177, 0.25],
							"pivot": [-0.375, 0.17518, -6.20937],
							"rotation": [0, 0, -45],
							"uv": {
								"north": {"uv": [20, 7], "uv_size": [0.5, 0.5]},
								"south": {"uv": [8, 20], "uv_size": [0.5, 0.5]},
								"up": {"uv": [20, 8], "uv_size": [0.5, 0.5]}
							}
						},
						{
							"origin": [-0.375, 0.31563, -3.08437],
							"size": [0.75, 0.125, 0.25],
							"uv": {
								"north": {"uv": [11, 19], "uv_size": [1, 0.5]},
								"south": {"uv": [19, 11], "uv_size": [1, 0.5]},
								"up": {"uv": [12, 19], "uv_size": [1, 0.5]}
							}
						},
						{
							"origin": [0.1873, 0.18588, -3.08437],
							"size": [0.177, 0.177, 0.25],
							"pivot": [0.375, 0.17518, -6.20937],
							"rotation": [0, 0, 45],
							"uv": {
								"north": {"uv": [9, 20], "uv_size": [0.5, 0.5]},
								"south": {"uv": [10, 20], "uv_size": [0.5, 0.5]},
								"up": {"uv": [20, 10], "uv_size": [0.5, 0.5]}
							}
						},
						{
							"origin": [0.1873, 0.18588, -1.08437],
							"size": [0.177, 0.177, 1],
							"pivot": [0.375, 0.17518, -3.70937],
							"rotation": [0, 0, 45],
							"uv": {
								"north": {"uv": [11, 20], "uv_size": [0.5, 0.5]},
								"south": {"uv": [20, 11], "uv_size": [0.5, 0.5]},
								"up": {"uv": [19, 12], "uv_size": [0.5, 1]}
							}
						},
						{
							"origin": [0.1873, 0.18588, -4.33437],
							"size": [0.177, 0.177, 4.25],
							"pivot": [0.375, 0.17518, -3.70937],
							"rotation": [0, 0, 45],
							"uv": {
								"west": {"uv": [11, 18], "uv_size": [4.5, 0.5]}
							}
						},
						{
							"origin": [-0.3643, 0.18588, -4.33437],
							"size": [0.177, 0.177, 4.25],
							"pivot": [-0.375, 0.17518, -3.70937],
							"rotation": [0, 0, -45],
							"uv": {
								"east": {"uv": [18, 15], "uv_size": [4.5, 0.5]}
							}
						},
						{
							"origin": [-0.375, 0.31563, -1.08437],
							"size": [0.75, 0.125, 1],
							"uv": {
								"north": {"uv": [13, 19], "uv_size": [1, 0.5]},
								"south": {"uv": [19, 13], "uv_size": [1, 0.5]},
								"up": {"uv": [2, 1], "uv_size": [1, 1]}
							}
						},
						{
							"origin": [-0.3643, 0.18588, -1.08437],
							"size": [0.177, 0.177, 1],
							"pivot": [-0.375, 0.17518, -3.70937],
							"rotation": [0, 0, -45],
							"uv": {
								"north": {"uv": [12, 20], "uv_size": [0.5, 0.5]},
								"south": {"uv": [20, 12], "uv_size": [0.5, 0.5]},
								"up": {"uv": [14, 19], "uv_size": [0.5, 1]}
							}
						},
						{
							"origin": [-0.4893, -0.12662, -4.33437],
							"size": [0.177, 0.177, 4.25],
							"pivot": [-0.5, -0.13732, -3.70937],
							"rotation": [0, 0, -45],
							"uv": {
								"north": {"uv": [13, 20], "uv_size": [0.5, 0.5]},
								"south": {"uv": [20, 13], "uv_size": [0.5, 0.5]},
								"up": {"uv": [16, 18], "uv_size": [0.5, 4.5]}
							}
						},
						{
							"origin": [0.3123, -0.12662, -4.33437],
							"size": [0.177, 0.177, 4.25],
							"pivot": [0.5, -0.13732, -3.70937],
							"rotation": [0, 0, 45],
							"uv": {
								"north": {"uv": [20, 14], "uv_size": [0.5, 0.5]},
								"south": {"uv": [20, 16], "uv_size": [0.5, 0.5]},
								"west": {"uv": [19, 0], "uv_size": [4.5, 0.5]},
								"up": {"uv": [17, 18], "uv_size": [0.5, 4.5]},
								"down": {"uv": [19, 5.5], "uv_size": [0.5, -4.5]}
							}
						},
						{
							"origin": [0.1873, 0.18588, -1.58437],
							"size": [0.177, 0.177, 0.25],
							"pivot": [0.375, 0.17518, -4.70937],
							"rotation": [0, 0, 45],
							"uv": {
								"north": {"uv": [20, 17], "uv_size": [0.5, 0.5]},
								"south": {"uv": [20, 18], "uv_size": [0.5, 0.5]},
								"up": {"uv": [19, 20], "uv_size": [0.5, 0.5]}
							}
						},
						{
							"origin": [-0.3643, 0.18588, -1.58437],
							"size": [0.177, 0.177, 0.25],
							"pivot": [-0.375, 0.17518, -4.70937],
							"rotation": [0, 0, -45],
							"uv": {
								"north": {"uv": [20, 19], "uv_size": [0.5, 0.5]},
								"south": {"uv": [20, 20], "uv_size": [0.5, 0.5]},
								"up": {"uv": [0, 21], "uv_size": [0.5, 0.5]}
							}
						},
						{
							"origin": [-0.375, 0.31563, -1.58437],
							"size": [0.75, 0.125, 0.25],
							"uv": {
								"north": {"uv": [19, 14], "uv_size": [1, 0.5]},
								"south": {"uv": [15, 19], "uv_size": [1, 0.5]},
								"up": {"uv": [19, 16], "uv_size": [1, 0.5]}
							}
						}
					]
				},
				{
					"name": "ocular",
					"pivot": [0, 1.36875, -3.89728],
					"cubes": [
						{
							"origin": [-0.14919, 0.61873, -4.075],
							"size": [0.29838, 1.50003, 0.25],
							"pivot": [0, 1.36875, -3.89728],
							"rotation": [0, 0, -45],
							"uv": {
								"south": {"uv": [6, 4], "uv_size": [0.5, 1.5]}
							}
						},
						{
							"origin": [-0.14919, 0.61873, -4.075],
							"size": [0.29838, 1.50003, 0.25],
							"pivot": [0, 1.36875, -3.89728],
							"rotation": [0, 0, -22.5],
							"uv": {
								"south": {"uv": [5, 6], "uv_size": [0.5, 1.5]}
							}
						},
						{
							"origin": [-0.14919, 0.61873, -4.075],
							"size": [0.29838, 1.50003, 0.25],
							"uv": {
								"south": {"uv": [6, 6], "uv_size": [0.5, 1.5]}
							}
						},
						{
							"origin": [-0.14919, 0.61873, -4.075],
							"size": [0.29838, 1.50003, 0.25],
							"pivot": [0, 1.36875, -3.89728],
							"rotation": [0, 0, 22.5],
							"uv": {
								"south": {"uv": [0, 7], "uv_size": [0.5, 1.5]}
							}
						},
						{
							"origin": [-0.14919, 0.61873, -4.075],
							"size": [0.29838, 1.50003, 0.25],
							"pivot": [0, 1.36875, -3.89728],
							"rotation": [0, 0, 45],
							"uv": {
								"south": {"uv": [7, 1], "uv_size": [0.5, 1.5]}
							}
						},
						{
							"origin": [-0.75002, 1.21956, -4.075],
							"size": [1.50003, 0.29838, 0.25],
							"pivot": [0, 1.36875, -3.89728],
							"rotation": [0, 0, -22.5],
							"uv": {
								"south": {"uv": [7, 3], "uv_size": [1.5, 0.5]}
							}
						},
						{
							"origin": [-0.75002, 1.21956, -4.075],
							"size": [1.50003, 0.29838, 0.25],
							"uv": {
								"south": {"uv": [7, 4], "uv_size": [1.5, 0.5]}
							}
						},
						{
							"origin": [-0.75002, 1.21956, -4.075],
							"size": [1.50003, 0.29838, 0.25],
							"pivot": [0, 1.36875, -3.89728],
							"rotation": [0, 0, 22.5],
							"uv": {
								"south": {"uv": [7, 5], "uv_size": [1.5, 0.5]}
							}
						}
					]
				},
				{
					"name": "scope_view",
					"pivot": [0, 1.3688, 7]
				},
				{
					"name": "division",
					"pivot": [0, 1.3813, -70]
				},
				{
					"name": "division_illuminated",
					"parent": "division",
					"pivot": [0, 1.3813, -70],
					"cubes": [
						{
							"origin": [-0.4375, 0.6812, -70],
							"size": [0.875, 0.8, 0],
							"pivot": [0, 1.3812, -70],
							"rotation": [45, 0, 0],
							"uv": {
								"south": {"uv": [0.5, 23.5], "uv_size": [12.5, 8]}
							}
						},
						{
							"origin": [-0.075, -0.10625, -69.98437],
							"size": [0.15, 1, 0],
							"pivot": [0, 0.39375, -69.98437],
							"rotation": [45, 0, 0],
							"uv": {
								"south": {"uv": [14.5, 20], "uv_size": [1.5, 12]}
							}
						},
						{
							"origin": [-0.115, -1.4625, -70],
							"size": [0.2, 1.875, 0],
							"pivot": [0, 1.38125, -70],
							"rotation": [0, 45, -90],
							"uv": {
								"south": {"uv": [14.5, 20], "uv_size": [1.5, 12]}
							}
						},
						{
							"origin": [-0.085, -1.4625, -70],
							"size": [0.2, 1.875, 0],
							"pivot": [0, 1.38125, -70],
							"rotation": [0, -45, 90],
							"uv": {
								"south": {"uv": [16, 20], "uv_size": [-1.5, 12]}
							}
						}
					]
				}
			]
		}
	]
}