{
  "materials": [
    {
      "item": {
        "tag": "forge:ingots/iron"
      },
      "count": 42
    },
    {
      "item": {
        "tag": "forge:gems/amethyst"
      },
      "count": 18
    },
    {
      "item": {
        "tag": "forge:dusts/glowstone"
      },
      "count": 6
    },
    {
      "item": {
        "tag": "forge:dusts/redstone"
      },
      "count": 6
    }
  ],
  "result": {
    "type": "attachment",
    "id": "asos:sight_vortex_razorhdg3_6t36x56"
  },
  "type": "tacz:gun_smith_table_crafting"
}