{
  "materials": [
    {
      "item": {
        "tag": "forge:ingots/iron"
      },
      "count": 24
    },
    {
      "item": {
        "tag": "forge:gems/amethyst"
      },
      "count": 8
    },
    {
      "item": {
        "tag": "forge:dusts/glowstone"
      },
      "count": 4
    },
    {
      "item": {
        "tag": "forge:dusts/redstone"
      },
      "count": 6
    }
  ],
  "result": {
    "type": "attachment",
    "id": "asos:sight_eotech_vudu_sfp_3t9x32"
  },
  "type": "tacz:gun_smith_table_crafting"
}