{
	"format_version": "1.12.0",
	"minecraft:geometry": [
		{
			"description": {
				"identifier": "geometry.unknown",
				"texture_width": 16,
				"texture_height": 16,
				"visible_bounds_width": 2,
				"visible_bounds_height": 1.5,
				"visible_bounds_offset": [0, 0.25, 0]
			},
			"bones": [
				{
					"name": "bb_main",
					"pivot": [0, 0, 0],
					"cubes": [
						{
							"origin": [-0.5, -0.5, -1],
							"size": [1, 1, 2],
							"uv": {
								"north": {"uv": [0, 4], "uv_size": [1, 1]},
								"east": {"uv": [0, 0], "uv_size": [2, 1]},
								"south": {"uv": [5, 0], "uv_size": [1, 1]},
								"west": {"uv": [0, 2], "uv_size": [2, 1]},
								"up": {"uv": [3, 0], "uv_size": [1, 2]},
								"down": {"uv": [3, 5], "uv_size": [1, -2]}
							}
						}
					]
				}
			]
		}
	]
}