{
	"format_version": "1.12.0",
	"minecraft:geometry": [
		{
			"description": {
				"identifier": "geometry.unknown",
				"texture_width": 64,
				"texture_height": 64,
				"visible_bounds_width": 12,
				"visible_bounds_height": 1.5,
				"visible_bounds_offset": [0, 0.25, 0]
			},
			"bones": [
				{
					"name": "sight_body",
					"pivot": [0, 2.1, -3],
					"cubes": [
						{
							"origin": [0.95, -0.05, -0.975],
							"size": [0.3, 0.3, 0.3],
							"pivot": [1.1, 0.1, -0.825],
							"rotation": [-180, -45, -90],
							"uv": {
								"north": {"uv": [55, 2], "uv_size": [0.5, 0.5]},
								"east": {"uv": [4, 55], "uv_size": [0.5, 0.5]},
								"south": {"uv": [55, 4], "uv_size": [0.5, 0.5]},
								"west": {"uv": [6, 55], "uv_size": [0.5, 0.5]}
							}
						},
						{
							"origin": [1.07603, 0.1, -1.245],
							"size": [0.34794, 0.28, 0.84],
							"pivot": [1.25, 0.1, -0.825],
							"rotation": [-180, -67.5, -90],
							"uv": {
								"north": {"uv": [54, 54], "uv_size": [0.5, 0.5]},
								"south": {"uv": [55, 0], "uv_size": [0.5, 0.5]},
								"up": {"uv": [34, 41], "uv_size": [0.5, 1]},
								"down": {"uv": [41, 40], "uv_size": [0.5, -1]}
							}
						},
						{
							"origin": [1.07603, 0.1, -1.245],
							"size": [0.34794, 0.2794, 0.84],
							"pivot": [1.25, 0.1, -0.825],
							"rotation": [0, -67.5, 90],
							"uv": {
								"north": {"uv": [52, 54], "uv_size": [0.5, 0.5]},
								"south": {"uv": [54, 52], "uv_size": [0.5, 0.5]},
								"up": {"uv": [30, 41], "uv_size": [0.5, 1]},
								"down": {"uv": [32, 42], "uv_size": [0.5, -1]}
							}
						},
						{
							"origin": [-0.27659, 1.73704, -2.1398],
							"size": [0.55318, 2, 0.17204],
							"pivot": [0, 2.1, -3],
							"rotation": [90, 0, -90],
							"uv": {
								"north": {"uv": [6, 29], "uv_size": [0.5, 2]},
								"south": {"uv": [8, 29], "uv_size": [0.5, 2]},
								"up": {"uv": [58, 36], "uv_size": [0.5, 0.5]},
								"down": {"uv": [38, 58.5], "uv_size": [0.5, -0.5]}
							}
						},
						{
							"origin": [-0.27659, 1.73704, -2.1398],
							"size": [0.55318, 2, 0.17204],
							"pivot": [0, 2.1, -3],
							"rotation": [90, 0, -120],
							"uv": {
								"north": {"uv": [29, 0], "uv_size": [0.5, 2]},
								"south": {"uv": [2, 29], "uv_size": [0.5, 2]},
								"up": {"uv": [58, 34], "uv_size": [0.5, 0.5]},
								"down": {"uv": [36, 58.5], "uv_size": [0.5, -0.5]}
							}
						},
						{
							"origin": [-0.27659, 1.73704, -2.1398],
							"size": [0.55318, 2, 0.17204],
							"pivot": [0, 2.1, -3],
							"rotation": [90, 0, -150],
							"uv": {
								"north": {"uv": [26, 28], "uv_size": [0.5, 2]},
								"south": {"uv": [28, 28], "uv_size": [0.5, 2]},
								"up": {"uv": [58, 30], "uv_size": [0.5, 0.5]},
								"down": {"uv": [58, 32.5], "uv_size": [0.5, -0.5]}
							}
						},
						{
							"origin": [-0.24051, -1.9018, -2.252],
							"size": [0.48102, 3.6514, 0.1496],
							"pivot": [0, 2.1, -3],
							"rotation": [90, 0, -180],
							"uv": {
								"north": {"uv": [10, 20], "uv_size": [0.5, 3.5]},
								"south": {"uv": [20, 10], "uv_size": [0.5, 3.5]},
								"up": {"uv": [28, 58], "uv_size": [0.5, 0.5]},
								"down": {"uv": [58, 28.5], "uv_size": [0.5, -0.5]}
							}
						},
						{
							"origin": [-0.24051, -1.9018, -2.252],
							"size": [0.48102, 3.6514, 0.1496],
							"pivot": [0, 2.1, -3],
							"rotation": [90, 0, 150],
							"uv": {
								"north": {"uv": [6, 20], "uv_size": [0.5, 3.5]},
								"south": {"uv": [8, 20], "uv_size": [0.5, 3.5]},
								"up": {"uv": [24, 58], "uv_size": [0.5, 0.5]},
								"down": {"uv": [26, 58.5], "uv_size": [0.5, -0.5]}
							}
						},
						{
							"origin": [-0.24051, -1.9018, -2.252],
							"size": [0.48102, 3.6514, 0.1496],
							"pivot": [0, 2.1, -3],
							"rotation": [90, 0, 120],
							"uv": {
								"north": {"uv": [18, 19], "uv_size": [0.5, 3.5]},
								"south": {"uv": [20, 5], "uv_size": [0.5, 3.5]},
								"up": {"uv": [16, 58], "uv_size": [0.5, 0.5]},
								"down": {"uv": [58, 20.5], "uv_size": [0.5, -0.5]}
							}
						},
						{
							"origin": [-0.24051, -1.9018, -2.252],
							"size": [0.48102, 3.6514, 0.1496],
							"pivot": [0, 2.1, -3],
							"rotation": [90, 0, 90],
							"uv": {
								"north": {"uv": [14, 19], "uv_size": [0.5, 3.5]},
								"south": {"uv": [16, 19], "uv_size": [0.5, 3.5]},
								"up": {"uv": [12, 58], "uv_size": [0.5, 0.5]},
								"down": {"uv": [14, 58.5], "uv_size": [0.5, -0.5]}
							}
						},
						{
							"origin": [-0.24051, -1.9018, -2.252],
							"size": [0.48102, 3.6514, 0.1496],
							"pivot": [0, 2.1, -3],
							"rotation": [90, 0, 60],
							"uv": {
								"north": {"uv": [19, 0], "uv_size": [0.5, 3.5]},
								"south": {"uv": [4, 19], "uv_size": [0.5, 3.5]},
								"up": {"uv": [8, 58], "uv_size": [0.5, 0.5]},
								"down": {"uv": [58, 10.5], "uv_size": [0.5, -0.5]}
							}
						},
						{
							"origin": [-0.24051, -1.9018, -2.252],
							"size": [0.48102, 3.6514, 0.1496],
							"pivot": [0, 2.1, -3],
							"rotation": [90, 0, 30],
							"uv": {
								"north": {"uv": [18, 9], "uv_size": [0.5, 3.5]},
								"south": {"uv": [18, 14], "uv_size": [0.5, 3.5]},
								"up": {"uv": [0, 58], "uv_size": [0.5, 0.5]},
								"down": {"uv": [2, 58.5], "uv_size": [0.5, -0.5]}
							}
						},
						{
							"origin": [-0.24051, -1.9018, -2.252],
							"size": [0.48102, 3.6514, 0.1496],
							"pivot": [0, 2.1, -3],
							"rotation": [90, 0, 0],
							"uv": {
								"north": {"uv": [17, 4], "uv_size": [0.5, 3.5]},
								"south": {"uv": [0, 18], "uv_size": [0.5, 3.5]},
								"up": {"uv": [57, 40], "uv_size": [0.5, 0.5]},
								"down": {"uv": [42, 57.5], "uv_size": [0.5, -0.5]}
							}
						},
						{
							"origin": [-0.17659, 1.73704, -4.80632],
							"size": [0.35318, 1.4, 0.1],
							"pivot": [0, 2.1, -3.67408],
							"rotation": [-90, 0, 120],
							"uv": {
								"north": {"uv": [35.5, 6], "uv_size": [-0.5, 1.5]},
								"east": {"uv": [35.5, 3], "uv_size": [-0.5, 1.5]},
								"west": {"uv": [8.5, 35], "uv_size": [-0.5, 1.5]},
								"up": {"uv": [40, 57.5], "uv_size": [0.5, -0.5]}
							}
						},
						{
							"origin": [-0.17659, 1.73704, -4.80632],
							"size": [0.35318, 1.4, 0.1],
							"pivot": [0, 2.1, -3.67408],
							"rotation": [-90, 0, -180],
							"uv": {
								"north": {"uv": [35.5, 0], "uv_size": [-0.5, 1.5]},
								"east": {"uv": [34.5, 34], "uv_size": [-0.5, 1.5]},
								"west": {"uv": [2.5, 35], "uv_size": [-0.5, 1.5]},
								"up": {"uv": [57, 38.5], "uv_size": [0.5, -0.5]}
							}
						},
						{
							"origin": [-0.17659, 1.73704, -4.80632],
							"size": [0.35318, 1.4, 0.1],
							"pivot": [0, 2.1, -3.67408],
							"rotation": [-90, 0, -120],
							"uv": {
								"north": {"uv": [34.5, 31], "uv_size": [-0.5, 1.5]},
								"east": {"uv": [24.5, 34], "uv_size": [-0.5, 1.5]},
								"west": {"uv": [32.5, 34], "uv_size": [-0.5, 1.5]},
								"up": {"uv": [34, 57.5], "uv_size": [0.5, -0.5]}
							}
						},
						{
							"origin": [-0.17659, 1.73704, -4.80632],
							"size": [0.35318, 1.4, 0.1],
							"pivot": [0, 2.1, -3.67408],
							"rotation": [-90, 0, -60],
							"uv": {
								"north": {"uv": [20.5, 34], "uv_size": [-0.5, 1.5]},
								"east": {"uv": [34.5, 11], "uv_size": [-0.5, 1.5]},
								"west": {"uv": [22.5, 34], "uv_size": [-0.5, 1.5]},
								"up": {"uv": [32, 57.5], "uv_size": [0.5, -0.5]}
							}
						},
						{
							"origin": [-0.17659, 1.73704, -4.80632],
							"size": [0.35318, 1.4, 0.1],
							"pivot": [0, 2.1, -3.67408],
							"rotation": [-90, 0, 0],
							"uv": {
								"north": {"uv": [6.5, 34], "uv_size": [-0.5, 1.5]},
								"east": {"uv": [4.5, 34], "uv_size": [-0.5, 1.5]},
								"west": {"uv": [11.5, 34], "uv_size": [-0.5, 1.5]},
								"up": {"uv": [30, 57.5], "uv_size": [0.5, -0.5]}
							}
						},
						{
							"origin": [-0.27659, 1.73704, -2.1398],
							"size": [0.55318, 2, 0.17204],
							"pivot": [0, 2.1, -3],
							"rotation": [90, 0, -180],
							"uv": {
								"north": {"uv": [28, 22], "uv_size": [0.5, 2]},
								"south": {"uv": [28, 25], "uv_size": [0.5, 2]},
								"up": {"uv": [57, 24], "uv_size": [0.5, 0.5]},
								"down": {"uv": [57, 26.5], "uv_size": [0.5, -0.5]}
							}
						},
						{
							"origin": [-0.27659, 1.73704, -2.1398],
							"size": [0.55318, 2, 0.17204],
							"pivot": [0, 2.1, -3],
							"rotation": [90, 0, 150],
							"uv": {
								"north": {"uv": [18, 28], "uv_size": [0.5, 2]},
								"south": {"uv": [28, 19], "uv_size": [0.5, 2]},
								"up": {"uv": [22, 57], "uv_size": [0.5, 0.5]},
								"down": {"uv": [57, 22.5], "uv_size": [0.5, -0.5]}
							}
						},
						{
							"origin": [-0.27659, 1.73704, -2.1398],
							"size": [0.55318, 2, 0.17204],
							"pivot": [0, 2.1, -3],
							"rotation": [90, 0, 120],
							"uv": {
								"north": {"uv": [16, 28], "uv_size": [0.5, 2]},
								"south": {"uv": [28, 16], "uv_size": [0.5, 2]},
								"up": {"uv": [57, 18], "uv_size": [0.5, 0.5]},
								"down": {"uv": [20, 57.5], "uv_size": [0.5, -0.5]}
							}
						},
						{
							"origin": [-0.27659, 1.73704, -2.1398],
							"size": [0.55318, 2, 0.17204],
							"pivot": [0, 2.1, -3],
							"rotation": [90, 0, 90],
							"uv": {
								"north": {"uv": [28, 13], "uv_size": [0.5, 2]},
								"south": {"uv": [14, 28], "uv_size": [0.5, 2]},
								"up": {"uv": [57, 16], "uv_size": [0.5, 0.5]},
								"down": {"uv": [18, 57.5], "uv_size": [0.5, -0.5]}
							}
						},
						{
							"origin": [-0.27659, 1.73704, -2.1398],
							"size": [0.55318, 2, 0.17204],
							"pivot": [0, 2.1, -3],
							"rotation": [90, 0, 0],
							"uv": {
								"north": {"uv": [28, 7], "uv_size": [0.5, 2]},
								"south": {"uv": [28, 10], "uv_size": [0.5, 2]},
								"up": {"uv": [57, 12], "uv_size": [0.5, 0.5]},
								"down": {"uv": [57, 14.5], "uv_size": [0.5, -0.5]}
							}
						},
						{
							"origin": [-0.27659, 1.73704, -2.1398],
							"size": [0.55318, 2, 0.17204],
							"pivot": [0, 2.1, -3],
							"rotation": [90, 0, 60],
							"uv": {
								"north": {"uv": [4, 28], "uv_size": [0.5, 2]},
								"south": {"uv": [28, 4], "uv_size": [0.5, 2]},
								"up": {"uv": [57, 8], "uv_size": [0.5, 0.5]},
								"down": {"uv": [10, 57.5], "uv_size": [0.5, -0.5]}
							}
						},
						{
							"origin": [-0.27659, 1.73704, -2.1398],
							"size": [0.55318, 2, 0.17204],
							"pivot": [0, 2.1, -3],
							"rotation": [90, 0, 30],
							"uv": {
								"north": {"uv": [26, 25], "uv_size": [0.5, 2]},
								"south": {"uv": [0, 27], "uv_size": [0.5, 2]},
								"up": {"uv": [6, 57], "uv_size": [0.5, 0.5]},
								"down": {"uv": [57, 6.5], "uv_size": [0.5, -0.5]}
							}
						},
						{
							"origin": [-0.25254, -2.73169, -2.8646],
							"size": [0.50508, 0.4298, 0.15708],
							"pivot": [0, 2.1, -3.65],
							"rotation": [90, 0, -30],
							"uv": {
								"north": {"uv": [57, 0], "uv_size": [0.5, 0.5]},
								"south": {"uv": [57, 2], "uv_size": [0.5, 0.5]},
								"up": {"uv": [4, 57], "uv_size": [0.5, 0.5]},
								"down": {"uv": [57, 4.5], "uv_size": [0.5, -0.5]}
							}
						},
						{
							"origin": [-0.25254, -2.73189, -2.8646],
							"size": [0.50508, 0.43, 0.15708],
							"pivot": [0, 2.1, -3.65],
							"rotation": [90, 0, -60],
							"uv": {
								"north": {"uv": [56, 52], "uv_size": [0.5, 0.5]},
								"south": {"uv": [54, 56], "uv_size": [0.5, 0.5]},
								"up": {"uv": [56, 54], "uv_size": [0.5, 0.5]},
								"down": {"uv": [56, 56.5], "uv_size": [0.5, -0.5]}
							}
						},
						{
							"origin": [-0.25254, -2.73169, -2.8646],
							"size": [0.50508, 0.4298, 0.15708],
							"pivot": [0, 2.1, -3.65],
							"rotation": [90, 0, -90],
							"uv": {
								"north": {"uv": [56, 48], "uv_size": [0.5, 0.5]},
								"south": {"uv": [50, 56], "uv_size": [0.5, 0.5]},
								"up": {"uv": [56, 50], "uv_size": [0.5, 0.5]},
								"down": {"uv": [52, 56.5], "uv_size": [0.5, -0.5]}
							}
						},
						{
							"origin": [-0.25254, -2.73189, -2.8646],
							"size": [0.50508, 0.43, 0.15708],
							"pivot": [0, 2.1, -3.65],
							"rotation": [90, 0, -120],
							"uv": {
								"north": {"uv": [56, 44], "uv_size": [0.5, 0.5]},
								"south": {"uv": [46, 56], "uv_size": [0.5, 0.5]},
								"up": {"uv": [56, 46], "uv_size": [0.5, 0.5]},
								"down": {"uv": [48, 56.5], "uv_size": [0.5, -0.5]}
							}
						},
						{
							"origin": [-0.25254, -2.73169, -2.8646],
							"size": [0.50508, 0.4298, 0.15708],
							"pivot": [0, 2.1, -3.65],
							"rotation": [90, 0, -150],
							"uv": {
								"north": {"uv": [56, 36], "uv_size": [0.5, 0.5]},
								"south": {"uv": [38, 56], "uv_size": [0.5, 0.5]},
								"up": {"uv": [56, 42], "uv_size": [0.5, 0.5]},
								"down": {"uv": [44, 56.5], "uv_size": [0.5, -0.5]}
							}
						},
						{
							"origin": [-0.24051, -1.9018, -2.252],
							"size": [0.48102, 3.6514, 0.1496],
							"pivot": [0, 2.1, -3],
							"rotation": [90, 0, -30],
							"uv": {
								"north": {"uv": [16, 14], "uv_size": [0.5, 3.5]},
								"south": {"uv": [2, 17], "uv_size": [0.5, 3.5]},
								"up": {"uv": [56, 34], "uv_size": [0.5, 0.5]},
								"down": {"uv": [36, 56.5], "uv_size": [0.5, -0.5]}
							}
						},
						{
							"origin": [-0.24051, -1.9018, -2.252],
							"size": [0.48102, 3.6514, 0.1496],
							"pivot": [0, 2.1, -3],
							"rotation": [90, 0, -60],
							"uv": {
								"north": {"uv": [12, 15], "uv_size": [0.5, 3.5]},
								"south": {"uv": [16, 9], "uv_size": [0.5, 3.5]},
								"up": {"uv": [56, 30], "uv_size": [0.5, 0.5]},
								"down": {"uv": [56, 32.5], "uv_size": [0.5, -0.5]}
							}
						},
						{
							"origin": [-0.24051, -1.9018, -2.252],
							"size": [0.48102, 3.6514, 0.1496],
							"pivot": [0, 2.1, -3],
							"rotation": [90, 0, -90],
							"uv": {
								"north": {"uv": [8, 15], "uv_size": [0.5, 3.5]},
								"south": {"uv": [10, 15], "uv_size": [0.5, 3.5]},
								"up": {"uv": [28, 56], "uv_size": [0.5, 0.5]},
								"down": {"uv": [56, 28.5], "uv_size": [0.5, -0.5]}
							}
						},
						{
							"origin": [-0.24051, -1.9018, -2.252],
							"size": [0.48102, 3.6514, 0.1496],
							"pivot": [0, 2.1, -3],
							"rotation": [90, 0, -120],
							"uv": {
								"north": {"uv": [15, 4], "uv_size": [0.5, 3.5]},
								"south": {"uv": [6, 15], "uv_size": [0.5, 3.5]},
								"up": {"uv": [24, 56], "uv_size": [0.5, 0.5]},
								"down": {"uv": [26, 56.5], "uv_size": [0.5, -0.5]}
							}
						},
						{
							"origin": [1.07603, 0.1, -1.245],
							"size": [0.34794, 0.2798, 0.84],
							"pivot": [1.25, 0.1, -0.825],
							"rotation": [180, -22.5, -90],
							"uv": {
								"north": {"uv": [16, 56], "uv_size": [0.5, 0.5]},
								"south": {"uv": [56, 20], "uv_size": [0.5, 0.5]},
								"up": {"uv": [41, 41], "uv_size": [0.5, 1]},
								"down": {"uv": [0, 43], "uv_size": [0.5, -1]}
							}
						},
						{
							"origin": [-0.25254, -2.73189, -2.8646],
							"size": [0.50508, 0.43, 0.15708],
							"pivot": [0, 2.1, -3.65],
							"rotation": [90, 0, -180],
							"uv": {
								"north": {"uv": [8, 56], "uv_size": [0.5, 0.5]},
								"south": {"uv": [56, 10], "uv_size": [0.5, 0.5]},
								"up": {"uv": [12, 56], "uv_size": [0.5, 0.5]},
								"down": {"uv": [14, 56.5], "uv_size": [0.5, -0.5]}
							}
						},
						{
							"origin": [-0.25254, -2.73169, -2.8646],
							"size": [0.50508, 0.4298, 0.15708],
							"pivot": [0, 2.1, -3.65],
							"rotation": [90, 0, 150],
							"uv": {
								"north": {"uv": [55, 40], "uv_size": [0.5, 0.5]},
								"south": {"uv": [42, 55], "uv_size": [0.5, 0.5]},
								"up": {"uv": [0, 56], "uv_size": [0.5, 0.5]},
								"down": {"uv": [2, 56.5], "uv_size": [0.5, -0.5]}
							}
						},
						{
							"origin": [-0.25254, -2.73189, -2.8646],
							"size": [0.50508, 0.43, 0.15708],
							"pivot": [0, 2.1, -3.65],
							"rotation": [90, 0, 120],
							"uv": {
								"north": {"uv": [32, 55], "uv_size": [0.5, 0.5]},
								"south": {"uv": [34, 55], "uv_size": [0.5, 0.5]},
								"up": {"uv": [55, 38], "uv_size": [0.5, 0.5]},
								"down": {"uv": [40, 55.5], "uv_size": [0.5, -0.5]}
							}
						},
						{
							"origin": [-0.25254, -2.73169, -2.8646],
							"size": [0.50508, 0.4298, 0.15708],
							"pivot": [0, 2.1, -3.65],
							"rotation": [90, 0, 90],
							"uv": {
								"north": {"uv": [55, 22], "uv_size": [0.5, 0.5]},
								"south": {"uv": [55, 24], "uv_size": [0.5, 0.5]},
								"up": {"uv": [55, 26], "uv_size": [0.5, 0.5]},
								"down": {"uv": [30, 55.5], "uv_size": [0.5, -0.5]}
							}
						},
						{
							"origin": [-0.25254, -2.73189, -2.8646],
							"size": [0.50508, 0.43, 0.15708],
							"pivot": [0, 2.1, -3.65],
							"rotation": [90, 0, 60],
							"uv": {
								"north": {"uv": [18, 55], "uv_size": [0.5, 0.5]},
								"south": {"uv": [55, 18], "uv_size": [0.5, 0.5]},
								"up": {"uv": [20, 55], "uv_size": [0.5, 0.5]},
								"down": {"uv": [22, 55.5], "uv_size": [0.5, -0.5]}
							}
						},
						{
							"origin": [-0.25254, -2.73149, -2.8646],
							"size": [0.50508, 0.4296, 0.15708],
							"pivot": [0, 2.1, -3.65],
							"rotation": [90, 0, 30],
							"uv": {
								"north": {"uv": [10, 55], "uv_size": [0.5, 0.5]},
								"south": {"uv": [55, 12], "uv_size": [0.5, 0.5]},
								"up": {"uv": [55, 14], "uv_size": [0.5, 0.5]},
								"down": {"uv": [55, 16.5], "uv_size": [0.5, -0.5]}
							}
						},
						{
							"origin": [-0.27659, 1.73704, -2.1398],
							"size": [0.55318, 2, 0.17204],
							"pivot": [0, 2.1, -3],
							"rotation": [90, 0, -60],
							"uv": {
								"north": {"uv": [26, 22], "uv_size": [0.5, 2]},
								"south": {"uv": [24, 26], "uv_size": [0.5, 2]},
								"up": {"uv": [55, 6], "uv_size": [0.5, 0.5]},
								"down": {"uv": [55, 8.5], "uv_size": [0.5, -0.5]}
							}
						},
						{
							"origin": [-1.08392, 0.1, -1.005],
							"size": [0.20784, 0.03, 0.36],
							"pivot": [-0.98, 0.1, -0.825],
							"rotation": [-180, -60, 90],
							"uv": {
								"north": {"uv": [54, 48], "uv_size": [0.5, 0.5]},
								"south": {"uv": [50, 54], "uv_size": [0.5, 0.5]},
								"up": {"uv": [54, 50], "uv_size": [0.5, 0.5]}
							}
						},
						{
							"origin": [1.07603, 0.1, -1.245],
							"size": [0.34794, 0.2796, 0.84],
							"pivot": [1.25, 0.1, -0.825],
							"rotation": [0, -22.5, 90],
							"uv": {
								"north": {"uv": [54, 46], "uv_size": [0.5, 0.5]},
								"south": {"uv": [48, 54], "uv_size": [0.5, 0.5]},
								"up": {"uv": [41, 24], "uv_size": [0.5, 1]},
								"down": {"uv": [41, 27], "uv_size": [0.5, -1]}
							}
						},
						{
							"origin": [-1.08392, 0.1, -1.005],
							"size": [0.20784, 0.028, 0.36],
							"pivot": [-0.98, 0.1, -0.825],
							"rotation": [0, -60, -90],
							"uv": {
								"north": {"uv": [44, 54], "uv_size": [0.5, 0.5]},
								"south": {"uv": [54, 44], "uv_size": [0.5, 0.5]},
								"up": {"uv": [46, 54], "uv_size": [0.5, 0.5]}
							}
						},
						{
							"origin": [-1.08392, 0.1, -1.005],
							"size": [0.20784, 0.029, 0.36],
							"pivot": [-0.98, 0.1, -0.825],
							"rotation": [0, 0, -90],
							"uv": {
								"north": {"uv": [54, 36], "uv_size": [0.5, 0.5]},
								"south": {"uv": [38, 54], "uv_size": [0.5, 0.5]},
								"up": {"uv": [54, 42], "uv_size": [0.5, 0.5]}
							}
						},
						{
							"origin": [-0.25254, -2.73189, -2.8646],
							"size": [0.50508, 0.43, 0.15708],
							"pivot": [0, 2.1, -3.65],
							"rotation": [90, 0, 0],
							"uv": {
								"north": {"uv": [43, 22], "uv_size": [0.5, 0.5]},
								"south": {"uv": [43, 24], "uv_size": [0.5, 0.5]},
								"up": {"uv": [43, 26], "uv_size": [0.5, 0.5]},
								"down": {"uv": [30, 43.5], "uv_size": [0.5, -0.5]}
							}
						},
						{
							"origin": [-0.17659, 1.73704, -4.80632],
							"size": [0.35318, 1.4, 0.1],
							"pivot": [0, 2.1, -3.67408],
							"rotation": [-90, 0, 60],
							"uv": {
								"north": {"uv": [33.5, 28], "uv_size": [-0.5, 1.5]},
								"east": {"uv": [28.5, 33], "uv_size": [-0.5, 1.5]},
								"west": {"uv": [30.5, 33], "uv_size": [-0.5, 1.5]},
								"up": {"uv": [36, 54.5], "uv_size": [0.5, -0.5]}
							}
						},
						{
							"origin": [0.71567, 2.51319, -4.13704],
							"size": [0.35317, 0.2, 0.1],
							"pivot": [1.06884, 2.51319, -4.03704],
							"rotation": [120, 0, 60],
							"uv": {
								"east": {"uv": [54, 30], "uv_size": [0.5, 0.5]},
								"south": {"uv": [54, 32], "uv_size": [0.5, 0.5]},
								"west": {"uv": [54, 34], "uv_size": [0.5, 0.5]}
							}
						},
						{
							"origin": [-0.17659, 3.23224, -4.13704],
							"size": [0.35318, 0.2, 0.1],
							"pivot": [0.17659, 3.23224, -4.03704],
							"rotation": [120, 0, 0],
							"uv": {
								"east": {"uv": [26, 54], "uv_size": [0.5, 0.5]},
								"south": {"uv": [28, 54], "uv_size": [0.5, 0.5]},
								"west": {"uv": [54, 28], "uv_size": [0.5, 0.5]}
							}
						},
						{
							"origin": [-1.24543, 2.81905, -4.13704],
							"size": [0.35318, 0.2, 0.1],
							"pivot": [-0.89225, 2.81905, -4.03704],
							"rotation": [120, 0, -60],
							"uv": {
								"east": {"uv": [16, 54], "uv_size": [0.5, 0.5]},
								"south": {"uv": [54, 20], "uv_size": [0.5, 0.5]},
								"west": {"uv": [24, 54], "uv_size": [0.5, 0.5]}
							}
						},
						{
							"origin": [-1.42202, 1.68681, -4.13704],
							"size": [0.35318, 0.2, 0.1],
							"pivot": [-1.06884, 1.68681, -4.03704],
							"rotation": [120, 0, -120],
							"uv": {
								"east": {"uv": [54, 10], "uv_size": [0.5, 0.5]},
								"south": {"uv": [12, 54], "uv_size": [0.5, 0.5]},
								"west": {"uv": [14, 54], "uv_size": [0.5, 0.5]}
							}
						},
						{
							"origin": [0.53908, 1.38095, -4.13704],
							"size": [0.35317, 0.2, 0.1],
							"pivot": [0.89225, 1.38095, -4.03704],
							"rotation": [120, 0, 120],
							"uv": {
								"east": {"uv": [0, 54], "uv_size": [0.5, 0.5]},
								"south": {"uv": [2, 54], "uv_size": [0.5, 0.5]},
								"west": {"uv": [8, 54], "uv_size": [0.5, 0.5]}
							}
						},
						{
							"origin": [-0.52976, 0.96776, -4.13704],
							"size": [0.35317, 0.2, 0.1],
							"pivot": [-0.17659, 0.96776, -4.03704],
							"rotation": [120, 0, -180],
							"uv": {
								"east": {"uv": [40, 53], "uv_size": [0.5, 0.5]},
								"south": {"uv": [53, 40], "uv_size": [0.5, 0.5]},
								"west": {"uv": [42, 53], "uv_size": [0.5, 0.5]}
							}
						},
						{
							"origin": [-0.3107, 3.6719, -1.1346],
							"size": [0.1925, 1.3514, 0.1925],
							"pivot": [0, 3.2976, -0.8239],
							"rotation": [90, 0, -45],
							"uv": {
								"south": {"uv": [33, 25], "uv_size": [0.5, 1.5]},
								"west": {"uv": [26, 33], "uv_size": [0.5, 1.5]},
								"up": {"uv": [34, 53], "uv_size": [0.5, 0.5]},
								"down": {"uv": [53, 38.5], "uv_size": [0.5, -0.5]}
							}
						},
						{
							"origin": [-0.24051, -1.9018, -2.252],
							"size": [0.48102, 3.6514, 0.1496],
							"pivot": [0, 2.1, -3],
							"rotation": [90, 0, -150],
							"uv": {
								"north": {"uv": [14, 9], "uv_size": [0.5, 3.5]},
								"south": {"uv": [14, 14], "uv_size": [0.5, 3.5]},
								"up": {"uv": [30, 53], "uv_size": [0.5, 0.5]},
								"down": {"uv": [32, 53.5], "uv_size": [0.5, -0.5]}
							}
						},
						{
							"origin": [-0.27659, 1.73704, -2.1398],
							"size": [0.55318, 2, 0.17204],
							"pivot": [0, 2.1, -3],
							"rotation": [90, 0, -30],
							"uv": {
								"north": {"uv": [2, 26], "uv_size": [0.5, 2]},
								"south": {"uv": [26, 4], "uv_size": [0.5, 2]},
								"up": {"uv": [32, 43], "uv_size": [0.5, 0.5]},
								"down": {"uv": [34, 43.5], "uv_size": [0.5, -0.5]}
							}
						},
						{
							"origin": [-0.05, 1.15368, -4.68714],
							"size": [0.1, 0.0002, 0.1],
							"pivot": [0, 1.15378, -4.63714],
							"rotation": [90, 0, 135],
							"uv": {
								"up": {"uv": [44, 20], "uv_size": [0.5, 0.5]}
							}
						},
						{
							"origin": [-0.99622, 2.0999, -4.68714],
							"size": [0.1, 0.0002, 0.1],
							"pivot": [-0.94622, 2.1, -4.63714],
							"rotation": [90, 0, -135],
							"uv": {
								"up": {"uv": [16, 44], "uv_size": [0.5, 0.5]}
							}
						},
						{
							"origin": [0.89622, 2.0999, -4.68714],
							"size": [0.1, 0.0002, 0.1],
							"pivot": [0.94622, 2.1, -4.63714],
							"rotation": [90, 0, 45],
							"uv": {
								"up": {"uv": [14, 44], "uv_size": [0.5, 0.5]}
							}
						},
						{
							"origin": [-0.05, 3.04612, -4.68714],
							"size": [0.1, 0.0002, 0.1],
							"pivot": [0, 3.04622, -4.63714],
							"rotation": [90, 0, -45],
							"uv": {
								"up": {"uv": [12, 44], "uv_size": [0.5, 0.5]}
							}
						},
						{
							"origin": [1.19603, 0.38, -1.185],
							"size": [0.10794, 0.0022, 0.72],
							"pivot": [1.25, 0.1, -0.825],
							"rotation": [-180, 0, -90],
							"uv": {
								"up": {"uv": [24, 52], "uv_size": [0.5, 0.5]}
							}
						},
						{
							"origin": [1.4111, 0.0989, -0.945],
							"size": [0.24, 0.0018, 0.24],
							"pivot": [1.5311, 0.1, -0.825],
							"rotation": [-180, 45, -90],
							"uv": {
								"up": {"uv": [52, 20], "uv_size": [0.5, 0.5]}
							}
						},
						{
							"origin": [1.19603, 0.38, -1.185],
							"size": [0.10794, 0.002, 0.72],
							"pivot": [1.25, 0.1, -0.825],
							"rotation": [0, 90, 90],
							"uv": {
								"up": {"uv": [16, 52], "uv_size": [0.5, 0.5]}
							}
						},
						{
							"origin": [-0.9998, 0.3, -1.2],
							"size": [0.1998, 0.1, 0.1],
							"pivot": [-0.9, 0.35, -1.15],
							"rotation": [45, 0, 0],
							"uv": {
								"north": {"uv": [8, 52], "uv_size": [0.5, 0.5]},
								"east": {"uv": [52, 10], "uv_size": [0.5, 0.5]}
							}
						},
						{
							"origin": [-0.9998, -0.05, -0.55],
							"size": [0.1998, 0.1, 0.1],
							"pivot": [-0.9, 0, -0.5],
							"rotation": [-45, 0, 0],
							"uv": {
								"east": {"uv": [40.5, 51], "uv_size": [-0.5, 0.5]},
								"up": {"uv": [51, 40.5], "uv_size": [0.5, -0.5]}
							}
						},
						{
							"origin": [-0.9998, 0.3, -0.55],
							"size": [0.1998, 0.1, 0.1],
							"pivot": [-0.9, 0.35, -0.5],
							"rotation": [-45, 0, 0],
							"uv": {
								"east": {"uv": [52.5, 10], "uv_size": [-0.5, 0.5]},
								"south": {"uv": [8.5, 52], "uv_size": [-0.5, 0.5]}
							}
						},
						{
							"origin": [-1, -0.1, -2.4],
							"size": [0.2, 0.1, 3.15],
							"uv": {
								"north": {"uv": [53, 24], "uv_size": [0.5, 0.5]},
								"east": {"uv": [25, 2], "uv_size": [3, 0.5]},
								"south": {"uv": [53, 26], "uv_size": [0.5, 0.5]},
								"up": {"uv": [8, 25], "uv_size": [0.5, 3]},
								"down": {"uv": [10, 28], "uv_size": [0.5, -3]}
							}
						},
						{
							"origin": [-0.9998, -0.05, -2.15],
							"size": [0.1998, 0.1, 0.1],
							"pivot": [-0.9, 0, -2.1],
							"rotation": [45, 0, 0],
							"uv": {
								"east": {"uv": [22, 53], "uv_size": [0.5, 0.5]},
								"south": {"uv": [53, 22], "uv_size": [0.5, 0.5]}
							}
						},
						{
							"origin": [-0.9998, 0.3, -2.15],
							"size": [0.1998, 0.1, 0.1],
							"pivot": [-0.9, 0.35, -2.1],
							"rotation": [45, 0, 0],
							"uv": {
								"east": {"uv": [53, 18], "uv_size": [0.5, 0.5]},
								"down": {"uv": [20, 53.5], "uv_size": [0.5, -0.5]}
							}
						},
						{
							"origin": [-1, 0, -2.4],
							"size": [0.2, 0.35, 0.3],
							"uv": {
								"north": {"uv": [53, 14], "uv_size": [0.5, 0.5]},
								"east": {"uv": [53, 16], "uv_size": [0.5, 0.5]},
								"south": {"uv": [18, 53], "uv_size": [0.5, 0.5]}
							}
						},
						{
							"origin": [-1, 0.35, -2.4],
							"size": [0.2, 0.35, 3.15],
							"uv": {
								"north": {"uv": [10, 53], "uv_size": [0.5, 0.5]},
								"east": {"uv": [25, 0], "uv_size": [3, 0.5]},
								"south": {"uv": [53, 12], "uv_size": [0.5, 0.5]},
								"down": {"uv": [6, 28], "uv_size": [0.5, -3]}
							}
						},
						{
							"origin": [0.8, -0.1, -2.4],
							"size": [0.2, 0.1, 3.15],
							"uv": {
								"north": {"uv": [53, 6], "uv_size": [0.5, 0.5]},
								"south": {"uv": [53, 8], "uv_size": [0.5, 0.5]},
								"west": {"uv": [16, 24], "uv_size": [3, 0.5]},
								"up": {"uv": [24, 18], "uv_size": [0.5, 3]},
								"down": {"uv": [24, 25], "uv_size": [0.5, -3]}
							}
						},
						{
							"origin": [0.8, 0, 0.45],
							"size": [0.2, 0.35, 0.3],
							"uv": {
								"north": {"uv": [4, 53], "uv_size": [0.5, 0.5]},
								"south": {"uv": [53, 4], "uv_size": [0.5, 0.5]},
								"west": {"uv": [6, 53], "uv_size": [0.5, 0.5]}
							}
						},
						{
							"origin": [0.8, 0, -2.4],
							"size": [0.2, 0.35, 0.3],
							"uv": {
								"north": {"uv": [52, 52], "uv_size": [0.5, 0.5]},
								"south": {"uv": [53, 0], "uv_size": [0.5, 0.5]},
								"west": {"uv": [53, 2], "uv_size": [0.5, 0.5]}
							}
						},
						{
							"origin": [0.8, 0.3, -2.15],
							"size": [0.1998, 0.1, 0.1],
							"pivot": [0.9, 0.35, -2.1],
							"rotation": [45, 0, 0],
							"uv": {
								"west": {"uv": [50, 52], "uv_size": [0.5, 0.5]},
								"down": {"uv": [52, 50.5], "uv_size": [0.5, -0.5]}
							}
						},
						{
							"origin": [0.8, -0.05, -2.15],
							"size": [0.1998, 0.1, 0.1],
							"pivot": [0.9, 0, -2.1],
							"rotation": [45, 0, 0],
							"uv": {
								"south": {"uv": [48, 52], "uv_size": [0.5, 0.5]},
								"west": {"uv": [52, 48], "uv_size": [0.5, 0.5]}
							}
						},
						{
							"origin": [0.8, 0.3, -1.6],
							"size": [0.1998, 0.1, 0.1],
							"pivot": [0.9, 0.35, -1.55],
							"rotation": [45, 0, 0],
							"uv": {
								"north": {"uv": [46, 52], "uv_size": [0.5, 0.5]},
								"west": {"uv": [52, 46], "uv_size": [0.5, 0.5]}
							}
						},
						{
							"origin": [0.8, -0.05, -1.6],
							"size": [0.1998, 0.1, 0.1],
							"pivot": [0.9, 0, -1.55],
							"rotation": [45, 0, 0],
							"uv": {
								"west": {"uv": [44, 52], "uv_size": [0.5, 0.5]},
								"up": {"uv": [52, 44], "uv_size": [0.5, 0.5]}
							}
						},
						{
							"origin": [0.8, -0.05, -0.15],
							"size": [0.1998, 0.1, 0.1],
							"pivot": [0.9, 0, -0.1],
							"rotation": [45, 0, 0],
							"uv": {
								"south": {"uv": [38, 52], "uv_size": [0.5, 0.5]},
								"west": {"uv": [52, 42], "uv_size": [0.5, 0.5]}
							}
						},
						{
							"origin": [0.8, 0.3, -0.15],
							"size": [0.1998, 0.1, 0.1],
							"pivot": [0.9, 0.35, -0.1],
							"rotation": [45, 0, 0],
							"uv": {
								"west": {"uv": [36, 52], "uv_size": [0.5, 0.5]},
								"down": {"uv": [52, 36.5], "uv_size": [0.5, -0.5]}
							}
						},
						{
							"origin": [0.8, 0.3, 0.4],
							"size": [0.1998, 0.1, 0.1],
							"pivot": [0.9, 0.35, 0.45],
							"rotation": [45, 0, 0],
							"uv": {
								"north": {"uv": [52, 32], "uv_size": [0.5, 0.5]},
								"west": {"uv": [52, 34], "uv_size": [0.5, 0.5]}
							}
						},
						{
							"origin": [0.8, -0.05, 0.4],
							"size": [0.1998, 0.1, 0.1],
							"pivot": [0.9, 0, 0.45],
							"rotation": [45, 0, 0],
							"uv": {
								"west": {"uv": [52, 28], "uv_size": [0.5, 0.5]},
								"up": {"uv": [52, 30], "uv_size": [0.5, 0.5]}
							}
						},
						{
							"origin": [0.8, 0, -1.55],
							"size": [0.2, 0.35, 1.45],
							"uv": {
								"north": {"uv": [26, 52], "uv_size": [0.5, 0.5]},
								"south": {"uv": [28, 52], "uv_size": [0.5, 0.5]},
								"west": {"uv": [33, 23], "uv_size": [1.5, 0.5]}
							}
						},
						{
							"origin": [-1, 0, -1.15],
							"size": [0.2, 0.35, 0.65],
							"uv": {
								"north": {"uv": [42, 51], "uv_size": [0.5, 0.5]},
								"east": {"uv": [0, 52], "uv_size": [0.5, 0.5]},
								"south": {"uv": [2, 52], "uv_size": [0.5, 0.5]}
							}
						},
						{
							"origin": [-0.9998, -0.05, -1.2],
							"size": [0.1998, 0.1, 0.1],
							"pivot": [-0.9, 0, -1.15],
							"rotation": [45, 0, 0],
							"uv": {
								"east": {"uv": [40, 51], "uv_size": [0.5, 0.5]},
								"up": {"uv": [51, 40], "uv_size": [0.5, 0.5]}
							}
						},
						{
							"origin": [-0.9998, 0.3, 0.4],
							"size": [0.1998, 0.1, 0.1],
							"pivot": [-0.9, 0.35, 0.45],
							"rotation": [45, 0, 0],
							"uv": {
								"north": {"uv": [34, 51], "uv_size": [0.5, 0.5]},
								"east": {"uv": [51, 38], "uv_size": [0.5, 0.5]}
							}
						},
						{
							"origin": [-1, 0, 0.45],
							"size": [0.2, 0.35, 0.3],
							"uv": {
								"north": {"uv": [51, 26], "uv_size": [0.5, 0.5]},
								"east": {"uv": [30, 51], "uv_size": [0.5, 0.5]},
								"south": {"uv": [32, 51], "uv_size": [0.5, 0.5]}
							}
						},
						{
							"origin": [-0.9998, -0.05, 0.4],
							"size": [0.1998, 0.1, 0.1],
							"pivot": [-0.9, 0, 0.45],
							"rotation": [45, 0, 0],
							"uv": {
								"east": {"uv": [51, 22], "uv_size": [0.5, 0.5]},
								"up": {"uv": [51, 24], "uv_size": [0.5, 0.5]}
							}
						},
						{
							"origin": [0.8, 0.35, -2.4],
							"size": [0.2, 0.35, 3.15],
							"uv": {
								"north": {"uv": [20, 51], "uv_size": [0.5, 0.5]},
								"south": {"uv": [22, 51], "uv_size": [0.5, 0.5]},
								"west": {"uv": [12, 24], "uv_size": [3, 0.5]},
								"down": {"uv": [24, 17], "uv_size": [0.5, -3]}
							}
						},
						{
							"origin": [-0.25, -0.1, -2.4],
							"size": [0.5, 0.2, 3.15],
							"uv": {
								"north": {"uv": [18, 51], "uv_size": [0.5, 0.5]},
								"south": {"uv": [51, 18], "uv_size": [0.5, 0.5]},
								"up": {"uv": [4, 24], "uv_size": [0.5, 3]},
								"down": {"uv": [24, 11], "uv_size": [0.5, -3]}
							}
						},
						{
							"origin": [-0.45, -0.1, -2.40025],
							"size": [0.9, 0.15, 3.1505],
							"uv": {
								"north": {"uv": [0, 58], "uv_size": [0.5, 0.5]},
								"south": {"uv": [0, 58], "uv_size": [0.5, 0.5]}
							}
						},
						{
							"origin": [-0.35, 0, -2.3998],
							"size": [0.2, 0.2, 3.1496],
							"pivot": [-0.25, 0.1, -0.825],
							"rotation": [0, 0, -45],
							"uv": {
								"north": {"uv": [51, 14], "uv_size": [0.5, 0.5]},
								"south": {"uv": [51, 16], "uv_size": [0.5, 0.5]},
								"west": {"uv": [20, 23], "uv_size": [3, 0.5]}
							}
						},
						{
							"origin": [0.15, 0, -2.3998],
							"size": [0.2, 0.2, 3.1496],
							"pivot": [0.25, 0.1, -0.825],
							"rotation": [0, 0, -45],
							"uv": {
								"north": {"uv": [10, 51], "uv_size": [0.5, 0.5]},
								"south": {"uv": [51, 12], "uv_size": [0.5, 0.5]},
								"up": {"uv": [0, 23], "uv_size": [0.5, 3]}
							}
						},
						{
							"origin": [-0.35, 0.5, -2.3998],
							"size": [0.2, 0.2, 3.1496],
							"pivot": [-0.25, 0.6, -0.825],
							"rotation": [0, 0, -45],
							"uv": {
								"north": {"uv": [51, 6], "uv_size": [0.5, 0.5]},
								"south": {"uv": [51, 8], "uv_size": [0.5, 0.5]},
								"down": {"uv": [22, 22], "uv_size": [0.5, -3]}
							}
						},
						{
							"origin": [0.15, 0.5, -2.3998],
							"size": [0.2, 0.2, 3.1496],
							"pivot": [0.25, 0.6, -0.825],
							"rotation": [0, 0, -45],
							"uv": {
								"north": {"uv": [51, 4], "uv_size": [0.5, 0.5]},
								"east": {"uv": [22, 12], "uv_size": [3, 0.5]},
								"south": {"uv": [6, 51], "uv_size": [0.5, 0.5]}
							}
						},
						{
							"origin": [0.25, -0.1, -2.4],
							"size": [0.55, 0.7, 3.15],
							"uv": {
								"north": {"uv": [51, 2], "uv_size": [0.5, 0.5]},
								"east": {"uv": [22, 4], "uv_size": [3, 0.5]},
								"south": {"uv": [4, 51], "uv_size": [0.5, 0.5]},
								"west": {"uv": [22, 6], "uv_size": [3, 0.5]},
								"down": {"uv": [22, 11], "uv_size": [0.5, -3]}
							}
						},
						{
							"origin": [-0.8, -0.1, -2.4],
							"size": [0.55, 0.7, 3.15],
							"uv": {
								"north": {"uv": [50, 50], "uv_size": [0.5, 0.5]},
								"east": {"uv": [21, 0], "uv_size": [3, 0.5]},
								"south": {"uv": [51, 0], "uv_size": [0.5, 0.5]},
								"west": {"uv": [21, 2], "uv_size": [3, 0.5]},
								"down": {"uv": [2, 25], "uv_size": [0.5, -3]}
							}
						},
						{
							"origin": [0.75858, -0.2, -2.1998],
							"size": [0.28284, 0.14142, 2.7496],
							"pivot": [0.9, -0.2, -0.825],
							"rotation": [0, 0, -45],
							"uv": {
								"north": {"uv": [48, 50], "uv_size": [0.5, 0.5]},
								"south": {"uv": [50, 48], "uv_size": [0.5, 0.5]},
								"down": {"uv": [22, 27.5], "uv_size": [0.5, -2.5]}
							}
						},
						{
							"origin": [-1.04142, -0.2, -2.1998],
							"size": [0.28284, 0.14142, 2.7496],
							"pivot": [-0.9, -0.2, -0.825],
							"rotation": [0, 0, 45],
							"uv": {
								"north": {"uv": [46, 50], "uv_size": [0.5, 0.5]},
								"south": {"uv": [50, 46], "uv_size": [0.5, 0.5]},
								"down": {"uv": [20, 27.5], "uv_size": [0.5, -2.5]}
							}
						},
						{
							"origin": [0.4004, -0.2, 0.50858],
							"size": [0.3996, 0.14142, 0.28284],
							"pivot": [0, -0.2, 0.65],
							"rotation": [45, 0, 0],
							"uv": {
								"east": {"uv": [50, 42], "uv_size": [0.5, 0.5]},
								"west": {"uv": [44, 50], "uv_size": [0.5, 0.5]},
								"down": {"uv": [50, 44.5], "uv_size": [0.5, -0.5]}
							}
						},
						{
							"origin": [-0.8, -0.2, -2.44142],
							"size": [0.3996, 0.14142, 0.28284],
							"pivot": [0, -0.2, -2.3],
							"rotation": [-45, 0, 0],
							"uv": {
								"east": {"uv": [36, 50], "uv_size": [0.5, 0.5]},
								"west": {"uv": [50, 36], "uv_size": [0.5, 0.5]},
								"down": {"uv": [38, 50.5], "uv_size": [0.5, -0.5]}
							}
						},
						{
							"origin": [-0.8, -0.3, -2.2],
							"size": [0.4, 0.2, 2.75],
							"uv": {
								"west": {"uv": [20, 17], "uv_size": [3, 0.5]},
								"down": {"uv": [20, 22], "uv_size": [0.5, -3]}
							}
						},
						{
							"origin": [-0.8, -0.2, 0.50858],
							"size": [0.3996, 0.14142, 0.28284],
							"pivot": [0, -0.2, 0.65],
							"rotation": [45, 0, 0],
							"uv": {
								"east": {"uv": [50, 30], "uv_size": [0.5, 0.5]},
								"west": {"uv": [50, 32], "uv_size": [0.5, 0.5]},
								"down": {"uv": [50, 34.5], "uv_size": [0.5, -0.5]}
							}
						},
						{
							"origin": [0.4004, -0.2, -2.44142],
							"size": [0.3996, 0.14142, 0.28284],
							"pivot": [0, -0.2, -2.3],
							"rotation": [-45, 0, 0],
							"uv": {
								"east": {"uv": [26, 50], "uv_size": [0.5, 0.5]},
								"west": {"uv": [28, 50], "uv_size": [0.5, 0.5]},
								"down": {"uv": [50, 28.5], "uv_size": [0.5, -0.5]}
							}
						},
						{
							"origin": [0.4, -0.3, -2.2],
							"size": [0.4, 0.2, 2.75],
							"uv": {
								"east": {"uv": [20, 15], "uv_size": [3, 0.5]},
								"down": {"uv": [12, 23], "uv_size": [0.5, -3]}
							}
						},
						{
							"origin": [-0.15, 0.755, -2.5],
							"size": [0.3, 0.3, 3.35],
							"pivot": [0, 0.905, -0.825],
							"rotation": [0, 0, -45],
							"uv": {
								"north": {"uv": [50, 20], "uv_size": [0.5, 0.5]},
								"east": {"uv": [13, 0], "uv_size": [3.5, 0.5]},
								"south": {"uv": [24, 50], "uv_size": [0.5, 0.5]},
								"west": {"uv": [13, 2], "uv_size": [3.5, 0.5]},
								"up": {"uv": [13, 4], "uv_size": [0.5, 3.5]},
								"down": {"uv": [4, 17.5], "uv_size": [0.5, -3.5]}
							}
						},
						{
							"origin": [-0.6, 0.6, -2.4],
							"size": [1.2, 0.75, 3.15],
							"uv": {
								"north": {"uv": [18, 26], "uv_size": [1, 1]},
								"east": {"uv": [0, 0], "uv_size": [3, 1]},
								"south": {"uv": [26, 18], "uv_size": [1, 1]},
								"west": {"uv": [0, 2], "uv_size": [3, 1]},
								"up": {"uv": [0, 4], "uv_size": [1, 3]},
								"down": {"uv": [4, 3], "uv_size": [1, -3]}
							}
						},
						{
							"origin": [0.7, 1.2, -2.6],
							"size": [0.3, 0.6, 0.6],
							"uv": {
								"north": {"uv": [2, 50], "uv_size": [0.5, 0.5]},
								"east": {"uv": [8, 50], "uv_size": [0.5, 0.5]},
								"south": {"uv": [50, 10], "uv_size": [0.5, 0.5]},
								"west": {"uv": [12, 50], "uv_size": [0.5, 0.5]},
								"up": {"uv": [14, 50], "uv_size": [0.5, 0.5]},
								"down": {"uv": [16, 50.5], "uv_size": [0.5, -0.5]}
							}
						},
						{
							"origin": [0.65, 1.35, -2.45],
							"size": [0.4, 0.3, 0.3],
							"pivot": [0, 1.5, -2.3],
							"rotation": [45, 0, 0],
							"uv": {
								"north": {"uv": [34, 49], "uv_size": [0.5, 0.5]},
								"east": {"uv": [49, 38], "uv_size": [0.5, 0.5]},
								"south": {"uv": [40, 49], "uv_size": [0.5, 0.5]},
								"west": {"uv": [49, 40], "uv_size": [0.5, 0.5]},
								"up": {"uv": [42, 49], "uv_size": [0.5, 0.5]},
								"down": {"uv": [0, 50.5], "uv_size": [0.5, -0.5]}
							}
						},
						{
							"origin": [-1, 1.2, -2.6],
							"size": [0.3, 0.6, 0.6],
							"uv": {
								"north": {"uv": [22, 49], "uv_size": [0.5, 0.5]},
								"east": {"uv": [49, 22], "uv_size": [0.5, 0.5]},
								"south": {"uv": [49, 24], "uv_size": [0.5, 0.5]},
								"west": {"uv": [49, 26], "uv_size": [0.5, 0.5]},
								"up": {"uv": [30, 49], "uv_size": [0.5, 0.5]},
								"down": {"uv": [32, 49.5], "uv_size": [0.5, -0.5]}
							}
						},
						{
							"origin": [-1.05, 1.35, -2.45],
							"size": [0.4, 0.3, 0.3],
							"pivot": [0, 1.5, -2.3],
							"rotation": [45, 0, 0],
							"uv": {
								"north": {"uv": [49, 12], "uv_size": [0.5, 0.5]},
								"east": {"uv": [49, 14], "uv_size": [0.5, 0.5]},
								"south": {"uv": [49, 16], "uv_size": [0.5, 0.5]},
								"west": {"uv": [18, 49], "uv_size": [0.5, 0.5]},
								"up": {"uv": [49, 18], "uv_size": [0.5, 0.5]},
								"down": {"uv": [20, 49.5], "uv_size": [0.5, -0.5]}
							}
						}
					]
				},
				{
					"name": "battery",
					"parent": "sight_body",
					"pivot": [0.85, 0.85, 1.3],
					"cubes": [
						{
							"origin": [0.68426, 0.9852, 0.89986],
							"size": [0.33148, 0.4005, 0.80028],
							"pivot": [0.85, 0.85, 1.3],
							"rotation": [90, 0, 157.5],
							"uv": {
								"north": {"uv": [2, 42], "uv_size": [0.5, 0.5]},
								"south": {"uv": [8, 42], "uv_size": [0.5, 0.5]},
								"down": {"uv": [35, 10], "uv_size": [0.5, -1]}
							}
						},
						{
							"origin": [0.68426, 0.98537, 0.89986],
							"size": [0.33148, 0.4005, 0.80028],
							"pivot": [0.85, 0.85, 1.3],
							"rotation": [90, 0, 112.5],
							"uv": {
								"north": {"uv": [42, 10], "uv_size": [0.5, 0.5]},
								"south": {"uv": [12, 42], "uv_size": [0.5, 0.5]},
								"down": {"uv": [35, 15], "uv_size": [0.5, -1]}
							}
						},
						{
							"origin": [0.68426, 0.98554, 0.89986],
							"size": [0.33148, 0.4005, 0.80028],
							"pivot": [0.85, 0.85, 1.3],
							"rotation": [90, 0, 67.5],
							"uv": {
								"north": {"uv": [14, 42], "uv_size": [0.5, 0.5]},
								"south": {"uv": [16, 42], "uv_size": [0.5, 0.5]},
								"down": {"uv": [35, 17], "uv_size": [0.5, -1]}
							}
						},
						{
							"origin": [0.68426, 0.98571, 0.89986],
							"size": [0.33148, 0.4005, 0.80028],
							"pivot": [0.85, 0.85, 1.3],
							"rotation": [90, 0, 22.5],
							"uv": {
								"north": {"uv": [42, 20], "uv_size": [0.5, 0.5]},
								"south": {"uv": [24, 42], "uv_size": [0.5, 0.5]},
								"down": {"uv": [35, 19], "uv_size": [0.5, -1]}
							}
						},
						{
							"origin": [0.66584, 1.078, -3.4446],
							"size": [0.36832, 0.145, 0.8892],
							"pivot": [0.85, 0.85, -3],
							"rotation": [-90, 0, 135],
							"uv": {
								"north": {"uv": [26, 42], "uv_size": [0.5, 0.5]},
								"south": {"uv": [28, 42], "uv_size": [0.5, 0.5]},
								"down": {"uv": [35, 21], "uv_size": [0.5, -1]}
							}
						},
						{
							"origin": [0.66584, 1.07819, -3.4446],
							"size": [0.36832, 0.145, 0.8892],
							"pivot": [0.85, 0.85, -3],
							"rotation": [-90, 0, 90],
							"uv": {
								"north": {"uv": [42, 28], "uv_size": [0.5, 0.5]},
								"south": {"uv": [42, 30], "uv_size": [0.5, 0.5]},
								"down": {"uv": [35, 26], "uv_size": [0.5, -1]}
							}
						},
						{
							"origin": [0.78584, 1.07678, -3.4446],
							"size": [0.12832, 0.0016, 0.8892],
							"pivot": [0.85, 0.85, -3],
							"rotation": [-90, 0, 22.5],
							"uv": {
								"down": {"uv": [35, 30], "uv_size": [0.5, -1]}
							}
						},
						{
							"origin": [0.66584, 1.07838, -3.4446],
							"size": [0.36832, 0.145, 0.8892],
							"pivot": [0.85, 0.85, -3],
							"rotation": [-90, 0, 45],
							"uv": {
								"north": {"uv": [42, 32], "uv_size": [0.5, 0.5]},
								"south": {"uv": [42, 34], "uv_size": [0.5, 0.5]},
								"down": {"uv": [35, 28], "uv_size": [0.5, -1]}
							}
						},
						{
							"origin": [0.66584, 1.07857, -3.4446],
							"size": [0.36832, 0.145, 0.8892],
							"pivot": [0.85, 0.85, -3],
							"rotation": [-90, 0, 0],
							"uv": {
								"north": {"uv": [36, 42], "uv_size": [0.5, 0.5]},
								"south": {"uv": [42, 36], "uv_size": [0.5, 0.5]},
								"down": {"uv": [0, 37], "uv_size": [0.5, -1]}
							}
						},
						{
							"origin": [0.65615, 1.19, -3.468],
							"size": [0.3877, 3.43784, 0.936],
							"pivot": [0.85, 0.85, -3],
							"rotation": [-90, 0, 135],
							"uv": {
								"north": {"uv": [5, 4], "uv_size": [0.5, 3.5]},
								"south": {"uv": [7, 0], "uv_size": [0.5, 3.5]},
								"up": {"uv": [36, 11], "uv_size": [0.5, 1]},
								"down": {"uv": [13, 37], "uv_size": [0.5, -1]}
							}
						},
						{
							"origin": [0.65615, 1.1902, -3.468],
							"size": [0.3877, 3.43757, 0.936],
							"pivot": [0.85, 0.85, -3],
							"rotation": [-90, 0, 90],
							"uv": {
								"north": {"uv": [2, 7], "uv_size": [0.5, 3.5]},
								"south": {"uv": [7, 5], "uv_size": [0.5, 3.5]},
								"up": {"uv": [15, 36], "uv_size": [0.5, 1]},
								"down": {"uv": [17, 37], "uv_size": [0.5, -1]}
							}
						},
						{
							"origin": [0.65615, 1.1904, -3.468],
							"size": [0.3877, 3.4376, 0.936],
							"pivot": [0.85, 0.85, -3],
							"rotation": [-90, 0, 45],
							"uv": {
								"north": {"uv": [0, 8], "uv_size": [0.5, 3.5]},
								"south": {"uv": [9, 0], "uv_size": [0.5, 3.5]},
								"up": {"uv": [36, 22], "uv_size": [0.5, 1]},
								"down": {"uv": [26, 37], "uv_size": [0.5, -1]}
							}
						},
						{
							"origin": [0.65615, 1.1906, -3.468],
							"size": [0.3877, 3.43732, 0.936],
							"pivot": [0.85, 0.85, -3],
							"rotation": [-90, 0, 0],
							"uv": {
								"north": {"uv": [4, 9], "uv_size": [0.5, 3.5]},
								"south": {"uv": [9, 5], "uv_size": [0.5, 3.5]},
								"up": {"uv": [28, 36], "uv_size": [0.5, 1]},
								"down": {"uv": [30, 37], "uv_size": [0.5, -1]}
							}
						},
						{
							"origin": [-1.04385, 1.19, -3.468],
							"size": [0.3877, 3.43784, 0.936],
							"pivot": [-0.85, 0.85, -3],
							"rotation": [-90, 0, -135],
							"uv": {
								"north": {"uv": [6, 10], "uv_size": [0.5, 3.5]},
								"south": {"uv": [8, 10], "uv_size": [0.5, 3.5]},
								"up": {"uv": [36, 31], "uv_size": [0.5, 1]},
								"down": {"uv": [36, 34], "uv_size": [0.5, -1]}
							}
						},
						{
							"origin": [-1.04385, 1.1902, -3.468],
							"size": [0.3877, 3.43757, 0.936],
							"pivot": [-0.85, 0.85, -3],
							"rotation": [-90, 0, -90],
							"uv": {
								"north": {"uv": [10, 10], "uv_size": [0.5, 3.5]},
								"south": {"uv": [11, 0], "uv_size": [0.5, 3.5]},
								"up": {"uv": [36, 35], "uv_size": [0.5, 1]},
								"down": {"uv": [37, 1], "uv_size": [0.5, -1]}
							}
						},
						{
							"origin": [-1.04385, 1.1904, -3.468],
							"size": [0.3877, 3.4376, 0.936],
							"pivot": [-0.85, 0.85, -3],
							"rotation": [-90, 0, -45],
							"uv": {
								"north": {"uv": [11, 5], "uv_size": [0.5, 3.5]},
								"south": {"uv": [2, 12], "uv_size": [0.5, 3.5]},
								"up": {"uv": [37, 2], "uv_size": [0.5, 1]},
								"down": {"uv": [4, 38], "uv_size": [0.5, -1]}
							}
						},
						{
							"origin": [-1.04385, 1.1906, -3.468],
							"size": [0.3877, 3.43732, 0.936],
							"pivot": [-0.85, 0.85, -3],
							"rotation": [-90, 0, 0],
							"uv": {
								"north": {"uv": [12, 10], "uv_size": [0.5, 3.5]},
								"south": {"uv": [0, 13], "uv_size": [0.5, 3.5]},
								"up": {"uv": [37, 4], "uv_size": [0.5, 1]},
								"down": {"uv": [6, 38], "uv_size": [0.5, -1]}
							}
						},
						{
							"origin": [-1.03416, 1.078, -3.4446],
							"size": [0.36832, 0.145, 0.8892],
							"pivot": [-0.85, 0.85, -3],
							"rotation": [-90, 0, -135],
							"uv": {
								"north": {"uv": [38, 42], "uv_size": [0.5, 0.5]},
								"south": {"uv": [43, 0], "uv_size": [0.5, 0.5]},
								"down": {"uv": [37, 7], "uv_size": [0.5, -1]}
							}
						},
						{
							"origin": [-1.03416, 1.07819, -3.4446],
							"size": [0.36832, 0.145, 0.8892],
							"pivot": [-0.85, 0.85, -3],
							"rotation": [-90, 0, -90],
							"uv": {
								"north": {"uv": [43, 2], "uv_size": [0.5, 0.5]},
								"south": {"uv": [4, 43], "uv_size": [0.5, 0.5]},
								"down": {"uv": [37, 9], "uv_size": [0.5, -1]}
							}
						},
						{
							"origin": [-0.91416, 1.07678, -3.4446],
							"size": [0.12832, 0.0016, 0.8892],
							"pivot": [-0.85, 0.85, -3],
							"rotation": [-90, 0, -22.5],
							"uv": {
								"down": {"uv": [37, 14], "uv_size": [0.5, -1]}
							}
						},
						{
							"origin": [-1.03416, 1.07838, -3.4446],
							"size": [0.36832, 0.145, 0.8892],
							"pivot": [-0.85, 0.85, -3],
							"rotation": [-90, 0, -45],
							"uv": {
								"north": {"uv": [43, 4], "uv_size": [0.5, 0.5]},
								"south": {"uv": [6, 43], "uv_size": [0.5, 0.5]},
								"down": {"uv": [10, 38], "uv_size": [0.5, -1]}
							}
						},
						{
							"origin": [-1.03416, 1.07857, -3.4446],
							"size": [0.36832, 0.145, 0.8892],
							"pivot": [-0.85, 0.85, -3],
							"rotation": [-90, 0, 0],
							"uv": {
								"north": {"uv": [43, 6], "uv_size": [0.5, 0.5]},
								"south": {"uv": [43, 8], "uv_size": [0.5, 0.5]},
								"down": {"uv": [37, 16], "uv_size": [0.5, -1]}
							}
						},
						{
							"origin": [-1.01574, 0.9852, 0.89986],
							"size": [0.33148, 0.4005, 0.80028],
							"pivot": [-0.85, 0.85, 1.3],
							"rotation": [90, 0, -157.5],
							"uv": {
								"north": {"uv": [10, 43], "uv_size": [0.5, 0.5]},
								"south": {"uv": [43, 12], "uv_size": [0.5, 0.5]},
								"down": {"uv": [37, 18], "uv_size": [0.5, -1]}
							}
						},
						{
							"origin": [-1.01574, 0.98537, 0.89986],
							"size": [0.33148, 0.4005, 0.80028],
							"pivot": [-0.85, 0.85, 1.3],
							"rotation": [90, 0, -112.5],
							"uv": {
								"north": {"uv": [43, 14], "uv_size": [0.5, 0.5]},
								"south": {"uv": [43, 16], "uv_size": [0.5, 0.5]},
								"down": {"uv": [19, 38], "uv_size": [0.5, -1]}
							}
						},
						{
							"origin": [-1.01574, 0.98554, 0.89986],
							"size": [0.33148, 0.4005, 0.80028],
							"pivot": [-0.85, 0.85, 1.3],
							"rotation": [90, 0, -67.5],
							"uv": {
								"north": {"uv": [18, 43], "uv_size": [0.5, 0.5]},
								"south": {"uv": [43, 18], "uv_size": [0.5, 0.5]},
								"down": {"uv": [37, 20], "uv_size": [0.5, -1]}
							}
						},
						{
							"origin": [-1.01574, 0.98571, 0.89986],
							"size": [0.33148, 0.4005, 0.80028],
							"pivot": [-0.85, 0.85, 1.3],
							"rotation": [90, 0, -22.5],
							"uv": {
								"north": {"uv": [20, 43], "uv_size": [0.5, 0.5]},
								"south": {"uv": [22, 43], "uv_size": [0.5, 0.5]},
								"down": {"uv": [21, 38], "uv_size": [0.5, -1]}
							}
						}
					]
				},
				{
					"name": "adjust",
					"parent": "sight_body",
					"pivot": [-0.6, 2.1, -0.6],
					"cubes": [
						{
							"origin": [-1.1, 2.25, -1],
							"size": [1, 0.25, 0.8],
							"pivot": [-0.6, 2.1, -0.6],
							"rotation": [0, 0, -90],
							"uv": {
								"east": {"uv": [32, 37], "uv_size": [1, 0.5]},
								"west": {"uv": [34, 37], "uv_size": [1, 0.5]},
								"up": {"uv": [14, 26], "uv_size": [1, 1]}
							}
						},
						{
							"origin": [-1, 2.25, -1.1],
							"size": [0.14142, 0.2496, 0.1],
							"pivot": [-1, 2.5, -1.1],
							"rotation": [0, -45, -90],
							"uv": {
								"north": {"uv": [0, 44], "uv_size": [0.5, 0.5]},
								"up": {"uv": [2, 44], "uv_size": [0.5, 0.5]}
							}
						},
						{
							"origin": [-1, 2.25, -0.2],
							"size": [0.14142, 0.2496, 0.1],
							"pivot": [-1, 2.5, -0.1],
							"rotation": [0, 45, -90],
							"uv": {
								"south": {"uv": [43, 40], "uv_size": [0.5, 0.5]},
								"up": {"uv": [42, 43], "uv_size": [0.5, 0.5]}
							}
						},
						{
							"origin": [-1.24462, 2.03, -1.01531],
							"size": [0.14091, 0.45247, 0.83062],
							"pivot": [-1.17417, 2.1, -0.6],
							"rotation": [0, -22.5, -90],
							"uv": {
								"north": {"uv": [47, 16], "uv_size": [0.5, 0.5]},
								"east": {"uv": [40, 10], "uv_size": [1, 0.5]},
								"south": {"uv": [18, 47], "uv_size": [0.5, 0.5]},
								"west": {"uv": [12, 40], "uv_size": [1, 0.5]},
								"up": {"uv": [14, 40], "uv_size": [0.5, 1]}
							}
						},
						{
							"origin": [-1.24462, 2.03, -1.01531],
							"size": [0.14091, 0.4524, 0.83062],
							"pivot": [-1.17417, 2.1, -0.6],
							"rotation": [0, -67.5, -90],
							"uv": {
								"north": {"uv": [47, 12], "uv_size": [0.5, 0.5]},
								"east": {"uv": [0, 40], "uv_size": [1, 0.5]},
								"south": {"uv": [47, 14], "uv_size": [0.5, 0.5]},
								"west": {"uv": [2, 40], "uv_size": [1, 0.5]},
								"up": {"uv": [8, 40], "uv_size": [0.5, 1]}
							}
						},
						{
							"origin": [-1.24462, 2.03, -1.01531],
							"size": [0.14091, 0.45227, 0.83062],
							"pivot": [-1.17417, 2.1, -0.6],
							"rotation": [180, -67.5, 90],
							"uv": {
								"north": {"uv": [47, 8], "uv_size": [0.5, 0.5]},
								"east": {"uv": [31, 39], "uv_size": [1, 0.5]},
								"south": {"uv": [10, 47], "uv_size": [0.5, 0.5]},
								"west": {"uv": [33, 39], "uv_size": [1, 0.5]},
								"up": {"uv": [35, 39], "uv_size": [0.5, 1]}
							}
						},
						{
							"origin": [-1.24462, 2.03, -1.01531],
							"size": [0.14091, 0.45234, 0.83062],
							"pivot": [-1.17417, 2.1, -0.6],
							"rotation": [-180, -22.5, 90],
							"uv": {
								"north": {"uv": [6, 47], "uv_size": [0.5, 0.5]},
								"east": {"uv": [39, 23], "uv_size": [1, 0.5]},
								"south": {"uv": [47, 6], "uv_size": [0.5, 0.5]},
								"west": {"uv": [39, 25], "uv_size": [1, 0.5]},
								"up": {"uv": [39, 27], "uv_size": [0.5, 1]}
							}
						},
						{
							"origin": [-1.3342, 1.73, -0.9817],
							"size": [0.31621, 0.7517, 0.7634],
							"pivot": [-1.17609, 2.1, -0.6],
							"rotation": [0, 0, -90],
							"uv": {
								"north": {"uv": [18, 39], "uv_size": [0.5, 1]},
								"south": {"uv": [39, 18], "uv_size": [0.5, 1]},
								"up": {"uv": [20, 39], "uv_size": [0.5, 1]},
								"down": {"uv": [22, 40], "uv_size": [0.5, -1]}
							}
						},
						{
							"origin": [-1.7828, 2.075, -0.8],
							"size": [0.4, 0.05, 0.4],
							"pivot": [-1.5828, 2.1, -0.6],
							"rotation": [0, -45, -90],
							"uv": {
								"north": {"uv": [46, 46], "uv_size": [0.5, 0.5]},
								"east": {"uv": [47, 0], "uv_size": [0.5, 0.5]},
								"south": {"uv": [47, 2], "uv_size": [0.5, 0.5]},
								"west": {"uv": [4, 47], "uv_size": [0.5, 0.5]},
								"up": {"uv": [47, 4], "uv_size": [0.5, 0.5]}
							}
						},
						{
							"origin": [-1.3342, 1.73, -0.9817],
							"size": [0.31621, 0.75164, 0.7634],
							"pivot": [-1.17609, 2.1, -0.6],
							"rotation": [0, -45, -90],
							"uv": {
								"north": {"uv": [10, 39], "uv_size": [0.5, 1]},
								"south": {"uv": [39, 12], "uv_size": [0.5, 1]},
								"up": {"uv": [39, 14], "uv_size": [0.5, 1]},
								"down": {"uv": [39, 17], "uv_size": [0.5, -1]}
							}
						},
						{
							"origin": [-1.3342, 1.73, -0.9817],
							"size": [0.31621, 0.75151, 0.7634],
							"pivot": [-1.17609, 2.1, -0.6],
							"rotation": [0, -90, -90],
							"uv": {
								"north": {"uv": [39, 4], "uv_size": [0.5, 1]},
								"south": {"uv": [6, 39], "uv_size": [0.5, 1]},
								"up": {"uv": [39, 6], "uv_size": [0.5, 1]},
								"down": {"uv": [39, 9], "uv_size": [0.5, -1]}
							}
						},
						{
							"origin": [-1.3342, 1.73, -0.9817],
							"size": [0.31621, 0.75158, 0.7634],
							"pivot": [-1.17609, 2.1, -0.6],
							"rotation": [-180, -45, 90],
							"uv": {
								"north": {"uv": [38, 38], "uv_size": [0.5, 1]},
								"south": {"uv": [39, 0], "uv_size": [0.5, 1]},
								"up": {"uv": [39, 2], "uv_size": [0.5, 1]},
								"down": {"uv": [4, 40], "uv_size": [0.5, -1]}
							}
						},
						{
							"origin": [-1.14142, 1.45, -0.2],
							"size": [0.14142, 0.2496, 0.1],
							"pivot": [-1, 1.7, -0.1],
							"rotation": [0, -45, -90],
							"uv": {
								"south": {"uv": [43, 38], "uv_size": [0.5, 0.5]},
								"up": {"uv": [40, 43], "uv_size": [0.5, 0.5]}
							}
						},
						{
							"origin": [-1.14142, 1.45, -1.1],
							"size": [0.14142, 0.2496, 0.1],
							"pivot": [-1, 1.7, -1.1],
							"rotation": [0, 45, -90],
							"uv": {
								"north": {"uv": [43.5, 38], "uv_size": [-0.5, 0.5]},
								"up": {"uv": [40, 43.5], "uv_size": [0.5, -0.5]}
							}
						},
						{
							"origin": [-1, 2.25, -0.2],
							"size": [0.8, 0.25, 0.1],
							"pivot": [-0.6, 2.1, 0.3],
							"rotation": [0, 0, -90],
							"uv": {
								"south": {"uv": [2, 38], "uv_size": [1, 0.5]},
								"up": {"uv": [8, 38], "uv_size": [1, 0.5]}
							}
						},
						{
							"origin": [-1, 2.25, -1.1],
							"size": [0.8, 0.25, 0.1],
							"pivot": [-0.6, 2.1, -0.6],
							"rotation": [0, 0, -90],
							"uv": {
								"north": {"uv": [36, 37], "uv_size": [1, 0.5]},
								"up": {"uv": [0, 38], "uv_size": [1, 0.5]}
							}
						},
						{
							"origin": [0.4, 2.85, -1.1],
							"size": [0.14142, 0.2496, 0.1],
							"pivot": [0.4, 3.1, -1.1],
							"rotation": [0, -45, 0],
							"uv": {
								"north": {"uv": [24, 44], "uv_size": [0.5, 0.5]},
								"up": {"uv": [26, 44], "uv_size": [0.5, 0.5]}
							}
						},
						{
							"origin": [0.4, 2.85, -0.2],
							"size": [0.14142, 0.2496, 0.1],
							"pivot": [0.4, 3.1, -0.1],
							"rotation": [0, 45, 0],
							"uv": {
								"south": {"uv": [28, 44], "uv_size": [0.5, 0.5]},
								"up": {"uv": [44, 28], "uv_size": [0.5, 0.5]}
							}
						},
						{
							"origin": [-0.54142, 2.85, -0.2],
							"size": [0.14142, 0.2496, 0.1],
							"pivot": [-0.4, 3.1, -0.1],
							"rotation": [0, -45, 0],
							"uv": {
								"south": {"uv": [44, 30], "uv_size": [0.5, 0.5]},
								"up": {"uv": [44, 32], "uv_size": [0.5, 0.5]}
							}
						},
						{
							"origin": [-0.4, 2.85, -0.2],
							"size": [0.8, 0.25, 0.1],
							"uv": {
								"south": {"uv": [38, 10], "uv_size": [1, 0.5]},
								"up": {"uv": [12, 38], "uv_size": [1, 0.5]}
							}
						},
						{
							"origin": [-0.4, 2.85, -1.1],
							"size": [0.8, 0.25, 0.1],
							"uv": {
								"north": {"uv": [14, 38], "uv_size": [1, 0.5]},
								"up": {"uv": [16, 38], "uv_size": [1, 0.5]}
							}
						},
						{
							"origin": [-0.5, 2.85, -1],
							"size": [1, 0.25, 0.8],
							"uv": {
								"north": {"uv": [38, 21], "uv_size": [1, 0.5]},
								"east": {"uv": [25, 38], "uv_size": [1, 0.5]},
								"south": {"uv": [27, 38], "uv_size": [1, 0.5]},
								"west": {"uv": [29, 38], "uv_size": [1, 0.5]},
								"up": {"uv": [16, 26], "uv_size": [1, 1]},
								"down": {"uv": [26, 17], "uv_size": [1, -1]}
							}
						},
						{
							"origin": [1.0002, 2.65, -1.7],
							"size": [1.3996, 0.15, 0.28],
							"pivot": [1, 2.8, -1.7],
							"rotation": [-22.5, 0, 90],
							"uv": {
								"east": {"uv": [44, 34], "uv_size": [0.5, 0.5]},
								"west": {"uv": [36, 44], "uv_size": [0.5, 0.5]},
								"up": {"uv": [30, 15], "uv_size": [1.5, 0.5]}
							}
						},
						{
							"origin": [1.0002, 2.75, -1.42],
							"size": [1.3996, 0.05, 0.12],
							"pivot": [1, 2.8, -1.7],
							"rotation": [-22.5, 0, 90],
							"uv": {
								"east": {"uv": [44, 36], "uv_size": [0.5, 0.5]},
								"west": {"uv": [38, 44], "uv_size": [0.5, 0.5]},
								"up": {"uv": [30, 17], "uv_size": [1.5, 0.5]}
							}
						},
						{
							"origin": [1.0002, 2.65, -0.58],
							"size": [1.3998, 0.1498, 0.28],
							"pivot": [1, 2.8, -0.3],
							"rotation": [22.5, 0, 90],
							"uv": {
								"east": {"uv": [44, 42], "uv_size": [0.5, 0.5]},
								"west": {"uv": [44, 44], "uv_size": [0.5, 0.5]},
								"up": {"uv": [30, 19], "uv_size": [1.5, 0.5]}
							}
						},
						{
							"origin": [0.48751, 2.1, -1.64152],
							"size": [0.53146, 0.64131, 1.28304],
							"pivot": [0.75324, 2.1, -1],
							"rotation": [-180, -45, -90],
							"uv": {
								"north": {"uv": [48, 34], "uv_size": [0.5, 0.5]},
								"south": {"uv": [36, 48], "uv_size": [0.5, 0.5]},
								"up": {"uv": [18, 33], "uv_size": [0.5, 1.5]},
								"down": {"uv": [33, 21.5], "uv_size": [0.5, -1.5]}
							}
						},
						{
							"origin": [0.48751, 2.1, -1.64152],
							"size": [0.53146, 0.6412, 1.28304],
							"pivot": [0.75324, 2.1, -1],
							"rotation": [0, -90, 90],
							"uv": {
								"north": {"uv": [48, 30], "uv_size": [0.5, 0.5]},
								"south": {"uv": [48, 32], "uv_size": [0.5, 0.5]},
								"up": {"uv": [16, 33], "uv_size": [0.5, 1.5]},
								"down": {"uv": [33, 18.5], "uv_size": [0.5, -1.5]}
							}
						},
						{
							"origin": [-0.07045, 3.20417, -1.01531],
							"size": [0.14091, 0.45246, 0.83062],
							"pivot": [0, 3.27417, -0.6],
							"rotation": [0, -22.5, 0],
							"uv": {
								"north": {"uv": [28, 48], "uv_size": [0.5, 0.5]},
								"east": {"uv": [20, 41], "uv_size": [1, 0.5]},
								"south": {"uv": [48, 28], "uv_size": [0.5, 0.5]},
								"west": {"uv": [22, 41], "uv_size": [1, 0.5]},
								"up": {"uv": [41, 22], "uv_size": [0.5, 1]}
							}
						},
						{
							"origin": [0.48751, 2.1, -1.64152],
							"size": [0.53146, 0.64141, 1.28304],
							"pivot": [0.75324, 2.1, -1],
							"rotation": [0, -45, 90],
							"uv": {
								"north": {"uv": [24, 48], "uv_size": [0.5, 0.5]},
								"south": {"uv": [26, 48], "uv_size": [0.5, 0.5]},
								"up": {"uv": [14, 33], "uv_size": [0.5, 1.5]},
								"down": {"uv": [33, 15.5], "uv_size": [0.5, -1.5]}
							}
						},
						{
							"origin": [0.48751, 2.1, -1.64152],
							"size": [0.53146, 0.64152, 1.28304],
							"pivot": [0.75324, 2.1, -1],
							"rotation": [0, 0, 90],
							"uv": {
								"north": {"uv": [16, 48], "uv_size": [0.5, 0.5]},
								"south": {"uv": [48, 20], "uv_size": [0.5, 0.5]},
								"up": {"uv": [0, 33], "uv_size": [0.5, 1.5]},
								"down": {"uv": [33, 1.5], "uv_size": [0.5, -1.5]}
							}
						},
						{
							"origin": [1.27579, 2.07875, -1.27268],
							"size": [0.23809, 0.00176, 0.5748],
							"pivot": [1.39483, 2.07965, -0.98528],
							"rotation": [-180, -22.5, -90],
							"uv": {
								"up": {"uv": [10, 49], "uv_size": [0.5, 0.5]}
							}
						},
						{
							"origin": [1.27579, 2.07884, -1.27268],
							"size": [0.23809, 0.00176, 0.5748],
							"pivot": [1.39483, 2.07965, -0.98528],
							"rotation": [0, -22.5, 90],
							"uv": {
								"up": {"uv": [49, 8], "uv_size": [0.5, 0.5]}
							}
						},
						{
							"origin": [1.27579, 2.0788, -1.27268],
							"size": [0.23809, 0.00176, 0.5748],
							"pivot": [1.39483, 2.07965, -0.98528],
							"rotation": [0, -67.5, 90],
							"uv": {
								"up": {"uv": [49, 6], "uv_size": [0.5, 0.5]}
							}
						},
						{
							"origin": [1.27579, 2.0787, -1.27268],
							"size": [0.23809, 0.00176, 0.5748],
							"pivot": [1.39483, 2.07965, -0.98528],
							"rotation": [-180, -67.5, -90],
							"uv": {
								"up": {"uv": [6, 49], "uv_size": [0.5, 0.5]}
							}
						},
						{
							"origin": [1.27579, 2.09875, -1.29268],
							"size": [0.23809, 0.00221, 0.5748],
							"pivot": [1.39483, 2.09965, -1.00528],
							"rotation": [-180, -22.5, -90],
							"uv": {
								"up": {"uv": [49, 4], "uv_size": [0.5, 0.5]}
							}
						},
						{
							"origin": [1.34507, 1.59937, -1.05],
							"size": [0.1, 0.00125, 0.1],
							"pivot": [1.39507, 1.6, -1],
							"rotation": [0, 45, 90],
							"uv": {
								"north": {"uv": [46, 58], "uv_size": [0.5, 0]},
								"south": {"uv": [58, 46], "uv_size": [0.5, 0]},
								"up": {"uv": [49, 2], "uv_size": [0.5, 0.5]},
								"down": {"uv": [4, 49.5], "uv_size": [0.5, -0.5]}
							}
						},
						{
							"origin": [1.34507, 2.09938, -0.55],
							"size": [0.1, 0.00125, 0.1],
							"pivot": [1.39507, 2.1, -0.5],
							"rotation": [0, -45, 90],
							"uv": {
								"north": {"uv": [58, 44], "uv_size": [0.5, 0]},
								"south": {"uv": [58, 45], "uv_size": [0.5, 0]},
								"up": {"uv": [48, 48], "uv_size": [0.5, 0.5]},
								"down": {"uv": [49, 0.5], "uv_size": [0.5, -0.5]}
							}
						},
						{
							"origin": [1.34507, 2.59937, -1.05],
							"size": [0.1, 0.00125, 0.1],
							"pivot": [1.39507, 2.6, -1],
							"rotation": [-180, -45, -90],
							"uv": {
								"north": {"uv": [58, 43], "uv_size": [0.5, 0]},
								"south": {"uv": [44, 58], "uv_size": [0.5, 0]},
								"up": {"uv": [46, 48], "uv_size": [0.5, 0.5]},
								"down": {"uv": [48, 46.5], "uv_size": [0.5, -0.5]}
							}
						},
						{
							"origin": [1.27579, 2.09884, -1.29268],
							"size": [0.23809, 0.00221, 0.5748],
							"pivot": [1.39483, 2.09965, -1.00528],
							"rotation": [0, -22.5, 90],
							"uv": {
								"up": {"uv": [48, 44], "uv_size": [0.5, 0.5]}
							}
						},
						{
							"origin": [1.27579, 2.0988, -1.29268],
							"size": [0.23809, 0.00221, 0.5748],
							"pivot": [1.39483, 2.09965, -1.00528],
							"rotation": [0, -67.5, 90],
							"uv": {
								"up": {"uv": [44, 48], "uv_size": [0.5, 0.5]}
							}
						},
						{
							"origin": [1.27579, 2.0987, -1.29268],
							"size": [0.23809, 0.00221, 0.5748],
							"pivot": [1.39483, 2.09965, -1.00528],
							"rotation": [-180, -67.5, -90],
							"uv": {
								"up": {"uv": [48, 42], "uv_size": [0.5, 0.5]}
							}
						},
						{
							"origin": [1.34507, 2.09937, -1.55],
							"size": [0.1, 0.00125, 0.1],
							"pivot": [1.39507, 2.1, -1.5],
							"rotation": [-180, 45, -90],
							"uv": {
								"north": {"uv": [22, 14], "uv_size": [0.5, 0]},
								"south": {"uv": [58, 42], "uv_size": [0.5, 0]},
								"up": {"uv": [48, 36], "uv_size": [0.5, 0.5]},
								"down": {"uv": [38, 48.5], "uv_size": [0.5, -0.5]}
							}
						},
						{
							"origin": [0.63159, 2.1, -1.698],
							"size": [0.23682, 0.64258, 1.396],
							"pivot": [0.75, 2.1, -1],
							"rotation": [180, -22.5, -90],
							"uv": {
								"north": {"uv": [12, 48], "uv_size": [0.5, 0.5]},
								"east": {"uv": [20, 32], "uv_size": [1.5, 0.5]},
								"south": {"uv": [14, 48], "uv_size": [0.5, 0.5]},
								"west": {"uv": [23, 32], "uv_size": [1.5, 0.5]},
								"up": {"uv": [32, 31], "uv_size": [0.5, 1.5]}
							}
						},
						{
							"origin": [0.63159, 2.1, -1.698],
							"size": [0.23682, 0.64248, 1.396],
							"pivot": [0.75, 2.1, -1],
							"rotation": [-180, -67.5, -90],
							"uv": {
								"north": {"uv": [8, 48], "uv_size": [0.5, 0.5]},
								"east": {"uv": [32, 9], "uv_size": [1.5, 0.5]},
								"south": {"uv": [48, 10], "uv_size": [0.5, 0.5]},
								"west": {"uv": [11, 32], "uv_size": [1.5, 0.5]},
								"up": {"uv": [32, 11], "uv_size": [0.5, 1.5]}
							}
						},
						{
							"origin": [0.63159, 2.1, -1.698],
							"size": [0.23682, 0.64269, 1.396],
							"pivot": [0.75, 2.1, -1],
							"rotation": [0, -67.5, 90],
							"uv": {
								"north": {"uv": [0, 48], "uv_size": [0.5, 0.5]},
								"east": {"uv": [6, 32], "uv_size": [1.5, 0.5]},
								"south": {"uv": [2, 48], "uv_size": [0.5, 0.5]},
								"west": {"uv": [32, 7], "uv_size": [1.5, 0.5]},
								"up": {"uv": [9, 32], "uv_size": [0.5, 1.5]}
							}
						},
						{
							"origin": [0.63159, 2.1, -1.698],
							"size": [0.23682, 0.6428, 1.396],
							"pivot": [0.75, 2.1, -1],
							"rotation": [0, -22.5, 90],
							"uv": {
								"north": {"uv": [47, 40], "uv_size": [0.5, 0.5]},
								"east": {"uv": [32, 3], "uv_size": [1.5, 0.5]},
								"south": {"uv": [42, 47], "uv_size": [0.5, 0.5]},
								"west": {"uv": [32, 5], "uv_size": [1.5, 0.5]},
								"up": {"uv": [2, 32], "uv_size": [0.5, 1.5]}
							}
						},
						{
							"origin": [-0.15811, 2.90609, -0.9817],
							"size": [0.31622, 0.75158, 0.7634],
							"pivot": [0, 3.27609, -0.6],
							"rotation": [-180, -45, 180],
							"uv": {
								"north": {"uv": [41, 14], "uv_size": [0.5, 1]},
								"south": {"uv": [41, 16], "uv_size": [0.5, 1]},
								"up": {"uv": [18, 41], "uv_size": [0.5, 1]},
								"down": {"uv": [41, 19], "uv_size": [0.5, -1]}
							}
						},
						{
							"origin": [-0.15811, 2.90609, -0.9817],
							"size": [0.31622, 0.75152, 0.7634],
							"pivot": [0, 3.27609, -0.6],
							"rotation": [0, -90, 0],
							"uv": {
								"north": {"uv": [41, 6], "uv_size": [0.5, 1]},
								"south": {"uv": [41, 8], "uv_size": [0.5, 1]},
								"up": {"uv": [10, 41], "uv_size": [0.5, 1]},
								"down": {"uv": [41, 13], "uv_size": [0.5, -1]}
							}
						},
						{
							"origin": [-0.15811, 2.90609, -0.9817],
							"size": [0.31622, 0.75164, 0.7634],
							"pivot": [0, 3.27609, -0.6],
							"rotation": [0, -45, 0],
							"uv": {
								"north": {"uv": [41, 2], "uv_size": [0.5, 1]},
								"south": {"uv": [4, 41], "uv_size": [0.5, 1]},
								"up": {"uv": [41, 4], "uv_size": [0.5, 1]},
								"down": {"uv": [6, 42], "uv_size": [0.5, -1]}
							}
						},
						{
							"origin": [-0.2, 3.6578, -0.8],
							"size": [0.4, 0.05, 0.4],
							"pivot": [0, 3.6828, -0.6],
							"rotation": [0, -45, 0],
							"uv": {
								"north": {"uv": [30, 47], "uv_size": [0.5, 0.5]},
								"east": {"uv": [32, 47], "uv_size": [0.5, 0.5]},
								"south": {"uv": [34, 47], "uv_size": [0.5, 0.5]},
								"west": {"uv": [47, 38], "uv_size": [0.5, 0.5]},
								"up": {"uv": [40, 47], "uv_size": [0.5, 0.5]}
							}
						},
						{
							"origin": [-0.15811, 2.90609, -0.9817],
							"size": [0.31622, 0.75171, 0.7634],
							"uv": {
								"north": {"uv": [37, 40], "uv_size": [0.5, 1]},
								"south": {"uv": [40, 37], "uv_size": [0.5, 1]},
								"up": {"uv": [39, 40], "uv_size": [0.5, 1]},
								"down": {"uv": [41, 1], "uv_size": [0.5, -1]}
							}
						},
						{
							"origin": [-0.07045, 3.20417, -1.01531],
							"size": [0.14091, 0.45233, 0.83062],
							"pivot": [0, 3.27417, -0.6],
							"rotation": [-180, -22.5, 180],
							"uv": {
								"north": {"uv": [47, 24], "uv_size": [0.5, 0.5]},
								"east": {"uv": [40, 31], "uv_size": [1, 0.5]},
								"south": {"uv": [47, 26], "uv_size": [0.5, 0.5]},
								"west": {"uv": [40, 33], "uv_size": [1, 0.5]},
								"up": {"uv": [40, 35], "uv_size": [0.5, 1]}
							}
						},
						{
							"origin": [-0.07045, 3.20417, -1.01531],
							"size": [0.14091, 0.45227, 0.83062],
							"pivot": [0, 3.27417, -0.6],
							"rotation": [-180, -67.5, 180],
							"uv": {
								"north": {"uv": [22, 47], "uv_size": [0.5, 0.5]},
								"east": {"uv": [26, 40], "uv_size": [1, 0.5]},
								"south": {"uv": [47, 22], "uv_size": [0.5, 0.5]},
								"west": {"uv": [28, 40], "uv_size": [1, 0.5]},
								"up": {"uv": [40, 29], "uv_size": [0.5, 1]}
							}
						},
						{
							"origin": [-0.07045, 3.20417, -1.01531],
							"size": [0.14091, 0.4524, 0.83062],
							"pivot": [0, 3.27417, -0.6],
							"rotation": [0, -67.5, 0],
							"uv": {
								"north": {"uv": [47, 18], "uv_size": [0.5, 0.5]},
								"east": {"uv": [16, 40], "uv_size": [1, 0.5]},
								"south": {"uv": [20, 47], "uv_size": [0.5, 0.5]},
								"west": {"uv": [40, 20], "uv_size": [1, 0.5]},
								"up": {"uv": [24, 40], "uv_size": [0.5, 1]}
							}
						},
						{
							"origin": [-0.15, 2.3, -1.8],
							"size": [1.4, 0.1, 1.6],
							"pivot": [0.55, 2.1, -0.4],
							"rotation": [0, 0, 90],
							"uv": {
								"east": {"uv": [26, 31], "uv_size": [1.5, 0.5]},
								"west": {"uv": [29, 31], "uv_size": [1.5, 0.5]},
								"up": {"uv": [2, 4], "uv_size": [1.5, 1.5]}
							}
						},
						{
							"origin": [-0.15, 2.1, -1.8],
							"size": [0.1, 0.2, 1.6],
							"pivot": [0.55, 2.1, -0.4],
							"rotation": [0, 0, 90],
							"uv": {
								"east": {"uv": [14, 31], "uv_size": [1.5, 0.5]},
								"west": {"uv": [17, 31], "uv_size": [1.5, 0.5]}
							}
						},
						{
							"origin": [0.05, 2.3, -0.2],
							"size": [1, 0.25, 0.2],
							"pivot": [0.55, 2.1, -0.4],
							"rotation": [0, 0, 90],
							"uv": {
								"south": {"uv": [38, 34], "uv_size": [1, 0.5]},
								"up": {"uv": [38, 36], "uv_size": [1, 0.5]}
							}
						},
						{
							"origin": [0.05, 2.3, -2],
							"size": [1, 0.25, 0.2],
							"pivot": [0.55, 2.1, -2.2],
							"rotation": [0, 0, 90],
							"uv": {
								"north": {"uv": [38, 30], "uv_size": [1, 0.5]},
								"up": {"uv": [38, 32], "uv_size": [1, 0.5]}
							}
						},
						{
							"origin": [0.45858, 2.85, -0.24142],
							"size": [0.28284, 0.2498, 0.14142],
							"pivot": [0.6, 2.7, -0.1],
							"rotation": [0, -45, 90],
							"uv": {
								"south": {"uv": [44, 46], "uv_size": [0.5, 0.5]},
								"up": {"uv": [46, 44], "uv_size": [0.5, 0.5]}
							}
						},
						{
							"origin": [0.45858, 2.65, -0.1],
							"size": [0.20284, 0.2, 0],
							"pivot": [0.6, 2.7, -0.1],
							"rotation": [0, -45, 90],
							"uv": {
								"south": {"uv": [46, 42], "uv_size": [0.5, 0.5]}
							}
						},
						{
							"origin": [0.66142, 2.7, -1.9],
							"size": [0.08, 0.15, 0],
							"pivot": [0.6, 2.7, -1.9],
							"rotation": [0, 45, 90],
							"uv": {
								"north": {"uv": [38, 46], "uv_size": [0.5, 0.5]}
							}
						},
						{
							"origin": [0.45858, 2.65, -1.9],
							"size": [0.20284, 0.2, 0],
							"pivot": [0.6, 2.7, -1.9],
							"rotation": [0, 45, 90],
							"uv": {
								"north": {"uv": [46, 36], "uv_size": [0.5, 0.5]}
							}
						},
						{
							"origin": [0.66142, 2.7, -0.1],
							"size": [0.08, 0.15, 0],
							"pivot": [0.6, 2.7, -0.1],
							"rotation": [0, -45, 90],
							"uv": {
								"south": {"uv": [36, 46], "uv_size": [0.5, 0.5]}
							}
						},
						{
							"origin": [0.66142, 1.35, -1.9],
							"size": [0.08, 0.15, 0],
							"pivot": [0.6, 1.5, -1.9],
							"rotation": [0, 45, -90],
							"uv": {
								"north": {"uv": [46, 34], "uv_size": [0.5, 0.5]}
							}
						},
						{
							"origin": [0.45858, 1.35, -1.9],
							"size": [0.20284, 0.2, 0],
							"pivot": [0.6, 1.5, -1.9],
							"rotation": [0, 45, -90],
							"uv": {
								"north": {"uv": [46, 32], "uv_size": [0.5, 0.5]}
							}
						},
						{
							"origin": [-0.15, 1.9, -1.8],
							"size": [0.1, 0.2, 1.6],
							"pivot": [0.55, 2.1, -0.4],
							"rotation": [0, 0, -90],
							"uv": {
								"north": {"uv": [46, 28], "uv_size": [0.5, 0.5]},
								"east": {"uv": [30, 27], "uv_size": [1.5, 0.5]},
								"south": {"uv": [46, 30], "uv_size": [0.5, 0.5]},
								"west": {"uv": [30, 29], "uv_size": [1.5, 0.5]},
								"up": {"uv": [31, 0], "uv_size": [0.5, 1.5]},
								"down": {"uv": [4, 32.5], "uv_size": [0.5, -1.5]}
							}
						},
						{
							"origin": [0.45858, 1.35, -0.1],
							"size": [0.20284, 0.2, 0],
							"pivot": [0.6, 1.5, -0.1],
							"rotation": [0, -45, -90],
							"uv": {
								"south": {"uv": [28, 46], "uv_size": [0.5, 0.5]}
							}
						},
						{
							"origin": [0.66142, 1.35, -0.1],
							"size": [0.08, 0.15, 0],
							"pivot": [0.6, 1.5, -0.1],
							"rotation": [0, -45, -90],
							"uv": {
								"south": {"uv": [26, 46], "uv_size": [0.5, 0.5]}
							}
						},
						{
							"origin": [0.45858, 2.85, -1.9],
							"size": [0.28284, 0.2498, 0.14142],
							"pivot": [0.6, 2.7, -1.9],
							"rotation": [0, 45, 90],
							"uv": {
								"north": {"uv": [46, 20], "uv_size": [0.5, 0.5]},
								"up": {"uv": [24, 46], "uv_size": [0.5, 0.5]}
							}
						},
						{
							"origin": [0.45858, 1.1002, -1.9],
							"size": [0.28284, 0.2498, 0.14142],
							"pivot": [0.6, 1.5, -1.9],
							"rotation": [0, 45, -90],
							"uv": {
								"north": {"uv": [14, 46], "uv_size": [0.5, 0.5]},
								"down": {"uv": [16, 46.5], "uv_size": [0.5, -0.5]}
							}
						},
						{
							"origin": [0.45858, 1.1002, -0.24142],
							"size": [0.28284, 0.2498, 0.14142],
							"pivot": [0.6, 1.5, -0.1],
							"rotation": [0, -45, -90],
							"uv": {
								"south": {"uv": [46, 10], "uv_size": [0.5, 0.5]},
								"down": {"uv": [12, 46.5], "uv_size": [0.5, -0.5]}
							}
						},
						{
							"origin": [0.5, 2.9498, -1.85429],
							"size": [0.2, 0.3, 0.2],
							"pivot": [0.6, 2.7, -1.9],
							"rotation": [0, 45, 90],
							"uv": {
								"north": {"uv": [45, 40], "uv_size": [0.5, 0.5]},
								"east": {"uv": [42, 45], "uv_size": [0.5, 0.5]},
								"south": {"uv": [0, 46], "uv_size": [0.5, 0.5]},
								"west": {"uv": [2, 46], "uv_size": [0.5, 0.5]},
								"up": {"uv": [8, 46], "uv_size": [0.5, 0.5]}
							}
						},
						{
							"origin": [-0.15, 2.4, -1.8],
							"size": [1.4, 0.15, 0.1],
							"pivot": [0.55, 2.1, -0.4],
							"rotation": [0, 0, 90],
							"uv": {
								"east": {"uv": [45, 38], "uv_size": [0.5, 0.5]},
								"west": {"uv": [40, 45], "uv_size": [0.5, 0.5]},
								"up": {"uv": [30, 25], "uv_size": [1.5, 0.5]}
							}
						},
						{
							"origin": [-0.54142, 2.85, -1.1],
							"size": [0.14142, 0.2496, 0.1],
							"pivot": [-0.4, 3.1, -1.1],
							"rotation": [0, 45, 0],
							"uv": {
								"north": {"uv": [32, 45], "uv_size": [0.5, 0.5]},
								"up": {"uv": [34, 45], "uv_size": [0.5, 0.5]}
							}
						},
						{
							"origin": [1.0002, 2.75, -0.7],
							"size": [1.3996, 0.05, 0.12],
							"pivot": [1, 2.8, -0.3],
							"rotation": [22.5, 0, 90],
							"uv": {
								"east": {"uv": [45, 0], "uv_size": [0.5, 0.5]},
								"west": {"uv": [45, 2], "uv_size": [0.5, 0.5]},
								"up": {"uv": [30, 21], "uv_size": [1.5, 0.5]}
							}
						},
						{
							"origin": [-0.15, 2.4, -0.3],
							"size": [1.4, 0.15, 0.1],
							"pivot": [0.55, 2.1, -1.6],
							"rotation": [0, 0, 90],
							"uv": {
								"east": {"uv": [4, 45], "uv_size": [0.5, 0.5]},
								"west": {"uv": [45, 4], "uv_size": [0.5, 0.5]},
								"up": {"uv": [30, 23], "uv_size": [1.5, 0.5]}
							}
						},
						{
							"origin": [0.5, 1.9498, -1.85429],
							"size": [0.2, 0.3, 0.2],
							"pivot": [0.6, 1.7, -1.9],
							"rotation": [0, 45, 90],
							"uv": {
								"north": {"uv": [6, 45], "uv_size": [0.5, 0.5]},
								"east": {"uv": [45, 6], "uv_size": [0.5, 0.5]},
								"south": {"uv": [45, 8], "uv_size": [0.5, 0.5]},
								"west": {"uv": [10, 45], "uv_size": [0.5, 0.5]},
								"up": {"uv": [45, 12], "uv_size": [0.5, 0.5]}
							}
						},
						{
							"origin": [0.5, 2.9498, -0.26429],
							"size": [0.2, 0.3, 0.2],
							"pivot": [0.6, 2.7, -0.31],
							"rotation": [0, 45, 90],
							"uv": {
								"north": {"uv": [45, 14], "uv_size": [0.5, 0.5]},
								"east": {"uv": [45, 16], "uv_size": [0.5, 0.5]},
								"south": {"uv": [18, 45], "uv_size": [0.5, 0.5]},
								"west": {"uv": [45, 18], "uv_size": [0.5, 0.5]},
								"up": {"uv": [20, 45], "uv_size": [0.5, 0.5]}
							}
						},
						{
							"origin": [0.5, 1.9498, -0.26429],
							"size": [0.2, 0.3, 0.2],
							"pivot": [0.6, 1.7, -0.31],
							"rotation": [0, 45, 90],
							"uv": {
								"north": {"uv": [22, 45], "uv_size": [0.5, 0.5]},
								"east": {"uv": [45, 22], "uv_size": [0.5, 0.5]},
								"south": {"uv": [45, 24], "uv_size": [0.5, 0.5]},
								"west": {"uv": [45, 26], "uv_size": [0.5, 0.5]},
								"up": {"uv": [30, 45], "uv_size": [0.5, 0.5]}
							}
						}
					]
				},
				{
					"name": "division",
					"pivot": [0, 2.1, -100]
				},
				{
					"name": "division_illuminated",
					"parent": "division",
					"pivot": [0, 2.1, -1.65],
					"cubes": [
						{
							"origin": [-0.375, 1.725, -100],
							"size": [0.75, 0.75, 0],
							"pivot": [0, 2.1, -1.65],
							"rotation": [0, 0, 45],
							"uv": {
								"south": {"uv": [26, 20], "uv_size": [1, 1]}
							}
						}
					]
				},
				{
					"name": "scope_view",
					"pivot": [0, 2.1, 5]
				},
				{
					"name": "ocular",
					"pivot": [0, 2.1, -4],
					"cubes": [
						{
							"origin": [-0.9, 1.55, -4.2],
							"size": [0.2, 1.1, 0],
							"pivot": [0, 2.1, -4],
							"rotation": [0, 0, 45],
							"uv": {
								"north": {"uv": [37, 24], "uv_size": [0.5, 1]}
							}
						},
						{
							"origin": [0.7, 1.55, -4.2],
							"size": [0.2, 1.1, 0],
							"pivot": [0, 2.1, -4],
							"rotation": [0, 0, 45],
							"uv": {
								"north": {"uv": [23, 37], "uv_size": [0.5, 1]}
							}
						},
						{
							"origin": [-0.7, 1.35, -4.2],
							"size": [0.2, 1.5, 0],
							"pivot": [0, 2.1, -4],
							"rotation": [0, 0, 45],
							"uv": {
								"north": {"uv": [22, 29], "uv_size": [0.5, 1.5]}
							}
						},
						{
							"origin": [0.5, 1.35, -4.2],
							"size": [0.2, 1.5, 0],
							"pivot": [0, 2.1, -4],
							"rotation": [0, 0, 45],
							"uv": {
								"north": {"uv": [12, 29], "uv_size": [0.5, 1.5]}
							}
						},
						{
							"origin": [-0.5, 1.25, -4.2],
							"size": [0.2, 1.7, 0],
							"pivot": [0, 2.1, -4],
							"rotation": [0, 0, 45],
							"uv": {
								"north": {"uv": [20, 29], "uv_size": [0.5, 1.5]}
							}
						},
						{
							"origin": [0.3, 1.25, -4.2],
							"size": [0.2, 1.7, 0],
							"pivot": [0, 2.1, -4],
							"rotation": [0, 0, 45],
							"uv": {
								"north": {"uv": [10, 29], "uv_size": [0.5, 1.5]}
							}
						},
						{
							"origin": [-0.3, 1.2, -4.2],
							"size": [0.2, 1.8, 0],
							"pivot": [0, 2.1, -4],
							"rotation": [0, 0, 45],
							"uv": {
								"north": {"uv": [12, 26], "uv_size": [0.5, 2]}
							}
						},
						{
							"origin": [0.1, 1.2, -4.2],
							"size": [0.2, 1.8, 0],
							"pivot": [0, 2.1, -4],
							"rotation": [0, 0, 45],
							"uv": {
								"north": {"uv": [26, 10], "uv_size": [0.5, 2]}
							}
						},
						{
							"origin": [-0.1, 1.1, -4.2],
							"size": [0.2, 2, 0],
							"pivot": [0, 2.1, -4],
							"rotation": [0, 0, 45],
							"uv": {
								"north": {"uv": [26, 7], "uv_size": [0.5, 2]}
							}
						},
						{
							"origin": [-0.81, 1.605, 0.98],
							"size": [0.18, 0.99, 0],
							"pivot": [0, 2.1, 0.8],
							"rotation": [0, 0, 45],
							"uv": {
								"south": {"uv": [37, 28], "uv_size": [0.5, 1]}
							}
						},
						{
							"origin": [0.63, 1.605, 0.98],
							"size": [0.18, 0.99, 0],
							"pivot": [0, 2.1, 0.8],
							"rotation": [0, 0, 45],
							"uv": {
								"south": {"uv": [37, 26], "uv_size": [0.5, 1]}
							}
						},
						{
							"origin": [-0.63, 1.425, 0.98],
							"size": [0.18, 1.35, 0],
							"pivot": [0, 2.1, 0.8],
							"rotation": [0, 0, 45],
							"uv": {
								"south": {"uv": [30, 12], "uv_size": [0.5, 1.5]}
							}
						},
						{
							"origin": [0.45, 1.425, 0.98],
							"size": [0.18, 1.35, 0],
							"pivot": [0, 2.1, 0.8],
							"rotation": [0, 0, 45],
							"uv": {
								"south": {"uv": [30, 9], "uv_size": [0.5, 1.5]}
							}
						},
						{
							"origin": [-0.45, 1.335, 0.98],
							"size": [0.18, 1.53, 0],
							"pivot": [0, 2.1, 0.8],
							"rotation": [0, 0, 45],
							"uv": {
								"south": {"uv": [30, 6], "uv_size": [0.5, 1.5]}
							}
						},
						{
							"origin": [0.27, 1.335, 0.98],
							"size": [0.18, 1.53, 0],
							"pivot": [0, 2.1, 0.8],
							"rotation": [0, 0, 45],
							"uv": {
								"south": {"uv": [30, 3], "uv_size": [0.5, 1.5]}
							}
						},
						{
							"origin": [-0.27, 1.29, 0.98],
							"size": [0.18, 1.62, 0],
							"pivot": [0, 2.1, 0.8],
							"rotation": [0, 0, 45],
							"uv": {
								"south": {"uv": [0, 30], "uv_size": [0.5, 1.5]}
							}
						},
						{
							"origin": [0.09, 1.29, 0.98],
							"size": [0.18, 1.62, 0],
							"pivot": [0, 2.1, 0.8],
							"rotation": [0, 0, 45],
							"uv": {
								"south": {"uv": [24, 29], "uv_size": [0.5, 1.5]}
							}
						},
						{
							"origin": [-0.09, 1.2, 0.98],
							"size": [0.18, 1.8, 0],
							"pivot": [0, 2.1, 0.8],
							"rotation": [0, 0, 45],
							"uv": {
								"south": {"uv": [26, 13], "uv_size": [0.5, 2]}
							}
						}
					]
				}
			]
		}
	]
}