{
  "model": "glockvar:ammo/357sig",
  "texture": "glockvar:ammo/uv/357sig",
  "slot": "glockvar:ammo/slot/357sig",
  "shell": {
    "model": "glockvar:shell/357sig_shell",
    "texture": "glockvar:shell/357sig_shell"
  },
  "tracer_color": "#FF8888",
  "transform": {
    "scale": {
      "thirdperson": [
        0.6,
        0.6,
        0.6
      ],
      "ground": [
        0.6,
        0.6,
        0.6
      ],
      "fixed": [
        1.2,
        1.2,
        1.2
      ]
    }
  }
}