{
	"format_version": "1.12.0",
	"minecraft:geometry": [
		{
			"description": {
				"identifier": "geometry.sight_zs_cpt",
				"texture_width": 32,
				"texture_height": 32,
				"visible_bounds_width": 22,
				"visible_bounds_height": 10,
				"visible_bounds_offset": [0, 0, 0]
			},
			"bones": [
				{
					"name": "scope_view",
					"pivot": [0, 1.1125, 8]
				},
				{
					"name": "division",
					"pivot": [0, 0, 0]
				},
				{
					"name": "crosshair_illuminated",
					"parent": "division",
					"pivot": [0, 0, 0],
					"cubes": [
						{
							"origin": [-0.03533, 1.0772, -6],
							"size": [0.0707, 0.0707, 0.025],
							"pivot": [0.00002, 1.11255, 0],
							"rotation": [0, 0, -45],
							"uv": {
								"south": {"uv": [5, 7], "uv_size": [0.5, 0.5]}
							}
						}
					]
				},
				{
					"name": "ocular",
					"pivot": [0, 1.12893, -1.11201],
					"cubes": [
						{
							"origin": [-0.525, 0.72884, -1.44272],
							"size": [1.05, 0.7625, 0.02],
							"pivot": [0, 1.11009, -1.43272],
							"rotation": [-12.5, 0, 0],
							"uv": {
								"south": {"uv": [2, 0], "uv_size": [1, 1]}
							}
						}
					]
				},
				{
					"name": "scope_body",
					"pivot": [0, 0, 1]
				},
				{
					"name": "Zeiss_CompactPoint",
					"parent": "scope_body",
					"pivot": [0.03913, 0.02418, -0.36223],
					"cubes": [
						{
							"origin": [-0.625, -0.125, 0.1625],
							"size": [1, 0.6, 0.1625],
							"uv": {
								"east": {"uv": [7, 5], "uv_size": [0.5, 0.5]},
								"west": {"uv": [6, 7], "uv_size": [0.5, 0.5]},
								"up": {"uv": [4, 2], "uv_size": [1, 0.5]},
								"down": {"uv": [4, 3.5], "uv_size": [1, -0.5]}
							}
						},
						{
							"origin": [0.45, 0.375, 0.325],
							"size": [0.175, 0.15, 0.675],
							"uv": {
								"north": {"uv": [7, 6], "uv_size": [0.5, 0.5]},
								"south": {"uv": [7, 7], "uv_size": [0.5, 0.5]},
								"west": {"uv": [0, 8], "uv_size": [0.5, 0.5]},
								"up": {"uv": [8, 0], "uv_size": [0.5, 0.5]},
								"down": {"uv": [1, 8.5], "uv_size": [0.5, -0.5]}
							}
						},
						{
							"origin": [-0.25, 0.525, 0.325],
							"size": [0.5, 0.2, 0.125],
							"uv": {
								"north": {"uv": [8, 1], "uv_size": [0.5, 0.5]},
								"east": {"uv": [2, 8], "uv_size": [0.5, 0.5]},
								"west": {"uv": [8, 2], "uv_size": [0.5, 0.5]},
								"up": {"uv": [3, 8], "uv_size": [0.5, 0.5]}
							}
						},
						{
							"origin": [-0.1875, 0.525, 0.45],
							"size": [0.375, 0.1375, 0.4],
							"uv": {
								"south": {"uv": [8, 3], "uv_size": [0.5, 0.5]}
							}
						},
						{
							"origin": [-0.1875, 0.63132, 0.44854],
							"size": [0.375, 0.0625, 0.40485],
							"pivot": [0, 0.7, 0.65],
							"rotation": [-8.8807, 0, 0],
							"uv": {
								"up": {"uv": [4, 8], "uv_size": [0.5, 0.5]}
							}
						},
						{
							"origin": [0, 0.69353, 0.65047],
							"size": [0.1, 0.025, 0.1],
							"pivot": [0, 0.68103, 0.65047],
							"rotation": [-12.46052, -44.31719, 8.7759],
							"uv": {
								"north": {"uv": [8, 4], "uv_size": [0.5, 0.5]},
								"east": {"uv": [5, 8], "uv_size": [0.5, 0.5]},
								"south": {"uv": [8, 5], "uv_size": [0.5, 0.5]},
								"west": {"uv": [6, 8], "uv_size": [0.5, 0.5]},
								"up": {"uv": [8, 6], "uv_size": [0.5, 0.5]}
							}
						},
						{
							"origin": [-0.21644, 0.63132, 0.41285],
							"size": [0.06177, 0.0625, 0.40965],
							"pivot": [0, 0.7, 0.65],
							"rotation": [-8.98358, 8.6443, -1.36115],
							"uv": {
								"east": {"uv": [7, 8], "uv_size": [0.5, 0.5]},
								"up": {"uv": [8, 7], "uv_size": [0.5, 0.5]}
							}
						},
						{
							"origin": [0.15625, 0.525, 0.44757],
							"size": [0.0625, 0.1375, 0.40485],
							"pivot": [0.21875, 0.59375, 0.65],
							"rotation": [0, -8.8807, 0],
							"uv": {
								"west": {"uv": [8, 8], "uv_size": [0.5, 0.5]}
							}
						},
						{
							"origin": [0.15467, 0.63132, 0.41285],
							"size": [0.06177, 0.0625, 0.40965],
							"pivot": [0, 0.7, 0.65],
							"rotation": [-8.98358, -8.6443, 1.36115],
							"uv": {
								"west": {"uv": [0, 9], "uv_size": [0.5, 0.5]},
								"up": {"uv": [9, 0], "uv_size": [0.5, 0.5]}
							}
						},
						{
							"origin": [-0.21875, 0.525, 0.44757],
							"size": [0.0625, 0.1375, 0.40485],
							"pivot": [-0.21875, 0.59375, 0.65],
							"rotation": [0, 8.8807, 0],
							"uv": {
								"east": {"uv": [1, 9], "uv_size": [0.5, 0.5]}
							}
						},
						{
							"origin": [0.375, 0.375, 0.1625],
							"size": [0.25, 0.1, 0.1625],
							"uv": {
								"west": {"uv": [9, 1], "uv_size": [0.5, 0.5]},
								"up": {"uv": [2, 9], "uv_size": [0.5, 0.5]},
								"down": {"uv": [9, 2.5], "uv_size": [0.5, -0.5]}
							}
						},
						{
							"origin": [-0.625, -0.125, -0.275],
							"size": [1, 0.7, 0.4375],
							"uv": {
								"east": {"uv": [3, 9], "uv_size": [0.5, 0.5]},
								"south": {"uv": [4, 4], "uv_size": [1, 0.5]},
								"west": {"uv": [9, 3], "uv_size": [0.5, 0.5]},
								"up": {"uv": [0, 5], "uv_size": [1, 0.5]},
								"down": {"uv": [5, 0.5], "uv_size": [1, -0.5]}
							}
						},
						{
							"origin": [-0.4375, 0.575, -0.5875],
							"size": [0.875, 0.0625, 0.375],
							"uv": {
								"east": {"uv": [4, 9], "uv_size": [0.5, 0.5]},
								"west": {"uv": [9, 4], "uv_size": [0.5, 0.5]},
								"up": {"uv": [1, 5], "uv_size": [1, 0.5]}
							}
						},
						{
							"origin": [-0.1875, 0.575, -0.8375],
							"size": [0.375, 0.0625, 0.875],
							"uv": {
								"north": {"uv": [5, 9], "uv_size": [0.5, 0.5]},
								"south": {"uv": [9, 5], "uv_size": [0.5, 0.5]},
								"up": {"uv": [2, 5], "uv_size": [0.5, 1]}
							}
						},
						{
							"origin": [-0.17678, 0.575, -0.83306],
							"size": [0.35355, 0.0625, 0.88388],
							"pivot": [-0.01072, 0.575, -0.39556],
							"rotation": [0, 45, 0],
							"uv": {
								"north": {"uv": [6, 9], "uv_size": [0.5, 0.5]},
								"south": {"uv": [9, 6], "uv_size": [0.5, 0.5]},
								"up": {"uv": [5, 2], "uv_size": [0.5, 1]}
							}
						},
						{
							"origin": [-0.17678, 0.575, -0.83306],
							"size": [0.35355, 0.0625, 0.88388],
							"pivot": [0.01072, 0.575, -0.39556],
							"rotation": [0, -45, 0],
							"uv": {
								"north": {"uv": [7, 9], "uv_size": [0.5, 0.5]},
								"south": {"uv": [9, 7], "uv_size": [0.5, 0.5]},
								"up": {"uv": [3, 5], "uv_size": [0.5, 1]}
							}
						},
						{
							"origin": [-0.625, -0.125, -1.625],
							"size": [1.25, 0.7, 1.35],
							"uv": {
								"east": {"uv": [2, 1], "uv_size": [1.5, 0.5]},
								"south": {"uv": [2, 2], "uv_size": [1.5, 0.5]},
								"west": {"uv": [3, 0], "uv_size": [1.5, 0.5]},
								"up": {"uv": [0, 0], "uv_size": [1.5, 1.5]},
								"down": {"uv": [0, 3.5], "uv_size": [1.5, -1.5]}
							}
						},
						{
							"origin": [0.375, 0.375, -0.275],
							"size": [0.25, 0.2, 0.4375],
							"uv": {
								"south": {"uv": [8, 9], "uv_size": [0.5, 0.5]},
								"west": {"uv": [9, 8], "uv_size": [0.5, 0.5]},
								"up": {"uv": [9, 9], "uv_size": [0.5, 0.5]},
								"down": {"uv": [0, 10.5], "uv_size": [0.5, -0.5]}
							}
						},
						{
							"origin": [-0.625, -0.125, 0.325],
							"size": [1.075, 0.65, 0.675],
							"uv": {
								"north": {"uv": [5, 3], "uv_size": [1, 0.5]},
								"east": {"uv": [10, 0], "uv_size": [0.5, 0.5]},
								"south": {"uv": [4, 5], "uv_size": [1, 0.5]},
								"west": {"uv": [1, 10], "uv_size": [0.5, 0.5]},
								"up": {"uv": [5, 4], "uv_size": [1, 0.5]},
								"down": {"uv": [5, 5.5], "uv_size": [1, -0.5]}
							}
						},
						{
							"origin": [-0.25, 0.2, 1],
							"size": [0.1, 0.1, 0.0375],
							"pivot": [-0.2, 0.25, 0.6625],
							"rotation": [0, 0, -22.5],
							"uv": {
								"east": {"uv": [10, 1], "uv_size": [0.5, 0.5]},
								"south": {"uv": [2, 10], "uv_size": [0.5, 0.5]},
								"west": {"uv": [10, 2], "uv_size": [0.5, 0.5]},
								"up": {"uv": [3, 10], "uv_size": [0.5, 0.5]},
								"down": {"uv": [10, 3.5], "uv_size": [0.5, -0.5]}
							}
						},
						{
							"origin": [0.15, 0.2, 1],
							"size": [0.1, 0.1, 0.0375],
							"pivot": [0.2, 0.25, 0.6625],
							"rotation": [0, 0, -45],
							"uv": {
								"east": {"uv": [4, 10], "uv_size": [0.5, 0.5]},
								"south": {"uv": [10, 4], "uv_size": [0.5, 0.5]},
								"west": {"uv": [5, 10], "uv_size": [0.5, 0.5]},
								"up": {"uv": [10, 5], "uv_size": [0.5, 0.5]},
								"down": {"uv": [6, 10.5], "uv_size": [0.5, -0.5]}
							}
						},
						{
							"origin": [-0.625, 0.2875, -1.7125],
							"size": [1.25, 0.35, 0.0875],
							"uv": {
								"north": {"uv": [2, 3], "uv_size": [1.5, 0.5]},
								"east": {"uv": [10, 6], "uv_size": [0.5, 0.5]},
								"west": {"uv": [7, 10], "uv_size": [0.5, 0.5]},
								"up": {"uv": [0, 4], "uv_size": [1.5, 0.5]}
							}
						},
						{
							"origin": [-0.25, 0.1625, -1.7375],
							"size": [0.5, 0.2, 0.025],
							"uv": {
								"north": {"uv": [10, 7], "uv_size": [0.5, 0.5]},
								"east": {"uv": [8, 10], "uv_size": [0.5, 0.5]},
								"west": {"uv": [10, 8], "uv_size": [0.5, 0.5]}
							}
						},
						{
							"origin": [-0.1, 0.0125, -1.7375],
							"size": [0.2, 0.5, 0.025],
							"uv": {
								"north": {"uv": [9, 10], "uv_size": [0.5, 0.5]},
								"up": {"uv": [10, 9], "uv_size": [0.5, 0.5]},
								"down": {"uv": [10, 10.5], "uv_size": [0.5, -0.5]}
							}
						},
						{
							"origin": [-0.10607, 0.01501, -1.7375],
							"size": [0.21213, 0.49497, 0.025],
							"pivot": [0, 0.2625, -1.74375],
							"rotation": [0, 0, -45],
							"uv": {
								"north": {"uv": [0, 11], "uv_size": [0.5, 0.5]},
								"up": {"uv": [11, 0], "uv_size": [0.5, 0.5]},
								"down": {"uv": [1, 11.5], "uv_size": [0.5, -0.5]}
							}
						},
						{
							"origin": [-0.10607, 0.01501, -1.7375],
							"size": [0.21213, 0.49497, 0.025],
							"pivot": [0, 0.2625, -1.74375],
							"rotation": [0, 0, 45],
							"uv": {
								"north": {"uv": [11, 1], "uv_size": [0.5, 0.5]},
								"up": {"uv": [2, 11], "uv_size": [0.5, 0.5]},
								"down": {"uv": [11, 2.5], "uv_size": [0.5, -0.5]}
							}
						},
						{
							"origin": [-0.625, 0.575, -1.62519],
							"size": [1.25, 0.16504, 0.12519],
							"uv": {
								"north": {"uv": [4, 1], "uv_size": [1.5, 0.5]},
								"east": {"uv": [3, 11], "uv_size": [0.5, 0.5]},
								"west": {"uv": [11, 3], "uv_size": [0.5, 0.5]},
								"up": {"uv": [2, 4], "uv_size": [1.5, 0.5]}
							}
						},
						{
							"origin": [-0.525, 0.575, -1.5],
							"size": [1.05, 0.16504, 0.125],
							"uv": {
								"up": {"uv": [0, 6], "uv_size": [1, 0.5]}
							}
						},
						{
							"origin": [0.4, 0.575, -1.375],
							"size": [0.125, 0.16504, 0.375],
							"uv": {
								"south": {"uv": [4, 11], "uv_size": [0.5, 0.5]},
								"up": {"uv": [11, 4], "uv_size": [0.5, 0.5]}
							}
						},
						{
							"origin": [-0.4, 0.6375, -1.375],
							"size": [0.7975, 0.10254, 0.215],
							"pivot": [0.4, 0.74004, -1.375],
							"rotation": [-30, 0, 0],
							"uv": {
								"up": {"uv": [6, 0], "uv_size": [1, 0.5]}
							}
						},
						{
							"origin": [-0.4, 0.575, -1.375],
							"size": [0.8, 0.0625, 0.375],
							"uv": {
								"south": {"uv": [1, 6], "uv_size": [1, 0.5]},
								"up": {"uv": [6, 1], "uv_size": [1, 0.5]}
							}
						},
						{
							"origin": [0.33167, 0.64751, -1.375],
							"size": [0.14498, 0.07248, 0.375],
							"pivot": [0.41416, 0.6375, -1.1875],
							"rotation": [0, 0, -45],
							"uv": {
								"south": {"uv": [5, 11], "uv_size": [0.5, 0.5]},
								"up": {"uv": [11, 5], "uv_size": [0.5, 0.5]}
							}
						},
						{
							"origin": [-0.525, 0.575, -1.375],
							"size": [0.125, 0.16504, 0.375],
							"uv": {
								"south": {"uv": [6, 11], "uv_size": [0.5, 0.5]},
								"up": {"uv": [11, 6], "uv_size": [0.5, 0.5]}
							}
						},
						{
							"origin": [-0.47666, 0.64751, -1.375],
							"size": [0.14498, 0.07248, 0.375],
							"pivot": [-0.41416, 0.6375, -1.1875],
							"rotation": [0, 0, 45],
							"uv": {
								"south": {"uv": [7, 11], "uv_size": [0.5, 0.5]},
								"up": {"uv": [11, 7], "uv_size": [0.5, 0.5]}
							}
						},
						{
							"origin": [0.54048, -0.05, -1.7125],
							"size": [0.08452, 0.3375, 0.0875],
							"pivot": [0.625, 0.2875, -1.7125],
							"rotation": [0, 0, 15],
							"uv": {
								"north": {"uv": [8, 11], "uv_size": [0.5, 0.5]},
								"west": {"uv": [11, 8], "uv_size": [0.5, 0.5]}
							}
						},
						{
							"origin": [-0.625, -0.05, -1.7125],
							"size": [0.08452, 0.3375, 0.0875],
							"pivot": [-0.625, 0.2875, -1.7125],
							"rotation": [0, 0, -15],
							"uv": {
								"north": {"uv": [9, 11], "uv_size": [0.5, 0.5]},
								"east": {"uv": [11, 9], "uv_size": [0.5, 0.5]}
							}
						},
						{
							"origin": [-0.5375, -0.125, -1.7125],
							"size": [1.075, 0.4125, 0.0875],
							"uv": {
								"north": {"uv": [2, 6], "uv_size": [1, 0.5]},
								"down": {"uv": [6, 2.5], "uv_size": [1, -0.5]}
							}
						},
						{
							"origin": [0.34913, -0.125, -2.07976],
							"size": [0.12374, 0.4125, 0.06187],
							"pivot": [0, 0.08125, -1.66875],
							"rotation": [0, -45, 0],
							"uv": {
								"north": {"uv": [10, 11], "uv_size": [0.5, 0.5]},
								"down": {"uv": [11, 10.5], "uv_size": [0.5, -0.5]}
							}
						},
						{
							"origin": [-0.47288, -0.125, -2.07976],
							"size": [0.12374, 0.4125, 0.06187],
							"pivot": [0, 0.08125, -1.66875],
							"rotation": [0, 45, 0],
							"uv": {
								"north": {"uv": [11, 11], "uv_size": [0.5, 0.5]},
								"down": {"uv": [0, 12.5], "uv_size": [0.5, -0.5]}
							}
						},
						{
							"origin": [-0.6875, 0.0625, 0.375],
							"size": [0.0625, 0.2, 0.2],
							"pivot": [0, 0.1625, 0.475],
							"rotation": [22.5, 0, 0],
							"uv": {
								"north": {"uv": [12, 0], "uv_size": [0.5, 0.5]},
								"east": {"uv": [1, 12], "uv_size": [0.5, 0.5]},
								"south": {"uv": [12, 1], "uv_size": [0.5, 0.5]},
								"up": {"uv": [2, 12], "uv_size": [0.5, 0.5]},
								"down": {"uv": [12, 2.5], "uv_size": [0.5, -0.5]}
							}
						},
						{
							"origin": [0.45, -0.375, 0.7],
							"size": [0.175, 0.75, 0.3],
							"uv": {
								"north": {"uv": [3, 6], "uv_size": [0.5, 1]},
								"south": {"uv": [6, 3], "uv_size": [0.5, 1]},
								"west": {"uv": [4, 6], "uv_size": [0.5, 1]},
								"down": {"uv": [3, 12.5], "uv_size": [0.5, -0.5]}
							}
						},
						{
							"origin": [0.36166, 0.03295, 0.7],
							"size": [0.17678, 0.17678, 0.3],
							"pivot": [0.00178, -0.06427, 0],
							"rotation": [0, 0, 45],
							"uv": {
								"north": {"uv": [12, 3], "uv_size": [0.5, 0.5]},
								"east": {"uv": [4, 12], "uv_size": [0.5, 0.5]},
								"south": {"uv": [12, 4], "uv_size": [0.5, 0.5]},
								"down": {"uv": [5, 12.5], "uv_size": [0.5, -0.5]}
							}
						},
						{
							"origin": [0.45, -0.375, -0.525],
							"size": [0.175, 0.25, 0.25],
							"uv": {
								"north": {"uv": [12, 5], "uv_size": [0.5, 0.5]},
								"south": {"uv": [6, 12], "uv_size": [0.5, 0.5]},
								"west": {"uv": [12, 6], "uv_size": [0.5, 0.5]},
								"down": {"uv": [7, 12.5], "uv_size": [0.5, -0.5]}
							}
						},
						{
							"origin": [0.36166, 0.03295, -0.525],
							"size": [0.17678, 0.17678, 0.25],
							"pivot": [0.00178, -0.06427, -1.275],
							"rotation": [0, 0, 45],
							"uv": {
								"north": {"uv": [12, 7], "uv_size": [0.5, 0.5]},
								"east": {"uv": [8, 12], "uv_size": [0.5, 0.5]},
								"south": {"uv": [12, 8], "uv_size": [0.5, 0.5]},
								"down": {"uv": [9, 12.5], "uv_size": [0.5, -0.5]}
							}
						},
						{
							"origin": [-0.625, -0.375, 0.5],
							"size": [0.175, 0.25, 0.5],
							"uv": {
								"north": {"uv": [12, 9], "uv_size": [0.5, 0.5]},
								"east": {"uv": [10, 12], "uv_size": [0.5, 0.5]},
								"south": {"uv": [12, 10], "uv_size": [0.5, 0.5]},
								"down": {"uv": [11, 12.5], "uv_size": [0.5, -0.5]}
							}
						},
						{
							"origin": [-0.625, -0.225, 0.25858],
							"size": [0.175, 0.14142, 0.28284],
							"inflate": -0.0001,
							"pivot": [-0.5375, -0.225, 0.4],
							"rotation": [-45, 0, 0],
							"uv": {
								"east": {"uv": [12, 11], "uv_size": [0.5, 0.5]},
								"west": {"uv": [12, 12], "uv_size": [0.5, 0.5]},
								"down": {"uv": [0, 13.5], "uv_size": [0.5, -0.5]}
							}
						},
						{
							"origin": [0.45, -0.225, -0.76642],
							"size": [0.175, 0.14142, 0.28284],
							"inflate": -0.0001,
							"pivot": [0.5375, -0.225, -0.625],
							"rotation": [-45, 0, 0],
							"uv": {
								"east": {"uv": [13, 0], "uv_size": [0.5, 0.5]},
								"west": {"uv": [1, 13], "uv_size": [0.5, 0.5]},
								"down": {"uv": [13, 1.5], "uv_size": [0.5, -0.5]}
							}
						},
						{
							"origin": [-0.53844, 0.03295, 0.5],
							"size": [0.17678, 0.17678, 0.5],
							"pivot": [-0.00178, -0.06427, 0],
							"rotation": [0, 0, -45],
							"uv": {
								"north": {"uv": [2, 13], "uv_size": [0.5, 0.5]},
								"south": {"uv": [13, 2], "uv_size": [0.5, 0.5]},
								"west": {"uv": [3, 13], "uv_size": [0.5, 0.5]},
								"down": {"uv": [13, 3.5], "uv_size": [0.5, -0.5]}
							}
						},
						{
							"origin": [-0.625, -0.225, -1.29142],
							"size": [0.175, 0.14142, 0.28284],
							"inflate": -0.0001,
							"pivot": [-0.5375, -0.225, -1.15],
							"rotation": [45, 0, 0],
							"uv": {
								"east": {"uv": [4, 13], "uv_size": [0.5, 0.5]},
								"west": {"uv": [13, 4], "uv_size": [0.5, 0.5]},
								"down": {"uv": [5, 13.5], "uv_size": [0.5, -0.5]}
							}
						},
						{
							"origin": [-0.625, -0.375, -1.625],
							"size": [0.175, 0.25, 0.375],
							"uv": {
								"north": {"uv": [13, 5], "uv_size": [0.5, 0.5]},
								"east": {"uv": [6, 13], "uv_size": [0.5, 0.5]},
								"south": {"uv": [13, 6], "uv_size": [0.5, 0.5]},
								"down": {"uv": [7, 13.5], "uv_size": [0.5, -0.5]}
							}
						},
						{
							"origin": [-0.53844, 0.03295, -1.625],
							"size": [0.17678, 0.17678, 0.375],
							"pivot": [-0.00178, -0.06427, -0.75],
							"rotation": [0, 0, -45],
							"uv": {
								"north": {"uv": [13, 7], "uv_size": [0.5, 0.5]},
								"south": {"uv": [8, 13], "uv_size": [0.5, 0.5]},
								"west": {"uv": [13, 8], "uv_size": [0.5, 0.5]},
								"down": {"uv": [9, 13.5], "uv_size": [0.5, -0.5]}
							}
						},
						{
							"origin": [-0.5, 1.475, -1.5],
							"size": [1, 0.1, 0.675],
							"uv": {
								"north": {"uv": [6, 4], "uv_size": [1, 0.5]},
								"south": {"uv": [5, 6], "uv_size": [1, 0.5]},
								"up": {"uv": [6, 5], "uv_size": [1, 0.5]},
								"down": {"uv": [6, 6.5], "uv_size": [1, -0.5]}
							}
						},
						{
							"origin": [0.525, 0.575, -1.5],
							"size": [0.1, 0.875, 0.675],
							"uv": {
								"east": {"uv": [0, 7], "uv_size": [0.5, 1]},
								"west": {"uv": [7, 0], "uv_size": [0.5, 1]}
							}
						},
						{
							"origin": [0.44406, 1.4421, -1.5],
							"size": [0.1, 0.17678, 0.675],
							"pivot": [0.575, 1.54375, -1.1625],
							"rotation": [0, 0, -45],
							"uv": {
								"north": {"uv": [13, 9], "uv_size": [0.5, 0.5]},
								"east": {"uv": [10, 13], "uv_size": [0.5, 0.5]},
								"south": {"uv": [13, 10], "uv_size": [0.5, 0.5]},
								"west": {"uv": [11, 13], "uv_size": [0.5, 0.5]}
							}
						},
						{
							"origin": [0.525, 0.825, -1.1504],
							"size": [0.1, 0.625, 0.3254],
							"inflate": -0.0002,
							"pivot": [0.625, 1.45, -0.825],
							"rotation": [27.5, 0, 0],
							"uv": {
								"east": {"uv": [13, 11], "uv_size": [0.5, 0.5]},
								"south": {"uv": [12, 13], "uv_size": [0.5, 0.5]},
								"west": {"uv": [13, 12], "uv_size": [0.5, 0.5]}
							}
						},
						{
							"origin": [0.525, 0.65303, -1.0731],
							"size": [0.1, 0.3625, 0.47895],
							"inflate": -0.0001,
							"pivot": [0.625, 1.00649, -0.59413],
							"rotation": [50, 0, 0],
							"uv": {
								"east": {"uv": [13, 13], "uv_size": [0.5, 0.5]},
								"south": {"uv": [0, 14], "uv_size": [0.5, 0.5]},
								"west": {"uv": [14, 0], "uv_size": [0.5, 0.5]}
							}
						},
						{
							"origin": [0.525, 0.47514, -0.47085],
							"size": [0.1, 0.26943, 0.19585],
							"inflate": -0.0002,
							"pivot": [0.625, 0.575, -0.275],
							"rotation": [-27, 0, 0],
							"uv": {
								"east": {"uv": [1, 14], "uv_size": [0.5, 0.5]},
								"west": {"uv": [14, 1], "uv_size": [0.5, 0.5]},
								"up": {"uv": [2, 14], "uv_size": [0.5, 0.5]}
							}
						},
						{
							"origin": [0.525, 0.60513, -0.30994],
							"size": [0.1, 0.16957, 0.4033],
							"inflate": -0.0001,
							"pivot": [0.575, 0.50345, -0.36717],
							"rotation": [-22.8046, 0, 0],
							"uv": {
								"east": {"uv": [14, 2], "uv_size": [0.5, 0.5]},
								"west": {"uv": [3, 14], "uv_size": [0.5, 0.5]},
								"up": {"uv": [14, 3], "uv_size": [0.5, 0.5]}
							}
						},
						{
							"origin": [0.525, 0.72909, -1.5],
							"size": [0.1, 0.72091, 0.12328],
							"inflate": 0.0001,
							"pivot": [0.625, 1.45, -1.5],
							"rotation": [-10, 0, 0],
							"uv": {
								"north": {"uv": [4, 14], "uv_size": [0.5, 0.5]},
								"east": {"uv": [14, 4], "uv_size": [0.5, 0.5]},
								"west": {"uv": [5, 14], "uv_size": [0.5, 0.5]}
							}
						},
						{
							"origin": [-0.54406, 1.4421, -1.5],
							"size": [0.1, 0.17678, 0.675],
							"pivot": [-0.575, 1.54375, -1.1625],
							"rotation": [0, 0, 45],
							"uv": {
								"north": {"uv": [14, 5], "uv_size": [0.5, 0.5]},
								"east": {"uv": [6, 14], "uv_size": [0.5, 0.5]},
								"south": {"uv": [14, 6], "uv_size": [0.5, 0.5]},
								"west": {"uv": [7, 14], "uv_size": [0.5, 0.5]}
							}
						},
						{
							"origin": [-0.625, 0.47514, -0.47085],
							"size": [0.1, 0.26943, 0.19585],
							"inflate": -0.0002,
							"pivot": [-0.625, 0.575, -0.275],
							"rotation": [-27, 0, 0],
							"uv": {
								"east": {"uv": [14, 7], "uv_size": [0.5, 0.5]},
								"west": {"uv": [8, 14], "uv_size": [0.5, 0.5]},
								"up": {"uv": [14, 8], "uv_size": [0.5, 0.5]}
							}
						},
						{
							"origin": [-0.625, 0.60513, -0.30994],
							"size": [0.1, 0.16957, 0.4033],
							"inflate": -0.0001,
							"pivot": [-0.575, 0.50345, -0.36717],
							"rotation": [-22.8046, 0, 0],
							"uv": {
								"east": {"uv": [9, 14], "uv_size": [0.5, 0.5]},
								"west": {"uv": [14, 9], "uv_size": [0.5, 0.5]},
								"up": {"uv": [10, 14], "uv_size": [0.5, 0.5]}
							}
						},
						{
							"origin": [-0.625, 0.65303, -1.0731],
							"size": [0.1, 0.3625, 0.47895],
							"inflate": -0.0001,
							"pivot": [-0.625, 1.00649, -0.59413],
							"rotation": [50, 0, 0],
							"uv": {
								"east": {"uv": [14, 10], "uv_size": [0.5, 0.5]},
								"south": {"uv": [11, 14], "uv_size": [0.5, 0.5]},
								"west": {"uv": [14, 11], "uv_size": [0.5, 0.5]}
							}
						},
						{
							"origin": [-0.625, 0.825, -1.1504],
							"size": [0.1, 0.625, 0.3254],
							"inflate": -0.0002,
							"pivot": [-0.625, 1.45, -0.825],
							"rotation": [27.5, 0, 0],
							"uv": {
								"east": {"uv": [12, 14], "uv_size": [0.5, 0.5]},
								"south": {"uv": [14, 12], "uv_size": [0.5, 0.5]},
								"west": {"uv": [13, 14], "uv_size": [0.5, 0.5]}
							}
						},
						{
							"origin": [-0.625, 0.72909, -1.5],
							"size": [0.1, 0.72091, 0.12328],
							"inflate": 0.0001,
							"pivot": [-0.625, 1.45, -1.5],
							"rotation": [-10, 0, 0],
							"uv": {
								"north": {"uv": [14, 13], "uv_size": [0.5, 0.5]},
								"east": {"uv": [14, 14], "uv_size": [0.5, 0.5]},
								"west": {"uv": [0, 15], "uv_size": [0.5, 0.5]}
							}
						},
						{
							"origin": [-0.625, 0.575, -1.5],
							"size": [0.1, 0.875, 0.675],
							"uv": {
								"east": {"uv": [1, 7], "uv_size": [0.5, 1]},
								"west": {"uv": [7, 1], "uv_size": [0.5, 1]}
							}
						}
					]
				},
				{
					"name": "label",
					"parent": "Zeiss_CompactPoint",
					"pivot": [1.03913, 0.02418, -0.36223],
					"cubes": [
						{
							"origin": [0.625, 0.725, -1.325],
							"size": [0.025, 0.04698, 0.146],
							"inflate": 0.0001,
							"pivot": [0.625, 0.725, -1.325],
							"rotation": [20, 0, 0],
							"uv": {
								"west": {"uv": [15, 0], "uv_size": [0.5, 0.5]},
								"down": {"uv": [1, 15.5], "uv_size": [0.5, -0.5]}
							}
						},
						{
							"origin": [-0.65, 0.775, -1.375],
							"size": [0.025, 0.4, 0.45],
							"uv": {
								"east": {"uv": [17, 9], "uv_size": [0.5, 0.5]},
								"up": {"uv": [10, 17], "uv_size": [0.5, 0.5]},
								"down": {"uv": [17, 10.5], "uv_size": [0.5, -0.5]}
							}
						},
						{
							"origin": [-0.65, 0.725, -1.375],
							"size": [0.025, 0.45, 0.05],
							"inflate": -0.0001,
							"uv": {
								"north": {"uv": [8, 17], "uv_size": [0.5, 0.5]},
								"east": {"uv": [17, 8], "uv_size": [0.5, 0.5]},
								"down": {"uv": [9, 17.5], "uv_size": [0.5, -0.5]}
							}
						},
						{
							"origin": [-0.65, 0.725, -1.121],
							"size": [0.025, 0.04698, 0.146],
							"inflate": 0.0001,
							"pivot": [-0.625, 0.725, -0.975],
							"rotation": [-20, 0, 0],
							"uv": {
								"east": {"uv": [7, 17], "uv_size": [0.5, 0.5]},
								"down": {"uv": [17, 7.5], "uv_size": [0.5, -0.5]}
							}
						},
						{
							"origin": [-0.65, 0.725, -0.975],
							"size": [0.025, 0.45, 0.05],
							"inflate": -0.0001,
							"uv": {
								"east": {"uv": [17, 5], "uv_size": [0.5, 0.5]},
								"south": {"uv": [6, 17], "uv_size": [0.5, 0.5]},
								"down": {"uv": [17, 6.5], "uv_size": [0.5, -0.5]}
							}
						},
						{
							"origin": [-0.65, 0.725, -1.325],
							"size": [0.025, 0.04698, 0.146],
							"inflate": 0.0001,
							"pivot": [-0.625, 0.725, -1.325],
							"rotation": [20, 0, 0],
							"uv": {
								"east": {"uv": [17, 4], "uv_size": [0.5, 0.5]},
								"down": {"uv": [5, 17.5], "uv_size": [0.5, -0.5]}
							}
						},
						{
							"origin": [0.625, 0.725, -0.975],
							"size": [0.025, 0.45, 0.05],
							"inflate": -0.0001,
							"uv": {
								"south": {"uv": [15, 1], "uv_size": [0.5, 0.5]},
								"west": {"uv": [2, 15], "uv_size": [0.5, 0.5]},
								"down": {"uv": [15, 2.5], "uv_size": [0.5, -0.5]}
							}
						},
						{
							"origin": [0.625, 0.725, -1.121],
							"size": [0.025, 0.04698, 0.146],
							"inflate": 0.0001,
							"pivot": [0.625, 0.725, -0.975],
							"rotation": [-20, 0, 0],
							"uv": {
								"west": {"uv": [3, 15], "uv_size": [0.5, 0.5]},
								"down": {"uv": [15, 3.5], "uv_size": [0.5, -0.5]}
							}
						},
						{
							"origin": [0.625, 0.725, -1.375],
							"size": [0.025, 0.45, 0.05],
							"inflate": -0.0001,
							"uv": {
								"north": {"uv": [4, 15], "uv_size": [0.5, 0.5]},
								"west": {"uv": [15, 4], "uv_size": [0.5, 0.5]},
								"down": {"uv": [5, 15.5], "uv_size": [0.5, -0.5]}
							}
						},
						{
							"origin": [0.625, 0.775, -1.375],
							"size": [0.025, 0.4, 0.45],
							"uv": {
								"west": {"uv": [15, 5], "uv_size": [0.5, 0.5]},
								"up": {"uv": [6, 15], "uv_size": [0.5, 0.5]},
								"down": {"uv": [15, 6.5], "uv_size": [0.5, -0.5]}
							}
						}
					]
				},
				{
					"name": "mount",
					"parent": "Zeiss_CompactPoint",
					"pivot": [0.03913, 0.02418, -0.36223],
					"cubes": [
						{
							"origin": [0.36166, 0.03295, -0.2625],
							"size": [0.17678, 0.17678, 0.95],
							"pivot": [0.00178, -0.06427, 0],
							"rotation": [0, 0, 45],
							"uv": {
								"north": {"uv": [7, 15], "uv_size": [0.5, 0.5]},
								"east": {"uv": [2, 7], "uv_size": [1, 0.5]},
								"south": {"uv": [15, 7], "uv_size": [0.5, 0.5]},
								"down": {"uv": [7, 3], "uv_size": [0.5, -1]}
							}
						},
						{
							"origin": [0.45, -0.375, -0.2625],
							"size": [0.0875, 0.7375, 0.95],
							"uv": {
								"north": {"uv": [8, 15], "uv_size": [0.5, 0.5]},
								"east": {"uv": [3, 7], "uv_size": [1, 0.5]},
								"south": {"uv": [15, 8], "uv_size": [0.5, 0.5]},
								"up": {"uv": [7, 3], "uv_size": [0.5, 1]},
								"down": {"uv": [4, 8], "uv_size": [0.5, -1]}
							}
						},
						{
							"origin": [0.48363, -0.29685, -0.2625],
							"size": [0.09626, 0.73119, 0.95],
							"pivot": [-0.0375, -0.0125, -1.2875],
							"rotation": [0, 0, 7.5],
							"uv": {
								"north": {"uv": [9, 15], "uv_size": [0.5, 0.5]},
								"south": {"uv": [15, 9], "uv_size": [0.5, 0.5]},
								"up": {"uv": [7, 4], "uv_size": [0.5, 1]}
							}
						},
						{
							"origin": [0.6299, -0.01566, 0.0125],
							"size": [0.0125, 0.375, 0.4],
							"pivot": [-0.0375, -0.0125, -1.2875],
							"rotation": [0, 0, 7.5],
							"uv": {
								"west": {"uv": [10, 15], "uv_size": [0.5, 0.5]}
							}
						},
						{
							"origin": [0.34787, -0.04756, 0.0875],
							"size": [0.375, 0.25, 0.25],
							"pivot": [0.69162, 0.07744, 0.2125],
							"rotation": [67.5, 0, 7.5],
							"uv": {
								"north": {"uv": [15, 10], "uv_size": [0.5, 0.5]},
								"south": {"uv": [11, 15], "uv_size": [0.5, 0.5]},
								"west": {"uv": [15, 11], "uv_size": [0.5, 0.5]},
								"up": {"uv": [12, 15], "uv_size": [0.5, 0.5]},
								"down": {"uv": [15, 12.5], "uv_size": [0.5, -0.5]}
							}
						},
						{
							"origin": [0.61439, -0.01212, 0.0125],
							"size": [0.0125, 0.14405, 0.4],
							"pivot": [-0.0375, -0.0125, -1.2875],
							"rotation": [0, 0, 20.031],
							"uv": {
								"west": {"uv": [13, 15], "uv_size": [0.5, 0.5]}
							}
						},
						{
							"origin": [0.64649, 0.25986, 0.0125],
							"size": [0.0125, 0.09763, 0.4],
							"pivot": [0.65903, 0.30868, 0.35],
							"rotation": [0, 0, -32.3506],
							"uv": {
								"west": {"uv": [15, 13], "uv_size": [0.5, 0.5]}
							}
						},
						{
							"origin": [0.57449, -0.23888, 0.72314],
							"size": [0.0126, 0.01229, 0.02459],
							"pivot": [0.58079, -0.23889, 0.54861],
							"rotation": [-44.91861, -12.824, 7.5],
							"uv": {
								"west": {"uv": [14, 15], "uv_size": [0.5, 0.5]}
							}
						},
						{
							"origin": [0.99026, -0.27949, 0.48377],
							"size": [0.0125, 0.01748, 0.01743],
							"pivot": [-0.0375, -0.0125, -1.2875],
							"rotation": [0, -12.824, 7.5],
							"uv": {
								"west": {"uv": [15, 14], "uv_size": [0.5, 0.5]}
							}
						},
						{
							"origin": [0.99026, -0.26202, 0.46625],
							"size": [0.0125, 0.03505, 0.03495],
							"pivot": [-0.0375, -0.0125, -1.2875],
							"rotation": [0, -12.824, 7.5],
							"uv": {
								"west": {"uv": [15, 15], "uv_size": [0.5, 0.5]}
							}
						},
						{
							"origin": [0.57449, -0.2389, 0.624],
							"size": [0.0125, 0.02468, 0.09914],
							"pivot": [0.58079, -0.23889, 0.54861],
							"rotation": [-44.91861, -12.824, 7.5],
							"uv": {
								"west": {"uv": [0, 16], "uv_size": [0.5, 0.5]}
							}
						},
						{
							"origin": [0.99026, -0.22696, 0.4311],
							"size": [0.0125, 0.0703, 0.0701],
							"pivot": [-0.0375, -0.0125, -1.2875],
							"rotation": [0, -12.824, 7.5],
							"uv": {
								"west": {"uv": [16, 0], "uv_size": [0.5, 0.5]}
							}
						},
						{
							"origin": [0.99026, -0.15666, 0.3606],
							"size": [0.0125, 0.14101, 0.14061],
							"pivot": [-0.0375, -0.0125, -1.2875],
							"rotation": [0, -12.824, 7.5],
							"uv": {
								"west": {"uv": [1, 16], "uv_size": [0.5, 0.5]}
							}
						},
						{
							"origin": [0.57449, -0.2389, 0.34949],
							"size": [0.0125, 0.09985, 0.27451],
							"pivot": [0.58079, -0.23889, 0.54861],
							"rotation": [-44.91861, -12.824, 7.5],
							"uv": {
								"west": {"uv": [16, 1], "uv_size": [0.5, 0.5]}
							}
						},
						{
							"origin": [0.57471, -0.43667, 0.53841],
							"size": [0.0125, 0.0328, 0.01161],
							"pivot": [0.58096, -0.23755, 0.55],
							"rotation": [43.6673, 0, 20.031],
							"uv": {
								"west": {"uv": [2, 16], "uv_size": [0.5, 0.5]}
							}
						},
						{
							"origin": [0.61439, -0.15612, 0.64],
							"size": [0.0125, 0.01571, 0.032],
							"pivot": [-0.0375, -0.0125, -1.2875],
							"rotation": [0, 0, 20.031],
							"uv": {
								"west": {"uv": [16, 2], "uv_size": [0.5, 0.5]}
							}
						},
						{
							"origin": [0.57471, -0.40387, 0.51566],
							"size": [0.0125, 0.06214, 0.03436],
							"pivot": [0.58096, -0.23755, 0.55],
							"rotation": [43.6673, 0, 20.031],
							"uv": {
								"west": {"uv": [3, 16], "uv_size": [0.5, 0.5]}
							}
						},
						{
							"origin": [0.61439, -0.15612, 0.55],
							"size": [0.0125, 0.045, 0.09],
							"pivot": [-0.0375, -0.0125, -1.2875],
							"rotation": [0, 0, 20.031],
							"uv": {
								"west": {"uv": [16, 3], "uv_size": [0.5, 0.5]}
							}
						},
						{
							"origin": [0.57471, -0.34173, 0.45055],
							"size": [0.0125, 0.30331, 0.09946],
							"pivot": [0.58096, -0.23755, 0.55],
							"rotation": [43.6673, 0, 20.031],
							"uv": {
								"west": {"uv": [4, 16], "uv_size": [0.5, 0.5]}
							}
						},
						{
							"origin": [0.64649, 0.24177, 0.65507],
							"size": [0.0125, 0.00926, 0.02829],
							"pivot": [0.65903, 0.30868, 0.35],
							"rotation": [19.5402, 0, -32.3506],
							"uv": {
								"west": {"uv": [16, 4], "uv_size": [0.5, 0.5]}
							}
						},
						{
							"origin": [0.64749, 0.30777, 0.66987],
							"size": [0.0125, 0.00479, 0.018],
							"pivot": [0.62957, 0.31256, 0.54324],
							"rotation": [14.8935, -12.824, 7.5],
							"uv": {
								"west": {"uv": [0, 0], "uv_size": [0.5, 0]}
							}
						},
						{
							"origin": [0.64649, 0.34766, 0.62454],
							"size": [0.0125, 0.00983, 0.03534],
							"pivot": [0.65903, 0.30868, 0.35],
							"rotation": [0, 0, -32.3506],
							"uv": {
								"west": {"uv": [5, 16], "uv_size": [0.5, 0.5]}
							}
						},
						{
							"origin": [0.64649, 0.24177, 0.61757],
							"size": [0.0125, 0.01182, 0.0375],
							"pivot": [0.65903, 0.30868, 0.35],
							"rotation": [19.5402, 0, -32.3506],
							"uv": {
								"west": {"uv": [16, 5], "uv_size": [0.5, 0.5]}
							}
						},
						{
							"origin": [0.64649, 0.33512, 0.55386],
							"size": [0.0125, 0.02237, 0.07068],
							"pivot": [0.65903, 0.30868, 0.35],
							"rotation": [0, 0, -32.3506],
							"uv": {
								"west": {"uv": [6, 16], "uv_size": [0.5, 0.5]}
							}
						},
						{
							"origin": [0.64649, 0.24177, 0.54257],
							"size": [0.0125, 0.02364, 0.075],
							"pivot": [0.65903, 0.30868, 0.35],
							"rotation": [19.5402, 0, -32.3506],
							"uv": {
								"west": {"uv": [16, 6], "uv_size": [0.5, 0.5]}
							}
						},
						{
							"origin": [0.64649, 0.31003, 0.4125],
							"size": [0.0125, 0.04746, 0.14136],
							"pivot": [0.65903, 0.30868, 0.35],
							"rotation": [0, 0, -32.3506],
							"uv": {
								"west": {"uv": [7, 16], "uv_size": [0.5, 0.5]}
							}
						},
						{
							"origin": [0.64649, 0.24177, 0.39257],
							"size": [0.0125, 0.04728, 0.15],
							"pivot": [0.65903, 0.30868, 0.35],
							"rotation": [19.5402, 0, -32.3506],
							"uv": {
								"west": {"uv": [16, 7], "uv_size": [0.5, 0.5]}
							}
						},
						{
							"origin": [0.99026, 0.35934, 0.48257],
							"size": [0.0125, 0.07005, 0.01863],
							"pivot": [-0.0375, -0.0125, -1.2875],
							"rotation": [0, -12.824, 7.5],
							"uv": {
								"west": {"uv": [8, 16], "uv_size": [0.5, 0.5]}
							}
						},
						{
							"origin": [0.64749, 0.24486, 0.39733],
							"size": [0.0125, 0.0677, 0.27254],
							"pivot": [0.62957, 0.31256, 0.54324],
							"rotation": [14.8935, -12.824, 7.5],
							"uv": {
								"west": {"uv": [16, 8], "uv_size": [0.5, 0.5]}
							}
						},
						{
							"origin": [0.99026, -0.01566, 0.21919],
							"size": [0.0125, 0.375, 0.28201],
							"pivot": [-0.0375, -0.0125, -1.2875],
							"rotation": [0, -12.824, 7.5],
							"uv": {
								"west": {"uv": [9, 16], "uv_size": [0.5, 0.5]}
							}
						},
						{
							"origin": [0.57449, -0.23888, -0.32274],
							"size": [0.0126, 0.01229, 0.02459],
							"pivot": [0.58079, -0.23889, -0.12361],
							"rotation": [44.91861, 12.824, 7.5],
							"uv": {
								"west": {"uv": [16, 9], "uv_size": [0.5, 0.5]}
							}
						},
						{
							"origin": [0.99026, -0.27949, -0.0762],
							"size": [0.0125, 0.01748, 0.01743],
							"pivot": [-0.0375, -0.0125, 1.7125],
							"rotation": [0, 12.824, 7.5],
							"uv": {
								"west": {"uv": [10, 16], "uv_size": [0.5, 0.5]}
							}
						},
						{
							"origin": [0.99026, -0.26202, -0.0762],
							"size": [0.0125, 0.03505, 0.03495],
							"pivot": [-0.0375, -0.0125, 1.7125],
							"rotation": [0, 12.824, 7.5],
							"uv": {
								"west": {"uv": [16, 10], "uv_size": [0.5, 0.5]}
							}
						},
						{
							"origin": [0.57449, -0.2389, -0.29814],
							"size": [0.0125, 0.02468, 0.09914],
							"pivot": [0.58079, -0.23889, -0.12361],
							"rotation": [44.91861, 12.824, 7.5],
							"uv": {
								"west": {"uv": [11, 16], "uv_size": [0.5, 0.5]}
							}
						},
						{
							"origin": [0.99026, -0.22696, -0.0762],
							"size": [0.0125, 0.0703, 0.0701],
							"pivot": [-0.0375, -0.0125, 1.7125],
							"rotation": [0, 12.824, 7.5],
							"uv": {
								"west": {"uv": [16, 11], "uv_size": [0.5, 0.5]}
							}
						},
						{
							"origin": [0.99026, -0.15666, -0.0762],
							"size": [0.0125, 0.14101, 0.14061],
							"pivot": [-0.0375, -0.0125, 1.7125],
							"rotation": [0, 12.824, 7.5],
							"uv": {
								"west": {"uv": [12, 16], "uv_size": [0.5, 0.5]}
							}
						},
						{
							"origin": [0.57449, -0.2389, -0.199],
							"size": [0.0125, 0.09985, 0.27451],
							"pivot": [0.58079, -0.23889, -0.12361],
							"rotation": [44.91861, 12.824, 7.5],
							"uv": {
								"west": {"uv": [16, 12], "uv_size": [0.5, 0.5]}
							}
						},
						{
							"origin": [0.57471, -0.43667, -0.12502],
							"size": [0.0125, 0.0328, 0.01161],
							"pivot": [0.58096, -0.23755, -0.125],
							"rotation": [-43.6673, 0, 20.031],
							"uv": {
								"west": {"uv": [13, 16], "uv_size": [0.5, 0.5]}
							}
						},
						{
							"origin": [0.61439, -0.15612, -0.247],
							"size": [0.0125, 0.01571, 0.032],
							"pivot": [-0.0375, -0.0125, 1.7125],
							"rotation": [0, 0, 20.031],
							"uv": {
								"west": {"uv": [16, 13], "uv_size": [0.5, 0.5]}
							}
						},
						{
							"origin": [0.57471, -0.40387, -0.12502],
							"size": [0.0125, 0.06214, 0.03436],
							"pivot": [0.58096, -0.23755, -0.125],
							"rotation": [-43.6673, 0, 20.031],
							"uv": {
								"west": {"uv": [14, 16], "uv_size": [0.5, 0.5]}
							}
						},
						{
							"origin": [0.61439, -0.15612, -0.215],
							"size": [0.0125, 0.045, 0.09],
							"pivot": [-0.0375, -0.0125, 1.7125],
							"rotation": [0, 0, 20.031],
							"uv": {
								"west": {"uv": [16, 14], "uv_size": [0.5, 0.5]}
							}
						},
						{
							"origin": [0.57471, -0.34173, -0.12502],
							"size": [0.0125, 0.30331, 0.09946],
							"pivot": [0.58096, -0.23755, -0.125],
							"rotation": [-43.6673, 0, 20.031],
							"uv": {
								"west": {"uv": [15, 16], "uv_size": [0.5, 0.5]}
							}
						},
						{
							"origin": [0.61439, -0.15612, -0.125],
							"size": [0.0125, 0.144, 0.675],
							"pivot": [-0.0375, -0.0125, 1.7125],
							"rotation": [0, 0, 20.031],
							"uv": {
								"west": {"uv": [16, 15], "uv_size": [0.5, 0.5]}
							}
						},
						{
							"origin": [0.64649, 0.24177, -0.25836],
							"size": [0.0125, 0.00926, 0.02829],
							"pivot": [0.65903, 0.30868, 0.075],
							"rotation": [-19.5402, 0, -32.3506],
							"uv": {
								"west": {"uv": [16, 16], "uv_size": [0.5, 0.5]}
							}
						},
						{
							"origin": [0.64749, 0.30777, -0.26287],
							"size": [0.0125, 0.00479, 0.018],
							"pivot": [0.62957, 0.31256, -0.11824],
							"rotation": [-14.8935, 12.824, 7.5],
							"uv": {
								"west": {"uv": [0, 0], "uv_size": [0.5, 0]}
							}
						},
						{
							"origin": [0.64649, 0.34766, -0.23488],
							"size": [0.0125, 0.00983, 0.03534],
							"pivot": [0.65903, 0.30868, 0.075],
							"rotation": [0, 0, -32.3506],
							"uv": {
								"west": {"uv": [0, 17], "uv_size": [0.5, 0.5]}
							}
						},
						{
							"origin": [0.64649, 0.24177, -0.23007],
							"size": [0.0125, 0.01182, 0.0375],
							"pivot": [0.65903, 0.30868, 0.075],
							"rotation": [-19.5402, 0, -32.3506],
							"uv": {
								"west": {"uv": [17, 0], "uv_size": [0.5, 0.5]}
							}
						},
						{
							"origin": [0.64649, 0.33512, -0.19954],
							"size": [0.0125, 0.02237, 0.07068],
							"pivot": [0.65903, 0.30868, 0.075],
							"rotation": [0, 0, -32.3506],
							"uv": {
								"west": {"uv": [1, 17], "uv_size": [0.5, 0.5]}
							}
						},
						{
							"origin": [0.64649, 0.24177, -0.19257],
							"size": [0.0125, 0.02364, 0.075],
							"pivot": [0.65903, 0.30868, 0.075],
							"rotation": [-19.5402, 0, -32.3506],
							"uv": {
								"west": {"uv": [17, 1], "uv_size": [0.5, 0.5]}
							}
						},
						{
							"origin": [0.64649, 0.31003, -0.12886],
							"size": [0.0125, 0.04746, 0.14136],
							"pivot": [0.65903, 0.30868, 0.075],
							"rotation": [0, 0, -32.3506],
							"uv": {
								"west": {"uv": [2, 17], "uv_size": [0.5, 0.5]}
							}
						},
						{
							"origin": [0.64649, 0.24177, -0.11757],
							"size": [0.0125, 0.04728, 0.15],
							"pivot": [0.65903, 0.30868, 0.075],
							"rotation": [-19.5402, 0, -32.3506],
							"uv": {
								"west": {"uv": [17, 2], "uv_size": [0.5, 0.5]}
							}
						},
						{
							"origin": [0.99026, 0.35934, -0.0762],
							"size": [0.0125, 0.07005, 0.01863],
							"pivot": [-0.0375, -0.0125, 1.7125],
							"rotation": [0, 12.824, 7.5],
							"uv": {
								"west": {"uv": [3, 17], "uv_size": [0.5, 0.5]}
							}
						},
						{
							"origin": [0.64749, 0.24486, -0.24487],
							"size": [0.0125, 0.0677, 0.27254],
							"pivot": [0.62957, 0.31256, -0.11824],
							"rotation": [-14.8935, 12.824, 7.5],
							"uv": {
								"west": {"uv": [17, 3], "uv_size": [0.5, 0.5]}
							}
						},
						{
							"origin": [0.99026, -0.01566, -0.0762],
							"size": [0.0125, 0.375, 0.28201],
							"pivot": [-0.0375, -0.0125, 1.7125],
							"rotation": [0, 12.824, 7.5],
							"uv": {
								"west": {"uv": [4, 17], "uv_size": [0.5, 0.5]}
							}
						}
					]
				}
			]
		}
	]
}