{
  "model": "bf1:gun/lunge_mine_geo",
  "texture": "bf1:gun/uv/lunge_mine",
  "hud": "bf1:gun/hud/lunge_mine",
  "slot": "bf1:gun/slot/lunge_mine",
  "animation": "bf1:lunge_mine",
  "default_animation": "bf1:rifle_default",
  "lod": {
    "model": "bf1:gun/lod/lunge_mine_lod",
    "texture": "bf1:gun/lod/lunge_mine_lod"
  },
  "transform": {
    "scale": {
      "thirdperson": [ 0.6, 0.6, 0.6 ],
      "ground": [ 0.6, 0.6, 0.6 ],
      "fixed": [1.2, 1.2, 1.2]
    }
  },
  "sounds": {
    "draw": "tacz:sks/sks_raise",
    "put_away": "tacz:sks/sks_drop",
    "shoot": "bf1:lunge_mine/shoot",
    "shoot_3p": "bf1:lunge_mine/shoot",

    "head_hit": "no",
    "flesh_hit": "no",
    "kill": "bf1:kill_v"
  },
  "offhand_show": {
    "pos": [0, 20, 5],
    "rotate": [-20, 0, 30],
    "scale": [0.5, 0.5, 0.5]
  },
  "hotbar_show": {
    "0": {
      "pos": [-4, 24, 4],
      "rotate": [-90, -5, -90],
      "scale": [0.5, 0.5, 0.5]
    }
  },
  "state_machine": "bf1:movement_state_machine"
}