{
  "model": "bf1:gun/model10_geo",
  "texture": "bf1:gun/uv/model10",
  "lod": {
    "model": "bf1:gun/lod/model10_lod",
    "texture": "bf1:gun/lod/model10_lod"
  },
  "hud": "bf1:gun/hud/model10",
  "slot": "bf1:gun/slot/model10",
  "animation": "bf1:model10",
  "default_animation": "bf1:rifle_default",
  "third_person_animation": "default",
  "damage_style": "per_projectile",
  "show_crosshair": false,
  "transform": {
    "scale": {
      "thirdperson": [ 0.6, 0.6, 0.6 ],
      "ground": [ 0.6, 0.6, 0.6 ],
      "fixed": [ 1.2, 1.2, 1.2 ]
    }
  },
  "muzzle_flash": {
    "texture": "bf1:flash/spark",
    "scale": 6
  },
  "iron_zoom": 1.3,
  "zoom_model_fov": 50,
  "sounds": {
    "reload_empty": "tacz:db_short/db_short_put_away",
    "reload_tactical": "tacz:db_short/db_short_put_away",
    "inspect": "tacz:rpg7/rpg7_inspect",
    "inspect_empty": "bf1:vo/request_ammo",
    "draw": "bf1:model10/deploy",
    "put_away": "tacz:db_short/db_short_put_away",
    "shoot": "bf1:model10/shoot",
    "shoot_3p": "bf1:model10/shoot",
    "bolt": "bf1:model10/bolt",

    //"melee_bayonet": "no",

    "head_hit": "no",
    "flesh_hit": "no",
    "kill": "bf1:kill"
  },
  "offhand_show": {
    "pos": [ 0, 20, 4 ],
    "rotate": [ 0, 0, 60 ],
    "scale": [ 0.5, 0.5, 0.5 ]
  },
  "hotbar_show": {
    "0": {
      "pos": [ 0, 20, 3 ],
      "rotate": [ -180, 0, 120 ],
      "scale": [ 0.5, 0.5, 0.5 ]
    }
  },
  "state_machine": "bf1:model10_state_machine",
  "state_machine_param": {
    "bolt_shell_ejecting_time": 0.17,
    "intro_shell_ejecting_time": 0.4
  }
}