{
  "model": "bf1:gun/vp1915_geo",
  "texture": "bf1:gun/uv/vp1915",
  "lod": {
    "model": "bf1:gun/lod/vp1915_lod",
    "texture": "bf1:gun/lod/vp1915_lod"
  },
  "hud": "bf1:gun/hud/vp1915",
  "slot": "bf1:gun/slot/vp1915",
  "animation": "bf1:vp1915",
  "default_animation": "bf1:rifle_default",
  "third_person_animation": "default",
  "transform": {
    "scale": {
      "thirdperson": [0.6, 0.6, 0.6],
      "ground": [0.6, 0.6, 0.6],
      "fixed": [1.2, 1.2, 1.2]
    }
  },
  "muzzle_flash": {
    "texture": "tacz:flash/common_muzzle_flash",
    "scale": 2.5
  },
  "shell": {
    "initial_velocity": [5, 2, 1],
    "random_velocity": [1, 1, 0.25],
    "acceleration": [0, 0, 0],
    "angular_velocity": [360, -1200, 90],
    "living_time": 0.4
  },
  "sounds": {
    "shoot": "bf1:vp1915/shoot",
    "shoot_3p": "bf1:vp1915/shoot",
    "reload_empty": "tacz:hk_mp5a5/hk_mp5a5_reload_empty",
    "reload_tactical": "tacz:hk_mp5a5/hk_mp5a5_reload_empty",
    "inspect": "bf1:vo/spot_soldier",
    "inspect_empty": "bf1:vo/request_ammo",
    "draw": "tacz:hk_mp5a5/hk_mp5a5_draw",
    "put_away": "tacz:hk_mp5a5/hk_mp5a5_put_away",
    "silence": "tacz:hk_mp5a5/hk_mp5a5_silence",
    "silence_3p": "tacz:hk_mp5a5/hk_mp5a5_silence_3p",

    "head_hit": "bf1:head_hit",
    "flesh_hit": "bf1:flesh_hit",
    "kill": "bf1:kill"
  },
  "offhand_show": {
    "pos": [1, 20, 4],
    "rotate": [0, 0, 45],
    "scale": [0.5, 0.5, 0.5]
  },
  "hotbar_show": {
    "0": {
      "pos": [1, 16, -2],
    "rotate": [0, 0, 20],
    "scale": [0.5, 0.5, 0.5]
    }
  },
  "state_machine": "bf1:movement_state_machine"
}