{
  "model": "bf1:gun/zk383.geo",
  "texture": "bf1:gun/uv/zk383",
  "lod": {
    "model": "bf1:gun/lod/zk383_lod",
    "texture": "bf1:gun/lod/zk383_lod"
  },
  "hud": "bf1:gun/hud/zk383",
  "slot": "bf1:gun/slot/zk383",
  "ammo_count_style": "normal",
  "animation": "bf1:zk383",
  "default_animation": "bf1:rifle_default",
  "third_person_animation": "default",
  "player_animator_3rd": "tacz:rifle_default.player_animation",
  "show_crosshair": false,
  "transform": {
    "scale": {
      "thirdperson": [0.6, 0.6, 0.6],
      "ground": [0.6, 0.6, 0.6],
      "fixed": [1.2, 1.2, 1.2]
    }
  },
  "muzzle_flash": {
    "texture": "tacz:flash/common_muzzle_flash",
    "scale": 1
  },
  "iron_zoom": 1.25,
  "zoom_model_fov": 35,
  "shell": {
    "initial_velocity": [5, -2.5, 0],
    "random_velocity": [2, 2, 2],
    "acceleration": [-2, -10, 0],
    "angular_velocity": [360, -1200, 90],
    "living_time": 0.5
  },
  "sounds": {
    "shoot": "bf1:zk383/shoot",
    "shoot_3p": "bf1:zk383/shoot",
    "silence": "tacz:uzi/uzi_silence",
    "silence_3p": "tacz:uzi/uzi_silence_3p",
    "draw": "bf1:zk383/bringup",
    "put_away": "tacz:uzi/uzi_put_away",

    "head_hit": "bf1:head_hit_v",
    "flesh_hit": "bf1:flesh_hit_v",
    "kill": "bf1:kill_v"
  },
  "offhand_show": {
    "pos": [1, 20, 3.5],
    "rotate": [0, 0, 60],
    "scale": [0.6, 0.6, 0.6]
  },
  "hotbar_show": {
    "0": {
      "pos": [-1, 20, 3],
      "rotate": [-180, 0, 120],
      "scale": [0.5, 0.5, 0.5]
    }
  },
  "state_machine": "bf1:movement_state_machine"
}