{
  "name": "bf1.melee.sledge_hammer.name",
  "type": "lrtactical:normal",
  "base_item": "lrtactical:melee",
  "data": {
    "attributes": {
      "generic.attack_damage": 11.5,
      "minecraft:generic.movement_speed": {
        "amount": -0.15,
        "operation": "percent"
      }
    },
    // tick
    "draw_time": 15,
    // tick
    "put_away_time": 15,
    "max_durability": 1024,
    "enchantment_value": 15,
    "attack": {
      "attack_left": {
        // 伤害倍率
        "factor": 1,
        // 击退
        "knockback": 0.25,
        // 攻击冷却(tick)
        "cooldown": 16,
        // 延迟出伤(tick)
        "delay": 7,
        // 判定类型
        "hitbox": {
          // 圆锥区域
          "type": "cone",
          // 最大距离
          "max_range": 3.5,
          // 角度
          "max_angle": 90,
          // 排除自己
          "exclude_self": true
        }
      },
      "attack_right": {
        // 伤害倍率
        "factor": 2,
        // 击退
        "knockback": 0.4,
        // 攻击冷却(tick)
        "cooldown": 32,
        // 延迟出伤(tick)
        "delay": 12,
        // 判定类型
        "hitbox": {
          // 圆锥区域
          "type": "cone",
          // 最大距离
          "max_range": 3.5,
          // 角度
          "max_angle": 30,
          // 排除自己
          "exclude_self": true
        }
      }
    }
  }
}