{
  "ammo": "tacz:308",
  "ammo_amount": 100,
  "extended_mag_ammo_amount": [
    125,
    150,
    175
  ],
  "bolt": "open_bolt",
  "rpm": 750,
  "bullet": {
    "life": 1.0,
    "bullet_amount": 1,
    "damage": 13,
    "tracer_count_interval": 2,
    "extra_damage": {
      "armor_ignore": 0.5,
      "head_shot_multiplier": 1.5,
      "damage_adjust": [
        {"distance": 35, "damage": 13},
        {"distance": 80, "damage": 11},
        {"distance": "infinite", "damage": 9}
      ]
    },
    "speed": 300,
    "gravity": 0.15,
    "knockback": 0.05,
    "friction": 0.015,
    "ignite": false,
    "pierce": 1
  },
  "reload": {
    "type": "magazine",
    "feed": {
      "empty": 5.5,
      "tactical": 4.7
    },
    "cooldown": {
      "empty": 7.57,
      "tactical": 5.9
    }
  },
  "draw_time": 1.3,
  "put_away_time": 0.7,
  "aim_time": 0.3,
  "sprint_time": 0.25,
  "weight": 8,
  "movement_speed": {
    "base": 0.0,
    "aim": -0.25,
    "reload": -0.25
  },
  "crawl_recoil_multiplier": 0.1,
  "fire_mode": [
    "auto"
  ],
  "recoil": {
    "pitch": [
      {"time": 0, "value": [0.8, 0.8]},
      {"time": 0.3, "value": [1.45, 1.45]},
      {"time": 0.5, "value": [-0.15, -0.15]},
      {"time": 0.65, "value": [0, 0]}
    ],
    "yaw": [
      {"time": 0, "value": [-0.3, 0.2]},
      {"time": 0.3, "value": [-0.3, 0.2]},
      {"time": 0.5, "value": [0, 0]}
    ]
  },
  "inaccuracy": {
    "stand": 4,
    "move": 5,
    "sneak": 3,
    "lie": 1.5,
    "aim": 0.1
  },
  "melee": {
    "distance": 1.5,
    "cooldown": 0.8,
    "default": {
      "animation_type": "melee_stock",
      "distance": 0,
      "range_angle": 30,
      "damage": 4,
      "knockback": 0.75,
      "prep": 0.1
    }
  },
  "allow_attachment_types": [
    "scope",
    "grip",
    "muzzle",
    "extended_mag",
    "laser"

  ],
  "exclusive_attachments": {
  }
}