{
  "ammo": "apdf:0950x38",
  "ammo_amount": 20,
  "extended_mag_ammo_amount": [
    30,
    40,
    90
  ],
  "bolt": "closed_bolt",
  "rpm": 300,
  "bullet": {
    "life": 0.6,
    "bullet_amount": 50,
    "damage": 15,
    "tracer_count_interval": 0,
    "extra_damage": {
      "armor_ignore": 0,
      "head_shot_multiplier": 1.2,
      "damage_adjust": [
        {"distance": 8, "damage": 15},
        {"distance": 16, "damage": 10},
        {"distance": "infinite", "damage": 5}
      ]
    },
    "speed": 80,
    "gravity": 0.2,
    "knockback": 0.00,
    "friction": 0.10,
    "ignite": false,
    "pierce": 1
  },
  "reload": {
    "type": "magazine",
    "feed": {
      "empty": 1.87,
      "tactical": 1.40
    },
    "cooldown": {
      "empty": 2.2,
      "tactical": 1.87
    }
  },
  "draw_time": 0.3,
  "put_away_time": 0.43,
  "aim_time": 0.10,
  "sprint_time": 0.10,
  "weight": 2.0,
  "movement_speed": {
    "base": 0.0,
    "aim": -0.1,
    "reload": -0.05
  },
  "crawl_recoil_multiplier": 0.65,
  "fire_mode": [
    "semi",
    "burst"
  ],
  "burst_data": {
    "continuous_shoot": true,
    "count": 1,
    "bpm": 600,
    "min_interval": 0.1
  },
  "recoil": {
    "pitch": [
      {"time": 0, "value": [0.5, 0.5]},
      {"time": 0.25, "value": [0.5, 0.5]},
      {"time": 0.45, "value": [-0.2, -0.2]},
      {"time": 0.6, "value": [0, 0]}
    ],
    "yaw": [
      {"time": 0, "value": [-0.5, 0.5]},
      {"time": 0.45, "value": [0, 0]}
    ]
  },
  "inaccuracy": {
    "stand": 12.5,
    "move": 15,
    "sneak": 10,
    "lie": 10,
    "aim": 7.5
  },
  "melee": {
    "distance": 1,
    "cooldown": 0.6,
    "default": {
      "animation_type": "melee_stock",
      "distance": 1,
      "range_angle": 30,
      "damage": 2,
      "knockback": 0.5,
      "prep": 0.1
    }
  },
  "allow_attachment_types": [
    "scope",
    "laser",
    "stock",
    "grip",
    "muzzle",
    "extended_mag"
  ],
  "exclusive_attachments": {
  }
}