{
	"format_version": "1.12.0",
	"minecraft:geometry": [
		{
			"description": {
				"identifier": "geometry.unknown",
				"texture_width": 16,
				"texture_height": 16,
				"visible_bounds_width": 2,
				"visible_bounds_height": 4.5,
				"visible_bounds_offset": [0, 1.75, 0]
			},
			"bones": [
				{
					"name": "bullet",
					"pivot": [0.00073, 0.23793, -0.09502],
					"cubes": [
						{
							"origin": [-0.65879, 2.93155, -0.56923],
							"size": [1.23664, 0.88446, 1.23664],
							"uv": {
								"north": {"uv": [8, 0], "uv_size": [1.25, 0.875]},
								"east": {"uv": [8, 1], "uv_size": [1.25, 0.875]},
								"south": {"uv": [2, 8], "uv_size": [1.25, 0.875]},
								"west": {"uv": [8, 2], "uv_size": [1.25, 0.875]},
								"up": {"uv": [6, 0], "uv_size": [1.25, 1.25]},
								"down": {"uv": [2, 7.25], "uv_size": [1.25, -1.25]}
							}
						},
						{
							"origin": [-0.45943, 4.5013, -0.37624],
							"size": [0.85404, 0.27085, 0.85404],
							"uv": {
								"north": {"uv": [4, 9], "uv_size": [0.875, 0.25]},
								"east": {"uv": [9, 4], "uv_size": [0.875, 0.25]},
								"south": {"uv": [5, 9], "uv_size": [0.875, 0.25]},
								"west": {"uv": [9, 5], "uv_size": [0.875, 0.25]},
								"up": {"uv": [8, 4], "uv_size": [0.875, 0.875]}
							}
						},
						{
							"origin": [-0.5952, 3.40084, -0.52061],
							"size": [1.12031, 1.10046, 1.12033],
							"uv": {
								"north": {"uv": [6, 2], "uv_size": [1.125, 1.125]},
								"east": {"uv": [4, 6], "uv_size": [1.125, 1.125]},
								"south": {"uv": [6, 4], "uv_size": [1.125, 1.125]},
								"west": {"uv": [6, 6], "uv_size": [1.125, 1.125]},
								"up": {"uv": [0, 8], "uv_size": [1.125, 1.125]}
							}
						},
						{
							"origin": [-0.8034, 0.23871, -0.71213],
							"size": [1.52545, 0.21123, 1.52545],
							"uv": {
								"north": {"uv": [7, 8], "uv_size": [1.5, 0.25]},
								"east": {"uv": [8, 7], "uv_size": [1.5, 0.25]},
								"south": {"uv": [2, 9], "uv_size": [1.5, 0.25]},
								"west": {"uv": [9, 3], "uv_size": [1.5, 0.25]},
								"up": {"uv": [4, 0], "uv_size": [1.5, 1.5]},
								"down": {"uv": [4, 3.5], "uv_size": [1.5, -1.5]}
							}
						},
						{
							"origin": [-0.73927, 0.44753, -0.64946],
							"size": [1.3972, 2.4898, 1.3972],
							"uv": {
								"north": {"uv": [0, 0], "uv_size": [1.375, 2.5]},
								"east": {"uv": [2, 0], "uv_size": [1.375, 2.5]},
								"south": {"uv": [0, 3], "uv_size": [1.375, 2.5]},
								"west": {"uv": [2, 3], "uv_size": [1.375, 2.5]},
								"up": {"uv": [4, 4], "uv_size": [1.375, 1.375]},
								"down": {"uv": [0, 7.375], "uv_size": [1.375, -1.375]}
							}
						},
						{
							"origin": [-0.52735, 0.2328, -0.43694],
							"size": [0.97265, 0.69566, 0.97265],
							"uv": {
								"north": {"uv": [5, 8], "uv_size": [1, 0.75]},
								"east": {"uv": [8, 5], "uv_size": [1, 0.75]},
								"south": {"uv": [6, 8], "uv_size": [1, 0.75]},
								"west": {"uv": [8, 6], "uv_size": [1, 0.75]},
								"up": {"uv": [8, 3], "uv_size": [1, 1]},
								"down": {"uv": [4, 9], "uv_size": [1, -1]}
							}
						}
					]
				},
				{
					"name": "positioning",
					"pivot": [0, 8, 0]
				},
				{
					"name": "ground",
					"parent": "positioning",
					"pivot": [0, 0, 0]
				},
				{
					"name": "fixed",
					"parent": "positioning",
					"pivot": [0, 0, 0]
				},
				{
					"name": "thirdperson_hand",
					"parent": "positioning",
					"pivot": [0, -0.1, -18.9]
				}
			]
		}
	]
}