{
	"format_version": "1.21.0",
	"minecraft:geometry": [
		{
			"description": {
				"identifier": "geometry.unknown",
				"texture_width": 8,
				"texture_height": 8,
				"visible_bounds_width": 2,
				"visible_bounds_height": 1.5,
				"visible_bounds_offset": [0, 0.25, 0]
			},
			"bones": [
				{
					"name": "bullet",
					"pivot": [-0.04097, -0.23735, -0.01078],
					"cubes": [
						{
							"origin": [-0.66447, -0.18918, -0.63673],
							"size": [1.25246, 0.17708, 1.25249],
							"uv": {
								"north": {"uv": [4.5, 4], "uv_size": [-0.5, 0.125], "uv_rotation": 180},
								"east": {"uv": [4, 2], "uv_size": [0.125, 0.5], "uv_rotation": 270},
								"south": {"uv": [4.5, 3.125], "uv_size": [-0.5, -0.125]},
								"west": {"uv": [3, 4], "uv_size": [0.125, 0.5], "uv_rotation": 90},
								"up": {"uv": [2.5, 0.5], "uv_size": [-0.5, -0.5], "uv_rotation": 180},
								"down": {"uv": [2.5, 1.5], "uv_size": [-0.5, -0.5]}
							}
						},
						{
							"origin": [-0.60798, -0.08081, -0.57911],
							"size": [1.13861, 2.68755, 1.13861],
							"uv": {
								"north": {"uv": [1.5, 1], "uv_size": [-0.5, 1.125], "uv_rotation": 180},
								"east": {"uv": [0, 0], "uv_size": [1.125, 0.5], "uv_rotation": 270},
								"south": {"uv": [0.5, 2.125], "uv_size": [-0.5, -1.125]},
								"west": {"uv": [0, 0], "uv_size": [1.125, 0.5], "uv_rotation": 90},
								"up": {"uv": [2.5, 2.5], "uv_size": [-0.5, -0.5], "uv_rotation": 180},
								"down": {"uv": [0.5, 3.5], "uv_size": [-0.5, -0.5]}
							}
						},
						{
							"origin": [-0.56725, 2.11866, -0.53433],
							"size": [1.04898, 1.09002, 1.04898],
							"uv": {
								"north": {"uv": [3.5, 3], "uv_size": [-0.5, 0.5], "uv_rotation": 180},
								"east": {"uv": [1, 3], "uv_size": [0.5, 0.5], "uv_rotation": 270},
								"south": {"uv": [3.5, 2.5], "uv_size": [-0.5, -0.5]},
								"west": {"uv": [2, 3], "uv_size": [0.5, 0.5], "uv_rotation": 90},
								"up": {"uv": [3.5, 0.5], "uv_size": [-0.5, -0.5], "uv_rotation": 180},
								"down": {"uv": [3.5, 1.5], "uv_size": [-0.5, -0.5]}
							}
						},
						{
							"origin": [-0.44248, 2.95519, -0.41176],
							"size": [0.79976, 0.53638, 0.79976],
							"uv": {
								"north": {"uv": [2.375, 4], "uv_size": [-0.375, 0.25], "uv_rotation": 180},
								"east": {"uv": [1, 4], "uv_size": [0.25, 0.375], "uv_rotation": 270},
								"south": {"uv": [4.375, 1.25], "uv_size": [-0.375, -0.25]},
								"west": {"uv": [1, 4], "uv_size": [0.25, 0.375], "uv_rotation": 90},
								"up": {"uv": [0.375, 4.375], "uv_size": [-0.375, -0.375], "uv_rotation": 180},
								"down": {"uv": [0.5, 3.5], "uv_size": [-0.5, -0.5]}
							}
						},
						{
							"origin": [-0.44248, -0.21441, -0.41176],
							"size": [0.79976, 0.05658, 0.79976],
							"uv": {
								"north": {"uv": [4, 4], "uv_size": [0.5, 0.125], "uv_rotation": 180},
								"east": {"uv": [3, 4], "uv_size": [0.125, 0.5], "uv_rotation": 270},
								"south": {"uv": [0.375, 5.125], "uv_size": [-0.375, -0.125]},
								"west": {"uv": [3, 4], "uv_size": [0.125, 0.5], "uv_rotation": 90},
								"up": {"uv": [0.5, 3.5], "uv_size": [-0.5, -0.5], "uv_rotation": 180},
								"down": {"uv": [4.375, 0.375], "uv_size": [-0.375, -0.375]}
							}
						}
					]
				}
			]
		}
	]
}