{
	"format_version": "1.21.0",
	"minecraft:geometry": [
		{
			"description": {
				"identifier": "geometry.unknown",
				"texture_width": 16,
				"texture_height": 16,
				"visible_bounds_width": 2,
				"visible_bounds_height": 2.5,
				"visible_bounds_offset": [0, 0.75, 0]
			},
			"bones": [
				{
					"name": "11mm_werndl",
					"pivot": [0.005, 3.5, -0.1],
					"cubes": [
						{
							"origin": [-0.35495, -0.16068, -0.376],
							"size": [0.69, 0.06118, 0.69],
							"uv": {
								"north": {"uv": [5.25, 7], "uv_size": [-0.25, 0.125], "uv_rotation": 180},
								"east": {"uv": [7, 3], "uv_size": [0.125, 0.25], "uv_rotation": 270},
								"south": {"uv": [7.25, 4.125], "uv_size": [-0.25, -0.125]},
								"west": {"uv": [4, 7], "uv_size": [0.125, 0.25], "uv_rotation": 90},
								"up": {"uv": [7.25, 2.25], "uv_size": [-0.25, -0.25], "uv_rotation": 180},
								"down": {"uv": [3.25, 7.25], "uv_size": [-0.25, -0.25]}
							}
						},
						{
							"origin": [-0.51618, 5.35731, -0.55184],
							"size": [1.02856, 1.02409, 1.02856],
							"uv": {
								"north": {"uv": [4.5, 3], "uv_size": [-0.5, 0.5], "uv_rotation": 180},
								"east": {"uv": [2, 4], "uv_size": [0.5, 0.5], "uv_rotation": 270},
								"south": {"uv": [3.5, 4.5], "uv_size": [-0.5, -0.5]},
								"west": {"uv": [4, 2], "uv_size": [0.5, 0.5], "uv_rotation": 90},
								"up": {"uv": [4.5, 1.5], "uv_size": [-0.5, -0.5], "uv_rotation": 180}
							}
						},
						{
							"origin": [-0.56721, 1.58571, -0.59316],
							"size": [1.12372, 4.25132, 1.12372],
							"uv": {
								"north": {"uv": [2.5, 0], "uv_size": [-0.5, 1.875], "uv_rotation": 180},
								"east": {"uv": [0, 0], "uv_size": [1.875, 0.5], "uv_rotation": 270},
								"south": {"uv": [0.5, 3.875], "uv_size": [-0.5, -1.875]},
								"west": {"uv": [0, 1], "uv_size": [1.875, 0.5], "uv_rotation": 90},
								"up": {"uv": [4.5, 4.5], "uv_size": [-0.5, -0.5], "uv_rotation": 180}
							}
						},
						{
							"origin": [-0.61607, -0.14478, -0.64202],
							"size": [1.22144, 3.6248, 1.22144],
							"uv": {
								"north": {"uv": [3.5, 1], "uv_size": [-0.5, 1.625], "uv_rotation": 180},
								"east": {"uv": [1, 2], "uv_size": [1.625, 0.5], "uv_rotation": 270},
								"south": {"uv": [1.5, 4.625], "uv_size": [-0.5, -1.625]},
								"west": {"uv": [3, 0], "uv_size": [1.625, 0.5], "uv_rotation": 90},
								"up": {"uv": [0.5, 4.5], "uv_size": [-0.5, -0.5], "uv_rotation": 180}
							}
						},
						{
							"origin": [-0.5631, 3.30031, -0.60973],
							"size": [1.1178, 0.56062, 0.2803],
							"pivot": [-0.0042, 3.58063, -0.46958],
							"rotation": [-6.5, 0, 0],
							"uv": {
								"north": {"uv": [3.5, 5], "uv_size": [-0.5, 0.25], "uv_rotation": 180},
								"east": {"uv": [7, 5], "uv_size": [0.25, 0.125], "uv_rotation": 270},
								"south": {"uv": [5.5, 2.25], "uv_size": [-0.5, -0.25]},
								"west": {"uv": [6, 7], "uv_size": [0.25, 0.125], "uv_rotation": 90}
							}
						},
						{
							"origin": [-0.5631, 3.30033, 0.26795],
							"size": [1.1178, 0.56062, 0.2803],
							"pivot": [-0.0042, 3.58064, 0.4081],
							"rotation": [6.5, 0, 0],
							"uv": {
								"north": {"uv": [4.5, 5], "uv_size": [-0.5, 0.25], "uv_rotation": 180},
								"east": {"uv": [7, 6], "uv_size": [0.25, 0.125], "uv_rotation": 270},
								"south": {"uv": [5.5, 3.25], "uv_size": [-0.5, -0.25]},
								"west": {"uv": [7, 7], "uv_size": [0.25, 0.125], "uv_rotation": 90}
							}
						},
						{
							"origin": [-0.4757, 6.36171, -0.514],
							"size": [0.9476, 0.70079, 0.9476],
							"uv": {
								"north": {"uv": [6.375, 2], "uv_size": [-0.375, 0.25], "uv_rotation": 180},
								"east": {"uv": [1, 6], "uv_size": [0.25, 0.375], "uv_rotation": 270},
								"south": {"uv": [2.375, 6.25], "uv_size": [-0.375, -0.25]},
								"west": {"uv": [6, 1], "uv_size": [0.25, 0.375], "uv_rotation": 90},
								"up": {"uv": [0.375, 5.375], "uv_size": [-0.375, -0.375], "uv_rotation": 180}
							}
						},
						{
							"origin": [-0.43671, 6.78429, -0.46774],
							"size": [0.87406, 0.55549, 0.87406],
							"uv": {
								"north": {"uv": [6.375, 4], "uv_size": [-0.375, 0.25], "uv_rotation": 180},
								"east": {"uv": [3, 6], "uv_size": [0.25, 0.375], "uv_rotation": 270},
								"south": {"uv": [4.375, 6.25], "uv_size": [-0.375, -0.25]},
								"west": {"uv": [6, 3], "uv_size": [0.25, 0.375], "uv_rotation": 90},
								"up": {"uv": [5.375, 0.375], "uv_size": [-0.375, -0.375], "uv_rotation": 180}
							}
						},
						{
							"origin": [-0.36086, 7.06249, -0.39189],
							"size": [0.72236, 0.45908, 0.72236],
							"uv": {
								"north": {"uv": [0.375, 7], "uv_size": [-0.375, 0.25], "uv_rotation": 180},
								"east": {"uv": [5, 6], "uv_size": [0.25, 0.375], "uv_rotation": 270},
								"south": {"uv": [6.375, 6.25], "uv_size": [-0.375, -0.25]},
								"west": {"uv": [6, 5], "uv_size": [0.25, 0.375], "uv_rotation": 90},
								"up": {"uv": [2.375, 5.375], "uv_size": [-0.375, -0.375], "uv_rotation": 180}
							}
						},
						{
							"origin": [-0.56733, 3.44979, -0.5922],
							"size": [0.2803, 0.56062, 1.1201],
							"pivot": [-0.42718, 3.7301, 0.01937],
							"rotation": [0, 0, 10.5],
							"uv": {
								"north": {"uv": [8.125, 0], "uv_size": [-0.125, 0.25], "uv_rotation": 180},
								"east": {"uv": [5, 4], "uv_size": [0.25, 0.5], "uv_rotation": 270},
								"south": {"uv": [0.125, 8.25], "uv_size": [-0.125, -0.25]},
								"west": {"uv": [5, 5], "uv_size": [0.25, 0.5], "uv_rotation": 90}
							}
						},
						{
							"origin": [0.27633, 3.44979, -0.5922],
							"size": [0.2803, 0.56062, 1.1201],
							"pivot": [0.41648, 3.7301, 0.01937],
							"rotation": [0, 0, -10.5],
							"uv": {
								"north": {"uv": [8.125, 1], "uv_size": [-0.125, 0.25], "uv_rotation": 180},
								"east": {"uv": [0, 6], "uv_size": [0.25, 0.5], "uv_rotation": 270},
								"south": {"uv": [1.125, 8.25], "uv_size": [-0.125, -0.25]},
								"west": {"uv": [6, 0], "uv_size": [0.25, 0.5], "uv_rotation": 90}
							}
						},
						{
							"origin": [-0.7655, -0.11063, -0.79],
							"size": [1.518, 0.21022, 1.518],
							"uv": {
								"north": {"uv": [2.625, 7], "uv_size": [-0.625, 0.125], "uv_rotation": 180},
								"east": {"uv": [7, 0], "uv_size": [0.125, 0.625], "uv_rotation": 270},
								"south": {"uv": [7.625, 1.125], "uv_size": [-0.625, -0.125]},
								"west": {"uv": [1, 7], "uv_size": [0.125, 0.625], "uv_rotation": 90},
								"up": {"uv": [2.625, 3.625], "uv_size": [-0.625, -0.625], "uv_rotation": 180},
								"down": {"uv": [3.625, 3.625], "uv_size": [-0.625, -0.625]}
							}
						},
						{
							"origin": [-0.4504, -0.07466, -0.47628],
							"size": [0.8901, 0, 0.8901],
							"uv": {
								"north": {"uv": [0.375, 0], "uv_size": [-0.375, 0], "uv_rotation": 180},
								"east": {"uv": [0, 0], "uv_size": [0, 0.375], "uv_rotation": 270},
								"south": {"uv": [0.375, 0], "uv_size": [-0.375, 0]},
								"west": {"uv": [0, 0], "uv_size": [0, 0.375], "uv_rotation": 90},
								"up": {"uv": [1.375, 5.375], "uv_size": [-0.375, -0.375], "uv_rotation": 180},
								"down": {"uv": [5.375, 1.375], "uv_size": [-0.375, -0.375]}
							}
						}
					]
				},
				{
					"name": "positioning",
					"pivot": [0, 8, 0]
				},
				{
					"name": "ground",
					"parent": "positioning",
					"pivot": [0, 0, 0]
				},
				{
					"name": "fixed",
					"parent": "positioning",
					"pivot": [0, 0, 0]
				},
				{
					"name": "thirdperson_hand",
					"parent": "positioning",
					"pivot": [0, -0.1, -18.9]
				}
			]
		}
	]
}