{
	"format_version": "1.21.0",
	"minecraft:geometry": [
		{
			"description": {
				"identifier": "geometry.unknown",
				"texture_width": 16,
				"texture_height": 16,
				"visible_bounds_width": 6,
				"visible_bounds_height": 4,
				"visible_bounds_offset": [0, 1, 0]
			},
			"bones": [
				{
					"name": "11mm_mauser",
					"pivot": [-0.36068, 5.18958, -1.05821],
					"cubes": [
						{
							"origin": [-0.35454, -0.21779, -0.3854],
							"size": [0.6915, 0.06131, 0.6915],
							"uv": {
								"north": {"uv": [7.25, 7], "uv_size": [-0.25, 0.125], "uv_rotation": 180},
								"east": {"uv": [7, 5], "uv_size": [0.125, 0.25], "uv_rotation": 270},
								"south": {"uv": [7.25, 6.125], "uv_size": [-0.25, -0.125]},
								"west": {"uv": [6, 7], "uv_size": [0.125, 0.25], "uv_rotation": 90},
								"up": {"uv": [7.25, 0.25], "uv_size": [-0.25, -0.25], "uv_rotation": 180},
								"down": {"uv": [1.25, 7.25], "uv_size": [-0.25, -0.25]}
							}
						},
						{
							"origin": [-0.68069, 0.03765, -0.71647],
							"size": [1.35303, 3.97974, 1.35303],
							"uv": {
								"north": {"uv": [2.625, 0], "uv_size": [-0.625, 1.75], "uv_rotation": 180},
								"east": {"uv": [0, 0], "uv_size": [1.75, 0.625], "uv_rotation": 270},
								"south": {"uv": [0.625, 3.75], "uv_size": [-0.625, -1.75]},
								"west": {"uv": [0, 1], "uv_size": [1.75, 0.625], "uv_rotation": 90},
								"up": {"uv": [3.625, 1.625], "uv_size": [-0.625, -0.625], "uv_rotation": 180}
							}
						},
						{
							"origin": [-0.56429, 1.5323, -0.60437],
							"size": [1.12254, 4.95213, 1.12714],
							"uv": {
								"north": {"uv": [2.5, 3], "uv_size": [-0.5, 2.125], "uv_rotation": 180},
								"east": {"uv": [1, 2], "uv_size": [2.125, 0.5], "uv_rotation": 270},
								"south": {"uv": [1.5, 5.125], "uv_size": [-0.5, -2.125]},
								"west": {"uv": [3, 0], "uv_size": [2.125, 0.5], "uv_rotation": 90},
								"up": {"uv": [4.5, 1.5], "uv_size": [-0.5, -0.5], "uv_rotation": 180},
								"down": {"uv": [4.5, 2.5], "uv_size": [-0.5, -0.5]}
							}
						},
						{
							"origin": [-0.42673, 3.85192, -0.42454],
							"size": [0.84278, 0.56184, 0.28091],
							"pivot": [-0.00533, 4.66842, -0.15462],
							"rotation": [-22.5, 0, 0],
							"uv": {
								"north": {"uv": [6.375, 1], "uv_size": [-0.375, 0.25], "uv_rotation": 180},
								"east": {"uv": [0, 8], "uv_size": [0.25, 0.125], "uv_rotation": 270},
								"south": {"uv": [1.375, 6.25], "uv_size": [-0.375, -0.25]},
								"west": {"uv": [8, 0], "uv_size": [0.25, 0.125], "uv_rotation": 90}
							}
						},
						{
							"origin": [-0.49629, 6.25393, -0.54179],
							"size": [0.99115, 0.98684, 0.99115],
							"uv": {
								"north": {"uv": [5.375, 1], "uv_size": [-0.375, 0.375], "uv_rotation": 180},
								"east": {"uv": [4, 3], "uv_size": [0.375, 0.375], "uv_rotation": 270},
								"south": {"uv": [0.375, 5.375], "uv_size": [-0.375, -0.375]},
								"west": {"uv": [4, 4], "uv_size": [0.375, 0.375], "uv_rotation": 90},
								"up": {"uv": [3.375, 4.375], "uv_size": [-0.375, -0.375], "uv_rotation": 180}
							}
						},
						{
							"origin": [-0.42673, 3.85194, 0.06486],
							"size": [0.84278, 0.56184, 0.28091],
							"pivot": [-0.00533, 4.66842, 0.07588],
							"rotation": [22.5, 0, 0],
							"uv": {
								"north": {"uv": [6.375, 2], "uv_size": [-0.375, 0.25], "uv_rotation": 180},
								"east": {"uv": [1, 8], "uv_size": [0.25, 0.125], "uv_rotation": 270},
								"south": {"uv": [2.375, 6.25], "uv_size": [-0.375, -0.25]},
								"west": {"uv": [8, 1], "uv_size": [0.25, 0.125], "uv_rotation": 90}
							}
						},
						{
							"origin": [-0.47555, 7.24077, -0.5237],
							"size": [0.94966, 0.70231, 0.94966],
							"uv": {
								"north": {"uv": [6.375, 4], "uv_size": [-0.375, 0.25], "uv_rotation": 180},
								"east": {"uv": [3, 6], "uv_size": [0.25, 0.375], "uv_rotation": 270},
								"south": {"uv": [4.375, 6.25], "uv_size": [-0.375, -0.25]},
								"west": {"uv": [6, 3], "uv_size": [0.25, 0.375], "uv_rotation": 90},
								"up": {"uv": [5.375, 2.375], "uv_size": [-0.375, -0.375], "uv_rotation": 180}
							}
						},
						{
							"origin": [-0.36046, 7.94308, -0.40133],
							"size": [0.72393, 0.22958, 0.72393],
							"uv": {
								"north": {"uv": [3.375, 7], "uv_size": [-0.375, 0.125], "uv_rotation": 180},
								"east": {"uv": [7, 1], "uv_size": [0.125, 0.375], "uv_rotation": 270},
								"south": {"uv": [7.375, 2.125], "uv_size": [-0.375, -0.125]},
								"west": {"uv": [2, 7], "uv_size": [0.125, 0.375], "uv_rotation": 90},
								"up": {"uv": [3.375, 5.375], "uv_size": [-0.375, -0.375], "uv_rotation": 180}
							}
						},
						{
							"origin": [-0.4038, 3.89168, -0.60207],
							"size": [0.28091, 0.56184, 1.12254],
							"pivot": [-0.23583, 4.66842, 1.45888],
							"rotation": [0, 0, 22.5],
							"uv": {
								"north": {"uv": [8.125, 2], "uv_size": [-0.125, 0.25], "uv_rotation": 180},
								"east": {"uv": [5, 4], "uv_size": [0.25, 0.5], "uv_rotation": 270},
								"south": {"uv": [2.125, 8.25], "uv_size": [-0.125, -0.25]},
								"west": {"uv": [5, 5], "uv_size": [0.25, 0.5], "uv_rotation": 90}
							}
						},
						{
							"origin": [0.11223, 3.89168, -0.60207],
							"size": [0.28091, 0.56184, 1.12254],
							"pivot": [0.22517, 4.66842, 1.45888],
							"rotation": [0, 0, -22.5],
							"uv": {
								"north": {"uv": [8.125, 3], "uv_size": [-0.125, 0.25], "uv_rotation": 180},
								"east": {"uv": [0, 6], "uv_size": [0.25, 0.5], "uv_rotation": 270},
								"south": {"uv": [3.125, 8.25], "uv_size": [-0.125, -0.25]},
								"west": {"uv": [6, 0], "uv_size": [0.25, 0.5], "uv_rotation": 90}
							}
						},
						{
							"origin": [-0.76598, -0.16764, -0.8003],
							"size": [1.5213, 0.21068, 1.5213],
							"uv": {
								"north": {"uv": [0.625, 7], "uv_size": [-0.625, 0.125], "uv_rotation": 180},
								"east": {"uv": [5, 6], "uv_size": [0.125, 0.625], "uv_rotation": 270},
								"south": {"uv": [6.625, 6.125], "uv_size": [-0.625, -0.125]},
								"west": {"uv": [6, 5], "uv_size": [0.125, 0.625], "uv_rotation": 90},
								"up": {"uv": [3.625, 3.625], "uv_size": [-0.625, -0.625], "uv_rotation": 180},
								"down": {"uv": [0.625, 4.625], "uv_size": [-0.625, -0.625]}
							}
						},
						{
							"origin": [-0.45019, -0.1929, -0.4859],
							"size": [0.89204, 0.06131, 0.89204],
							"uv": {
								"north": {"uv": [5.375, 7], "uv_size": [-0.375, 0.125], "uv_rotation": 180},
								"east": {"uv": [7, 3], "uv_size": [0.125, 0.375], "uv_rotation": 270},
								"south": {"uv": [7.375, 4.125], "uv_size": [-0.375, -0.125]},
								"west": {"uv": [4, 7], "uv_size": [0.125, 0.375], "uv_rotation": 90},
								"up": {"uv": [5.375, 3.375], "uv_size": [-0.375, -0.375], "uv_rotation": 180},
								"down": {"uv": [4.375, 5.375], "uv_size": [-0.375, -0.375]}
							}
						}
					]
				},
				{
					"name": "positioning",
					"pivot": [0, 8, 0]
				},
				{
					"name": "ground",
					"parent": "positioning",
					"pivot": [0, 0, 0]
				},
				{
					"name": "fixed",
					"parent": "positioning",
					"pivot": [0, 0, 0]
				},
				{
					"name": "thirdperson_hand",
					"parent": "positioning",
					"pivot": [0, -0.1, -18.9]
				}
			]
		}
	]
}