{
  "slot": "asos:attachment/slot/laser_eotech_ogl_sight",
  "model": "asos:attachment/laser_eotech_ogl_sight_geo",
  "texture": "asos:attachment/uv/sight_eotech_hhs5_ogl_ftc",
  "lod": {
    "model": "asos:attachment/lod/laser_eotech_ogl_lod",
    "texture": "asos:attachment/lod/sight_eotech_hhs5_ogl_ftc_lod"
  },
  "zoom": [
    1.2
  ],
  "scope": false,
  "sight": true,
  "fov": 70.0,
  "sounds": {
    "install": "tacz:attachments/scope_general_b",
    "uninstall": "tacz:attachments/scope_general_b"
  }
}