{
  "slot": "asos:attachment/slot/sight_eotech_vudu_sfp_3t9x32",
  "model": "asos:attachment/sight_eotech_vudu_sfp_3t9x32_geo",
  "texture": "asos:attachment/uv/sight_eotech_vudu_sfp_3t9x32",
  "lod": {
    "model": "asos:attachment/lod/sight_eotech_vudu_sfp_3t9x32_lod",
    "texture": "asos:attachment/lod/sight_eotech_vudu_sfp_3t9x32_lod"
  },
  "zoom": [
    3.0,
    9.0,
    1.25
  ],
  "scope": true,
  "fov": 45.0,
  "sounds": {
    "install": "tacz:attachments/scope_general_a",
    "uninstall": "tacz:attachments/scope_general_a"
  }
}