{
  "slot": "asos:attachment/slot/sight_eotech_eflx_scorpion",
  "model": "asos:attachment/sight_eotech_eflx_scorpion_geo",
  "texture": "asos:attachment/uv/sight_eotech_eflx",
  "lod": {
    "model": "asos:attachment/lod/sight_eotech_eflx_scorpion_lod",
    "texture": "asos:attachment/lod/sight_eotech_eflx_lod"
  },
  "zoom": [
    1.2
  ],
  "scope": false,
  "sight": true,
  "fov": 70.0,
  "sounds": {
    "install": "tacz:attachments/scope_general_e",
    "uninstall": "tacz:attachments/scope_general_e"
  }
}