{
  "slot": "asos:attachment/slot/sight_smtbd_cm2hp_10t60x56",
  "model": "asos:attachment/sight_smtbd_cm2hp_10t60x56_geo",
  "texture": "asos:attachment/uv/sight_smtbd_cm2hp_10t60x56",
  "lod": {
    "model": "asos:attachment/lod/sight_smtbd_cm2hp_10t60x56_lod",
    "texture": "asos:attachment/lod/sight_smtbd_cm2hp_10t60x56_lod"
  },
  "zoom": [
    10.0,
    20.0,
    60.0
  ],
  "scope": true,
  "fov": 20.0,
  "sounds": {
    "install": "tacz:attachments/scope_general_a",
    "uninstall": "tacz:attachments/scope_general_a"
  }
}