{
  "slot": "asos:attachment/slot/sight_vortex_razorhdg3_1t10x24",
  "model": "asos:attachment/sight_vortex_razorhdg3_1t10x24_geo",
  "texture": "asos:attachment/uv/sight_vortex_razorhdg3_1t10x24",
  "lod": {
    "model": "asos:attachment/lod/sight_vortex_razorhdg3_1t10x24_lod",
    "texture": "asos:attachment/lod/sight_vortex_razorhdg3_1t10x24_lod"
  },
  "zoom": [
    1.0,
    3.0,
    10.0
  ],
  "scope": true,
  "fov": 70.0,
  "sounds": {
    "install": "tacz:attachments/scope_general_c",
    "uninstall": "tacz:attachments/scope_general_c"
  }
}