{
  "slot": "asos:attachment/slot/sight_vortex_razorhdg3_6t36x56",
  "model": "asos:attachment/sight_vortex_razorhdg3_6t36x56_geo",
  "texture": "asos:attachment/uv/sight_vortex_razorhdg3_6t36x56",
  "lod": {
    "model": "asos:attachment/lod/sight_vortex_razorhdg3_6t36x56_lod",
    "texture": "asos:attachment/lod/sight_vortex_razorhdg3_6t36x56_lod"
  },
  "zoom": [
    6.0,
    12.0,
    36.0
  ],
  "scope": true,
  "fov": 45.0,
  "sounds": {
    "install": "tacz:attachments/scope_general_a",
    "uninstall": "tacz:attachments/scope_general_a"
  }
}