{
  "slot": "asos:attachment/slot/sight_eotech_hhs5_ogl_ftc",
  "model": "asos:attachment/sight_eotech_hhs5_ogl_ftc_geo",
  "texture": "asos:attachment/uv/sight_eotech_hhs5_ogl_ftc",
  "lod": {
    "model": "asos:attachment/lod/sight_eotech_hhs5_ogl_ftc_lod",
    "texture": "asos:attachment/lod/sight_eotech_hhs5_ogl_ftc_lod"
  },
  "zoom": [
    5.0
  ],
  "scope": true,
  "fov": 70.0,
  "sounds": {
    "install": "tacz:attachments/scope_general_b",
    "uninstall": "tacz:attachments/scope_general_b"
  }
}