{
  "slot": "asos:attachment/slot/sight_vortex_venom_rd_ambush",
  "model": "asos:attachment/sight_vortex_venom_rd_ambush_geo",
  "texture": "asos:attachment/uv/sight_vortex_venom_rd_ambush",
  "lod": {
    "model": "asos:attachment/lod/sight_vortex_venom_rd_ambush_lod",
    "texture": "asos:attachment/lod/sight_vortex_venom_rd_lod"
  },
  "zoom": [
    1.2
  ],
  "scope": false,
  "sight": true,
  "fov": 70.0,
  "sounds": {
    "install": "tacz:attachments/scope_general_c",
    "uninstall": "tacz:attachments/scope_general_c"
  }
}