{
  "materials": [
    {
      "item": {
        "tag": "forge:ingots/iron"
      },
      "count": 16
    },
    {
      "item": {
        "item": "minecraft:quartz"
      },
      "count": 6
    },
    {
      "item": {
        "tag": "forge:gems/lapis"
      },
      "count": 8
    },
    {
      "item": {
        "item": "minecraft:diamond"
      },
      "count": 2
    }
  ],
  "result": {
    "type": "gun",
    "id": "glockvar:glock_17_orange"
  },
  "type": "tacz:gun_smith_table_crafting"
}