{
	"format_version": "1.12.0",
	"minecraft:geometry": [
		{
			"description": {
				"identifier": "geometry.unknown",
				"texture_width": 64,
				"texture_height": 64,
				"visible_bounds_width": 3,
				"visible_bounds_height": 1.5,
				"visible_bounds_offset": [0, 0.25, 0]
			},
			"bones": [
				{
					"name": "epee",
					"pivot": [0, 0, 0]
				},
				{
					"name": "deco",
					"parent": "epee",
					"pivot": [-0.15359, -0.94632, 4.30369],
					"rotation": [2, 0, 0],
					"cubes": [
						{
							"origin": [-0.32402, -0.85284, 4.45306],
							"size": [0.09332, 0.18883, 0.36866],
							"uv": {
								"north": {"uv": [4, 30], "uv_size": [0.125, 0.25]},
								"east": {"uv": [6, 27], "uv_size": [0.375, 0.25]},
								"south": {"uv": [30, 4], "uv_size": [0.125, 0.25]},
								"west": {"uv": [27, 6], "uv_size": [0.375, 0.25]},
								"up": {"uv": [29, 14], "uv_size": [0.125, 0.375]},
								"down": {"uv": [15, 29.375], "uv_size": [0.125, -0.375]}
							}
						},
						{
							"origin": [-0.33775, -1.08873, 2.61883],
							"size": [0.10705, 0.26737, 0.09625],
							"pivot": [-0.28419, -0.9545, 2.66748],
							"rotation": [-2, 0, 0],
							"uv": {
								"north": {"uv": [5, 30], "uv_size": [0.125, 0.25]},
								"east": {"uv": [30, 5], "uv_size": [0.125, 0.25]},
								"south": {"uv": [6, 30], "uv_size": [0.125, 0.25]},
								"west": {"uv": [30, 6], "uv_size": [0.125, 0.25]},
								"up": {"uv": [30, 23], "uv_size": [0.125, 0.125]},
								"down": {"uv": [24, 30.125], "uv_size": [0.125, -0.125]}
							}
						},
						{
							"origin": [-0.33759, -1.01498, 2.53894],
							"size": [0.10688, 0.12022, 0.25935],
							"pivot": [-0.28419, -0.9545, 2.66748],
							"rotation": [-47, 0, 0],
							"uv": {
								"north": {"uv": [30, 24], "uv_size": [0.125, 0.125]},
								"east": {"uv": [7, 30], "uv_size": [0.25, 0.125]},
								"south": {"uv": [25, 30], "uv_size": [0.125, 0.125]},
								"west": {"uv": [30, 7], "uv_size": [0.25, 0.125]},
								"up": {"uv": [8, 30], "uv_size": [0.125, 0.25]},
								"down": {"uv": [9, 30.25], "uv_size": [0.125, -0.25]}
							}
						},
						{
							"origin": [-0.33759, -1.01423, 2.53894],
							"size": [0.10688, 0.12022, 0.25935],
							"pivot": [-0.28419, -0.9545, 2.66748],
							"rotation": [43, 0, 0],
							"uv": {
								"north": {"uv": [30, 25], "uv_size": [0.125, 0.125]},
								"east": {"uv": [30, 9], "uv_size": [0.25, 0.125]},
								"south": {"uv": [26, 30], "uv_size": [0.125, 0.125]},
								"west": {"uv": [10, 30], "uv_size": [0.25, 0.125]},
								"up": {"uv": [30, 10], "uv_size": [0.125, 0.25]},
								"down": {"uv": [11, 30.25], "uv_size": [0.125, -0.25]}
							}
						},
						{
							"origin": [-0.33765, -1.00262, 2.53382],
							"size": [0.10695, 0.09625, 0.26737],
							"pivot": [-0.28419, -0.9545, 2.66748],
							"rotation": [-2, 0, 0],
							"uv": {
								"north": {"uv": [30, 26], "uv_size": [0.125, 0.125]},
								"east": {"uv": [30, 11], "uv_size": [0.25, 0.125]},
								"south": {"uv": [27, 30], "uv_size": [0.125, 0.125]},
								"west": {"uv": [12, 30], "uv_size": [0.25, 0.125]},
								"up": {"uv": [30, 12], "uv_size": [0.125, 0.25]},
								"down": {"uv": [13, 30.25], "uv_size": [0.125, -0.25]}
							}
						},
						{
							"origin": [-0.31566, 4.98088, -3.41417],
							"size": [0.64968, 0.15066, 0.15066],
							"pivot": [-0.49829, -5.19884, -7.59214],
							"rotation": [-45, 0, 0],
							"uv": {
								"north": {"uv": [28, 16], "uv_size": [0.625, 0.125]},
								"east": {"uv": [30, 27], "uv_size": [0.125, 0.125]},
								"south": {"uv": [17, 28], "uv_size": [0.625, 0.125]},
								"west": {"uv": [28, 30], "uv_size": [0.125, 0.125]},
								"up": {"uv": [28, 17], "uv_size": [0.625, 0.125]},
								"down": {"uv": [18, 28.125], "uv_size": [0.625, -0.125]}
							}
						},
						{
							"origin": [0.20996, 7.39091, -2.20129],
							"size": [0.18986, 0.1999, 0.1999],
							"pivot": [0.00336, -5.17789, -8.74689],
							"rotation": [-45, 0, 0],
							"uv": {
								"north": {"uv": [28, 26], "uv_size": [0.25, 0.25]},
								"east": {"uv": [27, 28], "uv_size": [0.25, 0.25]},
								"south": {"uv": [28, 27], "uv_size": [0.25, 0.25]},
								"west": {"uv": [28, 28], "uv_size": [0.25, 0.25]},
								"up": {"uv": [29, 2], "uv_size": [0.25, 0.25]},
								"down": {"uv": [29, 3.25], "uv_size": [0.25, -0.25]}
							}
						},
						{
							"origin": [-0.34986, 7.63191, -6.23562],
							"size": [0.68986, 0.1999, 0.1999],
							"pivot": [0.00336, -5.27789, -13.14689],
							"rotation": [-45, 0, 0],
							"uv": {
								"north": {"uv": [24, 6], "uv_size": [0.75, 0.25]},
								"east": {"uv": [4, 29], "uv_size": [0.25, 0.25]},
								"south": {"uv": [10, 24], "uv_size": [0.75, 0.25]},
								"west": {"uv": [29, 4], "uv_size": [0.25, 0.25]},
								"up": {"uv": [11, 24], "uv_size": [0.75, 0.25]},
								"down": {"uv": [24, 11.25], "uv_size": [0.75, -0.25]}
							}
						},
						{
							"origin": [-0.32402, -1.04167, 2.45376],
							"size": [0.09332, 0.18883, 2.36796],
							"uv": {
								"north": {"uv": [30, 13], "uv_size": [0.125, 0.25]},
								"east": {"uv": [17, 16], "uv_size": [2.375, 0.25]},
								"south": {"uv": [14, 30], "uv_size": [0.125, 0.25]},
								"west": {"uv": [17, 17], "uv_size": [2.375, 0.25]},
								"up": {"uv": [21, 5], "uv_size": [0.125, 2.375]},
								"down": {"uv": [21, 12.375], "uv_size": [0.125, -2.375]}
							}
						}
					]
				},
				{
					"name": "blade",
					"parent": "epee",
					"pivot": [0.00106, -1.34785, -17.2929],
					"cubes": [
						{
							"origin": [-0.04106, -1.41687, -24.54906],
							"size": [0.08407, 0.134, 1.273],
							"uv": {
								"north": {"uv": [30, 28], "uv_size": [0.125, 0.125]},
								"east": {"uv": [14, 25], "uv_size": [1.25, 0.125]},
								"south": {"uv": [29, 30], "uv_size": [0.125, 0.125]},
								"west": {"uv": [25, 14], "uv_size": [1.25, 0.125]},
								"up": {"uv": [25, 15], "uv_size": [0.125, 1.25]},
								"down": {"uv": [16, 26.25], "uv_size": [0.125, -1.25]}
							}
						},
						{
							"origin": [-0.06, -1.41671, -24.54989],
							"size": [0.12, 0.134, 0.02],
							"uv": {
								"north": {"uv": [30, 28], "uv_size": [0.125, 0.125]},
								"east": {"uv": [14, 25], "uv_size": [1.25, 0.125]},
								"south": {"uv": [29, 30], "uv_size": [0.125, 0.125]},
								"west": {"uv": [25, 14], "uv_size": [1.25, 0.125]},
								"up": {"uv": [25, 15], "uv_size": [0.125, 1.25]},
								"down": {"uv": [16, 26.25], "uv_size": [0.125, -1.25]}
							}
						},
						{
							"origin": [-0.04101, -1.4534, -23.28342],
							"size": [0.08399, 0.20968, 2.99],
							"uv": {
								"north": {"uv": [30, 14], "uv_size": [0.125, 0.25]},
								"east": {"uv": [16, 6], "uv_size": [3, 0.25]},
								"south": {"uv": [15, 30], "uv_size": [0.125, 0.25]},
								"west": {"uv": [16, 7], "uv_size": [3, 0.25]},
								"up": {"uv": [4, 20], "uv_size": [0.125, 3]},
								"down": {"uv": [5, 23], "uv_size": [0.125, -3]}
							}
						},
						{
							"origin": [-0.06, -1.17394, -23.74672],
							"size": [0.12, 0.1378, 23.63386],
							"pivot": [0.00268, -1.3988, -16.18182],
							"rotation": [1, 0, 0],
							"uv": {
								"north": {"uv": [30, 29], "uv_size": [0.125, 0.125]},
								"east": {"uv": [8, 8], "uv_size": [23.625, 0.125]},
								"south": {"uv": [30, 30], "uv_size": [0.125, 0.125]},
								"west": {"uv": [0, 9], "uv_size": [23.625, 0.125]},
								"up": {"uv": [0, 10], "uv_size": [0.125, 23.625]},
								"down": {"uv": [1, 33.625], "uv_size": [0.125, -23.625]}
							}
						},
						{
							"origin": [-0.0601, -1.3176, -24.54645],
							"size": [0.1202, 0.1378, 0.805],
							"pivot": [0.00092, -1.2487, -23.82952],
							"rotation": [8, 0, 0],
							"uv": {
								"north": {"uv": [31, 2], "uv_size": [0.125, 0.125]},
								"east": {"uv": [7, 27], "uv_size": [0.75, 0.125]},
								"south": {"uv": [31, 3], "uv_size": [0.125, 0.125]},
								"west": {"uv": [27, 7], "uv_size": [0.75, 0.125]},
								"up": {"uv": [8, 27], "uv_size": [0.125, 0.75]},
								"down": {"uv": [9, 27.75], "uv_size": [0.125, -0.75]}
							}
						},
						{
							"origin": [-0.0408, -1.51731, -24.54645],
							"size": [0.0828, 0.1378, 0.805],
							"pivot": [0.00092, -1.44841, -23.82952],
							"rotation": [-8, 0, 0],
							"uv": {
								"north": {"uv": [4, 31], "uv_size": [0.125, 0.125]},
								"east": {"uv": [27, 9], "uv_size": [0.75, 0.125]},
								"south": {"uv": [31, 4], "uv_size": [0.125, 0.125]},
								"west": {"uv": [10, 27], "uv_size": [0.75, 0.125]},
								"up": {"uv": [27, 10], "uv_size": [0.125, 0.75]},
								"down": {"uv": [11, 27.75], "uv_size": [0.125, -0.75]}
							}
						},
						{
							"origin": [-0.04087, -1.411, -16.84432],
							"size": [0.08379, 0.2385, 16.73386],
							"pivot": [0.00268, -1.53658, -16.17941],
							"rotation": [1, 0, 0],
							"uv": {
								"north": {"uv": [30, 15], "uv_size": [0.125, 0.25]},
								"east": {"uv": [0, 2], "uv_size": [16.75, 0.25]},
								"south": {"uv": [16, 30], "uv_size": [0.125, 0.25]},
								"west": {"uv": [0, 3], "uv_size": [16.75, 0.25]},
								"up": {"uv": [6, 10], "uv_size": [0.125, 16.75]},
								"down": {"uv": [7, 26.75], "uv_size": [0.125, -16.75]}
							}
						},
						{
							"origin": [-0.04087, -1.66098, -23.74672],
							"size": [0.08379, 0.1378, 23.63386],
							"pivot": [0.00268, -1.29832, -16.18182],
							"rotation": [-1, 0, 0],
							"uv": {
								"north": {"uv": [5, 31], "uv_size": [0.125, 0.125]},
								"east": {"uv": [10, 0], "uv_size": [23.625, 0.125]},
								"south": {"uv": [31, 5], "uv_size": [0.125, 0.125]},
								"west": {"uv": [10, 1], "uv_size": [23.625, 0.125]},
								"up": {"uv": [2, 10], "uv_size": [0.125, 23.625]},
								"down": {"uv": [3, 33.625], "uv_size": [0.125, -23.625]}
							}
						},
						{
							"origin": [-0.04087, -1.5255, -16.84432],
							"size": [0.08379, 0.2378, 16.73386],
							"pivot": [0.00268, -1.16054, -16.17941],
							"rotation": [-1, 0, 0],
							"uv": {
								"north": {"uv": [30, 16], "uv_size": [0.125, 0.25]},
								"east": {"uv": [0, 4], "uv_size": [16.75, 0.25]},
								"south": {"uv": [17, 30], "uv_size": [0.125, 0.25]},
								"west": {"uv": [0, 5], "uv_size": [16.75, 0.25]},
								"up": {"uv": [8, 10], "uv_size": [0.125, 16.75]},
								"down": {"uv": [9, 26.75], "uv_size": [0.125, -16.75]}
							}
						},
						{
							"origin": [-0.04101, -1.6534, -9.40208],
							"size": [0.08399, 0.60968, 9.28134],
							"uv": {
								"north": {"uv": [28, 18], "uv_size": [0.125, 0.625]},
								"east": {"uv": [0, 0], "uv_size": [9.25, 0.625]},
								"south": {"uv": [19, 28], "uv_size": [0.125, 0.625]},
								"west": {"uv": [0, 1], "uv_size": [9.25, 0.625]},
								"up": {"uv": [13, 10], "uv_size": [0.125, 9.25]},
								"down": {"uv": [11, 22.25], "uv_size": [0.125, -9.25]}
							}
						},
						{
							"origin": [-0.04101, -1.5534, -20.30208],
							"size": [0.08399, 0.40968, 10.905],
							"uv": {
								"north": {"uv": [29, 15], "uv_size": [0.125, 0.375]},
								"east": {"uv": [0, 6], "uv_size": [10.875, 0.375]},
								"south": {"uv": [16, 29], "uv_size": [0.125, 0.375]},
								"west": {"uv": [0, 7], "uv_size": [10.875, 0.375]},
								"up": {"uv": [12, 10], "uv_size": [0.125, 10.875]},
								"down": {"uv": [10, 23.875], "uv_size": [0.125, -10.875]}
							}
						}
					]
				},
				{
					"name": "handguard",
					"parent": "epee",
					"pivot": [0.24387, -1.15243, 2.00642],
					"cubes": [
						{
							"origin": [-0.58276, -2.24186, -0.2],
							"size": [0.29342, 0.59965, 0.38981],
							"pivot": [0.00265, -1.27784, -9.84154],
							"rotation": [0, 0, -23],
							"uv": {
								"north": {"uv": [17, 25], "uv_size": [0.25, 0.625]},
								"east": {"uv": [11, 23], "uv_size": [0.375, 0.625]},
								"south": {"uv": [25, 17], "uv_size": [0.25, 0.625]},
								"west": {"uv": [23, 11], "uv_size": [0.375, 0.625]},
								"up": {"uv": [27, 24], "uv_size": [0.25, 0.375]},
								"down": {"uv": [25, 27.375], "uv_size": [0.25, -0.375]}
							}
						},
						{
							"origin": [-0.15616, -2.39396, -0.2032],
							"size": [0.315, 0.55, 0.39541],
							"uv": {
								"north": {"uv": [24, 14], "uv_size": [0.375, 0.5]},
								"east": {"uv": [24, 15], "uv_size": [0.375, 0.5]},
								"south": {"uv": [24, 19], "uv_size": [0.375, 0.5]},
								"west": {"uv": [20, 24], "uv_size": [0.375, 0.5]},
								"up": {"uv": [18, 26], "uv_size": [0.375, 0.375]},
								"down": {"uv": [26, 18.375], "uv_size": [0.375, -0.375]}
							}
						},
						{
							"origin": [0.28864, -2.24186, -0.2],
							"size": [0.29342, 0.59965, 0.38981],
							"pivot": [-0.00336, -1.27784, -9.84154],
							"rotation": [0, 0, 23],
							"uv": {
								"north": {"uv": [18, 25], "uv_size": [0.25, 0.625]},
								"east": {"uv": [12, 23], "uv_size": [0.375, 0.625]},
								"south": {"uv": [25, 18], "uv_size": [0.25, 0.625]},
								"west": {"uv": [23, 12], "uv_size": [0.375, 0.625]},
								"up": {"uv": [27, 25], "uv_size": [0.25, 0.375]},
								"down": {"uv": [26, 27.375], "uv_size": [0.25, -0.375]}
							}
						},
						{
							"origin": [-0.48676, -0.73808, -0.19997],
							"size": [0.29342, 0.1997, 0.38981],
							"pivot": [0.00336, -0.87794, -9.84689],
							"rotation": [0, 0, 23],
							"uv": {
								"north": {"uv": [6, 29], "uv_size": [0.25, 0.25]},
								"east": {"uv": [27, 26], "uv_size": [0.375, 0.25]},
								"south": {"uv": [29, 6], "uv_size": [0.25, 0.25]},
								"west": {"uv": [27, 27], "uv_size": [0.375, 0.25]},
								"up": {"uv": [28, 2], "uv_size": [0.25, 0.375]},
								"down": {"uv": [28, 3.375], "uv_size": [0.25, -0.375]}
							}
						},
						{
							"origin": [0.19334, -0.7359, -0.2],
							"size": [0.29342, 0.1997, 0.38981],
							"pivot": [-0.00336, -0.87576, -9.84714],
							"rotation": [0, 0, -23],
							"uv": {
								"north": {"uv": [7, 29], "uv_size": [0.25, 0.25]},
								"east": {"uv": [4, 28], "uv_size": [0.375, 0.25]},
								"south": {"uv": [29, 7], "uv_size": [0.25, 0.25]},
								"west": {"uv": [28, 4], "uv_size": [0.375, 0.25]},
								"up": {"uv": [5, 28], "uv_size": [0.25, 0.375]},
								"down": {"uv": [28, 5.375], "uv_size": [0.25, -0.375]}
							}
						},
						{
							"origin": [-0.23667, -0.5583, -0.20319],
							"size": [0.472, 0.145, 0.3968],
							"uv": {
								"north": {"uv": [8, 29], "uv_size": [0.5, 0.125]},
								"east": {"uv": [29, 19], "uv_size": [0.375, 0.125]},
								"south": {"uv": [9, 29], "uv_size": [0.5, 0.125]},
								"west": {"uv": [20, 29], "uv_size": [0.375, 0.125]},
								"up": {"uv": [24, 20], "uv_size": [0.5, 0.375]},
								"down": {"uv": [21, 24.375], "uv_size": [0.5, -0.375]}
							}
						},
						{
							"origin": [-0.23667, 0.47985, -0.20319],
							"size": [0.472, 0.49881, 0.3968],
							"uv": {
								"north": {"uv": [22, 19], "uv_size": [0.5, 0.5]},
								"east": {"uv": [24, 21], "uv_size": [0.375, 0.5]},
								"south": {"uv": [23, 4], "uv_size": [0.5, 0.5]},
								"west": {"uv": [24, 22], "uv_size": [0.375, 0.5]},
								"up": {"uv": [24, 23], "uv_size": [0.5, 0.375]},
								"down": {"uv": [24, 24.375], "uv_size": [0.5, -0.375]}
							}
						},
						{
							"origin": [-0.28, 9.44446, -7.27],
							"size": [0.56, 0.1999, 0.1999],
							"pivot": [0.00336, -3.47789, -14.14689],
							"rotation": [-45, 0, 0],
							"uv": {
								"north": {"uv": [4, 27], "uv_size": [0.5, 0.25]},
								"east": {"uv": [29, 9], "uv_size": [0.25, 0.25]},
								"south": {"uv": [27, 4], "uv_size": [0.5, 0.25]},
								"west": {"uv": [10, 29], "uv_size": [0.25, 0.25]},
								"up": {"uv": [5, 27], "uv_size": [0.5, 0.25]},
								"down": {"uv": [27, 5.25], "uv_size": [0.5, -0.25]}
							}
						},
						{
							"origin": [-0.15616, -3.7314, 0.09205],
							"size": [0.315, 0.39, 0.31],
							"pivot": [-0.01094, -3.17921, -0.44556],
							"rotation": [84, 0, 0],
							"uv": {
								"north": {"uv": [19, 26], "uv_size": [0.375, 0.375]},
								"east": {"uv": [6, 28], "uv_size": [0.25, 0.375]},
								"south": {"uv": [26, 19], "uv_size": [0.375, 0.375]},
								"west": {"uv": [28, 6], "uv_size": [0.25, 0.375]},
								"up": {"uv": [7, 28], "uv_size": [0.375, 0.25]},
								"down": {"uv": [28, 7.25], "uv_size": [0.375, -0.25]}
							}
						},
						{
							"origin": [-0.1562, -3.73902, -0.68642],
							"size": [0.3151, 0.40986, 0.89],
							"pivot": [-0.04216, -3.26007, -0.75388],
							"rotation": [58, 0, 0],
							"uv": {
								"north": {"uv": [20, 26], "uv_size": [0.375, 0.375]},
								"east": {"uv": [13, 20], "uv_size": [0.875, 0.375]},
								"south": {"uv": [26, 20], "uv_size": [0.375, 0.375]},
								"west": {"uv": [20, 13], "uv_size": [0.875, 0.375]},
								"up": {"uv": [14, 20], "uv_size": [0.375, 0.875]},
								"down": {"uv": [15, 20.875], "uv_size": [0.375, -0.875]}
							}
						},
						{
							"origin": [-0.15616, -4.07978, -1.02101],
							"size": [0.315, 0.40986, 0.69501],
							"pivot": [-0.04216, -3.74525, -1.33803],
							"rotation": [34, 0, 0],
							"uv": {
								"north": {"uv": [21, 26], "uv_size": [0.375, 0.375]},
								"east": {"uv": [12, 21], "uv_size": [0.75, 0.375]},
								"south": {"uv": [26, 21], "uv_size": [0.375, 0.375]},
								"west": {"uv": [13, 21], "uv_size": [0.75, 0.375]},
								"up": {"uv": [21, 13], "uv_size": [0.375, 0.75]},
								"down": {"uv": [14, 21.75], "uv_size": [0.375, -0.75]}
							}
						},
						{
							"origin": [-0.1562, -3.84531, -1.58315],
							"size": [0.3151, 0.40986, 0.69501],
							"uv": {
								"north": {"uv": [22, 26], "uv_size": [0.375, 0.375]},
								"east": {"uv": [21, 14], "uv_size": [0.75, 0.375]},
								"south": {"uv": [26, 22], "uv_size": [0.375, 0.375]},
								"west": {"uv": [15, 21], "uv_size": [0.75, 0.375]},
								"up": {"uv": [21, 15], "uv_size": [0.375, 0.75]},
								"down": {"uv": [16, 21.75], "uv_size": [0.375, -0.75]}
							}
						},
						{
							"origin": [-0.46028, -0.18769, -0.2022],
							"size": [0.09885, 0.45, 0.39541],
							"pivot": [0.02922, 0.14881, -0.00595],
							"rotation": [0, 0, 45],
							"uv": {
								"north": {"uv": [29, 10], "uv_size": [0.125, 0.5]},
								"east": {"uv": [25, 2], "uv_size": [0.375, 0.5]},
								"south": {"uv": [11, 29], "uv_size": [0.125, 0.5]},
								"west": {"uv": [25, 3], "uv_size": [0.375, 0.5]},
								"up": {"uv": [29, 20], "uv_size": [0.125, 0.375]},
								"down": {"uv": [21, 29.375], "uv_size": [0.125, -0.375]}
							}
						},
						{
							"origin": [-0.55485, -0.196, -0.20317],
							"size": [0.09885, 0.455, 0.3968],
							"uv": {
								"north": {"uv": [29, 21], "uv_size": [0.125, 0.375]},
								"east": {"uv": [23, 26], "uv_size": [0.375, 0.375]},
								"south": {"uv": [22, 29], "uv_size": [0.125, 0.375]},
								"west": {"uv": [26, 23], "uv_size": [0.375, 0.375]},
								"up": {"uv": [29, 22], "uv_size": [0.125, 0.375]},
								"down": {"uv": [23, 29.375], "uv_size": [0.125, -0.375]}
							}
						},
						{
							"origin": [-0.61459, -0.16006, -0.2022],
							"size": [0.09885, 0.449, 0.39541],
							"pivot": [0, 0.12173, -0.00499],
							"rotation": [0, 0, -45],
							"uv": {
								"north": {"uv": [29, 11], "uv_size": [0.125, 0.5]},
								"east": {"uv": [25, 4], "uv_size": [0.375, 0.5]},
								"south": {"uv": [12, 29], "uv_size": [0.125, 0.5]},
								"west": {"uv": [25, 5], "uv_size": [0.375, 0.5]},
								"up": {"uv": [29, 23], "uv_size": [0.125, 0.375]},
								"down": {"uv": [24, 29.375], "uv_size": [0.125, -0.375]}
							}
						},
						{
							"origin": [0.36143, -0.18769, -0.2022],
							"size": [0.09885, 0.45, 0.39541],
							"pivot": [-0.02922, 0.14881, -0.00595],
							"rotation": [0, 0, -45],
							"uv": {
								"north": {"uv": [29.125, 10], "uv_size": [-0.125, 0.5]},
								"east": {"uv": [25.375, 3], "uv_size": [-0.375, 0.5]},
								"south": {"uv": [11.125, 29], "uv_size": [-0.125, 0.5]},
								"west": {"uv": [25.375, 2], "uv_size": [-0.375, 0.5]},
								"up": {"uv": [29.125, 20], "uv_size": [-0.125, 0.375]},
								"down": {"uv": [21.125, 29.375], "uv_size": [-0.125, -0.375]}
							}
						},
						{
							"origin": [0.456, -0.196, -0.20317],
							"size": [0.09885, 0.455, 0.3968],
							"uv": {
								"north": {"uv": [29.125, 21], "uv_size": [-0.125, 0.375]},
								"east": {"uv": [26.375, 23], "uv_size": [-0.375, 0.375]},
								"south": {"uv": [22.125, 29], "uv_size": [-0.125, 0.375]},
								"west": {"uv": [23.375, 26], "uv_size": [-0.375, 0.375]},
								"up": {"uv": [29.125, 22], "uv_size": [-0.125, 0.375]},
								"down": {"uv": [23.125, 29.375], "uv_size": [-0.125, -0.375]}
							}
						},
						{
							"origin": [0.51574, -0.16006, -0.2022],
							"size": [0.09885, 0.449, 0.39541],
							"pivot": [0, 0.12173, -0.00499],
							"rotation": [0, 0, 45],
							"uv": {
								"north": {"uv": [29.125, 11], "uv_size": [-0.125, 0.5]},
								"east": {"uv": [25.375, 5], "uv_size": [-0.375, 0.5]},
								"south": {"uv": [12.125, 29], "uv_size": [-0.125, 0.5]},
								"west": {"uv": [25.375, 4], "uv_size": [-0.375, 0.5]},
								"up": {"uv": [29.125, 23], "uv_size": [-0.125, 0.375]},
								"down": {"uv": [24.125, 29.375], "uv_size": [-0.125, -0.375]}
							}
						},
						{
							"origin": [-0.39385, -1.84198, -0.2032],
							"size": [0.787, 1.28647, 0.39541],
							"uv": {
								"north": {"uv": [4, 14], "uv_size": [0.75, 1.25]},
								"east": {"uv": [18, 13], "uv_size": [0.375, 1.25]},
								"south": {"uv": [5, 14], "uv_size": [0.75, 1.25]},
								"west": {"uv": [14, 18], "uv_size": [0.375, 1.25]},
								"up": {"uv": [21, 16], "uv_size": [0.75, 0.375]},
								"down": {"uv": [21, 17.375], "uv_size": [0.75, -0.375]}
							}
						},
						{
							"origin": [-0.10104, -4.10822, -0.28602],
							"size": [0.2078, 0.39568, 1.22763],
							"pivot": [0.00341, -1.36684, -9.84689],
							"rotation": [13, 0, 0],
							"uv": {
								"north": {"uv": [8, 28], "uv_size": [0.25, 0.375]},
								"east": {"uv": [18, 15], "uv_size": [1.25, 0.375]},
								"south": {"uv": [9, 28], "uv_size": [0.25, 0.375]},
								"west": {"uv": [17, 18], "uv_size": [1.25, 0.375]},
								"up": {"uv": [20, 16], "uv_size": [0.25, 1.25]},
								"down": {"uv": [17, 21.25], "uv_size": [0.25, -1.25]}
							}
						},
						{
							"origin": [-0.10112, -0.68856, 0.08925],
							"size": [0.2078, 0.39568, 2.68693],
							"pivot": [0.00341, -1.26684, -9.84689],
							"rotation": [-5, 0, 0],
							"uv": {
								"north": {"uv": [28, 9], "uv_size": [0.25, 0.375]},
								"east": {"uv": [14, 10], "uv_size": [2.625, 0.375]},
								"south": {"uv": [10, 28], "uv_size": [0.25, 0.375]},
								"west": {"uv": [14, 11], "uv_size": [2.625, 0.375]},
								"up": {"uv": [15, 16], "uv_size": [0.25, 2.625]},
								"down": {"uv": [16, 18.625], "uv_size": [0.25, -2.625]}
							}
						},
						{
							"origin": [-0.10112, -1.83261, 2.76575],
							"size": [0.2078, 0.39568, 1.08693],
							"pivot": [0, -1.69767, 2.50876],
							"rotation": [9, 0, 0],
							"uv": {
								"north": {"uv": [28, 10], "uv_size": [0.25, 0.375]},
								"east": {"uv": [19, 14], "uv_size": [1.125, 0.375]},
								"south": {"uv": [11, 28], "uv_size": [0.25, 0.375]},
								"west": {"uv": [15, 19], "uv_size": [1.125, 0.375]},
								"up": {"uv": [18, 21], "uv_size": [0.25, 1.125]},
								"down": {"uv": [21, 19.125], "uv_size": [0.25, -1.125]}
							}
						}
					]
				},
				{
					"name": "bone9",
					"parent": "handguard",
					"pivot": [0.00503, -3.64718, -3.57399],
					"rotation": [-92, 0, 0],
					"cubes": [
						{
							"origin": [-0.1562, 1.64239, -3.8184],
							"size": [0.3151, 0.54429, 0.29538],
							"pivot": [0.0076, 0.11566, -13.79077],
							"rotation": [-23, 0, 0],
							"uv": {
								"north": {"uv": [12, 24], "uv_size": [0.375, 0.5]},
								"east": {"uv": [25, 26], "uv_size": [0.25, 0.5]},
								"south": {"uv": [24, 12], "uv_size": [0.375, 0.5]},
								"west": {"uv": [26, 25], "uv_size": [0.25, 0.5]},
								"up": {"uv": [27, 11], "uv_size": [0.375, 0.25]},
								"down": {"uv": [12, 27.25], "uv_size": [0.375, -0.25]}
							}
						},
						{
							"origin": [-0.15616, 7.73121, -7.47731],
							"size": [0.315, 0.38949, 0.29538],
							"pivot": [0.0076, 0.11566, -13.79077],
							"rotation": [-65, 0, 0],
							"uv": {
								"north": {"uv": [26, 11], "uv_size": [0.375, 0.375]},
								"east": {"uv": [27, 12], "uv_size": [0.25, 0.375]},
								"south": {"uv": [12, 26], "uv_size": [0.375, 0.375]},
								"west": {"uv": [13, 27], "uv_size": [0.25, 0.375]},
								"up": {"uv": [27, 13], "uv_size": [0.375, 0.25]},
								"down": {"uv": [14, 27.25], "uv_size": [0.375, -0.25]}
							}
						},
						{
							"origin": [-0.1562, -2.65577, -4.39014],
							"size": [0.3151, 0.34955, 0.29644],
							"uv": {
								"north": {"uv": [26, 12], "uv_size": [0.375, 0.375]},
								"east": {"uv": [27, 14], "uv_size": [0.25, 0.375]},
								"south": {"uv": [26, 13], "uv_size": [0.375, 0.375]},
								"west": {"uv": [15, 27], "uv_size": [0.25, 0.375]},
								"up": {"uv": [27, 15], "uv_size": [0.375, 0.25]},
								"down": {"uv": [16, 27.25], "uv_size": [0.375, -0.25]}
							}
						},
						{
							"origin": [-0.1561, 2.58176, -4.56313],
							"size": [0.3148, 0.19551, 0.25766],
							"pivot": [0.0076, 0.11566, -13.79077],
							"rotation": [-31, 0, 0],
							"uv": {
								"north": {"uv": [27, 16], "uv_size": [0.375, 0.25]},
								"east": {"uv": [5, 29], "uv_size": [0.25, 0.25]},
								"south": {"uv": [17, 27], "uv_size": [0.375, 0.25]},
								"west": {"uv": [29, 5], "uv_size": [0.25, 0.25]},
								"up": {"uv": [27, 17], "uv_size": [0.375, 0.25]},
								"down": {"uv": [18, 27.25], "uv_size": [0.375, -0.25]}
							}
						},
						{
							"origin": [-0.156, 0.7095, -4.19945],
							"size": [0.3147, 0.19559, 0.4952],
							"pivot": [0.0076, 0.11566, -13.79077],
							"rotation": [-18, 0, 0],
							"uv": {
								"north": {"uv": [27, 18], "uv_size": [0.375, 0.25]},
								"east": {"uv": [26, 26], "uv_size": [0.5, 0.25]},
								"south": {"uv": [19, 27], "uv_size": [0.375, 0.25]},
								"west": {"uv": [27, 2], "uv_size": [0.5, 0.25]},
								"up": {"uv": [13, 24], "uv_size": [0.375, 0.5]},
								"down": {"uv": [24, 13.5], "uv_size": [0.375, -0.5]}
							}
						},
						{
							"origin": [-0.1562, -2.52306, -4.611],
							"size": [0.3151, 0.35761, 0.22471],
							"uv": {
								"north": {"uv": [14, 26], "uv_size": [0.375, 0.375]},
								"east": {"uv": [27, 19], "uv_size": [0.25, 0.375]},
								"south": {"uv": [15, 26], "uv_size": [0.375, 0.375]},
								"west": {"uv": [20, 27], "uv_size": [0.25, 0.375]},
								"up": {"uv": [27, 20], "uv_size": [0.375, 0.25]},
								"down": {"uv": [21, 27.25], "uv_size": [0.375, -0.25]}
							}
						},
						{
							"origin": [-0.1561, -1.32118, -4.68023],
							"size": [0.3148, 0.10986, 0.39546],
							"pivot": [0.00939, -1.88458, -4.43076],
							"rotation": [-93, 0, 0],
							"uv": {
								"north": {"uv": [29, 16], "uv_size": [0.375, 0.125]},
								"east": {"uv": [17, 29], "uv_size": [0.375, 0.125]},
								"south": {"uv": [29, 17], "uv_size": [0.375, 0.125]},
								"west": {"uv": [18, 29], "uv_size": [0.375, 0.125]},
								"up": {"uv": [26, 15], "uv_size": [0.375, 0.375]},
								"down": {"uv": [26, 16.375], "uv_size": [0.375, -0.375]}
							}
						},
						{
							"origin": [-0.15616, -1.7627, -3.88377],
							"size": [0.315, 0.34963, 0.3049],
							"pivot": [0.00949, -2.07514, -4.47957],
							"rotation": [-14, 0, 0],
							"uv": {
								"north": {"uv": [17, 26], "uv_size": [0.375, 0.375]},
								"east": {"uv": [27, 21], "uv_size": [0.25, 0.375]},
								"south": {"uv": [26, 17], "uv_size": [0.375, 0.375]},
								"west": {"uv": [22, 27], "uv_size": [0.25, 0.375]},
								"up": {"uv": [27, 22], "uv_size": [0.375, 0.25]},
								"down": {"uv": [23, 27.25], "uv_size": [0.375, -0.25]}
							}
						},
						{
							"origin": [-0.1561, -5.26318, -5.94479],
							"size": [0.3148, 0.09564, 0.19575],
							"pivot": [0.0075, 0.11566, -13.79077],
							"rotation": [20, 0, 0],
							"uv": {
								"north": {"uv": [29, 18], "uv_size": [0.375, 0.125]},
								"east": {"uv": [30, 17], "uv_size": [0.25, 0.125]},
								"south": {"uv": [19, 29], "uv_size": [0.375, 0.125]},
								"west": {"uv": [18, 30], "uv_size": [0.25, 0.125]},
								"up": {"uv": [27, 23], "uv_size": [0.375, 0.25]},
								"down": {"uv": [24, 27.25], "uv_size": [0.375, -0.25]}
							}
						}
					]
				},
				{
					"name": "grip",
					"parent": "epee",
					"pivot": [0.00011, -1.26509, 2.40606],
					"cubes": [
						{
							"origin": [-0.2884, -1.52958, 0.09743],
							"size": [0.578, 0.87867, 3.68802],
							"uv": {
								"north": {"uv": [18, 11], "uv_size": [0.625, 0.875]},
								"east": {"uv": [0, 8], "uv_size": [3.75, 0.875]},
								"south": {"uv": [18, 12], "uv_size": [0.625, 0.875]},
								"west": {"uv": [4, 8], "uv_size": [3.75, 0.875]},
								"up": {"uv": [4, 10], "uv_size": [0.625, 3.75]},
								"down": {"uv": [5, 13.75], "uv_size": [0.625, -3.75]}
							}
						},
						{
							"origin": [-0.2879, -0.941, 1.77481],
							"size": [0.5769, 0.18, 1.28802],
							"pivot": [-0.0015, -1.10166, 1.51882],
							"rotation": [11, 0, 0],
							"uv": {
								"north": {"uv": [28, 25], "uv_size": [0.625, 0.125]},
								"east": {"uv": [26, 3], "uv_size": [1.25, 0.125]},
								"south": {"uv": [26, 28], "uv_size": [0.625, 0.125]},
								"west": {"uv": [4, 26], "uv_size": [1.25, 0.125]},
								"up": {"uv": [4, 16], "uv_size": [0.625, 1.25]},
								"down": {"uv": [5, 17.25], "uv_size": [0.625, -1.25]}
							}
						},
						{
							"origin": [-0.29, -1.52958, 3.28545],
							"size": [0.58, 0.589, 0.48802],
							"uv": {
								"north": {"uv": [19, 18], "uv_size": [0.625, 0.625]},
								"east": {"uv": [18, 20], "uv_size": [0.5, 0.625]},
								"south": {"uv": [19, 19], "uv_size": [0.625, 0.625]},
								"west": {"uv": [20, 18], "uv_size": [0.5, 0.625]},
								"up": {"uv": [19, 20], "uv_size": [0.625, 0.5]},
								"down": {"uv": [20, 19.5], "uv_size": [0.625, -0.5]}
							}
						},
						{
							"origin": [-0.28895, -0.79444, 0.08349],
							"size": [0.577, 0.29673, 0.62868],
							"pivot": [-0.00045, -0.74147, -0.09298],
							"rotation": [-11, 0, 0],
							"uv": {
								"north": {"uv": [26, 4], "uv_size": [0.625, 0.25]},
								"east": {"uv": [26, 5], "uv_size": [0.625, 0.25]},
								"south": {"uv": [26, 6], "uv_size": [0.625, 0.25]},
								"west": {"uv": [26, 7], "uv_size": [0.625, 0.25]},
								"up": {"uv": [20, 2], "uv_size": [0.625, 0.625]},
								"down": {"uv": [20, 3.625], "uv_size": [0.625, -0.625]}
							}
						},
						{
							"origin": [-2.11038, -1.52848, -0.0326],
							"size": [0.48714, 0.745, 0.60336],
							"pivot": [0.00341, -1.16789, -9.84689],
							"rotation": [0, 10, 0],
							"uv": {
								"north": {"uv": [20, 4], "uv_size": [0.5, 0.75]},
								"east": {"uv": [19, 10], "uv_size": [0.625, 0.75]},
								"south": {"uv": [20, 10], "uv_size": [0.5, 0.75]},
								"west": {"uv": [19, 11], "uv_size": [0.625, 0.75]},
								"up": {"uv": [20, 20], "uv_size": [0.5, 0.625]},
								"down": {"uv": [21, 2.625], "uv_size": [0.5, -0.625]}
							}
						},
						{
							"origin": [1.62324, -1.52848, -0.0326],
							"size": [0.48714, 0.745, 0.60336],
							"pivot": [-0.00341, -1.16789, -9.84689],
							"rotation": [0, -10, 0],
							"uv": {
								"north": {"uv": [20, 11], "uv_size": [0.5, 0.75]},
								"east": {"uv": [19, 12], "uv_size": [0.625, 0.75]},
								"south": {"uv": [20, 12], "uv_size": [0.5, 0.75]},
								"west": {"uv": [19, 13], "uv_size": [0.625, 0.75]},
								"up": {"uv": [21, 3], "uv_size": [0.5, 0.625]},
								"down": {"uv": [21, 4.625], "uv_size": [0.5, -0.625]}
							}
						},
						{
							"origin": [-0.2865, -4.08939, -0.28602],
							"size": [0.573, 0.39673, 1.52868],
							"pivot": [-0.00341, -1.36684, -9.84689],
							"rotation": [13, 0, 0],
							"uv": {
								"north": {"uv": [23, 19], "uv_size": [0.625, 0.375]},
								"east": {"uv": [4, 18], "uv_size": [1.5, 0.375]},
								"south": {"uv": [20, 23], "uv_size": [0.625, 0.375]},
								"west": {"uv": [18, 4], "uv_size": [1.5, 0.375]},
								"up": {"uv": [15, 6], "uv_size": [0.625, 1.5]},
								"down": {"uv": [15, 13.5], "uv_size": [0.625, -1.5]}
							}
						},
						{
							"origin": [-0.28387, -0.66742, 0.08925],
							"size": [0.573, 0.29673, 2.68693],
							"pivot": [-0.00341, -1.26684, -9.84689],
							"rotation": [-5, 0, 0],
							"uv": {
								"north": {"uv": [26, 9], "uv_size": [0.625, 0.25]},
								"east": {"uv": [17, 2], "uv_size": [2.625, 0.25]},
								"south": {"uv": [10, 26], "uv_size": [0.625, 0.25]},
								"west": {"uv": [17, 3], "uv_size": [2.625, 0.25]},
								"up": {"uv": [10, 10], "uv_size": [0.625, 2.625]},
								"down": {"uv": [11, 12.625], "uv_size": [0.625, -2.625]}
							}
						},
						{
							"origin": [-0.288, -1.81148, 2.76575],
							"size": [0.576, 0.29673, 1.08693],
							"pivot": [0, -1.69767, 2.50876],
							"rotation": [9, 0, 0],
							"uv": {
								"north": {"uv": [26, 10], "uv_size": [0.625, 0.25]},
								"east": {"uv": [21, 20], "uv_size": [1.125, 0.25]},
								"south": {"uv": [11, 26], "uv_size": [0.625, 0.25]},
								"west": {"uv": [21, 21], "uv_size": [1.125, 0.25]},
								"up": {"uv": [16, 12], "uv_size": [0.625, 1.125]},
								"down": {"uv": [14, 17.125], "uv_size": [0.625, -1.125]}
							}
						}
					]
				},
				{
					"name": "brass",
					"parent": "grip",
					"pivot": [0.00653, -0.67547, 2.94842],
					"cubes": [
						{
							"origin": [-0.28983, -1.13201, 5.23035],
							"size": [0.58, 0.28302, 0.13244],
							"uv": {
								"north": {"uv": [19, 25], "uv_size": [0.625, 0.25]},
								"east": {"uv": [30, 18], "uv_size": [0.125, 0.25]},
								"south": {"uv": [25, 19], "uv_size": [0.625, 0.25]},
								"west": {"uv": [19, 30], "uv_size": [0.125, 0.25]},
								"up": {"uv": [28, 19], "uv_size": [0.625, 0.125]},
								"down": {"uv": [20, 28.125], "uv_size": [0.625, -0.125]}
							}
						},
						{
							"origin": [-0.28947, -3.65148, 4.1895],
							"size": [0.5786, 0.29673, 0.98366],
							"pivot": [-0.00341, -5.16684, -8.74689],
							"rotation": [9, 0, 0],
							"uv": {
								"north": {"uv": [20, 25], "uv_size": [0.625, 0.25]},
								"east": {"uv": [5, 23], "uv_size": [1, 0.25]},
								"south": {"uv": [25, 20], "uv_size": [0.625, 0.25]},
								"west": {"uv": [23, 5], "uv_size": [1, 0.25]},
								"up": {"uv": [17, 4], "uv_size": [0.625, 1]},
								"down": {"uv": [17, 6], "uv_size": [0.625, -1]}
							}
						},
						{
							"origin": [-0.28732, -1.49622, 4.71831],
							"size": [0.575, 0.29673, 0.39673],
							"uv": {
								"north": {"uv": [21, 25], "uv_size": [0.625, 0.25]},
								"east": {"uv": [28, 11], "uv_size": [0.375, 0.25]},
								"south": {"uv": [25, 21], "uv_size": [0.625, 0.25]},
								"west": {"uv": [12, 28], "uv_size": [0.375, 0.25]},
								"up": {"uv": [13, 23], "uv_size": [0.625, 0.375]},
								"down": {"uv": [23, 13.375], "uv_size": [0.625, -0.375]}
							}
						},
						{
							"origin": [-0.28947, 7.7081, -15.78776],
							"size": [0.5786, 0.20969, 0.98911],
							"pivot": [-0.00341, -4.86684, -8.74689],
							"rotation": [-104, 0, 0],
							"uv": {
								"north": {"uv": [22, 25], "uv_size": [0.625, 0.25]},
								"east": {"uv": [23, 6], "uv_size": [1, 0.25]},
								"south": {"uv": [25, 22], "uv_size": [0.625, 0.25]},
								"west": {"uv": [23, 10], "uv_size": [1, 0.25]},
								"up": {"uv": [17, 10], "uv_size": [0.625, 1]},
								"down": {"uv": [17, 12], "uv_size": [0.625, -1]}
							}
						},
						{
							"origin": [-0.1894, -2.03699, 4.91856],
							"size": [0.3784, 0.8902, 0.19782],
							"uv": {
								"north": {"uv": [20, 15], "uv_size": [0.375, 0.875]},
								"east": {"uv": [23, 20], "uv_size": [0.25, 0.875]},
								"south": {"uv": [16, 20], "uv_size": [0.375, 0.875]},
								"west": {"uv": [21, 23], "uv_size": [0.25, 0.875]},
								"up": {"uv": [28, 12], "uv_size": [0.375, 0.25]},
								"down": {"uv": [13, 28.25], "uv_size": [0.375, -0.25]}
							}
						},
						{
							"origin": [-0.18947, -11.924, 3.47174],
							"size": [0.3786, 0.79129, 0.29673],
							"pivot": [0.0955, -4.86684, -8.74689],
							"rotation": [43, 0, 0],
							"uv": {
								"north": {"uv": [19, 21], "uv_size": [0.375, 0.75]},
								"east": {"uv": [25, 10], "uv_size": [0.25, 0.75]},
								"south": {"uv": [20, 21], "uv_size": [0.375, 0.75]},
								"west": {"uv": [11, 25], "uv_size": [0.25, 0.75]},
								"up": {"uv": [28, 13], "uv_size": [0.375, 0.25]},
								"down": {"uv": [14, 28.25], "uv_size": [0.375, -0.25]}
							}
						},
						{
							"origin": [-0.28906, -8.1722, 5.4939],
							"size": [0.14843, 0.16012, 0.088],
							"pivot": [0.00341, -5.06789, -8.74689],
							"rotation": [30, 0, 0],
							"uv": {
								"north": {"uv": [6, 31], "uv_size": [0.125, 0.125]},
								"east": {"uv": [31, 6], "uv_size": [0.125, 0.125]},
								"south": {"uv": [7, 31], "uv_size": [0.125, 0.125]},
								"west": {"uv": [31, 7], "uv_size": [0.125, 0.125]},
								"up": {"uv": [8, 31], "uv_size": [0.125, 0.125]},
								"down": {"uv": [9, 31.125], "uv_size": [0.125, -0.125]}
							}
						},
						{
							"origin": [-0.28906, -8.46905, 5.19988],
							"size": [0.09031, 0.29685, 0.38202],
							"pivot": [0.00341, -5.06789, -8.74689],
							"rotation": [30, 0, 0],
							"uv": {
								"north": {"uv": [30, 19], "uv_size": [0.125, 0.25]},
								"east": {"uv": [28, 14], "uv_size": [0.375, 0.25]},
								"south": {"uv": [20, 30], "uv_size": [0.125, 0.25]},
								"west": {"uv": [15, 28], "uv_size": [0.375, 0.25]},
								"up": {"uv": [29, 28], "uv_size": [0.125, 0.375]},
								"down": {"uv": [29, 29.375], "uv_size": [0.125, -0.375]}
							}
						},
						{
							"origin": [-0.29017, -1.43201, 3.61508],
							"size": [0.09242, 0.57972, 1.619],
							"uv": {
								"north": {"uv": [28, 20], "uv_size": [0.125, 0.625]},
								"east": {"uv": [11, 6], "uv_size": [1.625, 0.625]},
								"south": {"uv": [21, 28], "uv_size": [0.125, 0.625]},
								"west": {"uv": [11, 7], "uv_size": [1.625, 0.625]},
								"up": {"uv": [23, 23], "uv_size": [0.125, 1.625]},
								"down": {"uv": [24, 5.625], "uv_size": [0.125, -1.625]}
							}
						},
						{
							"origin": [-0.29017, -0.55229, 2.98908],
							"size": [0.14843, 0.09895, 2.145],
							"uv": {
								"north": {"uv": [31, 9], "uv_size": [0.125, 0.125]},
								"east": {"uv": [22, 2], "uv_size": [2.125, 0.125]},
								"south": {"uv": [10, 31], "uv_size": [0.125, 0.125]},
								"west": {"uv": [22, 3], "uv_size": [2.125, 0.125]},
								"up": {"uv": [22, 4], "uv_size": [0.125, 2.125]},
								"down": {"uv": [22, 12.125], "uv_size": [0.125, -2.125]}
							}
						},
						{
							"origin": [0.14064, -8.1722, 5.4939],
							"size": [0.14843, 0.16012, 0.088],
							"pivot": [-0.00341, -5.06789, -8.74689],
							"rotation": [30, 0, 0],
							"uv": {
								"north": {"uv": [31, 10], "uv_size": [0.125, 0.125]},
								"east": {"uv": [11, 31], "uv_size": [0.125, 0.125]},
								"south": {"uv": [31, 11], "uv_size": [0.125, 0.125]},
								"west": {"uv": [12, 31], "uv_size": [0.125, 0.125]},
								"up": {"uv": [31, 12], "uv_size": [0.125, 0.125]},
								"down": {"uv": [13, 31.125], "uv_size": [0.125, -0.125]}
							}
						},
						{
							"origin": [0.19876, -8.46905, 5.19988],
							"size": [0.09031, 0.29685, 0.38202],
							"pivot": [-0.00341, -5.06789, -8.74689],
							"rotation": [30, 0, 0],
							"uv": {
								"north": {"uv": [30, 20], "uv_size": [0.125, 0.25]},
								"east": {"uv": [28, 15], "uv_size": [0.375, 0.25]},
								"south": {"uv": [21, 30], "uv_size": [0.125, 0.25]},
								"west": {"uv": [16, 28], "uv_size": [0.375, 0.25]},
								"up": {"uv": [30, 2], "uv_size": [0.125, 0.375]},
								"down": {"uv": [30, 3.375], "uv_size": [0.125, -0.375]}
							}
						},
						{
							"origin": [0.14175, -0.55229, 2.98908],
							"size": [0.14843, 0.09895, 2.145],
							"uv": {
								"north": {"uv": [31, 13], "uv_size": [0.125, 0.125]},
								"east": {"uv": [22, 7], "uv_size": [2.125, 0.125]},
								"south": {"uv": [14, 31], "uv_size": [0.125, 0.125]},
								"west": {"uv": [12, 22], "uv_size": [2.125, 0.125]},
								"up": {"uv": [22, 13], "uv_size": [0.125, 2.125]},
								"down": {"uv": [15, 24.125], "uv_size": [0.125, -2.125]}
							}
						},
						{
							"origin": [-0.19122, -1.33306, 3.61575],
							"size": [0.38928, 0.48407, 1.6146],
							"uv": {
								"north": {"uv": [25, 11], "uv_size": [0.375, 0.5]},
								"east": {"uv": [15, 14], "uv_size": [1.625, 0.5]},
								"south": {"uv": [12, 25], "uv_size": [0.375, 0.5]},
								"west": {"uv": [15, 15], "uv_size": [1.625, 0.5]},
								"up": {"uv": [17, 12], "uv_size": [0.375, 1.625]},
								"down": {"uv": [17, 15.625], "uv_size": [0.375, -1.625]}
							}
						},
						{
							"origin": [-0.29017, -0.655, 3.05408],
							"size": [0.09242, 0.105, 2.08],
							"uv": {
								"north": {"uv": [31, 14], "uv_size": [0.125, 0.125]},
								"east": {"uv": [22, 16], "uv_size": [2.125, 0.125]},
								"south": {"uv": [15, 31], "uv_size": [0.125, 0.125]},
								"west": {"uv": [22, 17], "uv_size": [2.125, 0.125]},
								"up": {"uv": [16, 22], "uv_size": [0.125, 2.125]},
								"down": {"uv": [17, 24.125], "uv_size": [0.125, -2.125]}
							}
						},
						{
							"origin": [-0.29017, -0.85229, 3.23408],
							"size": [0.09242, 0.2, 1.9],
							"uv": {
								"north": {"uv": [30, 21], "uv_size": [0.125, 0.25]},
								"east": {"uv": [4, 19], "uv_size": [1.875, 0.25]},
								"south": {"uv": [22, 30], "uv_size": [0.125, 0.25]},
								"west": {"uv": [19, 5], "uv_size": [1.875, 0.25]},
								"up": {"uv": [14, 23], "uv_size": [0.125, 1.875]},
								"down": {"uv": [23, 15.875], "uv_size": [0.125, -1.875]}
							}
						},
						{
							"origin": [0.19775, -0.85229, 3.23408],
							"size": [0.09242, 0.2, 1.9],
							"uv": {
								"north": {"uv": [30, 22], "uv_size": [0.125, 0.25]},
								"east": {"uv": [19, 6], "uv_size": [1.875, 0.25]},
								"south": {"uv": [23, 30], "uv_size": [0.125, 0.25]},
								"west": {"uv": [19, 7], "uv_size": [1.875, 0.25]},
								"up": {"uv": [18, 23], "uv_size": [0.125, 1.875]},
								"down": {"uv": [19, 24.875], "uv_size": [0.125, -1.875]}
							}
						},
						{
							"origin": [0.19775, -0.655, 3.05408],
							"size": [0.09242, 0.105, 2.08],
							"uv": {
								"north": {"uv": [31, 15], "uv_size": [0.125, 0.125]},
								"east": {"uv": [22, 18], "uv_size": [2.125, 0.125]},
								"south": {"uv": [16, 31], "uv_size": [0.125, 0.125]},
								"west": {"uv": [19, 22], "uv_size": [2.125, 0.125]},
								"up": {"uv": [22, 22], "uv_size": [0.125, 2.125]},
								"down": {"uv": [4, 25.125], "uv_size": [0.125, -2.125]}
							}
						},
						{
							"origin": [0.19775, -1.43201, 3.61508],
							"size": [0.09242, 0.57972, 1.619],
							"uv": {
								"north": {"uv": [28, 21], "uv_size": [0.125, 0.625]},
								"east": {"uv": [13, 6], "uv_size": [1.625, 0.625]},
								"south": {"uv": [22, 28], "uv_size": [0.125, 0.625]},
								"west": {"uv": [13, 7], "uv_size": [1.625, 0.625]},
								"up": {"uv": [5, 24], "uv_size": [0.125, 1.625]},
								"down": {"uv": [24, 10.625], "uv_size": [0.125, -1.625]}
							}
						},
						{
							"origin": [-0.2915, -1.7353, 3.23512],
							"size": [0.582, 0.838, 0.249],
							"pivot": [0.00673, -0.7353, 3.33512],
							"rotation": [38, 0, 0],
							"uv": {
								"north": {"uv": [18, 5], "uv_size": [0.625, 0.875]},
								"east": {"uv": [23, 21], "uv_size": [0.25, 0.875]},
								"south": {"uv": [18, 10], "uv_size": [0.625, 0.875]},
								"west": {"uv": [23, 22], "uv_size": [0.25, 0.875]},
								"up": {"uv": [23, 25], "uv_size": [0.625, 0.25]},
								"down": {"uv": [25, 23.25], "uv_size": [0.625, -0.25]}
							}
						},
						{
							"origin": [-0.2912, -0.92305, 3.37402],
							"size": [0.5815, 0.65, 0.249],
							"pivot": [0.00673, -0.9078, 3.45748],
							"rotation": [60.5, 0, 0],
							"uv": {
								"north": {"uv": [17, 19], "uv_size": [0.625, 0.625]},
								"east": {"uv": [24, 25], "uv_size": [0.25, 0.625]},
								"south": {"uv": [18, 19], "uv_size": [0.625, 0.625]},
								"west": {"uv": [25, 24], "uv_size": [0.25, 0.625]},
								"up": {"uv": [25, 25], "uv_size": [0.625, 0.25]},
								"down": {"uv": [26, 2.25], "uv_size": [0.625, -0.25]}
							}
						},
						{
							"origin": [-0.2915, -1.79687, 3.15632],
							"size": [0.582, 1.438, 0.1],
							"pivot": [0.00673, -0.79687, 3.25632],
							"rotation": [38, 0, 0],
							"uv": {
								"north": {"uv": [14, 12], "uv_size": [0.625, 1.5]},
								"east": {"uv": [25, 12], "uv_size": [0.125, 1.5]},
								"south": {"uv": [14, 14], "uv_size": [0.625, 1.5]},
								"west": {"uv": [13, 25], "uv_size": [0.125, 1.5]},
								"up": {"uv": [28, 22], "uv_size": [0.625, 0.125]},
								"down": {"uv": [23, 28.125], "uv_size": [0.625, -0.125]}
							}
						},
						{
							"origin": [-0.291, -0.69073, 2.86497],
							"size": [0.581, 0.16, 0.049],
							"pivot": [0.00653, -0.67547, 2.94842],
							"rotation": [-15.5, 0, 0],
							"uv": {
								"north": {"uv": [28, 23], "uv_size": [0.625, 0.125]},
								"east": {"uv": [31, 16], "uv_size": [0.125, 0.125]},
								"south": {"uv": [24, 28], "uv_size": [0.625, 0.125]},
								"west": {"uv": [17, 31], "uv_size": [0.125, 0.125]},
								"up": {"uv": [28, 24], "uv_size": [0.625, 0.125]},
								"down": {"uv": [25, 28.125], "uv_size": [0.625, -0.125]}
							}
						}
					]
				}
			]
		}
	]
}