{
	"format_version": "1.12.0",
	"minecraft:geometry": [
		{
			"description": {
				"identifier": "geometry.unknown",
				"texture_width": 32,
				"texture_height": 32,
				"visible_bounds_width": 2,
				"visible_bounds_height": 1.5,
				"visible_bounds_offset": [0, 0.25, 0]
			},
			"bones": [
				{
					"name": "m1867",
					"pivot": [0, 0, 0]
				},
				{
					"name": "deco",
					"parent": "m1867",
					"pivot": [-0.15359, -1.24632, 4.30369],
					"cubes": [
						{
							"origin": [-0.36159, -1.38871, 3.01883],
							"size": [0.10704, 0.26734, 0.09624],
							"pivot": [-0.30803, -1.2545, 3.06748],
							"rotation": [-2, 0, 0],
							"uv": {
								"north": {"uv": [16, 30], "uv_size": [0.125, 0.25]},
								"east": {"uv": [30, 16], "uv_size": [0.125, 0.25]},
								"south": {"uv": [17, 30], "uv_size": [0.125, 0.25]},
								"west": {"uv": [30, 17], "uv_size": [0.125, 0.25]},
								"up": {"uv": [31, 1], "uv_size": [0.125, 0.125]},
								"down": {"uv": [2, 31.125], "uv_size": [0.125, -0.125]}
							}
						},
						{
							"origin": [-0.36142, -1.31498, 2.93895],
							"size": [0.10687, 0.12021, 0.25932],
							"pivot": [-0.30803, -1.2545, 3.06748],
							"rotation": [-47, 0, 0],
							"uv": {
								"north": {"uv": [31, 2], "uv_size": [0.125, 0.125]},
								"east": {"uv": [18, 30], "uv_size": [0.25, 0.125]},
								"south": {"uv": [3, 31], "uv_size": [0.125, 0.125]},
								"west": {"uv": [30, 18], "uv_size": [0.25, 0.125]},
								"up": {"uv": [19, 30], "uv_size": [0.125, 0.25]},
								"down": {"uv": [30, 19.25], "uv_size": [0.125, -0.25]}
							}
						},
						{
							"origin": [-0.36142, -1.31422, 2.93895],
							"size": [0.10687, 0.12021, 0.25932],
							"pivot": [-0.30803, -1.2545, 3.06748],
							"rotation": [43, 0, 0],
							"uv": {
								"north": {"uv": [31, 3], "uv_size": [0.125, 0.125]},
								"east": {"uv": [20, 30], "uv_size": [0.25, 0.125]},
								"south": {"uv": [4, 31], "uv_size": [0.125, 0.125]},
								"west": {"uv": [30, 20], "uv_size": [0.25, 0.125]},
								"up": {"uv": [21, 30], "uv_size": [0.125, 0.25]},
								"down": {"uv": [30, 21.25], "uv_size": [0.125, -0.25]}
							}
						},
						{
							"origin": [-0.36149, -1.30262, 2.93383],
							"size": [0.10694, 0.09624, 0.26734],
							"pivot": [-0.30803, -1.2545, 3.06748],
							"rotation": [-2, 0, 0],
							"uv": {
								"north": {"uv": [31, 4], "uv_size": [0.125, 0.125]},
								"east": {"uv": [22, 30], "uv_size": [0.25, 0.125]},
								"south": {"uv": [5, 31], "uv_size": [0.125, 0.125]},
								"west": {"uv": [30, 22], "uv_size": [0.25, 0.125]},
								"up": {"uv": [23, 30], "uv_size": [0.125, 0.25]},
								"down": {"uv": [30, 23.25], "uv_size": [0.125, -0.25]}
							}
						},
						{
							"origin": [0.21712, -1.43681, 4.78468],
							"size": [0.28196, 0.45448, 0.16361],
							"pivot": [0.30804, -1.20864, 4.86739],
							"rotation": [-2, 0, 0],
							"uv": {
								"north": {"uv": [18, 27], "uv_size": [0.25, 0.5]},
								"east": {"uv": [26, 28], "uv_size": [0.125, 0.5]},
								"south": {"uv": [27, 18], "uv_size": [0.25, 0.5]},
								"west": {"uv": [28, 26], "uv_size": [0.125, 0.5]},
								"up": {"uv": [24, 30], "uv_size": [0.25, 0.125]},
								"down": {"uv": [30, 24.125], "uv_size": [0.25, -0.125]}
							}
						},
						{
							"origin": [0.21712, -1.31146, 4.64888],
							"size": [0.28169, 0.20436, 0.44084],
							"pivot": [0.30804, -1.20864, 4.86739],
							"rotation": [-47, 0, 0],
							"uv": {
								"north": {"uv": [27, 28], "uv_size": [0.25, 0.25]},
								"east": {"uv": [19, 27], "uv_size": [0.5, 0.25]},
								"south": {"uv": [28, 27], "uv_size": [0.25, 0.25]},
								"west": {"uv": [27, 19], "uv_size": [0.5, 0.25]},
								"up": {"uv": [20, 27], "uv_size": [0.25, 0.5]},
								"down": {"uv": [27, 20.5], "uv_size": [0.25, -0.5]}
							}
						},
						{
							"origin": [0.21712, -1.29045, 4.64018],
							"size": [0.28179, 0.16361, 0.45448],
							"pivot": [0.30804, -1.20864, 4.86739],
							"rotation": [-2, 0, 0],
							"uv": {
								"north": {"uv": [25, 30], "uv_size": [0.25, 0.125]},
								"east": {"uv": [28, 28], "uv_size": [0.5, 0.125]},
								"south": {"uv": [30, 25], "uv_size": [0.25, 0.125]},
								"west": {"uv": [0, 29], "uv_size": [0.5, 0.125]},
								"up": {"uv": [21, 27], "uv_size": [0.25, 0.5]},
								"down": {"uv": [27, 21.5], "uv_size": [0.25, -0.5]}
							}
						},
						{
							"origin": [0.21712, -1.31018, 4.64888],
							"size": [0.28169, 0.20436, 0.44084],
							"pivot": [0.30804, -1.20864, 4.86739],
							"rotation": [43, 0, 0],
							"uv": {
								"north": {"uv": [29, 0], "uv_size": [0.25, 0.25]},
								"east": {"uv": [22, 27], "uv_size": [0.5, 0.25]},
								"south": {"uv": [1, 29], "uv_size": [0.25, 0.25]},
								"west": {"uv": [27, 22], "uv_size": [0.5, 0.25]},
								"up": {"uv": [23, 27], "uv_size": [0.25, 0.5]},
								"down": {"uv": [27, 23.5], "uv_size": [0.25, -0.5]}
							}
						},
						{
							"origin": [-0.32402, -1.15284, 4.45306],
							"size": [0.09332, 0.18883, 0.36866],
							"uv": {
								"north": {"uv": [26, 30], "uv_size": [0.125, 0.25]},
								"east": {"uv": [19, 28], "uv_size": [0.375, 0.25]},
								"south": {"uv": [30, 26], "uv_size": [0.125, 0.25]},
								"west": {"uv": [28, 19], "uv_size": [0.375, 0.25]},
								"up": {"uv": [29, 16], "uv_size": [0.125, 0.375]},
								"down": {"uv": [17, 29.375], "uv_size": [0.125, -0.375]}
							}
						},
						{
							"origin": [-0.3499, 13.16624, -11.24531],
							"size": [0.6899, 0.32984, 0.32984],
							"pivot": [0.00874, -8.13492, -22.64892],
							"rotation": [-45, 0, 0],
							"uv": {
								"north": {"uv": [23, 7], "uv_size": [0.75, 0.375]},
								"east": {"uv": [21, 26], "uv_size": [0.375, 0.375]},
								"south": {"uv": [8, 23], "uv_size": [0.75, 0.375]},
								"west": {"uv": [26, 22], "uv_size": [0.375, 0.375]},
								"up": {"uv": [23, 8], "uv_size": [0.75, 0.375]},
								"down": {"uv": [23, 9.375], "uv_size": [0.75, -0.375]}
							}
						},
						{
							"origin": [-0.3499, 13.06624, -10.14531],
							"size": [0.6899, 0.32984, 0.32984],
							"pivot": [0.00874, -8.23492, -21.54892],
							"rotation": [-45, 0, 0],
							"uv": {
								"north": {"uv": [23, 12], "uv_size": [0.75, 0.375]},
								"east": {"uv": [23, 26], "uv_size": [0.375, 0.375]},
								"south": {"uv": [23, 13], "uv_size": [0.75, 0.375]},
								"west": {"uv": [26, 23], "uv_size": [0.375, 0.375]},
								"up": {"uv": [14, 23], "uv_size": [0.75, 0.375]},
								"down": {"uv": [15, 23.375], "uv_size": [0.75, -0.375]}
							}
						},
						{
							"origin": [-0.34642, 12.90416, -8.7677],
							"size": [0.68293, 0.3265, 0.3265],
							"pivot": [0.00861, -8.18188, -20.05614],
							"rotation": [-45, 0, 0],
							"uv": {
								"north": {"uv": [23, 21], "uv_size": [0.625, 0.375]},
								"east": {"uv": [24, 26], "uv_size": [0.375, 0.375]},
								"south": {"uv": [24, 3], "uv_size": [0.625, 0.375]},
								"west": {"uv": [26, 25], "uv_size": [0.375, 0.375]},
								"up": {"uv": [24, 4], "uv_size": [0.625, 0.375]},
								"down": {"uv": [24, 5.375], "uv_size": [0.625, -0.375]}
							}
						},
						{
							"origin": [-0.32402, -1.34167, 3.05376],
							"size": [0.09332, 0.18883, 1.76796],
							"uv": {
								"north": {"uv": [27, 30], "uv_size": [0.125, 0.25]},
								"east": {"uv": [21, 17], "uv_size": [1.75, 0.25]},
								"south": {"uv": [30, 27], "uv_size": [0.125, 0.25]},
								"west": {"uv": [18, 21], "uv_size": [1.75, 0.25]},
								"up": {"uv": [15, 24], "uv_size": [0.125, 1.75]},
								"down": {"uv": [24, 16.75], "uv_size": [0.125, -1.75]}
							}
						}
					]
				},
				{
					"name": "blade",
					"parent": "m1867",
					"pivot": [0.00009, -1.13407, -0.15271],
					"cubes": [
						{
							"origin": [-0.059, -2.1799, -21.44304],
							"size": [0.118, 0.19, 1.473],
							"pivot": [-0.00005, -2.24964, -16.88837],
							"rotation": [6, 0, 0],
							"uv": {
								"north": {"uv": [28, 30], "uv_size": [0.125, 0.25]},
								"east": {"uv": [22, 6], "uv_size": [1.5, 0.25]},
								"south": {"uv": [30, 28], "uv_size": [0.125, 0.25]},
								"west": {"uv": [14, 22], "uv_size": [1.5, 0.25]},
								"up": {"uv": [24, 18], "uv_size": [0.125, 1.5]},
								"down": {"uv": [19, 25.5], "uv_size": [0.125, -1.5]}
							}
						},
						{
							"origin": [-0.06, -0.97394, -6.74672],
							"size": [0.12, 0.1378, 6.63386],
							"pivot": [0.00268, -1.1988, -16.18182],
							"rotation": [1, 0, 0],
							"uv": {
								"north": {"uv": [31, 5], "uv_size": [0.125, 0.125]},
								"east": {"uv": [15, 4], "uv_size": [6.625, 0.125]},
								"south": {"uv": [6, 31], "uv_size": [0.125, 0.125]},
								"west": {"uv": [16, 7], "uv_size": [6.625, 0.125]},
								"up": {"uv": [7, 16], "uv_size": [0.125, 6.625]},
								"down": {"uv": [8, 22.625], "uv_size": [0.125, -6.625]}
							}
						},
						{
							"origin": [-0.0594, -1.65107, -21.38959],
							"size": [0.1205, 0.1378, 2.38],
							"pivot": [-0.00005, -2.24964, -16.88837],
							"rotation": [12, 0, 0],
							"uv": {
								"north": {"uv": [31, 6], "uv_size": [0.125, 0.125]},
								"east": {"uv": [22, 22], "uv_size": [2.375, 0.125]},
								"south": {"uv": [7, 31], "uv_size": [0.125, 0.125]},
								"west": {"uv": [23, 2], "uv_size": [2.375, 0.125]},
								"up": {"uv": [23, 3], "uv_size": [0.125, 2.375]},
								"down": {"uv": [7, 25.375], "uv_size": [0.125, -2.375]}
							}
						},
						{
							"origin": [-0.0593, -3.28385, -21.32462],
							"size": [0.1203, 0.1378, 2.005],
							"pivot": [-0.00005, -2.24964, -16.88837],
							"rotation": [-8, 0, 0],
							"uv": {
								"north": {"uv": [31, 7], "uv_size": [0.125, 0.125]},
								"east": {"uv": [20, 23], "uv_size": [2, 0.125]},
								"south": {"uv": [8, 31], "uv_size": [0.125, 0.125]},
								"west": {"uv": [23, 20], "uv_size": [2, 0.125]},
								"up": {"uv": [22, 23], "uv_size": [0.125, 2]},
								"down": {"uv": [23, 25], "uv_size": [0.125, -2]}
							}
						},
						{
							"origin": [-0.0585, -3.14739, -20.80544],
							"size": [0.117, 0.2378, 1.505],
							"pivot": [-0.00005, -2.11318, -16.86919],
							"rotation": [-8, 0, 0],
							"uv": {
								"north": {"uv": [29, 30], "uv_size": [0.125, 0.25]},
								"east": {"uv": [22, 14], "uv_size": [1.5, 0.25]},
								"south": {"uv": [30, 29], "uv_size": [0.125, 0.25]},
								"west": {"uv": [22, 15], "uv_size": [1.5, 0.25]},
								"up": {"uv": [20, 24], "uv_size": [0.125, 1.5]},
								"down": {"uv": [21, 25.5], "uv_size": [0.125, -1.5]}
							}
						},
						{
							"origin": [-0.06, -1.511, -6.74432],
							"size": [0.12, 0.5385, 6.63386],
							"pivot": [0.00268, -1.33658, -16.17941],
							"rotation": [1, 0, 0],
							"uv": {
								"north": {"uv": [29, 1], "uv_size": [0.125, 0.5]},
								"east": {"uv": [8, 4], "uv_size": [6.625, 0.5]},
								"south": {"uv": [2, 29], "uv_size": [0.125, 0.5]},
								"west": {"uv": [0, 9], "uv_size": [6.625, 0.5]},
								"up": {"uv": [16, 12], "uv_size": [0.125, 6.625]},
								"down": {"uv": [17, 18.625], "uv_size": [0.125, -6.625]}
							}
						},
						{
							"origin": [-0.0604, -1.54, -7.04791],
							"size": [0.1205, 0.5385, 6.93386],
							"uv": {
								"north": {"uv": [29, 2], "uv_size": [0.125, 0.5]},
								"east": {"uv": [0, 5], "uv_size": [6.875, 0.5]},
								"south": {"uv": [3, 29], "uv_size": [0.125, 0.5]},
								"west": {"uv": [0, 6], "uv_size": [6.875, 0.5]},
								"up": {"uv": [15, 13], "uv_size": [0.125, 6.875]},
								"down": {"uv": [14, 21.875], "uv_size": [0.125, -6.875]}
							}
						},
						{
							"origin": [-0.0592, -1.54, -20.18178],
							"size": [0.1192, 0.5385, 13.23386],
							"pivot": [-0.00015, -1.31921, -6.96485],
							"rotation": [5.5, 0, 0],
							"uv": {
								"north": {"uv": [29, 3], "uv_size": [0.125, 0.5]},
								"east": {"uv": [0, 2], "uv_size": [13.25, 0.5]},
								"south": {"uv": [4, 29], "uv_size": [0.125, 0.5]},
								"west": {"uv": [0, 3], "uv_size": [13.25, 0.5]},
								"up": {"uv": [2, 11], "uv_size": [0.125, 13.25]},
								"down": {"uv": [3, 24.25], "uv_size": [0.125, -13.25]}
							}
						},
						{
							"origin": [-0.06, -1.66098, -6.74672],
							"size": [0.12, 0.1378, 6.63386],
							"pivot": [0.00268, -1.29832, -16.18182],
							"rotation": [-1, 0, 0],
							"uv": {
								"north": {"uv": [31, 8], "uv_size": [0.125, 0.125]},
								"east": {"uv": [16, 8], "uv_size": [6.625, 0.125]},
								"south": {"uv": [9, 31], "uv_size": [0.125, 0.125]},
								"west": {"uv": [16, 9], "uv_size": [6.625, 0.125]},
								"up": {"uv": [18, 12], "uv_size": [0.125, 6.625]},
								"down": {"uv": [19, 18.625], "uv_size": [0.125, -6.625]}
							}
						},
						{
							"origin": [-0.06, -1.5255, -6.74432],
							"size": [0.12, 0.4378, 6.63386],
							"pivot": [0.00268, -1.16054, -16.17941],
							"rotation": [-1, 0, 0],
							"uv": {
								"north": {"uv": [29, 4], "uv_size": [0.125, 0.5]},
								"east": {"uv": [7, 9], "uv_size": [6.625, 0.5]},
								"south": {"uv": [5, 29], "uv_size": [0.125, 0.5]},
								"west": {"uv": [0, 10], "uv_size": [6.625, 0.5]},
								"up": {"uv": [16, 19], "uv_size": [0.125, 6.625]},
								"down": {"uv": [17, 25.625], "uv_size": [0.125, -6.625]}
							}
						},
						{
							"origin": [-0.0595, -2.71043, -19.48995],
							"size": [0.119, 0.1378, 12.83386],
							"pivot": [-0.00005, -2.24964, -16.88837],
							"rotation": [5, 0, 0],
							"uv": {
								"north": {"uv": [31, 9], "uv_size": [0.125, 0.125]},
								"east": {"uv": [11, 10], "uv_size": [12.875, 0.125]},
								"south": {"uv": [10, 31], "uv_size": [0.125, 0.125]},
								"west": {"uv": [11, 11], "uv_size": [12.875, 0.125]},
								"up": {"uv": [6, 11], "uv_size": [0.125, 12.875]},
								"down": {"uv": [11, 24.875], "uv_size": [0.125, -12.875]}
							}
						},
						{
							"origin": [-0.0585, -2.0153, -16.18982],
							"size": [0.1175, 0.8378, 12.83386],
							"pivot": [-0.01607, -1.85364, -6.77289],
							"rotation": [3, 0, 0],
							"uv": {
								"north": {"uv": [18, 28], "uv_size": [0.125, 0.875]},
								"east": {"uv": [0, 0], "uv_size": [12.875, 0.875]},
								"south": {"uv": [28, 18], "uv_size": [0.125, 0.875]},
								"west": {"uv": [0, 1], "uv_size": [12.875, 0.875]},
								"up": {"uv": [12, 12], "uv_size": [0.125, 12.875]},
								"down": {"uv": [13, 24.875], "uv_size": [0.125, -12.875]}
							}
						},
						{
							"origin": [-0.059, -2.57493, -19.98995],
							"size": [0.1185, 0.2378, 13.33386],
							"pivot": [-0.00005, -2.24964, -16.88837],
							"rotation": [5, 0, 0],
							"uv": {
								"north": {"uv": [30, 30], "uv_size": [0.125, 0.25]},
								"east": {"uv": [0, 7], "uv_size": [13.375, 0.25]},
								"south": {"uv": [0, 31], "uv_size": [0.125, 0.25]},
								"west": {"uv": [7, 5], "uv_size": [13.375, 0.25]},
								"up": {"uv": [9, 10], "uv_size": [0.125, 13.375]},
								"down": {"uv": [10, 23.375], "uv_size": [0.125, -13.375]}
							}
						},
						{
							"origin": [-0.059, -2.11275, -19.97891],
							"size": [0.1185, 0.2378, 13.33386],
							"pivot": [-0.00005, -2.24964, -16.88837],
							"rotation": [6, 0, 0],
							"uv": {
								"north": {"uv": [31, 0], "uv_size": [0.125, 0.25]},
								"east": {"uv": [7, 6], "uv_size": [13.375, 0.25]},
								"south": {"uv": [1, 31], "uv_size": [0.125, 0.25]},
								"west": {"uv": [0, 8], "uv_size": [13.375, 0.25]},
								"up": {"uv": [0, 11], "uv_size": [0.125, 13.375]},
								"down": {"uv": [1, 24.375], "uv_size": [0.125, -13.375]}
							}
						},
						{
							"origin": [-0.0595, -1.15488, -19.14806],
							"size": [0.119, 0.1378, 12.43386],
							"pivot": [0.01811, -1.22873, -10.03113],
							"rotation": [6, 0, 0],
							"uv": {
								"north": {"uv": [31, 10], "uv_size": [0.125, 0.125]},
								"east": {"uv": [13, 0], "uv_size": [12.375, 0.125]},
								"south": {"uv": [11, 31], "uv_size": [0.125, 0.125]},
								"west": {"uv": [13, 1], "uv_size": [12.375, 0.125]},
								"up": {"uv": [4, 14], "uv_size": [0.125, 12.375]},
								"down": {"uv": [5, 26.375], "uv_size": [0.125, -12.375]}
							}
						}
					]
				},
				{
					"name": "handguard",
					"parent": "m1867",
					"pivot": [0.00036, -1.2462, -0.04221],
					"cubes": [
						{
							"origin": [-0.156, -4.1824, -0.65576],
							"size": [0.314, 0.48949, 0.3954],
							"pivot": [0.0014, -3.58765, -0.50808],
							"rotation": [-131, 0, 0],
							"uv": {
								"north": {"uv": [1, 25], "uv_size": [0.375, 0.5]},
								"east": {"uv": [2, 25], "uv_size": [0.375, 0.5]},
								"south": {"uv": [3, 25], "uv_size": [0.375, 0.5]},
								"west": {"uv": [25, 3], "uv_size": [0.375, 0.5]},
								"up": {"uv": [27, 10], "uv_size": [0.375, 0.375]},
								"down": {"uv": [11, 27.375], "uv_size": [0.375, -0.375]}
							}
						},
						{
							"origin": [-0.58276, -2.44186, -0.2],
							"size": [0.29342, 0.59965, 0.38981],
							"pivot": [0.00265, -1.47784, -9.84154],
							"rotation": [0, 0, -23],
							"uv": {
								"north": {"uv": [26, 7], "uv_size": [0.25, 0.625]},
								"east": {"uv": [6, 24], "uv_size": [0.375, 0.625]},
								"south": {"uv": [8, 26], "uv_size": [0.25, 0.625]},
								"west": {"uv": [24, 6], "uv_size": [0.375, 0.625]},
								"up": {"uv": [20, 28], "uv_size": [0.25, 0.375]},
								"down": {"uv": [28, 20.375], "uv_size": [0.25, -0.375]}
							}
						},
						{
							"origin": [-0.15616, -3.19396, -0.2032],
							"size": [0.315, 1.15, 0.39541],
							"uv": {
								"north": {"uv": [21, 18], "uv_size": [0.375, 1.125]},
								"east": {"uv": [20, 21], "uv_size": [0.375, 1.125]},
								"south": {"uv": [21, 20], "uv_size": [0.375, 1.125]},
								"west": {"uv": [22, 2], "uv_size": [0.375, 1.125]},
								"up": {"uv": [27, 11], "uv_size": [0.375, 0.375]},
								"down": {"uv": [12, 27.375], "uv_size": [0.375, -0.375]}
							}
						},
						{
							"origin": [0.28864, -2.44186, -0.2],
							"size": [0.29342, 0.59965, 0.38981],
							"pivot": [-0.00336, -1.47784, -9.84154],
							"rotation": [0, 0, 23],
							"uv": {
								"north": {"uv": [26, 8], "uv_size": [0.25, 0.625]},
								"east": {"uv": [24, 7], "uv_size": [0.375, 0.625]},
								"south": {"uv": [9, 26], "uv_size": [0.25, 0.625]},
								"west": {"uv": [8, 24], "uv_size": [0.375, 0.625]},
								"up": {"uv": [21, 28], "uv_size": [0.25, 0.375]},
								"down": {"uv": [28, 21.375], "uv_size": [0.25, -0.375]}
							}
						},
						{
							"origin": [0.26885, -0.32198, -0.2],
							"size": [0.125, 0.12, 0.392],
							"uv": {
								"north": {"uv": [31, 14], "uv_size": [0.125, 0.125]},
								"east": {"uv": [8, 30], "uv_size": [0.375, 0.125]},
								"south": {"uv": [15, 31], "uv_size": [0.125, 0.125]},
								"west": {"uv": [30, 8], "uv_size": [0.375, 0.125]},
								"up": {"uv": [9, 30], "uv_size": [0.125, 0.375]},
								"down": {"uv": [30, 9.375], "uv_size": [0.125, -0.375]}
							}
						},
						{
							"origin": [-0.39385, -0.32198, -0.2],
							"size": [0.125, 0.12, 0.392],
							"uv": {
								"north": {"uv": [31, 15], "uv_size": [0.125, 0.125]},
								"east": {"uv": [10, 30], "uv_size": [0.375, 0.125]},
								"south": {"uv": [16, 31], "uv_size": [0.125, 0.125]},
								"west": {"uv": [30, 10], "uv_size": [0.375, 0.125]},
								"up": {"uv": [11, 30], "uv_size": [0.125, 0.375]},
								"down": {"uv": [30, 11.375], "uv_size": [0.125, -0.375]}
							}
						},
						{
							"origin": [-0.1, 0.37985, -0.10319],
							"size": [0.2, 0.5, 0.2],
							"uv": {
								"north": {"uv": [28, 14], "uv_size": [0.25, 0.5]},
								"east": {"uv": [15, 28], "uv_size": [0.25, 0.5]},
								"south": {"uv": [28, 15], "uv_size": [0.25, 0.5]},
								"west": {"uv": [16, 28], "uv_size": [0.25, 0.5]},
								"up": {"uv": [29, 14], "uv_size": [0.25, 0.25]},
								"down": {"uv": [15, 29.25], "uv_size": [0.25, -0.25]}
							}
						},
						{
							"origin": [-0.156, -3.53855, -0.44245],
							"size": [0.314, 0.3954, 0.61],
							"pivot": [0.00134, -3.34355, -0.13745],
							"rotation": [57, 0, 0],
							"uv": {
								"north": {"uv": [27, 12], "uv_size": [0.375, 0.375]},
								"east": {"uv": [24, 8], "uv_size": [0.625, 0.375]},
								"south": {"uv": [13, 27], "uv_size": [0.375, 0.375]},
								"west": {"uv": [9, 24], "uv_size": [0.625, 0.375]},
								"up": {"uv": [24, 9], "uv_size": [0.375, 0.625]},
								"down": {"uv": [10, 24.625], "uv_size": [0.375, -0.625]}
							}
						},
						{
							"origin": [-0.1562, -3.70555, -0.75002],
							"size": [0.315, 0.3954, 0.61],
							"uv": {
								"north": {"uv": [27, 13], "uv_size": [0.375, 0.375]},
								"east": {"uv": [24, 10], "uv_size": [0.625, 0.375]},
								"south": {"uv": [14, 27], "uv_size": [0.375, 0.375]},
								"west": {"uv": [24, 11], "uv_size": [0.625, 0.375]},
								"up": {"uv": [24, 12], "uv_size": [0.375, 0.625]},
								"down": {"uv": [24, 13.625], "uv_size": [0.375, -0.625]}
							}
						},
						{
							"origin": [-0.39385, -2.04198, -0.2032],
							"size": [0.787, 1.72, 0.39541],
							"uv": {
								"north": {"uv": [14, 2], "uv_size": [0.75, 1.75]},
								"east": {"uv": [18, 19], "uv_size": [0.375, 1.75]},
								"south": {"uv": [7, 14], "uv_size": [0.75, 1.75]},
								"west": {"uv": [19, 19], "uv_size": [0.375, 1.75]},
								"up": {"uv": [23, 16], "uv_size": [0.75, 0.375]},
								"down": {"uv": [23, 17.375], "uv_size": [0.75, -0.375]}
							}
						}
					]
				},
				{
					"name": "ball",
					"parent": "handguard",
					"pivot": [0.00028, 1.1573, -0.00481],
					"cubes": [
						{
							"origin": [-0.10036, 0.95643, -0.24793],
							"size": [0.20141, 0.20141, 0.48623],
							"pivot": [1.12394, 1.05714, -0.00481],
							"rotation": [-45, 0, 0],
							"uv": {
								"north": {"uv": [29, 5], "uv_size": [0.25, 0.25]},
								"east": {"uv": [24, 27], "uv_size": [0.5, 0.25]},
								"south": {"uv": [6, 29], "uv_size": [0.25, 0.25]},
								"west": {"uv": [27, 24], "uv_size": [0.5, 0.25]},
								"up": {"uv": [25, 27], "uv_size": [0.25, 0.5]},
								"down": {"uv": [27, 25.5], "uv_size": [0.25, -0.5]}
							}
						},
						{
							"origin": [-0.10036, 0.81402, -0.10552],
							"size": [0.20141, 0.48623, 0.20141],
							"pivot": [1.12394, 1.05714, -0.00481],
							"rotation": [-45, 0, 0],
							"uv": {
								"north": {"uv": [26, 27], "uv_size": [0.25, 0.5]},
								"east": {"uv": [27, 26], "uv_size": [0.25, 0.5]},
								"south": {"uv": [27, 27], "uv_size": [0.25, 0.5]},
								"west": {"uv": [0, 28], "uv_size": [0.25, 0.5]},
								"up": {"uv": [29, 6], "uv_size": [0.25, 0.25]},
								"down": {"uv": [7, 29.25], "uv_size": [0.25, -0.25]}
							}
						},
						{
							"origin": [-0.10036, 0.81403, -0.10552],
							"size": [0.20141, 0.48623, 0.20141],
							"uv": {
								"north": {"uv": [28, 0], "uv_size": [0.25, 0.5]},
								"east": {"uv": [1, 28], "uv_size": [0.25, 0.5]},
								"south": {"uv": [28, 1], "uv_size": [0.25, 0.5]},
								"west": {"uv": [2, 28], "uv_size": [0.25, 0.5]},
								"up": {"uv": [29, 7], "uv_size": [0.25, 0.25]},
								"down": {"uv": [8, 29.25], "uv_size": [0.25, -0.25]}
							}
						},
						{
							"origin": [-0.27851, 1.04045, -0.10552],
							"size": [0.48623, 0.2014, 0.20141],
							"pivot": [-0.11866, 1.05714, 1.23779],
							"rotation": [0, 0, 45],
							"uv": {
								"north": {"uv": [28, 2], "uv_size": [0.5, 0.25]},
								"east": {"uv": [29, 8], "uv_size": [0.25, 0.25]},
								"south": {"uv": [3, 28], "uv_size": [0.5, 0.25]},
								"west": {"uv": [9, 29], "uv_size": [0.25, 0.25]},
								"up": {"uv": [28, 3], "uv_size": [0.5, 0.25]},
								"down": {"uv": [4, 28.25], "uv_size": [0.5, -0.25]}
							}
						},
						{
							"origin": [-0.13577, 0.8989, -0.10552],
							"size": [0.2014, 0.48623, 0.20141],
							"pivot": [-0.11866, 1.05714, 1.23779],
							"rotation": [0, 0, 45],
							"uv": {
								"north": {"uv": [28, 4], "uv_size": [0.25, 0.5]},
								"east": {"uv": [5, 28], "uv_size": [0.25, 0.5]},
								"south": {"uv": [28, 5], "uv_size": [0.25, 0.5]},
								"west": {"uv": [6, 28], "uv_size": [0.25, 0.5]},
								"up": {"uv": [29, 9], "uv_size": [0.25, 0.25]},
								"down": {"uv": [10, 29.25], "uv_size": [0.25, -0.25]}
							}
						},
						{
							"origin": [-0.14312, 0.95643, -0.35118],
							"size": [0.20141, 0.20141, 0.48623],
							"pivot": [-0.14567, -0.18546, -0.00481],
							"rotation": [0, -45, 0],
							"uv": {
								"north": {"uv": [29, 10], "uv_size": [0.25, 0.25]},
								"east": {"uv": [28, 6], "uv_size": [0.5, 0.25]},
								"south": {"uv": [11, 29], "uv_size": [0.25, 0.25]},
								"west": {"uv": [7, 28], "uv_size": [0.5, 0.25]},
								"up": {"uv": [28, 7], "uv_size": [0.25, 0.5]},
								"down": {"uv": [8, 28.5], "uv_size": [0.25, -0.5]}
							}
						},
						{
							"origin": [-0.10036, 0.95643, -0.24793],
							"size": [0.20141, 0.20141, 0.48623],
							"uv": {
								"north": {"uv": [29, 11], "uv_size": [0.25, 0.25]},
								"east": {"uv": [28, 8], "uv_size": [0.5, 0.25]},
								"south": {"uv": [12, 29], "uv_size": [0.25, 0.25]},
								"west": {"uv": [9, 28], "uv_size": [0.5, 0.25]},
								"up": {"uv": [28, 9], "uv_size": [0.25, 0.5]},
								"down": {"uv": [10, 28.5], "uv_size": [0.25, -0.5]}
							}
						},
						{
							"origin": [-0.28554, 0.95643, -0.20877],
							"size": [0.48623, 0.20141, 0.20141],
							"pivot": [-0.14567, -0.18546, -0.00481],
							"rotation": [0, -45, 0],
							"uv": {
								"north": {"uv": [28, 10], "uv_size": [0.5, 0.25]},
								"east": {"uv": [29, 12], "uv_size": [0.25, 0.25]},
								"south": {"uv": [11, 28], "uv_size": [0.5, 0.25]},
								"west": {"uv": [13, 29], "uv_size": [0.25, 0.25]},
								"up": {"uv": [28, 11], "uv_size": [0.5, 0.25]},
								"down": {"uv": [12, 28.25], "uv_size": [0.5, -0.25]}
							}
						},
						{
							"origin": [-0.24277, 0.95643, -0.10552],
							"size": [0.48623, 0.20141, 0.20141],
							"uv": {
								"north": {"uv": [28, 12], "uv_size": [0.5, 0.25]},
								"east": {"uv": [29, 13], "uv_size": [0.25, 0.25]},
								"south": {"uv": [13, 28], "uv_size": [0.5, 0.25]},
								"west": {"uv": [14, 29], "uv_size": [0.25, 0.25]},
								"up": {"uv": [28, 13], "uv_size": [0.5, 0.25]},
								"down": {"uv": [14, 28.25], "uv_size": [0.5, -0.25]}
							}
						}
					]
				},
				{
					"name": "bone28",
					"parent": "handguard",
					"pivot": [0.00132, -2.91452, -1.05301],
					"rotation": [11, 0, 0],
					"cubes": [
						{
							"origin": [-0.1563, -3.3631, -1.20789],
							"size": [0.3151, 0.49644, 0.34955],
							"uv": {
								"north": {"uv": [24, 21], "uv_size": [0.375, 0.5]},
								"east": {"uv": [24, 23], "uv_size": [0.375, 0.5]},
								"south": {"uv": [24, 24], "uv_size": [0.375, 0.5]},
								"west": {"uv": [0, 25], "uv_size": [0.375, 0.5]},
								"up": {"uv": [26, 26], "uv_size": [0.375, 0.375]},
								"down": {"uv": [1, 27.375], "uv_size": [0.375, -0.375]}
							}
						},
						{
							"origin": [-0.1557, -2.97712, -0.96822],
							"size": [0.3135, 0.15766, 0.09551],
							"pivot": [0.00042, -2.48979, -0.88891],
							"rotation": [-31, 0, 0],
							"uv": {
								"north": {"uv": [29, 17], "uv_size": [0.375, 0.125]},
								"east": {"uv": [31, 11], "uv_size": [0.125, 0.125]},
								"south": {"uv": [18, 29], "uv_size": [0.375, 0.125]},
								"west": {"uv": [12, 31], "uv_size": [0.125, 0.125]},
								"up": {"uv": [29, 18], "uv_size": [0.375, 0.125]},
								"down": {"uv": [19, 29.125], "uv_size": [0.375, -0.125]}
							}
						},
						{
							"origin": [-0.1571, -2.86652, -1.12669],
							"size": [0.3151, 0.135, 0.186],
							"uv": {
								"north": {"uv": [29, 19], "uv_size": [0.375, 0.125]},
								"east": {"uv": [31, 12], "uv_size": [0.125, 0.125]},
								"south": {"uv": [20, 29], "uv_size": [0.375, 0.125]},
								"west": {"uv": [13, 31], "uv_size": [0.125, 0.125]},
								"up": {"uv": [29, 20], "uv_size": [0.375, 0.125]},
								"down": {"uv": [21, 29.125], "uv_size": [0.375, -0.125]}
							}
						},
						{
							"origin": [-0.1557, -2.82746, -1.1416],
							"size": [0.3135, 0.1577, 0.09564],
							"pivot": [0.00062, -2.5088, -0.88147],
							"rotation": [31, 0, 0],
							"uv": {
								"north": {"uv": [29, 21], "uv_size": [0.375, 0.125]},
								"east": {"uv": [31, 13], "uv_size": [0.125, 0.125]},
								"south": {"uv": [22, 29], "uv_size": [0.375, 0.125]},
								"west": {"uv": [14, 31], "uv_size": [0.125, 0.125]},
								"up": {"uv": [29, 22], "uv_size": [0.375, 0.125]},
								"down": {"uv": [23, 29.125], "uv_size": [0.375, -0.125]}
							}
						}
					]
				},
				{
					"name": "ring",
					"parent": "handguard",
					"pivot": [0.00017, 0.0159, -0.00477],
					"cubes": [
						{
							"origin": [-0.16833, 0.36, -0.20319],
							"size": [0.338, 0.09881, 0.3968],
							"uv": {
								"north": {"uv": [29, 23], "uv_size": [0.375, 0.125]},
								"east": {"uv": [24, 29], "uv_size": [0.375, 0.125]},
								"south": {"uv": [29, 24], "uv_size": [0.375, 0.125]},
								"west": {"uv": [25, 29], "uv_size": [0.375, 0.125]},
								"up": {"uv": [27, 1], "uv_size": [0.375, 0.375]},
								"down": {"uv": [2, 27.375], "uv_size": [0.375, -0.375]}
							}
						},
						{
							"origin": [-0.43279, -0.1641, -0.2032],
							"size": [0.09885, 0.36, 0.3968],
							"uv": {
								"north": {"uv": [29, 25], "uv_size": [0.125, 0.375]},
								"east": {"uv": [27, 2], "uv_size": [0.375, 0.375]},
								"south": {"uv": [26, 29], "uv_size": [0.125, 0.375]},
								"west": {"uv": [4, 27], "uv_size": [0.375, 0.375]},
								"up": {"uv": [29, 26], "uv_size": [0.125, 0.375]},
								"down": {"uv": [27, 29.375], "uv_size": [0.125, -0.375]}
							}
						},
						{
							"origin": [-0.43331, -0.16285, -0.2022],
							"size": [0.09885, 0.373, 0.39541],
							"pivot": [0, 0.0159, -0.00514],
							"rotation": [0, 0, 45],
							"uv": {
								"north": {"uv": [29, 27], "uv_size": [0.125, 0.375]},
								"east": {"uv": [5, 27], "uv_size": [0.375, 0.375]},
								"south": {"uv": [28, 29], "uv_size": [0.125, 0.375]},
								"west": {"uv": [27, 5], "uv_size": [0.375, 0.375]},
								"up": {"uv": [29, 28], "uv_size": [0.125, 0.375]},
								"down": {"uv": [29, 29.375], "uv_size": [0.125, -0.375]}
							}
						},
						{
							"origin": [0.33446, -0.16285, -0.2022],
							"size": [0.09885, 0.373, 0.39541],
							"pivot": [0, 0.0159, -0.00514],
							"rotation": [0, 0, -45],
							"uv": {
								"north": {"uv": [0, 30], "uv_size": [0.125, 0.375]},
								"east": {"uv": [6, 27], "uv_size": [0.375, 0.375]},
								"south": {"uv": [30, 0], "uv_size": [0.125, 0.375]},
								"west": {"uv": [27, 6], "uv_size": [0.375, 0.375]},
								"up": {"uv": [1, 30], "uv_size": [0.125, 0.375]},
								"down": {"uv": [30, 1.375], "uv_size": [0.125, -0.375]}
							}
						},
						{
							"origin": [-0.43331, -0.17835, -0.2022],
							"size": [0.09885, 0.373, 0.39541],
							"pivot": [0, 0.0159, -0.00514],
							"rotation": [0, 0, -45],
							"uv": {
								"north": {"uv": [2, 30], "uv_size": [0.125, 0.375]},
								"east": {"uv": [27, 7], "uv_size": [0.375, 0.375]},
								"south": {"uv": [30, 2], "uv_size": [0.125, 0.375]},
								"west": {"uv": [8, 27], "uv_size": [0.375, 0.375]},
								"up": {"uv": [3, 30], "uv_size": [0.125, 0.375]},
								"down": {"uv": [30, 3.375], "uv_size": [0.125, -0.375]}
							}
						},
						{
							"origin": [0.33446, -0.17835, -0.2022],
							"size": [0.09885, 0.373, 0.39541],
							"pivot": [0, 0.0159, -0.00514],
							"rotation": [0, 0, 45],
							"uv": {
								"north": {"uv": [4, 30], "uv_size": [0.125, 0.375]},
								"east": {"uv": [27, 8], "uv_size": [0.375, 0.375]},
								"south": {"uv": [30, 4], "uv_size": [0.125, 0.375]},
								"west": {"uv": [9, 27], "uv_size": [0.375, 0.375]},
								"up": {"uv": [5, 30], "uv_size": [0.125, 0.375]},
								"down": {"uv": [30, 5.375], "uv_size": [0.125, -0.375]}
							}
						},
						{
							"origin": [0.33394, -0.1641, -0.2032],
							"size": [0.09885, 0.36, 0.3968],
							"uv": {
								"north": {"uv": [6, 30], "uv_size": [0.125, 0.375]},
								"east": {"uv": [27, 9], "uv_size": [0.375, 0.375]},
								"south": {"uv": [30, 6], "uv_size": [0.125, 0.375]},
								"west": {"uv": [10, 27], "uv_size": [0.375, 0.375]},
								"up": {"uv": [7, 30], "uv_size": [0.125, 0.375]},
								"down": {"uv": [30, 7.375], "uv_size": [0.125, -0.375]}
							}
						}
					]
				},
				{
					"name": "grip",
					"parent": "m1867",
					"pivot": [-0.01309, -1.16306, 1.85823],
					"cubes": [
						{
							"origin": [-0.2884, -1.62958, 0.09743],
							"size": [0.578, 1.05, 3.47],
							"uv": {
								"north": {"uv": [20, 14], "uv_size": [0.625, 1]},
								"east": {"uv": [0, 4], "uv_size": [3.5, 1]},
								"south": {"uv": [15, 20], "uv_size": [0.625, 1]},
								"west": {"uv": [4, 4], "uv_size": [3.5, 1]},
								"up": {"uv": [7, 10], "uv_size": [0.625, 3.5]},
								"down": {"uv": [8, 13.5], "uv_size": [0.625, -3.5]}
							}
						},
						{
							"origin": [-0.2865, -0.69444, 0.08349],
							"size": [0.573, 0.29673, 0.82868],
							"pivot": [-0.00045, -0.64147, -0.09298],
							"rotation": [-11, 0, 0],
							"uv": {
								"north": {"uv": [26, 17], "uv_size": [0.625, 0.25]},
								"east": {"uv": [24, 17], "uv_size": [0.875, 0.25]},
								"south": {"uv": [18, 26], "uv_size": [0.625, 0.25]},
								"west": {"uv": [18, 24], "uv_size": [0.875, 0.25]},
								"up": {"uv": [20, 17], "uv_size": [0.625, 0.875]},
								"down": {"uv": [20, 18.875], "uv_size": [0.625, -0.875]}
							}
						},
						{
							"origin": [-2.11038, -1.52848, -0.0326],
							"size": [0.48714, 0.745, 0.60336],
							"pivot": [0.00341, -1.16789, -9.84689],
							"rotation": [0, 10, 0],
							"uv": {
								"north": {"uv": [22, 16], "uv_size": [0.5, 0.75]},
								"east": {"uv": [21, 5], "uv_size": [0.625, 0.75]},
								"south": {"uv": [18, 22], "uv_size": [0.5, 0.75]},
								"west": {"uv": [21, 6], "uv_size": [0.625, 0.75]},
								"up": {"uv": [21, 22], "uv_size": [0.5, 0.625]},
								"down": {"uv": [22, 21.625], "uv_size": [0.5, -0.625]}
							}
						},
						{
							"origin": [-0.2865, -4.08939, -0.28602],
							"size": [0.573, 0.39673, 1.52868],
							"pivot": [-0.00341, -1.36684, -9.84689],
							"rotation": [13, 0, 0],
							"uv": {
								"north": {"uv": [14, 24], "uv_size": [0.625, 0.375]},
								"east": {"uv": [20, 15], "uv_size": [1.5, 0.375]},
								"south": {"uv": [24, 14], "uv_size": [0.625, 0.375]},
								"west": {"uv": [20, 16], "uv_size": [1.5, 0.375]},
								"up": {"uv": [8, 14], "uv_size": [0.625, 1.5]},
								"down": {"uv": [14, 14.5], "uv_size": [0.625, -1.5]}
							}
						},
						{
							"origin": [-0.28387, -1.77537, 0.11683],
							"size": [0.573, 0.29673, 2.68693],
							"pivot": [0.00263, -1.50498, 2.85497],
							"rotation": [-2, 0, 0],
							"uv": {
								"north": {"uv": [26, 18], "uv_size": [0.625, 0.25]},
								"east": {"uv": [20, 12], "uv_size": [2.625, 0.25]},
								"south": {"uv": [19, 26], "uv_size": [0.625, 0.25]},
								"west": {"uv": [20, 13], "uv_size": [2.625, 0.25]},
								"up": {"uv": [4, 11], "uv_size": [0.625, 2.625]},
								"down": {"uv": [5, 13.625], "uv_size": [0.625, -2.625]}
							}
						},
						{
							"origin": [-0.288, -1.76978, 2.7874],
							"size": [0.576, 0.29673, 0.81],
							"pivot": [0.00113, -1.7029, 2.82671],
							"rotation": [5.8, 0, 0],
							"uv": {
								"north": {"uv": [26, 19], "uv_size": [0.625, 0.25]},
								"east": {"uv": [18, 25], "uv_size": [0.75, 0.25]},
								"south": {"uv": [20, 26], "uv_size": [0.625, 0.25]},
								"west": {"uv": [25, 19], "uv_size": [0.75, 0.25]},
								"up": {"uv": [21, 14], "uv_size": [0.625, 0.75]},
								"down": {"uv": [15, 21.75], "uv_size": [0.625, -0.75]}
							}
						}
					]
				},
				{
					"name": "metal",
					"parent": "grip",
					"pivot": [0.00016, -1.1149, 4.45976],
					"rotation": [-7, 0, 0],
					"cubes": [
						{
							"origin": [-0.28983, -1.26718, 4.97856],
							"size": [0.58, 0.28302, 0.23244],
							"uv": {
								"north": {"uv": [10, 26], "uv_size": [0.625, 0.25]},
								"east": {"uv": [29, 15], "uv_size": [0.25, 0.25]},
								"south": {"uv": [26, 10], "uv_size": [0.625, 0.25]},
								"west": {"uv": [16, 29], "uv_size": [0.25, 0.25]},
								"up": {"uv": [26, 11], "uv_size": [0.625, 0.25]},
								"down": {"uv": [12, 26.25], "uv_size": [0.625, -0.25]}
							}
						},
						{
							"origin": [-0.2895, -1.81725, 3.63534],
							"size": [0.5786, 0.29673, 1.38366],
							"pivot": [-0.0002, -1.75692, 3.60451],
							"rotation": [11, 0, 0],
							"uv": {
								"north": {"uv": [13, 26], "uv_size": [0.625, 0.25]},
								"east": {"uv": [22, 18], "uv_size": [1.375, 0.25]},
								"south": {"uv": [26, 13], "uv_size": [0.625, 0.25]},
								"west": {"uv": [22, 19], "uv_size": [1.375, 0.25]},
								"up": {"uv": [15, 2], "uv_size": [0.625, 1.375]},
								"down": {"uv": [16, 3.375], "uv_size": [0.625, -1.375]}
							}
						},
						{
							"origin": [-0.28732, -1.63139, 4.46652],
							"size": [0.575, 0.29673, 0.49673],
							"uv": {
								"north": {"uv": [26, 14], "uv_size": [0.625, 0.25]},
								"east": {"uv": [28, 16], "uv_size": [0.5, 0.25]},
								"south": {"uv": [15, 26], "uv_size": [0.625, 0.25]},
								"west": {"uv": [28, 17], "uv_size": [0.5, 0.25]},
								"up": {"uv": [19, 22], "uv_size": [0.625, 0.5]},
								"down": {"uv": [22, 20.5], "uv_size": [0.625, -0.5]}
							}
						},
						{
							"origin": [-0.2902, 7.57292, -15.93955],
							"size": [0.5805, 0.20969, 0.58911],
							"pivot": [-0.00341, -5.00201, -8.89868],
							"rotation": [-104, 0, 0],
							"uv": {
								"north": {"uv": [26, 15], "uv_size": [0.625, 0.25]},
								"east": {"uv": [16, 26], "uv_size": [0.625, 0.25]},
								"south": {"uv": [26, 16], "uv_size": [0.625, 0.25]},
								"west": {"uv": [17, 26], "uv_size": [0.625, 0.25]},
								"up": {"uv": [22, 4], "uv_size": [0.625, 0.625]},
								"down": {"uv": [22, 5.625], "uv_size": [0.625, -0.625]}
							}
						},
						{
							"origin": [-0.1895, -12.01301, 3.33306],
							"size": [0.3786, 0.79129, 0.29673],
							"pivot": [0.1955, -4.95584, -8.88558],
							"rotation": [43, 0, 0],
							"uv": {
								"north": {"uv": [18, 23], "uv_size": [0.375, 0.75]},
								"east": {"uv": [25, 4], "uv_size": [0.25, 0.75]},
								"south": {"uv": [19, 23], "uv_size": [0.375, 0.75]},
								"west": {"uv": [25, 5], "uv_size": [0.25, 0.75]},
								"up": {"uv": [22, 28], "uv_size": [0.375, 0.25]},
								"down": {"uv": [28, 22.25], "uv_size": [0.375, -0.25]}
							}
						},
						{
							"origin": [-0.29017, -1.56718, 3.56329],
							"size": [0.09242, 0.57972, 1.519],
							"uv": {
								"north": {"uv": [23, 28], "uv_size": [0.125, 0.625]},
								"east": {"uv": [14, 7], "uv_size": [1.5, 0.625]},
								"south": {"uv": [28, 23], "uv_size": [0.125, 0.625]},
								"west": {"uv": [14, 8], "uv_size": [1.5, 0.625]},
								"up": {"uv": [6, 25], "uv_size": [0.125, 1.5]},
								"down": {"uv": [25, 7.5], "uv_size": [0.125, -1.5]}
							}
						},
						{
							"origin": [0.19879, -1.23911, 4.52414],
							"size": [0.09031, 0.392, 0.38202],
							"pivot": [0.00326, -0.66524, 4.68771],
							"rotation": [38, 0, 0],
							"uv": {
								"north": {"uv": [12, 30], "uv_size": [0.125, 0.375]},
								"east": {"uv": [27, 14], "uv_size": [0.375, 0.375]},
								"south": {"uv": [30, 12], "uv_size": [0.125, 0.375]},
								"west": {"uv": [15, 27], "uv_size": [0.375, 0.375]},
								"up": {"uv": [13, 30], "uv_size": [0.125, 0.375]},
								"down": {"uv": [30, 13.375], "uv_size": [0.125, -0.375]}
							}
						},
						{
							"origin": [0.14177, -0.77525, 3.58484],
							"size": [0.14843, 0.1, 1.386],
							"uv": {
								"north": {"uv": [31, 16], "uv_size": [0.125, 0.125]},
								"east": {"uv": [25, 20], "uv_size": [1.375, 0.125]},
								"south": {"uv": [17, 31], "uv_size": [0.125, 0.125]},
								"west": {"uv": [25, 21], "uv_size": [1.375, 0.125]},
								"up": {"uv": [22, 25], "uv_size": [0.125, 1.375]},
								"down": {"uv": [25, 23.375], "uv_size": [0.125, -1.375]}
							}
						},
						{
							"origin": [-0.19122, -1.46823, 3.56396],
							"size": [0.38928, 0.48407, 1.4146],
							"uv": {
								"north": {"uv": [8, 25], "uv_size": [0.375, 0.5]},
								"east": {"uv": [19, 2], "uv_size": [1.375, 0.5]},
								"south": {"uv": [25, 8], "uv_size": [0.375, 0.5]},
								"west": {"uv": [19, 3], "uv_size": [1.375, 0.5]},
								"up": {"uv": [20, 19], "uv_size": [0.375, 1.375]},
								"down": {"uv": [21, 3.375], "uv_size": [0.375, -1.375]}
							}
						},
						{
							"origin": [-0.29017, -0.98747, 3.58229],
							"size": [0.09242, 0.1, 1.4],
							"uv": {
								"north": {"uv": [31, 17], "uv_size": [0.125, 0.125]},
								"east": {"uv": [23, 25], "uv_size": [1.375, 0.125]},
								"south": {"uv": [18, 31], "uv_size": [0.125, 0.125]},
								"west": {"uv": [25, 24], "uv_size": [1.375, 0.125]},
								"up": {"uv": [25, 25], "uv_size": [0.125, 1.375]},
								"down": {"uv": [0, 27.375], "uv_size": [0.125, -1.375]}
							}
						},
						{
							"origin": [0.19775, -0.98747, 3.58229],
							"size": [0.09242, 0.1, 1.4],
							"uv": {
								"north": {"uv": [31, 18], "uv_size": [0.125, 0.125]},
								"east": {"uv": [26, 0], "uv_size": [1.375, 0.125]},
								"south": {"uv": [19, 31], "uv_size": [0.125, 0.125]},
								"west": {"uv": [1, 26], "uv_size": [1.375, 0.125]},
								"up": {"uv": [26, 1], "uv_size": [0.125, 1.375]},
								"down": {"uv": [3, 27.375], "uv_size": [0.125, -1.375]}
							}
						},
						{
							"origin": [0.19775, -0.89017, 3.50229],
							"size": [0.09242, 0.13, 1.48],
							"uv": {
								"north": {"uv": [31, 19], "uv_size": [0.125, 0.125]},
								"east": {"uv": [9, 25], "uv_size": [1.5, 0.125]},
								"south": {"uv": [20, 31], "uv_size": [0.125, 0.125]},
								"west": {"uv": [25, 9], "uv_size": [1.5, 0.125]},
								"up": {"uv": [25, 10], "uv_size": [0.125, 1.5]},
								"down": {"uv": [11, 26.5], "uv_size": [0.125, -1.5]}
							}
						},
						{
							"origin": [-0.2902, -0.77525, 3.58484],
							"size": [0.14843, 0.1, 1.386],
							"uv": {
								"north": {"uv": [31, 20], "uv_size": [0.125, 0.125]},
								"east": {"uv": [26, 3], "uv_size": [1.375, 0.125]},
								"south": {"uv": [21, 31], "uv_size": [0.125, 0.125]},
								"west": {"uv": [26, 4], "uv_size": [1.375, 0.125]},
								"up": {"uv": [26, 5], "uv_size": [0.125, 1.375]},
								"down": {"uv": [7, 27.375], "uv_size": [0.125, -1.375]}
							}
						},
						{
							"origin": [-0.29017, -0.89017, 3.50229],
							"size": [0.09242, 0.13, 1.48],
							"uv": {
								"north": {"uv": [31, 21], "uv_size": [0.125, 0.125]},
								"east": {"uv": [12, 25], "uv_size": [1.5, 0.125]},
								"south": {"uv": [22, 31], "uv_size": [0.125, 0.125]},
								"west": {"uv": [25, 12], "uv_size": [1.5, 0.125]},
								"up": {"uv": [25, 13], "uv_size": [0.125, 1.5]},
								"down": {"uv": [14, 26.5], "uv_size": [0.125, -1.5]}
							}
						},
						{
							"origin": [-0.2891, -1.23911, 4.52414],
							"size": [0.09031, 0.392, 0.38202],
							"pivot": [-0.00326, -0.66524, 4.68771],
							"rotation": [38, 0, 0],
							"uv": {
								"north": {"uv": [14, 30], "uv_size": [0.125, 0.375]},
								"east": {"uv": [27, 15], "uv_size": [0.375, 0.375]},
								"south": {"uv": [30, 14], "uv_size": [0.125, 0.375]},
								"west": {"uv": [16, 27], "uv_size": [0.375, 0.375]},
								"up": {"uv": [15, 30], "uv_size": [0.125, 0.375]},
								"down": {"uv": [30, 15.375], "uv_size": [0.125, -0.375]}
							}
						},
						{
							"origin": [0.19758, -1.56718, 3.56329],
							"size": [0.09242, 0.57972, 1.519],
							"uv": {
								"north": {"uv": [24, 28], "uv_size": [0.125, 0.625]},
								"east": {"uv": [14, 9], "uv_size": [1.5, 0.625]},
								"south": {"uv": [28, 24], "uv_size": [0.125, 0.625]},
								"west": {"uv": [14, 12], "uv_size": [1.5, 0.625]},
								"up": {"uv": [25, 15], "uv_size": [0.125, 1.5]},
								"down": {"uv": [25, 18.5], "uv_size": [0.125, -1.5]}
							}
						},
						{
							"origin": [-0.2915, -1.81714, 3.54455],
							"size": [0.582, 1.138, 0.1],
							"pivot": [-0.00187, -1.81721, 3.54036],
							"rotation": [3, 0, 0],
							"uv": {
								"north": {"uv": [17, 2], "uv_size": [0.625, 1.125]},
								"east": {"uv": [27, 16], "uv_size": [0.125, 1.125]},
								"south": {"uv": [18, 2], "uv_size": [0.625, 1.125]},
								"west": {"uv": [17, 27], "uv_size": [0.125, 1.125]},
								"up": {"uv": [25, 28], "uv_size": [0.625, 0.125]},
								"down": {"uv": [28, 25.125], "uv_size": [0.625, -0.125]}
							}
						}
					]
				}
			]
		}
	]
}