{
	"format_version": "1.12.0",
	"minecraft:geometry": [
		{
			"description": {
				"identifier": "geometry.unknown",
				"texture_width": 32,
				"texture_height": 32,
				"visible_bounds_width": 3,
				"visible_bounds_height": 1.5,
				"visible_bounds_offset": [0, 0.25, 0]
			},
			"bones": [
				{
					"name": "sg1871",
					"pivot": [0, 0, 0]
				},
				{
					"name": "deco",
					"parent": "sg1871",
					"pivot": [0.30701, -1.46394, 2.40903],
					"cubes": [
						{
							"origin": [-0.32402, -1.1504, 3.99266],
							"size": [0.09332, 0.18883, 0.36866],
							"uv": {
								"north": {"uv": [28, 17], "uv_size": [0.125, 0.25]},
								"east": {"uv": [4, 25], "uv_size": [0.375, 0.25]},
								"south": {"uv": [18, 28], "uv_size": [0.125, 0.25]},
								"west": {"uv": [25, 4], "uv_size": [0.375, 0.25]},
								"up": {"uv": [28, 0], "uv_size": [0.125, 0.375]},
								"down": {"uv": [1, 28.375], "uv_size": [0.125, -0.375]}
							}
						},
						{
							"origin": [-0.33775, -1.38629, 2.45842],
							"size": [0.10705, 0.26737, 0.09625],
							"uv": {
								"north": {"uv": [28, 18], "uv_size": [0.125, 0.25]},
								"east": {"uv": [19, 28], "uv_size": [0.125, 0.25]},
								"south": {"uv": [28, 19], "uv_size": [0.125, 0.25]},
								"west": {"uv": [20, 28], "uv_size": [0.125, 0.25]},
								"up": {"uv": [18, 29], "uv_size": [0.125, 0.125]},
								"down": {"uv": [29, 18.125], "uv_size": [0.125, -0.125]}
							}
						},
						{
							"origin": [-0.33759, -1.36307, 2.2402],
							"size": [0.10688, 0.12022, 0.25935],
							"pivot": [-0.08258, -1.44431, 2.4989],
							"rotation": [-45, 0, 0],
							"uv": {
								"north": {"uv": [19, 29], "uv_size": [0.125, 0.125]},
								"east": {"uv": [28, 20], "uv_size": [0.25, 0.125]},
								"south": {"uv": [29, 19], "uv_size": [0.125, 0.125]},
								"west": {"uv": [21, 28], "uv_size": [0.25, 0.125]},
								"up": {"uv": [28, 21], "uv_size": [0.125, 0.25]},
								"down": {"uv": [22, 28.25], "uv_size": [0.125, -0.25]}
							}
						},
						{
							"origin": [-0.33759, -1.37837, 2.5229],
							"size": [0.10688, 0.12022, 0.25935],
							"pivot": [-0.08258, -1.45961, 2.4989],
							"rotation": [45, 0, 0],
							"uv": {
								"north": {"uv": [20, 29], "uv_size": [0.125, 0.125]},
								"east": {"uv": [28, 22], "uv_size": [0.25, 0.125]},
								"south": {"uv": [29, 20], "uv_size": [0.125, 0.125]},
								"west": {"uv": [23, 28], "uv_size": [0.25, 0.125]},
								"up": {"uv": [28, 23], "uv_size": [0.125, 0.25]},
								"down": {"uv": [24, 28.25], "uv_size": [0.125, -0.25]}
							}
						},
						{
							"origin": [-0.33765, -1.30018, 2.37341],
							"size": [0.10695, 0.09625, 0.26737],
							"uv": {
								"north": {"uv": [21, 29], "uv_size": [0.125, 0.125]},
								"east": {"uv": [28, 24], "uv_size": [0.25, 0.125]},
								"south": {"uv": [29, 21], "uv_size": [0.125, 0.125]},
								"west": {"uv": [25, 28], "uv_size": [0.25, 0.125]},
								"up": {"uv": [28, 25], "uv_size": [0.125, 0.25]},
								"down": {"uv": [26, 28.25], "uv_size": [0.125, -0.25]}
							}
						},
						{
							"origin": [-0.31566, 5.95289, -0.78875],
							"size": [0.64968, 0.15066, 0.15066],
							"pivot": [-0.49829, -1.49884, -7.89214],
							"rotation": [-45, 0, 0],
							"uv": {
								"north": {"uv": [26, 11], "uv_size": [0.625, 0.125]},
								"east": {"uv": [22, 29], "uv_size": [0.125, 0.125]},
								"south": {"uv": [12, 26], "uv_size": [0.625, 0.125]},
								"west": {"uv": [29, 22], "uv_size": [0.125, 0.125]},
								"up": {"uv": [26, 12], "uv_size": [0.625, 0.125]},
								"down": {"uv": [13, 26.125], "uv_size": [0.625, -0.125]}
							}
						},
						{
							"origin": [0.20996, 8.36291, 0.12412],
							"size": [0.28986, 0.1999, 0.1999],
							"pivot": [0.00336, -1.47789, -9.34689],
							"rotation": [-45, 0, 0],
							"uv": {
								"north": {"uv": [26, 14], "uv_size": [0.25, 0.25]},
								"east": {"uv": [15, 26], "uv_size": [0.25, 0.25]},
								"south": {"uv": [26, 15], "uv_size": [0.25, 0.25]},
								"west": {"uv": [16, 26], "uv_size": [0.25, 0.25]},
								"up": {"uv": [26, 16], "uv_size": [0.25, 0.25]},
								"down": {"uv": [17, 26.25], "uv_size": [0.25, -0.25]}
							}
						},
						{
							"origin": [-0.32402, -1.33923, 2.59336],
							"size": [0.09332, 0.18883, 1.76796],
							"uv": {
								"north": {"uv": [28, 26], "uv_size": [0.125, 0.25]},
								"east": {"uv": [17, 0], "uv_size": [1.75, 0.25]},
								"south": {"uv": [27, 28], "uv_size": [0.125, 0.25]},
								"west": {"uv": [17, 1], "uv_size": [1.75, 0.25]},
								"up": {"uv": [22, 14], "uv_size": [0.125, 1.75]},
								"down": {"uv": [15, 23.75], "uv_size": [0.125, -1.75]}
							}
						}
					]
				},
				{
					"name": "blade",
					"parent": "sg1871",
					"pivot": [0.0029, -1.60103, -12.14875],
					"cubes": [
						{
							"origin": [-0.04843, -1.34378, -15.87441],
							"size": [0.09881, 0.28903, 14.67071],
							"uv": {
								"north": {"uv": [28, 27], "uv_size": [0.125, 0.25]},
								"east": {"uv": [6, 3], "uv_size": [14.625, 0.25]},
								"south": {"uv": [28, 28], "uv_size": [0.125, 0.25]},
								"west": {"uv": [6, 4], "uv_size": [14.625, 0.25]},
								"up": {"uv": [2, 7], "uv_size": [0.125, 14.625]},
								"down": {"uv": [3, 21.625], "uv_size": [0.125, -14.625]}
							}
						},
						{
							"origin": [-0.04843, -1.74519, -25.39581],
							"size": [0.09881, 0.18776, 3.55537],
							"uv": {
								"north": {"uv": [0, 29], "uv_size": [0.125, 0.25]},
								"east": {"uv": [13, 10], "uv_size": [3.5, 0.25]},
								"south": {"uv": [29, 0], "uv_size": [0.125, 0.25]},
								"west": {"uv": [13, 11], "uv_size": [3.5, 0.25]},
								"up": {"uv": [11, 17], "uv_size": [0.125, 3.5]},
								"down": {"uv": [12, 20.5], "uv_size": [0.125, -3.5]}
							}
						},
						{
							"origin": [-0.04836, 0.09335, -25.26009],
							"size": [0.09857, 0.19762, 3.57416],
							"pivot": [0.0029, -1.60103, -12.14875],
							"rotation": [8, 0, 0],
							"uv": {
								"north": {"uv": [1, 29], "uv_size": [0.125, 0.25]},
								"east": {"uv": [12, 5], "uv_size": [3.625, 0.25]},
								"south": {"uv": [29, 1], "uv_size": [0.125, 0.25]},
								"west": {"uv": [12, 9], "uv_size": [3.625, 0.25]},
								"up": {"uv": [15, 16], "uv_size": [0.125, 3.625]},
								"down": {"uv": [16, 18.625], "uv_size": [0.125, -3.625]}
							}
						},
						{
							"origin": [-0.04836, -3.58742, -25.24682],
							"size": [0.09857, 0.19762, 3.57416],
							"pivot": [0.0029, -1.60103, -12.14875],
							"rotation": [-8, 0, 0],
							"uv": {
								"north": {"uv": [2, 29], "uv_size": [0.125, 0.25]},
								"east": {"uv": [11, 12], "uv_size": [3.625, 0.25]},
								"south": {"uv": [29, 2], "uv_size": [0.125, 0.25]},
								"west": {"uv": [8, 13], "uv_size": [3.625, 0.25]},
								"up": {"uv": [17, 9], "uv_size": [0.125, 3.625]},
								"down": {"uv": [10, 20.625], "uv_size": [0.125, -3.625]}
							}
						},
						{
							"origin": [-0.04836, -3.38979, -23.84864],
							"size": [0.09857, 0.09775, 2.17598],
							"pivot": [0.0029, -1.60103, -12.14875],
							"rotation": [-8, 0, 0],
							"uv": {
								"north": {"uv": [23, 29], "uv_size": [0.125, 0.125]},
								"east": {"uv": [21, 7], "uv_size": [2.125, 0.125]},
								"south": {"uv": [29, 23], "uv_size": [0.125, 0.125]},
								"west": {"uv": [21, 8], "uv_size": [2.125, 0.125]},
								"up": {"uv": [7, 21], "uv_size": [0.125, 2.125]},
								"down": {"uv": [9, 23.125], "uv_size": [0.125, -2.125]}
							}
						},
						{
							"origin": [-0.04836, -0.0044, -23.96178],
							"size": [0.09857, 0.09775, 2.27585],
							"pivot": [0.0029, -1.60103, -12.14875],
							"rotation": [8, 0, 0],
							"uv": {
								"north": {"uv": [24, 29], "uv_size": [0.125, 0.125]},
								"east": {"uv": [17, 19], "uv_size": [2.25, 0.125]},
								"south": {"uv": [29, 24], "uv_size": [0.125, 0.125]},
								"west": {"uv": [20, 0], "uv_size": [2.25, 0.125]},
								"up": {"uv": [20, 7], "uv_size": [0.125, 2.25]},
								"down": {"uv": [8, 22.25], "uv_size": [0.125, -2.25]}
							}
						},
						{
							"origin": [-0.04836, -0.20202, -23.26269],
							"size": [0.09857, 0.19762, 1.57676],
							"pivot": [0.0029, -1.60103, -12.14875],
							"rotation": [8, 0, 0],
							"uv": {
								"north": {"uv": [3, 29], "uv_size": [0.125, 0.25]},
								"east": {"uv": [17, 15], "uv_size": [1.625, 0.25]},
								"south": {"uv": [29, 3], "uv_size": [0.125, 0.25]},
								"west": {"uv": [17, 16], "uv_size": [1.625, 0.25]},
								"up": {"uv": [17, 22], "uv_size": [0.125, 1.625]},
								"down": {"uv": [22, 18.625], "uv_size": [0.125, -1.625]}
							}
						},
						{
							"origin": [-0.04836, -3.29204, -23.14955],
							"size": [0.09857, 0.19762, 1.47689],
							"pivot": [0.0029, -1.60103, -12.14875],
							"rotation": [-8, 0, 0],
							"uv": {
								"north": {"uv": [4, 29], "uv_size": [0.125, 0.25]},
								"east": {"uv": [18, 17], "uv_size": [1.5, 0.25]},
								"south": {"uv": [29, 4], "uv_size": [0.125, 0.25]},
								"west": {"uv": [18, 18], "uv_size": [1.5, 0.25]},
								"up": {"uv": [18, 22], "uv_size": [0.125, 1.5]},
								"down": {"uv": [19, 23.5], "uv_size": [0.125, -1.5]}
							}
						},
						{
							"origin": [-0.04826, -1.35414, -11.4604],
							"size": [0.09857, 0.17977, 11.27513],
							"pivot": [0.0029, -1.60103, -12.14875],
							"rotation": [1, 0, 0],
							"uv": {
								"north": {"uv": [25, 29], "uv_size": [0.125, 0.125]},
								"east": {"uv": [8, 7], "uv_size": [11.25, 0.125]},
								"south": {"uv": [29, 25], "uv_size": [0.125, 0.125]},
								"west": {"uv": [8, 8], "uv_size": [11.25, 0.125]},
								"up": {"uv": [6, 9], "uv_size": [0.125, 11.25]},
								"down": {"uv": [7, 20.25], "uv_size": [0.125, -11.25]}
							}
						},
						{
							"origin": [-0.04843, -2.24261, -15.87441],
							"size": [0.09881, 0.3889, 14.67071],
							"uv": {
								"north": {"uv": [28, 1], "uv_size": [0.125, 0.375]},
								"east": {"uv": [0, 6], "uv_size": [14.625, 0.375]},
								"south": {"uv": [2, 28], "uv_size": [0.125, 0.375]},
								"west": {"uv": [6, 2], "uv_size": [14.625, 0.375]},
								"up": {"uv": [4, 7], "uv_size": [0.125, 14.625]},
								"down": {"uv": [5, 21.625], "uv_size": [0.125, -14.625]}
							}
						},
						{
							"origin": [-0.04843, -2.24261, -1.2037],
							"size": [0.09881, 1.18786, 1.04864],
							"uv": {
								"north": {"uv": [23, 12], "uv_size": [0.125, 1.25]},
								"east": {"uv": [8, 9], "uv_size": [1, 1.25]},
								"south": {"uv": [13, 23], "uv_size": [0.125, 1.25]},
								"west": {"uv": [9, 9], "uv_size": [1, 1.25]},
								"up": {"uv": [18, 24], "uv_size": [0.125, 1]},
								"down": {"uv": [24, 19], "uv_size": [0.125, -1]}
							}
						},
						{
							"origin": [-0.04843, -2.24261, -21.85643],
							"size": [0.09881, 1.18786, 5.98202],
							"uv": {
								"north": {"uv": [23, 14], "uv_size": [0.125, 1.25]},
								"east": {"uv": [0, 2], "uv_size": [6, 1.25]},
								"south": {"uv": [16, 23], "uv_size": [0.125, 1.25]},
								"west": {"uv": [0, 4], "uv_size": [6, 1.25]},
								"up": {"uv": [8, 14], "uv_size": [0.125, 6]},
								"down": {"uv": [9, 20], "uv_size": [0.125, -6]}
							}
						},
						{
							"origin": [-0.0201, -1.94308, -16.06413],
							"size": [0.04994, 0.68859, 15.07035],
							"uv": {
								"north": {"uv": [5, 25], "uv_size": [0.125, 0.75]},
								"east": {"uv": [0, 0], "uv_size": [15.125, 0.75]},
								"south": {"uv": [25, 5], "uv_size": [0.125, 0.75]},
								"west": {"uv": [0, 1], "uv_size": [15.125, 0.75]},
								"up": {"uv": [0, 7], "uv_size": [0.125, 15.125]},
								"down": {"uv": [1, 22.125], "uv_size": [0.125, -15.125]}
							}
						}
					]
				},
				{
					"name": "handguard",
					"parent": "sg1871",
					"pivot": [0.24387, -1.45243, 2.50642],
					"cubes": [
						{
							"origin": [-0.13922, -1.05504, -0.20321],
							"size": [0.29334, 0.44464, 0.39541],
							"uv": {
								"north": {"uv": [19, 24], "uv_size": [0.25, 0.5]},
								"east": {"uv": [22, 19], "uv_size": [0.375, 0.5]},
								"south": {"uv": [24, 19], "uv_size": [0.25, 0.5]},
								"west": {"uv": [20, 22], "uv_size": [0.375, 0.5]},
								"up": {"uv": [6, 25], "uv_size": [0.25, 0.375]},
								"down": {"uv": [25, 6.375], "uv_size": [0.25, -0.375]}
							}
						},
						{
							"origin": [-0.58205, -2.64186, -0.19997],
							"size": [0.29342, 0.69965, 0.38981],
							"pivot": [0.00336, -1.57784, -9.34689],
							"rotation": [0, 0, -23],
							"uv": {
								"north": {"uv": [22, 20], "uv_size": [0.25, 0.75]},
								"east": {"uv": [20, 1], "uv_size": [0.375, 0.75]},
								"south": {"uv": [21, 22], "uv_size": [0.25, 0.75]},
								"west": {"uv": [9, 20], "uv_size": [0.375, 0.75]},
								"up": {"uv": [7, 25], "uv_size": [0.25, 0.375]},
								"down": {"uv": [25, 7.375], "uv_size": [0.25, -0.375]}
							}
						},
						{
							"origin": [-0.13922, -2.78699, -0.20321],
							"size": [0.29334, 0.64454, 0.39541],
							"uv": {
								"north": {"uv": [23, 16], "uv_size": [0.25, 0.625]},
								"east": {"uv": [16, 21], "uv_size": [0.375, 0.625]},
								"south": {"uv": [23, 17], "uv_size": [0.25, 0.625]},
								"west": {"uv": [21, 16], "uv_size": [0.375, 0.625]},
								"up": {"uv": [8, 25], "uv_size": [0.25, 0.375]},
								"down": {"uv": [25, 8.375], "uv_size": [0.25, -0.375]}
							}
						},
						{
							"origin": [0.29535, -2.64186, -0.19997],
							"size": [0.29342, 0.69965, 0.38981],
							"pivot": [0.00336, -1.57784, -9.34689],
							"rotation": [0, 0, 23],
							"uv": {
								"north": {"uv": [22, 21], "uv_size": [0.25, 0.75]},
								"east": {"uv": [20, 10], "uv_size": [0.375, 0.75]},
								"south": {"uv": [22, 22], "uv_size": [0.25, 0.75]},
								"west": {"uv": [20, 11], "uv_size": [0.375, 0.75]},
								"up": {"uv": [9, 25], "uv_size": [0.25, 0.375]},
								"down": {"uv": [25, 9.375], "uv_size": [0.25, -0.375]}
							}
						},
						{
							"origin": [-0.48676, -1.13808, -0.19997],
							"size": [0.29342, 0.5997, 0.38981],
							"pivot": [0.00336, -1.27794, -9.34689],
							"rotation": [0, 0, 23],
							"uv": {
								"north": {"uv": [23, 18], "uv_size": [0.25, 0.625]},
								"east": {"uv": [17, 21], "uv_size": [0.375, 0.625]},
								"south": {"uv": [23, 19], "uv_size": [0.25, 0.625]},
								"west": {"uv": [21, 17], "uv_size": [0.375, 0.625]},
								"up": {"uv": [10, 25], "uv_size": [0.25, 0.375]},
								"down": {"uv": [25, 10.375], "uv_size": [0.25, -0.375]}
							}
						},
						{
							"origin": [0.19334, -1.1359, -0.2],
							"size": [0.29342, 0.5997, 0.38981],
							"pivot": [-0.00336, -1.27576, -9.34714],
							"rotation": [0, 0, -23],
							"uv": {
								"north": {"uv": [20, 23], "uv_size": [0.25, 0.625]},
								"east": {"uv": [18, 21], "uv_size": [0.375, 0.625]},
								"south": {"uv": [23, 20], "uv_size": [0.25, 0.625]},
								"west": {"uv": [19, 21], "uv_size": [0.375, 0.625]},
								"up": {"uv": [11, 25], "uv_size": [0.25, 0.375]},
								"down": {"uv": [25, 11.375], "uv_size": [0.25, -0.375]}
							}
						},
						{
							"origin": [-0.23667, -0.51211, -0.20319],
							"size": [0.472, 0.09881, 0.3968],
							"uv": {
								"north": {"uv": [26, 17], "uv_size": [0.5, 0.125]},
								"east": {"uv": [28, 2], "uv_size": [0.375, 0.125]},
								"south": {"uv": [18, 26], "uv_size": [0.5, 0.125]},
								"west": {"uv": [3, 28], "uv_size": [0.375, 0.125]},
								"up": {"uv": [0, 23], "uv_size": [0.5, 0.375]},
								"down": {"uv": [23, 0.375], "uv_size": [0.5, -0.375]}
							}
						},
						{
							"origin": [-0.23667, 0.47985, -0.20319],
							"size": [0.472, 0.09881, 0.3968],
							"uv": {
								"north": {"uv": [26, 18], "uv_size": [0.5, 0.125]},
								"east": {"uv": [28, 3], "uv_size": [0.375, 0.125]},
								"south": {"uv": [19, 26], "uv_size": [0.5, 0.125]},
								"west": {"uv": [4, 28], "uv_size": [0.375, 0.125]},
								"up": {"uv": [1, 23], "uv_size": [0.5, 0.375]},
								"down": {"uv": [23, 1.375], "uv_size": [0.5, -0.375]}
							}
						},
						{
							"origin": [-0.1134, -2.98295, 0.04028],
							"size": [0.23679, 0.54429, 0.29538],
							"pivot": [0.00336, -1.37789, -9.34689],
							"rotation": [23, 0, 0],
							"uv": {
								"north": {"uv": [20, 24], "uv_size": [0.25, 0.5]},
								"east": {"uv": [24, 20], "uv_size": [0.25, 0.5]},
								"south": {"uv": [21, 24], "uv_size": [0.25, 0.5]},
								"west": {"uv": [24, 21], "uv_size": [0.25, 0.5]},
								"up": {"uv": [26, 19], "uv_size": [0.25, 0.25]},
								"down": {"uv": [20, 26.25], "uv_size": [0.25, -0.25]}
							}
						},
						{
							"origin": [-0.1138, -8.64508, -3.15652],
							"size": [0.23779, 0.38949, 0.29538],
							"pivot": [0.00336, -1.37789, -9.34689],
							"rotation": [65, 0, 0],
							"uv": {
								"north": {"uv": [12, 25], "uv_size": [0.25, 0.375]},
								"east": {"uv": [25, 12], "uv_size": [0.25, 0.375]},
								"south": {"uv": [13, 25], "uv_size": [0.25, 0.375]},
								"west": {"uv": [25, 13], "uv_size": [0.25, 0.375]},
								"up": {"uv": [26, 20], "uv_size": [0.25, 0.25]},
								"down": {"uv": [21, 26.25], "uv_size": [0.25, -0.25]}
							}
						},
						{
							"origin": [-0.1134, 1.24426, -0.667],
							"size": [0.23679, 0.34955, 0.29644],
							"uv": {
								"north": {"uv": [14, 25], "uv_size": [0.25, 0.375]},
								"east": {"uv": [25, 14], "uv_size": [0.25, 0.375]},
								"south": {"uv": [15, 25], "uv_size": [0.25, 0.375]},
								"west": {"uv": [25, 15], "uv_size": [0.25, 0.375]},
								"up": {"uv": [26, 21], "uv_size": [0.25, 0.25]},
								"down": {"uv": [22, 26.25], "uv_size": [0.25, -0.25]}
							}
						},
						{
							"origin": [-0.1131, -3.49663, -0.6339],
							"size": [0.23629, 0.19551, 0.25766],
							"pivot": [0.00336, -1.37789, -9.34689],
							"rotation": [31, 0, 0],
							"uv": {
								"north": {"uv": [26, 22], "uv_size": [0.25, 0.25]},
								"east": {"uv": [23, 26], "uv_size": [0.25, 0.25]},
								"south": {"uv": [26, 23], "uv_size": [0.25, 0.25]},
								"west": {"uv": [24, 26], "uv_size": [0.25, 0.25]},
								"up": {"uv": [26, 24], "uv_size": [0.25, 0.25]},
								"down": {"uv": [25, 26.25], "uv_size": [0.25, -0.25]}
							}
						},
						{
							"origin": [-0.1131, 0.5783, -0.20315],
							"size": [0.23628, 0.30968, 0.19551],
							"uv": {
								"north": {"uv": [26, 25], "uv_size": [0.25, 0.25]},
								"east": {"uv": [26, 26], "uv_size": [0.25, 0.25]},
								"south": {"uv": [0, 27], "uv_size": [0.25, 0.25]},
								"west": {"uv": [27, 0], "uv_size": [0.25, 0.25]},
								"up": {"uv": [1, 27], "uv_size": [0.25, 0.25]},
								"down": {"uv": [27, 1.25], "uv_size": [0.25, -0.25]}
							}
						},
						{
							"origin": [-0.1135, -1.75412, -0.37915],
							"size": [0.237, 0.19559, 0.4952],
							"pivot": [0.00336, -1.37789, -9.34689],
							"rotation": [18, 0, 0],
							"uv": {
								"north": {"uv": [2, 27], "uv_size": [0.25, 0.25]},
								"east": {"uv": [22, 24], "uv_size": [0.5, 0.25]},
								"south": {"uv": [27, 2], "uv_size": [0.25, 0.25]},
								"west": {"uv": [24, 22], "uv_size": [0.5, 0.25]},
								"up": {"uv": [23, 24], "uv_size": [0.25, 0.5]},
								"down": {"uv": [24, 24.5], "uv_size": [0.25, -0.5]}
							}
						},
						{
							"origin": [-0.1134, 1.10349, -0.88786],
							"size": [0.23679, 0.35761, 0.22471],
							"uv": {
								"north": {"uv": [16, 25], "uv_size": [0.25, 0.375]},
								"east": {"uv": [25, 16], "uv_size": [0.25, 0.375]},
								"south": {"uv": [17, 25], "uv_size": [0.25, 0.375]},
								"west": {"uv": [25, 17], "uv_size": [0.25, 0.375]},
								"up": {"uv": [3, 27], "uv_size": [0.25, 0.25]},
								"down": {"uv": [27, 3.25], "uv_size": [0.25, -0.25]}
							}
						},
						{
							"origin": [-0.1131, -10.03212, -5.37776],
							"size": [0.23629, 0.10986, 0.29546],
							"pivot": [0.00336, -1.37789, -9.34689],
							"rotation": [79, 0, 0],
							"uv": {
								"north": {"uv": [5, 29], "uv_size": [0.25, 0.125]},
								"east": {"uv": [29, 5], "uv_size": [0.25, 0.125]},
								"south": {"uv": [6, 29], "uv_size": [0.25, 0.125]},
								"west": {"uv": [29, 6], "uv_size": [0.25, 0.125]},
								"up": {"uv": [4, 27], "uv_size": [0.25, 0.25]},
								"down": {"uv": [27, 4.25], "uv_size": [0.25, -0.25]}
							}
						},
						{
							"origin": [-0.1131, 0.5783, -0.0118],
							"size": [0.23629, 0.34963, 0.2049],
							"uv": {
								"north": {"uv": [18, 25], "uv_size": [0.25, 0.375]},
								"east": {"uv": [25, 18], "uv_size": [0.25, 0.375]},
								"south": {"uv": [19, 25], "uv_size": [0.25, 0.375]},
								"west": {"uv": [25, 19], "uv_size": [0.25, 0.375]},
								"up": {"uv": [5, 27], "uv_size": [0.25, 0.25]},
								"down": {"uv": [27, 5.25], "uv_size": [0.25, -0.25]}
							}
						},
						{
							"origin": [-0.1135, -7.82422, -1.5794],
							"size": [0.2367, 1.24394, 0.22989],
							"pivot": [0.00336, -1.47789, -9.34689],
							"rotation": [23, 0, 0],
							"uv": {
								"north": {"uv": [19, 11], "uv_size": [0.25, 1.25]},
								"east": {"uv": [13, 19], "uv_size": [0.25, 1.25]},
								"south": {"uv": [19, 13], "uv_size": [0.25, 1.25]},
								"west": {"uv": [14, 19], "uv_size": [0.25, 1.25]},
								"up": {"uv": [6, 27], "uv_size": [0.25, 0.25]},
								"down": {"uv": [27, 6.25], "uv_size": [0.25, -0.25]}
							}
						},
						{
							"origin": [-0.11327, -9.73084, -3.43075],
							"size": [0.23628, 0.64424, 0.22989],
							"pivot": [0.00336, -1.47789, -9.34689],
							"rotation": [39, 0, 0],
							"uv": {
								"north": {"uv": [21, 23], "uv_size": [0.25, 0.625]},
								"east": {"uv": [23, 21], "uv_size": [0.25, 0.625]},
								"south": {"uv": [22, 23], "uv_size": [0.25, 0.625]},
								"west": {"uv": [23, 22], "uv_size": [0.25, 0.625]},
								"up": {"uv": [7, 27], "uv_size": [0.25, 0.25]},
								"down": {"uv": [27, 7.25], "uv_size": [0.25, -0.25]}
							}
						},
						{
							"origin": [-0.11369, -11.78109, -7.82105],
							"size": [0.23779, 0.38949, 0.29538],
							"pivot": [0.00336, -1.47789, -9.34689],
							"rotation": [65, 0, 0],
							"uv": {
								"north": {"uv": [20, 25], "uv_size": [0.25, 0.375]},
								"east": {"uv": [25, 20], "uv_size": [0.25, 0.375]},
								"south": {"uv": [21, 25], "uv_size": [0.25, 0.375]},
								"west": {"uv": [25, 21], "uv_size": [0.25, 0.375]},
								"up": {"uv": [8, 27], "uv_size": [0.25, 0.25]},
								"down": {"uv": [27, 8.25], "uv_size": [0.25, -0.25]}
							}
						},
						{
							"origin": [-0.11329, -4.44958, 0.63382],
							"size": [0.23679, 0.34955, 0.29644],
							"uv": {
								"north": {"uv": [22, 25], "uv_size": [0.25, 0.375]},
								"east": {"uv": [25, 22], "uv_size": [0.25, 0.375]},
								"south": {"uv": [23, 25], "uv_size": [0.25, 0.375]},
								"west": {"uv": [25, 23], "uv_size": [0.25, 0.375]},
								"up": {"uv": [9, 27], "uv_size": [0.25, 0.25]},
								"down": {"uv": [27, 9.25], "uv_size": [0.25, -0.25]}
							}
						},
						{
							"origin": [-0.11299, -9.31825, -2.06819],
							"size": [0.23629, 0.19551, 0.25766],
							"pivot": [0.00336, -1.47789, -9.34689],
							"rotation": [31, 0, 0],
							"uv": {
								"north": {"uv": [10, 27], "uv_size": [0.25, 0.25]},
								"east": {"uv": [27, 10], "uv_size": [0.25, 0.25]},
								"south": {"uv": [11, 27], "uv_size": [0.25, 0.25]},
								"west": {"uv": [27, 11], "uv_size": [0.25, 0.25]},
								"up": {"uv": [12, 27], "uv_size": [0.25, 0.25]},
								"down": {"uv": [27, 12.25], "uv_size": [0.25, -0.25]}
							}
						},
						{
							"origin": [-0.1133, -7.15528, -0.78062],
							"size": [0.237, 0.19559, 0.4952],
							"pivot": [0.00336, -1.47789, -9.34689],
							"rotation": [18, 0, 0],
							"uv": {
								"north": {"uv": [13, 27], "uv_size": [0.25, 0.25]},
								"east": {"uv": [0, 25], "uv_size": [0.5, 0.25]},
								"south": {"uv": [27, 13], "uv_size": [0.25, 0.25]},
								"west": {"uv": [25, 0], "uv_size": [0.5, 0.25]},
								"up": {"uv": [1, 25], "uv_size": [0.25, 0.5]},
								"down": {"uv": [25, 1.5], "uv_size": [0.25, -0.5]}
							}
						},
						{
							"origin": [-0.11329, -4.31688, 0.92641],
							"size": [0.23679, 0.35761, 0.22471],
							"uv": {
								"north": {"uv": [24, 25], "uv_size": [0.25, 0.375]},
								"east": {"uv": [25, 24], "uv_size": [0.25, 0.375]},
								"south": {"uv": [25, 25], "uv_size": [0.25, 0.375]},
								"west": {"uv": [0, 26], "uv_size": [0.25, 0.375]},
								"up": {"uv": [14, 27], "uv_size": [0.25, 0.25]},
								"down": {"uv": [27, 14.25], "uv_size": [0.25, -0.25]}
							}
						},
						{
							"origin": [-0.11337, -10.93924, -12.20025],
							"size": [0.23629, 0.10986, 1.19501],
							"pivot": [0.00336, -1.47789, -9.34689],
							"rotation": [93, 0, 0],
							"uv": {
								"north": {"uv": [7, 29], "uv_size": [0.25, 0.125]},
								"east": {"uv": [23, 23], "uv_size": [1.25, 0.125]},
								"south": {"uv": [29, 7], "uv_size": [0.25, 0.125]},
								"west": {"uv": [0, 24], "uv_size": [1.25, 0.125]},
								"up": {"uv": [19, 15], "uv_size": [0.25, 1.25]},
								"down": {"uv": [16, 20.25], "uv_size": [0.25, -1.25]}
							}
						},
						{
							"origin": [-0.11349, -3.13966, -0.20321],
							"size": [0.23629, 0.34963, 0.16992],
							"uv": {
								"north": {"uv": [26, 0], "uv_size": [0.25, 0.375]},
								"east": {"uv": [28, 4], "uv_size": [0.125, 0.375]},
								"south": {"uv": [1, 26], "uv_size": [0.25, 0.375]},
								"west": {"uv": [5, 28], "uv_size": [0.125, 0.375]},
								"up": {"uv": [8, 29], "uv_size": [0.25, 0.125]},
								"down": {"uv": [29, 8.125], "uv_size": [0.25, -0.125]}
							}
						},
						{
							"origin": [-0.11349, -3.33956, -0.0333],
							"size": [0.23629, 0.64948, 0.16992],
							"uv": {
								"north": {"uv": [24, 0], "uv_size": [0.25, 0.625]},
								"east": {"uv": [26, 13], "uv_size": [0.125, 0.625]},
								"south": {"uv": [24, 1], "uv_size": [0.25, 0.625]},
								"west": {"uv": [14, 26], "uv_size": [0.125, 0.625]},
								"up": {"uv": [9, 29], "uv_size": [0.25, 0.125]},
								"down": {"uv": [29, 9.125], "uv_size": [0.25, -0.125]}
							}
						},
						{
							"origin": [-0.11299, -0.31472, 1.17095],
							"size": [0.23629, 0.09564, 0.19575],
							"pivot": [0.00336, -1.47789, -9.34689],
							"rotation": [-20, 0, 0],
							"uv": {
								"north": {"uv": [10, 29], "uv_size": [0.25, 0.125]},
								"east": {"uv": [29, 10], "uv_size": [0.25, 0.125]},
								"south": {"uv": [11, 29], "uv_size": [0.25, 0.125]},
								"west": {"uv": [29, 11], "uv_size": [0.25, 0.125]},
								"up": {"uv": [15, 27], "uv_size": [0.25, 0.25]},
								"down": {"uv": [27, 15.25], "uv_size": [0.25, -0.25]}
							}
						},
						{
							"origin": [-1.14408, 0.16076, -0.20215],
							"size": [0.09881, 0.29961, 0.39399],
							"pivot": [0.00716, -1.37789, -9.34689],
							"rotation": [0, 0, 29],
							"uv": {
								"north": {"uv": [12, 29], "uv_size": [0.125, 0.25]},
								"east": {"uv": [26, 1], "uv_size": [0.375, 0.25]},
								"south": {"uv": [29, 12], "uv_size": [0.125, 0.25]},
								"west": {"uv": [2, 26], "uv_size": [0.375, 0.25]},
								"up": {"uv": [28, 5], "uv_size": [0.125, 0.375]},
								"down": {"uv": [6, 28.375], "uv_size": [0.125, -0.375]}
							}
						},
						{
							"origin": [-1.5478, -0.65906, -0.20221],
							"size": [0.09885, 0.4932, 0.39541],
							"pivot": [0.00716, -1.37789, -9.34689],
							"rotation": [0, 0, 45],
							"uv": {
								"north": {"uv": [16, 27], "uv_size": [0.125, 0.5]},
								"east": {"uv": [2, 23], "uv_size": [0.375, 0.5]},
								"south": {"uv": [27, 16], "uv_size": [0.125, 0.5]},
								"west": {"uv": [23, 2], "uv_size": [0.375, 0.5]},
								"up": {"uv": [28, 6], "uv_size": [0.125, 0.375]},
								"down": {"uv": [7, 28.375], "uv_size": [0.125, -0.375]}
							}
						},
						{
							"origin": [-0.58407, -0.16337, -0.20317],
							"size": [0.09885, 0.39329, 0.3968],
							"uv": {
								"north": {"uv": [28, 7], "uv_size": [0.125, 0.375]},
								"east": {"uv": [24, 15], "uv_size": [0.375, 0.375]},
								"south": {"uv": [8, 28], "uv_size": [0.125, 0.375]},
								"west": {"uv": [24, 16], "uv_size": [0.375, 0.375]},
								"up": {"uv": [28, 8], "uv_size": [0.125, 0.375]},
								"down": {"uv": [9, 28.375], "uv_size": [0.125, -0.375]}
							}
						},
						{
							"origin": [0.44789, -0.59423, -0.20317],
							"size": [0.09885, 0.4932, 0.39541],
							"pivot": [0.00716, -1.37789, -9.34689],
							"rotation": [0, 0, -45],
							"uv": {
								"north": {"uv": [17, 27], "uv_size": [0.125, 0.5]},
								"east": {"uv": [3, 23], "uv_size": [0.375, 0.5]},
								"south": {"uv": [27, 17], "uv_size": [0.125, 0.5]},
								"west": {"uv": [23, 3], "uv_size": [0.375, 0.5]},
								"up": {"uv": [28, 9], "uv_size": [0.125, 0.375]},
								"down": {"uv": [10, 28.375], "uv_size": [0.125, -0.375]}
							}
						},
						{
							"origin": [1.04527, 0.16076, -0.20215],
							"size": [0.09881, 0.29961, 0.39399],
							"pivot": [-0.00716, -1.37789, -9.34689],
							"rotation": [0, 0, -29],
							"uv": {
								"north": {"uv": [13, 29], "uv_size": [0.125, 0.25]},
								"east": {"uv": [26, 2], "uv_size": [0.375, 0.25]},
								"south": {"uv": [29, 13], "uv_size": [0.125, 0.25]},
								"west": {"uv": [3, 26], "uv_size": [0.375, 0.25]},
								"up": {"uv": [28, 10], "uv_size": [0.125, 0.375]},
								"down": {"uv": [11, 28.375], "uv_size": [0.125, -0.375]}
							}
						},
						{
							"origin": [1.44894, -0.65906, -0.20221],
							"size": [0.09885, 0.4932, 0.39541],
							"pivot": [-0.00716, -1.37789, -9.34689],
							"rotation": [0, 0, -45],
							"uv": {
								"north": {"uv": [18, 27], "uv_size": [0.125, 0.5]},
								"east": {"uv": [4, 23], "uv_size": [0.375, 0.5]},
								"south": {"uv": [27, 18], "uv_size": [0.125, 0.5]},
								"west": {"uv": [23, 4], "uv_size": [0.375, 0.5]},
								"up": {"uv": [28, 11], "uv_size": [0.125, 0.375]},
								"down": {"uv": [12, 28.375], "uv_size": [0.125, -0.375]}
							}
						},
						{
							"origin": [0.48522, -0.16337, -0.20317],
							"size": [0.09885, 0.39329, 0.3968],
							"uv": {
								"north": {"uv": [28, 12], "uv_size": [0.125, 0.375]},
								"east": {"uv": [17, 24], "uv_size": [0.375, 0.375]},
								"south": {"uv": [13, 28], "uv_size": [0.125, 0.375]},
								"west": {"uv": [24, 17], "uv_size": [0.375, 0.375]},
								"up": {"uv": [28, 13], "uv_size": [0.125, 0.375]},
								"down": {"uv": [14, 28.375], "uv_size": [0.125, -0.375]}
							}
						},
						{
							"origin": [-0.54674, -0.59423, -0.20317],
							"size": [0.09885, 0.4932, 0.39541],
							"pivot": [-0.00716, -1.37789, -9.34689],
							"rotation": [0, 0, 45],
							"uv": {
								"north": {"uv": [19, 27], "uv_size": [0.125, 0.5]},
								"east": {"uv": [5, 23], "uv_size": [0.375, 0.5]},
								"south": {"uv": [27, 19], "uv_size": [0.125, 0.5]},
								"west": {"uv": [23, 5], "uv_size": [0.375, 0.5]},
								"up": {"uv": [28, 14], "uv_size": [0.125, 0.375]},
								"down": {"uv": [15, 28.375], "uv_size": [0.125, -0.375]}
							}
						},
						{
							"origin": [-0.1131, 3.847, -2.24669],
							"size": [0.23629, 0.09564, 0.19575],
							"pivot": [0.00336, -1.37789, -9.34689],
							"rotation": [-20, 0, 0],
							"uv": {
								"north": {"uv": [14, 29], "uv_size": [0.25, 0.125]},
								"east": {"uv": [29, 14], "uv_size": [0.25, 0.125]},
								"south": {"uv": [15, 29], "uv_size": [0.25, 0.125]},
								"west": {"uv": [29, 15], "uv_size": [0.25, 0.125]},
								"up": {"uv": [20, 27], "uv_size": [0.25, 0.25]},
								"down": {"uv": [27, 20.25], "uv_size": [0.25, -0.25]}
							}
						},
						{
							"origin": [-0.39385, -2.14198, -0.20022],
							"size": [0.787, 1.18647, 0.39541],
							"uv": {
								"north": {"uv": [12, 13], "uv_size": [0.75, 1.125]},
								"east": {"uv": [17, 5], "uv_size": [0.375, 1.125]},
								"south": {"uv": [13, 13], "uv_size": [0.75, 1.125]},
								"west": {"uv": [13, 17], "uv_size": [0.375, 1.125]},
								"up": {"uv": [20, 12], "uv_size": [0.75, 0.375]},
								"down": {"uv": [20, 13.375], "uv_size": [0.75, -0.375]}
							}
						},
						{
							"origin": [-0.10104, -4.29391, -0.29229],
							"size": [0.2078, 0.39568, 0.72763],
							"pivot": [0.00341, -1.56684, -9.34689],
							"rotation": [13, 0, 0],
							"uv": {
								"north": {"uv": [26, 3], "uv_size": [0.25, 0.375]},
								"east": {"uv": [20, 14], "uv_size": [0.75, 0.375]},
								"south": {"uv": [4, 26], "uv_size": [0.25, 0.375]},
								"west": {"uv": [20, 14], "uv_size": [0.75, 0.375]},
								"up": {"uv": [6, 23], "uv_size": [0.25, 0.75]},
								"down": {"uv": [23, 6.75], "uv_size": [0.25, -0.75]}
							}
						},
						{
							"origin": [-0.10112, -1.17136, 0.60043],
							"size": [0.2078, 0.39568, 1.18693],
							"pivot": [0.00341, -1.56684, -9.34689],
							"rotation": [-5, 0, 0],
							"uv": {
								"north": {"uv": [26, 4], "uv_size": [0.25, 0.375]},
								"east": {"uv": [17, 13], "uv_size": [1.125, 0.375]},
								"south": {"uv": [5, 26], "uv_size": [0.25, 0.375]},
								"west": {"uv": [17, 14], "uv_size": [1.125, 0.375]},
								"up": {"uv": [15, 20], "uv_size": [0.25, 1.125]},
								"down": {"uv": [20, 16.125], "uv_size": [0.25, -1.125]}
							}
						},
						{
							"origin": [-0.10115, -2.14328, 1.77946],
							"size": [0.2078, 0.39679, 1.05763],
							"uv": {
								"north": {"uv": [26, 5], "uv_size": [0.25, 0.375]},
								"east": {"uv": [19, 0], "uv_size": [1, 0.375]},
								"south": {"uv": [6, 26], "uv_size": [0.25, 0.375]},
								"west": {"uv": [19, 1], "uv_size": [1, 0.375]},
								"up": {"uv": [21, 9], "uv_size": [0.25, 1]},
								"down": {"uv": [10, 22], "uv_size": [0.25, -1]}
							}
						}
					]
				},
				{
					"name": "bone",
					"parent": "sg1871",
					"pivot": [0.00341, -0.47789, -9.34689],
					"cubes": [
						{
							"origin": [-0.28985, -1.82537, 1.78131],
							"size": [0.58, 0.97855, 1.05763],
							"uv": {
								"north": {"uv": [8, 12], "uv_size": [0.625, 1]},
								"east": {"uv": [10, 10], "uv_size": [1, 1]},
								"south": {"uv": [15, 6], "uv_size": [0.625, 1]},
								"west": {"uv": [8, 11], "uv_size": [1, 1]},
								"up": {"uv": [15, 12], "uv_size": [0.625, 1]},
								"down": {"uv": [13, 16], "uv_size": [0.625, -1]}
							}
						},
						{
							"origin": [-0.28983, -1.82958, 4.66994],
							"size": [0.58, 0.58302, 0.23244],
							"uv": {
								"north": {"uv": [14, 17], "uv_size": [0.625, 0.625]},
								"east": {"uv": [2, 24], "uv_size": [0.25, 0.625]},
								"south": {"uv": [17, 17], "uv_size": [0.625, 0.625]},
								"west": {"uv": [24, 2], "uv_size": [0.25, 0.625]},
								"up": {"uv": [3, 24], "uv_size": [0.625, 0.25]},
								"down": {"uv": [24, 3.25], "uv_size": [0.625, -0.25]}
							}
						},
						{
							"origin": [-0.28985, -2.0274, 0.09407],
							"size": [0.58, 0.98911, 0.60336],
							"uv": {
								"north": {"uv": [15, 13], "uv_size": [0.625, 1]},
								"east": {"uv": [14, 15], "uv_size": [0.625, 1]},
								"south": {"uv": [15, 14], "uv_size": [0.625, 1]},
								"west": {"uv": [15, 15], "uv_size": [0.625, 1]},
								"up": {"uv": [18, 5], "uv_size": [0.625, 0.625]},
								"down": {"uv": [18, 6.625], "uv_size": [0.625, -0.625]}
							}
						},
						{
							"origin": [-0.28947, -4.02167, 2.60202],
							"size": [0.5786, 0.29673, 1.48366],
							"pivot": [-0.00341, -1.56684, -9.34689],
							"rotation": [9, 0, 0],
							"uv": {
								"north": {"uv": [4, 24], "uv_size": [0.625, 0.25]},
								"east": {"uv": [19, 5], "uv_size": [1.5, 0.25]},
								"south": {"uv": [24, 4], "uv_size": [0.625, 0.25]},
								"west": {"uv": [19, 6], "uv_size": [1.5, 0.25]},
								"up": {"uv": [9, 11], "uv_size": [0.625, 1.5]},
								"down": {"uv": [10, 12.5], "uv_size": [0.625, -1.5]}
							}
						},
						{
							"origin": [-0.28732, -1.89378, 4.25791],
							"size": [0.575, 0.29673, 0.29673],
							"uv": {
								"north": {"uv": [5, 24], "uv_size": [0.625, 0.25]},
								"east": {"uv": [21, 27], "uv_size": [0.25, 0.25]},
								"south": {"uv": [24, 5], "uv_size": [0.625, 0.25]},
								"west": {"uv": [27, 21], "uv_size": [0.25, 0.25]},
								"up": {"uv": [6, 24], "uv_size": [0.625, 0.25]},
								"down": {"uv": [24, 6.25], "uv_size": [0.625, -0.25]}
							}
						},
						{
							"origin": [-0.28904, 11.48614, -4.86334],
							"size": [0.578, 0.24728, 0.43521],
							"pivot": [-0.00341, -1.56684, -9.34689],
							"rotation": [-72, 0, 0],
							"uv": {
								"north": {"uv": [7, 24], "uv_size": [0.625, 0.25]},
								"east": {"uv": [26, 6], "uv_size": [0.375, 0.25]},
								"south": {"uv": [24, 7], "uv_size": [0.625, 0.25]},
								"west": {"uv": [7, 26], "uv_size": [0.375, 0.25]},
								"up": {"uv": [21, 19], "uv_size": [0.625, 0.375]},
								"down": {"uv": [20, 21.375], "uv_size": [0.625, -0.375]}
							}
						},
						{
							"origin": [-0.28947, 12.11065, -12.54272],
							"size": [0.5786, 0.20969, 0.98911],
							"pivot": [-0.00341, -1.56684, -9.34689],
							"rotation": [-104, 0, 0],
							"uv": {
								"north": {"uv": [8, 24], "uv_size": [0.625, 0.25]},
								"east": {"uv": [21, 10], "uv_size": [1, 0.25]},
								"south": {"uv": [24, 8], "uv_size": [0.625, 0.25]},
								"west": {"uv": [11, 21], "uv_size": [1, 0.25]},
								"up": {"uv": [16, 0], "uv_size": [0.625, 1]},
								"down": {"uv": [16, 2], "uv_size": [0.625, -1]}
							}
						},
						{
							"origin": [-0.28983, -1.82958, 0.69743],
							"size": [0.58, 0.97867, 1.08802],
							"uv": {
								"north": {"uv": [16, 5], "uv_size": [0.625, 1]},
								"east": {"uv": [10, 5], "uv_size": [1.125, 1]},
								"south": {"uv": [16, 6], "uv_size": [0.625, 1]},
								"west": {"uv": [10, 9], "uv_size": [1.125, 1]},
								"up": {"uv": [10, 14], "uv_size": [0.625, 1.125]},
								"down": {"uv": [11, 15.125], "uv_size": [0.625, -1.125]}
							}
						},
						{
							"origin": [-0.28895, -2.55144, 0.05709],
							"size": [0.577, 0.29673, 0.62868],
							"pivot": [-0.00452, -1.46778, -9.34667],
							"rotation": [8, 0, 0],
							"uv": {
								"north": {"uv": [9, 24], "uv_size": [0.625, 0.25]},
								"east": {"uv": [24, 9], "uv_size": [0.625, 0.25]},
								"south": {"uv": [10, 24], "uv_size": [0.625, 0.25]},
								"west": {"uv": [24, 10], "uv_size": [0.625, 0.25]},
								"up": {"uv": [18, 9], "uv_size": [0.625, 0.625]},
								"down": {"uv": [18, 10.625], "uv_size": [0.625, -0.625]}
							}
						},
						{
							"origin": [-0.1894, -2.73455, 4.45816],
							"size": [0.3784, 0.8902, 0.19782],
							"uv": {
								"north": {"uv": [19, 9], "uv_size": [0.375, 0.875]},
								"east": {"uv": [16, 22], "uv_size": [0.25, 0.875]},
								"south": {"uv": [19, 10], "uv_size": [0.375, 0.875]},
								"west": {"uv": [22, 16], "uv_size": [0.25, 0.875]},
								"up": {"uv": [26, 7], "uv_size": [0.375, 0.25]},
								"down": {"uv": [8, 26.25], "uv_size": [0.375, -0.25]}
							}
						},
						{
							"origin": [-0.18947, -11.64284, 0.2475],
							"size": [0.3786, 0.79129, 0.29673],
							"pivot": [0.0955, -1.56684, -9.34689],
							"rotation": [43, 0, 0],
							"uv": {
								"north": {"uv": [17, 20], "uv_size": [0.375, 0.75]},
								"east": {"uv": [8, 23], "uv_size": [0.25, 0.75]},
								"south": {"uv": [20, 17], "uv_size": [0.375, 0.75]},
								"west": {"uv": [23, 9], "uv_size": [0.25, 0.75]},
								"up": {"uv": [26, 8], "uv_size": [0.375, 0.25]},
								"down": {"uv": [9, 26.25], "uv_size": [0.375, -0.25]}
							}
						},
						{
							"origin": [-0.28906, -8.10399, 3.01601],
							"size": [0.14843, 0.16012, 0.088],
							"pivot": [0.00341, -1.46789, -9.34689],
							"rotation": [30, 0, 0],
							"uv": {
								"north": {"uv": [26, 29], "uv_size": [0.125, 0.125]},
								"east": {"uv": [29, 26], "uv_size": [0.125, 0.125]},
								"south": {"uv": [27, 29], "uv_size": [0.125, 0.125]},
								"west": {"uv": [29, 27], "uv_size": [0.125, 0.125]},
								"up": {"uv": [28, 29], "uv_size": [0.125, 0.125]},
								"down": {"uv": [29, 28.125], "uv_size": [0.125, -0.125]}
							}
						},
						{
							"origin": [-0.28906, -8.40084, 2.72199],
							"size": [0.09031, 0.29685, 0.38202],
							"pivot": [0.00341, -1.46789, -9.34689],
							"rotation": [30, 0, 0],
							"uv": {
								"north": {"uv": [16, 29], "uv_size": [0.125, 0.25]},
								"east": {"uv": [26, 9], "uv_size": [0.375, 0.25]},
								"south": {"uv": [29, 16], "uv_size": [0.125, 0.25]},
								"west": {"uv": [10, 26], "uv_size": [0.375, 0.25]},
								"up": {"uv": [28, 15], "uv_size": [0.125, 0.375]},
								"down": {"uv": [16, 28.375], "uv_size": [0.125, -0.375]}
							}
						},
						{
							"origin": [-0.29017, -1.82958, 2.83888],
							"size": [0.09242, 0.87972, 1.8348],
							"uv": {
								"north": {"uv": [2, 25], "uv_size": [0.125, 0.875]},
								"east": {"uv": [6, 5], "uv_size": [1.875, 0.875]},
								"south": {"uv": [25, 2], "uv_size": [0.125, 0.875]},
								"west": {"uv": [6, 7], "uv_size": [1.875, 0.875]},
								"up": {"uv": [21, 20], "uv_size": [0.125, 1.875]},
								"down": {"uv": [22, 2.875], "uv_size": [0.125, -1.875]}
							}
						},
						{
							"origin": [-0.29017, -0.94986, 2.83888],
							"size": [0.14843, 0.09895, 1.8348],
							"uv": {
								"north": {"uv": [29, 29], "uv_size": [0.125, 0.125]},
								"east": {"uv": [2, 22], "uv_size": [1.875, 0.125]},
								"south": {"uv": [0, 30], "uv_size": [0.125, 0.125]},
								"west": {"uv": [4, 22], "uv_size": [1.875, 0.125]},
								"up": {"uv": [22, 5], "uv_size": [0.125, 1.875]},
								"down": {"uv": [22, 10.875], "uv_size": [0.125, -1.875]}
							}
						},
						{
							"origin": [0.14064, -8.10399, 3.01601],
							"size": [0.14843, 0.16012, 0.088],
							"pivot": [-0.00341, -1.46789, -9.34689],
							"rotation": [30, 0, 0],
							"uv": {
								"north": {"uv": [30, 0], "uv_size": [0.125, 0.125]},
								"east": {"uv": [1, 30], "uv_size": [0.125, 0.125]},
								"south": {"uv": [30, 1], "uv_size": [0.125, 0.125]},
								"west": {"uv": [2, 30], "uv_size": [0.125, 0.125]},
								"up": {"uv": [30, 2], "uv_size": [0.125, 0.125]},
								"down": {"uv": [3, 30.125], "uv_size": [0.125, -0.125]}
							}
						},
						{
							"origin": [0.19876, -8.40084, 2.72199],
							"size": [0.09031, 0.29685, 0.38202],
							"pivot": [-0.00341, -1.46789, -9.34689],
							"rotation": [30, 0, 0],
							"uv": {
								"north": {"uv": [17, 29], "uv_size": [0.125, 0.25]},
								"east": {"uv": [26, 10], "uv_size": [0.375, 0.25]},
								"south": {"uv": [29, 17], "uv_size": [0.125, 0.25]},
								"west": {"uv": [11, 26], "uv_size": [0.375, 0.25]},
								"up": {"uv": [28, 16], "uv_size": [0.125, 0.375]},
								"down": {"uv": [17, 28.375], "uv_size": [0.125, -0.375]}
							}
						},
						{
							"origin": [0.19775, -1.82958, 2.83888],
							"size": [0.09242, 0.87972, 1.8348],
							"uv": {
								"north": {"uv": [3, 25], "uv_size": [0.125, 0.875]},
								"east": {"uv": [8, 5], "uv_size": [1.875, 0.875]},
								"south": {"uv": [25, 3], "uv_size": [0.125, 0.875]},
								"west": {"uv": [6, 8], "uv_size": [1.875, 0.875]},
								"up": {"uv": [10, 22], "uv_size": [0.125, 1.875]},
								"down": {"uv": [11, 23.875], "uv_size": [0.125, -1.875]}
							}
						},
						{
							"origin": [0.14175, -0.94986, 2.83888],
							"size": [0.14843, 0.09895, 1.8348],
							"uv": {
								"north": {"uv": [30, 3], "uv_size": [0.125, 0.125]},
								"east": {"uv": [22, 11], "uv_size": [1.875, 0.125]},
								"south": {"uv": [4, 30], "uv_size": [0.125, 0.125]},
								"west": {"uv": [12, 22], "uv_size": [1.875, 0.125]},
								"up": {"uv": [22, 12], "uv_size": [0.125, 1.875]},
								"down": {"uv": [14, 23.875], "uv_size": [0.125, -1.875]}
							}
						},
						{
							"origin": [-0.19122, -1.73062, 2.75534],
							"size": [0.38928, 0.48407, 1.9146],
							"uv": {
								"north": {"uv": [23, 10], "uv_size": [0.375, 0.5]},
								"east": {"uv": [11, 10], "uv_size": [1.875, 0.5]},
								"south": {"uv": [12, 23], "uv_size": [0.375, 0.5]},
								"west": {"uv": [11, 11], "uv_size": [1.875, 0.5]},
								"up": {"uv": [14, 13], "uv_size": [0.375, 1.875]},
								"down": {"uv": [12, 16.875], "uv_size": [0.375, -1.875]}
							}
						},
						{
							"origin": [-2.02356, -1.82848, -0.025],
							"size": [0.58714, 0.845, 0.60336],
							"pivot": [0.00341, -1.46789, -9.34689],
							"rotation": [0, 10, 0],
							"uv": {
								"north": {"uv": [16, 9], "uv_size": [0.625, 0.875]},
								"east": {"uv": [10, 16], "uv_size": [0.625, 0.875]},
								"south": {"uv": [11, 16], "uv_size": [0.625, 0.875]},
								"west": {"uv": [16, 12], "uv_size": [0.625, 0.875]},
								"up": {"uv": [18, 11], "uv_size": [0.625, 0.625]},
								"down": {"uv": [18, 12.625], "uv_size": [0.625, -0.625]}
							}
						},
						{
							"origin": [1.43642, -1.82848, -0.025],
							"size": [0.58714, 0.845, 0.60336],
							"pivot": [-0.00341, -1.46789, -9.34689],
							"rotation": [0, -10, 0],
							"uv": {
								"north": {"uv": [13, 16], "uv_size": [0.625, 0.875]},
								"east": {"uv": [16, 13], "uv_size": [0.625, 0.875]},
								"south": {"uv": [14, 16], "uv_size": [0.625, 0.875]},
								"west": {"uv": [16, 14], "uv_size": [0.625, 0.875]},
								"up": {"uv": [14, 18], "uv_size": [0.625, 0.625]},
								"down": {"uv": [17, 18.625], "uv_size": [0.625, -0.625]}
							}
						},
						{
							"origin": [-0.29011, -2.12222, 1.78131],
							"size": [0.19133, 0.29784, 1.05763],
							"uv": {
								"north": {"uv": [22, 27], "uv_size": [0.25, 0.25]},
								"east": {"uv": [21, 11], "uv_size": [1, 0.25]},
								"south": {"uv": [27, 22], "uv_size": [0.25, 0.25]},
								"west": {"uv": [12, 21], "uv_size": [1, 0.25]},
								"up": {"uv": [21, 12], "uv_size": [0.25, 1]},
								"down": {"uv": [13, 22], "uv_size": [0.25, -1]}
							}
						},
						{
							"origin": [-0.28905, -4.27507, -0.29229],
							"size": [0.18928, 0.29673, 0.62868],
							"pivot": [0.00341, -1.56684, -9.34689],
							"rotation": [13, 0, 0],
							"uv": {
								"north": {"uv": [23, 27], "uv_size": [0.25, 0.25]},
								"east": {"uv": [11, 24], "uv_size": [0.625, 0.25]},
								"south": {"uv": [27, 23], "uv_size": [0.25, 0.25]},
								"west": {"uv": [24, 11], "uv_size": [0.625, 0.25]},
								"up": {"uv": [12, 24], "uv_size": [0.25, 0.625]},
								"down": {"uv": [24, 12.625], "uv_size": [0.25, -0.625]}
							}
						},
						{
							"origin": [0.09977, -4.27507, -0.29229],
							"size": [0.18928, 0.29673, 0.62868],
							"pivot": [-0.00341, -1.56684, -9.34689],
							"rotation": [13, 0, 0],
							"uv": {
								"north": {"uv": [24, 27], "uv_size": [0.25, 0.25]},
								"east": {"uv": [24, 13], "uv_size": [0.625, 0.25]},
								"south": {"uv": [27, 24], "uv_size": [0.25, 0.25]},
								"west": {"uv": [14, 24], "uv_size": [0.625, 0.25]},
								"up": {"uv": [24, 14], "uv_size": [0.25, 0.625]},
								"down": {"uv": [15, 24.625], "uv_size": [0.25, -0.625]}
							}
						},
						{
							"origin": [-0.28913, -1.15022, 0.60043],
							"size": [0.18928, 0.29673, 1.18693],
							"pivot": [0.00341, -1.56684, -9.34689],
							"rotation": [-5, 0, 0],
							"uv": {
								"north": {"uv": [25, 27], "uv_size": [0.25, 0.25]},
								"east": {"uv": [18, 20], "uv_size": [1.125, 0.25]},
								"south": {"uv": [27, 25], "uv_size": [0.25, 0.25]},
								"west": {"uv": [20, 18], "uv_size": [1.125, 0.25]},
								"up": {"uv": [20, 19], "uv_size": [0.25, 1.125]},
								"down": {"uv": [21, 2.125], "uv_size": [0.25, -1.125]}
							}
						},
						{
							"origin": [0.09985, -1.15022, 0.60043],
							"size": [0.18928, 0.29673, 1.18693],
							"pivot": [-0.00341, -1.56684, -9.34689],
							"rotation": [-5, 0, 0],
							"uv": {
								"north": {"uv": [26, 27], "uv_size": [0.25, 0.25]},
								"east": {"uv": [21, 3], "uv_size": [1.125, 0.25]},
								"south": {"uv": [27, 26], "uv_size": [0.25, 0.25]},
								"west": {"uv": [21, 4], "uv_size": [1.125, 0.25]},
								"up": {"uv": [21, 5], "uv_size": [0.25, 1.125]},
								"down": {"uv": [6, 22.125], "uv_size": [0.25, -1.125]}
							}
						},
						{
							"origin": [0.09878, -2.12222, 1.78131],
							"size": [0.19133, 0.29784, 1.05763],
							"uv": {
								"north": {"uv": [27, 27], "uv_size": [0.25, 0.25]},
								"east": {"uv": [21, 13], "uv_size": [1, 0.25]},
								"south": {"uv": [0, 28], "uv_size": [0.25, 0.25]},
								"west": {"uv": [14, 21], "uv_size": [1, 0.25]},
								"up": {"uv": [21, 14], "uv_size": [0.25, 1]},
								"down": {"uv": [21, 16], "uv_size": [0.25, -1]}
							}
						}
					]
				}
			]
		}
	]
}