{
	"format_version": "1.12.0",
	"minecraft:geometry": [
		{
			"description": {
				"identifier": "geometry.unknown",
				"texture_width": 64,
				"texture_height": 64,
				"visible_bounds_width": 3,
				"visible_bounds_height": 1.5,
				"visible_bounds_offset": [0, 0.25, 0]
			},
			"bones": [
				{
					"name": "bayonet_spike",
					"pivot": [0, 0, 0]
				},
				{
					"name": "socket",
					"parent": "bayonet_spike",
					"pivot": [0.0154, -0.00593, -0.45431],
					"rotation": [0, 0, -90],
					"cubes": [
						{
							"origin": [0.47101, 0.05328, -1.514],
							"size": [0.09194, 0.475, 1.9691],
							"pivot": [0.06109, 1.25716, -9.61852],
							"rotation": [0, 0, 45],
							"uv": {
								"north": {"uv": [29, 25], "uv_size": [0.125, 0.5]},
								"east": {"uv": [17, 13], "uv_size": [2, 0.5]},
								"south": {"uv": [26, 29], "uv_size": [0.125, 0.5]},
								"west": {"uv": [14, 17], "uv_size": [2, 0.5]},
								"up": {"uv": [26, 26], "uv_size": [0.125, 2]},
								"down": {"uv": [1, 29], "uv_size": [0.125, -2]}
							}
						},
						{
							"origin": [-0.50032, -0.2303, -1.514],
							"size": [0.09194, 0.346, 1.96906],
							"uv": {
								"north": {"uv": [27, 30], "uv_size": [0.125, 0.375]},
								"east": {"uv": [20, 8], "uv_size": [2, 0.375]},
								"south": {"uv": [30, 27], "uv_size": [0.125, 0.375]},
								"west": {"uv": [13, 20], "uv_size": [2, 0.375]},
								"up": {"uv": [27, 2], "uv_size": [0.125, 2]},
								"down": {"uv": [27, 6], "uv_size": [0.125, -2]}
							}
						},
						{
							"origin": [0.47101, -0.6432, -1.5137],
							"size": [0.09194, 0.475, 2.491],
							"pivot": [0.06109, -1.37207, -9.61821],
							"rotation": [0, 0, -45],
							"uv": {
								"north": {"uv": [29, 26], "uv_size": [0.125, 0.5]},
								"east": {"uv": [14, 6], "uv_size": [2.5, 0.5]},
								"south": {"uv": [27, 29], "uv_size": [0.125, 0.5]},
								"west": {"uv": [14, 7], "uv_size": [2.5, 0.5]},
								"up": {"uv": [2, 25], "uv_size": [0.125, 2.5]},
								"down": {"uv": [3, 27.5], "uv_size": [0.125, -2.5]}
							}
						},
						{
							"origin": [-0.1653, -0.56682, -1.514],
							"size": [0.33, 0.0919, 2.491],
							"uv": {
								"north": {"uv": [28, 30], "uv_size": [0.375, 0.125]},
								"east": {"uv": [7, 25], "uv_size": [2.5, 0.125]},
								"south": {"uv": [30, 28], "uv_size": [0.375, 0.125]},
								"west": {"uv": [25, 10], "uv_size": [2.5, 0.125]},
								"up": {"uv": [16, 17], "uv_size": [0.375, 2.5]},
								"down": {"uv": [17, 19.5], "uv_size": [0.375, -2.5]}
							}
						},
						{
							"origin": [-0.16556, 0.36, -1.514],
							"size": [0.33, 0.0919, 0.645],
							"uv": {
								"north": {"uv": [29, 30], "uv_size": [0.375, 0.125]},
								"east": {"uv": [29, 3], "uv_size": [0.625, 0.125]},
								"south": {"uv": [30, 29], "uv_size": [0.375, 0.125]},
								"west": {"uv": [4, 29], "uv_size": [0.625, 0.125]},
								"up": {"uv": [13, 27], "uv_size": [0.375, 0.625]},
								"down": {"uv": [27, 13.625], "uv_size": [0.375, -0.625]}
							}
						},
						{
							"origin": [0.11444, 0.36, -0.869],
							"size": [0.05, 0.0919, 0.745],
							"uv": {
								"north": {"uv": [9, 32], "uv_size": [0.125, 0.125]},
								"east": {"uv": [27, 28], "uv_size": [0.75, 0.125]},
								"south": {"uv": [32, 9], "uv_size": [0.125, 0.125]},
								"west": {"uv": [28, 27], "uv_size": [0.75, 0.125]},
								"up": {"uv": [28, 28], "uv_size": [0.125, 0.75]},
								"down": {"uv": [0, 29.75], "uv_size": [0.125, -0.75]}
							}
						},
						{
							"origin": [-0.56295, -0.6432, -1.5137],
							"size": [0.09194, 0.475, 2.491],
							"pivot": [-0.06109, -1.37207, -9.61821],
							"rotation": [0, 0, 45],
							"uv": {
								"north": {"uv": [29, 27], "uv_size": [0.125, 0.5]},
								"east": {"uv": [14, 9], "uv_size": [2.5, 0.5]},
								"south": {"uv": [28, 29], "uv_size": [0.125, 0.5]},
								"west": {"uv": [14, 12], "uv_size": [2.5, 0.5]},
								"up": {"uv": [21, 25], "uv_size": [0.125, 2.5]},
								"down": {"uv": [22, 27.5], "uv_size": [0.125, -2.5]}
							}
						},
						{
							"origin": [0.40838, -0.2303, -1.514],
							"size": [0.09194, 0.346, 2.491],
							"uv": {
								"north": {"uv": [30, 30], "uv_size": [0.125, 0.375]},
								"east": {"uv": [17, 14], "uv_size": [2.5, 0.375]},
								"south": {"uv": [0, 31], "uv_size": [0.125, 0.375]},
								"west": {"uv": [18, 11], "uv_size": [2.5, 0.375]},
								"up": {"uv": [23, 25], "uv_size": [0.125, 2.5]},
								"down": {"uv": [24, 27.5], "uv_size": [0.125, -2.5]}
							}
						},
						{
							"origin": [-0.56295, 0.05328, -1.514],
							"size": [0.09194, 0.475, 2.491],
							"pivot": [-0.06109, 1.25716, -9.61852],
							"rotation": [0, 0, -45],
							"uv": {
								"north": {"uv": [29, 28], "uv_size": [0.125, 0.5]},
								"east": {"uv": [14, 13], "uv_size": [2.5, 0.5]},
								"south": {"uv": [29, 29], "uv_size": [0.125, 0.5]},
								"west": {"uv": [14, 14], "uv_size": [2.5, 0.5]},
								"up": {"uv": [25, 24], "uv_size": [0.125, 2.5]},
								"down": {"uv": [0, 28.5], "uv_size": [0.125, -2.5]}
							}
						}
					]
				},
				{
					"name": "groups",
					"parent": "socket",
					"pivot": [-0.06109, 1.24018, -7.51821]
				},
				{
					"name": "bone17",
					"parent": "groups",
					"pivot": [-0.00007, -0.06594, 1.17036],
					"cubes": [
						{
							"origin": [0.39534, -0.23919, 0.97678],
							"size": [0.13, 0.38, 0.38752],
							"uv": {
								"north": {"uv": [4, 30], "uv_size": [0.125, 0.375]},
								"east": {"uv": [10, 28], "uv_size": [0.375, 0.375]},
								"south": {"uv": [30, 4], "uv_size": [0.125, 0.375]},
								"west": {"uv": [28, 10], "uv_size": [0.375, 0.375]},
								"up": {"uv": [5, 30], "uv_size": [0.125, 0.375]},
								"down": {"uv": [30, 5.375], "uv_size": [0.125, -0.375]}
							}
						},
						{
							"origin": [-1.09977, -0.20744, 0.97783],
							"size": [0.13, 0.315, 0.38752],
							"uv": {
								"north": {"uv": [6, 30], "uv_size": [0.125, 0.375]},
								"east": {"uv": [11, 28], "uv_size": [0.375, 0.375]},
								"south": {"uv": [30, 6], "uv_size": [0.125, 0.375]},
								"west": {"uv": [28, 11], "uv_size": [0.375, 0.375]},
								"up": {"uv": [7, 30], "uv_size": [0.125, 0.375]},
								"down": {"uv": [30, 7.375], "uv_size": [0.125, -0.375]}
							}
						},
						{
							"origin": [-0.62546, 0.07145, 0.9771],
							"size": [0.13, 0.49875, 0.38615],
							"pivot": [-0.06504, 1.33551, -7.9516],
							"rotation": [0, 0, -45],
							"uv": {
								"north": {"uv": [29, 4], "uv_size": [0.125, 0.5]},
								"east": {"uv": [14, 27], "uv_size": [0.375, 0.5]},
								"south": {"uv": [5, 29], "uv_size": [0.125, 0.5]},
								"west": {"uv": [27, 14], "uv_size": [0.375, 0.5]},
								"up": {"uv": [8, 30], "uv_size": [0.125, 0.375]},
								"down": {"uv": [30, 8.375], "uv_size": [0.125, -0.375]}
							}
						},
						{
							"origin": [-0.17356, 0.36, 0.97678],
							"size": [0.3465, 0.13, 0.38752],
							"uv": {
								"north": {"uv": [9, 30], "uv_size": [0.375, 0.125]},
								"east": {"uv": [30, 9], "uv_size": [0.375, 0.125]},
								"south": {"uv": [10, 30], "uv_size": [0.375, 0.125]},
								"west": {"uv": [30, 10], "uv_size": [0.375, 0.125]},
								"up": {"uv": [12, 28], "uv_size": [0.375, 0.375]},
								"down": {"uv": [28, 12.375], "uv_size": [0.375, -0.375]}
							}
						},
						{
							"origin": [0.49367, 0.17145, 0.9771],
							"size": [0.13, 0.39875, 0.38615],
							"pivot": [0.06325, 1.33551, -7.9516],
							"rotation": [0, 0, 45],
							"uv": {
								"north": {"uv": [11, 30], "uv_size": [0.125, 0.375]},
								"east": {"uv": [13, 28], "uv_size": [0.375, 0.375]},
								"south": {"uv": [30, 11], "uv_size": [0.125, 0.375]},
								"west": {"uv": [28, 13], "uv_size": [0.375, 0.375]},
								"up": {"uv": [12, 30], "uv_size": [0.125, 0.375]},
								"down": {"uv": [30, 12.375], "uv_size": [0.125, -0.375]}
							}
						},
						{
							"origin": [-0.1501, -0.19711, 0.978],
							"size": [0.13, 0.545, 0.385],
							"pivot": [-0.04699, 0.4366, 1.17122],
							"rotation": [0, 0, 63.5],
							"uv": {
								"north": {"uv": [29, 5], "uv_size": [0.125, 0.5]},
								"east": {"uv": [27, 15], "uv_size": [0.375, 0.5]},
								"south": {"uv": [6, 29], "uv_size": [0.125, 0.5]},
								"west": {"uv": [27, 16], "uv_size": [0.375, 0.5]},
								"up": {"uv": [13, 30], "uv_size": [0.125, 0.375]},
								"down": {"uv": [30, 13.375], "uv_size": [0.125, -0.375]}
							}
						},
						{
							"origin": [-0.96013, 0.11612, 0.97784],
							"size": [0.59654, 0.13, 0.38752],
							"uv": {
								"north": {"uv": [29, 1], "uv_size": [0.625, 0.125]},
								"east": {"uv": [14, 30], "uv_size": [0.375, 0.125]},
								"south": {"uv": [2, 29], "uv_size": [0.625, 0.125]},
								"west": {"uv": [30, 14], "uv_size": [0.375, 0.125]},
								"up": {"uv": [7, 27], "uv_size": [0.625, 0.375]},
								"down": {"uv": [8, 27.375], "uv_size": [0.625, -0.375]}
							}
						},
						{
							"origin": [-0.2929, 0.12756, 0.97814],
							"size": [0.13, 0.19875, 0.38615],
							"pivot": [-0.72332, 1.09163, -7.95054],
							"rotation": [0, 0, 45],
							"uv": {
								"north": {"uv": [31, 2], "uv_size": [0.125, 0.25]},
								"east": {"uv": [25, 28], "uv_size": [0.375, 0.25]},
								"south": {"uv": [3, 31], "uv_size": [0.125, 0.25]},
								"west": {"uv": [28, 25], "uv_size": [0.375, 0.25]},
								"up": {"uv": [15, 30], "uv_size": [0.125, 0.375]},
								"down": {"uv": [30, 15.375], "uv_size": [0.125, -0.375]}
							}
						},
						{
							"origin": [-0.62456, -0.67206, 0.97815],
							"size": [0.13, 0.49875, 0.38615],
							"pivot": [-0.06414, -1.43738, -7.95055],
							"rotation": [0, 0, 45],
							"uv": {
								"north": {"uv": [29, 6], "uv_size": [0.125, 0.5]},
								"east": {"uv": [27, 18], "uv_size": [0.375, 0.5]},
								"south": {"uv": [7, 29], "uv_size": [0.125, 0.5]},
								"west": {"uv": [27, 19], "uv_size": [0.375, 0.5]},
								"up": {"uv": [16, 30], "uv_size": [0.125, 0.375]},
								"down": {"uv": [30, 16.375], "uv_size": [0.125, -0.375]}
							}
						},
						{
							"origin": [-0.17266, -0.59186, 0.97783],
							"size": [0.3465, 0.13, 0.38752],
							"uv": {
								"north": {"uv": [17, 30], "uv_size": [0.375, 0.125]},
								"east": {"uv": [30, 17], "uv_size": [0.375, 0.125]},
								"south": {"uv": [18, 30], "uv_size": [0.375, 0.125]},
								"west": {"uv": [30, 18], "uv_size": [0.375, 0.125]},
								"up": {"uv": [14, 28], "uv_size": [0.375, 0.375]},
								"down": {"uv": [28, 14.375], "uv_size": [0.375, -0.375]}
							}
						},
						{
							"origin": [-0.95923, -0.34798, 0.97889],
							"size": [0.59654, 0.13, 0.38752],
							"uv": {
								"north": {"uv": [29, 2], "uv_size": [0.625, 0.125]},
								"east": {"uv": [19, 30], "uv_size": [0.375, 0.125]},
								"south": {"uv": [3, 29], "uv_size": [0.625, 0.125]},
								"west": {"uv": [30, 19], "uv_size": [0.375, 0.125]},
								"up": {"uv": [27, 11], "uv_size": [0.625, 0.375]},
								"down": {"uv": [12, 27.375], "uv_size": [0.625, -0.375]}
							}
						},
						{
							"origin": [-0.1492, -0.44975, 0.978],
							"size": [0.13, 0.545, 0.385],
							"pivot": [-0.0461, -0.53847, 1.17227],
							"rotation": [0, 0, -63.5],
							"uv": {
								"north": {"uv": [29, 7], "uv_size": [0.125, 0.5]},
								"east": {"uv": [20, 27], "uv_size": [0.375, 0.5]},
								"south": {"uv": [8, 29], "uv_size": [0.125, 0.5]},
								"west": {"uv": [27, 20], "uv_size": [0.375, 0.5]},
								"up": {"uv": [20, 30], "uv_size": [0.125, 0.375]},
								"down": {"uv": [30, 20.375], "uv_size": [0.125, -0.375]}
							}
						},
						{
							"origin": [0.49457, -0.67206, 0.97815],
							"size": [0.13, 0.39875, 0.38615],
							"pivot": [0.06415, -1.43738, -7.95055],
							"rotation": [0, 0, -45],
							"uv": {
								"north": {"uv": [21, 30], "uv_size": [0.125, 0.375]},
								"east": {"uv": [15, 28], "uv_size": [0.375, 0.375]},
								"south": {"uv": [30, 21], "uv_size": [0.125, 0.375]},
								"west": {"uv": [28, 15], "uv_size": [0.375, 0.375]},
								"up": {"uv": [22, 30], "uv_size": [0.125, 0.375]},
								"down": {"uv": [30, 22.375], "uv_size": [0.125, -0.375]}
							}
						},
						{
							"origin": [-0.29201, -0.42818, 0.97919],
							"size": [0.13, 0.19875, 0.38615],
							"pivot": [-0.72242, -1.1935, -7.94949],
							"rotation": [0, 0, -45],
							"uv": {
								"north": {"uv": [31, 3], "uv_size": [0.125, 0.25]},
								"east": {"uv": [26, 28], "uv_size": [0.375, 0.25]},
								"south": {"uv": [4, 31], "uv_size": [0.125, 0.25]},
								"west": {"uv": [28, 26], "uv_size": [0.375, 0.25]},
								"up": {"uv": [23, 30], "uv_size": [0.125, 0.375]},
								"down": {"uv": [30, 23.375], "uv_size": [0.125, -0.375]}
							}
						}
					]
				},
				{
					"name": "bone18",
					"parent": "groups",
					"pivot": [-0.00007, -0.06594, -0.01385],
					"rotation": [0, 0, -90],
					"cubes": [
						{
							"origin": [-0.17356, -0.59186, -0.22401],
							"size": [0.3465, 0.0965, 0.52],
							"uv": {
								"north": {"uv": [24, 30], "uv_size": [0.375, 0.125]},
								"east": {"uv": [29, 12], "uv_size": [0.5, 0.125]},
								"south": {"uv": [30, 24], "uv_size": [0.375, 0.125]},
								"west": {"uv": [13, 29], "uv_size": [0.5, 0.125]},
								"up": {"uv": [27, 21], "uv_size": [0.375, 0.5]},
								"down": {"uv": [27, 22.5], "uv_size": [0.375, -0.5]}
							}
						},
						{
							"origin": [-0.52533, -0.23919, -0.22401],
							"size": [0.09654, 0.345, 0.52],
							"uv": {
								"north": {"uv": [25, 30], "uv_size": [0.125, 0.375]},
								"east": {"uv": [27, 23], "uv_size": [0.5, 0.375]},
								"south": {"uv": [30, 25], "uv_size": [0.125, 0.375]},
								"west": {"uv": [27, 24], "uv_size": [0.5, 0.375]},
								"up": {"uv": [29, 13], "uv_size": [0.125, 0.5]},
								"down": {"uv": [14, 29.5], "uv_size": [0.125, -0.5]}
							}
						},
						{
							"origin": [-0.49397, -0.31573, -0.22369],
							"size": [0.09654, 0.49875, 0.52],
							"pivot": [0, -0.06594, -0.01385],
							"rotation": [0, 0, -45],
							"uv": {
								"north": {"uv": [29, 14], "uv_size": [0.125, 0.5]},
								"east": {"uv": [26, 18], "uv_size": [0.5, 0.5]},
								"south": {"uv": [15, 29], "uv_size": [0.125, 0.5]},
								"west": {"uv": [26, 19], "uv_size": [0.5, 0.5]},
								"up": {"uv": [29, 15], "uv_size": [0.125, 0.5]},
								"down": {"uv": [16, 29.5], "uv_size": [0.125, -0.5]}
							}
						},
						{
							"origin": [0.11294, 0.36, -0.22401],
							"size": [0.06, 0.8965, 0.52],
							"uv": {
								"north": {"uv": [23, 28], "uv_size": [0.125, 0.875]},
								"east": {"uv": [7, 24], "uv_size": [0.5, 0.875]},
								"south": {"uv": [28, 23], "uv_size": [0.125, 0.875]},
								"west": {"uv": [24, 20], "uv_size": [0.5, 0.875]},
								"up": {"uv": [29, 16], "uv_size": [0.125, 0.5]},
								"down": {"uv": [17, 29.5], "uv_size": [0.125, -0.5]}
							}
						},
						{
							"origin": [-0.1729, 0.36, -0.22401],
							"size": [0.06, 0.8965, 0.52],
							"uv": {
								"north": {"uv": [24, 28], "uv_size": [0.125, 0.875]},
								"east": {"uv": [21, 24], "uv_size": [0.5, 0.875]},
								"south": {"uv": [28, 24], "uv_size": [0.125, 0.875]},
								"west": {"uv": [24, 21], "uv_size": [0.5, 0.875]},
								"up": {"uv": [29, 17], "uv_size": [0.125, 0.5]},
								"down": {"uv": [18, 29.5], "uv_size": [0.125, -0.5]}
							}
						},
						{
							"origin": [-0.17334, 1.25555, -0.05996],
							"size": [0.06, 0.165, 0.19],
							"uv": {
								"north": {"uv": [3, 32], "uv_size": [0.125, 0.125]},
								"east": {"uv": [31, 16], "uv_size": [0.25, 0.125]},
								"south": {"uv": [32, 3], "uv_size": [0.125, 0.125]},
								"west": {"uv": [17, 31], "uv_size": [0.25, 0.125]},
								"up": {"uv": [31, 17], "uv_size": [0.125, 0.25]},
								"down": {"uv": [18, 31.25], "uv_size": [0.125, -0.25]}
							}
						},
						{
							"origin": [0.1121, 1.2288, -0.21253],
							"size": [0.06, 0.165, 0.232],
							"pivot": [0.14254, 1.3113, -0.05253],
							"rotation": [45, 0, 0],
							"uv": {
								"north": {"uv": [4, 32], "uv_size": [0.125, 0.125]},
								"east": {"uv": [31, 18], "uv_size": [0.25, 0.125]},
								"south": {"uv": [32, 4], "uv_size": [0.125, 0.125]},
								"west": {"uv": [19, 31], "uv_size": [0.25, 0.125]},
								"up": {"uv": [31, 19], "uv_size": [0.125, 0.25]},
								"down": {"uv": [20, 31.25], "uv_size": [0.125, -0.25]}
							}
						},
						{
							"origin": [0.11254, 1.25555, -0.05996],
							"size": [0.06, 0.165, 0.19],
							"uv": {
								"north": {"uv": [5, 32], "uv_size": [0.125, 0.125]},
								"east": {"uv": [31, 20], "uv_size": [0.25, 0.125]},
								"south": {"uv": [32, 5], "uv_size": [0.125, 0.125]},
								"west": {"uv": [21, 31], "uv_size": [0.25, 0.125]},
								"up": {"uv": [31, 21], "uv_size": [0.125, 0.25]},
								"down": {"uv": [22, 31.25], "uv_size": [0.125, -0.25]}
							}
						},
						{
							"origin": [0.1121, 1.16657, 0.02674],
							"size": [0.06, 0.165, 0.232],
							"pivot": [0.14254, 1.24907, 0.18674],
							"rotation": [-45, 0, 0],
							"uv": {
								"north": {"uv": [6, 32], "uv_size": [0.125, 0.125]},
								"east": {"uv": [31, 22], "uv_size": [0.25, 0.125]},
								"south": {"uv": [32, 6], "uv_size": [0.125, 0.125]},
								"west": {"uv": [23, 31], "uv_size": [0.25, 0.125]},
								"up": {"uv": [31, 23], "uv_size": [0.125, 0.25]},
								"down": {"uv": [24, 31.25], "uv_size": [0.125, -0.25]}
							}
						},
						{
							"origin": [-0.1721, 1.16657, 0.02674],
							"size": [0.06, 0.165, 0.232],
							"pivot": [-0.14254, 1.24907, 0.18674],
							"rotation": [-45, 0, 0],
							"uv": {
								"north": {"uv": [7, 32], "uv_size": [0.125, 0.125]},
								"east": {"uv": [31, 24], "uv_size": [0.25, 0.125]},
								"south": {"uv": [32, 7], "uv_size": [0.125, 0.125]},
								"west": {"uv": [25, 31], "uv_size": [0.25, 0.125]},
								"up": {"uv": [31, 25], "uv_size": [0.125, 0.25]},
								"down": {"uv": [26, 31.25], "uv_size": [0.125, -0.25]}
							}
						},
						{
							"origin": [-0.1721, 1.2288, -0.21253],
							"size": [0.06, 0.165, 0.232],
							"pivot": [-0.14254, 1.3113, -0.05253],
							"rotation": [45, 0, 0],
							"uv": {
								"north": {"uv": [8, 32], "uv_size": [0.125, 0.125]},
								"east": {"uv": [31, 26], "uv_size": [0.25, 0.125]},
								"south": {"uv": [32, 8], "uv_size": [0.125, 0.125]},
								"west": {"uv": [27, 31], "uv_size": [0.25, 0.125]},
								"up": {"uv": [31, 27], "uv_size": [0.125, 0.25]},
								"down": {"uv": [28, 31.25], "uv_size": [0.125, -0.25]}
							}
						},
						{
							"origin": [-0.49425, -0.31838, -0.22401],
							"size": [0.09654, 0.49875, 0.52],
							"pivot": [-0.00028, -0.06942, -0.01417],
							"rotation": [0, 0, 45],
							"uv": {
								"north": {"uv": [29, 18], "uv_size": [0.125, 0.5]},
								"east": {"uv": [26, 20], "uv_size": [0.5, 0.5]},
								"south": {"uv": [19, 29], "uv_size": [0.125, 0.5]},
								"west": {"uv": [26, 21], "uv_size": [0.5, 0.5]},
								"up": {"uv": [29, 19], "uv_size": [0.125, 0.5]},
								"down": {"uv": [20, 29.5], "uv_size": [0.125, -0.5]}
							}
						},
						{
							"origin": [0.39743, -0.31573, -0.22369],
							"size": [0.09654, 0.49875, 0.52],
							"pivot": [0, -0.06594, -0.01385],
							"rotation": [0, 0, 45],
							"uv": {
								"north": {"uv": [29, 20], "uv_size": [0.125, 0.5]},
								"east": {"uv": [26, 22], "uv_size": [0.5, 0.5]},
								"south": {"uv": [21, 29], "uv_size": [0.125, 0.5]},
								"west": {"uv": [26, 23], "uv_size": [0.5, 0.5]},
								"up": {"uv": [29, 21], "uv_size": [0.125, 0.5]},
								"down": {"uv": [22, 29.5], "uv_size": [0.125, -0.5]}
							}
						},
						{
							"origin": [0.42879, -0.23919, -0.22401],
							"size": [0.09654, 0.345, 0.52],
							"uv": {
								"north": {"uv": [26, 30], "uv_size": [0.125, 0.375]},
								"east": {"uv": [25, 27], "uv_size": [0.5, 0.375]},
								"south": {"uv": [30, 26], "uv_size": [0.125, 0.375]},
								"west": {"uv": [27, 25], "uv_size": [0.5, 0.375]},
								"up": {"uv": [29, 22], "uv_size": [0.125, 0.5]},
								"down": {"uv": [23, 29.5], "uv_size": [0.125, -0.5]}
							}
						},
						{
							"origin": [0.39771, -0.31838, -0.22401],
							"size": [0.09654, 0.49875, 0.52],
							"pivot": [0.00028, -0.06942, -0.01417],
							"rotation": [0, 0, -45],
							"uv": {
								"north": {"uv": [29, 23], "uv_size": [0.125, 0.5]},
								"east": {"uv": [26, 24], "uv_size": [0.5, 0.5]},
								"south": {"uv": [24, 29], "uv_size": [0.125, 0.5]},
								"west": {"uv": [26, 25], "uv_size": [0.5, 0.5]},
								"up": {"uv": [29, 24], "uv_size": [0.125, 0.5]},
								"down": {"uv": [25, 29.5], "uv_size": [0.125, -0.5]}
							}
						}
					]
				},
				{
					"name": "pin",
					"parent": "bone18",
					"pivot": [-0.1, 1.32224, 0.0351],
					"cubes": [
						{
							"origin": [-0.23108, 1.17352, -0.08251],
							"size": [0.46136, 0.09743, 0.23522],
							"pivot": [-0.1004, 1.22224, 0.0351],
							"rotation": [-45, 0, 0],
							"uv": {
								"north": {"uv": [29, 8], "uv_size": [0.5, 0.125]},
								"east": {"uv": [31, 4], "uv_size": [0.25, 0.125]},
								"south": {"uv": [9, 29], "uv_size": [0.5, 0.125]},
								"west": {"uv": [5, 31], "uv_size": [0.25, 0.125]},
								"up": {"uv": [16, 28], "uv_size": [0.5, 0.25]},
								"down": {"uv": [28, 16.25], "uv_size": [0.5, -0.25]}
							}
						},
						{
							"origin": [-0.23122, 1.17352, -0.08251],
							"size": [0.4615, 0.09743, 0.23522],
							"uv": {
								"north": {"uv": [29, 9], "uv_size": [0.5, 0.125]},
								"east": {"uv": [31, 5], "uv_size": [0.25, 0.125]},
								"south": {"uv": [10, 29], "uv_size": [0.5, 0.125]},
								"west": {"uv": [6, 31], "uv_size": [0.25, 0.125]},
								"up": {"uv": [17, 28], "uv_size": [0.5, 0.25]},
								"down": {"uv": [28, 17.25], "uv_size": [0.5, -0.25]}
							}
						},
						{
							"origin": [-0.23108, 1.10463, -0.01362],
							"size": [0.46136, 0.23522, 0.09743],
							"pivot": [-0.1004, 1.22224, 0.0351],
							"rotation": [-45, 0, 0],
							"uv": {
								"north": {"uv": [18, 28], "uv_size": [0.5, 0.25]},
								"east": {"uv": [31, 6], "uv_size": [0.125, 0.25]},
								"south": {"uv": [28, 18], "uv_size": [0.5, 0.25]},
								"west": {"uv": [7, 31], "uv_size": [0.125, 0.25]},
								"up": {"uv": [29, 10], "uv_size": [0.5, 0.125]},
								"down": {"uv": [11, 29.125], "uv_size": [0.5, -0.125]}
							}
						},
						{
							"origin": [-0.23172, 1.10463, -0.01362],
							"size": [0.462, 0.23522, 0.09743],
							"uv": {
								"north": {"uv": [19, 28], "uv_size": [0.5, 0.25]},
								"east": {"uv": [31, 7], "uv_size": [0.125, 0.25]},
								"south": {"uv": [28, 19], "uv_size": [0.5, 0.25]},
								"west": {"uv": [8, 31], "uv_size": [0.125, 0.25]},
								"up": {"uv": [29, 11], "uv_size": [0.5, 0.125]},
								"down": {"uv": [12, 29.125], "uv_size": [0.5, -0.125]}
							}
						}
					]
				},
				{
					"name": "octagon7",
					"parent": "bone18",
					"pivot": [0.1, 1.32224, 0.0351],
					"cubes": [
						{
							"origin": [0.18417, 1.16281, -0.10839],
							"size": [0.07486, 0.11887, 0.28697],
							"pivot": [0.0996, 1.22224, 0.0351],
							"rotation": [-45, 0, 0],
							"uv": {
								"north": {"uv": [31, 30], "uv_size": [0.125, 0.125]},
								"east": {"uv": [31, 8], "uv_size": [0.25, 0.125]},
								"south": {"uv": [31, 31], "uv_size": [0.125, 0.125]},
								"west": {"uv": [9, 31], "uv_size": [0.25, 0.125]},
								"up": {"uv": [31, 9], "uv_size": [0.125, 0.25]},
								"down": {"uv": [10, 31.25], "uv_size": [0.125, -0.25]}
							}
						},
						{
							"origin": [0.18417, 1.16281, -0.10839],
							"size": [0.07503, 0.11887, 0.28697],
							"uv": {
								"north": {"uv": [0, 32], "uv_size": [0.125, 0.125]},
								"east": {"uv": [31, 10], "uv_size": [0.25, 0.125]},
								"south": {"uv": [32, 0], "uv_size": [0.125, 0.125]},
								"west": {"uv": [11, 31], "uv_size": [0.25, 0.125]},
								"up": {"uv": [31, 11], "uv_size": [0.125, 0.25]},
								"down": {"uv": [12, 31.25], "uv_size": [0.125, -0.25]}
							}
						},
						{
							"origin": [0.18417, 1.07875, -0.02433],
							"size": [0.07486, 0.28697, 0.11887],
							"pivot": [0.0996, 1.22224, 0.0351],
							"rotation": [-45, 0, 0],
							"uv": {
								"north": {"uv": [31, 12], "uv_size": [0.125, 0.25]},
								"east": {"uv": [13, 31], "uv_size": [0.125, 0.25]},
								"south": {"uv": [31, 13], "uv_size": [0.125, 0.25]},
								"west": {"uv": [14, 31], "uv_size": [0.125, 0.25]},
								"up": {"uv": [1, 32], "uv_size": [0.125, 0.125]},
								"down": {"uv": [32, 1.125], "uv_size": [0.125, -0.125]}
							}
						},
						{
							"origin": [0.18417, 1.07875, -0.02433],
							"size": [0.07564, 0.28697, 0.11887],
							"uv": {
								"north": {"uv": [31, 14], "uv_size": [0.125, 0.25]},
								"east": {"uv": [15, 31], "uv_size": [0.125, 0.25]},
								"south": {"uv": [31, 15], "uv_size": [0.125, 0.25]},
								"west": {"uv": [16, 31], "uv_size": [0.125, 0.25]},
								"up": {"uv": [2, 32], "uv_size": [0.125, 0.125]},
								"down": {"uv": [32, 2.125], "uv_size": [0.125, -0.125]}
							}
						}
					]
				},
				{
					"name": "pokey",
					"parent": "bayonet_spike",
					"pivot": [0.25466, -0.759, -1.2329],
					"rotation": [0, 0, 90]
				},
				{
					"name": "octagon_group3",
					"parent": "pokey",
					"pivot": [2.35424, -0.759, -7.93156]
				},
				{
					"name": "octagon12",
					"parent": "octagon_group3",
					"pivot": [1.15823, -0.75978, -1.2782],
					"rotation": [0, -88, 0],
					"cubes": [
						{
							"origin": [1.13592, -1.52046, -1.06588],
							"size": [0.30172, 0.52846, 1.10975],
							"pivot": [1.14548, -1.01494, 1.68168],
							"rotation": [0, 0, -45],
							"uv": {
								"north": {"uv": [20, 28], "uv_size": [0.25, 0.5]},
								"east": {"uv": [23, 15], "uv_size": [1.125, 0.5]},
								"south": {"uv": [28, 20], "uv_size": [0.25, 0.5]},
								"west": {"uv": [23, 16], "uv_size": [1.125, 0.5]},
								"up": {"uv": [5, 26], "uv_size": [0.25, 1.125]},
								"down": {"uv": [9, 27.125], "uv_size": [0.25, -1.125]}
							}
						},
						{
							"origin": [1.19654, -1.37785, -1.01173],
							"size": [0.30172, 0.72845, 1.11045],
							"uv": {
								"north": {"uv": [27, 26], "uv_size": [0.25, 0.75]},
								"east": {"uv": [13, 19], "uv_size": [1.125, 0.75]},
								"south": {"uv": [27, 27], "uv_size": [0.25, 0.75]},
								"west": {"uv": [20, 1], "uv_size": [1.125, 0.75]},
								"up": {"uv": [10, 26], "uv_size": [0.25, 1.125]},
								"down": {"uv": [11, 27.125], "uv_size": [0.25, -1.125]}
							}
						},
						{
							"origin": [1.12254, -1.30711, -1.05055],
							"size": [0.52846, 0.30172, 1.10975],
							"pivot": [1.14548, -1.01494, 1.48174],
							"rotation": [0, 0, -45],
							"uv": {
								"north": {"uv": [21, 28], "uv_size": [0.5, 0.25]},
								"east": {"uv": [26, 7], "uv_size": [1.125, 0.25]},
								"south": {"uv": [28, 21], "uv_size": [0.5, 0.25]},
								"west": {"uv": [26, 9], "uv_size": [1.125, 0.25]},
								"up": {"uv": [21, 22], "uv_size": [0.5, 1.125]},
								"down": {"uv": [23, 21.125], "uv_size": [0.5, -1.125]}
							}
						},
						{
							"origin": [1.13592, -1.22052, -1.06588],
							"size": [0.30172, 0.42848, 1.06979],
							"pivot": [1.14548, -1.01494, 1.68168],
							"rotation": [0, 0, -45],
							"uv": {
								"north": {"uv": [29, 0], "uv_size": [0.25, 0.375]},
								"east": {"uv": [24, 22], "uv_size": [1.125, 0.375]},
								"south": {"uv": [1, 29], "uv_size": [0.25, 0.375]},
								"west": {"uv": [23, 24], "uv_size": [1.125, 0.375]},
								"up": {"uv": [15, 26], "uv_size": [0.25, 1.125]},
								"down": {"uv": [26, 16.125], "uv_size": [0.25, -1.125]}
							}
						},
						{
							"origin": [0.92258, -1.30711, -1.05055],
							"size": [0.52846, 0.30172, 1.06979],
							"pivot": [1.14548, -1.01494, 1.48174],
							"rotation": [0, 0, -45],
							"uv": {
								"north": {"uv": [22, 28], "uv_size": [0.5, 0.25]},
								"east": {"uv": [26, 12], "uv_size": [1.125, 0.25]},
								"south": {"uv": [28, 22], "uv_size": [0.5, 0.25]},
								"west": {"uv": [26, 17], "uv_size": [1.125, 0.25]},
								"up": {"uv": [23, 22], "uv_size": [0.5, 1.125]},
								"down": {"uv": [5, 25.125], "uv_size": [0.5, -1.125]}
							}
						},
						{
							"origin": [0.98282, -1.16449, -1.05055],
							"size": [0.72842, 0.30172, 0.95266],
							"uv": {
								"north": {"uv": [28, 0], "uv_size": [0.75, 0.25]},
								"east": {"uv": [27, 0], "uv_size": [1, 0.25]},
								"south": {"uv": [28, 1], "uv_size": [0.75, 0.25]},
								"west": {"uv": [6, 27], "uv_size": [1, 0.25]},
								"up": {"uv": [6, 20], "uv_size": [0.75, 1]},
								"down": {"uv": [20, 15], "uv_size": [0.75, -1]}
							}
						}
					]
				},
				{
					"name": "octagon13",
					"parent": "octagon_group3",
					"pivot": [2.35424, 0.54074, -3.65951],
					"rotation": [0, -68, 0],
					"cubes": [
						{
							"origin": [3.98646, -1.51029, -2.54159],
							"size": [0.30175, 0.72849, 1.26975],
							"pivot": [4.00624, -1.01494, 0.53828],
							"rotation": [0, 0, -45],
							"uv": {
								"north": {"uv": [2, 28], "uv_size": [0.25, 0.75]},
								"east": {"uv": [12, 18], "uv_size": [1.25, 0.75]},
								"south": {"uv": [28, 2], "uv_size": [0.25, 0.75]},
								"west": {"uv": [14, 18], "uv_size": [1.25, 0.75]},
								"up": {"uv": [25, 15], "uv_size": [0.25, 1.25]},
								"down": {"uv": [25, 21.25], "uv_size": [0.25, -1.25]}
							}
						},
						{
							"origin": [4.04076, -1.37755, -2.54159],
							"size": [0.30175, 0.72685, 1.24975],
							"uv": {
								"north": {"uv": [3, 28], "uv_size": [0.25, 0.75]},
								"east": {"uv": [18, 17], "uv_size": [1.25, 0.75]},
								"south": {"uv": [28, 3], "uv_size": [0.25, 0.75]},
								"west": {"uv": [18, 18], "uv_size": [1.25, 0.75]},
								"up": {"uv": [26, 2], "uv_size": [0.25, 1.25]},
								"down": {"uv": [4, 27.25], "uv_size": [0.25, -1.25]}
							}
						},
						{
							"origin": [3.77309, -1.29692, -2.54159],
							"size": [0.72849, 0.30175, 1.24975],
							"pivot": [4.00624, -1.01494, 0.33832],
							"rotation": [0, 0, -45],
							"uv": {
								"north": {"uv": [4, 28], "uv_size": [0.75, 0.25]},
								"east": {"uv": [26, 6], "uv_size": [1.25, 0.25]},
								"south": {"uv": [28, 4], "uv_size": [0.75, 0.25]},
								"west": {"uv": [7, 26], "uv_size": [1.25, 0.25]},
								"up": {"uv": [19, 4], "uv_size": [0.75, 1.25]},
								"down": {"uv": [12, 20.25], "uv_size": [0.75, -1.25]}
							}
						},
						{
							"origin": [3.8291, -1.1645, -2.68481],
							"size": [0.72849, 0.30175, 1.42971],
							"uv": {
								"north": {"uv": [5, 28], "uv_size": [0.75, 0.25]},
								"east": {"uv": [24, 23], "uv_size": [1.375, 0.25]},
								"south": {"uv": [28, 5], "uv_size": [0.75, 0.25]},
								"west": {"uv": [25, 0], "uv_size": [1.375, 0.25]},
								"up": {"uv": [0, 15], "uv_size": [0.75, 1.375]},
								"down": {"uv": [4, 16.375], "uv_size": [0.75, -1.375]}
							}
						}
					]
				},
				{
					"name": "octagon21",
					"parent": "octagon_group3",
					"pivot": [2.35424, -0.759, -4.65931],
					"cubes": [
						{
							"origin": [1.76078, -1.37787, -7.66099],
							"size": [0.30175, 0.72849, 6.26375],
							"uv": {
								"north": {"uv": [6, 28], "uv_size": [0.25, 0.75]},
								"east": {"uv": [2, 0], "uv_size": [6.25, 0.75]},
								"south": {"uv": [28, 6], "uv_size": [0.25, 0.75]},
								"west": {"uv": [2, 1], "uv_size": [6.25, 0.75]},
								"up": {"uv": [2, 9], "uv_size": [0.25, 6.25]},
								"down": {"uv": [3, 15.25], "uv_size": [0.25, -6.25]}
							}
						},
						{
							"origin": [1.54741, -1.16492, -7.66099],
							"size": [0.72849, 0.30244, 6.40952],
							"uv": {
								"north": {"uv": [7, 28], "uv_size": [0.75, 0.25]},
								"east": {"uv": [8, 8], "uv_size": [6.375, 0.25]},
								"south": {"uv": [28, 7], "uv_size": [0.75, 0.25]},
								"west": {"uv": [9, 0], "uv_size": [6.375, 0.25]},
								"up": {"uv": [0, 0], "uv_size": [0.75, 6.375]},
								"down": {"uv": [1, 6.375], "uv_size": [0.75, -6.375]}
							}
						}
					]
				},
				{
					"name": "octagon22",
					"parent": "octagon_group3",
					"pivot": [2.35424, -0.759, -10.51064],
					"cubes": [
						{
							"origin": [1.53053, -1.1316, -13.66464],
							"size": [0.24995, 0.23595, 6.0188],
							"pivot": [1.65307, -1.01282, -5.96616],
							"rotation": [0, -0.7, 0],
							"uv": {
								"north": {"uv": [0, 30], "uv_size": [0.25, 0.25]},
								"east": {"uv": [9, 1], "uv_size": [6, 0.25]},
								"south": {"uv": [30, 0], "uv_size": [0.25, 0.25]},
								"west": {"uv": [8, 9], "uv_size": [6, 0.25]},
								"up": {"uv": [8, 10], "uv_size": [0.25, 6]},
								"down": {"uv": [9, 16], "uv_size": [0.25, -6]}
							}
						},
						{
							"origin": [2.04283, -1.1316, -13.66464],
							"size": [0.24995, 0.23595, 6.0188],
							"pivot": [2.17025, -1.01282, -5.96616],
							"rotation": [0, 0.7, 0],
							"uv": {
								"north": {"uv": [1, 30], "uv_size": [0.25, 0.25]},
								"east": {"uv": [10, 10], "uv_size": [6, 0.25]},
								"south": {"uv": [30, 1], "uv_size": [0.25, 0.25]},
								"west": {"uv": [11, 2], "uv_size": [6, 0.25]},
								"up": {"uv": [10, 11], "uv_size": [0.25, 6]},
								"down": {"uv": [11, 17], "uv_size": [0.25, -6]}
							}
						},
						{
							"origin": [1.79278, -1.39475, -13.66464],
							"size": [0.23695, 0.24995, 6.0188],
							"pivot": [1.91164, -1.27222, -5.96616],
							"rotation": [-0.7, 0, 0],
							"uv": {
								"north": {"uv": [2, 30], "uv_size": [0.25, 0.25]},
								"east": {"uv": [11, 3], "uv_size": [6, 0.25]},
								"south": {"uv": [30, 2], "uv_size": [0.25, 0.25]},
								"west": {"uv": [12, 11], "uv_size": [6, 0.25]},
								"up": {"uv": [12, 12], "uv_size": [0.25, 6]},
								"down": {"uv": [13, 18], "uv_size": [0.25, -6]}
							}
						},
						{
							"origin": [1.79278, -0.88245, -13.66464],
							"size": [0.23695, 0.24995, 6.0188],
							"pivot": [1.91164, -0.75503, -5.96616],
							"rotation": [0.7, 0, 0],
							"uv": {
								"north": {"uv": [3, 30], "uv_size": [0.25, 0.25]},
								"east": {"uv": [13, 4], "uv_size": [6, 0.25]},
								"south": {"uv": [30, 3], "uv_size": [0.25, 0.25]},
								"west": {"uv": [13, 5], "uv_size": [6, 0.25]},
								"up": {"uv": [1, 14], "uv_size": [0.25, 6]},
								"down": {"uv": [6, 20], "uv_size": [0.25, -6]}
							}
						},
						{
							"origin": [1.6246, -1.13253, -13.66556],
							"size": [0.57413, 0.23781, 6.71601],
							"uv": {
								"north": {"uv": [8, 28], "uv_size": [0.625, 0.25]},
								"east": {"uv": [7, 6], "uv_size": [6.75, 0.25]},
								"south": {"uv": [28, 8], "uv_size": [0.625, 0.25]},
								"west": {"uv": [7, 7], "uv_size": [6.75, 0.25]},
								"up": {"uv": [2, 2], "uv_size": [0.625, 6.75]},
								"down": {"uv": [3, 8.75], "uv_size": [0.625, -6.75]}
							}
						},
						{
							"origin": [1.79269, -1.30069, -13.66556],
							"size": [0.23781, 0.57413, 6.71601],
							"uv": {
								"north": {"uv": [9, 28], "uv_size": [0.25, 0.625]},
								"east": {"uv": [4, 2], "uv_size": [6.75, 0.625]},
								"south": {"uv": [28, 9], "uv_size": [0.25, 0.625]},
								"west": {"uv": [4, 3], "uv_size": [6.75, 0.625]},
								"up": {"uv": [1, 7], "uv_size": [0.25, 6.75]},
								"down": {"uv": [7, 14.75], "uv_size": [0.25, -6.75]}
							}
						}
					]
				},
				{
					"name": "octagon23",
					"parent": "octagon_group3",
					"pivot": [2.35424, -0.759, -17.38359],
					"cubes": [
						{
							"origin": [1.82173, -1.23073, -19.47274],
							"size": [0.17986, 0.43422, 8.18374],
							"uv": {
								"north": {"uv": [31, 0], "uv_size": [0.125, 0.375]},
								"east": {"uv": [4, 4], "uv_size": [8.125, 0.375]},
								"south": {"uv": [1, 31], "uv_size": [0.125, 0.375]},
								"west": {"uv": [4, 5], "uv_size": [8.125, 0.375]},
								"up": {"uv": [5, 15], "uv_size": [0.125, 8.125]},
								"down": {"uv": [7, 23.125], "uv_size": [0.125, -8.125]}
							}
						},
						{
							"origin": [1.69455, -1.10355, -19.47274],
							"size": [0.43422, 0.17986, 8.18374],
							"uv": {
								"north": {"uv": [31, 1], "uv_size": [0.375, 0.125]},
								"east": {"uv": [14, 15], "uv_size": [8.125, 0.125]},
								"south": {"uv": [2, 31], "uv_size": [0.375, 0.125]},
								"west": {"uv": [16, 0], "uv_size": [8.125, 0.125]},
								"up": {"uv": [4, 6], "uv_size": [0.375, 8.125]},
								"down": {"uv": [5, 14.125], "uv_size": [0.375, -8.125]}
							}
						},
						{
							"origin": [1.82178, -0.85243, -19.47181],
							"size": [0.17946, 0.14997, 5.81884],
							"pivot": [1.94058, -0.82499, -11.77334],
							"rotation": [0.7, 0, 0],
							"uv": {
								"north": {"uv": [10, 32], "uv_size": [0.125, 0.125]},
								"east": {"uv": [16, 20], "uv_size": [5.875, 0.125]},
								"south": {"uv": [32, 10], "uv_size": [0.125, 0.125]},
								"west": {"uv": [20, 17], "uv_size": [5.875, 0.125]},
								"up": {"uv": [6, 21], "uv_size": [0.125, 5.875]},
								"down": {"uv": [12, 26.875], "uv_size": [0.125, -5.875]}
							}
						},
						{
							"origin": [1.82178, -1.32479, -19.47181],
							"size": [0.17946, 0.14997, 5.81884],
							"pivot": [1.94058, -1.20226, -11.77334],
							"rotation": [-0.7, 0, 0],
							"uv": {
								"north": {"uv": [11, 32], "uv_size": [0.125, 0.125]},
								"east": {"uv": [20, 18], "uv_size": [5.875, 0.125]},
								"south": {"uv": [32, 11], "uv_size": [0.125, 0.125]},
								"west": {"uv": [21, 11], "uv_size": [5.875, 0.125]},
								"up": {"uv": [13, 21], "uv_size": [0.125, 5.875]},
								"down": {"uv": [14, 26.875], "uv_size": [0.125, -5.875]}
							}
						},
						{
							"origin": [2.07286, -1.10211, -19.47181],
							"size": [0.14997, 0.17796, 5.81884],
							"pivot": [2.1003, -0.98388, -11.77334],
							"rotation": [0, 0.7, 0],
							"uv": {
								"north": {"uv": [12, 32], "uv_size": [0.125, 0.125]},
								"east": {"uv": [21, 14], "uv_size": [5.875, 0.125]},
								"south": {"uv": [32, 12], "uv_size": [0.125, 0.125]},
								"west": {"uv": [16, 21], "uv_size": [5.875, 0.125]},
								"up": {"uv": [16, 22], "uv_size": [0.125, 5.875]},
								"down": {"uv": [17, 27.875], "uv_size": [0.125, -5.875]}
							}
						},
						{
							"origin": [1.60049, -1.10211, -19.47181],
							"size": [0.14997, 0.17796, 5.81884],
							"pivot": [1.72302, -0.98388, -11.77334],
							"rotation": [0, -0.7, 0],
							"uv": {
								"north": {"uv": [13, 32], "uv_size": [0.125, 0.125]},
								"east": {"uv": [22, 1], "uv_size": [5.875, 0.125]},
								"south": {"uv": [32, 13], "uv_size": [0.125, 0.125]},
								"west": {"uv": [22, 8], "uv_size": [5.875, 0.125]},
								"up": {"uv": [18, 22], "uv_size": [0.125, 5.875]},
								"down": {"uv": [19, 27.875], "uv_size": [0.125, -5.875]}
							}
						}
					]
				},
				{
					"name": "octagon24",
					"parent": "octagon_group3",
					"pivot": [2.35423, -0.75902, -23.2041],
					"cubes": [
						{
							"origin": [2.00361, -1.07061, -27.53285],
							"size": [0.14997, 0.11498, 8.06339],
							"pivot": [2.04544, -1.01281, -18.07493],
							"rotation": [0, 1, 0],
							"uv": {
								"north": {"uv": [14, 32], "uv_size": [0.125, 0.125]},
								"east": {"uv": [16, 10], "uv_size": [8.125, 0.125]},
								"south": {"uv": [32, 14], "uv_size": [0.125, 0.125]},
								"west": {"uv": [14, 16], "uv_size": [8.125, 0.125]},
								"up": {"uv": [2, 16], "uv_size": [0.125, 8.125]},
								"down": {"uv": [3, 24.125], "uv_size": [0.125, -8.125]}
							}
						},
						{
							"origin": [1.66974, -1.07061, -27.53285],
							"size": [0.14997, 0.11498, 8.06339],
							"pivot": [1.77787, -1.01281, -18.07493],
							"rotation": [0, -1, 0],
							"uv": {
								"north": {"uv": [15, 32], "uv_size": [0.125, 0.125]},
								"east": {"uv": [17, 2], "uv_size": [8.125, 0.125]},
								"south": {"uv": [32, 15], "uv_size": [0.125, 0.125]},
								"west": {"uv": [17, 3], "uv_size": [8.125, 0.125]},
								"up": {"uv": [8, 16], "uv_size": [0.125, 8.125]},
								"down": {"uv": [9, 24.125], "uv_size": [0.125, -8.125]}
							}
						},
						{
							"origin": [1.85327, -1.25555, -27.53285],
							"size": [0.11648, 0.14997, 8.06339],
							"pivot": [1.91164, -1.14741, -18.07493],
							"rotation": [-1, 0, 0],
							"uv": {
								"north": {"uv": [16, 32], "uv_size": [0.125, 0.125]},
								"east": {"uv": [17, 6], "uv_size": [8.125, 0.125]},
								"south": {"uv": [32, 16], "uv_size": [0.125, 0.125]},
								"west": {"uv": [17, 7], "uv_size": [8.125, 0.125]},
								"up": {"uv": [0, 17], "uv_size": [0.125, 8.125]},
								"down": {"uv": [4, 25.125], "uv_size": [0.125, -8.125]}
							}
						},
						{
							"origin": [1.85309, -1.15503, -23.8346],
							"size": [0.11714, 0.28281, 5.00917],
							"uv": {
								"north": {"uv": [31, 28], "uv_size": [0.125, 0.25]},
								"east": {"uv": [15, 1], "uv_size": [5, 0.25]},
								"south": {"uv": [29, 31], "uv_size": [0.125, 0.25]},
								"west": {"uv": [15, 8], "uv_size": [5, 0.25]},
								"up": {"uv": [20, 22], "uv_size": [0.125, 5]},
								"down": {"uv": [22, 25], "uv_size": [0.125, -5]}
							}
						},
						{
							"origin": [1.85227, -1.09047, -27.53329],
							"size": [0.11798, 0.15497, 6.70883],
							"uv": {
								"north": {"uv": [17, 32], "uv_size": [0.125, 0.125]},
								"east": {"uv": [20, 4], "uv_size": [6.75, 0.125]},
								"south": {"uv": [32, 17], "uv_size": [0.125, 0.125]},
								"west": {"uv": [20, 5], "uv_size": [6.75, 0.125]},
								"up": {"uv": [15, 19], "uv_size": [0.125, 6.75]},
								"down": {"uv": [1, 26.75], "uv_size": [0.125, -6.75]}
							}
						},
						{
							"origin": [1.77026, -1.07219, -23.8346],
							"size": [0.28281, 0.11714, 7.10875],
							"uv": {
								"north": {"uv": [31, 29], "uv_size": [0.25, 0.125]},
								"east": {"uv": [19, 13], "uv_size": [7.125, 0.125]},
								"south": {"uv": [30, 31], "uv_size": [0.25, 0.125]},
								"west": {"uv": [18, 19], "uv_size": [7.125, 0.125]},
								"up": {"uv": [6, 6], "uv_size": [0.25, 7.125]},
								"down": {"uv": [0, 14.125], "uv_size": [0.25, -7.125]}
							}
						},
						{
							"origin": [1.85327, -0.92167, -27.53285],
							"size": [0.11648, 0.14997, 8.06339],
							"pivot": [1.91164, -0.87984, -18.07493],
							"rotation": [1, 0, 0],
							"uv": {
								"north": {"uv": [18, 32], "uv_size": [0.125, 0.125]},
								"east": {"uv": [17, 9], "uv_size": [8.125, 0.125]},
								"south": {"uv": [32, 18], "uv_size": [0.125, 0.125]},
								"west": {"uv": [17, 12], "uv_size": [8.125, 0.125]},
								"up": {"uv": [10, 17], "uv_size": [0.125, 8.125]},
								"down": {"uv": [11, 25.125], "uv_size": [0.125, -8.125]}
							}
						}
					]
				}
			]
		}
	]
}