{
	"format_version": "1.12.0",
	"minecraft:geometry": [
		{
			"description": {
				"identifier": "geometry.unknown",
				"texture_width": 32,
				"texture_height": 32,
				"visible_bounds_width": 2,
				"visible_bounds_height": 1.5,
				"visible_bounds_offset": [0, 0.25, 0]
			},
			"bones": [
				{
					"name": "Magazine",
					"pivot": [0, 7.43716, -1.29281],
					"cubes": [
						{
							"origin": [5.19327, 0.30964, -4.06211],
							"size": [0.61563, 1.06067, 6.56886],
							"pivot": [5.50109, 0.83997, -0.7308],
							"rotation": [0, 0, 45],
							"uv": {
								"north": {"uv": [7, 19], "uv_size": [0.5, 0.5]},
								"east": {"uv": [0, 16], "uv_size": [4.5, 0.5]},
								"south": {"uv": [7, 19], "uv_size": [0.5, 0.5]},
								"west": {"uv": [0, 16], "uv_size": [4.5, 0.5]}
							}
						},
						{
							"origin": [5.47812, 0.99732, -4.06211],
							"size": [0.61563, 5.15625, 6.56886],
							"uv": {
								"north": {"uv": [6, 10], "uv_size": [0.5, 3.5]},
								"east": {"uv": [11, 14], "uv_size": [4.5, 3.5]},
								"south": {"uv": [6, 10], "uv_size": [0.5, 3.5]},
								"west": {"uv": [11, 14], "uv_size": [4.5, 3.5]}
							}
						},
						{
							"origin": [-5.34375, 0.24732, -4.06211],
							"size": [10.6875, 0.61563, 6.56886],
							"uv": {
								"north": {"uv": [15, 0], "uv_size": [7, 0.5]},
								"south": {"uv": [15, 0], "uv_size": [7, 0.5]},
								"up": {"uv": [0, 0], "uv_size": [7, 4.5]},
								"down": {"uv": [0, 9.5], "uv_size": [7, -4.5]}
							}
						},
						{
							"origin": [-5.34375, 6.28792, -4.06211],
							"size": [1.03125, 0.61565, 6.56886],
							"uv": {
								"north": {"uv": [19, 7], "uv_size": [0.5, 0.5]},
								"south": {"uv": [19, 7], "uv_size": [0.5, 0.5]},
								"west": {"uv": [16, 14], "uv_size": [4.5, 0.5]},
								"up": {"uv": [5, 15], "uv_size": [0.5, 4.5]},
								"down": {"uv": [16, 19.5], "uv_size": [0.5, -4.5]}
							}
						},
						{
							"origin": [-2.8125, 6.28792, -4.06211],
							"size": [8.15625, 0.61565, 6.56886],
							"uv": {
								"north": {"uv": [15, 1], "uv_size": [5.5, 0.5]},
								"east": {"uv": [16, 14], "uv_size": [4.5, 0.5]},
								"south": {"uv": [15, 1], "uv_size": [5.5, 0.5]},
								"up": {"uv": [7, 4], "uv_size": [5.5, 4.5]},
								"down": {"uv": [7, 13.5], "uv_size": [5.5, -4.5]}
							}
						},
						{
							"origin": [-2.625, 6.28792, -4.34336],
							"size": [7.96875, 0.7094, 7.03761],
							"uv": {
								"north": {"uv": [15, 2], "uv_size": [5.5, 0.5]},
								"east": {"uv": [0, 17], "uv_size": [4.5, 0.5]},
								"south": {"uv": [15, 2], "uv_size": [5.5, 0.5]},
								"west": {"uv": [0, 17], "uv_size": [4.5, 0.5]},
								"up": {"uv": [0, 10], "uv_size": [5.5, 4.5]},
								"down": {"uv": [13, 8.5], "uv_size": [5.5, -4.5]}
							}
						},
						{
							"origin": [-5.34375, 6.28792, -4.34336],
							"size": [0.9375, 0.7094, 7.03761],
							"uv": {
								"north": {"uv": [8, 19], "uv_size": [0.5, 0.5]},
								"east": {"uv": [0, 17], "uv_size": [4.5, 0.5]},
								"south": {"uv": [8, 19], "uv_size": [0.5, 0.5]},
								"west": {"uv": [0, 17], "uv_size": [4.5, 0.5]},
								"up": {"uv": [17, 15], "uv_size": [0.5, 4.5]},
								"down": {"uv": [0, 22.5], "uv_size": [0.5, -4.5]}
							}
						},
						{
							"origin": [-4.40625, 6.28792, -4.34336],
							"size": [1.78125, 0.42815, 0.10011],
							"uv": {
								"north": {"uv": [18, 17], "uv_size": [1, 0.5]},
								"south": {"uv": [18, 17], "uv_size": [1, 0.5]},
								"up": {"uv": [18, 18], "uv_size": [1, 0.5]},
								"down": {"uv": [19, 4.5], "uv_size": [1, -0.5]}
							}
						},
						{
							"origin": [-4.40625, 6.28792, 2.59414],
							"size": [1.78125, 0.42815, 0.10011],
							"uv": {
								"north": {"uv": [18, 17], "uv_size": [1, 0.5]},
								"south": {"uv": [18, 17], "uv_size": [1, 0.5]},
								"up": {"uv": [18, 18], "uv_size": [1, 0.5]},
								"down": {"uv": [19, 4.5], "uv_size": [1, -0.5]}
							}
						},
						{
							"origin": [4.97028, 5.53011, -4.34336],
							"size": [0.70938, 1.3125, 7.03761],
							"pivot": [5.32497, 6.51448, -0.82455],
							"rotation": [0, 0, -45],
							"uv": {
								"north": {"uv": [19, 5], "uv_size": [0.5, 1]},
								"east": {"uv": [0, 15], "uv_size": [4.5, 1]},
								"south": {"uv": [19, 5], "uv_size": [0.5, 1]},
								"west": {"uv": [0, 15], "uv_size": [4.5, 1]},
								"down": {"uv": [1, 22.5], "uv_size": [0.5, -4.5]}
							}
						},
						{
							"origin": [-5.67966, 5.53011, -4.34336],
							"size": [0.70938, 1.3125, 7.03761],
							"pivot": [-5.32497, 6.51448, -0.82455],
							"rotation": [0, 0, 45],
							"uv": {
								"north": {"uv": [19, 5], "uv_size": [0.5, 1]},
								"east": {"uv": [0, 15], "uv_size": [4.5, 1]},
								"south": {"uv": [19, 5], "uv_size": [0.5, 1]},
								"west": {"uv": [0, 15], "uv_size": [4.5, 1]},
								"down": {"uv": [1, 22.5], "uv_size": [0.5, -4.5]}
							}
						},
						{
							"origin": [-4.3125, 6.28792, 2.12539],
							"size": [1.59375, 0.61565, 0.38136],
							"uv": {
								"north": {"uv": [6, 19], "uv_size": [1, 0.5]},
								"south": {"uv": [6, 19], "uv_size": [1, 0.5]},
								"up": {"uv": [19, 6], "uv_size": [1, 0.5]}
							}
						},
						{
							"origin": [-4.3125, 6.28792, -4.06211],
							"size": [1.59375, 0.61565, 0.38136],
							"uv": {
								"north": {"uv": [6, 19], "uv_size": [1, 0.5]},
								"south": {"uv": [6, 19], "uv_size": [1, 0.5]},
								"up": {"uv": [19, 6], "uv_size": [1, 0.5]}
							}
						},
						{
							"origin": [-5.47812, 0.86294, 2.12539],
							"size": [10.9625, 5.45468, 0.38136],
							"uv": {
								"north": {"uv": [7, 0], "uv_size": [7.5, 3.5]},
								"south": {"uv": [7, 0], "uv_size": [7.5, 3.5]}
							}
						},
						{
							"origin": [-5.47812, 0.86294, -4.06211],
							"size": [10.9625, 5.45468, 0.38136],
							"uv": {
								"north": {"uv": [7, 0], "uv_size": [7.5, 3.5]},
								"south": {"uv": [7, 0], "uv_size": [7.5, 3.5]}
							}
						},
						{
							"origin": [-6.09375, 0.99732, -4.06211],
							"size": [0.61563, 5.15625, 6.56886],
							"uv": {
								"north": {"uv": [6, 10], "uv_size": [0.5, 3.5]},
								"east": {"uv": [11, 14], "uv_size": [4.5, 3.5]},
								"south": {"uv": [6, 10], "uv_size": [0.5, 3.5]},
								"west": {"uv": [11, 14], "uv_size": [4.5, 3.5]}
							}
						},
						{
							"origin": [-5.8089, 0.30964, -4.06211],
							"size": [0.61563, 1.06067, 6.56886],
							"pivot": [-5.50108, 0.83997, -0.7308],
							"rotation": [0, 0, -45],
							"uv": {
								"north": {"uv": [7, 19], "uv_size": [0.5, 0.5]},
								"east": {"uv": [0, 16], "uv_size": [4.5, 0.5]},
								"south": {"uv": [7, 19], "uv_size": [0.5, 0.5]},
								"west": {"uv": [0, 16], "uv_size": [4.5, 0.5]}
							}
						},
						{
							"origin": [1.03125, 6.90357, -2.84336],
							"size": [0.09375, 0.375, 4.22511],
							"uv": {
								"north": {"uv": [19, 8], "uv_size": [0.5, 0.5]},
								"east": {"uv": [18, 10], "uv_size": [3, 0.5]},
								"south": {"uv": [19, 8], "uv_size": [0.5, 0.5]},
								"west": {"uv": [18, 10], "uv_size": [3, 0.5]}
							}
						},
						{
							"origin": [0.91239, 7.1905, -2.84336],
							"size": [0.09375, 0.26516, 4.22511],
							"pivot": [0.95927, 7.378, -0.7308],
							"rotation": [0, 0, -45],
							"uv": {
								"north": {"uv": [9, 19], "uv_size": [0.5, 0.5]},
								"east": {"uv": [11, 18], "uv_size": [3, 0.5]},
								"south": {"uv": [9, 19], "uv_size": [0.5, 0.5]},
								"west": {"uv": [11, 18], "uv_size": [3, 0.5]}
							}
						},
						{
							"origin": [0.46875, 7.37232, -2.84336],
							"size": [0.46875, 0.09375, 4.22511],
							"uv": {
								"north": {"uv": [10, 19], "uv_size": [0.5, 0.5]},
								"east": {"uv": [18, 11], "uv_size": [3, 0.5]},
								"south": {"uv": [10, 19], "uv_size": [0.5, 0.5]},
								"up": {"uv": [4, 18], "uv_size": [0.5, 3]},
								"down": {"uv": [14, 21], "uv_size": [0.5, -3]}
							}
						},
						{
							"origin": [-1.125, 6.90357, -2.84336],
							"size": [0.09375, 0.375, 4.22511],
							"uv": {
								"north": {"uv": [19, 8], "uv_size": [0.5, 0.5]},
								"east": {"uv": [18, 10], "uv_size": [3, 0.5]},
								"south": {"uv": [19, 8], "uv_size": [0.5, 0.5]},
								"west": {"uv": [18, 10], "uv_size": [3, 0.5]}
							}
						},
						{
							"origin": [-0.9375, 7.37232, -2.84336],
							"size": [0.46875, 0.09375, 4.22511],
							"uv": {
								"north": {"uv": [10, 19], "uv_size": [0.5, 0.5]},
								"south": {"uv": [10, 19], "uv_size": [0.5, 0.5]},
								"west": {"uv": [18, 11], "uv_size": [3, 0.5]},
								"up": {"uv": [4, 18], "uv_size": [0.5, 3]},
								"down": {"uv": [14, 21], "uv_size": [0.5, -3]}
							}
						},
						{
							"origin": [-1.00614, 7.1905, -2.84336],
							"size": [0.09375, 0.26516, 4.22511],
							"pivot": [-0.95926, 7.378, -0.7308],
							"rotation": [0, 0, 45],
							"uv": {
								"north": {"uv": [9, 19], "uv_size": [0.5, 0.5]},
								"east": {"uv": [11, 18], "uv_size": [3, 0.5]},
								"south": {"uv": [9, 19], "uv_size": [0.5, 0.5]},
								"west": {"uv": [11, 18], "uv_size": [3, 0.5]}
							}
						},
						{
							"origin": [-3.77941, 0.58892, -4.2933],
							"size": [0.62133, 0.15, 7.03125],
							"pivot": [-3.46875, 1.33892, -4.01205],
							"rotation": [0, 0, 45],
							"uv": {
								"north": {"uv": [11, 19], "uv_size": [0.5, 0.5]},
								"south": {"uv": [11, 19], "uv_size": [0.5, 0.5]},
								"up": {"uv": [2, 18], "uv_size": [0.5, 4.5]},
								"down": {"uv": [3, 22.5], "uv_size": [0.5, -4.5]}
							}
						},
						{
							"origin": [-3.77941, 0.58892, -4.2933],
							"size": [7.55883, 0.15, 7.03125],
							"uv": {
								"north": {"uv": [15, 3], "uv_size": [5, 0.5]},
								"south": {"uv": [15, 3], "uv_size": [5, 0.5]},
								"up": {"uv": [13, 9], "uv_size": [5, 4.5]},
								"down": {"uv": [6, 18.5], "uv_size": [5, -4.5]}
							}
						},
						{
							"origin": [-3.77941, 1.93893, -4.2933],
							"size": [7.55883, 0.15, 7.03125],
							"uv": {
								"north": {"uv": [15, 3], "uv_size": [5, 0.5]},
								"south": {"uv": [15, 3], "uv_size": [5, 0.5]},
								"up": {"uv": [13, 9], "uv_size": [5, 4.5]},
								"down": {"uv": [6, 18.5], "uv_size": [5, -4.5]}
							}
						},
						{
							"origin": [-4.21875, 1.02826, -4.2933],
							"size": [0.15, 0.62133, 7.03125],
							"pivot": [-3.46875, 1.33892, -4.01205],
							"rotation": [0, 0, 45],
							"uv": {
								"north": {"uv": [12, 19], "uv_size": [0.5, 0.5]},
								"east": {"uv": [18, 9], "uv_size": [4.5, 0.5]},
								"south": {"uv": [12, 19], "uv_size": [0.5, 0.5]},
								"west": {"uv": [18, 9], "uv_size": [4.5, 0.5]}
							}
						},
						{
							"origin": [-4.21875, 1.02826, -4.2933],
							"size": [0.15, 0.62133, 7.03125],
							"uv": {
								"north": {"uv": [12, 19], "uv_size": [0.5, 0.5]},
								"east": {"uv": [18, 9], "uv_size": [4.5, 0.5]},
								"south": {"uv": [12, 19], "uv_size": [0.5, 0.5]},
								"west": {"uv": [18, 9], "uv_size": [4.5, 0.5]}
							}
						},
						{
							"origin": [-3.77941, 2.46392, -4.2933],
							"size": [0.62133, 0.15, 7.03125],
							"pivot": [-3.46875, 3.21392, -4.01205],
							"rotation": [0, 0, 45],
							"uv": {
								"north": {"uv": [11, 19], "uv_size": [0.5, 0.5]},
								"south": {"uv": [11, 19], "uv_size": [0.5, 0.5]},
								"up": {"uv": [2, 18], "uv_size": [0.5, 4.5]},
								"down": {"uv": [3, 22.5], "uv_size": [0.5, -4.5]}
							}
						},
						{
							"origin": [-3.77941, 2.46392, -4.2933],
							"size": [7.55883, 0.15, 7.03125],
							"uv": {
								"north": {"uv": [15, 3], "uv_size": [5, 0.5]},
								"south": {"uv": [15, 3], "uv_size": [5, 0.5]},
								"up": {"uv": [13, 9], "uv_size": [5, 4.5]},
								"down": {"uv": [6, 18.5], "uv_size": [5, -4.5]}
							}
						},
						{
							"origin": [-3.77941, 3.81392, -4.2933],
							"size": [7.55883, 0.15, 7.03125],
							"uv": {
								"north": {"uv": [15, 3], "uv_size": [5, 0.5]},
								"south": {"uv": [15, 3], "uv_size": [5, 0.5]},
								"up": {"uv": [13, 9], "uv_size": [5, 4.5]},
								"down": {"uv": [6, 18.5], "uv_size": [5, -4.5]}
							}
						},
						{
							"origin": [-4.21875, 2.90326, -4.2933],
							"size": [0.15, 0.62133, 7.03125],
							"pivot": [-3.46875, 3.21392, -4.01205],
							"rotation": [0, 0, 45],
							"uv": {
								"north": {"uv": [12, 19], "uv_size": [0.5, 0.5]},
								"east": {"uv": [18, 9], "uv_size": [4.5, 0.5]},
								"south": {"uv": [12, 19], "uv_size": [0.5, 0.5]},
								"west": {"uv": [18, 9], "uv_size": [4.5, 0.5]}
							}
						},
						{
							"origin": [-4.21875, 2.90326, -4.2933],
							"size": [0.15, 0.62133, 7.03125],
							"uv": {
								"north": {"uv": [12, 19], "uv_size": [0.5, 0.5]},
								"east": {"uv": [18, 9], "uv_size": [4.5, 0.5]},
								"south": {"uv": [12, 19], "uv_size": [0.5, 0.5]},
								"west": {"uv": [18, 9], "uv_size": [4.5, 0.5]}
							}
						},
						{
							"origin": [-3.77941, 4.33892, -4.2933],
							"size": [0.62133, 0.15, 7.03125],
							"pivot": [-3.46875, 5.08892, -4.01205],
							"rotation": [0, 0, 45],
							"uv": {
								"north": {"uv": [11, 19], "uv_size": [0.5, 0.5]},
								"south": {"uv": [11, 19], "uv_size": [0.5, 0.5]},
								"up": {"uv": [2, 18], "uv_size": [0.5, 4.5]},
								"down": {"uv": [3, 22.5], "uv_size": [0.5, -4.5]}
							}
						},
						{
							"origin": [-3.77941, 4.33892, -4.2933],
							"size": [7.55883, 0.15, 7.03125],
							"uv": {
								"north": {"uv": [15, 3], "uv_size": [5, 0.5]},
								"south": {"uv": [15, 3], "uv_size": [5, 0.5]},
								"up": {"uv": [13, 9], "uv_size": [5, 4.5]},
								"down": {"uv": [6, 18.5], "uv_size": [5, -4.5]}
							}
						},
						{
							"origin": [-3.77941, 5.68893, -4.2933],
							"size": [7.55883, 0.15, 7.03125],
							"uv": {
								"north": {"uv": [15, 3], "uv_size": [5, 0.5]},
								"south": {"uv": [15, 3], "uv_size": [5, 0.5]},
								"up": {"uv": [13, 9], "uv_size": [5, 4.5]},
								"down": {"uv": [6, 18.5], "uv_size": [5, -4.5]}
							}
						},
						{
							"origin": [-4.21875, 4.77826, -4.2933],
							"size": [0.15, 0.62133, 7.03125],
							"pivot": [-3.46875, 5.08892, -4.01205],
							"rotation": [0, 0, 45],
							"uv": {
								"north": {"uv": [12, 19], "uv_size": [0.5, 0.5]},
								"east": {"uv": [18, 9], "uv_size": [4.5, 0.5]},
								"south": {"uv": [12, 19], "uv_size": [0.5, 0.5]},
								"west": {"uv": [18, 9], "uv_size": [4.5, 0.5]}
							}
						},
						{
							"origin": [-4.21875, 4.77826, -4.2933],
							"size": [0.15, 0.62133, 7.03125],
							"uv": {
								"north": {"uv": [12, 19], "uv_size": [0.5, 0.5]},
								"east": {"uv": [18, 9], "uv_size": [4.5, 0.5]},
								"south": {"uv": [12, 19], "uv_size": [0.5, 0.5]},
								"west": {"uv": [18, 9], "uv_size": [4.5, 0.5]}
							}
						},
						{
							"origin": [4.06875, 4.77826, -4.2933],
							"size": [0.15, 0.62133, 7.03125],
							"pivot": [3.46875, 5.08892, -4.01205],
							"rotation": [0, 0, -45],
							"uv": {
								"north": {"uv": [12, 19], "uv_size": [0.5, 0.5]},
								"east": {"uv": [18, 9], "uv_size": [4.5, 0.5]},
								"south": {"uv": [12, 19], "uv_size": [0.5, 0.5]},
								"west": {"uv": [18, 9], "uv_size": [4.5, 0.5]}
							}
						},
						{
							"origin": [4.06875, 4.77826, -4.2933],
							"size": [0.15, 0.62133, 7.03125],
							"uv": {
								"north": {"uv": [12, 19], "uv_size": [0.5, 0.5]},
								"east": {"uv": [18, 9], "uv_size": [4.5, 0.5]},
								"south": {"uv": [12, 19], "uv_size": [0.5, 0.5]},
								"west": {"uv": [18, 9], "uv_size": [4.5, 0.5]}
							}
						},
						{
							"origin": [3.15809, 4.33892, -4.2933],
							"size": [0.62133, 0.15, 7.03125],
							"pivot": [3.46875, 5.08892, -4.01205],
							"rotation": [0, 0, -45],
							"uv": {
								"north": {"uv": [11, 19], "uv_size": [0.5, 0.5]},
								"south": {"uv": [11, 19], "uv_size": [0.5, 0.5]},
								"up": {"uv": [2, 18], "uv_size": [0.5, 4.5]},
								"down": {"uv": [3, 22.5], "uv_size": [0.5, -4.5]}
							}
						},
						{
							"origin": [4.06875, 2.90326, -4.2933],
							"size": [0.15, 0.62133, 7.03125],
							"pivot": [3.46875, 3.21392, -4.01205],
							"rotation": [0, 0, -45],
							"uv": {
								"north": {"uv": [12, 19], "uv_size": [0.5, 0.5]},
								"east": {"uv": [18, 9], "uv_size": [4.5, 0.5]},
								"south": {"uv": [12, 19], "uv_size": [0.5, 0.5]},
								"west": {"uv": [18, 9], "uv_size": [4.5, 0.5]}
							}
						},
						{
							"origin": [4.06875, 2.90326, -4.2933],
							"size": [0.15, 0.62133, 7.03125],
							"uv": {
								"north": {"uv": [12, 19], "uv_size": [0.5, 0.5]},
								"east": {"uv": [18, 9], "uv_size": [4.5, 0.5]},
								"south": {"uv": [12, 19], "uv_size": [0.5, 0.5]},
								"west": {"uv": [18, 9], "uv_size": [4.5, 0.5]}
							}
						},
						{
							"origin": [3.15809, 2.46392, -4.2933],
							"size": [0.62133, 0.15, 7.03125],
							"pivot": [3.46875, 3.21392, -4.01205],
							"rotation": [0, 0, -45],
							"uv": {
								"north": {"uv": [11, 19], "uv_size": [0.5, 0.5]},
								"south": {"uv": [11, 19], "uv_size": [0.5, 0.5]},
								"up": {"uv": [2, 18], "uv_size": [0.5, 4.5]},
								"down": {"uv": [3, 22.5], "uv_size": [0.5, -4.5]}
							}
						},
						{
							"origin": [4.06875, 1.02826, -4.2933],
							"size": [0.15, 0.62133, 7.03125],
							"pivot": [3.46875, 1.33892, -4.01205],
							"rotation": [0, 0, -45],
							"uv": {
								"north": {"uv": [12, 19], "uv_size": [0.5, 0.5]},
								"east": {"uv": [18, 9], "uv_size": [4.5, 0.5]},
								"south": {"uv": [12, 19], "uv_size": [0.5, 0.5]},
								"west": {"uv": [18, 9], "uv_size": [4.5, 0.5]}
							}
						},
						{
							"origin": [4.06875, 1.02826, -4.2933],
							"size": [0.15, 0.62133, 7.03125],
							"uv": {
								"north": {"uv": [12, 19], "uv_size": [0.5, 0.5]},
								"east": {"uv": [18, 9], "uv_size": [4.5, 0.5]},
								"south": {"uv": [12, 19], "uv_size": [0.5, 0.5]},
								"west": {"uv": [18, 9], "uv_size": [4.5, 0.5]}
							}
						},
						{
							"origin": [3.15809, 0.58892, -4.2933],
							"size": [0.62133, 0.15, 7.03125],
							"pivot": [3.46875, 1.33892, -4.01205],
							"rotation": [0, 0, -45],
							"uv": {
								"north": {"uv": [11, 19], "uv_size": [0.5, 0.5]},
								"south": {"uv": [11, 19], "uv_size": [0.5, 0.5]},
								"up": {"uv": [2, 18], "uv_size": [0.5, 4.5]},
								"down": {"uv": [3, 22.5], "uv_size": [0.5, -4.5]}
							}
						}
					]
				},
				{
					"name": "bullets14",
					"parent": "Magazine",
					"pivot": [0, -0.71858, 0.6464]
				},
				{
					"name": "762x3",
					"parent": "bullets14",
					"pivot": [0, 8.93268, -3.82455]
				},
				{
					"name": "bullet3",
					"parent": "762x3",
					"pivot": [12, -3.06733, -15.82455],
					"cubes": [
						{
							"origin": [-4.27969, 5.71536, -1.04792],
							"size": [0.73125, 0.73125, 2.88986],
							"pivot": [-2.53125, 6.15129, -1.61706],
							"rotation": [0, 0, 22.5],
							"uv": {
								"north": {"uv": [13, 19], "uv_size": [0.5, 0.5]},
								"east": {"uv": [18, 12], "uv_size": [2, 0.5]},
								"west": {"uv": [18, 13], "uv_size": [2, 0.5]},
								"up": {"uv": [15, 18], "uv_size": [0.5, 2]},
								"down": {"uv": [18, 17], "uv_size": [0.5, -2]}
							}
						},
						{
							"origin": [-4.1883, 5.80677, -2.05337],
							"size": [0.54845, 0.54845, 1.1039],
							"pivot": [-2.53125, 6.15129, -1.61706],
							"rotation": [0, 0, 22.5],
							"uv": {
								"north": {"uv": [19, 15], "uv_size": [0.5, 0.5]},
								"east": {"uv": [19, 16], "uv_size": [0.5, 0.5]},
								"west": {"uv": [19, 17], "uv_size": [0.5, 0.5]},
								"up": {"uv": [18, 19], "uv_size": [0.5, 0.5]},
								"down": {"uv": [19, 18.5], "uv_size": [0.5, -0.5]}
							}
						},
						{
							"origin": [-4.16603, 5.82903, -2.69556],
							"size": [0.50391, 0.50391, 0.6422],
							"pivot": [-2.53125, 6.15129, -1.61706],
							"rotation": [0, 0, 22.5],
							"uv": {
								"north": {"uv": [19, 19], "uv_size": [0.5, 0.5]},
								"east": {"uv": [20, 3], "uv_size": [0.5, 0.5]},
								"west": {"uv": [20, 4], "uv_size": [0.5, 0.5]},
								"up": {"uv": [5, 20], "uv_size": [0.5, 0.5]},
								"down": {"uv": [20, 5.5], "uv_size": [0.5, -0.5]}
							}
						},
						{
							"origin": [-4.12032, 5.87475, -3.1526],
							"size": [0.41248, 0.41247, 0.45703],
							"pivot": [-2.53125, 6.15129, -1.61706],
							"rotation": [0, 0, 22.5],
							"uv": {
								"north": {"uv": [6, 20], "uv_size": [0.5, 0.5]},
								"east": {"uv": [20, 6], "uv_size": [0.5, 0.5]},
								"west": {"uv": [7, 20], "uv_size": [0.5, 0.5]},
								"up": {"uv": [20, 7], "uv_size": [0.5, 0.5]},
								"down": {"uv": [8, 20.5], "uv_size": [0.5, -0.5]}
							}
						},
						{
							"origin": [-4.37344, 5.62161, 1.83842],
							"size": [0.91875, 0.91875, 0.1371],
							"pivot": [-2.53125, 6.15129, -1.61706],
							"rotation": [0, 0, 22.5],
							"uv": {
								"north": {"uv": [20, 8], "uv_size": [0.5, 0.5]},
								"east": {"uv": [9, 20], "uv_size": [0.5, 0.5]},
								"south": {"uv": [10, 20], "uv_size": [0.5, 0.5]},
								"west": {"uv": [11, 20], "uv_size": [0.5, 0.5]},
								"up": {"uv": [12, 20], "uv_size": [0.5, 0.5]},
								"down": {"uv": [20, 12.5], "uv_size": [0.5, -0.5]}
							}
						}
					]
				},
				{
					"name": "bullets3",
					"parent": "Magazine",
					"pivot": [-3.75, 0.78142, 4.39641],
					"rotation": [-112.42287, -1.91134, -94.62111]
				},
				{
					"name": "762x4",
					"parent": "bullets3",
					"pivot": [0, 2.93267, -0.07455]
				},
				{
					"name": "bullet4",
					"parent": "762x4",
					"pivot": [12, -9.06733, -12.07455],
					"cubes": [
						{
							"origin": [-4.27969, -0.28464, 2.70208],
							"size": [0.73125, 0.73125, 2.88986],
							"pivot": [-2.53125, 0.15128, 2.13293],
							"rotation": [0, 0, 22.5],
							"uv": {
								"north": {"uv": [13, 19], "uv_size": [0.5, 0.5]},
								"east": {"uv": [18, 12], "uv_size": [2, 0.5]},
								"west": {"uv": [18, 13], "uv_size": [2, 0.5]},
								"up": {"uv": [15, 18], "uv_size": [0.5, 2]},
								"down": {"uv": [18, 17], "uv_size": [0.5, -2]}
							}
						},
						{
							"origin": [-4.1883, -0.19324, 1.69663],
							"size": [0.54845, 0.54845, 1.10389],
							"pivot": [-2.53125, 0.15128, 2.13293],
							"rotation": [0, 0, 22.5],
							"uv": {
								"north": {"uv": [19, 15], "uv_size": [0.5, 0.5]},
								"east": {"uv": [19, 16], "uv_size": [0.5, 0.5]},
								"west": {"uv": [19, 17], "uv_size": [0.5, 0.5]},
								"up": {"uv": [18, 19], "uv_size": [0.5, 0.5]},
								"down": {"uv": [19, 18.5], "uv_size": [0.5, -0.5]}
							}
						},
						{
							"origin": [-4.16603, -0.17098, 1.05444],
							"size": [0.50391, 0.50391, 0.6422],
							"pivot": [-2.53125, 0.15128, 2.13293],
							"rotation": [0, 0, 22.5],
							"uv": {
								"north": {"uv": [19, 19], "uv_size": [0.5, 0.5]},
								"east": {"uv": [20, 3], "uv_size": [0.5, 0.5]},
								"west": {"uv": [20, 4], "uv_size": [0.5, 0.5]},
								"up": {"uv": [5, 20], "uv_size": [0.5, 0.5]},
								"down": {"uv": [20, 5.5], "uv_size": [0.5, -0.5]}
							}
						},
						{
							"origin": [-4.12032, -0.12526, 0.5974],
							"size": [0.41248, 0.41247, 0.45703],
							"pivot": [-2.53125, 0.15128, 2.13293],
							"rotation": [0, 0, 22.5],
							"uv": {
								"north": {"uv": [6, 20], "uv_size": [0.5, 0.5]},
								"east": {"uv": [20, 6], "uv_size": [0.5, 0.5]},
								"west": {"uv": [7, 20], "uv_size": [0.5, 0.5]},
								"up": {"uv": [20, 7], "uv_size": [0.5, 0.5]},
								"down": {"uv": [8, 20.5], "uv_size": [0.5, -0.5]}
							}
						},
						{
							"origin": [-4.37344, -0.37839, 5.58843],
							"size": [0.91875, 0.91875, 0.1371],
							"pivot": [-2.53125, 0.15128, 2.13293],
							"rotation": [0, 0, 22.5],
							"uv": {
								"north": {"uv": [20, 8], "uv_size": [0.5, 0.5]},
								"east": {"uv": [9, 20], "uv_size": [0.5, 0.5]},
								"south": {"uv": [10, 20], "uv_size": [0.5, 0.5]},
								"west": {"uv": [11, 20], "uv_size": [0.5, 0.5]},
								"up": {"uv": [12, 20], "uv_size": [0.5, 0.5]},
								"down": {"uv": [20, 12.5], "uv_size": [0.5, -0.5]}
							}
						}
					]
				},
				{
					"name": "bullets2",
					"parent": "Magazine",
					"pivot": [0, 1.53142, -0.85359],
					"rotation": [-90, 0, 0]
				},
				{
					"name": "762x2",
					"parent": "bullets2",
					"pivot": [0, 11.18268, -5.32455]
				},
				{
					"name": "bullet2",
					"parent": "762x2",
					"pivot": [12, -0.81733, -17.32455],
					"cubes": [
						{
							"origin": [-4.27969, 7.96536, -2.54792],
							"size": [0.73125, 0.73125, 2.88986],
							"pivot": [-2.53125, 8.40129, -3.11706],
							"rotation": [0, 0, 22.5],
							"uv": {
								"north": {"uv": [13, 19], "uv_size": [0.5, 0.5]},
								"east": {"uv": [18, 12], "uv_size": [2, 0.5]},
								"west": {"uv": [18, 13], "uv_size": [2, 0.5]},
								"up": {"uv": [15, 18], "uv_size": [0.5, 2]},
								"down": {"uv": [18, 17], "uv_size": [0.5, -2]}
							}
						},
						{
							"origin": [-4.1883, 8.05676, -3.55337],
							"size": [0.54845, 0.54845, 1.10389],
							"pivot": [-2.53125, 8.40129, -3.11706],
							"rotation": [0, 0, 22.5],
							"uv": {
								"north": {"uv": [19, 15], "uv_size": [0.5, 0.5]},
								"east": {"uv": [19, 16], "uv_size": [0.5, 0.5]},
								"west": {"uv": [19, 17], "uv_size": [0.5, 0.5]},
								"up": {"uv": [18, 19], "uv_size": [0.5, 0.5]},
								"down": {"uv": [19, 18.5], "uv_size": [0.5, -0.5]}
							}
						},
						{
							"origin": [-4.16603, 8.07903, -4.19556],
							"size": [0.50391, 0.50391, 0.6422],
							"pivot": [-2.53125, 8.40129, -3.11706],
							"rotation": [0, 0, 22.5],
							"uv": {
								"north": {"uv": [19, 19], "uv_size": [0.5, 0.5]},
								"east": {"uv": [20, 3], "uv_size": [0.5, 0.5]},
								"west": {"uv": [20, 4], "uv_size": [0.5, 0.5]},
								"up": {"uv": [5, 20], "uv_size": [0.5, 0.5]},
								"down": {"uv": [20, 5.5], "uv_size": [0.5, -0.5]}
							}
						},
						{
							"origin": [-4.12032, 8.12475, -4.6526],
							"size": [0.41248, 0.41247, 0.45704],
							"pivot": [-2.53125, 8.40129, -3.11706],
							"rotation": [0, 0, 22.5],
							"uv": {
								"north": {"uv": [6, 20], "uv_size": [0.5, 0.5]},
								"east": {"uv": [20, 6], "uv_size": [0.5, 0.5]},
								"west": {"uv": [7, 20], "uv_size": [0.5, 0.5]},
								"up": {"uv": [20, 7], "uv_size": [0.5, 0.5]},
								"down": {"uv": [8, 20.5], "uv_size": [0.5, -0.5]}
							}
						},
						{
							"origin": [-4.37344, 7.87161, 0.33843],
							"size": [0.91875, 0.91875, 0.1371],
							"pivot": [-2.53125, 8.40129, -3.11706],
							"rotation": [0, 0, 22.5],
							"uv": {
								"north": {"uv": [20, 8], "uv_size": [0.5, 0.5]},
								"east": {"uv": [9, 20], "uv_size": [0.5, 0.5]},
								"south": {"uv": [10, 20], "uv_size": [0.5, 0.5]},
								"west": {"uv": [11, 20], "uv_size": [0.5, 0.5]},
								"up": {"uv": [12, 20], "uv_size": [0.5, 0.5]},
								"down": {"uv": [20, 12.5], "uv_size": [0.5, -0.5]}
							}
						}
					]
				}
			]
		}
	]
}