{
	"format_version": "1.12.0",
	"minecraft:geometry": [
		{
			"description": {
				"identifier": "geometry.unknown",
				"texture_width": 64,
				"texture_height": 64,
				"visible_bounds_width": 21,
				"visible_bounds_height": 17,
				"visible_bounds_offset": [0, 2.5, 0]
			},
			"bones": [
				{
					"name": "root",
					"pivot": [0, 0, -1]
				},
				{
					"name": "shg43_1",
					"parent": "root",
					"pivot": [3, 1.18, -1.4],
					"rotation": [0, 0, -88]
				},
				{
					"name": "body",
					"parent": "shg43_1",
					"pivot": [2.9844, 8.93198, -0.38395],
					"cubes": [
						{
							"origin": [2.60885, -0.74135, -1.91006],
							"size": [0.76, 1.4, 1.8],
							"uv": {
								"north": {"uv": [49, 45], "uv_size": [0.75, 1.5]},
								"east": {"uv": [18, 21], "uv_size": [1.75, 1.5]},
								"south": {"uv": [49, 47], "uv_size": [0.75, 1.5]},
								"west": {"uv": [11, 38], "uv_size": [1.75, 1.5]},
								"up": {"uv": [5, 48], "uv_size": [0.75, 1.75]},
								"down": {"uv": [48, 6.75], "uv_size": [0.75, -1.75]}
							}
						},
						{
							"origin": [2.65885, 0.65865, -1.81006],
							"size": [0.66, 2.4, 1.6],
							"uv": {
								"north": {"uv": [44, 42], "uv_size": [0.75, 2.5]},
								"east": {"uv": [30, 33], "uv_size": [1.5, 2.5]},
								"south": {"uv": [0, 45], "uv_size": [0.75, 2.5]},
								"west": {"uv": [32, 33], "uv_size": [1.5, 2.5]},
								"up": {"uv": [49, 49], "uv_size": [0.75, 1.5]},
								"down": {"uv": [0, 51.5], "uv_size": [0.75, -1.5]}
							}
						},
						{
							"origin": [2.65885, 0.65865, -1.81006],
							"size": [0.66, 2.4, 1.6],
							"pivot": [2.98885, 1.35865, -1.01006],
							"rotation": [0, 90, 0],
							"uv": {
								"north": {"uv": [1, 45], "uv_size": [0.75, 2.5]},
								"east": {"uv": [34, 15], "uv_size": [1.5, 2.5]},
								"south": {"uv": [2, 45], "uv_size": [0.75, 2.5]},
								"west": {"uv": [17, 34], "uv_size": [1.5, 2.5]},
								"up": {"uv": [1, 50], "uv_size": [0.75, 1.5]},
								"down": {"uv": [2, 51.5], "uv_size": [0.75, -1.5]}
							}
						},
						{
							"origin": [2.65651, 0.65865, -1.80909],
							"size": [0.66468, 2.4, 1.59806],
							"pivot": [2.98885, 1.35865, -1.01006],
							"rotation": [0, 45, 0],
							"uv": {
								"north": {"uv": [3, 45], "uv_size": [0.75, 2.5]},
								"east": {"uv": [34, 18], "uv_size": [1.5, 2.5]},
								"south": {"uv": [4, 45], "uv_size": [0.75, 2.5]},
								"west": {"uv": [19, 34], "uv_size": [1.5, 2.5]},
								"up": {"uv": [3, 50], "uv_size": [0.75, 1.5]},
								"down": {"uv": [50, 4.5], "uv_size": [0.75, -1.5]}
							}
						},
						{
							"origin": [2.65651, 0.65865, -1.80909],
							"size": [0.66468, 2.4, 1.59806],
							"pivot": [2.98885, 1.35865, -1.01006],
							"rotation": [0, 135, 0],
							"uv": {
								"north": {"uv": [5, 45], "uv_size": [0.75, 2.5]},
								"east": {"uv": [21, 34], "uv_size": [1.5, 2.5]},
								"south": {"uv": [6, 45], "uv_size": [0.75, 2.5]},
								"west": {"uv": [23, 34], "uv_size": [1.5, 2.5]},
								"up": {"uv": [4, 50], "uv_size": [0.75, 1.5]},
								"down": {"uv": [5, 51.5], "uv_size": [0.75, -1.5]}
							}
						},
						{
							"origin": [2.48885, 6.95865, -2.21006],
							"size": [1, 3.5, 2.4],
							"uv": {
								"north": {"uv": [16, 35], "uv_size": [1, 3.5]},
								"east": {"uv": [20, 15], "uv_size": [2.5, 3.5]},
								"south": {"uv": [36, 30], "uv_size": [1, 3.5]},
								"west": {"uv": [20, 19], "uv_size": [2.5, 3.5]},
								"up": {"uv": [40, 35], "uv_size": [1, 2.5]},
								"down": {"uv": [37, 42.5], "uv_size": [1, -2.5]}
							}
						},
						{
							"origin": [2.49388, 6.95865, -2.21214],
							"size": [0.98995, 3.5, 2.40416],
							"pivot": [2.98885, 7.45865, -1.01006],
							"rotation": [0, 45, 0],
							"uv": {
								"north": {"uv": [31, 36], "uv_size": [1, 3.5]},
								"east": {"uv": [0, 21], "uv_size": [2.5, 3.5]},
								"south": {"uv": [32, 36], "uv_size": [1, 3.5]},
								"west": {"uv": [3, 21], "uv_size": [2.5, 3.5]},
								"up": {"uv": [40, 38], "uv_size": [1, 2.5]},
								"down": {"uv": [0, 43.5], "uv_size": [1, -2.5]}
							}
						},
						{
							"origin": [2.49388, 6.95865, -2.21214],
							"size": [0.98995, 3.5, 2.40416],
							"pivot": [2.98885, 7.45865, -1.01006],
							"rotation": [0, -45, 0],
							"uv": {
								"north": {"uv": [33, 36], "uv_size": [1, 3.5]},
								"east": {"uv": [6, 21], "uv_size": [2.5, 3.5]},
								"south": {"uv": [34, 36], "uv_size": [1, 3.5]},
								"west": {"uv": [9, 21], "uv_size": [2.5, 3.5]},
								"up": {"uv": [41, 0], "uv_size": [1, 2.5]},
								"down": {"uv": [1, 43.5], "uv_size": [1, -2.5]}
							}
						},
						{
							"origin": [2.48885, 6.95865, -2.21006],
							"size": [1, 3.5, 2.4],
							"pivot": [2.98885, 7.45865, -1.01006],
							"rotation": [0, 90, 0],
							"uv": {
								"north": {"uv": [36, 34], "uv_size": [1, 3.5]},
								"east": {"uv": [12, 21], "uv_size": [2.5, 3.5]},
								"south": {"uv": [35, 36], "uv_size": [1, 3.5]},
								"west": {"uv": [15, 21], "uv_size": [2.5, 3.5]},
								"up": {"uv": [2, 41], "uv_size": [1, 2.5]},
								"down": {"uv": [3, 43.5], "uv_size": [1, -2.5]}
							}
						},
						{
							"origin": [2.65885, 5.95865, -1.81006],
							"size": [0.66, 1, 1.6],
							"uv": {
								"north": {"uv": [15, 38], "uv_size": [0.75, 1]},
								"east": {"uv": [44, 36], "uv_size": [1.5, 1]},
								"south": {"uv": [48, 11], "uv_size": [0.75, 1]},
								"west": {"uv": [44, 37], "uv_size": [1.5, 1]},
								"up": {"uv": [50, 5], "uv_size": [0.75, 1.5]},
								"down": {"uv": [6, 51.5], "uv_size": [0.75, -1.5]}
							}
						},
						{
							"origin": [2.65885, 5.95865, -1.81006],
							"size": [0.66, 1, 1.6],
							"pivot": [2.98885, 6.65865, -1.01006],
							"rotation": [0, 90, 0],
							"uv": {
								"north": {"uv": [48, 24], "uv_size": [0.75, 1]},
								"east": {"uv": [31, 45], "uv_size": [1.5, 1]},
								"south": {"uv": [48, 33], "uv_size": [0.75, 1]},
								"west": {"uv": [33, 45], "uv_size": [1.5, 1]},
								"up": {"uv": [7, 50], "uv_size": [0.75, 1.5]},
								"down": {"uv": [50, 8.5], "uv_size": [0.75, -1.5]}
							}
						},
						{
							"origin": [2.65651, 5.95865, -1.80909],
							"size": [0.66468, 1, 1.59806],
							"pivot": [2.98885, 6.65865, -1.01006],
							"rotation": [0, 45, 0],
							"uv": {
								"north": {"uv": [48, 43], "uv_size": [0.75, 1]},
								"east": {"uv": [35, 45], "uv_size": [1.5, 1]},
								"south": {"uv": [49, 11], "uv_size": [0.75, 1]},
								"west": {"uv": [38, 45], "uv_size": [1.5, 1]},
								"up": {"uv": [8, 50], "uv_size": [0.75, 1.5]},
								"down": {"uv": [9, 51.5], "uv_size": [0.75, -1.5]}
							}
						},
						{
							"origin": [2.65651, 5.95865, -1.80909],
							"size": [0.66468, 1, 1.59806],
							"pivot": [2.98885, 6.65865, -1.01006],
							"rotation": [0, 135, 0],
							"uv": {
								"north": {"uv": [49, 24], "uv_size": [0.75, 1]},
								"east": {"uv": [40, 45], "uv_size": [1.5, 1]},
								"south": {"uv": [49, 37], "uv_size": [0.75, 1]},
								"west": {"uv": [42, 45], "uv_size": [1.5, 1]},
								"up": {"uv": [50, 9], "uv_size": [0.75, 1.5]},
								"down": {"uv": [10, 51.5], "uv_size": [0.75, -1.5]}
							}
						},
						{
							"origin": [2.60885, -0.74135, -1.91006],
							"size": [0.76, 1.4, 1.8],
							"pivot": [2.98885, -0.54135, -1.01006],
							"rotation": [0, 90, 0],
							"uv": {
								"north": {"uv": [11, 50], "uv_size": [0.75, 1.5]},
								"east": {"uv": [13, 38], "uv_size": [1.75, 1.5]},
								"south": {"uv": [12, 50], "uv_size": [0.75, 1.5]},
								"west": {"uv": [38, 27], "uv_size": [1.75, 1.5]},
								"up": {"uv": [6, 48], "uv_size": [0.75, 1.75]},
								"down": {"uv": [7, 49.75], "uv_size": [0.75, -1.75]}
							}
						},
						{
							"origin": [2.62115, -0.74135, -1.91516],
							"size": [0.73539, 1.4, 1.81019],
							"pivot": [2.98885, -0.54135, -1.01006],
							"rotation": [0, 45, 0],
							"uv": {
								"north": {"uv": [13, 50], "uv_size": [0.75, 1.5]},
								"east": {"uv": [38, 29], "uv_size": [1.75, 1.5]},
								"south": {"uv": [14, 50], "uv_size": [0.75, 1.5]},
								"west": {"uv": [38, 31], "uv_size": [1.75, 1.5]},
								"up": {"uv": [48, 7], "uv_size": [0.75, 1.75]},
								"down": {"uv": [8, 49.75], "uv_size": [0.75, -1.75]}
							}
						},
						{
							"origin": [2.62115, -0.74135, -1.91516],
							"size": [0.73539, 1.4, 1.81019],
							"pivot": [2.98885, -0.54135, -1.01006],
							"rotation": [0, 135, 0],
							"uv": {
								"north": {"uv": [15, 50], "uv_size": [0.75, 1.5]},
								"east": {"uv": [38, 33], "uv_size": [1.75, 1.5]},
								"south": {"uv": [16, 50], "uv_size": [0.75, 1.5]},
								"west": {"uv": [38, 35], "uv_size": [1.75, 1.5]},
								"up": {"uv": [9, 48], "uv_size": [0.75, 1.75]},
								"down": {"uv": [48, 10.75], "uv_size": [0.75, -1.75]}
							}
						},
						{
							"origin": [2.60885, 3.05865, -1.91006],
							"size": [0.76, 2.9, 1.8],
							"uv": {
								"north": {"uv": [42, 3], "uv_size": [0.75, 3]},
								"east": {"uv": [30, 27], "uv_size": [1.75, 3]},
								"south": {"uv": [42, 6], "uv_size": [0.75, 3]},
								"west": {"uv": [30, 30], "uv_size": [1.75, 3]},
								"up": {"uv": [10, 48], "uv_size": [0.75, 1.75]},
								"down": {"uv": [11, 49.75], "uv_size": [0.75, -1.75]}
							}
						},
						{
							"origin": [2.60885, 3.05865, -1.91006],
							"size": [0.76, 2.9, 1.8],
							"pivot": [2.98885, 3.25865, -1.01006],
							"rotation": [0, 90, 0],
							"uv": {
								"north": {"uv": [8, 42], "uv_size": [0.75, 3]},
								"east": {"uv": [31, 0], "uv_size": [1.75, 3]},
								"south": {"uv": [9, 42], "uv_size": [0.75, 3]},
								"west": {"uv": [31, 3], "uv_size": [1.75, 3]},
								"up": {"uv": [12, 48], "uv_size": [0.75, 1.75]},
								"down": {"uv": [13, 49.75], "uv_size": [0.75, -1.75]}
							}
						},
						{
							"origin": [2.62115, 3.05865, -1.91516],
							"size": [0.73539, 2.9, 1.81019],
							"pivot": [2.98885, 3.25865, -1.01006],
							"rotation": [0, 45, 0],
							"uv": {
								"north": {"uv": [42, 9], "uv_size": [0.75, 3]},
								"east": {"uv": [31, 6], "uv_size": [1.75, 3]},
								"south": {"uv": [10, 42], "uv_size": [0.75, 3]},
								"west": {"uv": [31, 9], "uv_size": [1.75, 3]},
								"up": {"uv": [14, 48], "uv_size": [0.75, 1.75]},
								"down": {"uv": [15, 49.75], "uv_size": [0.75, -1.75]}
							}
						},
						{
							"origin": [2.62115, 3.05865, -1.91516],
							"size": [0.73539, 2.9, 1.81019],
							"pivot": [2.98885, 3.25865, -1.01006],
							"rotation": [0, 135, 0],
							"uv": {
								"north": {"uv": [11, 42], "uv_size": [0.75, 3]},
								"east": {"uv": [31, 12], "uv_size": [1.75, 3]},
								"south": {"uv": [12, 42], "uv_size": [0.75, 3]},
								"west": {"uv": [18, 31], "uv_size": [1.75, 3]},
								"up": {"uv": [16, 48], "uv_size": [0.75, 1.75]},
								"down": {"uv": [17, 49.75], "uv_size": [0.75, -1.75]}
							}
						}
					]
				},
				{
					"name": "cap",
					"parent": "shg43_1",
					"pivot": [3, 1.18, -1.4],
					"cubes": [
						{
							"origin": [2.56885, -1.84135, -2.01006],
							"size": [0.84, 1.1, 2],
							"uv": {
								"north": {"uv": [50, 11], "uv_size": [0.75, 1]},
								"east": {"uv": [42, 36], "uv_size": [2, 1]},
								"south": {"uv": [50, 24], "uv_size": [0.75, 1]},
								"west": {"uv": [42, 37], "uv_size": [2, 1]},
								"up": {"uv": [29, 21], "uv_size": [0.75, 2]},
								"down": {"uv": [17, 34], "uv_size": [0.75, -2]}
							}
						},
						{
							"origin": [2.56885, -1.84135, -2.01006],
							"size": [0.84, 1.1, 2],
							"pivot": [2.98885, -0.84135, -1.01006],
							"rotation": [0, 90, 0],
							"uv": {
								"north": {"uv": [50, 37], "uv_size": [0.75, 1]},
								"east": {"uv": [0, 44], "uv_size": [2, 1]},
								"south": {"uv": [5, 52], "uv_size": [0.75, 1]},
								"west": {"uv": [2, 44], "uv_size": [2, 1]},
								"up": {"uv": [8, 33], "uv_size": [0.75, 2]},
								"down": {"uv": [29, 36], "uv_size": [0.75, -2]}
							}
						},
						{
							"origin": [2.57873, -1.84135, -2.01415],
							"size": [0.82024, 1.1, 2.00818],
							"pivot": [2.98885, -0.84135, -1.01006],
							"rotation": [0, 45, 0],
							"uv": {
								"north": {"uv": [6, 52], "uv_size": [0.75, 1]},
								"east": {"uv": [44, 3], "uv_size": [2, 1]},
								"south": {"uv": [52, 6], "uv_size": [0.75, 1]},
								"west": {"uv": [4, 44], "uv_size": [2, 1]},
								"up": {"uv": [45, 42], "uv_size": [0.75, 2]},
								"down": {"uv": [44, 47], "uv_size": [0.75, -2]}
							}
						},
						{
							"origin": [2.57873, -1.84135, -2.01415],
							"size": [0.82024, 1.1, 2.00818],
							"pivot": [2.98885, -0.84135, -1.01006],
							"rotation": [0, 135, 0],
							"uv": {
								"north": {"uv": [7, 52], "uv_size": [0.75, 1]},
								"east": {"uv": [44, 4], "uv_size": [2, 1]},
								"south": {"uv": [52, 7], "uv_size": [0.75, 1]},
								"west": {"uv": [44, 5], "uv_size": [2, 1]},
								"up": {"uv": [45, 44], "uv_size": [0.75, 2]},
								"down": {"uv": [46, 5], "uv_size": [0.75, -2]}
							}
						}
					]
				},
				{
					"name": "shg43_2",
					"parent": "root",
					"pivot": [-3.2, 1.18, 0.84],
					"rotation": [0, 0, 88]
				},
				{
					"name": "body2",
					"parent": "shg43_2",
					"pivot": [-3.2156, 8.93198, 1.85605],
					"cubes": [
						{
							"origin": [-3.59115, -0.74135, 0.32994],
							"size": [0.76, 1.4, 1.8],
							"uv": {
								"north": {"uv": [17, 50], "uv_size": [0.75, 1.5]},
								"east": {"uv": [36, 38], "uv_size": [1.75, 1.5]},
								"south": {"uv": [18, 50], "uv_size": [0.75, 1.5]},
								"west": {"uv": [38, 37], "uv_size": [1.75, 1.5]},
								"up": {"uv": [18, 48], "uv_size": [0.75, 1.75]},
								"down": {"uv": [19, 49.75], "uv_size": [0.75, -1.75]}
							}
						},
						{
							"origin": [-3.54115, 0.65865, 0.42994],
							"size": [0.66, 2.4, 1.6],
							"uv": {
								"north": {"uv": [7, 45], "uv_size": [0.75, 2.5]},
								"east": {"uv": [25, 34], "uv_size": [1.5, 2.5]},
								"south": {"uv": [8, 45], "uv_size": [0.75, 2.5]},
								"west": {"uv": [27, 34], "uv_size": [1.5, 2.5]},
								"up": {"uv": [19, 50], "uv_size": [0.75, 1.5]},
								"down": {"uv": [20, 51.5], "uv_size": [0.75, -1.5]}
							}
						},
						{
							"origin": [-3.54115, 0.65865, 0.42994],
							"size": [0.66, 2.4, 1.6],
							"pivot": [-3.21115, 1.35865, 1.22994],
							"rotation": [0, 90, 0],
							"uv": {
								"north": {"uv": [9, 45], "uv_size": [0.75, 2.5]},
								"east": {"uv": [34, 27], "uv_size": [1.5, 2.5]},
								"south": {"uv": [10, 45], "uv_size": [0.75, 2.5]},
								"west": {"uv": [34, 30], "uv_size": [1.5, 2.5]},
								"up": {"uv": [21, 50], "uv_size": [0.75, 1.5]},
								"down": {"uv": [22, 51.5], "uv_size": [0.75, -1.5]}
							}
						},
						{
							"origin": [-3.54349, 0.65865, 0.43091],
							"size": [0.66468, 2.4, 1.59806],
							"pivot": [-3.21115, 1.35865, 1.22994],
							"rotation": [0, 45, 0],
							"uv": {
								"north": {"uv": [11, 45], "uv_size": [0.75, 2.5]},
								"east": {"uv": [34, 33], "uv_size": [1.5, 2.5]},
								"south": {"uv": [12, 45], "uv_size": [0.75, 2.5]},
								"west": {"uv": [35, 0], "uv_size": [1.5, 2.5]},
								"up": {"uv": [23, 50], "uv_size": [0.75, 1.5]},
								"down": {"uv": [24, 51.5], "uv_size": [0.75, -1.5]}
							}
						},
						{
							"origin": [-3.54349, 0.65865, 0.43091],
							"size": [0.66468, 2.4, 1.59806],
							"pivot": [-3.21115, 1.35865, 1.22994],
							"rotation": [0, 135, 0],
							"uv": {
								"north": {"uv": [13, 45], "uv_size": [0.75, 2.5]},
								"east": {"uv": [35, 3], "uv_size": [1.5, 2.5]},
								"south": {"uv": [14, 45], "uv_size": [0.75, 2.5]},
								"west": {"uv": [35, 6], "uv_size": [1.5, 2.5]},
								"up": {"uv": [25, 50], "uv_size": [0.75, 1.5]},
								"down": {"uv": [26, 51.5], "uv_size": [0.75, -1.5]}
							}
						},
						{
							"origin": [-3.71115, 6.95865, 0.02994],
							"size": [1, 3.5, 2.4],
							"uv": {
								"north": {"uv": [37, 0], "uv_size": [1, 3.5]},
								"east": {"uv": [23, 15], "uv_size": [2.5, 3.5]},
								"south": {"uv": [37, 4], "uv_size": [1, 3.5]},
								"west": {"uv": [18, 23], "uv_size": [2.5, 3.5]},
								"up": {"uv": [41, 3], "uv_size": [1, 2.5]},
								"down": {"uv": [4, 43.5], "uv_size": [1, -2.5]}
							}
						},
						{
							"origin": [-3.70612, 6.95865, 0.02786],
							"size": [0.98995, 3.5, 2.40416],
							"pivot": [-3.21115, 7.45865, 1.22994],
							"rotation": [0, 45, 0],
							"uv": {
								"north": {"uv": [37, 8], "uv_size": [1, 3.5]},
								"east": {"uv": [23, 19], "uv_size": [2.5, 3.5]},
								"south": {"uv": [17, 37], "uv_size": [1, 3.5]},
								"west": {"uv": [21, 23], "uv_size": [2.5, 3.5]},
								"up": {"uv": [5, 41], "uv_size": [1, 2.5]},
								"down": {"uv": [6, 43.5], "uv_size": [1, -2.5]}
							}
						},
						{
							"origin": [-3.70612, 6.95865, 0.02786],
							"size": [0.98995, 3.5, 2.40416],
							"pivot": [-3.21115, 7.45865, 1.22994],
							"rotation": [0, -45, 0],
							"uv": {
								"north": {"uv": [18, 37], "uv_size": [1, 3.5]},
								"east": {"uv": [24, 23], "uv_size": [2.5, 3.5]},
								"south": {"uv": [19, 37], "uv_size": [1, 3.5]},
								"west": {"uv": [0, 25], "uv_size": [2.5, 3.5]},
								"up": {"uv": [41, 6], "uv_size": [1, 2.5]},
								"down": {"uv": [7, 43.5], "uv_size": [1, -2.5]}
							}
						},
						{
							"origin": [-3.71115, 6.95865, 0.02994],
							"size": [1, 3.5, 2.4],
							"pivot": [-3.21115, 7.45865, 1.22994],
							"rotation": [0, 90, 0],
							"uv": {
								"north": {"uv": [20, 37], "uv_size": [1, 3.5]},
								"east": {"uv": [3, 25], "uv_size": [2.5, 3.5]},
								"south": {"uv": [21, 37], "uv_size": [1, 3.5]},
								"west": {"uv": [6, 25], "uv_size": [2.5, 3.5]},
								"up": {"uv": [41, 9], "uv_size": [1, 2.5]},
								"down": {"uv": [15, 43.5], "uv_size": [1, -2.5]}
							}
						},
						{
							"origin": [-3.54115, 5.95865, 0.42994],
							"size": [0.66, 1, 1.6],
							"uv": {
								"north": {"uv": [52, 9], "uv_size": [0.75, 1]},
								"east": {"uv": [46, 5], "uv_size": [1.5, 1]},
								"south": {"uv": [52, 10], "uv_size": [0.75, 1]},
								"west": {"uv": [46, 6], "uv_size": [1.5, 1]},
								"up": {"uv": [27, 50], "uv_size": [0.75, 1.5]},
								"down": {"uv": [50, 28.5], "uv_size": [0.75, -1.5]}
							}
						},
						{
							"origin": [-3.54115, 5.95865, 0.42994],
							"size": [0.66, 1, 1.6],
							"pivot": [-3.21115, 6.65865, 1.22994],
							"rotation": [0, 90, 0],
							"uv": {
								"north": {"uv": [11, 52], "uv_size": [0.75, 1]},
								"east": {"uv": [46, 7], "uv_size": [1.5, 1]},
								"south": {"uv": [52, 11], "uv_size": [0.75, 1]},
								"west": {"uv": [46, 8], "uv_size": [1.5, 1]},
								"up": {"uv": [28, 50], "uv_size": [0.75, 1.5]},
								"down": {"uv": [29, 51.5], "uv_size": [0.75, -1.5]}
							}
						},
						{
							"origin": [-3.54349, 5.95865, 0.43091],
							"size": [0.66468, 1, 1.59806],
							"pivot": [-3.21115, 6.65865, 1.22994],
							"rotation": [0, 45, 0],
							"uv": {
								"north": {"uv": [12, 52], "uv_size": [0.75, 1]},
								"east": {"uv": [46, 9], "uv_size": [1.5, 1]},
								"south": {"uv": [52, 12], "uv_size": [0.75, 1]},
								"west": {"uv": [46, 10], "uv_size": [1.5, 1]},
								"up": {"uv": [50, 29], "uv_size": [0.75, 1.5]},
								"down": {"uv": [30, 51.5], "uv_size": [0.75, -1.5]}
							}
						},
						{
							"origin": [-3.54349, 5.95865, 0.43091],
							"size": [0.66468, 1, 1.59806],
							"pivot": [-3.21115, 6.65865, 1.22994],
							"rotation": [0, 135, 0],
							"uv": {
								"north": {"uv": [13, 52], "uv_size": [0.75, 1]},
								"east": {"uv": [46, 11], "uv_size": [1.5, 1]},
								"south": {"uv": [52, 13], "uv_size": [0.75, 1]},
								"west": {"uv": [46, 27], "uv_size": [1.5, 1]},
								"up": {"uv": [31, 50], "uv_size": [0.75, 1.5]},
								"down": {"uv": [50, 32.5], "uv_size": [0.75, -1.5]}
							}
						},
						{
							"origin": [-3.59115, -0.74135, 0.32994],
							"size": [0.76, 1.4, 1.8],
							"pivot": [-3.21115, -0.54135, 1.22994],
							"rotation": [0, 90, 0],
							"uv": {
								"north": {"uv": [32, 50], "uv_size": [0.75, 1.5]},
								"east": {"uv": [0, 39], "uv_size": [1.75, 1.5]},
								"south": {"uv": [33, 50], "uv_size": [0.75, 1.5]},
								"west": {"uv": [39, 0], "uv_size": [1.75, 1.5]},
								"up": {"uv": [20, 48], "uv_size": [0.75, 1.75]},
								"down": {"uv": [21, 49.75], "uv_size": [0.75, -1.75]}
							}
						},
						{
							"origin": [-3.57885, -0.74135, 0.32484],
							"size": [0.73539, 1.4, 1.81019],
							"pivot": [-3.21115, -0.54135, 1.22994],
							"rotation": [0, 45, 0],
							"uv": {
								"north": {"uv": [50, 33], "uv_size": [0.75, 1.5]},
								"east": {"uv": [2, 39], "uv_size": [1.75, 1.5]},
								"south": {"uv": [34, 50], "uv_size": [0.75, 1.5]},
								"west": {"uv": [39, 2], "uv_size": [1.75, 1.5]},
								"up": {"uv": [22, 48], "uv_size": [0.75, 1.75]},
								"down": {"uv": [23, 49.75], "uv_size": [0.75, -1.75]}
							}
						},
						{
							"origin": [-3.57885, -0.74135, 0.32484],
							"size": [0.73539, 1.4, 1.81019],
							"pivot": [-3.21115, -0.54135, 1.22994],
							"rotation": [0, 135, 0],
							"uv": {
								"north": {"uv": [35, 50], "uv_size": [0.75, 1.5]},
								"east": {"uv": [4, 39], "uv_size": [1.75, 1.5]},
								"south": {"uv": [50, 35], "uv_size": [0.75, 1.5]},
								"west": {"uv": [39, 4], "uv_size": [1.75, 1.5]},
								"up": {"uv": [24, 48], "uv_size": [0.75, 1.75]},
								"down": {"uv": [25, 49.75], "uv_size": [0.75, -1.75]}
							}
						},
						{
							"origin": [-3.59115, 3.05865, 0.32994],
							"size": [0.76, 2.9, 1.8],
							"uv": {
								"north": {"uv": [13, 42], "uv_size": [0.75, 3]},
								"east": {"uv": [20, 31], "uv_size": [1.75, 3]},
								"south": {"uv": [14, 42], "uv_size": [0.75, 3]},
								"west": {"uv": [22, 31], "uv_size": [1.75, 3]},
								"up": {"uv": [26, 48], "uv_size": [0.75, 1.75]},
								"down": {"uv": [27, 49.75], "uv_size": [0.75, -1.75]}
							}
						},
						{
							"origin": [-3.59115, 3.05865, 0.32994],
							"size": [0.76, 2.9, 1.8],
							"pivot": [-3.21115, 3.25865, 1.22994],
							"rotation": [0, 90, 0],
							"uv": {
								"north": {"uv": [42, 27], "uv_size": [0.75, 3]},
								"east": {"uv": [24, 31], "uv_size": [1.75, 3]},
								"south": {"uv": [42, 30], "uv_size": [0.75, 3]},
								"west": {"uv": [26, 31], "uv_size": [1.75, 3]},
								"up": {"uv": [48, 27], "uv_size": [0.75, 1.75]},
								"down": {"uv": [28, 49.75], "uv_size": [0.75, -1.75]}
							}
						},
						{
							"origin": [-3.57885, 3.05865, 0.32484],
							"size": [0.73539, 2.9, 1.81019],
							"pivot": [-3.21115, 3.25865, 1.22994],
							"rotation": [0, 45, 0],
							"uv": {
								"north": {"uv": [31, 42], "uv_size": [0.75, 3]},
								"east": {"uv": [28, 31], "uv_size": [1.75, 3]},
								"south": {"uv": [32, 42], "uv_size": [0.75, 3]},
								"west": {"uv": [9, 32], "uv_size": [1.75, 3]},
								"up": {"uv": [29, 48], "uv_size": [0.75, 1.75]},
								"down": {"uv": [48, 30.75], "uv_size": [0.75, -1.75]}
							}
						},
						{
							"origin": [-3.57885, 3.05865, 0.32484],
							"size": [0.73539, 2.9, 1.81019],
							"pivot": [-3.21115, 3.25865, 1.22994],
							"rotation": [0, 135, 0],
							"uv": {
								"north": {"uv": [33, 42], "uv_size": [0.75, 3]},
								"east": {"uv": [11, 32], "uv_size": [1.75, 3]},
								"south": {"uv": [42, 33], "uv_size": [0.75, 3]},
								"west": {"uv": [13, 32], "uv_size": [1.75, 3]},
								"up": {"uv": [30, 48], "uv_size": [0.75, 1.75]},
								"down": {"uv": [31, 49.75], "uv_size": [0.75, -1.75]}
							}
						}
					]
				},
				{
					"name": "cap2",
					"parent": "shg43_2",
					"pivot": [-3.2, 1.18, 0.84],
					"cubes": [
						{
							"origin": [-3.63115, -1.84135, 0.22994],
							"size": [0.84, 1.1, 2],
							"uv": {
								"north": {"uv": [14, 52], "uv_size": [0.75, 1]},
								"east": {"uv": [6, 44], "uv_size": [2, 1]},
								"south": {"uv": [52, 14], "uv_size": [0.75, 1]},
								"west": {"uv": [44, 6], "uv_size": [2, 1]},
								"up": {"uv": [46, 28], "uv_size": [0.75, 2]},
								"down": {"uv": [46, 32], "uv_size": [0.75, -2]}
							}
						},
						{
							"origin": [-3.63115, -1.84135, 0.22994],
							"size": [0.84, 1.1, 2],
							"pivot": [-3.21115, -0.84135, 1.22994],
							"rotation": [0, 90, 0],
							"uv": {
								"north": {"uv": [15, 52], "uv_size": [0.75, 1]},
								"east": {"uv": [44, 7], "uv_size": [2, 1]},
								"south": {"uv": [52, 15], "uv_size": [0.75, 1]},
								"west": {"uv": [44, 8], "uv_size": [2, 1]},
								"up": {"uv": [31, 46], "uv_size": [0.75, 2]},
								"down": {"uv": [32, 48], "uv_size": [0.75, -2]}
							}
						},
						{
							"origin": [-3.62127, -1.84135, 0.22585],
							"size": [0.82024, 1.1, 2.00818],
							"pivot": [-3.21115, -0.84135, 1.22994],
							"rotation": [0, 45, 0],
							"uv": {
								"north": {"uv": [16, 52], "uv_size": [0.75, 1]},
								"east": {"uv": [44, 9], "uv_size": [2, 1]},
								"south": {"uv": [52, 16], "uv_size": [0.75, 1]},
								"west": {"uv": [44, 10], "uv_size": [2, 1]},
								"up": {"uv": [46, 32], "uv_size": [0.75, 2]},
								"down": {"uv": [33, 48], "uv_size": [0.75, -2]}
							}
						},
						{
							"origin": [-3.62127, -1.84135, 0.22585],
							"size": [0.82024, 1.1, 2.00818],
							"pivot": [-3.21115, -0.84135, 1.22994],
							"rotation": [0, 135, 0],
							"uv": {
								"north": {"uv": [17, 52], "uv_size": [0.75, 1]},
								"east": {"uv": [44, 11], "uv_size": [2, 1]},
								"south": {"uv": [52, 17], "uv_size": [0.75, 1]},
								"west": {"uv": [15, 44], "uv_size": [2, 1]},
								"up": {"uv": [34, 46], "uv_size": [0.75, 2]},
								"down": {"uv": [46, 36], "uv_size": [0.75, -2]}
							}
						}
					]
				},
				{
					"name": "shg43_4",
					"parent": "root",
					"pivot": [-3.2, 1.18, -3.63],
					"rotation": [0, 0, 88]
				},
				{
					"name": "body4",
					"parent": "shg43_4",
					"pivot": [-3.2156, 8.93198, -2.61395],
					"cubes": [
						{
							"origin": [-3.59115, -0.74135, -4.14006],
							"size": [0.76, 1.4, 1.8],
							"uv": {
								"north": {"uv": [51, 26], "uv_size": [0.75, 1.5]},
								"east": {"uv": [13, 40], "uv_size": [1.75, 1.5]},
								"south": {"uv": [51, 28], "uv_size": [0.75, 1.5]},
								"west": {"uv": [40, 27], "uv_size": [1.75, 1.5]},
								"up": {"uv": [46, 48], "uv_size": [0.75, 1.75]},
								"down": {"uv": [48, 47.75], "uv_size": [0.75, -1.75]}
							}
						},
						{
							"origin": [-3.54115, 0.65865, -4.04006],
							"size": [0.66, 2.4, 1.6],
							"uv": {
								"north": {"uv": [23, 45], "uv_size": [0.75, 2.5]},
								"east": {"uv": [0, 36], "uv_size": [1.5, 2.5]},
								"south": {"uv": [24, 45], "uv_size": [0.75, 2.5]},
								"west": {"uv": [2, 36], "uv_size": [1.5, 2.5]},
								"up": {"uv": [51, 30], "uv_size": [0.75, 1.5]},
								"down": {"uv": [51, 33.5], "uv_size": [0.75, -1.5]}
							}
						},
						{
							"origin": [-3.54115, 0.65865, -4.04006],
							"size": [0.66, 2.4, 1.6],
							"pivot": [-3.21115, 1.35865, -3.24006],
							"rotation": [0, 90, 0],
							"uv": {
								"north": {"uv": [25, 45], "uv_size": [0.75, 2.5]},
								"east": {"uv": [4, 36], "uv_size": [1.5, 2.5]},
								"south": {"uv": [26, 45], "uv_size": [0.75, 2.5]},
								"west": {"uv": [6, 36], "uv_size": [1.5, 2.5]},
								"up": {"uv": [51, 34], "uv_size": [0.75, 1.5]},
								"down": {"uv": [51, 37.5], "uv_size": [0.75, -1.5]}
							}
						},
						{
							"origin": [-3.54349, 0.65865, -4.03909],
							"size": [0.66468, 2.4, 1.59806],
							"pivot": [-3.21115, 1.35865, -3.24006],
							"rotation": [0, 45, 0],
							"uv": {
								"north": {"uv": [27, 45], "uv_size": [0.75, 2.5]},
								"east": {"uv": [36, 15], "uv_size": [1.5, 2.5]},
								"south": {"uv": [28, 45], "uv_size": [0.75, 2.5]},
								"west": {"uv": [36, 18], "uv_size": [1.5, 2.5]},
								"up": {"uv": [51, 38], "uv_size": [0.75, 1.5]},
								"down": {"uv": [51, 41.5], "uv_size": [0.75, -1.5]}
							}
						},
						{
							"origin": [-3.54349, 0.65865, -4.03909],
							"size": [0.66468, 2.4, 1.59806],
							"pivot": [-3.21115, 1.35865, -3.24006],
							"rotation": [0, 135, 0],
							"uv": {
								"north": {"uv": [29, 45], "uv_size": [0.75, 2.5]},
								"east": {"uv": [36, 27], "uv_size": [1.5, 2.5]},
								"south": {"uv": [30, 45], "uv_size": [0.75, 2.5]},
								"west": {"uv": [29, 36], "uv_size": [1.5, 2.5]},
								"up": {"uv": [51, 42], "uv_size": [0.75, 1.5]},
								"down": {"uv": [44, 52.5], "uv_size": [0.75, -1.5]}
							}
						},
						{
							"origin": [-3.71115, 6.95865, -4.44006],
							"size": [1, 3.5, 2.4],
							"uv": {
								"north": {"uv": [37, 30], "uv_size": [1, 3.5]},
								"east": {"uv": [24, 27], "uv_size": [2.5, 3.5]},
								"south": {"uv": [37, 34], "uv_size": [1, 3.5]},
								"west": {"uv": [27, 27], "uv_size": [2.5, 3.5]},
								"up": {"uv": [24, 41], "uv_size": [1, 2.5]},
								"down": {"uv": [25, 43.5], "uv_size": [1, -2.5]}
							}
						},
						{
							"origin": [-3.70612, 6.95865, -4.44214],
							"size": [0.98995, 3.5, 2.40416],
							"pivot": [-3.21115, 7.45865, -3.24006],
							"rotation": [0, 45, 0],
							"uv": {
								"north": {"uv": [38, 0], "uv_size": [1, 3.5]},
								"east": {"uv": [28, 0], "uv_size": [2.5, 3.5]},
								"south": {"uv": [38, 4], "uv_size": [1, 3.5]},
								"west": {"uv": [28, 4], "uv_size": [2.5, 3.5]},
								"up": {"uv": [26, 41], "uv_size": [1, 2.5]},
								"down": {"uv": [27, 43.5], "uv_size": [1, -2.5]}
							}
						},
						{
							"origin": [-3.70612, 6.95865, -4.44214],
							"size": [0.98995, 3.5, 2.40416],
							"pivot": [-3.21115, 7.45865, -3.24006],
							"rotation": [0, -45, 0],
							"uv": {
								"north": {"uv": [8, 38], "uv_size": [1, 3.5]},
								"east": {"uv": [28, 8], "uv_size": [2.5, 3.5]},
								"south": {"uv": [38, 8], "uv_size": [1, 3.5]},
								"west": {"uv": [0, 29], "uv_size": [2.5, 3.5]},
								"up": {"uv": [28, 41], "uv_size": [1, 2.5]},
								"down": {"uv": [29, 43.5], "uv_size": [1, -2.5]}
							}
						},
						{
							"origin": [-3.71115, 6.95865, -4.44006],
							"size": [1, 3.5, 2.4],
							"pivot": [-3.21115, 7.45865, -3.24006],
							"rotation": [0, 90, 0],
							"uv": {
								"north": {"uv": [9, 38], "uv_size": [1, 3.5]},
								"east": {"uv": [3, 29], "uv_size": [2.5, 3.5]},
								"south": {"uv": [10, 38], "uv_size": [1, 3.5]},
								"west": {"uv": [6, 29], "uv_size": [2.5, 3.5]},
								"up": {"uv": [30, 41], "uv_size": [1, 2.5]},
								"down": {"uv": [41, 37.5], "uv_size": [1, -2.5]}
							}
						},
						{
							"origin": [-3.54115, 5.95865, -4.04006],
							"size": [0.66, 1, 1.6],
							"uv": {
								"north": {"uv": [26, 52], "uv_size": [0.75, 1]},
								"east": {"uv": [47, 34], "uv_size": [1.5, 1]},
								"south": {"uv": [52, 26], "uv_size": [0.75, 1]},
								"west": {"uv": [35, 47], "uv_size": [1.5, 1]},
								"up": {"uv": [51, 44], "uv_size": [0.75, 1.5]},
								"down": {"uv": [51, 47.5], "uv_size": [0.75, -1.5]}
							}
						},
						{
							"origin": [-3.54115, 5.95865, -4.04006],
							"size": [0.66, 1, 1.6],
							"pivot": [-3.21115, 6.65865, -3.24006],
							"rotation": [0, 90, 0],
							"uv": {
								"north": {"uv": [27, 52], "uv_size": [0.75, 1]},
								"east": {"uv": [47, 35], "uv_size": [1.5, 1]},
								"south": {"uv": [52, 27], "uv_size": [0.75, 1]},
								"west": {"uv": [37, 47], "uv_size": [1.5, 1]},
								"up": {"uv": [51, 48], "uv_size": [0.75, 1.5]},
								"down": {"uv": [49, 52.5], "uv_size": [0.75, -1.5]}
							}
						},
						{
							"origin": [-3.54349, 5.95865, -4.03909],
							"size": [0.66468, 1, 1.59806],
							"pivot": [-3.21115, 6.65865, -3.24006],
							"rotation": [0, 45, 0],
							"uv": {
								"north": {"uv": [28, 52], "uv_size": [0.75, 1]},
								"east": {"uv": [39, 47], "uv_size": [1.5, 1]},
								"south": {"uv": [52, 28], "uv_size": [0.75, 1]},
								"west": {"uv": [41, 47], "uv_size": [1.5, 1]},
								"up": {"uv": [50, 51], "uv_size": [0.75, 1.5]},
								"down": {"uv": [51, 51.5], "uv_size": [0.75, -1.5]}
							}
						},
						{
							"origin": [-3.54349, 5.95865, -4.03909],
							"size": [0.66468, 1, 1.59806],
							"pivot": [-3.21115, 6.65865, -3.24006],
							"rotation": [0, 135, 0],
							"uv": {
								"north": {"uv": [29, 52], "uv_size": [0.75, 1]},
								"east": {"uv": [47, 44], "uv_size": [1.5, 1]},
								"south": {"uv": [52, 29], "uv_size": [0.75, 1]},
								"west": {"uv": [47, 45], "uv_size": [1.5, 1]},
								"up": {"uv": [0, 52], "uv_size": [0.75, 1.5]},
								"down": {"uv": [52, 1.5], "uv_size": [0.75, -1.5]}
							}
						},
						{
							"origin": [-3.59115, -0.74135, -4.14006],
							"size": [0.76, 1.4, 1.8],
							"pivot": [-3.21115, -0.54135, -3.24006],
							"rotation": [0, 90, 0],
							"uv": {
								"north": {"uv": [1, 52], "uv_size": [0.75, 1.5]},
								"east": {"uv": [40, 29], "uv_size": [1.75, 1.5]},
								"south": {"uv": [2, 52], "uv_size": [0.75, 1.5]},
								"west": {"uv": [31, 40], "uv_size": [1.75, 1.5]},
								"up": {"uv": [47, 48], "uv_size": [0.75, 1.75]},
								"down": {"uv": [48, 49.75], "uv_size": [0.75, -1.75]}
							}
						},
						{
							"origin": [-3.57885, -0.74135, -4.14516],
							"size": [0.73539, 1.4, 1.81019],
							"pivot": [-3.21115, -0.54135, -3.24006],
							"rotation": [0, 45, 0],
							"uv": {
								"north": {"uv": [52, 2], "uv_size": [0.75, 1.5]},
								"east": {"uv": [40, 31], "uv_size": [1.75, 1.5]},
								"south": {"uv": [3, 52], "uv_size": [0.75, 1.5]},
								"west": {"uv": [33, 40], "uv_size": [1.75, 1.5]},
								"up": {"uv": [49, 3], "uv_size": [0.75, 1.75]},
								"down": {"uv": [49, 6.75], "uv_size": [0.75, -1.75]}
							}
						},
						{
							"origin": [-3.57885, -0.74135, -4.14516],
							"size": [0.73539, 1.4, 1.81019],
							"pivot": [-3.21115, -0.54135, -3.24006],
							"rotation": [0, 135, 0],
							"uv": {
								"north": {"uv": [4, 52], "uv_size": [0.75, 1.5]},
								"east": {"uv": [40, 33], "uv_size": [1.75, 1.5]},
								"south": {"uv": [52, 4], "uv_size": [0.75, 1.5]},
								"west": {"uv": [35, 40], "uv_size": [1.75, 1.5]},
								"up": {"uv": [49, 7], "uv_size": [0.75, 1.75]},
								"down": {"uv": [49, 10.75], "uv_size": [0.75, -1.75]}
							}
						},
						{
							"origin": [-3.59115, 3.05865, -4.14006],
							"size": [0.76, 2.9, 1.8],
							"uv": {
								"north": {"uv": [43, 3], "uv_size": [0.75, 3]},
								"east": {"uv": [33, 3], "uv_size": [1.75, 3]},
								"south": {"uv": [43, 6], "uv_size": [0.75, 3]},
								"west": {"uv": [4, 33], "uv_size": [1.75, 3]},
								"up": {"uv": [49, 27], "uv_size": [0.75, 1.75]},
								"down": {"uv": [49, 30.75], "uv_size": [0.75, -1.75]}
							}
						},
						{
							"origin": [-3.59115, 3.05865, -4.14006],
							"size": [0.76, 2.9, 1.8],
							"pivot": [-3.21115, 3.25865, -3.24006],
							"rotation": [0, 90, 0],
							"uv": {
								"north": {"uv": [43, 9], "uv_size": [0.75, 3]},
								"east": {"uv": [6, 33], "uv_size": [1.75, 3]},
								"south": {"uv": [43, 27], "uv_size": [0.75, 3]},
								"west": {"uv": [33, 6], "uv_size": [1.75, 3]},
								"up": {"uv": [49, 31], "uv_size": [0.75, 1.75]},
								"down": {"uv": [49, 34.75], "uv_size": [0.75, -1.75]}
							}
						},
						{
							"origin": [-3.57885, 3.05865, -4.14516],
							"size": [0.73539, 2.9, 1.81019],
							"pivot": [-3.21115, 3.25865, -3.24006],
							"rotation": [0, 45, 0],
							"uv": {
								"north": {"uv": [43, 30], "uv_size": [0.75, 3]},
								"east": {"uv": [33, 9], "uv_size": [1.75, 3]},
								"south": {"uv": [43, 33], "uv_size": [0.75, 3]},
								"west": {"uv": [33, 12], "uv_size": [1.75, 3]},
								"up": {"uv": [49, 35], "uv_size": [0.75, 1.75]},
								"down": {"uv": [49, 42.75], "uv_size": [0.75, -1.75]}
							}
						},
						{
							"origin": [-3.57885, 3.05865, -4.14516],
							"size": [0.73539, 2.9, 1.81019],
							"pivot": [-3.21115, 3.25865, -3.24006],
							"rotation": [0, 135, 0],
							"uv": {
								"north": {"uv": [37, 43], "uv_size": [0.75, 3]},
								"east": {"uv": [33, 21], "uv_size": [1.75, 3]},
								"south": {"uv": [43, 42], "uv_size": [0.75, 3]},
								"west": {"uv": [33, 24], "uv_size": [1.75, 3]},
								"up": {"uv": [49, 43], "uv_size": [0.75, 1.75]},
								"down": {"uv": [44, 50.75], "uv_size": [0.75, -1.75]}
							}
						}
					]
				},
				{
					"name": "cap4",
					"parent": "shg43_4",
					"pivot": [-3.2, 1.18, -3.63],
					"cubes": [
						{
							"origin": [-3.63115, -1.84135, -4.24006],
							"size": [0.84, 1.1, 2],
							"uv": {
								"north": {"uv": [30, 52], "uv_size": [0.75, 1]},
								"east": {"uv": [29, 44], "uv_size": [2, 1]},
								"south": {"uv": [52, 30], "uv_size": [0.75, 1]},
								"west": {"uv": [44, 29], "uv_size": [2, 1]},
								"up": {"uv": [44, 47], "uv_size": [0.75, 2]},
								"down": {"uv": [47, 48], "uv_size": [0.75, -2]}
							}
						},
						{
							"origin": [-3.63115, -1.84135, -4.24006],
							"size": [0.84, 1.1, 2],
							"pivot": [-3.21115, -0.84135, -3.24006],
							"rotation": [0, 90, 0],
							"uv": {
								"north": {"uv": [31, 52], "uv_size": [0.75, 1]},
								"east": {"uv": [44, 30], "uv_size": [2, 1]},
								"south": {"uv": [52, 31], "uv_size": [0.75, 1]},
								"west": {"uv": [44, 31], "uv_size": [2, 1]},
								"up": {"uv": [0, 48], "uv_size": [0.75, 2]},
								"down": {"uv": [1, 50], "uv_size": [0.75, -2]}
							}
						},
						{
							"origin": [-3.62127, -1.84135, -4.24415],
							"size": [0.82024, 1.1, 2.00818],
							"pivot": [-3.21115, -0.84135, -3.24006],
							"rotation": [0, 45, 0],
							"uv": {
								"north": {"uv": [32, 52], "uv_size": [0.75, 1]},
								"east": {"uv": [44, 32], "uv_size": [2, 1]},
								"south": {"uv": [52, 32], "uv_size": [0.75, 1]},
								"west": {"uv": [44, 33], "uv_size": [2, 1]},
								"up": {"uv": [2, 48], "uv_size": [0.75, 2]},
								"down": {"uv": [3, 50], "uv_size": [0.75, -2]}
							}
						},
						{
							"origin": [-3.62127, -1.84135, -4.24415],
							"size": [0.82024, 1.1, 2.00818],
							"pivot": [-3.21115, -0.84135, -3.24006],
							"rotation": [0, 135, 0],
							"uv": {
								"north": {"uv": [33, 52], "uv_size": [0.75, 1]},
								"east": {"uv": [44, 34], "uv_size": [2, 1]},
								"south": {"uv": [52, 33], "uv_size": [0.75, 1]},
								"west": {"uv": [44, 35], "uv_size": [2, 1]},
								"up": {"uv": [48, 3], "uv_size": [0.75, 2]},
								"down": {"uv": [4, 50], "uv_size": [0.75, -2]}
							}
						}
					]
				},
				{
					"name": "shg43_3",
					"parent": "root",
					"pivot": [3, 1.18, 3.1],
					"rotation": [0, 0, -88]
				},
				{
					"name": "body3",
					"parent": "shg43_3",
					"pivot": [2.9844, 8.93198, 4.11605],
					"cubes": [
						{
							"origin": [2.60885, -0.74135, 2.58994],
							"size": [0.76, 1.4, 1.8],
							"uv": {
								"north": {"uv": [36, 50], "uv_size": [0.75, 1.5]},
								"east": {"uv": [6, 39], "uv_size": [1.75, 1.5]},
								"south": {"uv": [37, 50], "uv_size": [0.75, 1.5]},
								"west": {"uv": [39, 6], "uv_size": [1.75, 1.5]},
								"up": {"uv": [48, 31], "uv_size": [0.75, 1.75]},
								"down": {"uv": [32, 49.75], "uv_size": [0.75, -1.75]}
							}
						},
						{
							"origin": [2.65885, 0.65865, 2.68994],
							"size": [0.66, 2.4, 1.6],
							"uv": {
								"north": {"uv": [15, 45], "uv_size": [0.75, 2.5]},
								"east": {"uv": [8, 35], "uv_size": [1.5, 2.5]},
								"south": {"uv": [16, 45], "uv_size": [0.75, 2.5]},
								"west": {"uv": [35, 9], "uv_size": [1.5, 2.5]},
								"up": {"uv": [38, 50], "uv_size": [0.75, 1.5]},
								"down": {"uv": [39, 51.5], "uv_size": [0.75, -1.5]}
							}
						},
						{
							"origin": [2.65885, 0.65865, 2.68994],
							"size": [0.66, 2.4, 1.6],
							"pivot": [2.98885, 1.35865, 3.48994],
							"rotation": [0, 90, 0],
							"uv": {
								"north": {"uv": [17, 45], "uv_size": [0.75, 2.5]},
								"east": {"uv": [10, 35], "uv_size": [1.5, 2.5]},
								"south": {"uv": [18, 45], "uv_size": [0.75, 2.5]},
								"west": {"uv": [12, 35], "uv_size": [1.5, 2.5]},
								"up": {"uv": [40, 50], "uv_size": [0.75, 1.5]},
								"down": {"uv": [41, 51.5], "uv_size": [0.75, -1.5]}
							}
						},
						{
							"origin": [2.65651, 0.65865, 2.69091],
							"size": [0.66468, 2.4, 1.59806],
							"pivot": [2.98885, 1.35865, 3.48994],
							"rotation": [0, 45, 0],
							"uv": {
								"north": {"uv": [19, 45], "uv_size": [0.75, 2.5]},
								"east": {"uv": [35, 12], "uv_size": [1.5, 2.5]},
								"south": {"uv": [20, 45], "uv_size": [0.75, 2.5]},
								"west": {"uv": [14, 35], "uv_size": [1.5, 2.5]},
								"up": {"uv": [50, 41], "uv_size": [0.75, 1.5]},
								"down": {"uv": [42, 51.5], "uv_size": [0.75, -1.5]}
							}
						},
						{
							"origin": [2.65651, 0.65865, 2.69091],
							"size": [0.66468, 2.4, 1.59806],
							"pivot": [2.98885, 1.35865, 3.48994],
							"rotation": [0, 135, 0],
							"uv": {
								"north": {"uv": [21, 45], "uv_size": [0.75, 2.5]},
								"east": {"uv": [35, 21], "uv_size": [1.5, 2.5]},
								"south": {"uv": [22, 45], "uv_size": [0.75, 2.5]},
								"west": {"uv": [35, 24], "uv_size": [1.5, 2.5]},
								"up": {"uv": [43, 50], "uv_size": [0.75, 1.5]},
								"down": {"uv": [50, 44.5], "uv_size": [0.75, -1.5]}
							}
						},
						{
							"origin": [2.48885, 6.95865, 2.28994],
							"size": [1, 3.5, 2.4],
							"uv": {
								"north": {"uv": [37, 21], "uv_size": [1, 3.5]},
								"east": {"uv": [9, 25], "uv_size": [2.5, 3.5]},
								"south": {"uv": [22, 37], "uv_size": [1, 3.5]},
								"west": {"uv": [12, 25], "uv_size": [2.5, 3.5]},
								"up": {"uv": [16, 41], "uv_size": [1, 2.5]},
								"down": {"uv": [17, 43.5], "uv_size": [1, -2.5]}
							}
						},
						{
							"origin": [2.49388, 6.95865, 2.28786],
							"size": [0.98995, 3.5, 2.40416],
							"pivot": [2.98885, 7.45865, 3.48994],
							"rotation": [0, 45, 0],
							"uv": {
								"north": {"uv": [23, 37], "uv_size": [1, 3.5]},
								"east": {"uv": [15, 25], "uv_size": [2.5, 3.5]},
								"south": {"uv": [24, 37], "uv_size": [1, 3.5]},
								"west": {"uv": [26, 15], "uv_size": [2.5, 3.5]},
								"up": {"uv": [18, 41], "uv_size": [1, 2.5]},
								"down": {"uv": [19, 43.5], "uv_size": [1, -2.5]}
							}
						},
						{
							"origin": [2.49388, 6.95865, 2.28786],
							"size": [0.98995, 3.5, 2.40416],
							"pivot": [2.98885, 7.45865, 3.48994],
							"rotation": [0, -45, 0],
							"uv": {
								"north": {"uv": [25, 37], "uv_size": [1, 3.5]},
								"east": {"uv": [26, 19], "uv_size": [2.5, 3.5]},
								"south": {"uv": [26, 37], "uv_size": [1, 3.5]},
								"west": {"uv": [18, 27], "uv_size": [2.5, 3.5]},
								"up": {"uv": [20, 41], "uv_size": [1, 2.5]},
								"down": {"uv": [21, 43.5], "uv_size": [1, -2.5]}
							}
						},
						{
							"origin": [2.48885, 6.95865, 2.28994],
							"size": [1, 3.5, 2.4],
							"pivot": [2.98885, 7.45865, 3.48994],
							"rotation": [0, 90, 0],
							"uv": {
								"north": {"uv": [27, 37], "uv_size": [1, 3.5]},
								"east": {"uv": [21, 27], "uv_size": [2.5, 3.5]},
								"south": {"uv": [28, 37], "uv_size": [1, 3.5]},
								"west": {"uv": [27, 23], "uv_size": [2.5, 3.5]},
								"up": {"uv": [22, 41], "uv_size": [1, 2.5]},
								"down": {"uv": [23, 43.5], "uv_size": [1, -2.5]}
							}
						},
						{
							"origin": [2.65885, 5.95865, 2.68994],
							"size": [0.66, 1, 1.6],
							"uv": {
								"north": {"uv": [18, 52], "uv_size": [0.75, 1]},
								"east": {"uv": [35, 46], "uv_size": [1.5, 1]},
								"south": {"uv": [52, 18], "uv_size": [0.75, 1]},
								"west": {"uv": [46, 36], "uv_size": [1.5, 1]},
								"up": {"uv": [45, 50], "uv_size": [0.75, 1.5]},
								"down": {"uv": [50, 46.5], "uv_size": [0.75, -1.5]}
							}
						},
						{
							"origin": [2.65885, 5.95865, 2.68994],
							"size": [0.66, 1, 1.6],
							"pivot": [2.98885, 6.65865, 3.48994],
							"rotation": [0, 90, 0],
							"uv": {
								"north": {"uv": [19, 52], "uv_size": [0.75, 1]},
								"east": {"uv": [37, 46], "uv_size": [1.5, 1]},
								"south": {"uv": [52, 19], "uv_size": [0.75, 1]},
								"west": {"uv": [46, 37], "uv_size": [1.5, 1]},
								"up": {"uv": [46, 50], "uv_size": [0.75, 1.5]},
								"down": {"uv": [47, 51.5], "uv_size": [0.75, -1.5]}
							}
						},
						{
							"origin": [2.65651, 5.95865, 2.69091],
							"size": [0.66468, 1, 1.59806],
							"pivot": [2.98885, 6.65865, 3.48994],
							"rotation": [0, 45, 0],
							"uv": {
								"north": {"uv": [20, 52], "uv_size": [0.75, 1]},
								"east": {"uv": [39, 46], "uv_size": [1.5, 1]},
								"south": {"uv": [52, 20], "uv_size": [0.75, 1]},
								"west": {"uv": [41, 46], "uv_size": [1.5, 1]},
								"up": {"uv": [50, 47], "uv_size": [0.75, 1.5]},
								"down": {"uv": [48, 51.5], "uv_size": [0.75, -1.5]}
							}
						},
						{
							"origin": [2.65651, 5.95865, 2.69091],
							"size": [0.66468, 1, 1.59806],
							"pivot": [2.98885, 6.65865, 3.48994],
							"rotation": [0, 135, 0],
							"uv": {
								"north": {"uv": [21, 52], "uv_size": [0.75, 1]},
								"east": {"uv": [46, 42], "uv_size": [1.5, 1]},
								"south": {"uv": [52, 21], "uv_size": [0.75, 1]},
								"west": {"uv": [46, 43], "uv_size": [1.5, 1]},
								"up": {"uv": [50, 49], "uv_size": [0.75, 1.5]},
								"down": {"uv": [51, 4.5], "uv_size": [0.75, -1.5]}
							}
						},
						{
							"origin": [2.60885, -0.74135, 2.58994],
							"size": [0.76, 1.4, 1.8],
							"pivot": [2.98885, -0.54135, 3.48994],
							"rotation": [0, 90, 0],
							"uv": {
								"north": {"uv": [51, 5], "uv_size": [0.75, 1.5]},
								"east": {"uv": [39, 8], "uv_size": [1.75, 1.5]},
								"south": {"uv": [51, 7], "uv_size": [0.75, 1.5]},
								"west": {"uv": [39, 10], "uv_size": [1.75, 1.5]},
								"up": {"uv": [33, 48], "uv_size": [0.75, 1.75]},
								"down": {"uv": [34, 49.75], "uv_size": [0.75, -1.75]}
							}
						},
						{
							"origin": [2.62115, -0.74135, 2.58484],
							"size": [0.73539, 1.4, 1.81019],
							"pivot": [2.98885, -0.54135, 3.48994],
							"rotation": [0, 45, 0],
							"uv": {
								"north": {"uv": [51, 9], "uv_size": [0.75, 1.5]},
								"east": {"uv": [15, 39], "uv_size": [1.75, 1.5]},
								"south": {"uv": [51, 11], "uv_size": [0.75, 1.5]},
								"west": {"uv": [29, 39], "uv_size": [1.75, 1.5]},
								"up": {"uv": [35, 48], "uv_size": [0.75, 1.75]},
								"down": {"uv": [36, 49.75], "uv_size": [0.75, -1.75]}
							}
						},
						{
							"origin": [2.62115, -0.74135, 2.58484],
							"size": [0.73539, 1.4, 1.81019],
							"pivot": [2.98885, -0.54135, 3.48994],
							"rotation": [0, 135, 0],
							"uv": {
								"north": {"uv": [51, 13], "uv_size": [0.75, 1.5]},
								"east": {"uv": [38, 39], "uv_size": [1.75, 1.5]},
								"south": {"uv": [51, 24], "uv_size": [0.75, 1.5]},
								"west": {"uv": [11, 40], "uv_size": [1.75, 1.5]},
								"up": {"uv": [48, 36], "uv_size": [0.75, 1.75]},
								"down": {"uv": [37, 49.75], "uv_size": [0.75, -1.75]}
							}
						},
						{
							"origin": [2.60885, 3.05865, 2.58994],
							"size": [0.76, 2.9, 1.8],
							"uv": {
								"north": {"uv": [34, 42], "uv_size": [0.75, 3]},
								"east": {"uv": [15, 32], "uv_size": [1.75, 3]},
								"south": {"uv": [35, 42], "uv_size": [0.75, 3]},
								"west": {"uv": [32, 15], "uv_size": [1.75, 3]},
								"up": {"uv": [38, 48], "uv_size": [0.75, 1.75]},
								"down": {"uv": [39, 49.75], "uv_size": [0.75, -1.75]}
							}
						},
						{
							"origin": [2.60885, 3.05865, 2.58994],
							"size": [0.76, 2.9, 1.8],
							"pivot": [2.98885, 3.25865, 3.48994],
							"rotation": [0, 90, 0],
							"uv": {
								"north": {"uv": [36, 42], "uv_size": [0.75, 3]},
								"east": {"uv": [32, 18], "uv_size": [1.75, 3]},
								"south": {"uv": [38, 42], "uv_size": [0.75, 3]},
								"west": {"uv": [32, 27], "uv_size": [1.75, 3]},
								"up": {"uv": [40, 48], "uv_size": [0.75, 1.75]},
								"down": {"uv": [41, 49.75], "uv_size": [0.75, -1.75]}
							}
						},
						{
							"origin": [2.62115, 3.05865, 2.58484],
							"size": [0.73539, 2.9, 1.81019],
							"pivot": [2.98885, 3.25865, 3.48994],
							"rotation": [0, 45, 0],
							"uv": {
								"north": {"uv": [39, 42], "uv_size": [0.75, 3]},
								"east": {"uv": [32, 30], "uv_size": [1.75, 3]},
								"south": {"uv": [40, 42], "uv_size": [0.75, 3]},
								"west": {"uv": [0, 33], "uv_size": [1.75, 3]},
								"up": {"uv": [48, 41], "uv_size": [0.75, 1.75]},
								"down": {"uv": [42, 49.75], "uv_size": [0.75, -1.75]}
							}
						},
						{
							"origin": [2.62115, 3.05865, 2.58484],
							"size": [0.73539, 2.9, 1.81019],
							"pivot": [2.98885, 3.25865, 3.48994],
							"rotation": [0, 135, 0],
							"uv": {
								"north": {"uv": [41, 42], "uv_size": [0.75, 3]},
								"east": {"uv": [33, 0], "uv_size": [1.75, 3]},
								"south": {"uv": [42, 42], "uv_size": [0.75, 3]},
								"west": {"uv": [2, 33], "uv_size": [1.75, 3]},
								"up": {"uv": [43, 48], "uv_size": [0.75, 1.75]},
								"down": {"uv": [45, 49.75], "uv_size": [0.75, -1.75]}
							}
						}
					]
				},
				{
					"name": "cap3",
					"parent": "shg43_3",
					"pivot": [3, 1.18, 3.1],
					"cubes": [
						{
							"origin": [2.56885, -1.84135, 2.48994],
							"size": [0.84, 1.1, 2],
							"uv": {
								"north": {"uv": [22, 52], "uv_size": [0.75, 1]},
								"east": {"uv": [17, 44], "uv_size": [2, 1]},
								"south": {"uv": [52, 22], "uv_size": [0.75, 1]},
								"west": {"uv": [19, 44], "uv_size": [2, 1]},
								"up": {"uv": [43, 46], "uv_size": [0.75, 2]},
								"down": {"uv": [46, 46], "uv_size": [0.75, -2]}
							}
						},
						{
							"origin": [2.56885, -1.84135, 2.48994],
							"size": [0.84, 1.1, 2],
							"pivot": [2.98885, -0.84135, 3.48994],
							"rotation": [0, 90, 0],
							"uv": {
								"north": {"uv": [23, 52], "uv_size": [0.75, 1]},
								"east": {"uv": [21, 44], "uv_size": [2, 1]},
								"south": {"uv": [52, 23], "uv_size": [0.75, 1]},
								"west": {"uv": [23, 44], "uv_size": [2, 1]},
								"up": {"uv": [45, 46], "uv_size": [0.75, 2]},
								"down": {"uv": [46, 48], "uv_size": [0.75, -2]}
							}
						},
						{
							"origin": [2.57873, -1.84135, 2.48585],
							"size": [0.82024, 1.1, 2.00818],
							"pivot": [2.98885, -0.84135, 3.48994],
							"rotation": [0, 45, 0],
							"uv": {
								"north": {"uv": [24, 52], "uv_size": [0.75, 1]},
								"east": {"uv": [25, 44], "uv_size": [2, 1]},
								"south": {"uv": [52, 24], "uv_size": [0.75, 1]},
								"west": {"uv": [27, 44], "uv_size": [2, 1]},
								"up": {"uv": [47, 3], "uv_size": [0.75, 2]},
								"down": {"uv": [47, 30], "uv_size": [0.75, -2]}
							}
						},
						{
							"origin": [2.57873, -1.84135, 2.48585],
							"size": [0.82024, 1.1, 2.00818],
							"pivot": [2.98885, -0.84135, 3.48994],
							"rotation": [0, 135, 0],
							"uv": {
								"north": {"uv": [25, 52], "uv_size": [0.75, 1]},
								"east": {"uv": [44, 27], "uv_size": [2, 1]},
								"south": {"uv": [52, 25], "uv_size": [0.75, 1]},
								"west": {"uv": [44, 28], "uv_size": [2, 1]},
								"up": {"uv": [47, 30], "uv_size": [0.75, 2]},
								"down": {"uv": [47, 34], "uv_size": [0.75, -2]}
							}
						}
					]
				},
				{
					"name": "box",
					"parent": "root",
					"pivot": [0, 12, -1],
					"cubes": [
						{
							"origin": [-6.6, -0.1, -1.4],
							"size": [13.2, 0.3, 3],
							"uv": {
								"north": {"uv": [37, 12], "uv_size": [13.25, 0.25]},
								"east": {"uv": [8, 52], "uv_size": [3, 0.25]},
								"south": {"uv": [37, 13], "uv_size": [13.25, 0.25]},
								"west": {"uv": [52, 8], "uv_size": [3, 0.25]},
								"up": {"uv": [0, 0], "uv_size": [13.25, 3]},
								"down": {"uv": [0, 6], "uv_size": [13.25, -3]}
							}
						},
						{
							"origin": [-6.6, -0.1, -4.8],
							"size": [13.2, 0.3, 3],
							"uv": {
								"north": {"uv": [37, 26], "uv_size": [13.25, 0.25]},
								"east": {"uv": [52, 35], "uv_size": [3, 0.25]},
								"south": {"uv": [38, 15], "uv_size": [13.25, 0.25]},
								"west": {"uv": [52, 36], "uv_size": [3, 0.25]},
								"up": {"uv": [0, 12], "uv_size": [13.25, 3]},
								"down": {"uv": [14, 3], "uv_size": [13.25, -3]}
							}
						},
						{
							"origin": [-2.85, 6.35, -4.6],
							"size": [2.7, 0.3, 2.6],
							"pivot": [-6.75, 6.5, -3.3],
							"rotation": [0, 0, 90],
							"uv": {
								"north": {"uv": [37, 52], "uv_size": [2.75, 0.25]},
								"east": {"uv": [52, 43], "uv_size": [2.5, 0.25]},
								"south": {"uv": [52, 37], "uv_size": [2.75, 0.25]},
								"west": {"uv": [52, 44], "uv_size": [2.5, 0.25]},
								"up": {"uv": [28, 12], "uv_size": [2.75, 2.5]},
								"down": {"uv": [9, 31.5], "uv_size": [2.75, -2.5]}
							}
						},
						{
							"origin": [-2.85, 6.35, 2.2],
							"size": [2.7, 0.3, 2.6],
							"pivot": [-6.75, 6.5, 3.5],
							"rotation": [0, 0, 90],
							"uv": {
								"north": {"uv": [52, 38], "uv_size": [2.75, 0.25]},
								"east": {"uv": [45, 52], "uv_size": [2.5, 0.25]},
								"south": {"uv": [52, 39], "uv_size": [2.75, 0.25]},
								"west": {"uv": [52, 45], "uv_size": [2.5, 0.25]},
								"up": {"uv": [12, 29], "uv_size": [2.75, 2.5]},
								"down": {"uv": [15, 31.5], "uv_size": [2.75, -2.5]}
							}
						},
						{
							"origin": [10.65, 6.35, -4.6],
							"size": [2.7, 0.3, 2.6],
							"pivot": [6.75, 6.5, -3.3],
							"rotation": [0, 0, 90],
							"uv": {
								"north": {"uv": [52, 41], "uv_size": [2.75, 0.25]},
								"east": {"uv": [52, 48], "uv_size": [2.5, 0.25]},
								"south": {"uv": [52, 42], "uv_size": [2.75, 0.25]},
								"west": {"uv": [52, 49], "uv_size": [2.5, 0.25]},
								"up": {"uv": [30, 21], "uv_size": [2.75, 2.5]},
								"down": {"uv": [30, 26.5], "uv_size": [2.75, -2.5]}
							}
						},
						{
							"origin": [10.65, 6.35, 2.2],
							"size": [2.7, 0.3, 2.6],
							"pivot": [6.75, 6.5, 3.5],
							"rotation": [0, 0, 90],
							"uv": {
								"north": {"uv": [40, 52], "uv_size": [2.75, 0.25]},
								"east": {"uv": [52, 46], "uv_size": [2.5, 0.25]},
								"south": {"uv": [52, 40], "uv_size": [2.75, 0.25]},
								"west": {"uv": [52, 47], "uv_size": [2.5, 0.25]},
								"up": {"uv": [29, 15], "uv_size": [2.75, 2.5]},
								"down": {"uv": [29, 20.5], "uv_size": [2.75, -2.5]}
							}
						},
						{
							"origin": [-6.6, -0.1, 2],
							"size": [13.2, 0.3, 3],
							"uv": {
								"north": {"uv": [37, 14], "uv_size": [13.25, 0.25]},
								"east": {"uv": [34, 52], "uv_size": [3, 0.25]},
								"south": {"uv": [37, 25], "uv_size": [13.25, 0.25]},
								"west": {"uv": [52, 34], "uv_size": [3, 0.25]},
								"up": {"uv": [0, 6], "uv_size": [13.25, 3]},
								"down": {"uv": [0, 12], "uv_size": [13.25, -3]}
							}
						},
						{
							"origin": [-6.6, 1.55, 3.35],
							"size": [13.2, 0.3, 1],
							"pivot": [0, 1.7, 4.85],
							"rotation": [90, 0, 0],
							"uv": {
								"north": {"uv": [38, 16], "uv_size": [13.25, 0.25]},
								"east": {"uv": [43, 52], "uv_size": [1, 0.25]},
								"south": {"uv": [38, 17], "uv_size": [13.25, 0.25]},
								"west": {"uv": [48, 52], "uv_size": [1, 0.25]},
								"up": {"uv": [14, 11], "uv_size": [13.25, 1]},
								"down": {"uv": [14, 13], "uv_size": [13.25, -1]}
							}
						},
						{
							"origin": [-0.75, 0.55, -3],
							"size": [9.2, 0.3, 1],
							"pivot": [6.45, 0.7, -2.5],
							"rotation": [0, 90, -90],
							"uv": {
								"north": {"uv": [38, 24], "uv_size": [9.25, 0.25]},
								"east": {"uv": [6, 53], "uv_size": [1, 0.25]},
								"south": {"uv": [38, 41], "uv_size": [9.25, 0.25]},
								"west": {"uv": [53, 6], "uv_size": [1, 0.25]},
								"up": {"uv": [0, 19], "uv_size": [9.25, 1]},
								"down": {"uv": [10, 20], "uv_size": [9.25, -1]}
							}
						},
						{
							"origin": [-13.65, 0.55, -3],
							"size": [9.2, 0.3, 1],
							"pivot": [-6.45, 0.7, -2.5],
							"rotation": [0, 90, -90],
							"uv": {
								"north": {"uv": [41, 38], "uv_size": [9.25, 0.25]},
								"east": {"uv": [7, 53], "uv_size": [1, 0.25]},
								"south": {"uv": [41, 39], "uv_size": [9.25, 0.25]},
								"west": {"uv": [53, 7], "uv_size": [1, 0.25]},
								"up": {"uv": [0, 20], "uv_size": [9.25, 1]},
								"down": {"uv": [10, 21], "uv_size": [9.25, -1]}
							}
						},
						{
							"origin": [-6.6, 1.55, -6.15],
							"size": [13.2, 0.3, 1],
							"pivot": [0, 1.7, -4.65],
							"rotation": [90, 0, 0],
							"uv": {
								"north": {"uv": [38, 18], "uv_size": [13.25, 0.25]},
								"east": {"uv": [5, 53], "uv_size": [1, 0.25]},
								"south": {"uv": [38, 19], "uv_size": [13.25, 0.25]},
								"west": {"uv": [53, 5], "uv_size": [1, 0.25]},
								"up": {"uv": [14, 13], "uv_size": [13.25, 1]},
								"down": {"uv": [14, 15], "uv_size": [13.25, -1]}
							}
						},
						{
							"origin": [-6.6, 2.95, -6.15],
							"size": [13.2, 0.3, 1.2],
							"pivot": [0, 3.1, -4.65],
							"rotation": [90, 0, 0],
							"uv": {
								"north": {"uv": [38, 22], "uv_size": [13.25, 0.25]},
								"east": {"uv": [53, 3], "uv_size": [1.25, 0.25]},
								"south": {"uv": [38, 23], "uv_size": [13.25, 0.25]},
								"west": {"uv": [53, 4], "uv_size": [1.25, 0.25]},
								"up": {"uv": [14, 7], "uv_size": [13.25, 1.25]},
								"down": {"uv": [14, 10.25], "uv_size": [13.25, -1.25]}
							}
						},
						{
							"origin": [-0.75, 1.95, -3],
							"size": [9.2, 0.3, 1.2],
							"pivot": [6.45, 2.1, -2.5],
							"rotation": [0, 90, -90],
							"uv": {
								"north": {"uv": [42, 1], "uv_size": [9.25, 0.25]},
								"east": {"uv": [53, 1], "uv_size": [1.25, 0.25]},
								"south": {"uv": [42, 2], "uv_size": [9.25, 0.25]},
								"west": {"uv": [53, 2], "uv_size": [1.25, 0.25]},
								"up": {"uv": [0, 17], "uv_size": [9.25, 1.25]},
								"down": {"uv": [10, 18.25], "uv_size": [9.25, -1.25]}
							}
						},
						{
							"origin": [-13.65, 1.95, -3],
							"size": [9.2, 0.3, 1.2],
							"pivot": [-6.45, 2.1, -2.5],
							"rotation": [0, 90, -90],
							"uv": {
								"north": {"uv": [41, 40], "uv_size": [9.25, 0.25]},
								"east": {"uv": [52, 51], "uv_size": [1.25, 0.25]},
								"south": {"uv": [42, 0], "uv_size": [9.25, 0.25]},
								"west": {"uv": [53, 0], "uv_size": [1.25, 0.25]},
								"up": {"uv": [0, 15], "uv_size": [9.25, 1.25]},
								"down": {"uv": [10, 16.25], "uv_size": [9.25, -1.25]}
							}
						},
						{
							"origin": [-6.6, 2.95, 3.35],
							"size": [13.2, 0.3, 1.2],
							"pivot": [0, 3.1, 4.85],
							"rotation": [90, 0, 0],
							"uv": {
								"north": {"uv": [38, 20], "uv_size": [13.25, 0.25]},
								"east": {"uv": [52, 50], "uv_size": [1.25, 0.25]},
								"south": {"uv": [38, 21], "uv_size": [13.25, 0.25]},
								"west": {"uv": [51, 52], "uv_size": [1.25, 0.25]},
								"up": {"uv": [14, 3], "uv_size": [13.25, 1.25]},
								"down": {"uv": [14, 6.25], "uv_size": [13.25, -1.25]}
							}
						}
					]
				},
				{
					"name": "positioning",
					"pivot": [0, 4, 4]
				},
				{
					"name": "ground",
					"parent": "positioning",
					"pivot": [0, 0, 0.5]
				},
				{
					"name": "thirdperson_hand",
					"parent": "positioning",
					"pivot": [0, 3.6, 0.4]
				},
				{
					"name": "fixed",
					"parent": "positioning",
					"pivot": [0, 5.6, 0.4],
					"rotation": [0, 90, 0]
				}
			]
		}
	]
}