{
	"format_version": "1.12.0",
	"minecraft:geometry": [
		{
			"description": {
				"identifier": "geometry.unknown",
				"texture_width": 32,
				"texture_height": 32,
				"visible_bounds_width": 30,
				"visible_bounds_height": 17,
				"visible_bounds_offset": [0, 2.5, 0]
			},
			"bones": [
				{
					"name": "root",
					"pivot": [0, 12, 0]
				},
				{
					"name": "axe_1",
					"parent": "root",
					"pivot": [6.9, 0.7, 6.8],
					"rotation": [44.99564, 0.70709, -90.70714]
				},
				{
					"name": "default_gun",
					"parent": "axe_1",
					"pivot": [6.9, 5.7, 6.8]
				},
				{
					"name": "body",
					"parent": "default_gun",
					"pivot": [6.8844, 13.45198, 5.81605],
					"rotation": [0, 180, 0],
					"cubes": [
						{
							"origin": [6.7, 2.4, 0.3],
							"size": [0.4, 1.8, 18],
							"pivot": [6.9, 3.3, 4.8],
							"rotation": [90, 0, 0],
							"uv": {
								"north": {"uv": [22, 6], "uv_size": [0.5, 1.75]},
								"east": {"uv": [0, 0], "uv_size": [18, 1.75]},
								"south": {"uv": [8, 22], "uv_size": [0.5, 1.75]},
								"west": {"uv": [0, 2], "uv_size": [18, 1.75]},
								"up": {"uv": [6, 10], "uv_size": [0.5, 18]},
								"down": {"uv": [7, 28], "uv_size": [0.5, -18]}
							}
						},
						{
							"origin": [6.3, 2, 1.3],
							"size": [1.2, 2.6, 9.3],
							"pivot": [6.9, 3.3, 4.8],
							"rotation": [90, 0, 0],
							"uv": {
								"north": {"uv": [9, 13], "uv_size": [1.25, 2.5]},
								"east": {"uv": [0, 4], "uv_size": [9, 2.5]},
								"south": {"uv": [9, 16], "uv_size": [1.25, 2.5]},
								"west": {"uv": [0, 7], "uv_size": [9, 2.5]},
								"up": {"uv": [9, 4], "uv_size": [1.25, 9]},
								"down": {"uv": [0, 19], "uv_size": [1.25, -9]}
							}
						},
						{
							"origin": [6.7, 16.37071, 3.6636],
							"size": [0.4, 2.27279, 2.27279],
							"pivot": [6.9, 17.50711, 4.8],
							"rotation": [45, 0, 0],
							"uv": {
								"north": {"uv": [19, 19], "uv_size": [0.5, 2.25]},
								"east": {"uv": [12, 6], "uv_size": [2.25, 2.25]},
								"south": {"uv": [20, 6], "uv_size": [0.5, 2.25]},
								"west": {"uv": [12, 9], "uv_size": [2.25, 2.25]},
								"up": {"uv": [20, 9], "uv_size": [0.5, 2.25]},
								"down": {"uv": [12, 22.25], "uv_size": [0.5, -2.25]}
							}
						},
						{
							"origin": [6.7, 17.50711, -2.10711],
							"size": [0.4, 0.5, 12.11421],
							"uv": {
								"north": {"uv": [8, 25], "uv_size": [0.5, 0.5]},
								"east": {"uv": [11, 4], "uv_size": [12, 0.5]},
								"south": {"uv": [25, 8], "uv_size": [0.5, 0.5]},
								"west": {"uv": [11, 5], "uv_size": [12, 0.5]},
								"up": {"uv": [8, 10], "uv_size": [0.5, 12]},
								"down": {"uv": [11, 18], "uv_size": [0.5, -12]}
							}
						},
						{
							"origin": [6.8, 17.30711, -2.22711],
							"size": [0.2, 0.2, 4.23421],
							"uv": {
								"north": {"uv": [27, 16], "uv_size": [0.25, 0.25]},
								"east": {"uv": [20, 3], "uv_size": [4.25, 0.25]},
								"south": {"uv": [17, 27], "uv_size": [0.25, 0.25]},
								"west": {"uv": [21, 9], "uv_size": [4.25, 0.25]},
								"up": {"uv": [21, 10], "uv_size": [0.25, 4.25]},
								"down": {"uv": [21, 19.25], "uv_size": [0.25, -4.25]}
							}
						},
						{
							"origin": [6.8, 17.87025, 1.89985],
							"size": [0.2, 0.2, 0.81421],
							"pivot": [6.9, 17.97025, 3.95696],
							"rotation": [16, 0, 0],
							"uv": {
								"north": {"uv": [27, 18], "uv_size": [0.25, 0.25]},
								"east": {"uv": [20, 25], "uv_size": [0.75, 0.25]},
								"south": {"uv": [19, 27], "uv_size": [0.25, 0.25]},
								"west": {"uv": [25, 20], "uv_size": [0.75, 0.25]},
								"up": {"uv": [21, 25], "uv_size": [0.25, 0.75]},
								"down": {"uv": [25, 21.75], "uv_size": [0.25, -0.75]}
							}
						},
						{
							"origin": [6.7, 15.1292, 6.76082],
							"size": [0.4, 1, 3.5],
							"pivot": [6.9, 15.6974, 9.36792],
							"rotation": [-55, 0, 0],
							"uv": {
								"north": {"uv": [24, 15], "uv_size": [0.5, 1]},
								"east": {"uv": [15, 16], "uv_size": [3.5, 1]},
								"south": {"uv": [16, 24], "uv_size": [0.5, 1]},
								"west": {"uv": [2, 17], "uv_size": [3.5, 1]},
								"up": {"uv": [14, 18], "uv_size": [0.5, 3.5]},
								"down": {"uv": [18, 20.5], "uv_size": [0.5, -3.5]}
							}
						},
						{
							"origin": [6.7, 15.82178, 9.69153],
							"size": [0.4, 1.7, 2.5],
							"pivot": [6.9, 17.02178, 10.44153],
							"rotation": [-112.5, 0, 0],
							"uv": {
								"north": {"uv": [9, 22], "uv_size": [0.5, 1.75]},
								"east": {"uv": [15, 6], "uv_size": [2.5, 1.75]},
								"south": {"uv": [10, 22], "uv_size": [0.5, 1.75]},
								"west": {"uv": [15, 8], "uv_size": [2.5, 1.75]},
								"up": {"uv": [15, 19], "uv_size": [0.5, 2.5]},
								"down": {"uv": [16, 21.5], "uv_size": [0.5, -2.5]}
							}
						},
						{
							"origin": [6.7, 17.77335, 9.44048],
							"size": [0.4, 1.5, 2.5],
							"pivot": [6.9, 18.77335, 10.69048],
							"rotation": [-90, 0, 0],
							"uv": {
								"north": {"uv": [14, 22], "uv_size": [0.5, 1.5]},
								"east": {"uv": [15, 14], "uv_size": [2.5, 1.5]},
								"south": {"uv": [22, 14], "uv_size": [0.5, 1.5]},
								"west": {"uv": [12, 16], "uv_size": [2.5, 1.5]},
								"up": {"uv": [19, 16], "uv_size": [0.5, 2.5]},
								"down": {"uv": [17, 21.5], "uv_size": [0.5, -2.5]}
							}
						},
						{
							"origin": [6.7, 20.08686, 10.00019],
							"size": [0.4, 1.4, 1.5],
							"pivot": [6.9, 20.98686, 10.25019],
							"rotation": [-67.5, 0, 0],
							"uv": {
								"north": {"uv": [15, 22], "uv_size": [0.5, 1.5]},
								"east": {"uv": [18, 2], "uv_size": [1.5, 1.5]},
								"south": {"uv": [16, 22], "uv_size": [0.5, 1.5]},
								"west": {"uv": [12, 18], "uv_size": [1.5, 1.5]},
								"up": {"uv": [22, 16], "uv_size": [0.5, 1.5]},
								"down": {"uv": [17, 23.5], "uv_size": [0.5, -1.5]}
							}
						},
						{
							"origin": [6.8, 15.1292, 10.16082],
							"size": [0.2, 1, 0.3],
							"pivot": [6.9, 15.6974, 9.56792],
							"rotation": [-55, 0, 0],
							"uv": {
								"north": {"uv": [25, 15], "uv_size": [0.25, 1]},
								"east": {"uv": [16, 25], "uv_size": [0.25, 1]},
								"south": {"uv": [25, 16], "uv_size": [0.25, 1]},
								"west": {"uv": [25, 17], "uv_size": [0.25, 1]},
								"up": {"uv": [27, 15], "uv_size": [0.25, 0.25]},
								"down": {"uv": [16, 27.25], "uv_size": [0.25, -0.25]}
							}
						},
						{
							"origin": [6.8, 17.22178, 9.89153],
							"size": [0.2, 0.3, 2.5],
							"pivot": [6.9, 17.02178, 10.64153],
							"rotation": [-112.5, 0, 0],
							"uv": {
								"north": {"uv": [27, 14], "uv_size": [0.25, 0.25]},
								"east": {"uv": [23, 22], "uv_size": [2.5, 0.25]},
								"south": {"uv": [15, 27], "uv_size": [0.25, 0.25]},
								"west": {"uv": [23, 23], "uv_size": [2.5, 0.25]},
								"up": {"uv": [1, 24], "uv_size": [0.25, 2.5]},
								"down": {"uv": [4, 26.5], "uv_size": [0.25, -2.5]}
							}
						},
						{
							"origin": [6.8, 18.97335, 9.64048],
							"size": [0.2, 0.3, 2.5],
							"pivot": [6.9, 18.77335, 10.89048],
							"rotation": [-90, 0, 0],
							"uv": {
								"north": {"uv": [27, 13], "uv_size": [0.25, 0.25]},
								"east": {"uv": [22, 2], "uv_size": [2.5, 0.25]},
								"south": {"uv": [14, 27], "uv_size": [0.25, 0.25]},
								"west": {"uv": [22, 8], "uv_size": [2.5, 0.25]},
								"up": {"uv": [23, 16], "uv_size": [0.25, 2.5]},
								"down": {"uv": [23, 21.5], "uv_size": [0.25, -2.5]}
							}
						},
						{
							"origin": [6.8, 21.18686, 10.20019],
							"size": [0.2, 0.3, 1.5],
							"pivot": [6.9, 20.98686, 10.45019],
							"rotation": [-67.5, 0, 0],
							"uv": {
								"north": {"uv": [27, 12], "uv_size": [0.25, 0.25]},
								"east": {"uv": [25, 4], "uv_size": [1.5, 0.25]},
								"south": {"uv": [13, 27], "uv_size": [0.25, 0.25]},
								"west": {"uv": [25, 5], "uv_size": [1.5, 0.25]},
								"up": {"uv": [5, 25], "uv_size": [0.25, 1.5]},
								"down": {"uv": [25, 7.5], "uv_size": [0.25, -1.5]}
							}
						},
						{
							"origin": [6.7, 19.30106, 8.58041],
							"size": [0.4, 1.7, 0.3],
							"pivot": [6.9, 20.20106, 9.33041],
							"rotation": [-80, 0, 0],
							"uv": {
								"north": {"uv": [22, 10], "uv_size": [0.5, 1.75]},
								"east": {"uv": [24, 16], "uv_size": [0.25, 1.75]},
								"south": {"uv": [22, 12], "uv_size": [0.5, 1.75]},
								"west": {"uv": [17, 24], "uv_size": [0.25, 1.75]},
								"up": {"uv": [22, 25], "uv_size": [0.5, 0.25]},
								"down": {"uv": [23, 25.25], "uv_size": [0.5, -0.25]}
							}
						},
						{
							"origin": [6.7, 17.03338, 6.06385],
							"size": [0.4, 6.1, 0.40196],
							"pivot": [6.9, 20.03338, 6.81385],
							"rotation": [-90, 0, 0],
							"uv": {
								"north": {"uv": [4, 18], "uv_size": [0.5, 6]},
								"east": {"uv": [5, 18], "uv_size": [0.5, 6]},
								"south": {"uv": [18, 6], "uv_size": [0.5, 6]},
								"west": {"uv": [11, 18], "uv_size": [0.5, 6]},
								"up": {"uv": [9, 25], "uv_size": [0.5, 0.5]},
								"down": {"uv": [10, 25.5], "uv_size": [0.5, -0.5]}
							}
						},
						{
							"origin": [6.7, 22.63338, 6.46581],
							"size": [0.4, 0.59326, 0.84804],
							"pivot": [6.9, 20.03338, 6.81385],
							"rotation": [-90, 0, 0],
							"uv": {
								"north": {"uv": [25, 12], "uv_size": [0.5, 0.5]},
								"east": {"uv": [20, 24], "uv_size": [0.75, 0.5]},
								"south": {"uv": [13, 25], "uv_size": [0.5, 0.5]},
								"west": {"uv": [24, 20], "uv_size": [0.75, 0.5]},
								"up": {"uv": [21, 24], "uv_size": [0.5, 0.75]},
								"down": {"uv": [24, 21.75], "uv_size": [0.5, -0.75]}
							}
						},
						{
							"origin": [6.7, 19.7818, 8.05033],
							"size": [0.4, 0.3, 0.3],
							"pivot": [6.9, 20.07843, 8.49935],
							"rotation": [-135, 0, 0],
							"uv": {
								"north": {"uv": [24, 25], "uv_size": [0.5, 0.25]},
								"east": {"uv": [26, 26], "uv_size": [0.25, 0.25]},
								"south": {"uv": [25, 24], "uv_size": [0.5, 0.25]},
								"west": {"uv": [0, 27], "uv_size": [0.25, 0.25]},
								"up": {"uv": [25, 25], "uv_size": [0.5, 0.25]},
								"down": {"uv": [0, 26.25], "uv_size": [0.5, -0.25]}
							}
						},
						{
							"origin": [6.7, 19.7818, 8.85707],
							"size": [0.4, 0.3, 0.3],
							"pivot": [6.9, 20.07843, 9.30609],
							"rotation": [-135, 0, 0],
							"uv": {
								"north": {"uv": [10, 26], "uv_size": [0.5, 0.25]},
								"east": {"uv": [27, 3], "uv_size": [0.25, 0.25]},
								"south": {"uv": [26, 10], "uv_size": [0.5, 0.25]},
								"west": {"uv": [4, 27], "uv_size": [0.25, 0.25]},
								"up": {"uv": [11, 26], "uv_size": [0.5, 0.25]},
								"down": {"uv": [26, 11.25], "uv_size": [0.5, -0.25]}
							}
						},
						{
							"origin": [6.7, 19.7818, 7.45707],
							"size": [0.4, 0.3, 0.3],
							"pivot": [6.9, 20.07843, 7.90609],
							"rotation": [-135, 0, 0],
							"uv": {
								"north": {"uv": [26, 0], "uv_size": [0.5, 0.25]},
								"east": {"uv": [27, 0], "uv_size": [0.25, 0.25]},
								"south": {"uv": [26, 1], "uv_size": [0.5, 0.25]},
								"west": {"uv": [1, 27], "uv_size": [0.25, 0.25]},
								"up": {"uv": [2, 26], "uv_size": [0.5, 0.25]},
								"down": {"uv": [26, 2.25], "uv_size": [0.5, -0.25]}
							}
						},
						{
							"origin": [6.7, 19.7818, 6.05707],
							"size": [0.4, 0.3, 0.3],
							"pivot": [6.9, 20.07843, 6.50609],
							"rotation": [-135, 0, 0],
							"uv": {
								"north": {"uv": [8, 26], "uv_size": [0.5, 0.25]},
								"east": {"uv": [27, 2], "uv_size": [0.25, 0.25]},
								"south": {"uv": [26, 8], "uv_size": [0.5, 0.25]},
								"west": {"uv": [3, 27], "uv_size": [0.25, 0.25]},
								"up": {"uv": [9, 26], "uv_size": [0.5, 0.25]},
								"down": {"uv": [26, 9.25], "uv_size": [0.5, -0.25]}
							}
						},
						{
							"origin": [6.7, 19.7818, 5.25033],
							"size": [0.4, 0.3, 0.3],
							"pivot": [6.9, 20.07843, 5.69935],
							"rotation": [-135, 0, 0],
							"uv": {
								"north": {"uv": [24, 26], "uv_size": [0.5, 0.25]},
								"east": {"uv": [27, 11], "uv_size": [0.25, 0.25]},
								"south": {"uv": [26, 24], "uv_size": [0.5, 0.25]},
								"west": {"uv": [12, 27], "uv_size": [0.25, 0.25]},
								"up": {"uv": [25, 26], "uv_size": [0.5, 0.25]},
								"down": {"uv": [26, 25.25], "uv_size": [0.5, -0.25]}
							}
						},
						{
							"origin": [6.7, 19.7818, 6.65033],
							"size": [0.4, 0.3, 0.3],
							"pivot": [6.9, 20.07843, 7.09935],
							"rotation": [-135, 0, 0],
							"uv": {
								"north": {"uv": [3, 26], "uv_size": [0.5, 0.25]},
								"east": {"uv": [27, 1], "uv_size": [0.25, 0.25]},
								"south": {"uv": [26, 3], "uv_size": [0.5, 0.25]},
								"west": {"uv": [2, 27], "uv_size": [0.25, 0.25]},
								"up": {"uv": [26, 6], "uv_size": [0.5, 0.25]},
								"down": {"uv": [26, 7.25], "uv_size": [0.5, -0.25]}
							}
						},
						{
							"origin": [6.7, 18.9095, 8.85707],
							"size": [0.4, 0.3, 0.3],
							"pivot": [6.9, 19.20613, 9.30609],
							"rotation": [-135, 0, 0],
							"uv": {
								"north": {"uv": [22, 26], "uv_size": [0.5, 0.25]},
								"east": {"uv": [27, 10], "uv_size": [0.25, 0.25]},
								"south": {"uv": [26, 22], "uv_size": [0.5, 0.25]},
								"west": {"uv": [11, 27], "uv_size": [0.25, 0.25]},
								"up": {"uv": [23, 26], "uv_size": [0.5, 0.25]},
								"down": {"uv": [26, 23.25], "uv_size": [0.5, -0.25]}
							}
						},
						{
							"origin": [6.7, 18.9095, 8.05033],
							"size": [0.4, 0.3, 0.3],
							"pivot": [6.9, 19.20613, 8.49935],
							"rotation": [-135, 0, 0],
							"uv": {
								"north": {"uv": [20, 26], "uv_size": [0.5, 0.25]},
								"east": {"uv": [27, 9], "uv_size": [0.25, 0.25]},
								"south": {"uv": [26, 20], "uv_size": [0.5, 0.25]},
								"west": {"uv": [10, 27], "uv_size": [0.25, 0.25]},
								"up": {"uv": [21, 26], "uv_size": [0.5, 0.25]},
								"down": {"uv": [26, 21.25], "uv_size": [0.5, -0.25]}
							}
						},
						{
							"origin": [6.7, 18.9095, 7.45707],
							"size": [0.4, 0.3, 0.3],
							"pivot": [6.9, 19.20613, 7.90609],
							"rotation": [-135, 0, 0],
							"uv": {
								"north": {"uv": [18, 26], "uv_size": [0.5, 0.25]},
								"east": {"uv": [27, 8], "uv_size": [0.25, 0.25]},
								"south": {"uv": [26, 18], "uv_size": [0.5, 0.25]},
								"west": {"uv": [9, 27], "uv_size": [0.25, 0.25]},
								"up": {"uv": [19, 26], "uv_size": [0.5, 0.25]},
								"down": {"uv": [26, 19.25], "uv_size": [0.5, -0.25]}
							}
						},
						{
							"origin": [6.7, 18.9095, 6.65033],
							"size": [0.4, 0.3, 0.3],
							"pivot": [6.9, 19.20613, 7.09935],
							"rotation": [-135, 0, 0],
							"uv": {
								"north": {"uv": [16, 26], "uv_size": [0.5, 0.25]},
								"east": {"uv": [27, 7], "uv_size": [0.25, 0.25]},
								"south": {"uv": [26, 16], "uv_size": [0.5, 0.25]},
								"west": {"uv": [8, 27], "uv_size": [0.25, 0.25]},
								"up": {"uv": [17, 26], "uv_size": [0.5, 0.25]},
								"down": {"uv": [26, 17.25], "uv_size": [0.5, -0.25]}
							}
						},
						{
							"origin": [6.7, 18.9095, 6.05707],
							"size": [0.4, 0.3, 0.3],
							"pivot": [6.9, 19.20613, 6.50609],
							"rotation": [-135, 0, 0],
							"uv": {
								"north": {"uv": [14, 26], "uv_size": [0.5, 0.25]},
								"east": {"uv": [27, 5], "uv_size": [0.25, 0.25]},
								"south": {"uv": [26, 14], "uv_size": [0.5, 0.25]},
								"west": {"uv": [27, 6], "uv_size": [0.25, 0.25]},
								"up": {"uv": [15, 26], "uv_size": [0.5, 0.25]},
								"down": {"uv": [26, 15.25], "uv_size": [0.5, -0.25]}
							}
						},
						{
							"origin": [6.7, 18.9095, 5.25033],
							"size": [0.4, 0.3, 0.3],
							"pivot": [6.9, 19.20613, 5.69935],
							"rotation": [-135, 0, 0],
							"uv": {
								"north": {"uv": [12, 26], "uv_size": [0.5, 0.25]},
								"east": {"uv": [27, 4], "uv_size": [0.25, 0.25]},
								"south": {"uv": [26, 12], "uv_size": [0.5, 0.25]},
								"west": {"uv": [5, 27], "uv_size": [0.25, 0.25]},
								"up": {"uv": [13, 26], "uv_size": [0.5, 0.25]},
								"down": {"uv": [26, 13.25], "uv_size": [0.5, -0.25]}
							}
						},
						{
							"origin": [6.7, 19.63577, 7.86146],
							"size": [0.4, 0.59326, 0.84804],
							"pivot": [6.9, 19.9324, 8.31048],
							"rotation": [-90, 0, 0],
							"uv": {
								"north": {"uv": [25, 14], "uv_size": [0.5, 0.5]},
								"east": {"uv": [2, 25], "uv_size": [0.75, 0.5]},
								"south": {"uv": [15, 25], "uv_size": [0.5, 0.5]},
								"west": {"uv": [25, 2], "uv_size": [0.75, 0.5]},
								"up": {"uv": [3, 25], "uv_size": [0.5, 0.75]},
								"down": {"uv": [25, 3.75], "uv_size": [0.5, -0.75]}
							}
						},
						{
							"origin": [6.7, 19.63577, 6.46146],
							"size": [0.4, 0.59326, 0.84804],
							"pivot": [6.9, 19.9324, 6.91048],
							"rotation": [-90, 0, 0],
							"uv": {
								"north": {"uv": [25, 13], "uv_size": [0.5, 0.5]},
								"east": {"uv": [22, 24], "uv_size": [0.75, 0.5]},
								"south": {"uv": [14, 25], "uv_size": [0.5, 0.5]},
								"west": {"uv": [23, 24], "uv_size": [0.75, 0.5]},
								"up": {"uv": [24, 24], "uv_size": [0.5, 0.75]},
								"down": {"uv": [0, 25.75], "uv_size": [0.5, -0.75]}
							}
						},
						{
							"origin": [6.7, 18.23577, 5.06146],
							"size": [0.4, 1.99326, 0.84804],
							"pivot": [6.9, 19.9324, 5.51048],
							"rotation": [-90, 0, 0],
							"uv": {
								"north": {"uv": [22, 0], "uv_size": [0.5, 2]},
								"east": {"uv": [19, 6], "uv_size": [0.75, 2]},
								"south": {"uv": [1, 22], "uv_size": [0.5, 2]},
								"west": {"uv": [19, 8], "uv_size": [0.75, 2]},
								"up": {"uv": [25, 0], "uv_size": [0.5, 0.75]},
								"down": {"uv": [25, 1.75], "uv_size": [0.5, -0.75]}
							}
						},
						{
							"origin": [6.7, 15.73338, 6.01385],
							"size": [0.4, 6.19326, 1.52627],
							"pivot": [6.9, 18.73338, 6.81385],
							"rotation": [-90, 0, 0],
							"uv": {
								"north": {"uv": [2, 18], "uv_size": [0.5, 6.25]},
								"east": {"uv": [2, 10], "uv_size": [1.5, 6.25]},
								"south": {"uv": [3, 18], "uv_size": [0.5, 6.25]},
								"west": {"uv": [4, 10], "uv_size": [1.5, 6.25]},
								"up": {"uv": [23, 6], "uv_size": [0.5, 1.5]},
								"down": {"uv": [23, 11.5], "uv_size": [0.5, -1.5]}
							}
						},
						{
							"origin": [6.7, 20.59013, 0.88778],
							"size": [0.4, 1.5, 3],
							"pivot": [6.9, 19.84013, 1.63778],
							"rotation": [-85, 0, 0],
							"uv": {
								"north": {"uv": [18, 22], "uv_size": [0.5, 1.5]},
								"east": {"uv": [12, 12], "uv_size": [3, 1.5]},
								"south": {"uv": [22, 18], "uv_size": [0.5, 1.5]},
								"west": {"uv": [12, 14], "uv_size": [3, 1.5]},
								"up": {"uv": [0, 19], "uv_size": [0.5, 3]},
								"down": {"uv": [1, 22], "uv_size": [0.5, -3]}
							}
						},
						{
							"origin": [6.7, 19.92741, -1.23816],
							"size": [0.4, 1.5, 2.7],
							"pivot": [6.9, 18.72178, 0.03585],
							"rotation": [-75, 0, 0],
							"uv": {
								"north": {"uv": [19, 22], "uv_size": [0.5, 1.5]},
								"east": {"uv": [15, 10], "uv_size": [2.75, 1.5]},
								"south": {"uv": [20, 22], "uv_size": [0.5, 1.5]},
								"west": {"uv": [15, 12], "uv_size": [2.75, 1.5]},
								"up": {"uv": [9, 19], "uv_size": [0.5, 2.75]},
								"down": {"uv": [10, 21.75], "uv_size": [0.5, -2.75]}
							}
						},
						{
							"origin": [6.7, 18.63032, -1.00945],
							"size": [0.4, 1.5, 2.3],
							"pivot": [6.9, 18.72178, 0.03585],
							"rotation": [-65, 0, 0],
							"uv": {
								"north": {"uv": [22, 20], "uv_size": [0.5, 1.5]},
								"east": {"uv": [15, 17], "uv_size": [2.25, 1.5]},
								"south": {"uv": [21, 22], "uv_size": [0.5, 1.5]},
								"west": {"uv": [18, 0], "uv_size": [2.25, 1.5]},
								"up": {"uv": [20, 12], "uv_size": [0.5, 2.25]},
								"down": {"uv": [13, 22.25], "uv_size": [0.5, -2.25]}
							}
						},
						{
							"origin": [6.7, 17.31323, -1.00945],
							"size": [0.4, 1.5, 1.5],
							"pivot": [6.9, 18.72178, 0.03585],
							"rotation": [-55, 0, 0],
							"uv": {
								"north": {"uv": [22, 22], "uv_size": [0.5, 1.5]},
								"east": {"uv": [18, 12], "uv_size": [1.5, 1.5]},
								"south": {"uv": [0, 23], "uv_size": [0.5, 1.5]},
								"west": {"uv": [18, 14], "uv_size": [1.5, 1.5]},
								"up": {"uv": [23, 0], "uv_size": [0.5, 1.5]},
								"down": {"uv": [23, 5.5], "uv_size": [0.5, -1.5]}
							}
						},
						{
							"origin": [6.7, 16.34757, -1.23816],
							"size": [0.4, 1.16857, 0.61761],
							"pivot": [6.9, 18.72178, 0.03585],
							"rotation": [-45, 0, 0],
							"uv": {
								"north": {"uv": [12, 23], "uv_size": [0.5, 1.25]},
								"east": {"uv": [23, 12], "uv_size": [0.5, 1.25]},
								"south": {"uv": [13, 23], "uv_size": [0.5, 1.25]},
								"west": {"uv": [23, 14], "uv_size": [0.5, 1.25]},
								"up": {"uv": [25, 10], "uv_size": [0.5, 0.5]},
								"down": {"uv": [11, 25.5], "uv_size": [0.5, -0.5]}
							}
						},
						{
							"origin": [6.8, 16.06272, -1.33816],
							"size": [0.2, 0.28485, 0.63276],
							"pivot": [6.8, 18.52178, 0.03585],
							"rotation": [-45, 0, 0],
							"uv": {
								"north": {"uv": [27, 17], "uv_size": [0.25, 0.25]},
								"east": {"uv": [18, 25], "uv_size": [0.75, 0.25]},
								"south": {"uv": [18, 27], "uv_size": [0.25, 0.25]},
								"west": {"uv": [25, 18], "uv_size": [0.75, 0.25]},
								"up": {"uv": [19, 25], "uv_size": [0.25, 0.75]},
								"down": {"uv": [25, 19.75], "uv_size": [0.25, -0.75]}
							}
						},
						{
							"origin": [6.7, 17.55433, -1.42112],
							"size": [0.4, 2.16857, 0.61761],
							"pivot": [6.9, 18.13862, -1.11231],
							"rotation": [-90, 0, 0],
							"uv": {
								"north": {"uv": [20, 15], "uv_size": [0.5, 2.25]},
								"east": {"uv": [20, 18], "uv_size": [0.5, 2.25]},
								"south": {"uv": [21, 0], "uv_size": [0.5, 2.25]},
								"west": {"uv": [21, 6], "uv_size": [0.5, 2.25]},
								"up": {"uv": [25, 11], "uv_size": [0.5, 0.5]},
								"down": {"uv": [12, 25.5], "uv_size": [0.5, -0.5]}
							}
						},
						{
							"origin": [6.7, 17.15433, 8.27888],
							"size": [0.4, 0.86857, 0.71761],
							"pivot": [6.9, 17.23862, 8.58769],
							"rotation": [-90, 0, 0],
							"uv": {
								"north": {"uv": [18, 24], "uv_size": [0.5, 0.75]},
								"east": {"uv": [24, 0], "uv_size": [0.75, 0.75]},
								"south": {"uv": [24, 18], "uv_size": [0.5, 0.75]},
								"west": {"uv": [24, 1], "uv_size": [0.75, 0.75]},
								"up": {"uv": [19, 24], "uv_size": [0.5, 0.75]},
								"down": {"uv": [24, 19.75], "uv_size": [0.5, -0.75]}
							}
						},
						{
							"origin": [6.7, 8.9864, 5.25],
							"size": [0.4, 0.9, 0.9],
							"pivot": [6.9, 9.4364, 5.7],
							"rotation": [45, 0, 0],
							"uv": {
								"north": {"uv": [24, 4], "uv_size": [0.5, 1]},
								"east": {"uv": [19, 10], "uv_size": [1, 1]},
								"south": {"uv": [5, 24], "uv_size": [0.5, 1]},
								"west": {"uv": [19, 11], "uv_size": [1, 1]},
								"up": {"uv": [24, 5], "uv_size": [0.5, 1]},
								"down": {"uv": [24, 7], "uv_size": [0.5, -1]}
							}
						},
						{
							"origin": [6.7, 8.9864, 3.45],
							"size": [0.4, 0.9, 0.9],
							"pivot": [6.9, 9.4364, 3.9],
							"rotation": [45, 0, 0],
							"uv": {
								"north": {"uv": [24, 7], "uv_size": [0.5, 1]},
								"east": {"uv": [20, 2], "uv_size": [1, 1]},
								"south": {"uv": [8, 24], "uv_size": [0.5, 1]},
								"west": {"uv": [18, 21], "uv_size": [1, 1]},
								"up": {"uv": [9, 24], "uv_size": [0.5, 1]},
								"down": {"uv": [10, 25], "uv_size": [0.5, -1]}
							}
						},
						{
							"origin": [6.7, -1.0136, 5.25],
							"size": [0.4, 0.9, 0.9],
							"pivot": [6.9, -0.5636, 5.7],
							"rotation": [45, 0, 0],
							"uv": {
								"north": {"uv": [24, 13], "uv_size": [0.5, 1]},
								"east": {"uv": [21, 21], "uv_size": [1, 1]},
								"south": {"uv": [14, 24], "uv_size": [0.5, 1]},
								"west": {"uv": [0, 22], "uv_size": [1, 1]},
								"up": {"uv": [24, 14], "uv_size": [0.5, 1]},
								"down": {"uv": [15, 25], "uv_size": [0.5, -1]}
							}
						},
						{
							"origin": [6.7, -1.0136, 3.45],
							"size": [0.4, 0.9, 0.9],
							"pivot": [6.9, -0.5636, 3.9],
							"rotation": [45, 0, 0],
							"uv": {
								"north": {"uv": [24, 10], "uv_size": [0.5, 1]},
								"east": {"uv": [20, 21], "uv_size": [1, 1]},
								"south": {"uv": [11, 24], "uv_size": [0.5, 1]},
								"west": {"uv": [21, 20], "uv_size": [1, 1]},
								"up": {"uv": [24, 11], "uv_size": [0.5, 1]},
								"down": {"uv": [24, 13], "uv_size": [0.5, -1]}
							}
						}
					]
				},
				{
					"name": "axe_2",
					"parent": "root",
					"pivot": [-6.7, 0.7, 8.3],
					"rotation": [23.23276, 3.98676, 87.48127]
				},
				{
					"name": "default_gun2",
					"parent": "axe_2",
					"pivot": [-6.7, 5.7, 8.3]
				},
				{
					"name": "body2",
					"parent": "default_gun2",
					"pivot": [-6.7156, 13.45198, 7.31605],
					"rotation": [0, 180, 0],
					"cubes": [
						{
							"origin": [-6.9, 2.4, 1.8],
							"size": [0.4, 1.8, 18],
							"pivot": [-6.7, 3.3, 6.3],
							"rotation": [90, 0, 0],
							"uv": {
								"north": {"uv": [22, 6], "uv_size": [0.5, 1.75]},
								"east": {"uv": [0, 0], "uv_size": [18, 1.75]},
								"south": {"uv": [8, 22], "uv_size": [0.5, 1.75]},
								"west": {"uv": [0, 2], "uv_size": [18, 1.75]},
								"up": {"uv": [6, 10], "uv_size": [0.5, 18]},
								"down": {"uv": [7, 28], "uv_size": [0.5, -18]}
							}
						},
						{
							"origin": [-7.3, 2, 2.8],
							"size": [1.2, 2.6, 9.3],
							"pivot": [-6.7, 3.3, 6.3],
							"rotation": [90, 0, 0],
							"uv": {
								"north": {"uv": [9, 13], "uv_size": [1.25, 2.5]},
								"east": {"uv": [0, 4], "uv_size": [9, 2.5]},
								"south": {"uv": [9, 16], "uv_size": [1.25, 2.5]},
								"west": {"uv": [0, 7], "uv_size": [9, 2.5]},
								"up": {"uv": [9, 4], "uv_size": [1.25, 9]},
								"down": {"uv": [0, 19], "uv_size": [1.25, -9]}
							}
						},
						{
							"origin": [-6.9, 16.37071, 5.1636],
							"size": [0.4, 2.27279, 2.27279],
							"pivot": [-6.7, 17.50711, 6.3],
							"rotation": [45, 0, 0],
							"uv": {
								"north": {"uv": [19, 19], "uv_size": [0.5, 2.25]},
								"east": {"uv": [12, 6], "uv_size": [2.25, 2.25]},
								"south": {"uv": [20, 6], "uv_size": [0.5, 2.25]},
								"west": {"uv": [12, 9], "uv_size": [2.25, 2.25]},
								"up": {"uv": [20, 9], "uv_size": [0.5, 2.25]},
								"down": {"uv": [12, 22.25], "uv_size": [0.5, -2.25]}
							}
						},
						{
							"origin": [-6.9, 17.50711, -0.60711],
							"size": [0.4, 0.5, 12.11421],
							"uv": {
								"north": {"uv": [8, 25], "uv_size": [0.5, 0.5]},
								"east": {"uv": [11, 4], "uv_size": [12, 0.5]},
								"south": {"uv": [25, 8], "uv_size": [0.5, 0.5]},
								"west": {"uv": [11, 5], "uv_size": [12, 0.5]},
								"up": {"uv": [8, 10], "uv_size": [0.5, 12]},
								"down": {"uv": [11, 18], "uv_size": [0.5, -12]}
							}
						},
						{
							"origin": [-6.8, 17.30711, -0.72711],
							"size": [0.2, 0.2, 4.23421],
							"uv": {
								"north": {"uv": [27, 16], "uv_size": [0.25, 0.25]},
								"east": {"uv": [20, 3], "uv_size": [4.25, 0.25]},
								"south": {"uv": [17, 27], "uv_size": [0.25, 0.25]},
								"west": {"uv": [21, 9], "uv_size": [4.25, 0.25]},
								"up": {"uv": [21, 10], "uv_size": [0.25, 4.25]},
								"down": {"uv": [21, 19.25], "uv_size": [0.25, -4.25]}
							}
						},
						{
							"origin": [-6.8, 17.87025, 3.39985],
							"size": [0.2, 0.2, 0.81421],
							"pivot": [-6.7, 17.97025, 5.45696],
							"rotation": [16, 0, 0],
							"uv": {
								"north": {"uv": [27, 18], "uv_size": [0.25, 0.25]},
								"east": {"uv": [20, 25], "uv_size": [0.75, 0.25]},
								"south": {"uv": [19, 27], "uv_size": [0.25, 0.25]},
								"west": {"uv": [25, 20], "uv_size": [0.75, 0.25]},
								"up": {"uv": [21, 25], "uv_size": [0.25, 0.75]},
								"down": {"uv": [25, 21.75], "uv_size": [0.25, -0.75]}
							}
						},
						{
							"origin": [-6.9, 15.1292, 8.26082],
							"size": [0.4, 1, 3.5],
							"pivot": [-6.7, 15.6974, 10.86792],
							"rotation": [-55, 0, 0],
							"uv": {
								"north": {"uv": [24, 15], "uv_size": [0.5, 1]},
								"east": {"uv": [15, 16], "uv_size": [3.5, 1]},
								"south": {"uv": [16, 24], "uv_size": [0.5, 1]},
								"west": {"uv": [2, 17], "uv_size": [3.5, 1]},
								"up": {"uv": [14, 18], "uv_size": [0.5, 3.5]},
								"down": {"uv": [18, 20.5], "uv_size": [0.5, -3.5]}
							}
						},
						{
							"origin": [-6.9, 15.82178, 11.19153],
							"size": [0.4, 1.7, 2.5],
							"pivot": [-6.7, 17.02178, 11.94153],
							"rotation": [-112.5, 0, 0],
							"uv": {
								"north": {"uv": [9, 22], "uv_size": [0.5, 1.75]},
								"east": {"uv": [15, 6], "uv_size": [2.5, 1.75]},
								"south": {"uv": [10, 22], "uv_size": [0.5, 1.75]},
								"west": {"uv": [15, 8], "uv_size": [2.5, 1.75]},
								"up": {"uv": [15, 19], "uv_size": [0.5, 2.5]},
								"down": {"uv": [16, 21.5], "uv_size": [0.5, -2.5]}
							}
						},
						{
							"origin": [-6.9, 17.77335, 10.94048],
							"size": [0.4, 1.5, 2.5],
							"pivot": [-6.7, 18.77335, 12.19048],
							"rotation": [-90, 0, 0],
							"uv": {
								"north": {"uv": [14, 22], "uv_size": [0.5, 1.5]},
								"east": {"uv": [15, 14], "uv_size": [2.5, 1.5]},
								"south": {"uv": [22, 14], "uv_size": [0.5, 1.5]},
								"west": {"uv": [12, 16], "uv_size": [2.5, 1.5]},
								"up": {"uv": [19, 16], "uv_size": [0.5, 2.5]},
								"down": {"uv": [17, 21.5], "uv_size": [0.5, -2.5]}
							}
						},
						{
							"origin": [-6.9, 20.08686, 11.50019],
							"size": [0.4, 1.4, 1.5],
							"pivot": [-6.7, 20.98686, 11.75019],
							"rotation": [-67.5, 0, 0],
							"uv": {
								"north": {"uv": [15, 22], "uv_size": [0.5, 1.5]},
								"east": {"uv": [18, 2], "uv_size": [1.5, 1.5]},
								"south": {"uv": [16, 22], "uv_size": [0.5, 1.5]},
								"west": {"uv": [12, 18], "uv_size": [1.5, 1.5]},
								"up": {"uv": [22, 16], "uv_size": [0.5, 1.5]},
								"down": {"uv": [17, 23.5], "uv_size": [0.5, -1.5]}
							}
						},
						{
							"origin": [-6.8, 15.1292, 11.66082],
							"size": [0.2, 1, 0.3],
							"pivot": [-6.7, 15.6974, 11.06792],
							"rotation": [-55, 0, 0],
							"uv": {
								"north": {"uv": [25, 15], "uv_size": [0.25, 1]},
								"east": {"uv": [16, 25], "uv_size": [0.25, 1]},
								"south": {"uv": [25, 16], "uv_size": [0.25, 1]},
								"west": {"uv": [25, 17], "uv_size": [0.25, 1]},
								"up": {"uv": [27, 15], "uv_size": [0.25, 0.25]},
								"down": {"uv": [16, 27.25], "uv_size": [0.25, -0.25]}
							}
						},
						{
							"origin": [-6.8, 17.22178, 11.39153],
							"size": [0.2, 0.3, 2.5],
							"pivot": [-6.7, 17.02178, 12.14153],
							"rotation": [-112.5, 0, 0],
							"uv": {
								"north": {"uv": [27, 14], "uv_size": [0.25, 0.25]},
								"east": {"uv": [23, 22], "uv_size": [2.5, 0.25]},
								"south": {"uv": [15, 27], "uv_size": [0.25, 0.25]},
								"west": {"uv": [23, 23], "uv_size": [2.5, 0.25]},
								"up": {"uv": [1, 24], "uv_size": [0.25, 2.5]},
								"down": {"uv": [4, 26.5], "uv_size": [0.25, -2.5]}
							}
						},
						{
							"origin": [-6.8, 18.97335, 11.14048],
							"size": [0.2, 0.3, 2.5],
							"pivot": [-6.7, 18.77335, 12.39048],
							"rotation": [-90, 0, 0],
							"uv": {
								"north": {"uv": [27, 13], "uv_size": [0.25, 0.25]},
								"east": {"uv": [22, 2], "uv_size": [2.5, 0.25]},
								"south": {"uv": [14, 27], "uv_size": [0.25, 0.25]},
								"west": {"uv": [22, 8], "uv_size": [2.5, 0.25]},
								"up": {"uv": [23, 16], "uv_size": [0.25, 2.5]},
								"down": {"uv": [23, 21.5], "uv_size": [0.25, -2.5]}
							}
						},
						{
							"origin": [-6.8, 21.18686, 11.70019],
							"size": [0.2, 0.3, 1.5],
							"pivot": [-6.7, 20.98686, 11.95019],
							"rotation": [-67.5, 0, 0],
							"uv": {
								"north": {"uv": [27, 12], "uv_size": [0.25, 0.25]},
								"east": {"uv": [25, 4], "uv_size": [1.5, 0.25]},
								"south": {"uv": [13, 27], "uv_size": [0.25, 0.25]},
								"west": {"uv": [25, 5], "uv_size": [1.5, 0.25]},
								"up": {"uv": [5, 25], "uv_size": [0.25, 1.5]},
								"down": {"uv": [25, 7.5], "uv_size": [0.25, -1.5]}
							}
						},
						{
							"origin": [-6.9, 19.30106, 10.08041],
							"size": [0.4, 1.7, 0.3],
							"pivot": [-6.7, 20.20106, 10.83041],
							"rotation": [-80, 0, 0],
							"uv": {
								"north": {"uv": [22, 10], "uv_size": [0.5, 1.75]},
								"east": {"uv": [24, 16], "uv_size": [0.25, 1.75]},
								"south": {"uv": [22, 12], "uv_size": [0.5, 1.75]},
								"west": {"uv": [17, 24], "uv_size": [0.25, 1.75]},
								"up": {"uv": [22, 25], "uv_size": [0.5, 0.25]},
								"down": {"uv": [23, 25.25], "uv_size": [0.5, -0.25]}
							}
						},
						{
							"origin": [-6.9, 17.03338, 7.56385],
							"size": [0.4, 6.1, 0.40196],
							"pivot": [-6.7, 20.03338, 8.31385],
							"rotation": [-90, 0, 0],
							"uv": {
								"north": {"uv": [4, 18], "uv_size": [0.5, 6]},
								"east": {"uv": [5, 18], "uv_size": [0.5, 6]},
								"south": {"uv": [18, 6], "uv_size": [0.5, 6]},
								"west": {"uv": [11, 18], "uv_size": [0.5, 6]},
								"up": {"uv": [9, 25], "uv_size": [0.5, 0.5]},
								"down": {"uv": [10, 25.5], "uv_size": [0.5, -0.5]}
							}
						},
						{
							"origin": [-6.9, 22.63338, 7.96581],
							"size": [0.4, 0.59326, 0.84804],
							"pivot": [-6.7, 20.03338, 8.31385],
							"rotation": [-90, 0, 0],
							"uv": {
								"north": {"uv": [25, 12], "uv_size": [0.5, 0.5]},
								"east": {"uv": [20, 24], "uv_size": [0.75, 0.5]},
								"south": {"uv": [13, 25], "uv_size": [0.5, 0.5]},
								"west": {"uv": [24, 20], "uv_size": [0.75, 0.5]},
								"up": {"uv": [21, 24], "uv_size": [0.5, 0.75]},
								"down": {"uv": [24, 21.75], "uv_size": [0.5, -0.75]}
							}
						},
						{
							"origin": [-6.9, 19.7818, 9.55033],
							"size": [0.4, 0.3, 0.3],
							"pivot": [-6.7, 20.07843, 9.99935],
							"rotation": [-135, 0, 0],
							"uv": {
								"north": {"uv": [24, 25], "uv_size": [0.5, 0.25]},
								"east": {"uv": [26, 26], "uv_size": [0.25, 0.25]},
								"south": {"uv": [25, 24], "uv_size": [0.5, 0.25]},
								"west": {"uv": [0, 27], "uv_size": [0.25, 0.25]},
								"up": {"uv": [25, 25], "uv_size": [0.5, 0.25]},
								"down": {"uv": [0, 26.25], "uv_size": [0.5, -0.25]}
							}
						},
						{
							"origin": [-6.9, 19.7818, 10.35707],
							"size": [0.4, 0.3, 0.3],
							"pivot": [-6.7, 20.07843, 10.80609],
							"rotation": [-135, 0, 0],
							"uv": {
								"north": {"uv": [10, 26], "uv_size": [0.5, 0.25]},
								"east": {"uv": [27, 3], "uv_size": [0.25, 0.25]},
								"south": {"uv": [26, 10], "uv_size": [0.5, 0.25]},
								"west": {"uv": [4, 27], "uv_size": [0.25, 0.25]},
								"up": {"uv": [11, 26], "uv_size": [0.5, 0.25]},
								"down": {"uv": [26, 11.25], "uv_size": [0.5, -0.25]}
							}
						},
						{
							"origin": [-6.9, 19.7818, 8.95707],
							"size": [0.4, 0.3, 0.3],
							"pivot": [-6.7, 20.07843, 9.40609],
							"rotation": [-135, 0, 0],
							"uv": {
								"north": {"uv": [26, 0], "uv_size": [0.5, 0.25]},
								"east": {"uv": [27, 0], "uv_size": [0.25, 0.25]},
								"south": {"uv": [26, 1], "uv_size": [0.5, 0.25]},
								"west": {"uv": [1, 27], "uv_size": [0.25, 0.25]},
								"up": {"uv": [2, 26], "uv_size": [0.5, 0.25]},
								"down": {"uv": [26, 2.25], "uv_size": [0.5, -0.25]}
							}
						},
						{
							"origin": [-6.9, 19.7818, 7.55707],
							"size": [0.4, 0.3, 0.3],
							"pivot": [-6.7, 20.07843, 8.00609],
							"rotation": [-135, 0, 0],
							"uv": {
								"north": {"uv": [8, 26], "uv_size": [0.5, 0.25]},
								"east": {"uv": [27, 2], "uv_size": [0.25, 0.25]},
								"south": {"uv": [26, 8], "uv_size": [0.5, 0.25]},
								"west": {"uv": [3, 27], "uv_size": [0.25, 0.25]},
								"up": {"uv": [9, 26], "uv_size": [0.5, 0.25]},
								"down": {"uv": [26, 9.25], "uv_size": [0.5, -0.25]}
							}
						},
						{
							"origin": [-6.9, 19.7818, 6.75033],
							"size": [0.4, 0.3, 0.3],
							"pivot": [-6.7, 20.07843, 7.19935],
							"rotation": [-135, 0, 0],
							"uv": {
								"north": {"uv": [24, 26], "uv_size": [0.5, 0.25]},
								"east": {"uv": [27, 11], "uv_size": [0.25, 0.25]},
								"south": {"uv": [26, 24], "uv_size": [0.5, 0.25]},
								"west": {"uv": [12, 27], "uv_size": [0.25, 0.25]},
								"up": {"uv": [25, 26], "uv_size": [0.5, 0.25]},
								"down": {"uv": [26, 25.25], "uv_size": [0.5, -0.25]}
							}
						},
						{
							"origin": [-6.9, 19.7818, 8.15033],
							"size": [0.4, 0.3, 0.3],
							"pivot": [-6.7, 20.07843, 8.59935],
							"rotation": [-135, 0, 0],
							"uv": {
								"north": {"uv": [3, 26], "uv_size": [0.5, 0.25]},
								"east": {"uv": [27, 1], "uv_size": [0.25, 0.25]},
								"south": {"uv": [26, 3], "uv_size": [0.5, 0.25]},
								"west": {"uv": [2, 27], "uv_size": [0.25, 0.25]},
								"up": {"uv": [26, 6], "uv_size": [0.5, 0.25]},
								"down": {"uv": [26, 7.25], "uv_size": [0.5, -0.25]}
							}
						},
						{
							"origin": [-6.9, 18.9095, 10.35707],
							"size": [0.4, 0.3, 0.3],
							"pivot": [-6.7, 19.20613, 10.80609],
							"rotation": [-135, 0, 0],
							"uv": {
								"north": {"uv": [22, 26], "uv_size": [0.5, 0.25]},
								"east": {"uv": [27, 10], "uv_size": [0.25, 0.25]},
								"south": {"uv": [26, 22], "uv_size": [0.5, 0.25]},
								"west": {"uv": [11, 27], "uv_size": [0.25, 0.25]},
								"up": {"uv": [23, 26], "uv_size": [0.5, 0.25]},
								"down": {"uv": [26, 23.25], "uv_size": [0.5, -0.25]}
							}
						},
						{
							"origin": [-6.9, 18.9095, 9.55033],
							"size": [0.4, 0.3, 0.3],
							"pivot": [-6.7, 19.20613, 9.99935],
							"rotation": [-135, 0, 0],
							"uv": {
								"north": {"uv": [20, 26], "uv_size": [0.5, 0.25]},
								"east": {"uv": [27, 9], "uv_size": [0.25, 0.25]},
								"south": {"uv": [26, 20], "uv_size": [0.5, 0.25]},
								"west": {"uv": [10, 27], "uv_size": [0.25, 0.25]},
								"up": {"uv": [21, 26], "uv_size": [0.5, 0.25]},
								"down": {"uv": [26, 21.25], "uv_size": [0.5, -0.25]}
							}
						},
						{
							"origin": [-6.9, 18.9095, 8.95707],
							"size": [0.4, 0.3, 0.3],
							"pivot": [-6.7, 19.20613, 9.40609],
							"rotation": [-135, 0, 0],
							"uv": {
								"north": {"uv": [18, 26], "uv_size": [0.5, 0.25]},
								"east": {"uv": [27, 8], "uv_size": [0.25, 0.25]},
								"south": {"uv": [26, 18], "uv_size": [0.5, 0.25]},
								"west": {"uv": [9, 27], "uv_size": [0.25, 0.25]},
								"up": {"uv": [19, 26], "uv_size": [0.5, 0.25]},
								"down": {"uv": [26, 19.25], "uv_size": [0.5, -0.25]}
							}
						},
						{
							"origin": [-6.9, 18.9095, 8.15033],
							"size": [0.4, 0.3, 0.3],
							"pivot": [-6.7, 19.20613, 8.59935],
							"rotation": [-135, 0, 0],
							"uv": {
								"north": {"uv": [16, 26], "uv_size": [0.5, 0.25]},
								"east": {"uv": [27, 7], "uv_size": [0.25, 0.25]},
								"south": {"uv": [26, 16], "uv_size": [0.5, 0.25]},
								"west": {"uv": [8, 27], "uv_size": [0.25, 0.25]},
								"up": {"uv": [17, 26], "uv_size": [0.5, 0.25]},
								"down": {"uv": [26, 17.25], "uv_size": [0.5, -0.25]}
							}
						},
						{
							"origin": [-6.9, 18.9095, 7.55707],
							"size": [0.4, 0.3, 0.3],
							"pivot": [-6.7, 19.20613, 8.00609],
							"rotation": [-135, 0, 0],
							"uv": {
								"north": {"uv": [14, 26], "uv_size": [0.5, 0.25]},
								"east": {"uv": [27, 5], "uv_size": [0.25, 0.25]},
								"south": {"uv": [26, 14], "uv_size": [0.5, 0.25]},
								"west": {"uv": [27, 6], "uv_size": [0.25, 0.25]},
								"up": {"uv": [15, 26], "uv_size": [0.5, 0.25]},
								"down": {"uv": [26, 15.25], "uv_size": [0.5, -0.25]}
							}
						},
						{
							"origin": [-6.9, 18.9095, 6.75033],
							"size": [0.4, 0.3, 0.3],
							"pivot": [-6.7, 19.20613, 7.19935],
							"rotation": [-135, 0, 0],
							"uv": {
								"north": {"uv": [12, 26], "uv_size": [0.5, 0.25]},
								"east": {"uv": [27, 4], "uv_size": [0.25, 0.25]},
								"south": {"uv": [26, 12], "uv_size": [0.5, 0.25]},
								"west": {"uv": [5, 27], "uv_size": [0.25, 0.25]},
								"up": {"uv": [13, 26], "uv_size": [0.5, 0.25]},
								"down": {"uv": [26, 13.25], "uv_size": [0.5, -0.25]}
							}
						},
						{
							"origin": [-6.9, 19.63577, 9.36146],
							"size": [0.4, 0.59326, 0.84804],
							"pivot": [-6.7, 19.9324, 9.81048],
							"rotation": [-90, 0, 0],
							"uv": {
								"north": {"uv": [25, 14], "uv_size": [0.5, 0.5]},
								"east": {"uv": [2, 25], "uv_size": [0.75, 0.5]},
								"south": {"uv": [15, 25], "uv_size": [0.5, 0.5]},
								"west": {"uv": [25, 2], "uv_size": [0.75, 0.5]},
								"up": {"uv": [3, 25], "uv_size": [0.5, 0.75]},
								"down": {"uv": [25, 3.75], "uv_size": [0.5, -0.75]}
							}
						},
						{
							"origin": [-6.9, 19.63577, 7.96146],
							"size": [0.4, 0.59326, 0.84804],
							"pivot": [-6.7, 19.9324, 8.41048],
							"rotation": [-90, 0, 0],
							"uv": {
								"north": {"uv": [25, 13], "uv_size": [0.5, 0.5]},
								"east": {"uv": [22, 24], "uv_size": [0.75, 0.5]},
								"south": {"uv": [14, 25], "uv_size": [0.5, 0.5]},
								"west": {"uv": [23, 24], "uv_size": [0.75, 0.5]},
								"up": {"uv": [24, 24], "uv_size": [0.5, 0.75]},
								"down": {"uv": [0, 25.75], "uv_size": [0.5, -0.75]}
							}
						},
						{
							"origin": [-6.9, 18.23577, 6.56146],
							"size": [0.4, 1.99326, 0.84804],
							"pivot": [-6.7, 19.9324, 7.01048],
							"rotation": [-90, 0, 0],
							"uv": {
								"north": {"uv": [22, 0], "uv_size": [0.5, 2]},
								"east": {"uv": [19, 6], "uv_size": [0.75, 2]},
								"south": {"uv": [1, 22], "uv_size": [0.5, 2]},
								"west": {"uv": [19, 8], "uv_size": [0.75, 2]},
								"up": {"uv": [25, 0], "uv_size": [0.5, 0.75]},
								"down": {"uv": [25, 1.75], "uv_size": [0.5, -0.75]}
							}
						},
						{
							"origin": [-6.9, 15.73338, 7.51385],
							"size": [0.4, 6.19326, 1.52627],
							"pivot": [-6.7, 18.73338, 8.31385],
							"rotation": [-90, 0, 0],
							"uv": {
								"north": {"uv": [2, 18], "uv_size": [0.5, 6.25]},
								"east": {"uv": [2, 10], "uv_size": [1.5, 6.25]},
								"south": {"uv": [3, 18], "uv_size": [0.5, 6.25]},
								"west": {"uv": [4, 10], "uv_size": [1.5, 6.25]},
								"up": {"uv": [23, 6], "uv_size": [0.5, 1.5]},
								"down": {"uv": [23, 11.5], "uv_size": [0.5, -1.5]}
							}
						},
						{
							"origin": [-6.9, 20.59013, 2.38778],
							"size": [0.4, 1.5, 3],
							"pivot": [-6.7, 19.84013, 3.13778],
							"rotation": [-85, 0, 0],
							"uv": {
								"north": {"uv": [18, 22], "uv_size": [0.5, 1.5]},
								"east": {"uv": [12, 12], "uv_size": [3, 1.5]},
								"south": {"uv": [22, 18], "uv_size": [0.5, 1.5]},
								"west": {"uv": [12, 14], "uv_size": [3, 1.5]},
								"up": {"uv": [0, 19], "uv_size": [0.5, 3]},
								"down": {"uv": [1, 22], "uv_size": [0.5, -3]}
							}
						},
						{
							"origin": [-6.9, 19.92741, 0.26184],
							"size": [0.4, 1.5, 2.7],
							"pivot": [-6.7, 18.72178, 1.53585],
							"rotation": [-75, 0, 0],
							"uv": {
								"north": {"uv": [19, 22], "uv_size": [0.5, 1.5]},
								"east": {"uv": [15, 10], "uv_size": [2.75, 1.5]},
								"south": {"uv": [20, 22], "uv_size": [0.5, 1.5]},
								"west": {"uv": [15, 12], "uv_size": [2.75, 1.5]},
								"up": {"uv": [9, 19], "uv_size": [0.5, 2.75]},
								"down": {"uv": [10, 21.75], "uv_size": [0.5, -2.75]}
							}
						},
						{
							"origin": [-6.9, 18.63032, 0.49055],
							"size": [0.4, 1.5, 2.3],
							"pivot": [-6.7, 18.72178, 1.53585],
							"rotation": [-65, 0, 0],
							"uv": {
								"north": {"uv": [22, 20], "uv_size": [0.5, 1.5]},
								"east": {"uv": [15, 17], "uv_size": [2.25, 1.5]},
								"south": {"uv": [21, 22], "uv_size": [0.5, 1.5]},
								"west": {"uv": [18, 0], "uv_size": [2.25, 1.5]},
								"up": {"uv": [20, 12], "uv_size": [0.5, 2.25]},
								"down": {"uv": [13, 22.25], "uv_size": [0.5, -2.25]}
							}
						},
						{
							"origin": [-6.9, 17.31323, 0.49055],
							"size": [0.4, 1.5, 1.5],
							"pivot": [-6.7, 18.72178, 1.53585],
							"rotation": [-55, 0, 0],
							"uv": {
								"north": {"uv": [22, 22], "uv_size": [0.5, 1.5]},
								"east": {"uv": [18, 12], "uv_size": [1.5, 1.5]},
								"south": {"uv": [0, 23], "uv_size": [0.5, 1.5]},
								"west": {"uv": [18, 14], "uv_size": [1.5, 1.5]},
								"up": {"uv": [23, 0], "uv_size": [0.5, 1.5]},
								"down": {"uv": [23, 5.5], "uv_size": [0.5, -1.5]}
							}
						},
						{
							"origin": [-6.9, 16.34757, 0.26184],
							"size": [0.4, 1.16857, 0.61761],
							"pivot": [-6.7, 18.72178, 1.53585],
							"rotation": [-45, 0, 0],
							"uv": {
								"north": {"uv": [12, 23], "uv_size": [0.5, 1.25]},
								"east": {"uv": [23, 12], "uv_size": [0.5, 1.25]},
								"south": {"uv": [13, 23], "uv_size": [0.5, 1.25]},
								"west": {"uv": [23, 14], "uv_size": [0.5, 1.25]},
								"up": {"uv": [25, 10], "uv_size": [0.5, 0.5]},
								"down": {"uv": [11, 25.5], "uv_size": [0.5, -0.5]}
							}
						},
						{
							"origin": [-6.8, 16.06272, 0.16184],
							"size": [0.2, 0.28485, 0.63276],
							"pivot": [-6.8, 18.52178, 1.53585],
							"rotation": [-45, 0, 0],
							"uv": {
								"north": {"uv": [27, 17], "uv_size": [0.25, 0.25]},
								"east": {"uv": [18, 25], "uv_size": [0.75, 0.25]},
								"south": {"uv": [18, 27], "uv_size": [0.25, 0.25]},
								"west": {"uv": [25, 18], "uv_size": [0.75, 0.25]},
								"up": {"uv": [19, 25], "uv_size": [0.25, 0.75]},
								"down": {"uv": [25, 19.75], "uv_size": [0.25, -0.75]}
							}
						},
						{
							"origin": [-6.9, 17.55433, 0.07888],
							"size": [0.4, 2.16857, 0.61761],
							"pivot": [-6.7, 18.13862, 0.38769],
							"rotation": [-90, 0, 0],
							"uv": {
								"north": {"uv": [20, 15], "uv_size": [0.5, 2.25]},
								"east": {"uv": [20, 18], "uv_size": [0.5, 2.25]},
								"south": {"uv": [21, 0], "uv_size": [0.5, 2.25]},
								"west": {"uv": [21, 6], "uv_size": [0.5, 2.25]},
								"up": {"uv": [25, 11], "uv_size": [0.5, 0.5]},
								"down": {"uv": [12, 25.5], "uv_size": [0.5, -0.5]}
							}
						},
						{
							"origin": [-6.9, 17.15433, 9.77888],
							"size": [0.4, 0.86857, 0.71761],
							"pivot": [-6.7, 17.23862, 10.08769],
							"rotation": [-90, 0, 0],
							"uv": {
								"north": {"uv": [18, 24], "uv_size": [0.5, 0.75]},
								"east": {"uv": [24, 0], "uv_size": [0.75, 0.75]},
								"south": {"uv": [24, 18], "uv_size": [0.5, 0.75]},
								"west": {"uv": [24, 1], "uv_size": [0.75, 0.75]},
								"up": {"uv": [19, 24], "uv_size": [0.5, 0.75]},
								"down": {"uv": [24, 19.75], "uv_size": [0.5, -0.75]}
							}
						},
						{
							"origin": [-6.9, 8.9864, 6.75],
							"size": [0.4, 0.9, 0.9],
							"pivot": [-6.7, 9.4364, 7.2],
							"rotation": [45, 0, 0],
							"uv": {
								"north": {"uv": [24, 4], "uv_size": [0.5, 1]},
								"east": {"uv": [19, 10], "uv_size": [1, 1]},
								"south": {"uv": [5, 24], "uv_size": [0.5, 1]},
								"west": {"uv": [19, 11], "uv_size": [1, 1]},
								"up": {"uv": [24, 5], "uv_size": [0.5, 1]},
								"down": {"uv": [24, 7], "uv_size": [0.5, -1]}
							}
						},
						{
							"origin": [-6.9, 8.9864, 4.95],
							"size": [0.4, 0.9, 0.9],
							"pivot": [-6.7, 9.4364, 5.4],
							"rotation": [45, 0, 0],
							"uv": {
								"north": {"uv": [24, 7], "uv_size": [0.5, 1]},
								"east": {"uv": [20, 2], "uv_size": [1, 1]},
								"south": {"uv": [8, 24], "uv_size": [0.5, 1]},
								"west": {"uv": [18, 21], "uv_size": [1, 1]},
								"up": {"uv": [9, 24], "uv_size": [0.5, 1]},
								"down": {"uv": [10, 25], "uv_size": [0.5, -1]}
							}
						},
						{
							"origin": [-6.9, -1.0136, 6.75],
							"size": [0.4, 0.9, 0.9],
							"pivot": [-6.7, -0.5636, 7.2],
							"rotation": [45, 0, 0],
							"uv": {
								"north": {"uv": [24, 13], "uv_size": [0.5, 1]},
								"east": {"uv": [21, 21], "uv_size": [1, 1]},
								"south": {"uv": [14, 24], "uv_size": [0.5, 1]},
								"west": {"uv": [0, 22], "uv_size": [1, 1]},
								"up": {"uv": [24, 14], "uv_size": [0.5, 1]},
								"down": {"uv": [15, 25], "uv_size": [0.5, -1]}
							}
						},
						{
							"origin": [-6.9, -1.0136, 4.95],
							"size": [0.4, 0.9, 0.9],
							"pivot": [-6.7, -0.5636, 5.4],
							"rotation": [45, 0, 0],
							"uv": {
								"north": {"uv": [24, 10], "uv_size": [0.5, 1]},
								"east": {"uv": [20, 21], "uv_size": [1, 1]},
								"south": {"uv": [11, 24], "uv_size": [0.5, 1]},
								"west": {"uv": [21, 20], "uv_size": [1, 1]},
								"up": {"uv": [24, 11], "uv_size": [0.5, 1]},
								"down": {"uv": [24, 13], "uv_size": [0.5, -1]}
							}
						}
					]
				},
				{
					"name": "axe_3",
					"parent": "root",
					"pivot": [-10.5, 1, -3.6],
					"rotation": [-153.47888, 0.4826, -94.73903]
				},
				{
					"name": "default_gun3",
					"parent": "axe_3",
					"pivot": [-10.5, 6, -3.6]
				},
				{
					"name": "body3",
					"parent": "default_gun3",
					"pivot": [-10.5156, 13.75198, -4.58395],
					"rotation": [0, 180, 0],
					"cubes": [
						{
							"origin": [-10.7, 2.7, -10.1],
							"size": [0.4, 1.8, 18],
							"pivot": [-10.5, 3.6, -5.6],
							"rotation": [90, 0, 0],
							"uv": {
								"north": {"uv": [22, 6], "uv_size": [0.5, 1.75]},
								"east": {"uv": [0, 0], "uv_size": [18, 1.75]},
								"south": {"uv": [8, 22], "uv_size": [0.5, 1.75]},
								"west": {"uv": [0, 2], "uv_size": [18, 1.75]},
								"up": {"uv": [6, 10], "uv_size": [0.5, 18]},
								"down": {"uv": [7, 28], "uv_size": [0.5, -18]}
							}
						},
						{
							"origin": [-11.1, 2.3, -9.1],
							"size": [1.2, 2.6, 9.3],
							"pivot": [-10.5, 3.6, -5.6],
							"rotation": [90, 0, 0],
							"uv": {
								"north": {"uv": [9, 13], "uv_size": [1.25, 2.5]},
								"east": {"uv": [0, 4], "uv_size": [9, 2.5]},
								"south": {"uv": [9, 16], "uv_size": [1.25, 2.5]},
								"west": {"uv": [0, 7], "uv_size": [9, 2.5]},
								"up": {"uv": [9, 4], "uv_size": [1.25, 9]},
								"down": {"uv": [0, 19], "uv_size": [1.25, -9]}
							}
						},
						{
							"origin": [-10.7, 16.67071, -6.7364],
							"size": [0.4, 2.27279, 2.27279],
							"pivot": [-10.5, 17.80711, -5.6],
							"rotation": [45, 0, 0],
							"uv": {
								"north": {"uv": [19, 19], "uv_size": [0.5, 2.25]},
								"east": {"uv": [12, 6], "uv_size": [2.25, 2.25]},
								"south": {"uv": [20, 6], "uv_size": [0.5, 2.25]},
								"west": {"uv": [12, 9], "uv_size": [2.25, 2.25]},
								"up": {"uv": [20, 9], "uv_size": [0.5, 2.25]},
								"down": {"uv": [12, 22.25], "uv_size": [0.5, -2.25]}
							}
						},
						{
							"origin": [-10.7, 17.80711, -12.50711],
							"size": [0.4, 0.5, 12.11421],
							"uv": {
								"north": {"uv": [8, 25], "uv_size": [0.5, 0.5]},
								"east": {"uv": [11, 4], "uv_size": [12, 0.5]},
								"south": {"uv": [25, 8], "uv_size": [0.5, 0.5]},
								"west": {"uv": [11, 5], "uv_size": [12, 0.5]},
								"up": {"uv": [8, 10], "uv_size": [0.5, 12]},
								"down": {"uv": [11, 18], "uv_size": [0.5, -12]}
							}
						},
						{
							"origin": [-10.6, 17.60711, -12.62711],
							"size": [0.2, 0.2, 4.23421],
							"uv": {
								"north": {"uv": [27, 16], "uv_size": [0.25, 0.25]},
								"east": {"uv": [20, 3], "uv_size": [4.25, 0.25]},
								"south": {"uv": [17, 27], "uv_size": [0.25, 0.25]},
								"west": {"uv": [21, 9], "uv_size": [4.25, 0.25]},
								"up": {"uv": [21, 10], "uv_size": [0.25, 4.25]},
								"down": {"uv": [21, 19.25], "uv_size": [0.25, -4.25]}
							}
						},
						{
							"origin": [-10.6, 18.17025, -8.50015],
							"size": [0.2, 0.2, 0.81421],
							"pivot": [-10.5, 18.27025, -6.44304],
							"rotation": [16, 0, 0],
							"uv": {
								"north": {"uv": [27, 18], "uv_size": [0.25, 0.25]},
								"east": {"uv": [20, 25], "uv_size": [0.75, 0.25]},
								"south": {"uv": [19, 27], "uv_size": [0.25, 0.25]},
								"west": {"uv": [25, 20], "uv_size": [0.75, 0.25]},
								"up": {"uv": [21, 25], "uv_size": [0.25, 0.75]},
								"down": {"uv": [25, 21.75], "uv_size": [0.25, -0.75]}
							}
						},
						{
							"origin": [-10.7, 15.4292, -3.63918],
							"size": [0.4, 1, 3.5],
							"pivot": [-10.5, 15.9974, -1.03208],
							"rotation": [-55, 0, 0],
							"uv": {
								"north": {"uv": [24, 15], "uv_size": [0.5, 1]},
								"east": {"uv": [15, 16], "uv_size": [3.5, 1]},
								"south": {"uv": [16, 24], "uv_size": [0.5, 1]},
								"west": {"uv": [2, 17], "uv_size": [3.5, 1]},
								"up": {"uv": [14, 18], "uv_size": [0.5, 3.5]},
								"down": {"uv": [18, 20.5], "uv_size": [0.5, -3.5]}
							}
						},
						{
							"origin": [-10.7, 16.12178, -0.70847],
							"size": [0.4, 1.7, 2.5],
							"pivot": [-10.5, 17.32178, 0.04153],
							"rotation": [-112.5, 0, 0],
							"uv": {
								"north": {"uv": [9, 22], "uv_size": [0.5, 1.75]},
								"east": {"uv": [15, 6], "uv_size": [2.5, 1.75]},
								"south": {"uv": [10, 22], "uv_size": [0.5, 1.75]},
								"west": {"uv": [15, 8], "uv_size": [2.5, 1.75]},
								"up": {"uv": [15, 19], "uv_size": [0.5, 2.5]},
								"down": {"uv": [16, 21.5], "uv_size": [0.5, -2.5]}
							}
						},
						{
							"origin": [-10.7, 18.07335, -0.95952],
							"size": [0.4, 1.5, 2.5],
							"pivot": [-10.5, 19.07335, 0.29048],
							"rotation": [-90, 0, 0],
							"uv": {
								"north": {"uv": [14, 22], "uv_size": [0.5, 1.5]},
								"east": {"uv": [15, 14], "uv_size": [2.5, 1.5]},
								"south": {"uv": [22, 14], "uv_size": [0.5, 1.5]},
								"west": {"uv": [12, 16], "uv_size": [2.5, 1.5]},
								"up": {"uv": [19, 16], "uv_size": [0.5, 2.5]},
								"down": {"uv": [17, 21.5], "uv_size": [0.5, -2.5]}
							}
						},
						{
							"origin": [-10.7, 20.38686, -0.39981],
							"size": [0.4, 1.4, 1.5],
							"pivot": [-10.5, 21.28686, -0.14981],
							"rotation": [-67.5, 0, 0],
							"uv": {
								"north": {"uv": [15, 22], "uv_size": [0.5, 1.5]},
								"east": {"uv": [18, 2], "uv_size": [1.5, 1.5]},
								"south": {"uv": [16, 22], "uv_size": [0.5, 1.5]},
								"west": {"uv": [12, 18], "uv_size": [1.5, 1.5]},
								"up": {"uv": [22, 16], "uv_size": [0.5, 1.5]},
								"down": {"uv": [17, 23.5], "uv_size": [0.5, -1.5]}
							}
						},
						{
							"origin": [-10.6, 15.4292, -0.23918],
							"size": [0.2, 1, 0.3],
							"pivot": [-10.5, 15.9974, -0.83208],
							"rotation": [-55, 0, 0],
							"uv": {
								"north": {"uv": [25, 15], "uv_size": [0.25, 1]},
								"east": {"uv": [16, 25], "uv_size": [0.25, 1]},
								"south": {"uv": [25, 16], "uv_size": [0.25, 1]},
								"west": {"uv": [25, 17], "uv_size": [0.25, 1]},
								"up": {"uv": [27, 15], "uv_size": [0.25, 0.25]},
								"down": {"uv": [16, 27.25], "uv_size": [0.25, -0.25]}
							}
						},
						{
							"origin": [-10.6, 17.52178, -0.50847],
							"size": [0.2, 0.3, 2.5],
							"pivot": [-10.5, 17.32178, 0.24153],
							"rotation": [-112.5, 0, 0],
							"uv": {
								"north": {"uv": [27, 14], "uv_size": [0.25, 0.25]},
								"east": {"uv": [23, 22], "uv_size": [2.5, 0.25]},
								"south": {"uv": [15, 27], "uv_size": [0.25, 0.25]},
								"west": {"uv": [23, 23], "uv_size": [2.5, 0.25]},
								"up": {"uv": [1, 24], "uv_size": [0.25, 2.5]},
								"down": {"uv": [4, 26.5], "uv_size": [0.25, -2.5]}
							}
						},
						{
							"origin": [-10.6, 19.27335, -0.75952],
							"size": [0.2, 0.3, 2.5],
							"pivot": [-10.5, 19.07335, 0.49048],
							"rotation": [-90, 0, 0],
							"uv": {
								"north": {"uv": [27, 13], "uv_size": [0.25, 0.25]},
								"east": {"uv": [22, 2], "uv_size": [2.5, 0.25]},
								"south": {"uv": [14, 27], "uv_size": [0.25, 0.25]},
								"west": {"uv": [22, 8], "uv_size": [2.5, 0.25]},
								"up": {"uv": [23, 16], "uv_size": [0.25, 2.5]},
								"down": {"uv": [23, 21.5], "uv_size": [0.25, -2.5]}
							}
						},
						{
							"origin": [-10.6, 21.48686, -0.19981],
							"size": [0.2, 0.3, 1.5],
							"pivot": [-10.5, 21.28686, 0.05019],
							"rotation": [-67.5, 0, 0],
							"uv": {
								"north": {"uv": [27, 12], "uv_size": [0.25, 0.25]},
								"east": {"uv": [25, 4], "uv_size": [1.5, 0.25]},
								"south": {"uv": [13, 27], "uv_size": [0.25, 0.25]},
								"west": {"uv": [25, 5], "uv_size": [1.5, 0.25]},
								"up": {"uv": [5, 25], "uv_size": [0.25, 1.5]},
								"down": {"uv": [25, 7.5], "uv_size": [0.25, -1.5]}
							}
						},
						{
							"origin": [-10.7, 19.60106, -1.81959],
							"size": [0.4, 1.7, 0.3],
							"pivot": [-10.5, 20.50106, -1.06959],
							"rotation": [-80, 0, 0],
							"uv": {
								"north": {"uv": [22, 10], "uv_size": [0.5, 1.75]},
								"east": {"uv": [24, 16], "uv_size": [0.25, 1.75]},
								"south": {"uv": [22, 12], "uv_size": [0.5, 1.75]},
								"west": {"uv": [17, 24], "uv_size": [0.25, 1.75]},
								"up": {"uv": [22, 25], "uv_size": [0.5, 0.25]},
								"down": {"uv": [23, 25.25], "uv_size": [0.5, -0.25]}
							}
						},
						{
							"origin": [-10.7, 17.33338, -4.33615],
							"size": [0.4, 6.1, 0.40196],
							"pivot": [-10.5, 20.33338, -3.58615],
							"rotation": [-90, 0, 0],
							"uv": {
								"north": {"uv": [4, 18], "uv_size": [0.5, 6]},
								"east": {"uv": [5, 18], "uv_size": [0.5, 6]},
								"south": {"uv": [18, 6], "uv_size": [0.5, 6]},
								"west": {"uv": [11, 18], "uv_size": [0.5, 6]},
								"up": {"uv": [9, 25], "uv_size": [0.5, 0.5]},
								"down": {"uv": [10, 25.5], "uv_size": [0.5, -0.5]}
							}
						},
						{
							"origin": [-10.7, 22.93338, -3.93419],
							"size": [0.4, 0.59326, 0.84804],
							"pivot": [-10.5, 20.33338, -3.58615],
							"rotation": [-90, 0, 0],
							"uv": {
								"north": {"uv": [25, 12], "uv_size": [0.5, 0.5]},
								"east": {"uv": [20, 24], "uv_size": [0.75, 0.5]},
								"south": {"uv": [13, 25], "uv_size": [0.5, 0.5]},
								"west": {"uv": [24, 20], "uv_size": [0.75, 0.5]},
								"up": {"uv": [21, 24], "uv_size": [0.5, 0.75]},
								"down": {"uv": [24, 21.75], "uv_size": [0.5, -0.75]}
							}
						},
						{
							"origin": [-10.7, 20.0818, -2.34967],
							"size": [0.4, 0.3, 0.3],
							"pivot": [-10.5, 20.37843, -1.90065],
							"rotation": [-135, 0, 0],
							"uv": {
								"north": {"uv": [24, 25], "uv_size": [0.5, 0.25]},
								"east": {"uv": [26, 26], "uv_size": [0.25, 0.25]},
								"south": {"uv": [25, 24], "uv_size": [0.5, 0.25]},
								"west": {"uv": [0, 27], "uv_size": [0.25, 0.25]},
								"up": {"uv": [25, 25], "uv_size": [0.5, 0.25]},
								"down": {"uv": [0, 26.25], "uv_size": [0.5, -0.25]}
							}
						},
						{
							"origin": [-10.7, 20.0818, -1.54293],
							"size": [0.4, 0.3, 0.3],
							"pivot": [-10.5, 20.37843, -1.09391],
							"rotation": [-135, 0, 0],
							"uv": {
								"north": {"uv": [10, 26], "uv_size": [0.5, 0.25]},
								"east": {"uv": [27, 3], "uv_size": [0.25, 0.25]},
								"south": {"uv": [26, 10], "uv_size": [0.5, 0.25]},
								"west": {"uv": [4, 27], "uv_size": [0.25, 0.25]},
								"up": {"uv": [11, 26], "uv_size": [0.5, 0.25]},
								"down": {"uv": [26, 11.25], "uv_size": [0.5, -0.25]}
							}
						},
						{
							"origin": [-10.7, 20.0818, -2.94293],
							"size": [0.4, 0.3, 0.3],
							"pivot": [-10.5, 20.37843, -2.49391],
							"rotation": [-135, 0, 0],
							"uv": {
								"north": {"uv": [26, 0], "uv_size": [0.5, 0.25]},
								"east": {"uv": [27, 0], "uv_size": [0.25, 0.25]},
								"south": {"uv": [26, 1], "uv_size": [0.5, 0.25]},
								"west": {"uv": [1, 27], "uv_size": [0.25, 0.25]},
								"up": {"uv": [2, 26], "uv_size": [0.5, 0.25]},
								"down": {"uv": [26, 2.25], "uv_size": [0.5, -0.25]}
							}
						},
						{
							"origin": [-10.7, 20.0818, -4.34293],
							"size": [0.4, 0.3, 0.3],
							"pivot": [-10.5, 20.37843, -3.89391],
							"rotation": [-135, 0, 0],
							"uv": {
								"north": {"uv": [8, 26], "uv_size": [0.5, 0.25]},
								"east": {"uv": [27, 2], "uv_size": [0.25, 0.25]},
								"south": {"uv": [26, 8], "uv_size": [0.5, 0.25]},
								"west": {"uv": [3, 27], "uv_size": [0.25, 0.25]},
								"up": {"uv": [9, 26], "uv_size": [0.5, 0.25]},
								"down": {"uv": [26, 9.25], "uv_size": [0.5, -0.25]}
							}
						},
						{
							"origin": [-10.7, 20.0818, -5.14967],
							"size": [0.4, 0.3, 0.3],
							"pivot": [-10.5, 20.37843, -4.70065],
							"rotation": [-135, 0, 0],
							"uv": {
								"north": {"uv": [24, 26], "uv_size": [0.5, 0.25]},
								"east": {"uv": [27, 11], "uv_size": [0.25, 0.25]},
								"south": {"uv": [26, 24], "uv_size": [0.5, 0.25]},
								"west": {"uv": [12, 27], "uv_size": [0.25, 0.25]},
								"up": {"uv": [25, 26], "uv_size": [0.5, 0.25]},
								"down": {"uv": [26, 25.25], "uv_size": [0.5, -0.25]}
							}
						},
						{
							"origin": [-10.7, 20.0818, -3.74967],
							"size": [0.4, 0.3, 0.3],
							"pivot": [-10.5, 20.37843, -3.30065],
							"rotation": [-135, 0, 0],
							"uv": {
								"north": {"uv": [3, 26], "uv_size": [0.5, 0.25]},
								"east": {"uv": [27, 1], "uv_size": [0.25, 0.25]},
								"south": {"uv": [26, 3], "uv_size": [0.5, 0.25]},
								"west": {"uv": [2, 27], "uv_size": [0.25, 0.25]},
								"up": {"uv": [26, 6], "uv_size": [0.5, 0.25]},
								"down": {"uv": [26, 7.25], "uv_size": [0.5, -0.25]}
							}
						},
						{
							"origin": [-10.7, 19.2095, -1.54293],
							"size": [0.4, 0.3, 0.3],
							"pivot": [-10.5, 19.50613, -1.09391],
							"rotation": [-135, 0, 0],
							"uv": {
								"north": {"uv": [22, 26], "uv_size": [0.5, 0.25]},
								"east": {"uv": [27, 10], "uv_size": [0.25, 0.25]},
								"south": {"uv": [26, 22], "uv_size": [0.5, 0.25]},
								"west": {"uv": [11, 27], "uv_size": [0.25, 0.25]},
								"up": {"uv": [23, 26], "uv_size": [0.5, 0.25]},
								"down": {"uv": [26, 23.25], "uv_size": [0.5, -0.25]}
							}
						},
						{
							"origin": [-10.7, 19.2095, -2.34967],
							"size": [0.4, 0.3, 0.3],
							"pivot": [-10.5, 19.50613, -1.90065],
							"rotation": [-135, 0, 0],
							"uv": {
								"north": {"uv": [20, 26], "uv_size": [0.5, 0.25]},
								"east": {"uv": [27, 9], "uv_size": [0.25, 0.25]},
								"south": {"uv": [26, 20], "uv_size": [0.5, 0.25]},
								"west": {"uv": [10, 27], "uv_size": [0.25, 0.25]},
								"up": {"uv": [21, 26], "uv_size": [0.5, 0.25]},
								"down": {"uv": [26, 21.25], "uv_size": [0.5, -0.25]}
							}
						},
						{
							"origin": [-10.7, 19.2095, -2.94293],
							"size": [0.4, 0.3, 0.3],
							"pivot": [-10.5, 19.50613, -2.49391],
							"rotation": [-135, 0, 0],
							"uv": {
								"north": {"uv": [18, 26], "uv_size": [0.5, 0.25]},
								"east": {"uv": [27, 8], "uv_size": [0.25, 0.25]},
								"south": {"uv": [26, 18], "uv_size": [0.5, 0.25]},
								"west": {"uv": [9, 27], "uv_size": [0.25, 0.25]},
								"up": {"uv": [19, 26], "uv_size": [0.5, 0.25]},
								"down": {"uv": [26, 19.25], "uv_size": [0.5, -0.25]}
							}
						},
						{
							"origin": [-10.7, 19.2095, -3.74967],
							"size": [0.4, 0.3, 0.3],
							"pivot": [-10.5, 19.50613, -3.30065],
							"rotation": [-135, 0, 0],
							"uv": {
								"north": {"uv": [16, 26], "uv_size": [0.5, 0.25]},
								"east": {"uv": [27, 7], "uv_size": [0.25, 0.25]},
								"south": {"uv": [26, 16], "uv_size": [0.5, 0.25]},
								"west": {"uv": [8, 27], "uv_size": [0.25, 0.25]},
								"up": {"uv": [17, 26], "uv_size": [0.5, 0.25]},
								"down": {"uv": [26, 17.25], "uv_size": [0.5, -0.25]}
							}
						},
						{
							"origin": [-10.7, 19.2095, -4.34293],
							"size": [0.4, 0.3, 0.3],
							"pivot": [-10.5, 19.50613, -3.89391],
							"rotation": [-135, 0, 0],
							"uv": {
								"north": {"uv": [14, 26], "uv_size": [0.5, 0.25]},
								"east": {"uv": [27, 5], "uv_size": [0.25, 0.25]},
								"south": {"uv": [26, 14], "uv_size": [0.5, 0.25]},
								"west": {"uv": [27, 6], "uv_size": [0.25, 0.25]},
								"up": {"uv": [15, 26], "uv_size": [0.5, 0.25]},
								"down": {"uv": [26, 15.25], "uv_size": [0.5, -0.25]}
							}
						},
						{
							"origin": [-10.7, 19.2095, -5.14967],
							"size": [0.4, 0.3, 0.3],
							"pivot": [-10.5, 19.50613, -4.70065],
							"rotation": [-135, 0, 0],
							"uv": {
								"north": {"uv": [12, 26], "uv_size": [0.5, 0.25]},
								"east": {"uv": [27, 4], "uv_size": [0.25, 0.25]},
								"south": {"uv": [26, 12], "uv_size": [0.5, 0.25]},
								"west": {"uv": [5, 27], "uv_size": [0.25, 0.25]},
								"up": {"uv": [13, 26], "uv_size": [0.5, 0.25]},
								"down": {"uv": [26, 13.25], "uv_size": [0.5, -0.25]}
							}
						},
						{
							"origin": [-10.7, 19.93577, -2.53854],
							"size": [0.4, 0.59326, 0.84804],
							"pivot": [-10.5, 20.2324, -2.08952],
							"rotation": [-90, 0, 0],
							"uv": {
								"north": {"uv": [25, 14], "uv_size": [0.5, 0.5]},
								"east": {"uv": [2, 25], "uv_size": [0.75, 0.5]},
								"south": {"uv": [15, 25], "uv_size": [0.5, 0.5]},
								"west": {"uv": [25, 2], "uv_size": [0.75, 0.5]},
								"up": {"uv": [3, 25], "uv_size": [0.5, 0.75]},
								"down": {"uv": [25, 3.75], "uv_size": [0.5, -0.75]}
							}
						},
						{
							"origin": [-10.7, 19.93577, -3.93854],
							"size": [0.4, 0.59326, 0.84804],
							"pivot": [-10.5, 20.2324, -3.48952],
							"rotation": [-90, 0, 0],
							"uv": {
								"north": {"uv": [25, 13], "uv_size": [0.5, 0.5]},
								"east": {"uv": [22, 24], "uv_size": [0.75, 0.5]},
								"south": {"uv": [14, 25], "uv_size": [0.5, 0.5]},
								"west": {"uv": [23, 24], "uv_size": [0.75, 0.5]},
								"up": {"uv": [24, 24], "uv_size": [0.5, 0.75]},
								"down": {"uv": [0, 25.75], "uv_size": [0.5, -0.75]}
							}
						},
						{
							"origin": [-10.7, 18.53577, -5.33854],
							"size": [0.4, 1.99326, 0.84804],
							"pivot": [-10.5, 20.2324, -4.88952],
							"rotation": [-90, 0, 0],
							"uv": {
								"north": {"uv": [22, 0], "uv_size": [0.5, 2]},
								"east": {"uv": [19, 6], "uv_size": [0.75, 2]},
								"south": {"uv": [1, 22], "uv_size": [0.5, 2]},
								"west": {"uv": [19, 8], "uv_size": [0.75, 2]},
								"up": {"uv": [25, 0], "uv_size": [0.5, 0.75]},
								"down": {"uv": [25, 1.75], "uv_size": [0.5, -0.75]}
							}
						},
						{
							"origin": [-10.7, 16.03338, -4.38615],
							"size": [0.4, 6.19326, 1.52627],
							"pivot": [-10.5, 19.03338, -3.58615],
							"rotation": [-90, 0, 0],
							"uv": {
								"north": {"uv": [2, 18], "uv_size": [0.5, 6.25]},
								"east": {"uv": [2, 10], "uv_size": [1.5, 6.25]},
								"south": {"uv": [3, 18], "uv_size": [0.5, 6.25]},
								"west": {"uv": [4, 10], "uv_size": [1.5, 6.25]},
								"up": {"uv": [23, 6], "uv_size": [0.5, 1.5]},
								"down": {"uv": [23, 11.5], "uv_size": [0.5, -1.5]}
							}
						},
						{
							"origin": [-10.7, 20.89013, -9.51222],
							"size": [0.4, 1.5, 3],
							"pivot": [-10.5, 20.14013, -8.76222],
							"rotation": [-85, 0, 0],
							"uv": {
								"north": {"uv": [18, 22], "uv_size": [0.5, 1.5]},
								"east": {"uv": [12, 12], "uv_size": [3, 1.5]},
								"south": {"uv": [22, 18], "uv_size": [0.5, 1.5]},
								"west": {"uv": [12, 14], "uv_size": [3, 1.5]},
								"up": {"uv": [0, 19], "uv_size": [0.5, 3]},
								"down": {"uv": [1, 22], "uv_size": [0.5, -3]}
							}
						},
						{
							"origin": [-10.7, 20.22741, -11.63816],
							"size": [0.4, 1.5, 2.7],
							"pivot": [-10.5, 19.02178, -10.36415],
							"rotation": [-75, 0, 0],
							"uv": {
								"north": {"uv": [19, 22], "uv_size": [0.5, 1.5]},
								"east": {"uv": [15, 10], "uv_size": [2.75, 1.5]},
								"south": {"uv": [20, 22], "uv_size": [0.5, 1.5]},
								"west": {"uv": [15, 12], "uv_size": [2.75, 1.5]},
								"up": {"uv": [9, 19], "uv_size": [0.5, 2.75]},
								"down": {"uv": [10, 21.75], "uv_size": [0.5, -2.75]}
							}
						},
						{
							"origin": [-10.7, 18.93032, -11.40945],
							"size": [0.4, 1.5, 2.3],
							"pivot": [-10.5, 19.02178, -10.36415],
							"rotation": [-65, 0, 0],
							"uv": {
								"north": {"uv": [22, 20], "uv_size": [0.5, 1.5]},
								"east": {"uv": [15, 17], "uv_size": [2.25, 1.5]},
								"south": {"uv": [21, 22], "uv_size": [0.5, 1.5]},
								"west": {"uv": [18, 0], "uv_size": [2.25, 1.5]},
								"up": {"uv": [20, 12], "uv_size": [0.5, 2.25]},
								"down": {"uv": [13, 22.25], "uv_size": [0.5, -2.25]}
							}
						},
						{
							"origin": [-10.7, 17.61323, -11.40945],
							"size": [0.4, 1.5, 1.5],
							"pivot": [-10.5, 19.02178, -10.36415],
							"rotation": [-55, 0, 0],
							"uv": {
								"north": {"uv": [22, 22], "uv_size": [0.5, 1.5]},
								"east": {"uv": [18, 12], "uv_size": [1.5, 1.5]},
								"south": {"uv": [0, 23], "uv_size": [0.5, 1.5]},
								"west": {"uv": [18, 14], "uv_size": [1.5, 1.5]},
								"up": {"uv": [23, 0], "uv_size": [0.5, 1.5]},
								"down": {"uv": [23, 5.5], "uv_size": [0.5, -1.5]}
							}
						},
						{
							"origin": [-10.7, 16.64757, -11.63816],
							"size": [0.4, 1.16857, 0.61761],
							"pivot": [-10.5, 19.02178, -10.36415],
							"rotation": [-45, 0, 0],
							"uv": {
								"north": {"uv": [12, 23], "uv_size": [0.5, 1.25]},
								"east": {"uv": [23, 12], "uv_size": [0.5, 1.25]},
								"south": {"uv": [13, 23], "uv_size": [0.5, 1.25]},
								"west": {"uv": [23, 14], "uv_size": [0.5, 1.25]},
								"up": {"uv": [25, 10], "uv_size": [0.5, 0.5]},
								"down": {"uv": [11, 25.5], "uv_size": [0.5, -0.5]}
							}
						},
						{
							"origin": [-10.6, 16.36272, -11.73816],
							"size": [0.2, 0.28485, 0.63276],
							"pivot": [-10.6, 18.82178, -10.36415],
							"rotation": [-45, 0, 0],
							"uv": {
								"north": {"uv": [27, 17], "uv_size": [0.25, 0.25]},
								"east": {"uv": [18, 25], "uv_size": [0.75, 0.25]},
								"south": {"uv": [18, 27], "uv_size": [0.25, 0.25]},
								"west": {"uv": [25, 18], "uv_size": [0.75, 0.25]},
								"up": {"uv": [19, 25], "uv_size": [0.25, 0.75]},
								"down": {"uv": [25, 19.75], "uv_size": [0.25, -0.75]}
							}
						},
						{
							"origin": [-10.7, 17.85433, -11.82112],
							"size": [0.4, 2.16857, 0.61761],
							"pivot": [-10.5, 18.43862, -11.51231],
							"rotation": [-90, 0, 0],
							"uv": {
								"north": {"uv": [20, 15], "uv_size": [0.5, 2.25]},
								"east": {"uv": [20, 18], "uv_size": [0.5, 2.25]},
								"south": {"uv": [21, 0], "uv_size": [0.5, 2.25]},
								"west": {"uv": [21, 6], "uv_size": [0.5, 2.25]},
								"up": {"uv": [25, 11], "uv_size": [0.5, 0.5]},
								"down": {"uv": [12, 25.5], "uv_size": [0.5, -0.5]}
							}
						},
						{
							"origin": [-10.7, 17.45433, -2.12112],
							"size": [0.4, 0.86857, 0.71761],
							"pivot": [-10.5, 17.53862, -1.81231],
							"rotation": [-90, 0, 0],
							"uv": {
								"north": {"uv": [18, 24], "uv_size": [0.5, 0.75]},
								"east": {"uv": [24, 0], "uv_size": [0.75, 0.75]},
								"south": {"uv": [24, 18], "uv_size": [0.5, 0.75]},
								"west": {"uv": [24, 1], "uv_size": [0.75, 0.75]},
								"up": {"uv": [19, 24], "uv_size": [0.5, 0.75]},
								"down": {"uv": [24, 19.75], "uv_size": [0.5, -0.75]}
							}
						},
						{
							"origin": [-10.7, 9.2864, -5.15],
							"size": [0.4, 0.9, 0.9],
							"pivot": [-10.5, 9.7364, -4.7],
							"rotation": [45, 0, 0],
							"uv": {
								"north": {"uv": [24, 4], "uv_size": [0.5, 1]},
								"east": {"uv": [19, 10], "uv_size": [1, 1]},
								"south": {"uv": [5, 24], "uv_size": [0.5, 1]},
								"west": {"uv": [19, 11], "uv_size": [1, 1]},
								"up": {"uv": [24, 5], "uv_size": [0.5, 1]},
								"down": {"uv": [24, 7], "uv_size": [0.5, -1]}
							}
						},
						{
							"origin": [-10.7, 9.2864, -6.95],
							"size": [0.4, 0.9, 0.9],
							"pivot": [-10.5, 9.7364, -6.5],
							"rotation": [45, 0, 0],
							"uv": {
								"north": {"uv": [24, 7], "uv_size": [0.5, 1]},
								"east": {"uv": [20, 2], "uv_size": [1, 1]},
								"south": {"uv": [8, 24], "uv_size": [0.5, 1]},
								"west": {"uv": [18, 21], "uv_size": [1, 1]},
								"up": {"uv": [9, 24], "uv_size": [0.5, 1]},
								"down": {"uv": [10, 25], "uv_size": [0.5, -1]}
							}
						},
						{
							"origin": [-10.7, -0.7136, -5.15],
							"size": [0.4, 0.9, 0.9],
							"pivot": [-10.5, -0.2636, -4.7],
							"rotation": [45, 0, 0],
							"uv": {
								"north": {"uv": [24, 13], "uv_size": [0.5, 1]},
								"east": {"uv": [21, 21], "uv_size": [1, 1]},
								"south": {"uv": [14, 24], "uv_size": [0.5, 1]},
								"west": {"uv": [0, 22], "uv_size": [1, 1]},
								"up": {"uv": [24, 14], "uv_size": [0.5, 1]},
								"down": {"uv": [15, 25], "uv_size": [0.5, -1]}
							}
						},
						{
							"origin": [-10.7, -0.7136, -6.95],
							"size": [0.4, 0.9, 0.9],
							"pivot": [-10.5, -0.2636, -6.5],
							"rotation": [45, 0, 0],
							"uv": {
								"north": {"uv": [24, 10], "uv_size": [0.5, 1]},
								"east": {"uv": [20, 21], "uv_size": [1, 1]},
								"south": {"uv": [11, 24], "uv_size": [0.5, 1]},
								"west": {"uv": [21, 20], "uv_size": [1, 1]},
								"up": {"uv": [24, 11], "uv_size": [0.5, 1]},
								"down": {"uv": [24, 13], "uv_size": [0.5, -1]}
							}
						}
					]
				},
				{
					"name": "positioning",
					"pivot": [0, 4, 4]
				},
				{
					"name": "ground",
					"parent": "positioning",
					"pivot": [0, 0, 0]
				},
				{
					"name": "fixed",
					"parent": "positioning",
					"pivot": [0, 1.3, 0],
					"rotation": [0, 90, 0]
				}
			]
		}
	]
}